material_id,split,true_log10_K,pred_log10_K,true_log10_G,pred_log10_G
mb-01199,train,1.8920946,1.9002106,1.462398,1.5250455
mb-02777,train,1.6989701,1.4951074,1.4313638,1.2157124
mb-09150,train,1.6334685,1.4530214,1.230449,1.0935702
mb-06357,train,1.0791812,1.0442996,0.69897,0.65673745
mb-02771,train,1.5682018,1.5734048,1.462398,1.5012977
mb-02300,train,1.0,1.23767,0.69897,0.8730615
mb-02271,train,2.3521826,2.3851504,2.2013972,2.1542172
mb-10187,train,2.0413928,2.017492,1.5682018,1.5687804
mb-05739,train,1.9444828,1.9409581,1.1760913,1.2551118
mb-04981,train,2.3304138,2.2261636,1.94939,1.7994027
mb-01961,train,1.7160034,1.7737901,1.5563025,1.5209142
mb-08370,train,1.9637878,1.9550421,1.462398,1.5122557
mb-10581,train,1.462398,1.2073036,1.2552725,1.0623465
mb-04307,train,2.252853,2.2401087,1.4149734,1.4156204
mb-04967,train,1.6020601,1.7485368,1.4149734,1.4900576
mb-10733,train,2.0530784,1.9376694,1.50515,1.7125454
mb-07402,train,1.6020601,1.5941535,1.2787536,1.3056269
mb-08843,train,2.3364596,2.325948,1.8976271,1.9305257
mb-03909,train,1.8864908,1.8839998,1.5682018,1.5767496
mb-09980,train,2.0293837,2.2082138,1.770852,1.9086357
mb-08060,train,2.2552724,2.1425686,2.0128372,1.9240906
mb-09594,train,2.3579347,2.425974,2.1583624,2.1346412
mb-08864,train,1.8692318,1.853054,1.4313638,1.3764335
mb-09082,train,2.252853,2.230381,1.8920946,1.869243
mb-05674,train,1.7558749,1.7481556,1.2787536,1.2929658
mb-10680,train,2.2764618,2.2913299,1.763428,1.8058631
mb-05456,train,2.1702616,2.3233306,1.845098,2.0159295
mb-00870,train,1.90309,1.8717213,1.5563025,1.541597
mb-03958,train,2.143015,2.3258076,1.8920946,2.1090372
mb-09232,train,1.146128,1.3131433,0.69897,0.8011906
mb-02755,train,1.6232493,1.5312929,1.20412,1.1476896
mb-08168,train,1.9542425,2.0123844,1.7075702,1.6774945
af-f1d774fa5d76,train,1.964453,1.8784801,1.1569064,1.138124
mb-07354,train,1.80618,1.7724135,1.4771212,1.5047204
mb-09410,train,2.2576785,2.0992646,2.0,1.8330532
mb-09429,train,1.4471581,1.9361365,1.230449,1.6381086
mb-03718,train,1.9242792,1.8998682,1.447158,1.42008
mb-03717,train,1.7634281,1.7023427,1.4313638,1.4212599
mb-07023,train,1.8976271,1.9112158,1.6532125,1.6577284
af-3a84e674e05a,train,1.1563462,1.2201085,0.612379,0.540124
mb-01391,train,1.5314789,1.5163903,0.90309,0.9146914
mb-09920,train,2.2900345,2.317276,1.819544,1.8629141
af-6fb02c3d8b03,train,1.8346744,1.8071506,1.229436,1.15731
mb-00053,train,1.9242793,1.9155829,1.7075702,1.6481901
mb-01782,train,2.0492182,2.0409045,1.8260748,1.7889875
mb-07763,train,2.164353,2.189134,1.5440681,1.6795077
mb-09434,train,1.462398,1.5381708,1.0,1.0853963
mb-03074,train,2.155336,2.204338,1.2552725,1.3654244
mb-00852,train,2.2253094,2.1855803,1.7853298,1.7711738
mb-08978,train,2.10721,2.157065,1.9542425,2.0660312
mb-00812,train,2.133539,2.1410277,1.60206,1.5820198
mb-08315,train,2.1818438,2.2035608,1.6627579,1.726447
af-559b453b9ec4,train,1.5489923,1.6845349,1.1218388,1.0812192
mb-03022,train,1.7242758,1.7361994,1.4771212,1.4448527
mb-08909,train,1.2787536,1.2219362,1.0413927,1.0545901
mb-02315,train,1.7075702,1.7624221,1.5185139,1.5926331
mb-05098,train,2.3324385,2.3538053,2.0334237,2.060473
mb-07913,train,2.049218,2.208768,1.819544,1.8799951
mb-04678,train,2.4517865,2.444324,2.120574,2.1363363
mb-07008,train,1.5440681,1.5836682,1.2552725,1.3152441
mb-03753,train,2.206826,2.2245014,2.120574,2.116931
mb-01720,train,2.2455127,2.2919831,2.0,2.0426927
mb-07981,train,2.220108,2.27938,1.9590414,1.9984785
mb-02468,train,1.7242758,1.6746669,1.2552725,1.2289499
mb-05716,train,2.09691,2.0770454,1.6720978,1.6668319
mb-08218,train,1.5563025,1.5524163,1.2787536,1.5075029
mb-10920,train,2.1003704,2.1575525,1.748188,1.9682515
mb-08388,train,1.9956352,1.9370432,1.5314789,1.4722291
mb-04533,train,0.7781513,0.9273147,0.60206,0.78570414
mb-00175,train,1.8260748,1.9459198,1.60206,1.7297481
mb-01601,train,1.3010299,1.3355105,1.1139433,1.0131828
mb-09770,train,1.4313638,1.4968132,1.146128,1.2005559
mb-10709,train,2.1003706,2.0803459,1.6127839,1.6733241
mb-03979,train,1.8750613,1.8565184,1.6720978,1.6735799
mb-02407,train,2.2479732,2.253252,1.8573325,1.9037182
mb-10514,train,2.198657,2.2177072,1.6627579,1.8603158
mb-04977,train,2.0413926,2.1245189,1.8388491,1.9097534
mb-03888,train,2.4265113,2.426754,2.198657,2.101554
mb-00203,train,1.5910647,1.6067224,1.30103,1.326359
mb-01818,train,2.0,2.0066335,1.8692317,1.7709262
mb-02447,train,1.531479,1.6715822,1.20412,1.3012118
mb-01729,train,2.1335387,2.158281,1.8129133,1.8250188
af-758a0eb25149,train,1.7173468,1.6242187,1.2258621,1.1670563
mb-04698,train,1.3617278,1.4305458,1.146128,1.1786687
mb-07308,train,1.8864907,1.9880894,1.7781513,1.8016059
mb-07396,train,1.3222194,1.331394,0.9542425,0.9775533
mb-02370,train,2.1072102,2.065072,1.7993406,1.7047559
mb-07959,train,1.9912262,2.011934,1.7993406,1.7863605
mb-07217,train,1.6127839,1.6208158,1.4149734,1.3613007
mb-10862,train,2.10721,2.075297,1.8864907,1.8877745
mb-05310,train,2.071882,2.11056,1.6127839,1.6573027
af-4d76834a1fbc,train,1.3478723,1.5907654,0.8976645,1.1311572
mb-03483,train,1.7075702,1.6398752,1.50515,1.4852562
mb-00637,train,2.3344536,2.3997352,2.0334237,2.0382822
mb-09841,train,2.38739,2.3654435,1.94939,2.0123353
mb-09815,train,1.6532125,1.9418864,1.39794,1.6115654
mb-02006,train,1.724276,1.7947617,1.4913617,1.5573615
mb-04455,train,1.7403628,1.7966106,1.5440681,1.539095
mb-02471,train,1.8388491,1.8577571,1.7323937,1.7187127
af-29a39cef1d9c,train,1.4842627,1.5420512,1.2508808,1.2435677
af-4a6557136108,train,1.5589747,1.5907698,1.2362121,1.144794
mb-05006,train,2.1760912,2.2412593,1.7558749,1.7203901
mb-05032,train,2.1105897,2.1657138,1.9242793,1.9750473
mb-08904,train,0.69897,0.57543766,0.47712126,0.39716852
mb-06017,train,2.2810333,2.284673,1.8808136,1.9126658
mb-05703,train,1.4313637,1.4963795,1.0791812,1.1972299
mb-10181,train,2.0043213,2.129665,1.447158,1.6656923
mb-08645,train,2.2041202,2.1556857,1.4313638,1.4116911
af-2c17cb0ad30f,train,1.4649692,1.6969042,1.0579284,1.1240363
mb-04132,train,2.029384,2.1158278,1.6532125,1.6124675
mb-03817,train,1.7993405,1.6640078,1.7242758,1.5574275
mb-03296,train,1.748188,1.841433,1.30103,1.3676492
mb-04906,train,0.90309,0.9108315,0.69897,0.69448745
mb-00657,train,2.1846914,2.1568685,1.69897,1.6834335
mb-04715,train,2.0,2.0470788,1.7323937,1.7960641
mb-04769,train,1.5910647,1.5565999,1.4149734,1.336841
mb-00273,train,1.9637878,1.9071019,1.6532125,1.5753484
mb-04721,train,1.8129134,1.7921591,1.4913617,1.5112344
mb-05211,train,1.5185139,1.4602009,1.230449,1.2645535
mb-08013,train,2.209515,2.3506103,1.90309,2.024378
mb-01293,train,2.0530784,2.0163374,1.3802112,1.3721194
mb-08288,train,2.220108,2.1623268,1.770852,1.8071543
mb-06219,train,1.7242758,1.7349274,1.2552725,1.2641219
af-f716dece2bf8,train,1.750894,1.7890642,1.1633373,1.1431091
mb-09100,train,2.198657,2.3725116,2.0128372,2.0774856
mb-06266,train,2.1958997,2.2162871,1.9138138,1.6300989
mb-09816,train,1.4913617,1.5263888,1.39794,1.4002951
mb-07260,train,1.3222193,1.3062689,0.845098,0.94786
mb-08968,train,1.8260748,1.8333442,1.4913617,1.526574
mb-07145,train,1.60206,1.5180179,1.0791812,1.0808316
mb-07460,train,2.2013972,2.1580734,1.9822712,1.8774104
mb-07257,train,1.9190781,2.0052702,1.6627579,1.7360158
mb-08455,train,2.0374265,2.002701,1.5314789,1.57413
mb-02287,train,2.3710678,2.4545846,2.10721,2.1539226
mb-06711,train,1.6232493,1.6394031,1.462398,1.4374115
mb-10608,train,2.4149733,2.3498118,2.2355285,2.24297
mb-05076,train,1.20412,1.2867101,0.60206,0.6945991
mb-05235,train,2.1271048,2.1424415,1.7923917,1.8159968
mb-03480,train,1.9444827,1.9272048,1.4771212,1.498212
mb-05128,train,2.045323,2.0092452,1.4913617,1.4423966
mb-08677,train,2.064458,2.0335858,1.7242758,1.7155316
af-c04a329e050e,train,1.5523298,1.6227717,1.1630032,1.1370001
mb-06345,train,1.9444828,1.9276512,1.3424227,1.4204209
mb-07665,train,2.378398,2.4302957,2.0334237,2.0953727
mb-06328,train,1.9590414,1.9587986,1.50515,1.54101
mb-04095,train,2.0128372,1.9888463,1.5563025,1.4960499
mb-04702,train,2.0530784,2.0497496,1.8388491,1.779514
mb-03260,train,2.326336,2.3509936,1.9590414,1.9394474
mb-04002,train,1.3979399,1.5773702,1.3222193,1.3388584
mb-10009,train,0.30103,0.3621973,0.30103,0.4287368
mb-04099,train,2.1846914,2.1562731,1.8692317,1.7819345
mb-05395,train,1.4913617,1.5137385,1.146128,1.1307586
mb-03111,train,2.214844,2.259665,1.94939,1.9164402
mb-09853,train,1.690196,1.727639,1.0413927,1.1744454
mb-08023,train,1.80618,1.8971841,1.462398,1.504436
mb-09698,train,1.5910647,1.6716965,1.4149734,1.518712
mb-05398,train,1.6020601,1.5951967,1.2787536,1.2168556
mb-09548,train,1.9444827,1.8119766,1.7323937,1.6172309
mb-05617,train,1.4771214,1.2661331,0.90309,0.76833117
mb-06502,train,2.2227166,2.3081107,1.8920946,1.8985263
mb-00287,train,1.94939,1.9400971,1.7075702,1.5782396
mb-05922,train,2.3324385,2.25112,2.1038036,1.9050846
mb-02444,train,2.164353,2.206394,1.9637878,1.9690315
mb-06885,train,2.0043213,2.0479956,1.7853298,1.7707046
mb-09099,train,2.209515,2.1854095,1.8573325,1.8082416
mb-03582,train,2.130334,2.188949,1.8512584,1.8207482
mb-06759,train,1.845098,1.7322237,1.5563025,1.4296623
mb-08005,train,1.6434528,1.7785604,1.4313638,1.5679433
mb-10704,train,2.0043213,2.2363584,1.7558749,1.9597832
mb-02252,train,1.8129134,1.8505983,1.5440681,1.6025839
mb-01288,train,1.748188,1.8288052,1.3222193,1.314275
mb-00439,train,2.0863597,2.1412096,1.5797836,1.6793221
mb-10866,train,2.525045,2.52832,2.1139433,2.264479
mb-07301,train,1.6812413,1.7347007,1.0,1.0559578
mb-05436,train,1.1760912,1.1497054,0.845098,0.8646936
mb-02741,train,2.307496,2.2067108,1.7558749,1.7367884
mb-05821,train,2.2671719,2.298598,1.748188,1.8325263
mb-07949,train,1.69897,1.6596762,1.3802112,1.3562355
mb-05479,train,2.2988532,2.314244,1.8325089,1.8634095
mb-07448,train,2.064458,2.0894945,1.7403626,1.7532266
mb-07514,train,2.365488,2.445763,2.0128372,2.1428812
af-a5b293c638b5,train,1.4109341,1.3892167,1.1640494,1.0812068
mb-04730,train,0.7781513,0.9816639,0.7781513,0.7333666
mb-02629,train,2.3096302,2.4060235,2.0681858,2.047071
mb-00949,train,2.376577,2.4096065,1.9956352,2.0575528
mb-07557,train,1.5051501,1.5201364,1.2787536,1.2516972
mb-02936,train,1.8808136,1.9309227,1.6812413,1.7071221
mb-07440,train,1.897627,1.8816314,1.6720978,1.6149992
mb-00831,train,2.2329962,2.2777922,1.9242793,1.9719987
mb-05151,train,2.2576785,2.2562063,1.748188,1.7367651
mb-07883,train,1.9190781,2.0598724,1.8388491,1.9908297
mb-03641,train,1.5185139,1.355991,1.0413927,1.0156748
mb-03560,train,2.1038036,1.9187363,1.748188,1.6083977
mb-07152,train,1.6989701,1.6922897,1.3424227,1.3403736
mb-00877,train,2.2278867,2.2182322,1.8976271,1.8208338
mb-05911,train,1.9542426,1.8911008,1.5682018,1.5284777
mb-07150,train,2.0374265,2.0752707,1.7993406,1.8583081
mb-10018,train,2.0530784,2.174024,1.8808136,1.9123852
mb-03789,train,2.217484,2.261147,1.968483,1.9744967
mb-05638,train,1.7403628,1.7962346,1.6532125,1.5380769
mb-09969,train,1.8808136,1.8766866,1.6532125,1.7195398
af-494d1eb12219,train,1.3989135,1.4137292,1.2467422,1.2420129
mb-04520,train,2.025306,1.9631133,1.6532125,1.5303818
mb-05164,train,2.2013972,2.2583237,2.0374265,2.0488868
mb-03261,train,2.149219,2.2465732,1.763428,1.9324815
mb-00947,train,2.120574,2.1228142,1.80618,1.698598
mb-04420,train,2.2552726,2.3055954,1.7993406,1.8452725
mb-05868,train,1.6812413,1.7031147,1.462398,1.4543214
mb-09156,train,2.075547,2.0056047,1.8976271,1.8441552
mb-07348,train,1.819544,1.8637202,1.5682018,1.6785396
mb-04774,train,2.1003706,2.0001903,1.6127839,1.5709007
mb-02803,train,1.4313638,1.4387612,1.1760913,1.2926103
mb-07222,train,1.5682018,1.6033558,1.1139433,1.1097225
mb-05290,train,2.2329962,2.2727911,2.120574,2.1820726
mb-00099,train,2.0492182,2.0064902,1.6812413,1.5799738
mb-04679,train,2.149219,2.2098968,1.7781513,1.9027984
mb-05869,train,1.968483,2.002788,1.4149734,1.4807826
af-c7040aa8f251,train,1.9181762,1.6717851,1.2617742,1.1213212
mb-05857,train,2.2576785,2.262978,1.9242793,1.8923529
mb-02262,train,1.6720979,1.7240263,1.2552725,1.3397195
mb-03860,train,2.0492182,2.0012186,1.7993406,1.8779317
mb-03798,train,1.9138138,1.9069583,1.7323937,1.7017139
mb-02574,train,1.1760913,1.05304,1.146128,1.0013164
mb-05833,train,1.6532125,1.695869,1.1760913,1.1614876
mb-05805,train,2.161368,2.2611742,1.90309,2.0078452
mb-07441,train,2.0569048,2.175517,1.6232493,1.8931463
af-d6267b9b9147,train,1.4224765,1.3585085,1.1646858,1.0831597
mb-03454,train,1.0,1.0824993,0.60206,0.69245523
mb-04105,train,2.0791812,2.1474266,1.9444827,1.9550108
mb-08142,train,2.25042,2.2291574,1.5185139,1.5202008
mb-08923,train,1.1139433,1.1394691,0.90309,0.9062786
mb-10792,train,1.3802112,1.385845,1.0413927,1.081598
mb-10275,train,2.209515,2.0024798,1.8573325,1.6955205
mb-02543,train,0.90309,0.95992464,0.60206,0.6464606
mb-02284,train,1.8573325,1.908866,1.0791812,1.1414673
mb-00446,train,2.3502479,2.3195677,2.146128,2.1534
mb-07752,train,1.6989701,1.702378,0.9542425,0.95610327
mb-01883,train,1.6812413,1.6268226,1.3802112,1.296762
mb-06962,train,2.178977,2.2745733,1.9444827,1.9721203
mb-03573,train,2.198657,2.294647,1.8808136,1.9249741
mb-05337,train,2.0569048,2.0460744,1.7993406,1.7395363
mb-01566,train,2.1172712,2.1320972,1.6720978,1.7132559
mb-03197,train,1.9912262,1.9430511,1.4313638,1.3943619
mb-04040,train,1.9138138,1.9467068,1.50515,1.527909
mb-01857,train,1.4471581,1.4660099,1.39794,1.4027443
mb-07829,train,2.4409091,2.401902,2.0170333,2.0816674
mb-08943,train,1.8260748,1.7152205,1.3424227,1.2638445
mb-06334,train,1.9590414,1.9364871,1.4771212,1.4624641
mb-08085,train,1.39794,1.3967689,1.2552725,1.2369127
mb-02144,train,1.3222194,1.298345,0.7781513,0.7938985
mb-02195,train,1.5563024,1.4991937,1.4771212,1.3511595
mb-01018,train,1.50515,1.5473273,1.2552725,1.3193265
mb-07116,train,0.95424247,0.95787835,0.30103,0.4265535
mb-00233,train,1.9084849,1.83336,1.60206,1.5598503
mb-02835,train,2.0170333,2.0816784,1.6532125,1.7389833
mb-09854,train,1.80618,1.7924994,1.5563025,1.5143634
mb-05795,train,1.9912261,1.9565268,1.5797836,1.5309085
mb-10855,train,1.7160033,1.8638659,1.3617278,1.549701
mb-06386,train,1.8260748,1.8097773,1.462398,1.4436214
mb-04898,train,1.7781512,1.6995107,1.447158,1.3166875
mb-09473,train,1.9777236,1.9479957,1.4313638,1.4173594
af-55ef006dc02f,train,1.9845526,1.9211683,1.1991653,1.0162286
mb-10339,train,2.1522884,2.220116,1.8573325,1.8253264
mb-07306,train,1.230449,1.1454976,1.0413927,1.0113771
mb-01271,train,2.2718415,2.2301219,1.8573325,1.7796882
mb-06137,train,1.6232493,1.6601572,1.1139433,1.1171039
mb-08526,train,2.033424,1.9883237,1.39794,1.3703763
mb-06280,train,1.2787536,1.2682976,1.0,1.0279024
mb-04092,train,2.1105897,2.1701105,1.5910646,1.7502519
mb-09280,train,1.6020601,1.6639615,1.0,1.0401834
mb-09102,train,2.1172714,2.1713245,1.7781513,1.802977
mb-05993,train,1.5563025,1.6252291,1.1760913,1.2571117
mb-08027,train,2.1931245,2.1575348,1.9912261,1.8767643
af-faa2f9d697c7,train,0.9542425,0.8784038,0.65891725,0.59463817
mb-06964,train,1.80618,1.8358259,1.39794,1.4646388
mb-05157,train,1.6434526,1.585222,1.4771212,1.4636893
mb-04812,train,1.9822712,2.063318,1.690196,1.7270322
af-b17fb10793f5,train,1.6243409,1.7071569,1.0628301,1.1205943
mb-04202,train,1.7323937,1.697773,1.30103,1.3210026
mb-06341,train,2.378398,2.2242923,2.10721,1.9602047
mb-02316,train,1.690196,1.6683168,1.4771212,1.4539257
mb-02973,train,1.60206,1.5838442,1.447158,1.4408708
mb-03668,train,1.146128,1.6312455,1.3424227,1.4021661
mb-06431,train,2.3856063,2.4007561,2.0253057,2.0284796
mb-00112,train,1.230449,1.1725271,0.845098,0.8707279
mb-01174,train,1.8633229,1.8466192,1.6812413,1.6471668
mb-00803,train,2.0863597,2.1715436,1.770852,1.8734198
af-48be5c4be45b,train,1.3629328,1.466301,1.2008752,1.222714
mb-00739,train,1.6627579,1.7660987,1.0413927,1.1443613
mb-05767,train,1.6812413,1.6857615,1.0,1.0191493
mb-04184,train,2.0128374,2.0394049,1.5440681,1.5571355
mb-01395,train,1.4313638,1.4090303,1.230449,1.1677535
mb-10761,train,1.6989701,1.661158,1.30103,1.259532
mb-07633,train,1.4771212,1.4402634,1.1139433,1.0987716
mb-03781,train,1.7853298,1.7399113,1.5314789,1.4505178
mb-06195,train,2.2253094,2.226386,1.6532125,1.6950738
mb-00142,train,1.0791813,0.9603027,0.7781513,0.72937983
mb-02847,train,1.9294189,2.0580323,1.5910646,1.720967
mb-06791,train,1.3979399,1.5180838,1.0791812,1.1694753
mb-06044,train,1.6232493,1.6363354,1.2552725,1.3407058
mb-06932,train,1.9731278,2.0182378,1.7781513,1.8177623
mb-07431,train,2.0863597,2.1135511,1.3617278,1.350021
mb-05419,train,2.029384,2.253835,1.9190781,2.1554213
mb-07320,train,2.2068257,2.340676,1.9344984,2.0558968
mb-06747,train,1.5563025,1.5443218,1.230449,1.2454227
mb-07501,train,1.3010299,1.383271,0.845098,0.9760623
mb-10122,train,1.8808136,1.7708546,1.447158,1.3703563
mb-01790,train,1.9731278,2.1477513,1.908485,1.9317311
mb-10635,train,1.4771214,1.4945263,1.20412,1.1299882
mb-10880,train,1.7781513,1.8944052,1.39794,1.505445
mb-01993,train,2.064458,2.0605183,1.8864907,1.8406765
mb-09622,train,2.220108,2.2556436,1.7242758,1.7057371
mb-00452,train,2.2148438,2.2767794,1.9637878,1.9947963
mb-04348,train,2.0413928,2.0450819,1.6627579,1.6878895
mb-07168,train,1.447158,1.5203496,1.3802112,1.4453483
mb-01493,train,1.7781512,1.7091833,1.447158,1.3365734
mb-00252,train,1.968483,2.1487975,1.6434526,1.7735723
mb-02217,train,1.80618,1.7922081,1.3617278,1.4466165
mb-07305,train,1.5797836,1.5540196,1.2552725,1.235312
mb-03862,train,1.9190781,1.8945509,1.8260748,1.6662837
mb-01579,train,1.2041199,1.0770634,1.0791812,0.90752244
mb-02716,train,0.60205996,1.1501154,0.90309,0.93089473
af-a933bda42ca1,train,1.374367,1.3218955,0.9799024,0.9352188
mb-08223,train,1.6020601,1.5790491,0.90309,0.8246523
mb-10424,train,1.5910646,1.6580046,1.3802112,1.3782156
af-f7e872c3f33e,train,1.0787793,1.4169801,0.9450922,1.0606875
mb-00940,train,1.9493899,1.9481522,1.5314789,1.5039864
mb-01396,train,1.9867717,2.0317273,1.60206,1.6455488
af-c385ec02c7fa,train,1.1076949,1.0880208,0.8358649,0.8543834
mb-04007,train,2.2148438,1.9682591,1.845098,1.7097174
mb-01609,train,1.5051501,1.4166368,1.1760913,1.1231995
mb-05654,train,1.690196,1.6903688,1.2552725,1.2310317
mb-04955,train,1.1760912,1.1751597,0.845098,0.91332155
mb-04387,train,2.30103,2.310646,1.8920946,1.9384363
mb-01747,train,1.8692317,1.8186499,1.1760913,1.1642843
mb-02405,train,0.30103,0.104426265,0.30103,0.14819157
mb-00761,train,2.10721,2.105762,1.8808136,1.842712
mb-07279,train,1.8325089,1.8145732,1.3424227,1.3554766
mb-06889,train,1.4913617,1.5335014,1.3617278,1.4159601
mb-00544,train,1.0,0.947487,0.69897,0.64991397
af-8ede6eb4a13f,train,1.7015196,1.510978,1.2044293,1.0923918
mb-10227,train,1.763428,1.64569,1.3802112,1.2945611
mb-03184,train,2.045323,2.0726776,1.845098,1.8016828
mb-07787,train,2.0413928,1.99483,1.7993406,1.7533791
mb-05754,train,2.346353,2.3877578,1.9822712,2.0170865
mb-00107,train,1.4771212,1.5758069,1.3802112,1.4143059
mb-03605,train,2.1271048,2.0094016,1.9822712,1.819516
mb-05180,train,2.3222194,2.3295758,1.8864907,1.9031414
mb-01745,train,2.307496,2.2419837,2.0128372,1.8643264
mb-02087,train,1.39794,1.3260627,1.0,1.0098987
mb-01559,train,2.350248,2.368001,1.968483,2.0144773
mb-08064,train,1.6812413,1.6151844,1.30103,1.2191834
mb-08811,train,1.6434526,1.6123348,1.39794,1.3368592
mb-06982,train,1.146128,1.2177167,0.7781513,0.841399
mb-08807,train,1.4313638,1.3578103,1.20412,1.1010514
mb-09143,train,1.5797836,1.5847943,1.3802112,1.4187813
mb-07319,train,2.463893,2.4777365,2.149219,2.212122
mb-09876,train,1.9444826,1.9379776,1.5797836,1.6969204
mb-05884,train,2.1038036,2.0541136,1.7323937,1.7401528
mb-04267,train,2.20412,2.2893739,2.139879,2.2233987
mb-04746,train,1.6334684,1.5303925,1.3617278,1.2414445
mb-02912,train,1.8195438,1.8486414,1.447158,1.4966048
mb-01765,train,2.1673174,2.1986873,1.8388491,1.8265858
mb-06387,train,2.2624512,2.2689834,1.8808136,1.9149398
mb-02142,train,2.0374265,2.0863945,1.6127839,1.6444215
mb-04532,train,2.0086002,2.0314188,1.7160033,1.6914935
mb-04180,train,1.0,0.9686366,0.7781513,0.7366904
mb-06839,train,1.5314789,1.5112016,1.3222193,1.3104016
mb-00296,train,2.1238515,2.1959171,2.0170333,2.0542176
af-dc0402cf588b,train,1.6050022,1.4048539,1.1886276,1.1407954
mb-08668,train,2.1673174,2.1671684,1.7923917,1.7702544
mb-05564,train,1.8573325,1.9460076,1.3424227,1.5051831
mb-00462,train,2.2764618,2.4207911,2.1271048,2.1712854
mb-08672,train,1.7634281,1.8543279,1.4313638,1.469984
mb-09804,train,2.1003704,2.0509264,1.770852,1.724083
mb-02998,train,1.9637878,2.0856087,1.7558749,1.844334
mb-04230,train,2.1003706,2.0929735,1.6627579,1.6826142
mb-05506,train,1.3222193,1.2775583,1.0413927,1.035852
mb-03358,train,2.357935,2.3821802,1.908485,2.0157058
mb-08055,train,2.0128372,2.0568256,1.7160033,1.7891704
mb-08045,train,2.232996,2.2077332,1.690196,1.5981599
mb-06333,train,1.9912261,1.9783957,1.5797836,1.5795327
mb-04513,train,1.8692317,1.891802,1.6232493,1.650042
mb-04653,train,2.313867,2.267261,1.9294189,1.7544147
mb-07556,train,2.0791812,2.0675275,1.690196,1.6731174
mb-10483,train,2.0606978,2.0731697,1.6812413,1.7102553
mb-04541,train,2.0681858,2.027566,1.690196,1.7139055
mb-09060,train,2.3096302,2.2174368,1.908485,1.843547
mb-07861,train,1.0,0.92309815,0.47712126,0.5287433
mb-05275,train,2.2878017,2.3678925,2.0293837,1.9993432
mb-09570,train,2.3117537,2.2558465,1.8325089,1.8432585
mb-00418,train,2.161368,2.3774645,2.049218,2.1448798
mb-06217,train,2.2576785,2.2063782,2.0253057,1.9164152
af-4f2cacf7ff9a,train,1.2866809,1.2844262,0.8960509,0.8460433
mb-09324,train,1.5051501,1.6035833,1.4313638,1.3191142
mb-07134,train,1.8129134,1.5657935,1.6334685,1.3782874
mb-10674,train,1.9912261,1.9697642,1.7323937,1.7534164
mb-01268,train,1.9444827,1.903571,1.50515,1.5180506
mb-08347,train,1.4771214,1.528056,1.20412,1.3099036
mb-10354,train,2.0791812,2.0454879,1.6812413,1.7138872
mb-02684,train,1.5797836,1.4710267,1.3222193,1.2355639
mb-02580,train,1.518514,1.4944776,1.20412,1.1678944
mb-07415,train,1.6334684,1.5956688,1.3617278,1.3391469
mb-06454,train,1.5682018,1.5330682,1.6334685,1.4233123
mb-09574,train,2.2148438,2.2582629,1.8633229,1.81325
af-4623ccee9b59,train,1.614604,1.6398158,1.0860785,1.109947
af-27d05030276c,train,0.92662436,0.87361115,0.68470806,0.5752028
mb-03761,train,1.94939,2.0110815,1.5440681,1.6051064
mb-04797,train,1.2787536,1.1990927,1.1760913,1.031565
mb-09050,train,2.1271048,2.1469505,1.968483,1.8876282
mb-00211,train,1.7242758,1.5764813,0.845098,0.68516356
mb-06008,train,1.845098,1.8458266,1.3424227,1.3830873
mb-02227,train,1.7403628,1.6567045,1.4149734,1.3142517
mb-10537,train,1.9395192,1.988511,1.7242758,1.7356794
mb-04802,train,1.8260748,1.759082,1.5185139,1.4503272
mb-03150,train,0.9542425,1.126076,0.60206,0.7886972
mb-06335,train,2.133539,2.2429318,1.6812413,1.8551906
mb-05045,train,2.0492182,2.1493728,1.7781513,1.9169736
mb-00489,train,2.2227166,2.2033055,1.9731278,1.9016685
mb-01230,train,1.5797837,1.4935932,1.39794,1.3394127
mb-04292,train,1.0,1.1573547,0.90309,1.0196338
mb-03458,train,2.2253094,2.2755609,1.819544,1.8094753
mb-00958,train,1.9912262,2.1088524,1.7993406,1.8764523
mb-00534,train,1.7160034,1.6327579,1.5563025,1.2870265
mb-09037,train,1.6901962,1.7406163,1.2787536,1.3592577
mb-01026,train,0.90309,1.0163623,0.60206,0.65036285
mb-00196,train,1.5563025,1.5246431,1.2552725,1.2693872
mb-02269,train,1.7323937,1.7534685,1.2552725,1.2776461
mb-01328,train,1.0,1.0588634,0.60206,0.617511
mb-00670,train,1.7781513,1.7780384,1.6812413,1.5962931
mb-00934,train,1.6127839,1.588949,1.230449,1.2500596
mb-00864,train,1.6127838,1.5637558,1.447158,1.4514357
mb-02404,train,1.0,0.9746573,0.60206,0.62530196
mb-04908,train,2.274158,2.2583246,2.120574,2.1571577
mb-03014,train,1.9294189,1.9026186,1.770852,1.6910799
mb-04128,train,2.1367207,2.1050146,1.819544,1.7899461
mb-06756,train,1.3617278,1.253968,1.146128,1.0782324
mb-00565,train,2.029384,2.101278,1.6532125,1.7216545
mb-02409,train,2.1172714,2.0330102,1.7781513,1.7461295
mb-10832,train,2.2253094,2.2541714,1.9637878,1.9998965
mb-06557,train,1.8260748,1.8120294,1.20412,1.2318639
mb-04883,train,2.0128372,2.023632,1.69897,1.6799499
mb-02619,train,2.0170333,2.0827422,1.60206,1.570865
mb-04855,train,1.60206,1.7126713,1.0791812,1.144975
mb-05090,train,2.198657,2.228273,1.9867717,1.983032
mb-03737,train,1.3222194,1.4277421,1.30103,1.3974268
mb-00787,train,2.0530784,2.0526316,1.6127839,1.5855069
mb-07925,train,2.2455127,2.2403274,1.7558749,1.7725126
mb-10420,train,1.9590414,2.136352,1.748188,1.8665806
mb-02883,train,1.5440681,1.5908645,1.230449,1.1624084
mb-08741,train,1.5314789,1.4373446,1.50515,1.4414706
af-661e55479891,train,1.7496073,1.6089544,1.2663329,1.0970124
mb-03916,train,2.0128372,2.0825849,1.5797836,1.5798017
mb-02380,train,2.5250447,2.527447,2.2855573,2.2550352
mb-09332,train,1.5563025,1.6311252,1.5682018,1.4976674
mb-04664,train,2.1238518,2.1998997,1.80618,1.8593872
mb-02939,train,2.3053513,2.339568,1.9344984,2.0127256
mb-04957,train,1.3802112,1.3232044,1.2552725,1.1995977
mb-01453,train,2.049218,2.0863957,1.7923917,1.8309312
mb-01518,train,2.164353,2.2624419,1.9190781,1.9721353
mb-07322,train,2.3424227,2.3712533,2.0,2.0121667
mb-00036,train,1.5185139,1.4570956,1.146128,1.0497112
mb-00363,train,1.5440681,1.6183009,1.230449,1.3496165
af-71a3af02f78e,train,1.4186178,1.3254215,1.2304362,1.0453279
af-a5b232f4dd80,train,1.6772016,1.6849896,1.1602974,0.9801661
mb-02055,train,2.0681858,1.9681442,1.5910646,1.5456328
mb-04808,train,1.819544,1.8337814,1.462398,1.5056705
mb-07411,train,1.5314789,1.5653249,1.1139433,1.1194384
mb-08253,train,1.361728,1.301936,1.1760913,1.1087348
af-846fd722f92a,train,1.6281558,1.6059632,1.2512585,1.1615481
mb-04027,train,2.3180633,2.299982,1.9242793,1.9300399
mb-07436,train,1.763428,1.7400942,1.4913617,1.4248241
mb-03387,train,1.6434526,1.6351625,1.5797836,1.5070713
mb-02775,train,1.8692317,1.8869908,1.4771212,1.4696653
mb-00212,train,2.143015,2.1209767,1.5682018,1.5320426
af-18fffe64abba,train,1.6152481,1.9125909,0.98705506,1.1359335
mb-05853,train,2.3820171,2.4772575,2.1105897,2.2005527
mb-00568,train,1.3424226,1.3472493,1.447158,1.4046155
mb-01832,train,2.3996737,2.342898,2.10721,1.9633648
mb-07450,train,2.1875207,2.134746,1.6434526,1.6167858
mb-02728,train,2.0606978,2.0893877,1.8260748,1.8699062
mb-06121,train,1.6127839,1.605217,1.3617278,1.3525114
mb-10237,train,2.0530784,2.0424352,1.6532125,1.6323262
mb-10679,train,2.2380462,2.2842193,1.6627579,1.6867154
mb-06074,train,1.531479,1.6359501,1.462398,1.5021611
mb-07671,train,1.7634281,1.7229214,1.6127839,1.4651827
mb-10292,train,1.6720979,1.6423566,1.39794,1.3879423
mb-01392,train,2.1072102,2.071337,1.5563025,1.597134
mb-00378,train,2.09691,2.09981,1.8750613,1.8362552
mb-03936,train,2.2278867,2.2546945,1.9637878,1.9216208
mb-04924,train,1.6334684,1.708793,1.0791812,1.1261663
mb-01231,train,1.9190781,1.9073173,1.8260748,1.7854958
mb-04880,train,1.9590414,1.9457679,1.5797836,1.4975742
mb-05270,train,1.80618,1.8147464,1.20412,1.2633421
mb-10575,train,1.8864907,2.2949722,1.5797836,1.9632925
mb-07074,train,2.25042,2.2930546,1.9242793,1.9723374
mb-03109,train,2.2430382,2.2118912,1.8512584,1.8060062
mb-02330,train,2.3222191,2.270449,2.20412,2.140122
mb-05322,train,2.0934217,2.0881724,1.7993406,1.8443301
mb-05483,train,1.7242758,1.8357948,1.39794,1.5006827
mb-02507,train,2.3424227,2.250626,1.9190781,1.7158223
mb-01780,train,2.1367207,2.0945635,1.9138138,1.903884
mb-10286,train,2.0681858,1.9853647,1.748188,1.687906
mb-04956,train,2.0128374,2.0897079,1.30103,1.3952166
mb-02735,train,2.0681858,2.13493,1.908485,1.8906132
mb-04840,train,2.2787535,2.211292,1.6434526,1.6375443
mb-09921,train,1.7160033,1.732259,1.3802112,1.3887726
mb-00503,train,1.9344984,1.9406666,1.80618,1.7518324
mb-10776,train,1.8512584,1.9951463,1.2787536,1.4484107
mb-09476,train,1.6334685,1.567507,1.1760913,1.1209197
mb-04407,train,2.1238518,2.1970944,1.8512584,1.9444678
mb-06641,train,2.1522884,2.2022805,1.9637878,1.9848063
mb-10438,train,2.3944516,2.4082127,2.0606978,2.0283997
mb-02400,train,0.90309,0.7395654,0.60206,0.5263223
mb-07203,train,1.9395192,1.8825378,1.6434526,1.6114225
af-081140d7fbeb,train,1.0974274,1.1997511,0.86410624,0.9283312
mb-01437,train,2.1038036,2.1691213,1.8573325,1.8574345
mb-07976,train,1.863323,1.9319433,1.4313638,1.4798862
mb-07197,train,2.499687,2.2826746,2.4653828,2.212309
mb-10006,train,2.164353,2.2428427,1.7781513,1.9307898
mb-08612,train,1.9956352,2.082527,1.60206,1.794377
mb-08382,train,1.8920946,1.8386112,1.4771212,1.4599597
mb-07962,train,2.0934217,2.1539416,1.9542425,1.956361
mb-03657,train,1.8388491,2.0606976,1.69897,1.7706219
mb-02837,train,1.763428,1.724578,1.230449,1.2166508
mb-10434,train,1.7242758,1.7689228,1.50515,1.521543
mb-05924,train,1.5314789,1.6110694,1.1139433,1.1616668
mb-09653,train,2.033424,2.1201787,1.6532125,1.7585152
mb-10837,train,2.1038036,2.16182,1.7242758,1.8187664
mb-06380,train,2.1398792,2.2125018,1.7075702,1.7309545
mb-03887,train,1.7853298,1.915623,1.20412,1.2614315
mb-01984,train,1.9822713,1.9524105,1.6127839,1.6256242
mb-03151,train,1.8573325,1.8750286,1.447158,1.4451457
mb-04871,train,2.3304138,2.2535906,2.269513,2.1905344
mb-08991,train,2.2741578,2.263961,1.9590414,1.9152379
mb-05818,train,1.6812413,1.5517694,1.4771212,1.3519366
mb-02615,train,1.0791813,1.0371286,0.9542425,0.8406251
mb-03219,train,1.8195438,1.8546097,1.5314789,1.5876311
mb-02038,train,1.6232493,1.7580782,1.5440681,1.5016565
af-d13e19bd2ad8,train,1.5989852,1.6341075,1.1479205,1.203863
mb-02677,train,1.5185139,1.4093244,1.146128,1.0965055
mb-07873,train,2.089905,2.0931213,1.9444827,1.8618836
mb-10336,train,1.7242758,1.6999714,1.447158,1.4443072
mb-03399,train,2.0863597,2.1507432,1.8325089,1.823025
mb-10553,train,2.0170333,2.038288,1.6627579,1.641344
mb-07647,train,1.5563025,1.6663969,1.0,1.1769636
mb-02488,train,1.6720979,1.715898,1.146128,1.3052042
mb-09906,train,1.7403626,1.6945052,1.4771212,1.4243557
mb-00714,train,2.1931245,2.2556765,1.8750613,1.9207399
af-83c1aa3f053e,train,1.6200204,1.616333,0.9223958,1.1229367
mb-08887,train,1.4471581,1.5446278,1.30103,1.3738251
af-6a57f72befbe,train,1.6875656,1.4547045,1.2174076,1.0900714
mb-06559,train,2.3541083,2.3928332,2.064458,2.022701
mb-00991,train,2.376577,2.4277742,2.09691,2.1225808
mb-07890,train,2.2988532,2.2228067,1.6232493,1.579555
af-fe952ef1f59c,train,1.2913933,1.6185153,0.93090624,1.1163087
mb-08997,train,1.2552725,1.2887295,1.146128,1.1176331
mb-06041,train,1.5314789,1.6892949,1.0413927,1.1809605
mb-09531,train,2.120574,2.117078,1.6812413,1.7472384
mb-02627,train,1.7781513,1.8075428,1.4313638,1.4682933
mb-01158,train,0.8450981,0.83805925,0.60206,0.5771947
mb-01512,train,1.9294188,2.0084484,1.6720978,1.7395949
mb-03057,train,2.1903317,2.140653,1.8920946,1.7813898
af-962650945601,train,1.1635162,1.1963165,0.776606,0.87966776
mb-07477,train,1.8260747,1.7848125,1.5910646,1.6106517
mb-07854,train,1.5563025,1.6013975,1.2787536,1.329579
mb-04010,train,1.748188,1.7204171,1.5440681,1.5193818
mb-07129,train,1.763428,1.6857225,1.447158,1.3672088
mb-05353,train,2.0211892,2.1730194,1.763428,1.9202753
mb-02774,train,1.5910647,1.6278473,1.39794,1.3890593
mb-07757,train,2.143015,2.1890042,1.8512584,1.910136
mb-01259,train,1.447158,1.360191,1.1139433,1.0051131
af-47b9ffc0d5db,train,1.6260681,1.6033373,1.2361466,1.0899901
mb-07573,train,1.2787536,1.2860471,1.0413927,0.97831196
mb-07173,train,2.2600713,2.282725,1.9444827,1.9515775
mb-04314,train,1.5910646,1.6288743,1.2552725,1.2753501
mb-10718,train,1.6127839,1.6729195,1.39794,1.41715
mb-01892,train,2.1522884,1.9607818,1.7781513,1.6522175
mb-09075,train,2.2648177,2.2589064,1.7853298,1.8608502
mb-04483,train,2.0681858,2.0357492,1.690196,1.6559786
mb-03299,train,1.770852,1.8401482,1.6434526,1.6689728
mb-07550,train,2.0530784,2.1513724,1.8129133,1.9750067
mb-10950,train,1.9637878,1.9710019,1.60206,1.6339496
mb-03425,train,1.6627579,1.5578421,1.5185139,1.4549557
mb-05885,train,1.2552725,1.2851931,0.845098,0.83716697
mb-08145,train,2.0253057,2.0253844,1.4771212,1.4819081
mb-00486,train,1.8325089,1.9533312,1.50515,1.4568319
mb-05035,train,2.4440448,2.4567862,2.1105897,2.1212597
mb-09859,train,2.1760912,2.3095186,1.908485,2.076421
mb-02791,train,2.1271048,2.1233606,1.6532125,1.7015572
mb-03329,train,2.510545,2.4378796,2.3324385,2.229683
mb-00859,train,1.8920946,1.8622648,1.4313638,1.4167689
mb-09931,train,1.6720979,1.7046964,1.1760913,1.2354883
mb-00875,train,2.049218,2.022132,1.8692317,1.8158413
mb-08373,train,1.6720979,1.7870328,1.30103,1.4138896
mb-01594,train,1.2041199,1.1887987,0.69897,0.6828674
mb-05470,train,2.09691,2.143121,1.770852,1.8339647
af-92fe76dc2445,train,1.8062553,1.555551,1.2191128,1.0354943
mb-07817,train,2.0827854,2.04816,1.5910646,1.6318316
mb-07250,train,0.47712126,0.5085081,0.30103,0.32530832
mb-09441,train,2.307496,2.2941391,2.0211892,1.989757
mb-08676,train,1.9084849,1.8885906,1.447158,1.5710505
mb-10546,train,1.9637878,1.7256238,1.7853298,1.5508305
mb-05529,train,2.298853,2.3196294,2.0293837,2.0160341
mb-02562,train,1.7853298,1.8099536,1.4313638,1.4523355
mb-01438,train,2.3384564,2.3042374,1.9731278,1.9317362
mb-03066,train,1.6720979,1.6764703,1.20412,1.1533196
mb-10654,train,2.0043213,2.203032,1.7558749,1.8907497
mb-04647,train,1.7242758,1.6736145,1.447158,1.4646866
mb-08602,train,2.0211892,2.0608516,1.7075702,1.8710091
mb-03723,train,1.763428,1.6700789,1.6434526,1.5556744
mb-05970,train,2.178977,2.2983353,1.7923917,1.9172764
mb-03508,train,2.4248817,2.444098,2.3283796,2.2719052
mb-06487,train,1.90309,1.9972229,1.0413927,1.1339499
mb-07282,train,2.1553361,2.1340718,1.9395193,1.9158506
af-32cf9280ab2d,train,1.2593334,1.6248112,0.7733878,1.1457337
mb-03024,train,2.1818435,2.217156,1.7781513,1.8233635
mb-08768,train,1.9395192,1.8962507,1.6434526,1.6207088
mb-09502,train,1.2552725,1.2098525,1.0,0.9123616
mb-04434,train,1.6127839,1.4910593,1.4149734,1.3053074
mb-04567,train,2.2900348,2.2353132,1.908485,1.8804797
mb-09330,train,1.7923918,1.7749642,1.1760913,1.1674776
mb-04907,train,2.1003706,2.2582543,1.9395193,1.9784181
mb-00421,train,2.20412,2.1072166,1.8633229,1.7529038
mb-10931,train,2.1583624,2.0966556,1.7923917,1.6860371
mb-00704,train,2.0253057,2.0578725,1.8325089,1.8306439
mb-10587,train,1.5185139,1.5083165,1.0413927,1.0929636
mb-00982,train,2.2764616,2.3794837,2.0293837,2.0505052
mb-03085,train,2.2718418,2.2279446,2.1367207,2.0503726
mb-04836,train,1.9190781,2.0679834,1.7853298,1.8101782
af-f6b457d72c59,train,1.4066935,1.3998643,1.0459955,1.0893528
mb-08771,train,2.1172714,2.184465,1.6627579,1.7397453
mb-03058,train,2.1875207,2.1854434,1.8388491,1.8378987
mb-06271,train,1.8808136,1.9031417,1.1139433,1.1573783
mb-06975,train,2.2624512,2.337539,1.9444827,2.0783114
mb-08992,train,2.1461282,2.195231,1.5563025,1.6759293
mb-05464,train,2.0569048,2.0048554,1.69897,1.6347036
mb-09773,train,2.1903317,2.2373164,2.0,1.9588022
mb-00691,train,1.8976271,1.781282,1.50515,1.4689908
mb-04162,train,2.243038,2.2577403,1.9777236,1.980532
mb-09039,train,2.1818435,2.1877646,1.8388491,1.7976379
mb-03538,train,2.1271048,2.1154282,1.8808136,1.8298507
mb-00259,train,1.9777236,1.9513075,1.7242758,1.7186942
mb-06259,train,2.045323,2.0104563,1.462398,1.4263297
mb-04339,train,1.770852,1.7123566,1.3617278,1.299142
mb-05039,train,2.1958997,2.1912863,1.8920946,1.8464487
mb-07711,train,1.5682018,1.5371304,1.39794,1.3286188
mb-05500,train,0.9542425,0.89744365,0.69897,0.6196051
mb-06829,train,2.1702616,2.1955705,1.7323937,1.6756325
mb-08101,train,2.2253094,2.238927,1.8573325,1.8410832
af-5acbf212d178,train,0.34787232,0.36071157,-0.20058984,-0.19127953
mb-03856,train,1.3424227,1.324734,1.0,0.9223007
mb-05354,train,1.7634281,1.6694541,1.5682018,1.5175383
mb-05748,train,2.2741578,2.3097456,1.90309,1.8685181
mb-09329,train,2.2405493,2.1949663,1.968483,1.8541833
mb-08812,train,2.0827854,2.0999804,1.60206,1.7655325
mb-01554,train,2.2671716,2.1970837,2.0374265,1.8952322
mb-06825,train,2.2648177,2.2864048,1.9637878,1.9652488
mb-08086,train,2.0211892,2.117904,1.7853298,1.9286469
mb-07503,train,2.1903317,2.208845,1.5910646,1.6182125
mb-07755,train,1.30103,1.3051891,1.0,0.9519149
mb-01821,train,1.9590414,1.933409,1.8129133,1.745398
mb-06827,train,1.5314789,1.6042396,0.9542425,1.036425
mb-03739,train,1.7558749,1.7405188,1.5682018,1.5501395
mb-05828,train,1.748188,1.7977483,1.4149734,1.4288546
mb-06100,train,2.240549,2.1337655,1.770852,1.6976156
mb-07960,train,2.3242824,2.4054518,1.8976271,2.0667658
mb-00969,train,1.4913616,1.5000991,1.3222193,1.3349138
mb-03069,train,1.8388491,1.8546135,1.6812413,1.5743775
mb-01523,train,2.0569048,2.0873437,1.8976271,1.8336067
mb-08685,train,2.1038036,2.0698202,1.9344984,1.8578887
af-65482008ce92,train,1.3559072,1.6783738,0.843609,0.99734706
mb-04750,train,2.3617277,2.3365414,1.9912261,1.9781656
mb-06389,train,1.9444828,1.9383647,1.4313638,1.4434466
mb-03026,train,2.303196,2.2460854,1.763428,1.6551396
mb-08692,train,1.9190781,1.8358839,1.4313638,1.4084545
mb-09605,train,2.075547,2.0373163,1.39794,1.4192865
mb-06569,train,1.8808136,1.8931051,1.447158,1.4812965
mb-03846,train,2.0606978,2.0235326,1.6127839,1.5868673
af-99a7fbd5d338,train,1.0121241,1.1964469,0.8574055,0.85865504
mb-10362,train,1.6232493,1.5533674,1.60206,1.4596565
mb-03728,train,1.9138138,1.9234629,1.6434526,1.5893084
mb-05874,train,2.0086002,1.9388621,1.4149734,1.338181
mb-08396,train,2.3324385,2.2532868,1.50515,1.437791
mb-10475,train,1.6127839,2.0475597,1.3617278,1.7446635
mb-10877,train,2.6394866,2.276444,2.7160034,2.204307
mb-02625,train,1.9190781,1.8575916,1.8260748,1.6465319
mb-01345,train,2.2121878,2.2286212,1.5682018,1.6507183
af-5ebc0f014499,train,1.567157,1.7473295,0.6189158,1.138161
af-7c4a6c85677f,train,1.6184549,1.5912673,1.0771462,1.094801
mb-07676,train,2.09691,2.1014352,1.7075702,1.854888
af-5fd7303c36d2,train,1.4853266,1.6635288,1.1242335,1.2619472
mb-03355,train,2.3996737,2.2657554,1.690196,1.6659015
mb-08751,train,1.3222194,1.4219527,0.69897,0.93795043
mb-09354,train,2.2576785,2.2696667,1.94939,1.9182198
mb-02264,train,1.5797837,1.5715111,1.3424227,1.4077343
mb-03196,train,1.845098,1.9083822,1.146128,1.2203982
af-8e1432465df5,train,1.2099197,1.253613,0.8095247,0.9703529
mb-01538,train,2.1303337,2.13945,1.7323937,1.7747386
mb-01562,train,2.25042,2.2664692,1.8808136,1.9274406
mb-02685,train,1.9444827,2.0413518,1.6532125,1.7418873
mb-05145,train,2.3159704,2.3152168,1.9822712,1.9528078
mb-06158,train,1.8808136,1.8913578,1.230449,1.2869575
mb-02706,train,2.2671719,2.287833,2.0,2.0304294
mb-02230,train,1.0,0.9772487,0.69897,0.7481468
mb-05072,train,1.8808136,1.8985785,1.2787536,1.3224505
mb-05265,train,1.4149734,1.497004,1.1760913,1.3250022
mb-01401,train,2.1702616,2.2671545,1.8692317,1.9521918
mb-03528,train,2.2900345,2.3550167,2.0530784,1.9944317
mb-01567,train,2.149219,2.24172,1.9294189,1.9652396
mb-06597,train,1.9190781,1.9810402,1.7781513,1.762973
mb-00372,train,1.7242758,1.7655253,1.4771212,1.5580577
mb-00432,train,1.4471581,1.2837372,1.146128,0.93822104
mb-10887,train,2.075547,2.1263232,1.5682018,1.629643
mb-00682,train,2.3180633,2.3100657,2.0827854,2.0032089
mb-07515,train,2.0827854,2.0425777,1.7993406,1.7866476
mb-03413,train,2.4248815,2.4863787,2.1818435,2.18015
mb-09227,train,2.2900345,2.108055,1.6434526,1.7357503
mb-09338,train,2.2405493,2.2641819,1.908485,1.9103072
mb-00195,train,2.4843,2.528306,2.25042,2.2624114
mb-04106,train,2.3673558,2.3114166,1.8750613,1.9371352
mb-07212,train,1.447158,1.2483029,1.1139433,0.8746746
mb-05616,train,2.1398792,2.0464482,1.7781513,1.6849371
mb-10199,train,0.7781513,1.0906489,1.1139433,1.2118514
mb-04035,train,2.3159704,2.2974718,1.9138138,1.9344623
mb-06537,train,2.3364599,2.285847,1.94939,1.8530095
mb-06083,train,2.0170333,1.9333028,1.6334685,1.5598686
mb-01534,train,2.0934217,2.1276116,1.8260748,1.7882967
mb-09281,train,1.9777236,2.1270585,1.6434526,1.7870636
mb-02729,train,0.30103,0.27296054,0.0,0.0058511496
mb-08757,train,2.1553361,2.1449027,1.7558749,1.8271576
mb-02325,train,2.1818435,2.1549003,1.7853298,1.7990192
af-f5ab0276e2d4,train,1.2805283,1.3066384,0.78379786,0.7449596
mb-04231,train,2.075547,2.0584922,1.770852,1.7073756
mb-08031,train,2.1760912,2.1036725,2.0374265,1.8539138
mb-10024,train,0.0,-0.17228618,0.0,-0.11059034
af-dc7d070883ef,train,1.4845376,1.5292864,1.1626749,1.0641131
mb-09350,train,1.4771212,1.3638164,1.1139433,1.0396951
mb-08487,train,2.025306,2.070602,1.5682018,1.5813608
mb-07087,train,1.7403628,1.700819,1.20412,1.2002295
mb-07231,train,2.120574,2.1686478,1.7558749,1.7356966
mb-05350,train,2.2810333,2.191145,2.1583624,2.0909057
af-ce610cb49c8c,train,1.6090605,1.3268094,1.2422059,0.9299155
mb-03405,train,1.819544,1.9124713,1.5185139,1.6882052
mb-10224,train,2.1846914,2.2404947,1.6127839,1.6929522
mb-00696,train,1.6720979,1.6510577,1.1139433,1.1337757
mb-07607,train,2.3053513,2.2706892,1.690196,1.649526
mb-02163,train,1.8129134,1.8595853,1.5563025,1.5710841
mb-02687,train,1.4913617,1.4351726,1.30103,1.1721967
mb-02748,train,1.3802112,1.3915215,1.0,1.0543053
mb-02518,train,2.348305,2.3942885,2.0413928,2.0446458
mb-06165,train,1.763428,1.7866769,1.2787536,1.3440127
af-d3aa24a73078,train,1.5470064,1.5390159,1.0684901,1.1264884
mb-09411,train,2.3344538,2.3250215,1.9190781,1.9818242
mb-04550,train,2.2430382,2.1575053,1.94939,1.821087
mb-00268,train,1.5314789,1.5061327,1.146128,1.0976896
mb-06575,train,1.9590414,1.980942,1.6232493,1.6164157
af-b7ba9a9f2b07,train,1.1021489,1.3872579,1.0552216,1.1868631
mb-01752,train,2.1583624,2.1668398,1.9138138,1.8837099
mb-06372,train,2.3283796,2.3352268,2.0043213,1.9767398
mb-03202,train,2.1105897,2.2332592,1.4913617,1.6517065
mb-01373,train,1.4913617,1.5271001,0.9542425,0.9404559
mb-02308,train,2.2121875,2.2658887,2.0863597,2.1558704
mb-07135,train,2.1238515,2.1215844,1.763428,1.7515918
mb-09419,train,2.2966652,2.2569427,1.7403626,1.6811638
af-ab2c00ed1393,train,1.428044,1.2678901,1.1270723,0.97808665
mb-05580,train,2.4132998,2.383277,2.1105897,2.0758996
mb-07791,train,2.1139433,2.0608265,1.7781513,1.709344
mb-10551,train,2.0413928,2.007124,1.819544,1.8044729
mb-10448,train,1.5314789,1.5452161,1.146128,1.1670029
mb-00490,train,1.5910646,1.5267771,1.3802112,1.3844328
af-89fa2dba4515,train,1.4947125,1.5392885,1.1150244,1.1147283
mb-03252,train,1.8808136,1.9104599,1.3802112,1.4143633
mb-00034,train,1.3424227,1.4630045,1.0413927,1.1628251
mb-06662,train,2.0374265,2.0968971,1.4913617,1.5781844
mb-08725,train,1.5051501,1.2250472,1.30103,1.0031397
mb-00777,train,1.9956353,1.930263,1.4313638,1.3085902
mb-09203,train,2.0413926,2.0038862,1.6434526,1.5297228
af-6cc8759f4910,train,1.5786059,1.5509834,1.1612571,1.1410148
mb-10406,train,1.6434526,1.6360885,1.447158,1.430035
af-ec10eb407ac3,train,1.5017396,1.3434938,1.1993245,1.052777
mb-07534,train,1.230449,1.1791458,1.0,0.8794505
mb-04899,train,2.1238518,2.2172685,1.968483,1.9452026
mb-06043,train,1.8633229,1.8535025,1.3617278,1.4298856
mb-02653,train,2.3283796,2.312919,1.9590414,1.8790839
mb-08729,train,1.5797837,1.5534129,1.30103,1.3156195
mb-02435,train,2.209515,2.2290685,1.7075702,1.6895043
mb-10636,train,2.10721,2.167945,1.4149734,1.4770342
mb-10071,train,1.6532125,1.7134349,1.39794,1.4473267
mb-08739,train,1.5682018,1.5596054,1.30103,1.3311679
mb-06802,train,2.1003704,2.0950975,1.447158,1.4116508
mb-03666,train,1.2552725,1.1070632,0.90309,0.79208726
mb-00672,train,2.1702616,2.194913,1.8388491,1.838546
mb-08231,train,0.30103,0.38015312,0.0,0.0336082
mb-07216,train,1.60206,1.5856155,1.3802112,1.3591633
mb-07337,train,2.033424,2.1334457,1.908485,1.9352449
mb-01212,train,2.0863597,2.0810866,1.7242758,1.7389485
mb-01451,train,1.6334684,1.6989319,1.5185139,1.4654121
mb-06916,train,1.90309,1.7713095,1.7242758,1.5439745
mb-07799,train,2.0606978,2.192199,1.9395193,2.0146458
mb-06886,train,2.0863597,2.0833557,1.9822712,2.0082765
af-7726f25d86a7,train,2.0606337,2.0993724,1.1139734,1.0997549
mb-06688,train,2.25042,2.257034,1.8808136,1.8194373
mb-05603,train,1.9190781,1.8827327,1.7853298,1.7181994
mb-03364,train,2.372912,2.321874,2.2552724,2.227983
mb-04951,train,2.1172714,2.1149464,1.6127839,1.4824536
mb-07552,train,1.9956352,1.9377801,1.50515,1.4523318
mb-06209,train,2.1931245,2.1976068,1.8920946,1.8113444
mb-06508,train,1.69897,1.685295,1.5314789,1.5317022
mb-04022,train,2.3201463,2.258871,1.7323937,1.6991798
mb-01599,train,1.9242792,1.9871862,1.7160033,1.7741233
mb-00919,train,1.8061799,1.960646,1.69897,1.7566111
mb-03269,train,1.8573325,1.9174266,1.60206,1.7046285
mb-10735,train,1.30103,1.2256227,0.7781513,0.7200702
mb-07434,train,1.9637879,1.9646032,1.6627579,1.699121
mb-02277,train,1.8325089,1.9236163,1.5314789,1.5460854
mb-00861,train,1.7160033,1.6795578,1.5314789,1.5363528
mb-04995,train,2.075547,2.1038976,1.5314789,1.5918486
mb-01452,train,2.198657,2.2071154,2.0170333,2.075756
mb-06491,train,2.2741578,2.3769348,1.9912261,2.0409288
mb-03495,train,2.029384,2.1138036,1.94939,1.9175726
mb-01699,train,1.6232493,1.5524101,1.230449,1.2104115
mb-04522,train,1.462398,1.3812281,1.1760913,1.0730686
af-d42847d039d9,train,1.568332,1.4362807,1.3006238,1.1084962
mb-10944,train,2.09691,2.1067474,1.9138138,1.9352252
mb-09934,train,2.1903317,2.1939728,1.770852,1.759508
mb-04990,train,2.0334237,2.0762308,1.8864907,1.835959
mb-06399,train,1.90309,1.8443921,1.5185139,1.2935512
mb-00108,train,1.90309,1.9131838,1.6334685,1.6482161
mb-10526,train,1.8573325,2.0033557,1.6720978,1.7074206
mb-02957,train,1.9242792,1.9126462,1.8388491,1.7730418
mb-10554,train,2.2671719,2.258416,1.80618,1.946338
mb-09428,train,2.0569048,2.0733373,1.60206,1.6485249
mb-01773,train,2.1139433,1.9669485,1.819544,1.7732106
mb-01487,train,1.913814,1.8990626,1.6127839,1.5072113
mb-02340,train,1.6127839,1.8220669,1.3802112,1.4849706
mb-09901,train,1.6901962,1.6725166,1.20412,1.187885
mb-05388,train,2.1172714,2.0258136,1.8808136,1.6980709
mb-08805,train,2.283301,2.2509522,1.690196,1.6688647
mb-07454,train,2.0413928,1.934671,1.8512584,1.72549
mb-05358,train,1.6627579,1.6051224,1.2787536,1.3320364
mb-07930,train,2.0827854,2.0579624,1.3802112,1.3933325
mb-03918,train,1.6720979,1.667311,1.2552725,1.2456455
af-082258cc4571,train,1.3326626,1.6823307,1.2305894,1.1579864
mb-03780,train,1.819544,1.8274958,1.6627579,1.6182055
mb-10928,train,2.0899053,2.0293114,1.39794,1.3823835
mb-07237,train,2.198657,2.2866514,1.8573325,1.9573665
mb-09730,train,2.2741578,2.2774858,1.8573325,1.8538932
mb-04332,train,1.6434528,1.7268333,1.5682018,1.5966331
mb-04337,train,2.283301,2.2762713,1.7242758,1.7767175
mb-03231,train,2.5132174,2.5243137,2.243038,2.251758
mb-02145,train,1.8808136,1.9549967,1.7160033,1.7516465
mb-10342,train,1.8388491,1.8438711,1.60206,1.6100695
mb-02084,train,2.033424,2.022786,1.8260748,1.8051987
mb-07506,train,2.350248,2.4445264,2.075547,2.1460292
mb-02816,train,2.2878017,2.3220382,2.143015,2.1734288
mb-02313,train,1.8750613,1.9100212,1.7242758,1.719513
mb-10287,train,1.3802112,1.3957651,1.146128,1.1626401
mb-07296,train,1.6232493,1.5772333,1.230449,1.1777195
mb-06837,train,1.6532125,1.706199,1.5185139,1.5513018
mb-04605,train,1.9542425,2.0023587,1.690196,1.6984392
mb-00122,train,1.908485,2.2244399,1.908485,2.0090947
af-0393c62d375f,train,1.3743414,1.5288476,0.9155866,1.1415485
mb-00339,train,2.2405493,2.2679868,1.7853298,1.8119413
mb-01593,train,2.1398792,2.0265737,1.7993406,1.7484878
mb-09837,train,1.7075701,1.6678731,1.447158,1.3736631
mb-02290,train,2.3521824,2.420751,2.0293837,2.1131213
mb-10790,train,2.0128372,1.9823806,1.5185139,1.5188991
mb-04733,train,1.819544,1.8104892,1.5185139,1.4861447
mb-06054,train,2.2355285,2.3022578,1.8260748,1.9058838
mb-08034,train,1.9444827,1.9442371,1.1139433,1.2212163
mb-02128,train,1.9444827,2.0081396,1.5185139,1.520353
mb-02698,train,1.6720978,1.553559,1.5797836,1.3176605
mb-10624,train,2.0,2.1702552,1.7781513,1.8758088
mb-04046,train,1.7853298,1.8485572,1.3424227,1.4469724
mb-06324,train,1.6627579,1.6642015,1.3617278,1.3358078
mb-04238,train,2.0413926,2.060686,1.8864907,1.8808444
mb-03589,train,1.5682018,1.6034921,1.2552725,1.2577319
mb-08678,train,1.7558749,1.7493376,1.230449,1.239685
mb-08016,train,2.071882,2.1273546,1.7993406,1.6973739
mb-08486,train,1.5440681,1.2621685,1.2787536,0.98819685
af-0a2246974842,train,1.9917859,1.8363327,1.2614199,1.1493354
mb-05553,train,1.9444827,1.908265,1.3617278,1.3423532
mb-02019,train,1.7075701,1.739901,1.1139433,1.1539674
mb-01471,train,1.20412,1.0938253,0.9542425,0.8727945
mb-06124,train,1.7075701,1.575889,1.3222193,1.1243677
mb-04991,train,1.30103,1.0333099,0.7781513,0.6229446
mb-02201,train,2.1038036,2.134403,1.845098,1.8865192
mb-07377,train,1.3979399,1.1606762,1.1139433,0.96635675
mb-09922,train,2.120574,2.175487,1.6720978,1.6612729
mb-09387,train,2.1238515,2.1535325,1.9294189,1.8719908
mb-01319,train,1.5682018,1.5555377,1.3802112,1.4135242
mb-09932,train,1.845098,1.8451738,1.50515,1.4477006
mb-06778,train,2.033424,2.1004195,0.845098,0.96213603
mb-01981,train,1.69897,1.6075968,1.3802112,1.3397604
mb-09253,train,2.0374265,2.0650408,1.7403626,1.7527932
mb-08249,train,1.7403628,1.7461125,1.30103,1.3413174
mb-04078,train,1.7075703,1.6989409,1.20412,1.2284606
mb-08550,train,1.9912261,1.986444,1.6812413,1.6956446
mb-06850,train,2.1367207,2.1523132,1.748188,1.6202786
mb-04108,train,2.269513,2.3114488,2.0128372,2.0435882
mb-01545,train,1.230449,1.1134682,0.845098,0.7279744
mb-10660,train,2.311754,2.2425585,1.94939,1.9421732
mb-05761,train,1.9822712,1.8794193,1.5314789,1.341234
mb-06568,train,2.2878017,2.3243089,2.0086002,2.0390294
mb-07178,train,2.0606978,2.000706,1.7160033,1.6624285
mb-02603,train,1.146128,1.3449469,0.7781513,0.95905125
af-99e3ad711c64,train,1.3705778,1.3550882,1.0862708,1.0581421
mb-08731,train,1.39794,1.3890569,1.20412,1.1752254
mb-10764,train,2.3521824,2.241922,2.0,1.8844875
mb-07915,train,2.2576785,2.2988982,2.1875207,2.2162356
mb-09926,train,2.3483047,2.1493416,1.9542425,1.858149
mb-06940,train,1.9344984,1.8460037,1.6232493,1.6168337
mb-10098,train,1.9637878,1.7604654,1.7781513,1.5758961
mb-00479,train,2.120574,2.1020467,1.7075702,1.7507262
mb-09532,train,1.90309,1.7649109,0.69897,0.60628563
mb-08336,train,2.1105897,2.1595044,1.7923917,1.8380877
mb-02890,train,2.2479734,2.289114,1.9242793,1.9683375
af-985fa81a3cc9,train,1.8144327,1.894079,1.1303692,1.138465
mb-02523,train,2.243038,2.2853441,2.0374265,2.0467792
mb-03623,train,1.9777236,2.023581,1.7160033,1.757389
mb-03759,train,1.819544,1.8001815,1.4313638,1.4641614
mb-01117,train,0.8450981,1.0025498,0.60206,0.6691818
mb-02642,train,2.1673174,2.2118032,1.1760913,1.2778312
mb-10736,train,1.6334684,1.6680076,1.3617278,1.4124776
mb-03558,train,2.120574,2.1577594,1.7242758,1.7834624
mb-03314,train,1.8129133,1.8275409,1.4771212,1.44477
mb-07225,train,1.6334685,1.5786899,1.3424227,1.2777292
mb-01086,train,2.1105897,2.0278463,1.6720978,1.6879178
mb-02966,train,1.6627579,1.6612884,1.39794,1.4032995
af-e680940d09ac,train,1.896924,1.7760606,1.2432737,1.155259
mb-02515,train,2.164353,2.2962754,2.0530784,2.2025914
mb-01533,train,1.6532125,1.6348724,1.0791812,1.1535044
mb-01677,train,1.6627579,1.6808386,1.2787536,1.355271
mb-09511,train,1.9956353,1.8811424,1.7558749,1.6960908
mb-08847,train,2.292256,2.2599545,2.2380462,2.1928706
mb-10435,train,2.10721,2.1837273,1.80618,1.8020386
mb-01189,train,1.5910646,1.6356857,1.3222193,1.3624531
mb-06176,train,2.434569,2.4186733,2.1238515,2.072294
mb-05102,train,2.1398792,2.235516,1.8512584,1.931636
mb-05153,train,1.3802112,1.4352384,1.0,1.1426474
mb-03023,train,1.3979399,1.347379,1.0791812,1.0143749
mb-02138,train,1.763428,1.702923,1.39794,1.3666334
mb-05528,train,1.8976271,1.8878558,1.4913617,1.5369997
mb-08663,train,2.3541086,2.3459773,2.1003706,2.0446842
mb-08456,train,2.0043213,2.13202,1.5682018,1.7304614
mb-07497,train,1.80618,1.7725304,1.6434526,1.5838835
mb-06177,train,1.7853298,1.7781677,1.2787536,1.2700448
mb-04207,train,2.1038036,2.121902,1.90309,1.9458206
mb-02594,train,1.6232493,1.553123,1.20412,1.0912027
mb-00353,train,1.8692317,2.0182414,1.6532125,1.6963103
mb-03971,train,2.146128,2.070641,1.7853298,1.7330035
mb-08693,train,1.5563025,1.5142664,1.3424227,1.3009992
mb-09057,train,2.149219,2.1922417,1.5314789,1.5602089
mb-10723,train,1.8325089,1.9040931,1.7242758,1.772312
mb-04235,train,1.8573325,1.8794414,1.6532125,1.6240667
mb-04160,train,2.25042,2.2492094,1.8864907,1.8588097
mb-08117,train,2.232996,2.2829645,1.8573325,1.9281112
mb-00627,train,1.0413927,0.99234325,0.60206,0.56712675
mb-04189,train,2.1003706,1.9866545,1.8750613,1.741701
mb-07523,train,2.1139433,2.101737,1.90309,1.8895826
mb-06461,train,2.1271048,2.1337879,1.9190781,1.8812538
mb-03461,train,1.7853298,1.7998216,1.5563025,1.619174
mb-00495,train,1.7781513,1.6976843,1.4771212,1.3988246
af-a17d98e1025f,train,1.000638,0.8888855,0.5932883,0.5194256
mb-06890,train,2.164353,2.1229086,1.39794,1.4360697
af-52876f739dd4,train,1.4104769,1.1946774,1.2861263,0.91923743
af-5be93a213530,train,1.8026321,1.678035,1.2991279,1.1388488
mb-08161,train,1.544068,1.6919477,1.5185139,1.4660336
mb-02577,train,1.9242792,1.9416908,1.7160033,1.7159843
mb-02633,train,1.9395192,1.900433,1.763428,1.6633307
mb-03955,train,1.8260748,1.8232288,1.4149734,1.4348993
af-e2d31b24625f,train,1.9408207,1.7412969,1.2551277,1.1297591
af-e9d97f4d8171,train,0.9803493,0.99539053,0.7162947,0.6933662
mb-10013,train,1.9138138,1.874771,1.447158,1.4534887
mb-10322,train,2.2405493,2.2175555,1.30103,1.2856865
mb-10698,train,2.3201463,2.363583,2.0606978,1.9870107
mb-03075,train,2.217484,2.1822243,1.9344984,1.8781264
mb-06434,train,2.292256,2.326382,1.9395193,1.9194549
mb-07107,train,2.045323,1.9976768,1.447158,1.4175656
mb-08548,train,2.1105897,2.1494725,1.9395193,1.9263479
mb-08247,train,2.2278867,2.3010771,1.9344984,1.9431747
mb-02626,train,2.1958995,2.1836524,1.690196,1.6795275
mb-09564,train,1.7075702,1.7021065,1.5563025,1.4527402
mb-01094,train,2.075547,2.1611857,1.9138138,1.9577348
mb-07205,train,2.1958995,2.1024995,1.690196,1.5859776
af-28bd553cc68b,train,0.7524756,1.2880349,0.7545868,0.87361956
mb-03968,train,2.2253094,2.2714195,1.8573325,1.8881336
mb-03870,train,1.9777236,1.8892758,1.7923917,1.667656
mb-01164,train,2.292256,2.339996,1.9867717,1.9731095
af-6547651e7795,train,2.3309593,2.1159797,1.2475511,0.6995022
mb-05552,train,1.8129134,1.8067511,1.6232493,1.5993992
mb-08868,train,2.0128374,2.1475015,1.6334685,1.855324
mb-09260,train,1.30103,1.3302821,1.1760913,1.1881671
mb-03007,train,1.462398,1.7254614,0.30103,0.53089297
mb-04098,train,1.9956353,1.9631712,1.7781513,1.7115103
mb-03308,train,1.8129134,1.8273247,1.4313638,1.451901
mb-09311,train,2.089905,2.2076902,1.9731278,1.9385829
mb-01128,train,1.4313638,1.4624379,0.90309,0.9524458
mb-10348,train,2.2764618,2.2580283,1.8512584,1.768759
mb-03620,train,1.230449,1.1795346,1.0,0.99781364
af-3fd470028e02,train,1.535013,2.063168,1.257501,1.0799233
mb-00674,train,2.3053513,2.2651758,1.9294189,1.8683608
mb-05860,train,1.518514,1.5346758,1.462398,1.3921213
mb-03611,train,2.075547,2.0383713,1.7993406,1.7501453
mb-01099,train,2.0170333,2.094091,1.6627579,1.7765675
mb-10898,train,2.243038,2.1586976,2.0128372,1.9502664
mb-05138,train,2.3159702,2.2934787,2.2787535,2.2313178
mb-10673,train,1.146128,0.9701052,1.0,0.91750705
mb-01352,train,2.3560257,2.2981102,2.045323,2.0415244
mb-00856,train,1.146128,1.1522623,1.0413927,1.081029
mb-06858,train,1.8129134,1.710787,1.3617278,1.2516004
mb-06160,train,2.2671716,2.3567157,1.9956352,1.9850966
af-6690ab96d031,train,1.401783,1.2429149,1.0265455,0.8430277
mb-06194,train,1.7923918,1.793253,1.20412,1.2131047
mb-02661,train,1.146128,1.1504847,0.9542425,0.8139648
mb-07338,train,0.90309,0.781723,0.60206,0.5802202
mb-02925,train,2.075547,2.0872695,1.8325089,1.8398476
mb-01443,train,1.908485,1.9730138,1.6627579,1.7224693
mb-10241,train,2.217484,2.2157316,1.845098,1.9671698
mb-10795,train,2.2227166,2.3671317,1.8750613,1.9556077
mb-05688,train,1.7160034,1.7805593,1.1139433,1.1194425
mb-03130,train,1.819544,1.7234365,1.4313638,1.3036476
af-3c78f90c1e08,train,1.3868039,1.3972203,1.1511614,1.0711213
af-fdd69cc63d2a,train,1.018817,1.1503153,0.7916577,0.8817584
mb-03865,train,1.8325089,1.9164329,1.4913617,1.4512988
mb-02676,train,1.39794,1.392244,1.0413927,1.064246
mb-01221,train,2.3283796,2.3387837,1.9395193,1.9208192
mb-07780,train,1.5314789,1.6035731,1.3222193,1.3521334
mb-01795,train,2.071882,2.0792925,1.8512584,1.849812
mb-07963,train,1.7160034,1.7179166,1.30103,1.2982208
af-d2bed74bc816,train,1.3766792,1.6737032,0.97667086,1.0557061
mb-05504,train,2.2600713,2.3617332,1.9956352,2.0395963
mb-10312,train,2.164353,2.1653562,1.60206,1.680692
mb-05014,train,1.8750613,1.8946979,1.690196,1.6588837
mb-06745,train,1.8573325,1.90505,1.7242758,1.7092189
mb-05958,train,2.232996,2.2154403,1.50515,1.4887316
mb-05936,train,2.0374265,1.9702039,1.5440681,1.4318728
mb-09279,train,2.2121875,2.1965609,1.7558749,1.7621745
mb-01979,train,1.7403628,1.7181858,1.6334685,1.5620688
mb-06392,train,2.25042,2.3241646,1.819544,1.8987453
mb-01476,train,1.6720979,1.7326208,0.90309,1.0181315
mb-00700,train,2.075547,2.199227,1.770852,1.8155286
mb-03622,train,1.90309,1.8786887,1.690196,1.6698313
mb-08547,train,2.3384564,2.332011,2.0374265,2.008115
af-a607f27fa6c4,train,1.7460399,1.8209968,1.1516609,1.1623502
mb-05903,train,2.340444,2.4225554,2.0293837,2.0975733
mb-08059,train,2.1271048,2.153238,1.6334685,1.6730325
mb-02453,train,1.6812413,1.5471139,1.0413927,0.9722972
mb-00937,train,1.6020601,1.6502279,1.4149734,1.4211183
mb-02865,train,1.8692317,1.7296739,1.6720978,1.5696068
mb-02298,train,1.968483,1.9201121,1.2552725,1.2500845
mb-03160,train,2.1846914,2.227,1.9822712,2.0176592
mb-01654,train,2.4132998,2.396753,2.1367207,2.0735614
mb-04942,train,1.7634281,1.7726572,1.5563025,1.5514315
mb-02177,train,1.8920946,1.8347447,1.4913617,1.5344228
mb-05273,train,2.2479732,2.2319863,1.819544,1.752004
mb-03504,train,2.10721,2.105791,1.763428,1.7577028
mb-02862,train,1.9731278,2.0769217,1.5797836,1.5841892
mb-03588,train,1.7708521,1.828983,1.6127839,1.5627996
mb-10875,train,1.9731278,2.0229893,1.462398,1.5576762
mb-05201,train,1.80618,1.7597576,1.39794,1.3437202
mb-10949,train,2.2552724,2.2378592,2.0606978,2.0633085
mb-06634,train,2.243038,2.2461548,2.146128,2.1445901
mb-00219,train,2.0569048,1.9827442,1.7323937,1.5963979
mb-09495,train,1.4771214,1.6493332,1.3424227,1.3437939
mb-05972,train,1.6532125,1.6352688,1.30103,1.2337885
mb-07937,train,1.6020601,1.675518,1.1760913,1.3075525
mb-00191,train,1.9444828,1.8134813,1.4313638,1.3087897
mb-09754,train,2.2648177,2.2536669,1.7923917,1.708045
mb-00620,train,2.149219,2.1574574,1.9294189,1.960915
mb-09277,train,2.1760912,2.2481527,1.6434526,1.7052188
mb-07375,train,1.845098,1.8755533,1.60206,1.635584
mb-04298,train,1.9912261,1.9431275,1.6532125,1.6058307
mb-01848,train,1.5797836,1.4472561,1.0791812,0.99285233
mb-10208,train,2.0170333,2.0713909,1.7323937,1.7228153
af-23c79c4a50ec,train,1.5299023,1.2565628,1.2838438,0.93469524
mb-02003,train,1.9344984,1.8702261,1.3617278,1.3507361
mb-10480,train,1.6334684,1.6276867,0.9542425,1.0911267
mb-09327,train,1.724276,1.6269662,1.1760913,1.0446123
mb-06647,train,2.2068257,2.2043319,1.770852,1.7968628
af-483cf5477e34,train,1.050078,1.0673624,0.6957863,0.7478479
mb-09930,train,1.30103,1.1839705,1.30103,1.3236957
mb-08460,train,0.845098,0.8882908,0.47712126,0.57767385
af-9a6cc70e1a9b,train,1.4963691,1.3975573,1.2375312,1.0690488
mb-02478,train,1.8573325,1.826345,1.30103,1.3114154
mb-01602,train,2.1731863,2.245924,1.5314789,1.5705111
mb-10107,train,2.146128,2.2890115,1.770852,1.9575915
mb-04288,train,1.7853298,1.7306266,1.4313638,1.4245284
mb-01477,train,1.9190781,1.9291378,1.3424227,1.4196515
mb-08964,train,2.0791812,2.1917622,1.60206,1.7408738
mb-04347,train,1.748188,1.7159765,1.230449,1.1702306
mb-02114,train,2.0128372,2.0889554,1.6232493,1.6189224
mb-07911,train,1.6232493,1.6433864,0.845098,0.8675541
mb-05838,train,1.8692317,1.8907691,1.3424227,1.3771718
mb-04066,train,2.456366,2.443962,2.2253094,2.2451925
mb-08052,train,2.2121878,2.2068224,1.6812413,1.712545
mb-05676,train,2.1003706,2.1112056,1.30103,1.3767815
mb-09938,train,2.133539,2.2134135,1.7558749,1.8513786
mb-07707,train,1.863323,1.8125775,1.6127839,1.5759076
af-cbd1d77464c9,train,1.3455913,1.2720419,0.9789074,0.98747873
mb-07751,train,1.9777236,2.0064085,1.39794,1.3502264
mb-09946,train,1.9822712,1.9903517,1.5185139,1.5753685
mb-06109,train,2.0086002,2.0089312,1.6232493,1.5599526
mb-04584,train,2.1038039,2.1323903,1.8512584,1.8839601
mb-03210,train,1.3424227,1.4474747,1.0,1.1149733
mb-06524,train,2.2253094,2.2764573,1.8920946,1.918889
mb-00184,train,0.7781513,0.7888137,0.47712126,0.46245754
mb-02751,train,1.146128,1.2293222,1.146128,1.208328
mb-05131,train,1.9956352,2.0256872,1.7403626,1.7220974
mb-06648,train,2.3483047,2.3115366,1.8808136,1.8706362
mb-07654,train,1.6812412,1.7149029,1.5910646,1.552091
mb-09460,train,1.6989701,1.626005,1.4913617,1.4702779
mb-10647,train,0.845098,0.68627787,0.69897,0.54762465
mb-06743,train,1.39794,1.4043249,1.0,1.0215244
mb-08948,train,2.089905,2.1431012,1.7160033,1.7955186
af-02918067ce67,train,1.4372128,1.2885157,1.0969412,1.0160877
mb-06143,train,2.283301,2.2835534,1.9138138,1.8994377
mb-01544,train,2.2855573,2.2792976,2.045323,2.0052278
mb-01690,train,2.071882,2.1608746,1.7923917,1.8463924
mb-10294,train,1.7781513,1.8059419,1.5314789,1.6061058
mb-00450,train,2.2966652,2.4078574,1.9956352,2.0899887
mb-05927,train,1.3979399,1.481339,0.845098,0.89538866
mb-03944,train,1.7403626,1.7015016,1.6720978,1.5418756
mb-04441,train,2.127105,2.156052,2.0413928,1.9904586
mb-01489,train,2.2068257,2.209404,1.6434526,1.6440718
mb-00797,train,2.230449,2.0697942,1.7993406,1.7239199
mb-00921,train,2.303196,2.2383332,1.968483,1.8220115
mb-00533,train,1.0791813,1.1778542,0.9542425,0.9402327
mb-03411,train,1.6127839,1.4966403,1.20412,1.0815347
mb-10350,train,2.045323,1.9876254,1.69897,1.6371269
mb-10540,train,2.133539,2.1542745,1.7853298,1.811592
mb-10907,train,2.3838153,2.2411597,1.8808136,1.7698052
mb-08854,train,1.5185139,1.6478596,1.0,1.1236427
mb-09132,train,2.049218,2.0530734,1.447158,1.5309314
mb-00106,train,1.8750613,1.8584281,1.5682018,1.5552444
af-ac4a44c8fcea,train,1.6890583,1.7529558,1.18967,1.1420448
mb-08654,train,1.8692317,1.8685949,1.50515,1.5293993
mb-09278,train,1.2787536,1.3513002,1.20412,1.1617086
mb-03021,train,2.2671719,2.2427104,1.9912261,1.9381088
mb-07903,train,1.1139433,1.215588,1.0791812,1.0194422
mb-00228,train,1.908485,2.0037239,1.6334685,1.6091722
mb-08469,train,1.6720979,1.5834323,1.30103,1.2280433
mb-07013,train,2.0043213,2.0113258,1.770852,1.7963316
mb-02052,train,2.3159702,2.2304232,2.0211892,1.9063256
mb-09663,train,2.2576785,2.2807522,1.8633229,1.9334496
mb-02595,train,2.1931245,2.2173872,2.1105897,2.1500719
mb-04693,train,2.363612,2.2652705,1.8633229,1.8045535
mb-09034,train,1.6232493,1.5254503,1.230449,1.1591655
mb-00702,train,2.1673174,2.1623168,1.748188,1.7207623
mb-08802,train,2.178977,2.2230825,1.5910646,1.547371
af-8b5c9383a7f1,train,1.5943305,1.753541,1.1450689,1.1708732
mb-02073,train,2.307496,2.1830285,1.9542425,1.8981261
mb-02662,train,2.38739,2.4203396,2.0170333,2.0714808
mb-01563,train,2.164353,2.1853786,1.90309,1.9297079
mb-01506,train,1.9590414,1.9213107,1.6232493,1.6177375
mb-04085,train,2.4313638,2.4474087,2.120574,2.1434886
mb-02223,train,1.819544,1.8740003,1.5682018,1.6164229
mb-00298,train,2.4265113,2.4387643,2.1522884,2.1035519
mb-05329,train,1.748188,1.8580197,1.39794,1.4888848
af-500395978f0e,train,1.9739246,1.8081269,1.1969523,1.1579527
mb-00157,train,1.3802112,1.3794043,1.230449,1.2208551
mb-10329,train,2.3909352,2.4351432,2.0934217,2.0854776
mb-01911,train,2.0791812,2.0990355,1.9344984,1.9747435
mb-04447,train,2.0606978,2.1764648,1.8573325,1.9781063
mb-00051,train,1.968483,1.9109089,1.7242758,1.6465389
mb-08254,train,1.7993405,1.7675118,1.5314789,1.5784996
af-06f1bb3cfd36,train,1.8794148,1.7927784,0.9633056,1.1430854
mb-09616,train,1.6812413,1.5915017,1.30103,1.2433385
mb-00284,train,1.8325088,1.751675,1.3222193,1.3340061
mb-02346,train,1.2304488,1.5439534,1.3222193,1.4450815
mb-01681,train,1.7403628,1.7519506,1.39794,1.4070456
mb-08193,train,1.7558749,1.8523946,1.3802112,1.4044087
mb-00722,train,1.9344984,1.9407345,1.6232493,1.6933314
mb-01954,train,1.146128,1.4742496,0.90309,1.184936
mb-00805,train,2.1038036,1.9718354,1.7403626,1.6329533
af-6d4bd5e199f2,train,1.3992895,1.126103,1.0817577,0.84534615
mb-01764,train,2.0606978,2.0854166,1.8692317,1.8556249
mb-05451,train,2.269513,2.3898716,2.0374265,2.1025403
mb-09982,train,1.90309,2.1230764,1.6812413,1.8589201
mb-09192,train,2.1105897,2.1384997,1.6232493,1.7759345
mb-05992,train,2.2121875,2.2978654,1.8750613,1.9288836
mb-06517,train,2.071882,2.2073553,1.7160033,1.7721765
mb-03682,train,2.3541083,2.2842395,1.8750613,1.8265407
mb-02952,train,1.544068,1.6571236,1.4771212,1.3359629
mb-01611,train,1.8325089,1.8080093,1.6627579,1.6184787
af-13aa186ae78d,train,1.0571791,1.0991672,0.7789482,0.84472454
mb-10927,train,1.60206,1.6636996,1.3617278,1.4196136
mb-01644,train,2.4814425,2.5256708,2.1818435,2.2608054
mb-08976,train,1.5314789,1.7226126,1.5185139,1.6644905
mb-05844,train,2.2121875,2.2439277,1.763428,1.7130194
mb-07025,train,2.230449,2.2133672,1.8692317,1.8421222
mb-07781,train,2.230449,2.1792338,1.845098,1.8410116
mb-10616,train,1.7558749,1.6426733,1.39794,1.340922
mb-04823,train,2.320146,2.3279247,2.049218,2.0136743
mb-02921,train,1.763428,1.800499,1.4149734,1.4921606
mb-02399,train,1.7323937,1.5581458,1.3802112,1.1814027
mb-00440,train,1.0791812,1.3264143,1.0,1.1927824
mb-09243,train,1.763428,1.8299861,1.4149734,1.4962895
mb-02338,train,1.845098,1.8366203,1.5185139,1.4894083
mb-00134,train,2.2787535,2.354035,1.90309,2.0449078
mb-05025,train,2.298853,2.2404215,1.770852,1.6951191
mb-01374,train,1.5797836,1.3717941,1.5910646,1.3004066
mb-02301,train,1.1760913,1.1105981,0.9542425,0.8812256
mb-10059,train,2.243038,2.2866883,1.845098,1.7852877
mb-03724,train,1.763428,1.7385982,1.69897,1.5364467
mb-09959,train,2.2878017,2.2540884,1.8750613,1.8710483
mb-08008,train,2.1583626,2.146862,1.9395193,1.855411
mb-08395,train,1.9777236,1.9364158,1.50515,1.4683368
af-c5c59a10fed6,train,1.0389736,1.1074727,0.71764386,0.7930846
mb-05741,train,1.690196,1.6347153,1.3617278,1.2898294
mb-05453,train,2.0791812,2.14957,2.0,1.9551349
mb-08262,train,2.10721,2.022406,1.6532125,1.5706801
mb-07923,train,2.1903317,2.2182436,1.845098,1.9228313
mb-00185,train,1.531479,1.5130892,1.3424227,1.288412
mb-09088,train,2.232996,2.2158384,2.049218,1.983905
mb-00799,train,2.045323,1.9831327,1.4913617,1.4493939
mb-08720,train,2.075547,2.107655,1.20412,1.2741467
mb-05719,train,1.60206,1.5193145,1.3802112,1.3080493
mb-06198,train,1.5563025,1.5801437,1.462398,1.3838314
mb-00346,train,2.1702616,2.2647026,1.9956352,2.0445123
mb-06771,train,2.0043213,1.9780965,1.5797836,1.3923327
mb-02870,train,2.1702616,2.07211,1.9294189,1.7635868
mb-07822,train,1.6989701,1.7039428,1.4913617,1.4382247
mb-08198,train,1.9912261,2.0194035,1.2552725,1.313179
mb-08015,train,1.6532125,1.6320724,1.3802112,1.3102137
mb-10667,train,2.198657,2.1880767,1.80618,1.8086509
mb-02432,train,1.8692317,1.827589,1.7075702,1.6250956
mb-10873,train,1.7075701,1.638696,1.447158,1.3561261
mb-00558,train,2.0170333,1.9540191,1.6334685,1.6366273
mb-06592,train,1.1139433,1.0639563,0.845098,0.771255
mb-08986,train,2.2787535,2.2792652,2.045323,1.9525481
mb-08603,train,2.2900345,2.3188171,2.0827854,2.0750484
mb-10601,train,1.8864908,1.989973,1.5440681,1.6011848
mb-06307,train,2.0128372,1.987148,1.447158,1.4266845
af-129f24d8bdf2,train,1.1755698,1.1802757,0.94206315,0.9012181
mb-03307,train,2.5854607,2.4794188,2.445604,2.192139
mb-03089,train,2.1818435,2.196225,1.9822712,1.946003
mb-02949,train,1.9294189,1.9033974,1.3802112,1.3954223
af-912cd1cff7b1,train,1.1968502,1.2533044,0.89406836,0.951601
mb-09767,train,1.3010299,1.4809825,1.0791812,1.2890921
af-38fefb0ffb8a,train,1.7412391,1.715716,1.204101,1.1299706
mb-06636,train,2.2430382,2.273987,2.1673174,2.1928108
mb-01152,train,1.90309,1.9119332,1.50515,1.4764291
mb-02840,train,1.8976271,1.8794482,1.4149734,1.4586151
mb-04772,train,1.748188,1.671982,1.5185139,1.4193934
mb-10853,train,1.8129134,1.7244385,1.4913617,1.3888786
mb-01112,train,2.1731863,2.2780979,1.8129133,1.9243912
af-b08aeea1f94f,train,1.872221,1.7768419,1.252467,1.142209
mb-07662,train,1.39794,1.539298,1.1760913,1.2642028
mb-05422,train,1.1760913,1.1808232,0.7781513,0.76653063
mb-06835,train,1.39794,1.29059,0.7781513,0.75792336
mb-00549,train,2.2355285,2.2785163,1.8573325,1.8778604
mb-06844,train,2.1172712,2.175922,1.770852,1.7966293
mb-04011,train,1.5185139,1.563807,1.3222193,1.4026115
mb-02874,train,2.0334237,2.1375403,1.6720978,1.8834727
mb-10762,train,2.4899585,2.457023,2.269513,2.163165
mb-04415,train,1.8260748,1.7616394,1.5185139,1.4724318
mb-03318,train,2.252853,2.4457176,2.071882,2.1701894
mb-08898,train,1.6020601,1.6757414,1.0,1.0953314
mb-02440,train,2.0,2.0633926,1.4313638,1.5014646
mb-04457,train,2.0791812,2.098912,1.6812413,1.81062
mb-09225,train,1.968483,2.1977406,1.7323937,1.8541024
mb-04048,train,2.25042,2.2293897,1.8750613,1.8037163
mb-03782,train,2.0569048,2.2080135,1.9138138,1.8810997
mb-00735,train,2.161368,2.1751788,1.9637878,1.9366503
mb-10307,train,1.230449,1.2682364,0.69897,0.82478666
mb-08211,train,2.0934217,2.036104,1.763428,1.7655494
mb-09194,train,2.262451,2.295047,2.1038036,2.216164
mb-04083,train,1.9190781,2.0276737,1.5910646,1.6736712
mb-10214,train,2.0681858,2.1450706,1.4771212,1.5626705
mb-08468,train,2.1903317,2.1642125,1.8692317,1.8433068
mb-03626,train,1.724276,1.7048364,1.6532125,1.5518078
mb-07744,train,1.845098,1.8119073,1.6532125,1.607391
mb-03025,train,0.7781513,0.71708095,0.69897,0.58893573
mb-01337,train,1.7634281,1.887931,1.4313638,1.52506
mb-03362,train,2.164353,2.2376657,1.7993406,1.8240299
mb-06725,train,1.9190781,2.0156,1.8325089,1.9224074
mb-03550,train,2.2355285,2.1426144,1.7923917,1.7005711
mb-00915,train,2.071882,2.1439369,1.763428,1.9182606
mb-01404,train,1.9444827,1.9226761,1.6434526,1.6920508
mb-01217,train,2.064458,1.9353316,1.845098,1.537213
mb-01608,train,1.1760912,1.0080307,1.0413927,0.90388095
mb-07024,train,2.0530784,1.9555811,1.6434526,1.5861706
mb-05521,train,1.9138138,1.9758855,1.8920946,1.5359579
mb-05602,train,1.7160033,1.8816624,1.4771212,1.6352317
mb-05494,train,1.690196,1.6673279,1.3222193,1.391558
mb-06186,train,1.908485,1.9186996,1.5682018,1.5698726
mb-07716,train,2.230449,2.278832,1.9777236,1.8654082
mb-00046,train,1.8573325,1.9180458,1.6434526,1.6707149
mb-05049,train,1.60206,1.6386437,1.3222193,1.3079021
mb-04722,train,2.0043213,1.9365923,1.6720978,1.6889825
mb-03813,train,1.6127839,1.6158017,1.20412,1.3035582
mb-04770,train,2.30103,2.2900748,1.9542425,1.9337263
mb-02209,train,1.8920946,1.9295653,1.4149734,1.4439201
mb-03449,train,2.089905,2.1038284,1.69897,1.7002635
af-9bf8a506c5f1,train,1.3432214,1.2242754,1.0666575,0.91703784
mb-08425,train,1.9731278,2.0775032,1.5797836,1.6892431
af-7d8a11e29070,train,1.0657029,1.2987605,1.040175,0.95945066
mb-09606,train,2.2121875,2.2658849,1.8129133,1.8139148
mb-05522,train,2.1760912,2.3800972,1.968483,2.0141711
mb-00579,train,1.2787535,1.4754748,1.4771212,1.2718643
mb-02704,train,1.1139433,1.1650897,0.845098,0.90537596
mb-03509,train,2.2878017,2.3645425,1.9190781,2.0371222
mb-06398,train,1.9395193,1.99685,1.5682018,1.5767107
mb-01491,train,1.9395193,1.8895589,1.6812413,1.6176858
mb-10458,train,2.1172714,2.074349,1.7075702,1.688654
mb-00030,train,1.763428,1.747676,1.447158,1.5730726
mb-08536,train,2.1038036,2.185224,1.8260748,1.9042603
mb-08452,train,1.8633229,1.8592151,1.50515,1.4803642
mb-02280,train,1.4471581,1.4957699,1.30103,1.3592687
mb-02984,train,2.3117537,2.2185514,2.0293837,1.9407115
mb-03463,train,2.252853,2.273714,1.748188,1.6966711
mb-08296,train,1.6720979,1.6953332,1.4913617,1.4664192
mb-03474,train,2.1903317,2.1241717,1.763428,1.7523172
mb-03551,train,1.7558749,1.81546,1.5682018,1.5585928
mb-07626,train,1.7708521,1.9077559,1.6627579,1.7065601
mb-00564,train,2.029384,2.0156856,1.7075702,1.6657877
mb-10343,train,1.3979399,1.3006325,1.1139433,1.0193161
af-a4ea871a74e5,train,1.3571665,1.3964018,1.1403477,1.0792538
mb-09951,train,1.9395192,2.0286036,1.4771212,1.5985478
mb-05192,train,1.7160034,1.7060612,1.39794,1.3639995
mb-09892,train,1.968483,2.1000454,1.7160033,1.7692693
mb-09381,train,1.5797837,1.5305192,1.146128,1.1832165
mb-04479,train,2.3384564,2.3219392,1.9912261,1.9863791
mb-01703,train,2.1875207,2.2161245,2.0,1.9541667
mb-09440,train,0.30103,0.17925543,0.0,-0.101196885
mb-00150,train,1.5314789,1.5503047,1.4771212,1.4308561
mb-05297,train,1.8129133,1.8290001,1.5910646,1.6137723
mb-02997,train,1.230449,1.3185747,1.0413927,1.0834783
af-3bc3fc68c58f,train,1.6787714,1.8181309,0.912314,1.1448722
mb-05731,train,1.8750613,1.8484062,1.5563025,1.5290273
af-095a60fa8ca0,train,1.727933,1.6722553,1.2619452,1.1419921
mb-08851,train,1.9777236,2.0184686,1.7242758,1.8066157
mb-07051,train,1.9777236,1.9228094,1.5910646,1.4682004
mb-02602,train,2.0086002,2.0509493,1.80618,1.8187449
mb-05737,train,1.763428,1.8503064,1.0413927,1.1906
mb-08593,train,1.1139433,1.2243931,0.9542425,1.051667
mb-01502,train,2.064458,2.1769047,1.9294189,1.9660345
mb-02944,train,2.363612,2.3765306,1.9731278,1.9839177
mb-07810,train,1.8976271,1.8176326,1.5314789,1.4648248
mb-10299,train,2.0170333,2.0213616,1.60206,1.6560619
mb-08873,train,1.5440681,1.5595095,1.3617278,1.3803103
af-a652b12baedd,train,1.128903,1.1795363,0.7641021,0.88464063
mb-07660,train,2.0374265,2.1465468,1.0413927,1.2155963
mb-02191,train,1.968483,1.967909,1.7323937,1.7454522
mb-03931,train,1.9138138,1.9862899,1.7853298,1.822424
mb-10419,train,2.0791812,2.1384656,1.5440681,1.7766287
mb-08490,train,1.748188,1.7988268,1.230449,1.3525957
mb-07536,train,2.1271048,2.2747889,1.9590414,2.190402
mb-10925,train,1.8129134,1.7413744,1.5682018,1.5298951
mb-06958,train,1.8808136,1.8890309,1.5563025,1.5870191
mb-03222,train,1.6434526,1.73542,1.0413927,1.1852801
mb-10652,train,1.9344984,2.0492442,1.7403626,1.8746104
mb-08772,train,2.298853,2.2571812,2.0043213,1.915128
mb-04192,train,2.1398792,2.2435732,1.968483,2.1365414
mb-01224,train,1.7160033,1.6519257,1.60206,1.5066224
mb-01157,train,1.5682018,1.5378175,1.3617278,1.3686446
mb-01551,train,1.5563024,1.6399115,1.4771212,1.5230995
af-e045e3a545c6,train,1.7546563,1.644351,1.1711705,1.1171651
af-42509cd1af13,train,1.098962,1.159443,0.781019,0.87311894
mb-07859,train,1.8388491,1.8044376,1.50515,1.4776186
mb-09525,train,1.8325089,1.7940888,1.6627579,1.6016597
af-211150363711,train,1.5953574,1.6520972,1.0436138,1.1200284
mb-04144,train,2.0374265,2.0517566,1.69897,1.7055411
mb-04321,train,1.9030899,1.8811389,1.6720978,1.6789389
mb-00227,train,0.60206,0.71487314,0.47712126,0.60889137
af-1129ad921009,train,1.3496466,1.4432142,1.0183717,1.1305217
mb-07978,train,2.252853,2.2918727,1.8325089,1.8691069
mb-04487,train,2.5051498,2.516789,2.2278867,2.2465243
mb-05231,train,1.763428,1.7579951,1.447158,1.4396443
mb-07015,train,1.6812413,1.4703209,1.2787536,1.1673855
mb-07109,train,1.90309,1.6266588,1.3222193,1.1013708
mb-10841,train,1.8388491,1.8956077,1.763428,1.6014429
mb-00588,train,2.1038036,2.1494305,1.6232493,1.8709034
mb-05427,train,2.3636122,2.3394113,1.8512584,1.8662319
mb-10863,train,1.9956353,2.0383692,1.3617278,1.3909883
mb-10916,train,2.6394863,2.27722,2.7176704,2.204729
mb-10890,train,1.832509,1.8512363,0.69897,0.7385247
mb-06315,train,1.8512584,1.789372,1.39794,1.3443266
mb-09948,train,2.3856063,2.481956,2.1903317,2.2152565
af-606a098dc23f,train,1.3869946,2.0560427,1.3002259,1.1293054
mb-07364,train,2.2479732,2.2431066,2.0170333,2.0707667
mb-04093,train,2.1583624,2.1551256,1.5910646,1.5918517
mb-09483,train,2.3443923,2.2861013,2.0043213,1.9768484
mb-00506,train,2.143015,2.1691446,1.6334685,1.5981661
mb-10843,train,1.819544,1.8640294,1.50515,1.5733132
mb-10463,train,1.5682018,1.6325637,1.3424227,1.4275697
mb-00168,train,1.531479,1.4306402,1.30103,1.2642876
mb-04601,train,1.3802112,1.4990205,0.9542425,1.0545777
mb-10301,train,1.4771212,1.512063,1.3802112,1.395369
mb-10528,train,1.3222193,1.3234198,1.1139433,1.102134
mb-01573,train,1.8450981,1.7295107,1.4313638,1.3762369
mb-02199,train,2.1367207,2.1919935,2.1553361,2.1286178
mb-08093,train,1.1139433,1.2065195,0.845098,0.8837414
mb-05259,train,2.0827854,2.058069,1.4149734,1.4009006
mb-01590,train,1.8750613,1.7882936,1.5910646,1.4424046
mb-09169,train,1.7323939,1.6471555,1.4313638,1.3352754
mb-06586,train,1.8864907,1.8840222,1.5314789,1.5588208
mb-05118,train,2.1760912,2.0862193,1.8129133,1.7357373
mb-04446,train,1.5563024,1.5237166,1.3222193,1.3169622
mb-04773,train,2.4132998,2.4365816,2.09691,2.1286716
mb-01558,train,2.049218,2.0281835,1.770852,1.6635659
mb-10196,train,2.1818435,2.1853418,1.7781513,1.6792839
mb-00908,train,2.0827854,2.1145482,1.6532125,1.7032794
mb-05339,train,2.3222194,2.2458968,1.7853298,1.7279164
mb-05229,train,2.1731863,2.2525609,1.5910646,1.7374866
mb-08248,train,1.6334685,1.9410521,1.4313638,1.6062059
mb-04571,train,2.3242824,2.2344768,1.9444827,1.7728314
mb-08856,train,2.133539,2.1601663,1.690196,1.7641559
mb-09578,train,2.0374265,2.0919933,1.8260748,1.821858
mb-03206,train,2.089905,2.1394205,1.9294189,1.9336847
mb-09287,train,1.5185139,1.4468113,1.2552725,1.1473327
mb-07039,train,1.8920946,1.9846406,1.6720978,1.7901646
mb-05790,train,1.6232493,1.6075182,1.3617278,1.3335477
mb-08722,train,2.3117537,2.2231095,1.7781513,1.6182119
mb-08813,train,1.5185139,1.5842927,1.4149734,1.4725523
mb-05557,train,1.6720979,1.7325621,1.0413927,1.0991621
mb-06340,train,2.139879,2.1825993,1.7853298,1.7840161
af-94dbdbbca7eb,train,1.4035974,1.6659582,1.0762106,1.1206429
af-bdc362fd57f0,train,1.5090466,1.6228987,1.111894,1.1578102
mb-10064,train,1.9493899,2.0807421,1.60206,1.7096347
mb-09968,train,1.3010299,1.3115091,1.0413927,1.0592119
mb-09306,train,2.2013972,2.1981497,1.8976271,1.8690927
mb-07081,train,1.90309,1.8762412,1.5797836,1.586868
mb-00900,train,1.4471581,1.2482575,1.1760913,1.0339735
mb-09340,train,1.4771212,1.5263444,1.39794,1.4725398
mb-08426,train,1.9444828,1.8475441,1.3424227,1.2969904
mb-08192,train,1.5440681,1.7816808,1.1139433,1.3249753
mb-06998,train,2.20412,2.0585566,1.908485,1.7743129
mb-10670,train,2.130334,2.1523833,1.8976271,1.9029126
mb-03908,train,2.1931245,2.223666,1.69897,1.6895809
mb-00366,train,1.4313638,1.5357573,0.90309,1.0457616
mb-10958,train,1.5910647,1.556741,1.30103,1.2700138
mb-10577,train,1.7708521,1.8798018,1.4913617,1.5559614
mb-04793,train,1.7993406,1.8565598,1.4913617,1.5222477
mb-01671,train,1.2787536,1.1534773,1.0,0.9231206
mb-02813,train,1.3617278,1.2866437,1.230449,1.209584
mb-03438,train,1.462398,1.36691,1.30103,1.1846509
af-b8403806e5d2,train,1.4744595,1.5005069,1.0186214,1.0726492
mb-02034,train,1.8260748,1.8409832,1.4149734,1.4869821
mb-04512,train,1.1139433,1.0606446,0.845098,0.7812233
af-7374050d72df,train,1.6037829,1.5105078,1.1885235,1.1753087
mb-01020,train,1.8260748,1.8406674,1.230449,1.2777991
mb-05254,train,1.7160033,1.6647872,1.3617278,1.3707384
mb-03614,train,2.064458,2.0360103,1.770852,1.7331853
af-e1ae2873e21d,train,1.6839471,1.7968512,1.0552101,1.1455643
mb-09363,train,1.39794,1.3235432,0.90309,0.9946075
mb-04120,train,2.1038036,2.069348,1.20412,1.2701397
mb-01450,train,1.819544,1.8800007,1.6232493,1.647374
mb-00798,train,2.033424,2.1318517,1.7781513,1.7532634
af-d7ab8c656ef3,train,1.5230725,1.3772199,1.139854,1.0499017
mb-08358,train,2.2227166,2.2153356,1.908485,1.8356339
mb-01183,train,2.1271048,2.2782269,1.8260748,1.9534948
mb-06011,train,1.9493899,1.9681166,1.3802112,1.3934689
mb-01155,train,1.2552725,1.2132392,1.0,0.84268284
mb-02424,train,1.2552725,1.2433348,1.1139433,1.0958271
mb-02937,train,2.1553361,2.2724388,1.7781513,1.8621564
mb-09191,train,1.6127839,1.5231835,1.5440681,1.3608111
mb-03502,train,1.6127839,1.5850264,1.4313638,1.3859817
mb-07356,train,1.763428,1.8022962,1.5185139,1.5602934
mb-01483,train,1.763428,1.7334839,1.3424227,1.263893
af-f2420bdaea73,train,1.216092,1.1225328,0.7656194,0.7886609
mb-05406,train,2.0043213,2.00326,1.7242758,1.7252643
mb-01766,train,2.1958997,2.2793128,1.8750613,2.0060425
mb-05241,train,1.7993406,1.908227,1.462398,1.5058696
mb-00280,train,1.6434526,1.6987163,1.2552725,1.3089019
mb-05908,train,2.1172712,2.0904193,1.6434526,1.5973741
mb-07753,train,2.220108,2.2459848,1.8920946,1.8650699
mb-00515,train,1.9867718,1.9970217,1.30103,1.4026538
mb-01944,train,1.9444827,2.0319252,1.8388491,1.8377321
mb-04418,train,1.9138138,1.8726354,1.5797836,1.5495726
mb-05551,train,2.4116197,2.4121714,1.9731278,2.0939138
mb-07814,train,1.7558749,1.7237349,1.230449,1.1883907
mb-07508,train,2.1139433,2.2331517,1.5185139,1.6560224
mb-06443,train,2.2741578,2.3637328,1.9444827,2.0060658
mb-05665,train,1.8325088,1.8509848,1.3222193,1.374635
mb-04717,train,1.1139433,1.219167,0.7781513,0.8605832
mb-02067,train,1.9444826,1.8176525,1.5314789,1.4684196
mb-02916,train,1.6334685,1.6325154,1.4313638,1.3718973
mb-01379,train,1.7403626,1.6596563,1.0,0.91391134
mb-08054,train,1.7923917,1.764933,1.5797836,1.5832428
mb-05011,train,2.1271048,2.184547,1.9542425,1.8779521
mb-00945,train,2.064458,2.0996518,1.7160033,1.7237089
mb-08420,train,1.90309,1.896708,1.748188,1.6714486
mb-02877,train,2.3180633,2.1828563,1.4313638,1.5425618
mb-06849,train,2.4955444,2.476779,2.3096302,2.2063653
mb-04196,train,2.1038036,2.1570094,1.7853298,1.7218229
mb-05003,train,2.1105897,2.030017,1.763428,1.6261021
mb-10309,train,1.8808136,2.0065167,1.3802112,1.5477226
mb-05763,train,1.60206,1.7331213,1.3802112,1.5352006
mb-08411,train,2.1583626,2.266368,1.9395193,1.9529104
af-97b0ff1e229c,train,1.5533926,1.1990999,1.2986151,0.9763747
mb-09658,train,1.5185139,1.6438822,1.30103,1.2168465
mb-08127,train,1.3424227,1.2478449,0.90309,0.8522454
mb-03195,train,2.089905,2.0198941,1.690196,1.5430309
af-59bce60e4ed7,train,1.6086447,1.7213051,0.9380266,1.1262637
mb-01151,train,2.311754,2.3096852,1.8512584,1.8842574
mb-00872,train,1.230449,1.1391966,1.1760913,1.096463
mb-08457,train,2.089905,2.1591613,1.5314789,1.5996662
af-b6cf0b50f4b3,train,1.3770984,1.4009155,1.0111939,1.0944176
mb-09436,train,2.1818435,2.2458594,1.8750613,1.903334
af-42a754c4948a,train,1.5050617,1.3110663,1.2265174,0.9955264
mb-05225,train,1.4913617,1.4089305,1.3802112,1.27739
af-b3744e8adac3,train,1.551789,1.4829297,1.0787758,1.1137736
mb-04838,train,1.7708521,1.772229,1.230449,1.2786295
mb-00648,train,1.3424227,1.2117288,1.1139433,0.98171467
mb-02820,train,1.8388491,1.7434375,1.3802112,1.2406888
mb-06808,train,2.1875207,2.1532106,1.9867717,1.8724909
mb-10225,train,2.1818435,2.2425847,1.690196,1.6999087
af-9c68d753a5c1,train,1.52562,1.5935825,1.0625519,1.1279048
mb-09875,train,2.3138673,2.3460898,1.8808136,1.9741516
mb-09556,train,2.2479732,2.1251817,2.075547,1.9009459
mb-00897,train,1.8573325,1.7611821,1.4149734,1.447862
mb-05454,train,1.8573325,1.8674333,1.50515,1.4650129
mb-02831,train,2.0492182,2.1058671,1.8260748,1.8536885
mb-10567,train,2.25042,2.3296018,1.8808136,1.9935333
mb-02088,train,1.3802112,1.3633212,0.9542425,0.9876109
mb-03601,train,2.164353,2.1910305,1.8573325,1.8246294
mb-01170,train,1.3617278,1.4617095,0.47712126,0.47750556
mb-10493,train,1.5797837,1.7455777,1.39794,1.5128027
af-57881763974b,train,1.6657732,1.6447859,1.164088,1.0246931
mb-00267,train,1.3010299,1.4358811,1.1139433,1.0728265
mb-09134,train,2.2479732,2.2217941,1.5185139,1.5285666
mb-10110,train,1.69897,1.6035672,1.0791812,0.9784612
mb-09355,train,1.90309,1.8447638,1.4771212,1.4439884
mb-09142,train,2.064458,2.0150526,1.8573325,1.8652968
mb-06214,train,1.7558749,1.7696333,1.447158,1.4381928
mb-10625,train,2.1398792,2.1396947,1.6532125,1.7172524
mb-07565,train,2.0374265,2.0571666,1.770852,1.8251222
mb-05720,train,1.7160034,1.7424113,1.1139433,1.1818385
mb-07018,train,1.5797837,1.6418698,1.39794,1.3340988
mb-07516,train,1.7242758,1.719832,1.2552725,1.2157285
af-ab6fb47139d6,train,1.5650067,1.4995999,1.1345787,1.1240857
mb-00044,train,2.133539,1.9946389,1.7993406,1.66395
mb-07442,train,1.230449,1.2172378,1.146128,1.2178918
mb-04102,train,2.25042,2.2274878,2.0934217,2.0349107
mb-09952,train,2.217484,2.2558947,1.7781513,1.7246113
mb-03787,train,2.1367207,1.9777067,1.8325089,1.7742963
mb-10341,train,1.8633229,1.8963294,1.5797836,1.6569413
mb-01851,train,2.09691,2.1338477,1.6627579,1.7032812
mb-07229,train,1.7075702,1.746435,1.2787536,1.2792982
mb-01514,train,1.7708521,1.791362,1.462398,1.4049485
mb-02134,train,1.5563025,1.5815138,1.4313638,1.4019948
mb-08869,train,1.7558749,1.7863497,1.3802112,1.436172
mb-04850,train,2.1105897,2.149352,1.8325089,1.88977
mb-02328,train,1.3802112,1.5203319,1.1139433,1.1714182
mb-07236,train,1.7075702,1.7249111,1.230449,1.2379305
mb-07955,train,1.7075702,1.6574695,1.3424227,1.3008857
af-2f48421ae345,train,1.1535466,1.5325546,0.99521077,1.1093048
mb-09595,train,1.5440681,1.566343,1.0,1.0885074
mb-00586,train,1.7160034,1.8174391,1.2787536,1.4265628
mb-05216,train,1.0791812,1.0377822,0.845098,0.74539465
mb-08723,train,1.3222193,1.2257245,1.0413927,0.97624904
mb-06364,train,2.2855573,2.3627837,1.9344984,1.9924023
mb-07077,train,1.1760913,1.3528833,0.9542425,1.1177977
mb-00513,train,1.9637878,2.009212,1.5910646,1.6165419
mb-00321,train,1.748188,1.7619553,1.3222193,1.4274487
mb-06761,train,1.8129134,1.8541281,1.1760913,1.2318125
mb-03339,train,2.0,1.9646323,1.690196,1.6542474
mb-09461,train,2.2380462,2.2794962,1.8573325,1.8779263
mb-08341,train,1.146128,1.0994365,0.9542425,0.90426046
mb-01115,train,1.5797837,1.5875255,1.30103,1.3182409
mb-06673,train,2.3283796,2.2783475,2.2718415,2.2039373
mb-05312,train,1.9777236,1.8166721,1.30103,1.1645073
mb-09478,train,2.0,2.1858554,1.94939,1.9501436
mb-02187,train,2.1238515,2.1853523,1.845098,1.7800487
af-9e643376d04e,train,1.0992212,1.1385399,0.79087955,0.8300474
mb-09738,train,2.1139433,2.124188,1.7160033,1.8932624
mb-10891,train,1.5682018,1.5725896,1.0,1.0904045
af-10e7d65dca0a,train,1.3286059,1.4273858,1.0994977,1.0657612
mb-00690,train,1.8325089,1.7718298,1.60206,1.4950755
mb-03948,train,1.8260748,1.7623004,1.4771212,1.4230535
mb-08471,train,2.252853,2.2076948,2.0293837,1.9272754
mb-08366,train,2.089905,2.150995,1.4771212,1.5304275
mb-03090,train,2.09691,2.0921774,1.7242758,1.6569828
mb-05213,train,2.480007,2.296042,2.30103,2.232486
mb-03785,train,2.2718415,2.3141224,1.9294189,1.917037
mb-02253,train,1.8260747,1.7978889,1.5797836,1.537092
mb-07926,train,2.230449,2.23002,2.198657,2.1481872
mb-05930,train,1.9731278,1.9740586,1.5563025,1.6242639
mb-08822,train,1.5910647,1.565779,1.1760913,1.1695327
mb-00617,train,2.25042,2.2700846,1.8692317,1.8990427
mb-02795,train,2.1172712,2.094916,1.7923917,1.7848691
mb-01983,train,2.0,2.0943537,1.9294189,2.042276
mb-09714,train,2.2810333,2.0533173,1.8864907,1.7097596
mb-09089,train,2.3443923,2.3478413,1.9190781,1.9686414
af-4038910d534b,train,1.5607063,1.4880757,1.231839,1.1883564
af-ac17f9369248,train,0.7086792,0.65621465,0.35116604,0.31371224
mb-08626,train,2.3053513,2.287236,1.9912261,1.9969425
mb-08277,train,2.1303337,2.0998855,1.5910646,1.5784492
mb-00037,train,1.7160034,1.6092114,1.39794,1.3126086
mb-10355,train,1.3617278,1.3169523,1.0,1.064807
mb-09838,train,2.0606978,2.0156014,1.6127839,1.6567425
mb-08903,train,1.5910646,1.567272,1.3617278,1.3069717
mb-05171,train,1.3222193,1.3808846,1.0,1.1835368
mb-00538,train,1.3979399,1.1861095,1.0791812,0.83884144
mb-09809,train,2.269513,2.182356,1.9777236,1.9070005
mb-04700,train,1.9590414,1.9610146,1.763428,1.7308084
mb-08144,train,1.6812413,1.94027,1.50515,1.7492634
mb-06373,train,2.149219,2.085262,1.8512584,1.6892549
mb-06436,train,2.1702619,2.2002478,1.9190781,1.9406
mb-00592,train,1.361728,1.3505415,1.1760913,0.9595896
mb-08291,train,1.7160034,1.7647533,1.20412,1.2994705
mb-01083,train,2.1818435,2.164417,2.064458,2.0341372
mb-01738,train,2.146128,2.1846952,1.7853298,1.9427586
mb-00238,train,1.8750613,1.932942,1.6232493,1.6240329
mb-02028,train,1.7160033,1.5914773,1.5314789,1.4987104
af-3746bf32a178,train,1.2012441,1.2005587,0.9602638,0.94000655
mb-01448,train,1.4313638,1.5030618,1.20412,1.367066
mb-06065,train,1.5682018,1.4933715,1.230449,1.1648428
mb-02480,train,2.0211892,1.9012146,1.7853298,1.6979021
mb-00962,train,2.2380462,2.2204568,1.8692317,1.8798273
mb-06699,train,2.3304136,2.2784743,2.2718415,2.2041156
mb-00721,train,2.2648177,2.284132,1.9822712,1.9352102
mb-00042,train,1.1760913,1.0566367,0.69897,0.56845516
mb-01173,train,2.1522884,2.1827734,1.7853298,1.8465931
mb-03161,train,2.0170333,1.8857847,1.819544,1.6953229
af-917b743bc2ff,train,1.3145266,1.5711017,1.1221175,1.1325431
mb-07797,train,1.7075702,1.7131653,1.4771212,1.4974031
mb-10801,train,1.230449,1.0651547,0.9542425,0.8307162
mb-08040,train,2.0043213,2.052438,1.770852,1.7602253
mb-07149,train,2.0086002,2.1305575,1.7993406,1.8550962
mb-02240,train,1.8388491,1.8386605,1.4913617,1.525157
mb-06739,train,1.7323937,1.7656734,1.4913617,1.5358738
mb-08639,train,1.5797836,1.5563705,1.3222193,1.2921064
mb-02908,train,1.5563025,1.5594169,1.2552725,1.2964906
mb-04436,train,2.2355285,2.232481,1.819544,1.8209231
mb-07017,train,0.845098,1.2710817,0.69897,0.89756674
mb-08875,train,2.292256,2.3011155,1.968483,1.9767416
mb-04771,train,2.3180633,2.3463018,2.0606978,2.1171381
mb-08641,train,1.748188,1.8014556,1.4771212,1.5590686
mb-07968,train,2.2528532,2.4057474,1.94939,2.0591023
mb-01811,train,2.209515,2.2852774,1.8864907,1.9529874
af-7db41ab7fd14,train,1.529556,1.6523963,0.9046501,1.1419959
mb-04096,train,1.9731278,1.8783488,1.5440681,1.4685147
mb-08769,train,1.6232493,1.5669682,1.3424227,1.2976867
mb-04901,train,1.2041199,1.2231331,1.1139433,1.0833154
mb-02037,train,1.8692317,1.8963912,1.748188,1.7509174
mb-10376,train,2.045323,2.2151134,1.9912261,1.9680957
mb-09856,train,2.0,1.9885077,1.6127839,1.668448
mb-00121,train,1.7558749,1.7363923,1.6434526,1.5837419
mb-05996,train,2.1303337,2.1905968,1.6434526,1.6827927
af-9c3bde3044aa,train,1.4549423,1.2340593,1.2588599,0.9684438
mb-08421,train,1.8692317,1.9600949,1.3802112,1.4770716
mb-06584,train,2.4727564,2.3604758,2.133539,2.0351534
mb-05787,train,1.8633229,1.947113,1.6532125,1.6455998
mb-00058,train,0.9542425,0.9161357,0.0,0.030390859
mb-05630,train,1.5314789,1.4955746,1.3222193,1.2810202
mb-10803,train,1.9542425,2.1090758,1.0413927,1.1416107
af-a19cdea5f11f,train,1.7234557,1.8438604,1.1731716,1.1652431
mb-06896,train,2.0569048,2.22564,1.9822712,1.9788225
mb-07318,train,1.50515,1.3148654,1.0791812,0.95159876
af-e439c7b42e5e,train,1.2971519,1.1336646,0.9713042,0.7782693
mb-01213,train,2.2552724,2.236184,2.064458,2.0232933
mb-08285,train,1.30103,1.4171824,1.20412,1.2428763
mb-07631,train,2.133539,2.1652794,1.7242758,1.8064586
af-280f3db106d0,train,1.2784107,1.3311057,0.86170524,1.0042416
mb-02108,train,1.9395193,1.9144964,1.845098,1.7511499
mb-08899,train,2.1553361,2.1304686,1.3424227,1.4083365
mb-07204,train,2.2624512,2.2384293,1.8808136,1.8293109
mb-10001,train,2.243038,2.1154037,2.0170333,1.8822271
mb-06478,train,2.0934217,2.105471,1.6627579,1.6638718
mb-08637,train,1.9777236,1.97617,1.6434526,1.5630378
mb-01260,train,2.1731863,2.166307,1.7923917,1.9026859
mb-05632,train,1.6127839,1.6620528,1.4313638,1.5136744
mb-01323,train,1.690196,1.8749449,1.39794,1.5347933
mb-08922,train,2.2479732,2.2572348,1.6434526,1.6226006
mb-09475,train,2.2648177,2.2608998,1.8692317,1.9050183
mb-05938,train,2.2787535,2.2022274,1.9294189,1.8078276
mb-09889,train,1.9731278,2.1470168,1.7323937,1.789989
mb-05044,train,1.7923917,1.7654576,1.6720978,1.5866148
mb-01368,train,1.69897,1.5997761,1.447158,1.3304918
mb-10541,train,1.5910646,1.5681441,1.2552725,1.1560793
mb-08933,train,1.6720979,1.6333841,1.39794,1.3653817
mb-02185,train,1.4149733,1.3901311,1.0791812,1.0857306
mb-04734,train,1.8512583,1.8462017,1.5797836,1.543594
mb-07284,train,2.2278867,2.134235,1.5682018,1.5406858
mb-00283,train,1.60206,1.6717861,1.3222193,1.4178519
mb-08972,train,2.149219,2.135498,1.5440681,1.5498601
mb-04969,train,1.7781513,1.8202709,1.5797836,1.62987
mb-01305,train,1.39794,1.4854,1.1760913,1.2109176
mb-04929,train,2.120574,2.1794016,1.9731278,2.0167968
mb-08730,train,1.2787536,1.1327412,1.0,0.94561374
mb-08531,train,2.0791812,2.2397978,1.748188,1.8735995
mb-10138,train,2.390935,2.3690479,2.0681858,2.0410159
mb-08035,train,2.064458,2.21873,1.8129133,1.9538697
mb-08671,train,2.2966652,2.2991848,1.8633229,1.8803898
mb-07893,train,1.9344985,1.9401447,1.5563025,1.7249538
mb-03459,train,1.6127838,1.6356556,1.447158,1.4332832
mb-07589,train,2.3541083,2.4165325,2.0043213,2.0790255
mb-06126,train,2.2900348,2.3051324,1.94939,1.9145564
af-3e164407c8b6,train,1.6179894,1.6693261,1.0966876,1.1289171
mb-10798,train,1.5797837,2.3764977,1.9190781,2.0660636
mb-09976,train,1.3802112,1.4764171,1.146128,1.1750921
mb-07281,train,2.1903317,2.1562674,1.9344984,1.872583
mb-06845,train,1.4771212,1.493304,1.3222193,1.4383087
mb-10675,train,1.80618,1.8342469,1.2552725,1.2862881
mb-09145,train,1.991226,1.9011114,1.6720978,1.6676549
mb-05195,train,2.1583624,2.179174,1.8808136,1.9209049
mb-00809,train,2.0569048,2.0624175,1.8512584,1.8281419
mb-00535,train,1.90309,1.921096,1.8388491,1.8181881
mb-02245,train,2.463893,2.4816709,2.139879,2.2174282
mb-08740,train,1.6812412,1.6467298,1.447158,1.3687817
mb-01592,train,1.6532125,1.7242264,1.230449,1.3433924
mb-05945,train,1.9444827,1.9018607,1.5682018,1.5020794
mb-10279,train,1.39794,1.3327575,0.9542425,1.0672233
mb-03849,train,2.164353,2.2344263,1.8573325,1.929369
af-e833f0eceb0b,train,0.8695579,0.9047475,0.64156234,0.60223806
mb-09734,train,2.1335387,2.0975294,1.3222193,1.3122494
mb-09819,train,2.2966652,2.406817,1.9294189,2.0977373
mb-06593,train,2.0530784,1.9945469,1.819544,1.7237781
mb-08443,train,1.9542425,2.1062987,1.845098,1.926738
mb-03791,train,2.075547,2.0422518,1.6812413,1.6703603
mb-01808,train,1.90309,1.8713238,1.5185139,1.5048248
mb-04868,train,2.1038036,2.0337646,1.7323937,1.6233855
mb-00246,train,1.5440681,1.460542,1.39794,1.312953
af-f757d479791e,train,1.6668296,1.4679778,1.2705368,1.1824985
mb-05313,train,2.064458,1.932095,1.6532125,1.5997704
mb-08282,train,1.6127839,1.6674091,0.90309,1.0303459
mb-06391,train,2.2988532,2.2887747,1.8750613,1.8372262
mb-01052,train,2.4593925,2.098964,1.9444827,1.6979942
mb-06630,train,1.763428,1.733958,1.3617278,1.4275299
mb-10623,train,1.6127839,1.5665603,0.90309,0.9027002
mb-10192,train,2.0863597,2.0201664,1.8129133,1.7602489
mb-06275,train,2.217484,2.174869,1.908485,1.8743631
mb-08981,train,1.9190781,1.8992724,1.4149734,1.4197214
mb-02358,train,1.230449,1.1421354,0.9542425,1.049138
af-e36cddd32419,train,2.2558753,2.153989,1.0725551,0.9347549
mb-04500,train,1.8325089,1.7862201,1.5314789,1.4450155
mb-00838,train,1.9190781,1.8555492,1.5440681,1.5344688
mb-00026,train,1.8864907,1.8640958,1.2552725,1.2690732
mb-09085,train,1.770852,1.6790193,1.5797836,1.533314
mb-00807,train,2.2900345,2.29929,2.2355285,2.2178411
mb-06556,train,2.30103,2.4246309,2.0530784,2.0752072
mb-00706,train,1.544068,1.5195389,1.4771212,1.4428962
mb-01825,train,1.4313638,1.4697306,1.4149734,1.2507042
mb-01121,train,1.90309,1.9794368,1.7075702,1.7489657
mb-05740,train,1.5185139,1.597515,1.2552725,1.3452399
mb-09325,train,2.198657,2.2040029,1.763428,1.7451954
mb-06817,train,2.3926969,2.4380717,2.09691,2.1045318
mb-04997,train,2.1731863,2.232271,1.8388491,1.9617858
mb-01547,train,1.90309,1.9354882,1.4313638,1.4064399
mb-09726,train,1.3979399,1.4205174,0.845098,0.978315
mb-09655,train,2.029384,2.1031055,1.4313638,1.5746686
af-3705ce5067de,train,1.1781911,1.3048394,1.0279365,1.0478655
mb-09791,train,1.6532125,1.7800262,1.5440681,1.6099298
mb-01824,train,2.4440448,2.293736,2.365488,2.2321422
mb-07288,train,2.376577,2.206263,2.0934217,2.021161
mb-10957,train,1.6532124,1.7086061,1.447158,1.4166219
mb-03274,train,2.1903317,2.243997,1.8129133,1.8336272
mb-03533,train,1.7558749,1.7529566,1.5563025,1.5490912
mb-09541,train,2.146128,2.2338138,1.0791812,1.3175832
mb-07456,train,2.155336,2.1963975,2.045323,2.0355878
mb-05910,train,1.7853299,1.7899216,1.6334685,1.6147089
mb-00330,train,1.5051501,1.5849571,1.2787536,1.356243
af-2216102577d6,train,1.4331279,1.4117694,1.1314198,1.101737
mb-01400,train,1.9344985,1.9288611,1.3424227,1.3616719
mb-01615,train,1.8129134,1.7345319,1.2552725,1.2044253
mb-10046,train,2.0681858,2.0153015,1.6334685,1.6557316
mb-05402,train,2.0128372,2.131966,1.8808136,1.939363
mb-02842,train,1.748188,1.7745839,1.5682018,1.5552374
mb-07207,train,2.1875207,2.24287,1.94939,1.9701986
mb-07219,train,1.6532125,1.715157,1.3424227,1.3464497
mb-08451,train,2.475671,2.438914,2.3242824,2.2709014
af-27d624358558,train,1.8399076,1.805202,1.2475854,1.1562477
mb-09782,train,1.6812413,1.52374,1.1139433,1.0413992
mb-08283,train,1.146128,1.150677,0.845098,0.8299018
mb-06866,train,1.7558749,1.6506231,1.3617278,1.2385513
mb-02411,train,1.6127839,1.653055,1.4313638,1.3819786
mb-00753,train,1.6627579,1.705874,1.5440681,1.551547
mb-04371,train,2.0681858,2.1546085,1.7923917,1.8205514
mb-10710,train,1.7781513,1.686188,1.5682018,1.4496475
af-32b78ac78f5a,train,1.179365,1.2264106,0.8858281,0.9411304
mb-08833,train,2.217484,2.228467,1.9138138,1.9234688
mb-00250,train,1.8976271,1.9257119,1.7075702,1.678516
mb-03962,train,1.9867717,1.8613305,1.6720978,1.6048454
mb-09942,train,2.0334237,1.9045901,1.5185139,1.4246366
af-5f8eb52fe2e5,train,1.7160501,1.5737453,1.25869,1.0474617
mb-05623,train,2.198657,2.3046696,1.7781513,1.8873553
mb-01467,train,1.69897,1.6765063,1.50515,1.426515
mb-02251,train,1.7075701,1.820139,0.845098,1.1768631
mb-00461,train,2.2552724,2.259819,2.0043213,2.042002
mb-08063,train,1.6627579,1.750343,1.2552725,1.4332227
af-18b0caef6bb1,train,1.757396,1.6250136,1.3002388,1.123839
mb-07333,train,2.0086002,2.0286138,1.8750613,1.9221787
af-4fa2575f14e6,train,1.4055512,1.3454362,1.1821463,0.93579704
mb-00165,train,1.5440681,1.5410496,1.3617278,1.3194716
mb-08763,train,1.6232493,1.6869876,1.20412,1.2197883
mb-03284,train,1.7323937,1.7949537,1.230449,1.2826777
mb-06714,train,0.60206,0.5688167,0.47712126,0.4124
mb-01032,train,2.149219,2.1468983,1.5563025,1.4893683
mb-08290,train,1.748188,1.7387488,1.3617278,1.3437848
mb-00941,train,2.2380462,2.2112746,1.4913617,1.4958098
mb-07726,train,1.7634281,1.6731973,1.462398,1.3684517
mb-04294,train,1.7993405,1.8784525,1.4771212,1.6453894
af-037533a6eb09,train,1.3560641,1.2344557,1.1081014,0.97801447
mb-00501,train,1.1139433,1.1779623,0.9542425,1.004556
mb-03349,train,2.149219,2.2083933,1.6627579,1.6801554
mb-00540,train,1.230449,1.3152924,0.9542425,0.9956919
mb-08114,train,1.5314789,1.5749124,1.3222193,1.356493
mb-09186,train,1.8512583,1.8299737,1.5185139,1.5274484
mb-03064,train,2.09691,2.1579125,1.69897,1.757694
mb-06878,train,0.7781513,0.72107583,0.47712126,0.49574947
mb-05492,train,1.9395193,1.8494307,1.6127839,1.5368633
af-02f1cbf29c0e,train,1.2904887,1.2091184,0.8686227,0.7020037
mb-02459,train,2.0,2.0368433,1.7403626,1.6168752
mb-03824,train,2.1583624,2.3279412,1.8129133,2.0092387
mb-00035,train,1.8325089,1.7745106,1.5314789,1.442494
af-0bc4e2ff418c,train,1.1571666,0.99664104,0.9952903,0.76895267
mb-06577,train,1.7993405,1.7919683,1.60206,1.5632293
mb-10532,train,1.230449,1.3267407,1.0413927,1.1444798
mb-04370,train,1.3617278,1.438165,1.146128,1.1760635
mb-06226,train,2.3926969,2.3989992,1.9867717,2.0509336
mb-03226,train,2.4899585,2.5194454,2.209515,2.2672248
af-6a88ba550e5d,train,1.5020528,1.5994277,1.1204522,1.1730814
mb-06261,train,2.075547,2.0762274,1.6434526,1.6522253
mb-05950,train,2.3384564,2.4270196,2.1038036,2.1008074
mb-01322,train,1.9344984,2.0001125,1.5910646,1.7745894
mb-10919,train,1.6627578,1.6445639,1.3222193,1.5033501
mb-06920,train,1.9294189,2.0518441,1.6812413,1.7871885
mb-08624,train,2.029384,2.0888631,1.8512584,1.8651599
mb-06485,train,2.3856063,2.43127,2.1139433,2.106977
mb-01042,train,2.2855573,2.2146676,2.0569048,2.004108
mb-00275,train,2.1367207,2.1417077,1.7558749,1.7863477
mb-02988,train,2.0569048,2.2277462,1.3802112,1.5675215
mb-10560,train,2.2121875,2.106286,1.8864907,1.8246927
mb-10630,train,2.120574,2.2449236,1.9777236,2.1103191
mb-01096,train,2.1731863,2.2282784,1.8864907,1.9708288
mb-07478,train,1.7558749,1.7821347,1.5314789,1.522503
mb-10491,train,1.8750613,1.9332681,1.3617278,1.4056033
mb-08701,train,2.1522884,2.2022288,1.9731278,1.967333
mb-07142,train,1.8573326,1.8015559,1.5563025,1.4712993
mb-07627,train,2.365488,2.3573403,2.0606978,2.0408401
mb-10981,train,1.8512583,2.0077925,1.6720978,1.8168912
mb-07645,train,1.6434528,1.4895971,1.4313638,1.34034
mb-08124,train,1.8450981,1.5957565,1.6127839,1.330427
mb-00616,train,1.3617278,1.3920183,0.845098,0.87672335
af-2cce4f73a021,train,1.4743824,1.5259606,1.202303,1.1861658
mb-04803,train,1.9344984,1.8144417,1.8129133,1.6368755
mb-01732,train,2.0043216,2.005551,1.462398,1.4601617
mb-09321,train,2.1760912,2.2505026,1.6720978,1.8377802
mb-01008,train,2.1522884,2.1193683,1.6532125,1.6078206
mb-01982,train,1.9867717,2.1743524,1.9138138,2.0903723
mb-07507,train,2.161368,2.1317322,1.770852,1.8050939
mb-04028,train,2.2455127,2.3252015,1.770852,1.8962902
mb-01109,train,1.7075701,1.7128866,1.447158,1.4421352
mb-05269,train,1.9867718,1.8887608,1.7993406,1.5439343
mb-09512,train,1.8692317,1.8249485,1.4149734,1.4059343
mb-05830,train,1.8808136,1.9040796,1.146128,1.2108177
mb-05914,train,1.7160034,1.7591474,1.146128,1.1441878
mb-08344,train,2.0934217,2.1071477,1.50515,1.6254574
mb-07944,train,2.0334237,2.0901577,1.5797836,1.5690069
mb-08775,train,1.3222193,1.4195635,1.0,0.944218
mb-01718,train,1.770852,1.7831113,1.3222193,1.3885056
mb-00468,train,1.8920946,1.944542,1.5440681,1.6844478
mb-02020,train,2.1430147,2.1548548,1.7242758,1.8012474
mb-03529,train,1.6434528,1.635283,1.4313638,1.4356809
mb-03132,train,1.8633229,1.914789,1.4771212,1.488659
mb-02576,train,2.2787535,2.3509998,1.9867717,2.00722
af-cd74964c5635,train,0.9980657,0.9690859,0.5925476,0.5720664
mb-07540,train,1.1139433,1.2336954,1.0413927,1.1197736
mb-07784,train,2.1238515,2.1250818,1.8388491,1.8538716
mb-08176,train,1.690196,1.6154643,1.2552725,1.2718371
mb-04392,train,2.3222191,2.4235911,2.064458,2.1414843
mb-05318,train,2.1522884,2.1746674,1.6812413,1.7353863
mb-09935,train,1.9731278,2.1343474,1.6127839,1.8395482
mb-09988,train,2.2671716,2.235654,1.6434526,1.8531023
mb-01791,train,1.4913616,1.574094,1.0791812,1.1520029
mb-08066,train,1.7781513,1.7836426,1.60206,1.6177986
mb-05204,train,2.376577,2.3112874,2.3541083,2.2394443
mb-05651,train,1.8864907,1.8852,1.5910646,1.6196426
mb-00916,train,1.9444827,1.9704721,1.6232493,1.6717299
mb-08302,train,1.9294189,2.099831,1.6232493,1.660262
mb-10004,train,1.8260748,1.7709472,1.20412,1.2533209
mb-03975,train,2.3324385,2.2423697,1.908485,1.7891163
mb-08894,train,2.2695131,2.335332,2.1367207,2.124226
mb-02850,train,2.3283796,2.2783458,2.2718415,2.203926
mb-10676,train,0.0,0.97228646,1.0791812,0.9712496
mb-10169,train,0.7781513,0.8517065,0.60206,0.57771796
mb-06452,train,2.3443923,2.3337517,1.9190781,1.902951
af-c6bc297ce67a,train,1.8596432,1.74666,1.2320834,1.1725087
af-0132ab6b9cdd,train,1.4088994,1.9332504,1.2725911,1.1280663
mb-01893,train,1.5797837,1.5544349,1.39794,1.3062844
mb-08515,train,2.0043213,1.9662939,1.60206,1.7186089
mb-02994,train,2.10721,2.0870492,1.690196,1.7230132
af-b423dadc0feb,train,1.5976436,1.7045162,1.2683322,1.1234775
mb-07972,train,1.7403628,1.739398,1.3424227,1.4449774
mb-05692,train,2.2624512,2.2797325,1.7781513,1.7903179
mb-04905,train,2.3673558,2.2921495,2.075547,1.9555557
mb-08870,train,1.8388491,1.9046476,1.39794,1.4552135
mb-08328,train,1.3802112,1.202248,1.1139433,0.9688561
mb-10217,train,2.4149733,2.336454,2.1139433,2.019502
mb-10799,train,1.90309,1.9518902,1.6127839,1.6950872
mb-02477,train,1.5910646,1.6032192,1.3617278,1.3774197
mb-02095,train,2.2121875,2.189168,1.7558749,1.7229856
mb-04763,train,2.292256,2.2669141,1.770852,1.6828718
mb-04097,train,2.2718415,2.4003303,1.9637878,2.0502658
mb-09123,train,1.3802112,1.4628775,1.146128,1.2027421
mb-03246,train,2.214844,2.2194226,1.9242793,1.9156865
mb-09335,train,2.2121875,2.132401,1.9190781,1.7823858
mb-02229,train,1.8260748,1.8731819,1.5682018,1.6128366
af-a68e4529694a,train,1.9192816,1.8516563,1.1950551,1.1530879
mb-06598,train,1.7242758,1.7116792,1.39794,1.3533653
mb-09224,train,2.292256,2.3130403,1.7853298,1.8458762
mb-10921,train,1.3979399,1.2567095,1.0791812,0.9710412
mb-03131,train,2.0293837,2.122801,1.8388491,1.9245856
af-2d87cbc35558,train,1.4297959,1.4753902,1.1528904,1.1287236
mb-02107,train,1.9294189,1.9169124,1.748188,1.7203066
mb-10902,train,1.5563025,1.7229222,1.3802112,1.5436845
mb-00083,train,2.2855573,2.1891727,1.8129133,1.7093887
mb-03547,train,1.8864907,1.880558,1.5797836,1.4348139
mb-00741,train,2.2552724,2.2770061,1.8864907,1.9309772
mb-08431,train,1.7993405,1.7891008,1.5314789,1.5726895
mb-01535,train,2.2764618,2.277458,2.0170333,1.9740186
mb-09058,train,1.8692317,1.9883493,1.4913617,1.6251985
mb-01095,train,1.770852,1.9605778,1.50515,1.6682454
mb-05764,train,2.4297523,2.3891969,2.0043213,1.9919648
mb-06935,train,1.0,1.0280685,0.7781513,0.788022
mb-09913,train,2.2810333,2.298934,1.9867717,1.9396021
af-d01371eb46ec,train,1.3065065,1.1647496,1.0388029,0.88636804
mb-04755,train,1.9867717,2.0144365,1.50515,1.5039514
mb-02077,train,2.3560257,2.3730695,1.9956352,2.0115492
mb-06653,train,1.4313638,1.2465556,1.146128,1.0715504
mb-09405,train,2.049218,1.9909627,1.7242758,1.6451322
af-6146cee097d0,train,1.795996,1.9202795,1.0546666,1.1210804
af-b77dec9e3623,train,1.2808446,1.215063,0.8759631,0.80233747
mb-04922,train,1.9444827,1.9596598,1.6334685,1.658865
mb-01057,train,0.60205996,1.0324037,1.0,1.1612316
mb-07086,train,1.8388491,1.8152814,1.5185139,1.5045934
mb-00300,train,2.133539,2.1908174,1.8692317,1.8447593
mb-04765,train,1.9294188,1.9902653,1.6720978,1.7796323
mb-07475,train,2.1303337,2.0967433,1.690196,1.7090902
mb-09900,train,2.3222194,2.331991,1.8750613,1.9506497
mb-02846,train,2.3384566,2.2834466,2.230449,2.208922
mb-03721,train,1.845098,1.8292842,1.6627579,1.6412607
mb-00012,train,1.3222193,1.3486773,1.0791812,1.0592318
mb-03541,train,1.4771214,1.4753417,1.3424227,1.2949804
mb-05457,train,1.9590414,1.942181,1.60206,1.5802727
mb-03071,train,1.9344984,2.0297842,1.447158,1.6404523
mb-06330,train,2.0293837,1.9545858,1.5797836,1.5276121
mb-05405,train,1.69897,1.7015368,1.3802112,1.372019
mb-04264,train,1.9637878,1.9969914,1.4149734,1.645162
mb-01123,train,1.9084849,1.8936745,1.763428,1.7113981
mb-02331,train,2.506505,2.329941,2.350248,2.239107
mb-10135,train,2.217484,2.2548428,1.2552725,1.3088882
mb-02442,train,1.9493899,1.8995436,1.6232493,1.5954078
mb-00652,train,1.7923918,1.7609481,1.3424227,1.3222384
mb-09000,train,1.3424227,1.3527646,1.1139433,1.1703912
mb-09727,train,2.198657,2.278616,1.770852,1.9447999
af-0d41c566b96e,train,1.7812992,1.6535994,1.2933581,1.1777011
mb-07619,train,1.5563025,1.5358574,1.3424227,1.2959248
mb-10104,train,1.6989701,1.6921985,1.2552725,1.2948959
mb-08229,train,2.1522884,2.204766,2.0170333,1.9539579
mb-04460,train,1.9084849,1.8365792,1.6720978,1.6291445
mb-01541,train,1.6627579,1.6301163,1.4149734,1.40024
mb-05158,train,1.9956352,1.9294755,1.6434526,1.5147907
mb-08514,train,2.3117537,2.46147,2.0211892,2.1574419
af-884cbe648954,train,1.6976163,1.5532231,1.2588048,1.1353139
mb-09201,train,1.7781513,1.6623275,1.462398,1.3505259
mb-04529,train,2.356026,2.4657342,2.1139433,2.152997
mb-02009,train,1.9294189,1.9260844,1.4771212,1.5196269
mb-06601,train,1.7708521,1.7926975,1.4913617,1.5563523
mb-05181,train,2.143015,2.1500642,1.9294189,1.9136755
mb-02756,train,1.9242793,1.8230636,1.6232493,1.5213437
mb-01499,train,1.69897,1.6778378,1.4771212,1.4875398
mb-04331,train,1.5797836,1.5446844,1.3617278,1.3441932
mb-03484,train,1.6334684,1.6596949,1.4771212,1.4483554
mb-02375,train,1.9684829,1.8858808,1.6720978,1.6516659
mb-04335,train,2.130334,2.1590161,1.4313638,1.4436139
mb-02572,train,2.0374265,2.065508,1.6627579,1.6932658
mb-06691,train,2.10721,2.2502427,1.50515,1.6279361
mb-04988,train,2.1702619,2.1668267,1.6812413,1.7166847
mb-00173,train,1.9344984,2.039457,1.6232493,1.8327953
mb-01129,train,1.7323937,1.7108674,1.60206,1.5079852
mb-00979,train,2.1105897,2.1993673,1.9242793,1.9387903
mb-00628,train,1.7160034,1.7815821,1.2787536,1.3392938
mb-02505,train,1.9637878,2.052971,1.7403626,1.7754576
mb-04862,train,2.0530784,2.0671585,1.690196,1.7188416
mb-08143,train,2.2624512,2.244752,2.075547,2.0050194
mb-02868,train,1.80618,1.9226875,1.6127839,1.6585596
mb-02680,train,1.7558749,1.7266147,1.447158,1.4308752
mb-06239,train,1.6334684,1.7358764,1.0791812,1.1614264
mb-03786,train,1.7923917,1.9525563,1.748188,1.7463739
mb-09697,train,1.6627579,1.6459742,1.2552725,1.2816556
mb-07290,train,2.3283796,2.3398218,1.9777236,1.9688075
mb-00737,train,1.9542425,1.9424889,1.7558749,1.6615664
mb-07068,train,1.7160034,1.7605131,1.2787536,1.3026285
mb-02054,train,2.3944516,2.335258,2.09691,2.006332
mb-09451,train,2.2278867,2.3173056,1.908485,1.9424154
mb-06023,train,1.90309,2.1602864,1.7993406,1.7946795
mb-06901,train,1.3617278,1.1855007,1.146128,1.0075282
mb-10049,train,1.6989701,1.63621,1.146128,1.1759493
mb-08758,train,2.0644581,2.0502582,1.5682018,1.6531532
mb-00673,train,2.356026,2.3303862,2.1731863,2.1265938
mb-01383,train,2.0293837,2.107716,1.690196,1.7133037
mb-01294,train,2.0791812,2.1135907,1.9242793,1.8899776
mb-06433,train,2.209515,2.2890077,1.9138138,1.9751266
mb-08517,train,2.09691,2.133934,1.8976271,1.8747272
mb-10045,train,2.0128372,2.0421405,1.748188,1.7803541
mb-10078,train,2.240549,2.3874922,1.9867717,2.1018734
mb-03165,train,1.9344984,1.8929216,1.7075702,1.6046665
mb-06199,train,2.3521824,2.3468099,1.9637878,1.9396045
mb-09694,train,1.4149734,1.4774152,1.2552725,1.4076653
mb-10872,train,1.3222194,1.1774049,0.90309,0.8309447
mb-00088,train,1.462398,1.4585278,1.20412,1.2084143
mb-03208,train,2.4913616,2.4931595,2.2479732,2.2269769
mb-06383,train,1.7558749,1.7682775,1.1760913,1.2470603
mb-01486,train,2.045323,2.207369,0.90309,1.1311903
mb-03986,train,1.8864907,1.9219134,1.5314789,1.5957274
mb-06438,train,1.3802112,1.4034541,1.1139433,1.051307
mb-00601,train,1.3010299,1.2792525,0.845098,0.8674473
mb-06661,train,2.0128372,2.104561,1.7993406,1.8836296
mb-04627,train,1.7993405,1.8430604,1.3222193,1.3876866
mb-06405,train,1.5314789,1.5421836,1.0,1.0695732
mb-01321,train,1.7558749,1.7097957,1.4771212,1.4619802
mb-09886,train,1.9731278,1.9497259,1.7075702,1.6555128
mb-10836,train,1.80618,1.689653,1.146128,1.2070315
mb-02462,train,1.8325089,1.815548,1.5185139,1.5049571
mb-01710,train,1.2552725,1.2766575,0.90309,0.96573997
mb-02320,train,2.0569048,2.2153654,1.9344984,2.0078626
mb-05780,train,1.7075702,1.6904013,1.230449,1.2209017
mb-08596,train,2.1003706,2.068663,2.217484,1.8203955
mb-06077,train,1.7403628,1.736624,1.3424227,1.3305322
mb-09022,train,2.4265113,2.4735274,2.0827854,2.1359928
mb-01947,train,1.6901962,1.588371,1.2787536,1.2156227
mb-09654,train,1.20412,1.3350121,0.7781513,0.9830991
mb-02922,train,1.60206,1.6863024,1.3617278,1.4500281
mb-00322,train,1.8864907,1.791261,1.69897,1.5872853
mb-00776,train,2.2253094,2.2613893,1.9777236,1.9526309
mb-04575,train,0.9542425,0.8245403,0.69897,0.5944449
mb-02519,train,2.38739,2.4520888,2.0170333,2.1332245
mb-07387,train,1.7558749,1.857343,1.5314789,1.616287
mb-02216,train,1.8864907,2.026634,1.7160033,1.7688942
mb-05886,train,2.357935,2.344392,1.908485,1.9127669
mb-07808,train,1.5563025,1.492174,1.146128,1.1150603
mb-06887,train,1.8633229,1.8399665,1.5185139,1.5020782
mb-09539,train,1.3617278,1.5131334,1.0413927,1.1826725
mb-02170,train,2.0374265,2.1348715,1.9138138,1.9373858
mb-05667,train,2.033424,2.052747,1.4313638,1.4988232
mb-10922,train,1.9395193,1.8807261,1.4149734,1.4791205
mb-05890,train,2.39794,2.3067997,1.9912261,1.9692965
mb-10598,train,2.2944663,2.2829835,1.8808136,1.884701
mb-05508,train,1.9542425,1.9351373,1.6434526,1.5607778
mb-04012,train,1.5185139,1.5199248,1.30103,1.3020148
mb-03060,train,1.3802112,1.3130631,1.0413927,0.9562167
mb-02962,train,1.9493899,2.0881715,1.0,1.1408885
mb-04598,train,1.8129134,1.6983265,1.3617278,1.3323972
mb-10250,train,1.8512584,1.8738809,1.6232493,1.6153151
mb-06030,train,2.0086002,1.9192164,1.6627579,1.603638
mb-08400,train,1.8512583,1.8608313,1.5797836,1.6046393
mb-02588,train,1.0791812,0.9697335,0.69897,0.58234733
mb-09307,train,1.3010299,1.3333986,1.0413927,1.0450554
mb-04572,train,1.8692317,1.8082414,1.5440681,1.5177457
mb-01105,train,2.1139433,2.1481974,1.8325089,1.896012
mb-08911,train,1.6127839,1.5995574,1.39794,1.3927242
mb-05637,train,2.303196,2.3956704,1.968483,2.0407703
mb-07535,train,2.1038036,2.099873,1.60206,1.61748
mb-03372,train,1.7160034,1.5951328,1.30103,1.2543873
mb-03293,train,2.423246,2.466459,2.0681858,2.1810942
mb-01289,train,1.7853298,1.7932673,1.5563025,1.5994279
mb-05848,train,2.3384564,2.3997495,1.9912261,2.0594888
mb-06961,train,2.2648177,2.2534451,1.9344984,1.8789841
mb-06421,train,2.133539,2.2671218,1.7160033,1.8609816
mb-07635,train,2.045323,2.1372724,1.7781513,1.8913558
mb-08217,train,1.462398,1.2390358,1.20412,1.0134653
mb-08029,train,1.146128,0.9773958,0.90309,0.7966617
mb-06069,train,1.748188,1.7572095,1.5440681,1.5613583
mb-03803,train,1.9395192,2.123485,1.763428,1.84466
mb-03469,train,2.3483047,2.3692777,2.0606978,2.0117543
mb-02451,train,2.0170333,2.0513434,1.845098,1.7964146
af-51542415c2e7,train,1.6551394,1.595567,1.1287546,1.2081518
mb-07346,train,1.5563024,1.580235,1.3222193,1.334934
mb-08079,train,2.0569048,1.9869981,1.2552725,1.210389
mb-10663,train,2.269513,2.2180116,1.50515,1.5760384
mb-09635,train,1.2041199,1.1073842,1.0413927,0.8934246
mb-03063,train,1.7075702,1.7986044,1.0413927,1.1343206
mb-04834,train,1.5563024,1.6202569,1.5185139,1.4559207
mb-04351,train,1.6989701,1.6787257,1.5440681,1.4484237
mb-10293,train,2.120574,2.248808,1.9344984,1.8976051
mb-07524,train,2.2095149,2.1868188,1.8129133,1.7895428
mb-02549,train,2.1760912,2.1948977,1.7075702,1.7758338
mb-00911,train,1.913814,1.8325579,1.5440681,1.5213115
mb-05020,train,1.8573325,1.8622828,1.5185139,1.4967593
mb-04848,train,2.1958995,2.2078066,1.9542425,1.9303439
mb-03659,train,1.4623979,1.3564291,1.0791812,0.95582026
mb-04958,train,2.1003704,2.0767186,1.7403626,1.6666577
mb-04829,train,1.9542425,1.8648481,1.748188,1.6414866
mb-08971,train,2.0606978,2.1027098,2.0293837,1.9015976
mb-00705,train,2.5250447,2.5255463,2.3180633,2.2580776
mb-03100,train,1.9777236,2.0468776,1.8692317,1.8917923
mb-04310,train,1.8633229,1.9391879,1.60206,1.5483378
af-81be40c35b3b,train,1.2836788,1.546589,1.1132814,1.2448461
mb-10083,train,2.2718415,2.2413092,1.8260748,1.9513947
mb-04366,train,2.1105897,2.103501,1.9912261,2.0275795
af-30b515df88e0,train,1.2820871,1.3656543,1.0163814,1.0513582
mb-04503,train,2.0,1.9861331,1.7075702,1.6786613
mb-00476,train,1.7923918,1.8167623,1.6127839,1.6326474
mb-03869,train,1.9190781,1.9041116,1.748188,1.741519
mb-09257,train,2.0827854,2.1382658,1.819544,1.7994665
mb-02436,train,1.9190781,1.8844006,1.6127839,1.5781363
mb-02812,train,1.748188,1.7672467,1.3617278,1.3977631
mb-03077,train,1.69897,1.7715027,1.50515,1.5498317
mb-08786,train,2.3926969,2.5214787,2.0170333,2.2541432
mb-03043,train,2.3856063,2.3272626,1.9444827,1.9486775
mb-07171,train,2.1335387,2.0331416,1.8129133,1.7330402
mb-02021,train,1.5797837,1.7450731,1.39794,1.5124397
mb-03961,train,1.8976271,1.8348775,1.5440681,1.5444714
mb-05120,train,2.2479734,2.2412267,1.6627579,1.7357305
af-16e97ffc13df,train,1.7383842,1.7588212,1.144873,1.1296743
mb-06715,train,2.1553361,2.1665072,1.9444827,1.8835691
mb-06108,train,1.8325089,1.8640689,1.4771212,1.395007
mb-06075,train,1.7993406,1.8443774,1.2787536,1.2965593
mb-07894,train,2.2148438,2.2877965,1.763428,1.9742943
mb-05389,train,2.2878017,2.3668036,1.9590414,1.9901974
mb-04041,train,1.4913617,1.4278696,1.1760913,1.1708748
mb-05714,train,2.1139433,2.1296818,2.075547,1.7427475
mb-07053,train,2.1583626,2.2413948,1.908485,1.925133
af-dd18d74ff992,train,1.5856006,1.6569307,1.0378884,1.1202761
mb-02392,train,1.4913617,1.5306921,1.20412,1.1738229
mb-03995,train,2.071882,2.020295,1.5563025,1.5265776
mb-02213,train,1.230449,1.3276442,0.7781513,0.8172457
mb-06053,train,1.7403628,1.8020232,1.3424227,1.4330906
mb-04984,train,2.2695131,2.2450104,1.7993406,1.7647289
mb-05753,train,2.2329962,2.17071,1.7558749,1.6356653
mb-10752,train,2.0170333,2.009403,1.8808136,1.7972234
mb-00547,train,1.2787536,1.1975524,0.90309,0.9084761
mb-05872,train,1.3222194,1.4771514,1.39794,1.39944
mb-06720,train,1.4149734,1.4877702,1.230449,1.2334005
mb-08565,train,1.3222194,1.3262503,1.146128,1.2011023
mb-02942,train,2.1271048,2.1143868,1.770852,1.7353534
mb-04274,train,2.220108,2.291164,1.8750613,1.9378449
mb-05326,train,2.120574,2.2380931,1.7075702,1.8147038
mb-05981,train,2.0086002,1.9537113,1.2552725,1.262258
mb-05013,train,2.3560257,2.2615712,1.7853298,1.6858668
mb-10556,train,1.9493899,1.8679004,1.5185139,1.4684653
mb-10092,train,2.1731863,2.2201633,1.8692317,1.9314868
mb-04886,train,1.518514,1.5676312,1.462398,1.4597337
mb-00985,train,1.9444827,2.0685794,1.2787536,1.3469657
mb-02445,train,2.1760912,2.17978,1.9542425,1.8739116
mb-07406,train,2.3159704,2.2799463,1.763428,1.7314157
mb-04807,train,1.9493899,1.9628198,1.69897,1.7560097
mb-09196,train,2.0569048,2.0525827,1.7323937,1.737505
mb-03122,train,1.845098,1.8572161,1.50515,1.5323473
mb-02425,train,1.9956352,1.9730674,1.690196,1.5858837
mb-06010,train,1.30103,1.320298,0.7781513,0.7807699
af-3128a4b9547d,train,1.155673,1.1236463,0.77263486,0.8077433
mb-04996,train,2.1172712,2.1829038,1.7242758,1.703824
mb-05559,train,2.1731863,2.1588864,1.8808136,1.8986962
mb-01565,train,1.9822712,2.025513,1.7075702,1.7697761
mb-06535,train,1.6232493,1.4530632,1.3802112,1.2349067
mb-04626,train,1.6232493,1.6827548,1.2787536,1.2765944
mb-06390,train,1.7708521,1.7374195,1.230449,1.182313
mb-07153,train,1.6020601,1.6802822,0.9542425,1.1271383
mb-01889,train,2.143015,2.2020807,2.0170333,2.0623956
af-281507392358,train,1.581811,1.6236043,1.085633,1.1669885
mb-06505,train,1.8750613,1.9240296,1.50515,1.5995383
mb-02362,train,1.7075702,1.652675,1.5185139,1.4916298
mb-03774,train,2.1731863,2.2512662,2.0170333,1.9928832
mb-01216,train,1.9822712,2.0492563,1.770852,1.8023163
mb-08719,train,2.1818435,2.3124676,1.8864907,1.9125338
mb-04129,train,1.6532125,1.6049792,1.30103,1.340541
af-f237511d9093,train,1.4192219,1.2923179,1.2853502,1.0237113
mb-04421,train,2.2430382,2.2421331,1.80618,1.8024375
mb-04119,train,1.2552724,1.3789557,1.0791812,1.1036843
mb-03182,train,1.7242758,1.7725136,1.0,1.0483209
mb-08241,train,1.6720978,1.7756183,1.447158,1.5293652
mb-04938,train,1.90309,1.9262059,1.3424227,1.4556776
af-cdd80b42cdff,train,1.7176173,1.4901543,1.286598,1.118959
mb-06403,train,2.0170333,1.9929531,1.6720978,1.6898961
mb-01458,train,1.724276,1.6340322,1.30103,1.2546165
mb-09032,train,2.311754,2.0698602,2.133539,2.0092912
mb-00181,train,2.045323,1.923691,1.50515,1.4714777
mb-08742,train,1.7993405,1.6446586,1.5797836,1.4051168
mb-04742,train,1.0413927,0.9354334,0.47712126,0.5002669
af-84738cad161f,train,0.90067077,0.9796809,0.5255501,0.622192
mb-00711,train,1.3222194,1.4124159,0.9542425,1.132803
mb-03076,train,2.1818435,2.2297242,1.8633229,1.9140503
mb-06208,train,1.80618,1.8824139,1.3424227,1.4396547
mb-05404,train,1.9444827,1.9555721,1.230449,1.3150473
mb-08760,train,1.6627579,1.6502427,1.1760913,1.1527196
mb-04753,train,1.5563025,1.5129168,1.146128,1.1206381
mb-05202,train,2.0128372,2.095697,1.9190781,1.9075344
mb-07741,train,2.1760912,2.263667,1.8573325,1.9749302
mb-06444,train,1.863323,1.841573,1.4913617,1.4161756
mb-01837,train,1.7853298,1.9015698,1.690196,1.6934026
mb-10816,train,2.269513,2.2953568,1.8692317,1.9192677
mb-10263,train,2.0934217,2.0420668,1.7853298,1.7416103
mb-03513,train,2.3242824,2.3363452,2.0530784,1.9724166
mb-03539,train,2.178977,2.2208936,1.90309,1.9380522
mb-01195,train,2.178977,2.2089987,1.7242758,1.7524986
mb-09878,train,2.143015,2.0862746,1.5797836,1.5355374
mb-00136,train,2.1702619,2.1488042,1.8976271,1.8239825
mb-00808,train,1.9084849,1.8252058,1.6434526,1.6100893
mb-00653,train,2.1139433,2.182631,1.8388491,1.9232287
mb-06751,train,2.1731863,2.2013936,1.690196,1.6887727
mb-08770,train,1.230449,1.2710931,1.0,0.91288674
mb-07032,train,1.9637878,1.9741508,1.5797836,1.589155
mb-05377,train,1.748188,1.7103189,1.3802112,1.3302449
mb-08605,train,1.6627579,1.6427594,1.5563025,1.5232075
mb-09884,train,1.4913617,1.591382,1.3802112,1.3144962
mb-00135,train,0.69897,0.9085462,0.69897,0.7496484
mb-09723,train,0.47712126,0.45764756,0.0,-0.04148674
mb-05028,train,2.326336,2.2730818,1.8976271,1.8093328
mb-09486,train,1.60206,1.6322268,1.2552725,1.2702562
mb-10977,train,1.60206,1.4532478,1.0413927,0.9693407
mb-01860,train,1.4771212,1.5178878,1.3802112,1.4046127
mb-09136,train,1.9294189,2.0412276,1.6812413,1.7842555
mb-03044,train,1.3979399,1.3450713,1.0791812,0.99556804
mb-00223,train,2.2988532,2.297781,1.8260748,1.8418963
mb-04477,train,2.1003706,2.118794,1.7075702,1.762216
mb-08752,train,2.4377506,2.497307,2.089905,2.2114112
mb-02792,train,2.4361627,2.4424517,2.1003706,2.1106668
mb-02705,train,2.0,1.8515145,1.60206,1.5393894
mb-06913,train,2.1522884,2.1527023,1.3222193,1.3528724
mb-00555,train,2.1105897,1.7376715,1.60206,1.226408
mb-10484,train,2.08636,2.1596506,1.7075702,1.7931722
mb-00483,train,2.071882,2.0908375,1.7923917,1.8842986
mb-06157,train,1.5910647,1.5666313,1.4913617,1.3792216
mb-07379,train,1.5185139,1.4950475,1.3617278,1.3037595
mb-08576,train,1.8512583,1.8528191,1.3802112,1.4490939
mb-01278,train,2.1760912,2.1997633,1.8388491,1.8480941
mb-02397,train,1.9190781,1.9588108,1.2787536,1.3200797
af-b6b877fb8d8f,train,1.6044302,1.5338206,1.0497838,1.0042481
mb-03544,train,1.7993406,1.8219079,1.6334685,1.6050189
mb-03377,train,1.146128,1.0806105,1.1139433,1.0769325
mb-02098,train,1.9344984,1.9046332,1.7160033,1.7138696
mb-09868,train,1.4913617,1.5315928,1.2552725,1.2930267
mb-07417,train,2.2278867,2.256031,1.8325089,1.8200161
mb-06969,train,1.9395193,1.873508,1.4313638,1.3943512
mb-09049,train,1.908485,1.9359403,1.4913617,1.5527747
mb-02991,train,1.908485,1.976177,1.7781513,1.7613068
mb-04501,train,1.8573325,1.6363572,1.5797836,1.4588755
mb-05087,train,2.1367207,2.1179671,1.8976271,1.883292
mb-02318,train,1.5682018,1.4805838,1.2552725,1.2142799
mb-04867,train,1.7993406,1.8396716,1.5440681,1.5319716
mb-04400,train,2.143015,2.1602082,1.9190781,1.9397578
mb-02854,train,2.1105897,2.0512707,1.7781513,1.6604153
mb-02146,train,1.6127839,1.6934773,1.30103,1.3772643
mb-02855,train,2.0253057,2.0119514,1.69897,1.7114626
mb-09466,train,1.60206,1.660375,1.3802112,1.4031341
mb-01926,train,1.4771214,1.2969987,1.7993406,0.97990334
mb-04191,train,1.8808136,1.7925166,1.5563025,1.5268351
af-7ae8cfbe27c1,train,1.7614942,1.8387626,1.2796031,1.144277
mb-00497,train,2.2552724,2.3135233,1.9444827,1.9946544
mb-00965,train,2.164353,2.1814883,1.7160033,1.5219308
mb-02420,train,1.3802112,1.366838,1.4913617,1.3976128
mb-04515,train,1.8260748,1.9173744,1.146128,1.2220699
mb-09696,train,2.3010302,2.2928908,1.7075702,1.7989764
af-fed9052685c1,train,1.7853932,1.6394801,1.211027,1.1229748
mb-10550,train,1.9242792,1.9349008,1.7242758,1.6945664
mb-09176,train,1.6812413,1.7527655,1.3617278,1.5119727
mb-01743,train,1.5440681,1.652361,1.4313638,1.5106119
mb-09220,train,1.6532125,1.6876338,1.0791812,1.079216
mb-01805,train,1.7993406,1.7135725,1.3424227,1.3618665
mb-05365,train,1.9294189,1.9373025,1.7323937,1.7207313
mb-08077,train,1.8388492,1.7715038,1.6127839,1.4736665
mb-06562,train,1.8976271,1.8996052,1.6127839,1.6239065
af-537adb698bfd,train,0.8880547,0.910775,0.5605056,0.6010669
mb-08552,train,2.50515,2.5186656,2.3324385,2.310527
af-9bd9f59d06ba,train,1.7956868,2.0139375,1.2881173,1.4248945
mb-02569,train,1.30103,1.2576488,1.0,0.9342935
mb-04490,train,1.690196,1.7648532,1.0,1.097569
mb-01920,train,1.5440681,1.6060792,1.146128,1.1599056
mb-07331,train,1.4313638,1.4161446,1.230449,1.1057969
mb-06533,train,2.3222194,2.3705692,1.94939,1.9883583
mb-04375,train,1.6020601,1.6962678,1.4149734,1.4823544
mb-07932,train,2.3053513,2.2321374,1.90309,1.8865117
af-f2968781e0b4,train,1.3307525,1.4502246,1.1873655,1.1480485
mb-09661,train,1.8325089,1.6832564,1.5314789,1.2571383
mb-02350,train,2.303196,2.2730465,2.0293837,1.9981676
af-07eae5aae7ba,train,1.6252549,1.7662847,0.8774986,1.0861636
mb-07666,train,2.2121878,2.2380238,1.5682018,1.592739
mb-03777,train,2.1172712,2.2662706,2.0827854,2.194972
mb-04402,train,2.025306,1.7329903,1.4913617,1.3413774
mb-02760,train,1.908485,1.9485366,1.462398,1.5142255
mb-05053,train,2.252853,2.276541,1.8920946,1.9371147
mb-01295,train,1.39794,1.2131118,1.2552725,1.0952324
mb-03941,train,1.7075702,1.7519156,1.5440681,1.4812595
mb-08252,train,2.240549,2.2508793,1.5910646,1.6429546
mb-01488,train,1.9493899,2.066746,1.690196,1.8298268
mb-05103,train,1.8808136,1.8941892,1.7075702,1.7011334
mb-01985,train,2.1367207,2.1214657,1.8388491,1.8719789
af-3d1c2be85239,train,1.3838153,1.5142394,0.68892145,0.9181215
mb-01831,train,2.3117537,2.2491434,1.80618,1.8218131
mb-09469,train,1.9242793,1.9379909,1.39794,1.4010316
af-9de515ae0560,train,2.041219,1.8880389,1.2108507,1.1328704
mb-03357,train,2.4132996,2.5140986,2.2552724,2.2562833
af-ab1349bc362a,train,1.0081272,1.0159447,0.79533696,0.70739734
mb-07199,train,1.6812413,1.8062931,1.1139433,1.1305802
mb-09599,train,1.0791812,1.1210034,0.845098,0.90210414
af-0e2d4391f612,train,1.0844011,1.1758926,0.6348912,0.6863487
mb-08265,train,1.6127839,1.581078,1.3802112,1.3725259
mb-08928,train,1.6020601,1.5693398,1.20412,1.2022269
mb-03848,train,2.292256,2.2829401,1.763428,1.7966435
mb-08506,train,2.071882,2.1667118,1.50515,1.5747637
mb-04354,train,1.7853298,1.8458018,1.50515,1.6051781
mb-03642,train,1.9822712,1.939197,1.8573325,1.8281186
mb-05397,train,2.1003706,2.0596755,1.9294189,1.8745676
mb-09974,train,1.9138138,1.8617646,1.3802112,1.3604797
mb-08263,train,1.8388491,1.8505988,1.39794,1.4670852
mb-06931,train,1.9242792,1.9471247,1.3617278,1.3703537
mb-08367,train,1.7558749,1.8267939,1.20412,1.3001348
mb-05566,train,1.6127839,1.5999218,1.230449,1.2305214
mb-01024,train,1.6812413,1.7247531,1.2787536,1.3418199
mb-04590,train,1.2787536,1.098103,0.90309,0.70739335
mb-09152,train,1.9344984,1.9126554,1.4771212,1.3933713
mb-02124,train,2.2600713,2.2536802,1.8808136,1.7788632
mb-02675,train,2.423246,2.370104,1.9731278,1.9815171
mb-09630,train,2.120574,2.1471002,2.0530784,2.0591965
mb-04464,train,1.3617277,1.3013422,1.0791812,1.0575801
af-ee98bad7fa25,train,1.334709,1.0727367,1.1362956,0.8092298
mb-03240,train,2.045323,2.089139,1.6627579,1.7378608
mb-09023,train,1.6627579,1.5438516,1.0413927,1.0057905
mb-10767,train,1.6720979,1.7139874,1.1139433,1.1961658
mb-10911,train,1.7853298,1.7890682,1.2787536,1.4035239
af-81a977a0efed,train,0.89116544,1.1263297,0.6343926,0.72271174
mb-00415,train,2.363612,2.4113603,1.8976271,2.07246
mb-10810,train,2.4857216,2.474212,2.2764618,2.1911144
mb-04939,train,2.0374265,2.090711,1.6334685,1.6261653
mb-04800,train,1.9242793,1.8720185,1.6532125,1.5872087
mb-09917,train,2.2988532,2.3679206,1.9444827,2.012052
mb-08236,train,2.0211892,2.0736692,1.7075702,1.711673
mb-06790,train,2.2380462,2.1655898,2.0413928,1.8202181
mb-04237,train,1.9637878,2.0470603,1.7558749,1.8874915
mb-07672,train,1.6901962,1.6908329,1.30103,1.3310758
mb-09008,train,1.9637879,1.9617707,1.6334685,1.571617
mb-03514,train,2.2648177,2.372245,1.9731278,2.0434206
af-866a54484830,train,1.556504,1.4878023,1.1178644,1.1604578
mb-08090,train,2.206826,2.2153318,1.39794,1.4710768
mb-09415,train,2.240549,2.2825863,1.9956352,2.0129924
mb-01859,train,1.9777236,1.8653617,1.5563025,1.4821901
mb-03912,train,1.7781513,1.7590845,1.6627579,1.5787448
mb-01415,train,1.3222194,1.3357433,1.1760913,1.216315
mb-07998,train,2.2833014,2.30756,1.7323937,1.7422433
mb-09104,train,1.8325089,1.8742976,1.3802112,1.4419732
mb-06495,train,1.8864908,1.9014616,1.2787536,1.2804248
mb-07300,train,1.5797836,1.6543224,1.447158,1.45844
af-d3f599fbb3b1,train,1.750773,1.6773462,1.1881914,1.1528726
mb-06859,train,1.2041199,1.1852677,1.0791812,1.0272894
af-d777d711551d,train,1.2137779,1.403135,1.0687163,1.1066828
mb-08180,train,1.7781513,1.9421163,1.5314789,1.533853
mb-08560,train,2.0413926,2.169141,1.845098,1.8705415
mb-02888,train,2.1105897,2.1213803,1.8573325,1.8803966
mb-09359,train,2.1903317,2.2573242,1.50515,1.6711376
mb-08929,train,1.690196,1.6525763,0.90309,0.87843573
mb-05865,train,2.09691,2.1055279,1.6627579,1.6214484
mb-02956,train,1.5314789,1.2461991,1.39794,1.0724332
mb-05307,train,0.7781513,0.7168943,0.47712126,0.45097077
mb-08394,train,1.1760913,1.3084397,1.1760913,1.173287
mb-06192,train,1.8864907,1.8883085,1.7160033,1.6979871
mb-03985,train,1.69897,1.7606478,1.50515,1.5134906
mb-04338,train,1.7160033,1.6440783,1.3617278,1.349292
mb-06255,train,2.1238515,2.1835277,1.748188,1.7670847
mb-04345,train,1.6989701,1.660709,1.4313638,1.3708905
mb-07820,train,2.0530784,2.0896099,1.8750613,1.9121689
mb-02581,train,1.8750613,1.8916184,1.146128,1.2451594
mb-04217,train,1.8573325,1.8282988,1.5185139,1.4838761
mb-08726,train,2.1003706,2.1854727,1.6127839,1.7513245
mb-04537,train,2.580925,1.8292629,1.4913617,1.3179946
mb-06128,train,2.1583624,2.3020577,1.8325089,1.9056612
mb-03501,train,1.763428,1.7674731,1.3802112,1.4212955
mb-09236,train,2.2552724,2.2513952,1.60206,1.6653224
mb-05812,train,2.2648177,2.2936513,1.8920946,1.9483565
mb-01091,train,1.2552725,1.3627547,1.1139433,1.2019321
mb-09065,train,1.7708521,1.7469637,1.3424227,1.3807473
mb-01962,train,1.5910647,1.6543419,1.3424227,1.4417166
mb-10056,train,2.3364596,2.2680383,2.0043213,1.9082496
af-26a5e98fb634,train,1.6297488,1.7154762,1.0162977,1.1954926
mb-01726,train,2.1003706,2.1338785,1.6532125,1.5694946
mb-06902,train,2.0569048,2.162507,1.2787536,1.333896
mb-06707,train,1.832509,1.8972584,0.69897,0.69241345
mb-02867,train,1.4149734,1.4725758,1.3802112,1.3109719
mb-09080,train,2.0606978,2.0930457,1.80618,1.8228421
mb-07818,train,1.146128,1.7844923,1.1760913,0.8689184
mb-04781,train,2.240549,2.2610028,1.7323937,1.776694
mb-00071,train,1.3424227,1.3978231,1.146128,1.2023404
mb-08542,train,1.5440681,1.7337352,1.4149734,1.5755666
mb-03450,train,1.5563025,1.5830544,1.5440681,1.5316073
mb-08890,train,2.0,1.838646,1.5314789,1.3636862
mb-08412,train,2.146128,2.206348,1.770852,1.61102
mb-08022,train,2.143015,2.2198799,2.071882,2.1193786
mb-01033,train,1.6627579,1.6550345,1.3802112,1.3751667
mb-06107,train,1.929419,1.8458644,1.5563025,1.5335778
mb-07670,train,1.9242793,1.774765,1.1760913,1.0971035
mb-09213,train,2.033424,1.9846764,1.6812413,1.6658671
mb-06442,train,2.3424225,2.3388221,2.0334237,1.9892132
mb-06118,train,2.4281347,2.456765,2.0043213,2.1253023
mb-09542,train,1.968483,1.8865151,1.462398,1.3616631
mb-09740,train,1.7323937,1.5697219,1.3424227,1.2190865
mb-05512,train,1.763428,1.8298218,1.0791812,1.1247009
mb-05015,train,2.1038036,2.1567235,1.9344984,1.9573209
mb-08982,train,1.4913617,1.4911957,1.2787536,1.2275206
mb-00020,train,1.5440681,1.5219356,1.3424227,1.3579173
mb-03114,train,2.1303337,2.1369748,1.7160033,1.714575
mb-08042,train,1.9395192,1.858062,1.6720978,1.649413
mb-04613,train,2.064458,2.1341264,1.9190781,1.9521666
af-bea65ca25419,train,1.5271283,1.4309928,1.132919,1.1211033
mb-02929,train,1.9637878,2.0377252,1.6532125,1.7651289
af-d9abe2a670e4,train,0.98201966,0.88065284,0.7004121,0.5981644
mb-10835,train,2.0211892,2.1276941,1.690196,1.6814677
mb-04359,train,2.0413928,2.0958796,1.8808136,1.8793149
mb-01411,train,1.2787535,1.255888,0.845098,0.810397
mb-01046,train,2.1038036,1.9992995,1.763428,1.711643
mb-10642,train,2.2718418,2.1928687,1.7993406,1.8833206
af-3f12ba2c8554,train,1.0198097,1.0128245,0.77568835,0.76029193
mb-07655,train,1.146128,1.0569038,0.845098,0.824627
mb-03749,train,1.6532125,1.648314,1.5563025,1.480916
mb-10722,train,1.8808136,1.8874004,1.4149734,1.3813739
mb-03524,train,1.8750613,1.8720245,1.60206,1.5495601
mb-05943,train,1.968483,1.8958821,1.462398,1.3943827
mb-01696,train,1.7242758,1.7798871,1.4149734,1.4521705
mb-00131,train,2.0086002,1.988592,1.6627579,1.7627271
mb-00546,train,2.1038036,2.161594,1.5314789,1.5836914
mb-01145,train,2.0170333,2.0997188,1.908485,2.0056815
mb-06407,train,1.5314789,1.5612073,1.1139433,1.2263931
af-92cdec1b0786,train,1.6385452,1.5005819,1.252297,1.2156409
mb-00463,train,2.1038036,2.2432036,1.819544,1.9391843
mb-10396,train,1.0,1.0148255,0.69897,0.7966974
mb-10508,train,2.149219,2.2293954,1.50515,1.5506642
mb-04031,train,2.2787535,2.2837486,1.690196,1.7939687
mb-09455,train,1.4913616,1.5330042,1.0791812,1.0757957
mb-10032,train,2.0530784,2.2141314,1.8808136,1.9103917
mb-02178,train,2.220108,2.2766497,1.9294189,1.9634544
mb-06412,train,2.1367207,2.2317986,1.7853298,1.882771
mb-10655,train,2.2695131,2.2359285,1.5440681,1.5751731
mb-06309,train,2.2671719,2.148471,1.9242793,1.8359913
mb-01355,train,1.5185139,1.4429014,1.2787536,1.110147
mb-05968,train,2.1731863,2.074779,1.39794,1.4165664
mb-03244,train,2.1673174,2.1233044,1.8573325,1.8288475
mb-02917,train,1.9777236,2.071057,1.4771212,1.6192712
mb-09195,train,1.39794,1.4189938,1.146128,1.2275906
mb-06117,train,2.1846914,2.2438943,1.8573325,1.8635563
mb-01836,train,1.447158,1.3648522,1.1139433,1.1068075
mb-08994,train,2.149219,2.2440321,1.7323937,1.8145924
mb-09749,train,2.161368,2.2599711,1.770852,1.9087031
mb-02345,train,1.763428,1.627239,1.39794,1.4303248
mb-08299,train,2.30103,2.4314063,2.0374265,2.1253915
af-3649f800dc60,train,1.4890201,1.7793162,1.2074809,1.1561601
mb-09390,train,1.9731278,2.06485,1.7323937,1.7702299
mb-02746,train,1.748188,1.7163714,1.6127839,1.5428377
mb-08965,train,1.9344985,2.044263,1.6812413,1.785176
mb-06101,train,1.7242758,1.7944325,0.90309,1.0442991
mb-05736,train,1.8325088,1.7921104,1.3222193,1.2655227
mb-08803,train,1.2552725,1.0781815,1.0,0.8597532
af-3a3a58a5748e,train,1.7151204,1.5746927,1.282715,1.0587714
mb-00101,train,1.4913617,1.4257228,1.30103,1.2543526
mb-05967,train,1.3617278,1.4131391,0.7781513,0.8985931
mb-02111,train,1.5185139,1.5792308,1.3617278,1.4380904
mb-02564,train,2.2718415,2.3257623,1.8129133,1.8913332
mb-02467,train,2.2671716,2.1407416,2.064458,1.934161
af-516cbb6057d9,train,1.4430892,1.961293,1.1186252,1.2280313
mb-07702,train,2.3579347,2.3022904,2.0128372,1.9155965
mb-03540,train,1.7242758,1.7236687,1.5314789,1.5118878
mb-02805,train,2.0374265,2.13497,1.6334685,1.682088
mb-06582,train,2.0128372,2.0441058,1.7558749,1.7311655
mb-03277,train,2.303196,2.3311996,1.9444827,1.9778644
af-8d075262e6af,train,1.3960389,1.2825329,1.1581061,1.0084286
mb-09314,train,1.7708521,1.7451497,1.39794,1.3691491
mb-05680,train,2.1003704,2.0896697,1.6720978,1.5649563
mb-07800,train,2.2355285,2.239369,2.0374265,2.0271165
mb-04279,train,2.243038,2.2459724,1.845098,1.8516438
mb-00684,train,0.69897,0.7289592,0.30103,0.46854806
mb-07699,train,2.269513,2.209917,1.9956352,1.8447342
mb-02379,train,1.7160034,1.6264654,1.462398,1.4740311
mb-09266,train,1.8325089,1.7831467,1.50515,1.5244536
mb-04250,train,1.968483,1.818689,1.748188,1.5980625
mb-08572,train,1.819544,1.8491241,1.5440681,1.6280148
mb-01915,train,2.1673174,2.2122154,1.6812413,1.8052733
mb-07608,train,1.5563025,1.5435084,1.1760913,1.1995025
mb-05224,train,1.7323937,1.7371787,1.3802112,1.3913591
mb-09517,train,1.9542426,1.8234925,1.5440681,1.4747719
mb-07254,train,2.146128,2.1650453,1.7160033,1.7931026
mb-10180,train,1.447158,1.6517801,1.3222193,1.327903
mb-03421,train,1.4771214,1.4196156,1.30103,1.2452544
mb-09673,train,2.164353,2.2421932,1.8260748,1.9202125
mb-09070,train,1.4913617,1.5017076,1.4149734,1.4798845
mb-04395,train,2.0293837,2.0433688,1.8633229,1.8371242
mb-07872,train,2.1958995,2.0670173,1.9956352,1.8598717
mb-08541,train,1.9542425,2.2074335,1.9822712,2.1136484
mb-01119,train,1.5563025,1.6006033,1.30103,1.361642
mb-10851,train,1.7634281,1.8655254,1.6334685,1.6363915
mb-05643,train,1.0791812,1.0336602,0.90309,0.86870295
mb-07110,train,1.7558749,1.5188552,1.1760913,0.9582472
mb-07838,train,2.4533184,2.3492367,2.071882,1.9913504
af-bdab7ec2c162,train,1.7094116,1.8730149,0.57730794,0.7470911
mb-03275,train,2.4593923,2.5169835,2.1583624,2.239518
mb-10417,train,2.0170333,2.010046,1.447158,1.3877921
mb-03115,train,1.1760912,0.8550753,1.0413927,0.72548133
mb-08540,train,1.7075702,1.6763659,1.4313638,1.3584657
mb-09351,train,1.6232493,1.5348712,1.5314789,1.3680954
mb-04091,train,2.39794,2.3380203,1.9637878,1.9863707
mb-10258,train,1.5682017,1.5808374,1.3222193,1.33541
mb-00326,train,1.6020601,1.6347921,1.3424227,1.4857421
af-4af81c5605a2,train,0.7878761,0.8156148,0.6167884,0.66494536
mb-07769,train,1.7708521,1.8363196,1.3424227,1.3396955
mb-05715,train,2.1238515,1.9515562,1.9542425,1.7381237
mb-00755,train,2.025306,2.0761755,1.7075702,1.7468601
mb-00063,train,2.454845,2.4500399,2.164353,2.1060495
mb-05899,train,1.8129134,1.7359139,1.5563025,1.4736512
mb-03319,train,2.1172712,2.1642158,1.6434526,1.6726155
mb-05659,train,1.544068,1.5070503,1.3222193,1.2737648
mb-04708,train,2.1702619,2.2498498,1.80618,1.9193989
mb-02536,train,2.0827854,2.1376429,1.8692317,1.8786759
mb-02589,train,1.8808136,1.8842651,1.7160033,1.6975588
mb-10367,train,2.0128372,2.322703,1.6627579,1.9454843
mb-07474,train,1.94939,1.9057633,1.5563025,1.5284479
mb-09101,train,2.143015,2.1510742,1.7075702,1.6785786
mb-00566,train,1.30103,1.2777522,0.7781513,0.7785136
mb-06664,train,2.3283796,2.2782462,2.2718415,2.2037802
mb-02268,train,1.5797836,1.393456,1.2552725,1.1988924
mb-07246,train,1.5440681,1.605842,1.1139433,1.1597881
mb-00930,train,2.3201463,2.2731037,1.770852,1.7628467
mb-03901,train,1.6989701,1.5224049,1.3424227,1.2540572
mb-01578,train,2.2095149,2.173159,2.089905,1.9325216
mb-10409,train,0.90309,0.98787904,0.60206,0.70235986
mb-07749,train,1.845098,1.8065026,1.39794,1.3584833
mb-05577,train,1.6232493,1.6946435,1.20412,1.2427629
mb-04103,train,2.1038039,2.186063,2.1553361,2.1191518
mb-10569,train,1.9956353,1.9525117,1.3802112,1.3831345
mb-01144,train,1.0,0.8303298,0.845098,0.8659445
mb-06449,train,2.155336,2.1430793,1.0413927,1.0224669
af-62d74a601aac,train,1.3634447,1.2844045,1.064458,1.0125029
mb-04266,train,2.3324385,2.358576,1.9395193,2.0390158
mb-04060,train,2.1461282,2.1529377,1.7075702,1.7171199
mb-01022,train,2.1003706,2.06395,1.819544,1.6949685
mb-10681,train,2.4502492,2.1992822,1.5563025,1.3699145
mb-03233,train,2.5132177,2.5319314,2.2455127,2.263261
mb-03250,train,2.0,1.9323944,1.5910646,1.489923
mb-01194,train,1.50515,1.510174,1.3222193,1.3429307
mb-04934,train,2.1931248,2.2734592,1.8512584,1.9153702
mb-03784,train,1.9242793,2.056344,1.6627579,1.8409729
mb-08119,train,1.6434528,1.4679099,1.30103,1.1650726
mb-06277,train,2.2810335,2.3456514,1.94939,1.9688973
mb-10063,train,2.1875207,2.3014512,1.7558749,1.8534725
mb-04620,train,2.045323,2.0206757,1.5563025,1.5589302
af-8dfd0bb804ec,train,1.5103922,1.6155806,1.1072439,1.0828176
mb-09006,train,2.0899053,2.081848,1.7558749,1.6728164
mb-03704,train,1.8750613,1.856413,1.5563025,1.6666408
mb-03153,train,1.361728,1.292001,1.1760913,1.0755565
af-5f88595ec1d9,train,1.220108,1.5817455,0.92311287,1.1600547
mb-09649,train,1.6720979,1.6721652,1.462398,1.4830203
mb-07488,train,1.5682018,1.576714,1.30103,1.3317511
mb-07798,train,2.38739,2.5021555,2.1139433,2.228748
mb-02769,train,1.9395192,2.042496,1.770852,1.8270079
mb-02904,train,2.390935,2.308451,1.6434526,1.9502733
mb-09775,train,1.9637878,1.8756784,1.7242758,1.5945065
mb-07047,train,1.9190781,1.8176597,1.6127839,1.6134739
mb-09457,train,1.8976271,1.8219788,1.50515,1.4597396
mb-04618,train,1.462398,1.4037359,1.146128,1.0954638
af-02c8bb19af7a,train,1.477869,1.3409537,1.2617242,1.0342927
mb-03378,train,1.2552725,1.4433053,1.146128,1.271277
mb-00174,train,1.7853298,1.7935174,1.4313638,1.468471
mb-10379,train,2.1461282,2.285063,1.6627579,1.8378899
mb-01206,train,0.60206,0.52010226,0.47712126,0.40536427
mb-05070,train,2.269513,2.2383456,1.8633229,1.8402733
mb-05601,train,1.5563025,1.4318483,1.3802112,1.2203792
mb-09124,train,2.1238518,2.1257567,1.4149734,1.5059999
mb-04657,train,0.7781513,0.77363515,0.47712126,0.44364798
mb-06957,train,2.326336,2.248129,1.7075702,1.6529493
mb-04749,train,1.447158,1.404076,1.0791812,1.0770497
mb-04193,train,1.9777236,1.9840132,1.5185139,1.5463814
mb-04792,train,1.94939,1.8999683,1.5682018,1.5284176
mb-02778,train,2.029384,2.0111756,1.7075702,1.604891
mb-06832,train,2.1702616,2.2143066,1.6720978,1.5447456
mb-08346,train,1.9731278,2.0252383,1.6434526,1.6774287
af-55b23f1a73a1,train,1.6300423,1.5795496,1.2113502,1.2110937
mb-06422,train,2.4248817,2.364418,1.9294189,2.006092
mb-03121,train,1.929419,2.0405712,1.4149734,1.545052
mb-07498,train,1.6334685,1.6110072,1.462398,1.4125477
mb-00356,train,1.5682018,1.601237,1.20412,1.2415335
mb-03059,train,2.2148438,2.1696408,2.0,1.8905569
mb-10183,train,1.690196,1.7831168,1.3802112,1.3523088
mb-08846,train,1.8260748,1.8224218,1.5682018,1.5751595
mb-03166,train,1.8864907,1.7893528,1.5185139,1.3806561
mb-04051,train,2.3598354,2.4328268,2.064458,2.125509
mb-10172,train,2.2355285,2.236417,1.9395193,1.8707557
mb-05263,train,2.2552724,2.2838542,1.9822712,1.9690064
mb-10073,train,2.326336,2.3856065,2.0827854,2.0803747
mb-02906,train,1.6812413,1.6543524,1.4149734,1.3864052
mb-02605,train,1.30103,1.2271208,0.9542425,0.9247469
mb-03871,train,2.1367207,2.1700242,1.6812413,1.6806879
mb-10510,train,2.1818438,2.000712,1.4313638,1.3332752
mb-07297,train,2.209515,2.3325098,1.9444827,2.1117997
mb-05477,train,2.10721,2.0620773,1.7323937,1.7748106
mb-10905,train,1.5910647,1.4810709,1.4313638,1.2940446
mb-05174,train,2.2552724,2.3116724,2.0791812,2.1513817
mb-08957,train,2.0530784,2.0819986,1.9444827,2.0072951
mb-06021,train,2.2810333,2.3552442,1.8573325,1.9471898
mb-01918,train,2.1003704,2.0957246,1.845098,1.7776217
mb-03686,train,1.7242758,1.7505939,1.4771212,1.5531018
mb-01269,train,2.0,1.903142,1.3222193,1.318148
mb-03039,train,1.748188,1.8079529,1.0413927,1.0902499
mb-00245,train,1.7993406,1.8697946,1.20412,1.287356
mb-08581,train,1.6532125,1.6617239,1.30103,1.3213184
mb-06472,train,2.1818435,2.2136633,1.9731278,1.9101725
mb-02360,train,1.7160034,1.7929208,1.5682018,1.5913129
mb-03441,train,1.2787536,1.3359538,1.1139433,1.1222833
mb-10845,train,1.9395193,2.0127604,1.6232493,1.7151309
mb-07313,train,2.1818435,2.0838442,1.7853298,1.7815362
mb-03035,train,2.1003706,2.2946982,1.8512584,1.999037
mb-09097,train,0.9542425,0.8287115,0.69897,0.5976019
mb-03120,train,2.2787538,2.286449,2.2405493,2.219523
mb-00992,train,1.6627578,1.6303363,1.3222193,1.3426409
mb-05357,train,2.0934217,2.16997,1.8692317,1.789098
mb-08588,train,2.133539,2.146376,1.90309,1.8574886
mb-06758,train,1.845098,1.8153238,1.5314789,1.5047208
mb-06188,train,1.748188,1.689358,1.50515,1.4075232
mb-05262,train,2.133539,2.2044094,1.69897,1.7734334
mb-07342,train,1.6532124,1.6330327,1.3222193,1.3395236
af-45bf324a6244,train,1.265735,1.1673121,0.847403,0.8513154
af-41cae372cf49,train,1.483871,1.6833328,0.96508783,1.1227638
mb-07532,train,1.8260748,1.8598075,1.3802112,1.3179008
mb-01457,train,2.071882,2.0882692,1.4149734,1.4566579
mb-05730,train,1.9344984,1.907061,1.50515,1.4086957
mb-07811,train,1.3802114,1.3871905,1.20412,1.2185843
mb-01702,train,2.2855573,2.2350223,1.9956352,1.9310074
mb-07596,train,1.2787536,1.2425363,0.7781513,0.782885
mb-00324,train,2.0043213,1.985856,1.6232493,1.6286825
mb-06754,train,2.2380462,2.2967994,1.8864907,1.9175625
mb-05065,train,2.09691,2.1075425,1.6812413,1.6798812
mb-00025,train,1.913814,1.792831,1.5440681,1.4805713
mb-06131,train,1.6127839,1.6060065,1.4149734,1.3863959
af-d0cd2109e28a,train,1.0419096,1.1433659,0.76988447,0.84337795
mb-02535,train,1.9294189,1.85095,1.5185139,1.4407529
mb-03708,train,2.20412,2.2700562,1.9395193,1.9664074
mb-08345,train,1.5314789,1.7396201,1.3802112,1.5803568
mb-05333,train,2.0170333,1.9958875,1.5910646,1.5737131
mb-07559,train,1.7323937,1.7803924,1.2787536,1.4600284
mb-08918,train,2.164353,2.1722488,1.5440681,1.642618
mb-00494,train,1.7403628,1.8347956,1.4313638,1.5618565
mb-04251,train,1.9493899,1.9743881,1.60206,1.676831
mb-05862,train,2.3710678,2.429889,2.089905,2.1105359
mb-05156,train,2.075547,2.1070113,1.6532125,1.7034132
mb-06326,train,2.1673174,2.2061646,1.7323937,1.8519258
mb-07211,train,1.6434528,1.5845889,1.4313638,1.3981034
mb-06483,train,2.4361625,2.47378,2.146128,2.1771965
mb-01067,train,2.2227166,2.2293274,1.8512584,1.8435171
mb-10319,train,1.9444827,1.830284,1.7075702,1.6428268
mb-01397,train,2.0211892,2.0284514,1.69897,1.6683428
mb-04309,train,2.0530784,2.0145814,1.763428,1.6500133
mb-02123,train,2.20412,2.2148376,1.8976271,1.9894269
mb-04814,train,1.2552725,1.3561704,1.1760913,1.2014513
mb-10617,train,2.198657,2.074494,1.6232493,1.6054182
mb-06515,train,2.2552724,2.2936301,2.1303337,2.2254937
mb-04086,train,1.3979399,1.36045,1.0791812,1.0165962
mb-02601,train,1.4313638,1.4362178,1.0413927,1.0606822
mb-05033,train,1.146128,1.240115,0.9542425,1.1020114
mb-01616,train,1.9731278,1.8754072,1.50515,1.4623728
mb-03212,train,2.2944663,2.259772,1.8692317,1.8007411
mb-09121,train,2.209515,2.1208687,1.7160033,1.6605096
mb-01005,train,1.7558749,1.6598353,1.230449,1.1356682
mb-06145,train,2.2479734,2.1979184,1.8512584,1.7914803
mb-04299,train,1.8920946,2.039189,1.5682018,1.7297496
mb-08188,train,1.3424227,1.2508309,1.50515,1.3468552
mb-00890,train,2.0863597,2.1568131,1.845098,1.811244
af-ad7f4350cf73,train,1.3422805,1.5037789,1.0256212,1.1460202
mb-05537,train,1.2787536,1.2221181,1.0413927,0.97367287
mb-00518,train,1.5910647,1.6602029,1.1760913,1.2120012
mb-01142,train,1.8129133,1.6949475,1.5797836,1.4634833
mb-06045,train,2.1367204,2.065866,1.7403626,1.6239641
mb-06899,train,1.8633229,1.8584604,1.5910646,1.5501322
af-82c8ded576d0,train,1.7808528,1.6505787,1.2918438,1.1775849
mb-01582,train,2.075547,2.0831475,1.748188,1.7074236
mb-05331,train,2.1038039,1.8685092,1.6334685,1.4643703
mb-00889,train,2.09691,2.1105607,1.8129133,1.8645066
mb-03366,train,2.0492182,2.0783613,1.6334685,1.6680546
af-009e856d237a,train,2.0041537,1.8195871,1.195479,1.1690699
mb-09275,train,2.2576785,2.1441982,1.8573325,1.8151348
mb-05267,train,1.8129134,1.8031176,1.30103,1.3201844
mb-10545,train,1.6232493,1.7545623,1.447158,1.572298
mb-01255,train,1.6989701,1.6311209,1.2552725,1.3306028
mb-08003,train,2.1760912,2.2530658,1.8864907,1.9034185
mb-06414,train,2.3483047,2.3035507,2.0170333,1.9192597
mb-01247,train,1.9294189,1.8294549,1.69897,1.6813761
mb-05589,train,1.1139433,1.1465558,0.7781513,0.84173304
mb-10702,train,1.9542426,2.007163,1.6532125,1.5870425
mb-03443,train,1.7242758,1.6502242,1.5797836,1.5109917
mb-10669,train,1.6989701,1.6852237,1.4149734,1.398271
mb-07363,train,1.8260747,1.9276686,1.5797836,1.583171
mb-05822,train,2.2944663,2.3564742,1.9590414,1.9850196
mb-08138,train,2.0863597,2.1360378,1.8325089,1.8163767
mb-08683,train,1.8388491,2.1359572,1.4913617,1.5522252
mb-08629,train,2.2900348,2.2367797,1.7993406,1.6885967
mb-01532,train,1.7708521,1.9290315,1.6532125,1.7230018
mb-09290,train,1.6532125,1.6614505,1.20412,1.2712398
mb-03278,train,2.217484,2.2759538,1.8512584,1.9413565
mb-05792,train,1.6020601,1.6288223,1.462398,1.3926983
mb-04173,train,2.2944663,2.3997636,1.8976271,2.0539808
mb-01527,train,0.9542425,0.92616403,0.7781513,0.7389335
af-167fbfd94006,train,1.7765181,1.7340977,1.2881306,1.1451052
mb-01473,train,2.2068257,2.2587404,1.7853298,1.784489
mb-08274,train,2.1583626,2.1765668,1.6127839,1.5972031
mb-06453,train,2.1875207,2.227106,1.763428,1.7087437
mb-01971,train,2.2988532,2.310885,1.8325089,1.8161731
mb-06161,train,2.2833014,2.2736163,1.8633229,1.8525662
mb-07887,train,0.6989701,1.4103047,1.5440681,1.3395321
mb-00332,train,1.968483,2.0277247,1.5440681,1.5506892
mb-09712,train,2.0086002,1.991065,1.4149734,1.4362614
mb-10941,train,1.4149734,1.5004207,1.230449,1.3122865
mb-10599,train,1.6020601,1.5909206,1.30103,1.323541
mb-01422,train,1.7781513,1.7877818,1.4149734,1.4130574
mb-05515,train,1.90309,1.9136807,1.146128,1.2021122
mb-02423,train,2.0253057,2.0119424,1.7403626,1.7672952
mb-06106,train,2.3838153,2.3257017,1.9190781,1.9100486
mb-02864,train,1.7993406,1.8420804,1.5682018,1.6466291
mb-06976,train,1.6901962,1.685219,1.3424227,1.3512028
af-1c37631a1f4d,train,1.6121478,1.7384391,1.0142138,1.1284908
mb-05817,train,1.8808136,1.8906654,1.6627579,1.5553726
mb-10441,train,1.7993406,2.3096814,1.8920946,1.9670182
mb-09051,train,1.4623979,1.4035314,1.0791812,1.051614
mb-10128,train,2.0569048,1.957807,1.447158,1.4288383
mb-09484,train,1.5797837,1.6232294,1.30103,1.3808572
mb-07020,train,2.340444,2.4070885,1.968483,2.0689888
af-f6d1939f8839,train,1.9999939,1.7785655,1.201348,1.1523482
mb-09389,train,1.8920946,2.2519374,1.5910646,1.9141169
mb-02258,train,1.7993406,1.7919592,1.5440681,1.5119692
mb-01904,train,0.8450981,0.8465172,0.60206,0.6290122
mb-02646,train,2.1172714,2.1272554,1.6127839,1.6152894
mb-03563,train,1.6532125,1.6090975,1.5185139,1.4745572
mb-08019,train,1.518514,1.4369873,1.1760913,1.1551864
mb-08699,train,2.0211895,1.9719912,1.5682018,1.5730596
mb-02012,train,2.2624512,2.301068,1.9294189,1.9471631
mb-04581,train,2.1139433,2.1932397,1.7160033,1.8883543
mb-03612,train,2.3324385,2.391452,2.049218,2.0857735
mb-04651,train,1.8388491,1.938667,1.6232493,1.7377114
mb-09293,train,2.10721,2.2532744,1.5797836,1.6721758
mb-03168,train,1.6334685,1.5992402,1.462398,1.4008915
mb-07983,train,2.2900345,2.2231452,1.9344984,1.8054643
mb-02941,train,2.075547,2.1154916,1.7242758,1.7785637
mb-08598,train,2.0086002,1.972907,1.7242758,1.6918942
af-f4a14c21af9e,train,1.3484023,1.2554536,1.0801934,0.94110245
mb-07785,train,2.0043213,1.9839634,1.7853298,1.7325028
mb-00542,train,1.3424227,1.2485702,0.90309,0.8660463
mb-03764,train,2.243038,2.226384,2.0128372,1.9524567
af-219d796bee87,train,1.567531,1.588676,1.20933,1.1982644
mb-04587,train,1.230449,1.2408229,0.90309,0.95755076
af-467bde830ed1,train,1.7007521,1.6969974,1.170983,1.1199167
mb-10609,train,1.9444828,1.8846334,1.3424227,1.5070083
mb-08215,train,2.1038036,2.12783,1.50515,1.553718
mb-02329,train,1.763428,1.9130956,1.50515,1.6170093
af-7131de623c28,train,1.2444158,1.2447069,0.85477775,0.9468834
mb-01583,train,1.6627579,1.747965,1.30103,1.4107587
mb-00857,train,1.3222194,1.2645733,1.146128,1.1269283
mb-08397,train,2.2966652,2.1563644,1.1139433,1.0026487
mb-02884,train,2.2455127,2.2563908,1.9242793,1.9269238
af-8cf08ce1df28,train,1.063232,1.0658798,0.6963162,0.77927005
mb-05452,train,1.6989701,1.7351035,1.4913617,1.4447153
af-30d7f0167688,train,1.1662703,1.1286423,0.92362064,0.89866096
mb-02122,train,2.264818,2.2846396,1.9395193,1.9266677
af-f2f6cf006063,train,1.6558604,1.6749473,1.2089517,1.1546645
mb-06534,train,2.049218,2.0561013,1.5797836,1.6253736
af-cdd7847fb7e8,train,1.4002357,1.5637802,1.1960601,1.246105
mb-07048,train,1.6232493,1.6728029,1.39794,1.4216926
mb-08594,train,2.2479732,2.2679596,1.819544,1.8436257
af-8e1df3004e6e,train,1.3097451,1.6400247,1.024617,1.122459
mb-04521,train,2.064458,2.0925274,1.763428,1.8023052
mb-08607,train,2.0253057,2.0578086,1.845098,1.81288
mb-08298,train,1.8920946,1.956355,1.6434526,1.7435266
af-4d761230b928,train,1.7693233,1.6493508,1.2978239,1.1786007
mb-09634,train,2.0253057,2.1677024,1.748188,1.9144968
mb-00093,train,1.3424227,1.3962936,1.1760913,1.2074208
af-23ecd8e48b97,train,1.4616472,1.5012461,1.1494901,1.1140376
mb-03033,train,1.5563024,1.6470728,1.3222193,1.4320297
mb-06281,train,1.7323937,1.7949376,1.4771212,1.5452912
mb-03139,train,2.139879,2.1064184,2.0791812,1.9562415
mb-04684,train,1.8808136,1.8853657,1.7075702,1.6417007
af-035c219449ed,train,1.4876883,1.3238637,1.1545122,0.9752741
mb-06654,train,1.770852,2.3775616,1.9344984,2.1160147
mb-02109,train,1.9444827,1.9730339,1.60206,1.6256349
mb-09958,train,2.3201463,2.3226569,1.9542425,1.9345508
mb-03351,train,1.5910647,1.6023707,1.2787536,1.1983263
mb-03795,train,2.2833014,2.3618877,1.8808136,1.9813432
mb-02537,train,2.20412,2.1967876,1.8808136,1.7970641
mb-07709,train,1.4771214,1.4562662,1.230449,1.2598662
mb-06504,train,1.4913617,1.5882971,1.0413927,1.1161385
af-230c711fe243,train,2.0646863,2.072727,1.1316636,1.039145
mb-08450,train,2.292256,2.1549122,2.1846914,2.0915346
mb-00425,train,1.9242792,2.037271,1.7403626,1.8228806
mb-01232,train,1.0,1.0733695,0.69897,0.81114817
mb-01310,train,1.9242792,1.8771081,1.50515,1.493405
mb-02286,train,2.1931245,2.2399786,1.7781513,1.9463776
mb-08083,train,1.6020601,1.6321568,1.2787536,1.4012958
mb-04847,train,2.1461282,2.1152997,1.8976271,1.84223
mb-05378,train,2.2455127,2.1907787,1.80618,1.7821295
mb-10047,train,2.2671719,2.2232885,1.4913617,1.4761163
mb-09527,train,2.049218,1.9876627,1.8633229,1.7242556
mb-10771,train,1.6720978,2.155752,1.9867717,1.9228606
mb-09129,train,1.6232493,1.6192781,1.20412,1.24464
mb-06249,train,2.2741578,2.2972202,1.8129133,1.8440074
mb-03183,train,2.2013972,2.2106535,1.90309,1.8419831
mb-04381,train,1.7403628,1.6899585,1.6812413,1.526644
mb-05097,train,2.4471579,2.2938757,2.3747482,2.2325313
mb-04758,train,1.7242758,1.757566,1.4149734,1.4482096
mb-01807,train,1.8920946,1.9068882,1.6232493,1.5843372
mb-04013,train,1.6720978,1.68151,1.5314789,1.5273263
mb-08513,train,2.1760912,2.2544494,1.80618,1.9039513
mb-00383,train,1.7993405,1.7628219,1.5185139,1.4809601
mb-08243,train,1.7853298,1.8207617,1.1760913,1.2753007
mb-03731,train,1.8573325,1.8810476,1.7160033,1.626154
mb-10696,train,2.08636,2.1650054,1.39794,1.401521
mb-01575,train,2.146128,2.2093863,1.8573325,1.9283686
mb-06706,train,1.2552725,1.1514786,1.1139433,1.0035615
mb-08983,train,2.2253094,2.2600503,1.8692317,1.9215416
mb-02164,train,2.1303337,2.095349,1.9294189,1.8701797
mb-05380,train,1.763428,1.7668195,1.447158,1.4274452
mb-08030,train,1.9956353,2.0889668,1.7558749,1.7062008
mb-01700,train,0.8450981,0.6199615,0.60206,0.4333403
mb-02232,train,1.9395193,1.9567702,1.7993406,1.7502873
mb-06032,train,1.770852,2.1308227,0.0,0.68828845
mb-07131,train,1.7558749,1.6956738,1.4149734,1.3502015
mb-06066,train,2.376577,2.3486416,1.8976271,1.9841368
mb-00996,train,1.8388491,1.8621601,1.3617278,1.3746917
mb-04240,train,1.7403626,1.7647483,1.4771212,1.5069076
mb-07255,train,2.2253094,2.1882439,1.8692317,1.7963187
mb-09584,train,1.6627579,1.6778209,1.3424227,1.3833368
mb-00192,train,2.0606978,1.7260306,1.5910646,1.3456935
mb-05441,train,1.230449,1.2832386,0.90309,0.9484571
mb-08260,train,1.6627579,1.6034762,1.30103,1.2570899
mb-07745,train,1.7403628,1.7661623,1.4149734,1.4285444
mb-05831,train,1.7323937,1.7126521,1.3424227,1.3506656
mb-03554,train,2.0211892,1.9939165,1.6720978,1.605239
mb-07689,train,2.2380462,2.1969213,1.7242758,1.6749754
mb-03542,train,2.2227163,2.2244225,2.0211892,1.9267519
af-5ed02d9a45e8,train,1.4487712,1.5839945,1.0563636,1.0738275
mb-08798,train,1.7708521,1.8200424,1.462398,1.4671046
mb-03382,train,1.9590415,1.8218559,1.6334685,1.4903971
mb-07907,train,1.30103,1.3299459,1.146128,1.1546283
mb-04213,train,1.7160033,1.7086195,1.60206,1.5454419
mb-01546,train,1.146128,1.003229,0.7781513,0.66841537
mb-08849,train,2.1583626,2.168229,1.8512584,1.8786315
mb-00598,train,1.20412,1.1900667,0.9542425,0.9466426
mb-05687,train,2.0934217,2.084991,1.5440681,1.4865727
mb-08483,train,0.69897,0.7936104,0.47712126,0.5352673
mb-01834,train,2.5237465,2.5183413,2.2624512,2.2875452
mb-07144,train,1.8260748,1.8143651,1.462398,1.4395056
mb-09344,train,1.7323937,1.7156891,1.230449,1.2001768
mb-09720,train,1.7075702,1.6967987,1.4313638,1.5223857
mb-09393,train,2.3560257,2.412255,2.1238515,2.214396
mb-06746,train,2.209515,2.2068534,1.6434526,1.6213167
mb-03169,train,1.9731278,1.9471623,1.69897,1.6498821
mb-05196,train,1.4313638,1.2782423,1.1139433,0.9391705
mb-10952,train,1.0,1.0383408,0.47712126,0.5315128
mb-06918,train,1.1139433,1.1361282,1.0413927,0.9576778
mb-01186,train,1.8692317,1.9103124,1.30103,1.3173865
mb-04239,train,1.3424227,1.2226895,1.1139433,1.0136142
mb-08295,train,1.9777236,2.025105,1.6334685,1.6763846
mb-05507,train,1.2787536,1.3867943,1.20412,1.2585065
mb-07567,train,1.7923917,1.8687522,1.5185139,1.5622295
mb-05048,train,1.7993406,1.8368107,1.6532125,1.6538632
mb-01078,train,2.2148438,2.2274623,1.8864907,1.8224677
mb-00862,train,2.0791812,2.0164304,1.90309,1.7793646
mb-10244,train,1.8808136,2.001416,1.5797836,1.7083982
mb-06497,train,2.3710678,2.4220083,2.0863597,2.0841353
mb-00477,train,2.252853,2.2575989,1.770852,1.7025305
mb-09902,train,1.4771214,1.4731909,1.20412,1.269175
mb-03851,train,0.0,1.5609097,1.3222193,1.3175468
mb-00675,train,1.5682018,1.5391454,1.3617278,1.3017616
mb-03703,train,2.2227166,2.2266583,2.0413928,2.1308074
mb-04063,train,1.8129134,1.8224088,1.6334685,1.6198566
mb-10951,train,1.6989701,1.7030942,1.1139433,1.2021985
mb-00734,train,2.0170333,1.9741923,1.763428,1.725178
mb-04961,train,2.049218,2.1562743,1.9867717,2.0058827
mb-05421,train,1.3617278,1.460567,1.3802112,1.1124601
mb-01334,train,1.5797836,1.5437269,1.50515,1.4146087
af-235095bcd599,train,1.470312,1.5329763,1.2392019,1.2535237
mb-08448,train,2.089905,2.057119,1.4771212,1.4996591
mb-04787,train,1.6434526,1.4126041,1.230449,1.1229242
mb-00847,train,2.09691,2.1332269,1.690196,1.7192829
mb-02761,train,1.1760913,1.1242551,0.69897,0.7130233
mb-02254,train,1.4471581,1.5406003,1.20412,1.2833289
mb-10200,train,2.049218,2.0641751,1.6720978,1.7396647
af-239cd1711274,train,1.5319755,1.4044619,1.2015855,1.063686
mb-04428,train,0.69897,0.68381417,0.47712126,0.52508426
mb-06296,train,1.90309,1.8460639,1.7403626,1.6613386
mb-04253,train,1.1139433,1.1056381,0.9542425,0.96970874
mb-00615,train,1.462398,1.3718128,0.90309,0.86000264
mb-05526,train,1.4913617,1.4582468,1.3617278,1.3062354
mb-00066,train,1.6532125,1.6909847,1.5185139,1.5649066
mb-02758,train,2.3263357,2.2271295,2.1238515,1.9944879
mb-09820,train,1.531479,1.5844305,1.1760913,1.2978485
mb-00290,train,1.7242758,1.6581547,1.60206,1.5138202
mb-01775,train,1.7075702,1.6737344,1.39794,1.4123784
mb-04471,train,2.1846914,2.1879826,1.968483,1.9520435
mb-00361,train,1.2552725,1.3468709,0.9542425,1.1237116
mb-03836,train,1.8692317,1.8540969,1.3617278,1.3295971
mb-03113,train,2.2878017,2.246733,1.9956352,1.9820577
mb-04549,train,1.9444826,1.9224339,1.5797836,1.5862005
mb-05579,train,2.326336,2.4397235,2.0211892,2.1305518
mb-08489,train,2.029384,2.1638422,1.5682018,1.7514435
mb-02707,train,1.2552725,1.1367215,0.90309,0.8311452
mb-07746,train,1.7781513,1.7623105,1.4771212,1.370799
mb-05349,train,1.9867718,1.9753941,1.6812413,1.6087856
mb-04782,train,0.845098,0.8103897,0.47712126,0.54798335
mb-10093,train,1.4913616,1.3464681,1.447158,1.3730284
mb-04461,train,2.1760912,2.1752615,1.8920946,1.8345073
mb-10418,train,1.9344985,1.98129,1.5682018,1.617289
mb-04357,train,2.5276299,2.5179036,2.2741578,2.2984083
mb-10580,train,1.30103,1.5506711,1.0,1.288152
mb-00081,train,2.2121875,2.233352,1.9777236,1.9555508
mb-02378,train,1.6334684,1.5137434,1.0791812,0.96596575
mb-07370,train,2.2013972,2.206162,1.8920946,1.8371227
mb-07139,train,1.9956352,2.011247,1.8129133,1.7942744
mb-03400,train,1.9242792,1.9241554,1.5185139,1.5310019
mb-08970,train,1.4471581,1.5850582,0.69897,0.8627677
mb-00748,train,1.4913617,1.5585368,1.20412,1.2868884
mb-07517,train,2.0170333,2.0409906,1.39794,1.4486915
mb-03247,train,2.2380462,2.266512,1.8388491,1.8541996
mb-00844,train,1.4471581,1.3227788,1.0413927,0.9166777
mb-08917,train,1.6232493,1.5798628,1.4313638,1.4021552
mb-06169,train,2.3673558,2.3330965,1.9867717,2.0166807
mb-04542,train,1.3617278,1.4811382,1.2552725,1.3143231
mb-07467,train,0.69897,0.47316334,0.30103,0.12506104
mb-01360,train,1.7708521,2.3958611,2.1105897,2.0940452
mb-00881,train,1.5682018,1.5170219,1.20412,1.1992406
mb-08937,train,2.155336,2.1953802,2.049218,2.067845
mb-06513,train,2.2966652,2.4222193,2.0374265,2.0674868
mb-07988,train,2.0,2.0359206,1.5682018,1.714565
mb-00028,train,1.724276,1.578038,1.3424227,1.1935657
mb-08814,train,2.3117537,2.2534797,2.0128372,2.0162644
mb-02763,train,2.09691,2.1941047,1.9912261,2.1239343
mb-09623,train,2.1702616,2.1756845,1.60206,1.6160805
mb-04277,train,2.2380462,2.2087288,1.8129133,1.7791208
af-f999245f021a,train,1.094782,1.0493238,0.8257214,0.77970564
mb-00643,train,2.120574,2.1500409,1.845098,1.8714132
mb-09883,train,2.5599065,2.5296838,2.269513,2.2650647
mb-02742,train,1.5185139,1.4281847,1.0791812,0.99283254
mb-04194,train,1.5797837,1.6193424,1.20412,1.2048501
mb-05533,train,2.230449,2.131812,1.968483,1.8954422
mb-04656,train,1.8388491,1.7600367,1.4149734,1.4085909
mb-01181,train,2.1105897,2.2279332,1.69897,1.8053527
mb-07273,train,1.1760913,1.3726451,1.146128,1.0668142
mb-02476,train,2.1003704,2.164014,1.7160033,1.7438805
mb-00977,train,2.2304487,2.1996415,2.0863597,2.045155
mb-10469,train,1.8750613,1.8558099,1.5797836,1.5327897
mb-06862,train,2.120574,2.0705075,1.50515,1.4994223
mb-09193,train,1.0,1.0388806,0.69897,0.8504205
mb-03816,train,2.0530784,2.0681705,1.690196,1.6493927
mb-01847,train,2.2405493,2.2347999,1.9344984,1.9548371
mb-03341,train,2.2878017,2.2741857,1.9867717,1.9467682
mb-05749,train,2.3521824,2.314057,2.0863597,1.9553213
mb-07249,train,1.9294189,1.885465,1.5185139,1.5255362
mb-05283,train,1.6127838,1.598168,1.4771212,1.4665523
mb-05597,train,2.2041202,2.2042685,1.6334685,1.6132811
mb-02697,train,0.69897,0.58827186,0.30103,0.27674925
mb-01472,train,2.049218,2.069453,1.7242758,1.7564647
mb-01910,train,2.0374265,1.9832804,1.908485,1.8031154
mb-10440,train,1.6532125,1.8659089,1.50515,1.576302
mb-04861,train,2.1731863,2.1261501,1.9242793,1.9129429
mb-10818,train,1.6232493,1.5540545,1.30103,1.3006606
mb-07636,train,0.90308994,1.1095046,0.845098,0.9617954
mb-03545,train,1.7075702,1.7055237,1.50515,1.4974228
mb-01494,train,1.6127838,1.5514603,1.3222193,1.3182513
mb-00056,train,2.0934217,2.0919156,1.9542425,1.8867768
mb-05705,train,2.2068257,2.1607702,1.690196,1.6836593
mb-02715,train,1.531479,1.7058204,1.20412,1.3633703
mb-00265,train,2.1139433,2.1467648,1.8388491,1.8122495
mb-07187,train,2.1931245,2.2094774,1.7853298,1.7777047
mb-09784,train,2.075547,2.2398293,1.9344984,2.1483715
mb-01073,train,1.4149734,1.3995945,1.20412,1.2846171
mb-09217,train,1.6334685,1.6667264,1.4913617,1.5214145
mb-08104,train,1.6812413,1.6774135,1.3617278,1.4029944
mb-08398,train,1.2552725,1.2763216,1.0413927,1.0088699
mb-10485,train,2.0413928,1.9768884,1.7075702,1.6691997
af-8695dbc1dce0,train,1.902456,2.0699587,1.2653179,1.0305525
mb-05824,train,2.372912,2.452993,2.049218,2.1635141
mb-00178,train,2.2718415,2.3098104,1.9242793,1.9462658
mb-00903,train,1.929419,1.9019632,1.462398,1.4863968
mb-00744,train,2.0043213,2.1015372,1.90309,1.8850414
mb-02851,train,1.8864908,1.8543723,1.4913617,1.6091026
mb-02377,train,1.3424227,1.4574805,0.9542425,1.0750113
mb-05306,train,2.365488,2.4299054,2.1673174,2.144103
mb-04716,train,2.2878017,2.2888708,1.8260748,1.7999842
mb-04165,train,2.1875207,2.2560177,1.763428,1.7629037
mb-06768,train,2.1003704,1.9299338,1.8864907,1.8137645
mb-00603,train,1.5797837,1.6154182,1.3424227,1.4747264
mb-01436,train,2.1702619,2.0821948,1.6127839,1.4997246
mb-02598,train,0.7781513,1.0290856,0.90309,0.81665313
mb-08495,train,2.340444,2.3333254,1.9542425,1.9973836
mb-03722,train,2.0899053,2.1355953,1.7993406,1.7451925
mb-08744,train,1.3979399,1.3734934,1.1139433,1.0775547
mb-09012,train,2.4899585,2.497951,2.1673174,2.2220204
mb-00843,train,1.3222193,1.4469624,1.0,1.1176598
af-84351a3c9762,train,1.3969556,1.2637728,1.210479,1.0236084
mb-08102,train,1.8976271,2.0923448,1.7853298,1.9084654
mb-06360,train,1.6434528,1.5471584,1.1760913,1.0773227
mb-08863,train,1.39794,1.2054968,0.90309,0.8385405
mb-09686,train,2.1931248,2.2409084,1.8512584,1.9397633
mb-03485,train,1.94939,2.025988,1.230449,1.3889159
mb-05814,train,2.1038036,2.0580893,1.447158,1.4203563
mb-06300,train,1.5797836,1.5011413,1.3222193,1.2772832
mb-05829,train,1.748188,1.7905545,1.462398,1.3543633
mb-07143,train,1.5682018,1.5778791,1.30103,1.3329096
mb-08221,train,2.243038,2.2190886,1.9344984,1.9623116
mb-01953,train,2.164353,2.009242,1.8808136,1.7459005
mb-05026,train,2.2041202,2.2513723,1.7993406,1.6877416
mb-01995,train,1.7160033,1.693681,1.5910646,1.5225526
mb-01557,train,2.220108,2.2258084,1.9344984,1.9197867
mb-04609,train,2.240549,2.2682052,1.9956352,1.9551053
mb-01009,train,1.8260747,1.7635356,1.447158,1.3717341
mb-02147,train,2.1367204,2.1806996,2.1818435,2.0974789
mb-01006,train,1.7323937,1.6926814,1.5563025,1.5028294
mb-07995,train,1.8325089,1.8060087,1.60206,1.5468508
mb-07603,train,2.3344536,2.3558514,2.161368,2.1954765
mb-10132,train,2.0530784,2.0918825,1.60206,1.6329144
mb-07919,train,1.4471581,1.3106129,1.146128,1.12028
mb-03070,train,1.0791812,1.1032243,0.845098,0.9379642
mb-09744,train,1.9242793,1.9732258,1.146128,1.2906151
mb-07247,train,2.0253057,2.1583335,1.7853298,1.8044373
mb-10481,train,2.3283796,2.324795,2.0413928,2.0354078
mb-03681,train,1.8750613,1.8357567,1.60206,1.5424712
mb-07106,train,2.0086002,2.0421329,1.6232493,1.7062988
mb-04001,train,2.209515,2.171184,1.9444827,1.9185283
mb-08788,train,1.845098,1.8706272,1.6532125,1.6031438
mb-03143,train,1.80618,1.8954412,1.6334685,1.6921257
mb-03933,train,2.4871385,2.5182307,2.3304138,2.3014073
mb-00368,train,1.2552725,1.4207826,1.0,1.2303551
mb-02072,train,1.9294189,1.9005826,1.8325089,1.7858155
mb-02168,train,2.071882,2.1437972,1.8129133,1.8933558
mb-02648,train,1.7993406,1.7920382,1.4913617,1.4908576
mb-01576,train,1.3979399,1.3742282,1.1139433,1.1232058
mb-09905,train,2.4377506,2.361633,1.9590414,1.9772124
mb-03801,train,2.0606978,2.140087,1.7075702,1.7869804
mb-10571,train,2.0863597,2.0190713,1.8633229,1.8378336
mb-04556,train,1.8573325,1.9616123,1.230449,1.2969936
mb-05186,train,2.217484,2.2085428,1.690196,1.61201
mb-05286,train,1.8750613,1.8841426,1.7242758,1.7441359
mb-08642,train,1.462398,1.4575142,1.2552725,1.1979833
mb-04933,train,2.4927604,2.4477541,2.220108,2.2150974
mb-06037,train,1.7558749,1.7452083,1.5910646,1.57847
mb-07362,train,1.9444827,1.9161959,1.6532125,1.6996348
mb-05496,train,2.2966652,2.3143642,2.0,1.906778
mb-02498,train,1.0,0.92144614,0.845098,0.7774115
af-0543ba1f6db4,train,1.4910071,1.385939,1.1544666,0.9917168
mb-01618,train,1.6334684,1.509264,1.5185139,1.4453399
mb-07720,train,1.4771212,1.3676912,1.1139433,1.0322676
mb-08334,train,2.10721,2.1270227,1.6334685,1.6768587
mb-01513,train,2.3765771,2.4352758,2.1367207,2.181497
mb-03519,train,1.7558749,1.7600988,1.5314789,1.4781823
mb-08276,train,1.6627579,1.6553687,1.30103,1.3166078
mb-04262,train,1.7558749,1.7554762,1.6434526,1.5651464
mb-02256,train,1.0791813,1.3631856,0.7781513,1.0364459
mb-06772,train,1.819544,1.8909631,1.7075702,1.6810293
mb-01548,train,0.30103,0.27103135,0.0,0.028988957
mb-04818,train,2.0128372,2.0662744,1.690196,1.7704544
mb-02608,train,1.819544,1.8672625,1.4771212,1.5017126
mb-05484,train,1.4913617,1.5763179,1.2552725,1.4242594
mb-07092,train,1.5563025,1.5680829,1.3617278,1.3450183
mb-04467,train,1.9590415,1.8756804,1.4913617,1.4087853
mb-03999,train,2.0413928,2.0562215,1.6627579,1.6330894
mb-07882,train,2.0043213,2.0228548,1.770852,1.7559193
mb-02845,train,2.2121878,2.2820663,2.209515,2.2045987
mb-05364,train,0.90309,0.8868047,1.146128,1.1654547
mb-05544,train,2.0211895,1.8955669,1.6127839,1.4935678
mb-08962,train,2.0791812,2.0423834,1.748188,1.6947783
mb-08374,train,1.6720979,1.6462935,1.462398,1.4744697
mb-00218,train,1.4313638,1.5066323,1.0413927,1.0652035
af-c0a39893d84d,train,1.5628256,1.4261454,1.2791214,1.1031458
mb-08776,train,2.2227166,2.3080947,1.819544,1.9002924
mb-04505,train,1.748188,1.775145,1.4149734,1.4455492
mb-07341,train,1.6334685,1.6718092,1.1760913,1.1123246
mb-02183,train,2.1673174,2.2143397,1.9242793,1.9759798
mb-03894,train,2.0043213,2.0896575,1.7323937,1.8657538
mb-03667,train,1.7403626,1.7901759,1.447158,1.4744565
mb-00736,train,2.049218,2.2506,1.9637878,2.1252198
mb-03017,train,2.5658476,2.4329174,2.2552724,2.1324797
mb-01313,train,2.0211892,2.001188,1.690196,1.7538466
mb-07093,train,2.1003706,1.9563776,1.6532125,1.5973036
mb-07945,train,1.30103,1.2837875,0.9542425,0.85383916
mb-07277,train,2.4183013,2.3137627,1.9542425,1.9178233
af-4110f65c57bc,train,1.5803125,1.3996686,1.2048062,1.1393454
mb-06678,train,1.7993406,1.7145779,1.5563025,1.4112632
mb-06123,train,2.0374265,2.0666478,1.6232493,1.6341094
mb-09520,train,1.9395193,1.8442801,1.2787536,1.2103081
mb-09382,train,2.1673174,2.2320712,1.6812413,1.6659791
af-0befd8b44978,train,1.7794818,1.7072921,1.2026763,1.1790807
mb-10097,train,2.4471579,2.4719026,2.146128,2.249456
mb-03866,train,2.220108,2.1643105,1.5797836,1.5803299
af-60d3c7e3a655,train,1.1186813,1.3000051,0.7069558,0.962914
mb-01002,train,1.6812413,1.7284578,1.3802112,1.3774391
mb-02099,train,1.80618,1.7557178,1.462398,1.4692128
mb-06022,train,1.90309,1.9522208,1.3424227,1.3861306
mb-10437,train,2.1238515,2.1573236,1.7853298,1.8154784
af-48e5eceb94a2,train,2.2865553,2.1099663,1.2690504,0.94607913
mb-05146,train,2.0681858,2.0653145,1.80618,1.8661144
mb-02161,train,1.6532125,1.6064188,1.2552725,1.2151084
mb-10901,train,2.2355285,2.2269208,1.90309,1.8879591
mb-10777,train,1.8512584,1.8322546,1.146128,1.144871
mb-09628,train,1.1760913,1.197777,0.69897,0.69420177
mb-10751,train,2.4756713,2.5033658,2.133539,2.1870906
mb-07640,train,2.146128,2.1437602,1.8808136,1.8684186
mb-04725,train,1.80618,1.7746186,1.60206,1.5678442
mb-07063,train,2.4424798,2.3048835,2.178977,2.0024376
mb-00438,train,1.7323937,1.7049718,1.4149734,1.4610608
mb-03684,train,2.2624512,2.267959,2.0086002,1.9576962
af-8a1c8954bd7a,train,1.4001977,1.2732697,1.2026981,1.006041
mb-04100,train,2.2095149,2.2112794,2.0791812,2.1021452
mb-02135,train,1.3222194,1.498218,1.230449,1.3205258
mb-10755,train,2.3117537,2.5014193,2.089905,2.2401643
mb-09916,train,0.69897,0.7838867,0.47712126,0.5006602
mb-01966,train,2.0569048,2.0968611,1.690196,1.6997628
mb-10979,train,2.3344538,2.407423,1.8976271,2.07789
mb-10590,train,2.071882,2.1612144,1.6232493,1.6697696
mb-04373,train,1.7242758,1.7359917,1.4771212,1.5521268
mb-04101,train,2.2552726,2.2188122,2.1003706,2.065429
mb-02369,train,0.8450981,1.4671715,1.4149734,1.3699608
mb-01655,train,1.230449,1.1200995,1.0,0.9900783
mb-10206,train,1.9637878,1.8556097,1.462398,1.433174
mb-02210,train,2.0413926,2.1023326,1.9731278,1.8921211
mb-10140,train,1.724276,1.7364328,1.5563025,1.5435914
mb-09118,train,2.1673174,2.1103022,1.9242793,1.776092
mb-09401,train,1.6334685,1.5543272,1.230449,1.2326237
mb-00229,train,1.763428,1.7891879,1.3424227,1.4295282
af-4ca026eef898,train,0.9414563,1.0653653,0.5986012,0.67347056
mb-01166,train,2.1903317,2.1022003,1.5563025,1.5235405
af-4077c8c92097,train,1.4253353,1.5035683,1.1230999,1.1475998
mb-10497,train,1.5314789,1.5483468,0.90309,0.98413426
mb-06698,train,1.7923918,1.8364803,1.5440681,1.5119301
mb-01351,train,2.3424227,2.3651118,1.8633229,1.9770441
mb-06708,train,1.7993405,1.7429638,1.6720978,1.5204365
mb-06220,train,2.10721,2.2208748,1.763428,1.8897336
af-2a65e95859e6,train,1.1009457,1.0285239,0.7881082,0.7091147
mb-06365,train,1.5440681,1.4832963,1.3802112,1.2925067
mb-08191,train,2.2380462,2.181059,1.908485,1.9181044
mb-02885,train,2.09691,2.1619873,1.8325089,1.8490237
mb-01075,train,2.1731863,2.3047585,1.8388491,2.0202918
mb-01242,train,1.7558749,1.7341087,1.39794,1.4048367
mb-09739,train,2.38739,2.3584218,1.94939,2.0037553
mb-04480,train,2.1818435,2.2327251,1.8573325,1.9022427
mb-02682,train,1.819544,1.8912995,1.4313638,1.460699
af-075befb960a6,train,1.4106119,1.5317078,1.1668887,1.2681625
mb-07542,train,2.0086002,2.0222182,1.7993406,1.7844167
mb-05038,train,2.049218,2.0870278,1.5314789,1.4973719
mb-04139,train,2.1367207,2.0886672,1.4771212,1.4613558
mb-05407,train,1.1760912,1.1621382,0.845098,0.79776794
mb-02127,train,2.2966652,2.3042052,1.9242793,1.9685988
mb-09614,train,1.748188,1.7775254,1.39794,1.5147527
mb-00738,train,2.0211892,1.9805238,1.7403626,1.6925658
mb-01302,train,2.209515,2.3326025,1.8864907,1.9910052
mb-05316,train,2.025306,2.1232026,1.90309,2.0143313
mb-01219,train,1.90309,1.9324178,1.7923917,1.7329155
mb-04049,train,1.9493899,2.014654,1.50515,1.6401995
mb-08446,train,0.0,1.186707,0.90309,1.0558612
mb-02970,train,2.369216,2.3661294,1.9731278,2.0220506
mb-01254,train,2.2041202,2.2167215,1.6812413,1.7454318
mb-08289,train,1.5797837,1.53812,1.39794,1.3174036
mb-03229,train,2.5105448,2.5101528,2.3053513,2.2295325
mb-04333,train,1.968483,2.0335689,1.690196,1.7850392
mb-05561,train,1.8633229,1.8618559,1.7075702,1.6685833
mb-08762,train,1.5314789,1.4482816,1.0791812,1.0496898
mb-10121,train,2.209515,2.2330894,1.2552725,1.3148335
mb-01501,train,1.897627,1.8543991,1.7160033,1.564923
af-28f4dc5fd1ca,train,1.834023,1.6671493,1.2148756,1.1739265
mb-08563,train,1.763428,1.7207537,1.2787536,1.2225347
mb-07037,train,1.6989701,1.7818562,1.5682018,1.5395364
mb-00314,train,1.4149734,1.3631661,1.0,0.9751493
mb-07360,train,1.69897,2.2476873,1.9777236,2.0916827
mb-07809,train,1.7558749,1.8232937,1.4313638,1.5129375
mb-07583,train,2.2764618,2.2968023,1.8808136,1.9024223
mb-09342,train,2.1172714,2.0410542,1.7075702,1.672626
mb-03280,train,2.5289168,2.5366807,2.206826,2.2623944
af-cb514034f0a5,train,1.7520914,1.7341871,1.1796063,1.1351349
af-4297a07feb4b,train,1.5416342,1.3687541,1.1050024,1.0787078
mb-02483,train,0.845098,0.9171032,0.69897,0.72189415
mb-09908,train,1.8692317,1.9360467,1.3222193,1.4088008
af-81af8c617774,train,1.3124588,1.4217694,1.0181843,1.0636214
mb-03947,train,2.3996737,2.3423872,1.819544,1.8407114
mb-09223,train,1.5440681,1.1949366,1.6627579,1.3163024
af-76e523ddd653,train,1.5289295,1.2381593,1.1762099,0.9377762
af-cc780562173b,train,1.5970246,1.626013,1.2731773,0.59921473
mb-09912,train,2.209515,2.2674809,1.6812413,1.6724248
mb-02197,train,2.0791812,2.106587,1.9395193,1.9285772
mb-06349,train,1.6127839,1.5365025,1.2552725,1.1905764
mb-06723,train,2.120574,2.160712,1.748188,1.7900822
mb-08068,train,2.1958995,2.2451835,1.690196,1.7813175
mb-04372,train,1.6127839,1.5813807,1.4149734,1.3842816
mb-02450,train,1.7323937,1.711961,1.462398,1.421124
mb-09538,train,1.5563025,1.745212,1.30103,1.3850297
mb-02221,train,0.30103,0.36078465,0.0,0.2295382
mb-03977,train,1.7853299,1.7915463,1.6334685,1.5842544
mb-03585,train,2.164353,2.1777997,1.7923917,1.8002682
af-faa802d7779d,train,1.8381133,1.788049,1.1904298,1.136194
af-ed428a902e5d,train,0.9650972,0.979865,0.66884047,0.6688653
mb-02940,train,1.4913617,1.4066061,1.2787536,1.2537057
af-cc3163414e93,train,1.4069982,1.1838243,1.224217,0.803176
mb-10568,train,1.9294189,1.7624309,1.8129133,1.6212393
af-611ceac3a84d,train,1.0707433,1.1239814,0.74429846,0.7834884
af-324bc142cbfb,train,1.583557,1.5151012,1.1150211,1.1257589
mb-06141,train,1.90309,1.9079233,1.7558749,1.7150614
af-0cd3158e7247,train,1.3630626,1.3960646,1.1169363,0.9910169
mb-02531,train,2.2121875,2.3354762,1.8573325,2.0834236
mb-07076,train,2.2227166,2.144716,1.968483,1.8643919
mb-05804,train,2.1398792,2.0881348,1.5682018,1.5120703
mb-01097,train,2.1583624,2.1653237,1.7781513,1.8165898
mb-09366,train,1.9395193,1.9872844,1.7853298,1.7093272
af-85c2090d2826,train,1.4768881,1.6781721,1.0962459,1.128074
mb-04918,train,1.6127839,1.6225544,1.3617278,1.4658533
mb-01662,train,1.8512583,1.913535,1.69897,1.7402824
mb-09682,train,1.8573325,1.7988986,1.230449,1.6143609
mb-07481,train,2.1003706,2.1331055,1.8750613,1.8347607
mb-08575,train,1.8512583,1.8807291,1.4771212,1.5550004
mb-02749,train,2.133539,2.1343281,1.9867717,2.008719
af-7b0d1bcbe596,train,1.2016648,1.5675969,1.0579665,1.1077849
mb-10780,train,2.3304138,2.322324,1.9590414,1.9367595
mb-05710,train,2.3483047,2.2969558,2.0170333,1.8401328
mb-01740,train,2.0374265,2.030888,1.7403626,1.7678158
mb-06020,train,1.5682017,1.6147766,1.3222193,1.4128067
mb-05359,train,1.20412,1.1316595,0.90309,0.84662426
af-cfbceda193fc,train,1.5132922,1.6435103,1.0583539,1.1786106
af-9d32b4eb5238,train,1.7973063,1.7014356,1.2589005,1.1345693
mb-02575,train,1.4913616,1.3116865,1.447158,1.3581795
mb-04766,train,2.2576785,2.2990696,2.0,1.9891783
mb-10167,train,1.9956352,1.8241054,1.50515,1.4478049
mb-09040,train,2.1172714,2.1300697,1.5563025,1.5156268
mb-03521,train,2.3384564,2.4646966,2.198657,2.2667756
mb-01620,train,1.7853298,1.8293171,1.6434526,1.5769848
mb-06811,train,2.209515,2.1396766,1.50515,1.5262492
mb-00772,train,2.0,2.0122945,1.5185139,1.6562973
mb-03482,train,2.1398792,2.2135272,1.5440681,1.48439
mb-01434,train,1.8808136,1.8603909,1.146128,1.2173399
mb-03834,train,1.9294189,1.9128122,1.80618,1.7199917
af-b3860f8b2cd9,train,0.9787382,0.8436539,0.64087975,0.4821812
af-7bcf1ab2d28f,train,2.0697532,2.2073936,0.8236353,1.1317182
mb-07852,train,2.0128372,2.052446,1.6627579,1.7882266
af-e35047fade43,train,1.4981575,1.5902076,1.2076828,1.1326416
mb-09074,train,1.8750613,1.8857671,1.5440681,1.5441523
mb-06130,train,1.5682018,1.5696824,1.3802112,1.3563591
mb-03317,train,2.149219,2.1538353,2.0043213,1.9636401
mb-05400,train,1.832509,1.8979948,1.20412,1.2695364
mb-04423,train,2.3324385,2.370098,2.1238515,2.0500364
mb-06637,train,2.120574,2.0670717,1.6720978,1.7487662
mb-09702,train,1.3802112,1.4042667,1.2787536,1.2358886
mb-00932,train,1.6901962,1.7344446,1.230449,1.3437418
mb-01263,train,1.8633229,1.8366083,1.4149734,1.4437004
mb-10490,train,2.1846914,2.2701435,1.690196,1.8130627
mb-08089,train,2.0791812,2.1832912,1.8920946,2.0190818
mb-05666,train,1.9242792,1.8777174,1.5314789,1.5500293
mb-01756,train,2.0086002,2.0626104,1.9190781,1.972896
mb-02463,train,2.2833014,2.3186986,1.9912261,1.9840226
mb-06945,train,1.80618,1.7339652,1.6532125,1.5341326
mb-05300,train,2.423246,2.415059,2.09691,2.0680609
mb-05723,train,2.1003704,2.2197843,2.045323,2.1601505
mb-01211,train,1.2552725,1.249521,0.845098,0.8315274
mb-10706,train,2.0086002,2.1303105,1.5797836,1.6853534
mb-08441,train,2.2355282,2.1107922,2.0253057,1.804044
mb-09026,train,1.5185139,1.5579973,0.69897,0.7635281
mb-04930,train,1.8450981,1.936887,1.6127839,1.7232461
mb-08131,train,1.7993405,1.8743345,1.5314789,1.6016583
mb-05288,train,2.1903317,2.248258,1.8260748,1.8109376
mb-05770,train,1.7923917,1.7868533,1.3222193,1.2816416
mb-00873,train,1.5051501,1.6951679,1.4313638,1.5032974
mb-10742,train,1.6127838,1.7044277,1.3222193,1.2496741
mb-04344,train,1.6989701,1.6594015,1.5682018,1.5092436
mb-08185,train,1.5440681,1.6148099,1.0,1.1260114
mb-06686,train,1.0413927,0.8936131,0.90309,0.7784089
mb-05679,train,2.363612,2.4351254,2.0128372,2.1205177
mb-09835,train,2.1702619,2.1765924,1.20412,1.2885785
mb-03156,train,2.518514,2.5123863,2.1818435,2.2305121
mb-00407,train,2.0293837,2.121544,1.7242758,1.7384362
mb-01799,train,2.243038,2.252347,1.8129133,1.8554609
mb-05798,train,1.6812413,1.6770902,1.4771212,1.4486182
mb-02909,train,2.139879,2.2952037,2.064458,2.2224588
mb-00048,train,2.0211892,2.0742936,1.7558749,1.8141341
mb-02446,train,2.4116197,2.2824507,1.8573325,1.7630023
mb-01258,train,1.1139433,1.0886121,0.60206,0.6152517
mb-07807,train,2.075547,2.1786752,1.6812413,1.6383736
mb-06473,train,1.6901962,1.8786111,1.230449,1.4069347
mb-10216,train,2.4471579,2.4790523,2.1172712,2.1953926
mb-00487,train,1.4471581,1.4220506,1.20412,1.2423718
mb-04156,train,2.133539,2.1431167,1.7923917,1.8520448
mb-10076,train,2.0211892,2.0693207,1.7075702,1.786473
mb-04738,train,1.3802112,1.3049165,1.0413927,1.0200891
mb-07238,train,2.0128372,2.028806,1.8750613,1.9227074
mb-02465,train,2.2455127,2.1752315,1.7781513,1.8117406
mb-09168,train,1.39794,1.3307152,1.0,0.8535493
mb-08824,train,2.1702616,2.1926014,1.770852,1.8455977
mb-04482,train,2.1818435,2.1552243,1.5797836,1.5658588
mb-00180,train,1.90309,1.964009,0.30103,0.8631286
mb-08268,train,1.0413927,1.172154,1.146128,1.2044435
af-66d73577b08a,train,1.0922538,1.641436,0.91817194,1.1222022
mb-01025,train,1.9395193,1.9561253,1.6627579,1.5650134
mb-06475,train,1.6901962,1.6552701,1.4313638,1.4356308
mb-07191,train,2.09691,2.0668764,1.3424227,1.2771336
af-4990d46926df,train,2.5023208,2.2036366,1.2070363,0.85004956
mb-08578,train,1.6127839,1.4959537,1.3424227,1.2786102
mb-04284,train,2.2479732,2.1460495,2.089905,1.9915042
mb-06871,train,1.80618,1.7343413,1.20412,1.0012052
mb-04974,train,2.243038,2.224047,2.0,2.0976026
mb-02948,train,1.6020601,1.565698,1.4313638,1.3341087
mb-06098,train,1.7403626,1.777978,1.3617278,1.4674938
mb-10903,train,1.8920946,1.8972117,1.4913617,1.4966676
mb-08630,train,2.2671719,2.2863913,2.0086002,1.9817942
mb-10197,train,2.5237465,2.432023,2.2227166,2.104683
mb-03804,train,1.6334684,1.6439922,1.5185139,1.475152
mb-08437,train,2.0606978,1.8373721,1.8388491,1.6435761
mb-03392,train,1.9294189,1.920807,1.69897,1.7054174
mb-01361,train,2.3710678,2.393918,2.071882,2.069495
mb-06804,train,2.252853,2.3307643,1.8750613,1.888729
mb-03833,train,1.3617278,1.215111,1.3617278,1.3124925
mb-10930,train,2.298853,2.252001,2.0128372,2.0608978
mb-00715,train,2.1583626,2.1727772,2.0086002,2.0345747
mb-09941,train,2.2810333,2.3551815,1.8864907,2.0217295
mb-06690,train,2.0211892,2.0711448,1.6532125,1.7535223
mb-05650,train,2.3053513,2.3235993,1.8808136,1.8993139
mb-01187,train,1.3979399,1.3927042,1.1139433,1.1530831
mb-09915,train,1.4771214,1.437777,1.2787536,1.2700187
mb-00493,train,1.90309,1.9079456,1.7323937,1.7144704
mb-02081,train,1.2787536,1.3200043,1.1760913,1.1799217
mb-04080,train,2.0334237,2.0337539,1.6720978,1.5837715
mb-07011,train,2.1271048,2.1151357,1.6627579,1.694061
mb-08196,train,1.8976271,1.9682622,0.9542425,1.1581178
mb-08239,train,1.8976271,1.9411987,1.5314789,1.6219388
mb-10052,train,2.1367207,2.1820364,1.845098,1.917375
mb-05918,train,1.7403626,1.6460148,1.50515,1.3678799
mb-07174,train,2.389166,2.456907,2.0043213,2.0995402
mb-10303,train,1.7323939,1.6469479,1.5440681,1.486794
af-5c1f9a350ac0,train,1.5974089,1.7236915,1.0140457,1.1268346
af-d6e8878db8c7,train,1.012048,1.047159,0.73811436,0.8164985
mb-03003,train,1.4913617,1.5774276,1.3424227,1.3463651
mb-06794,train,0.845098,0.83146095,0.69897,0.67363405
mb-07049,train,1.7558749,1.8320335,1.230449,1.3082361
mb-02651,train,1.8573325,1.8664981,1.6812413,1.6239818
mb-04256,train,1.9731278,1.9779987,1.845098,1.817312
mb-08383,train,1.7558749,1.9055456,1.5314789,1.5569048
mb-06464,train,1.9956353,1.9925709,1.30103,1.289045
mb-03692,train,1.5185139,1.4509171,1.30103,1.2454461
mb-00000,train,1.7075701,1.7923083,1.447158,1.5432807
mb-00524,train,2.10721,2.0893207,1.8573325,1.9286804
mb-09427,train,2.3502479,2.3704274,2.1238515,2.1574411
mb-03133,train,2.252853,2.312167,1.9956352,1.9698491
mb-10865,train,2.1271048,2.0503647,1.8976271,1.7263443
mb-04352,train,2.232996,2.2247844,1.8808136,1.8578676
mb-08695,train,1.5185139,1.5186887,1.30103,1.359298
mb-03522,train,1.80618,1.8454062,1.6232493,1.6635655
mb-06189,train,1.8750613,1.8646001,1.1139433,1.1637945
mb-08011,train,1.6989701,1.7116545,1.4313638,1.4177877
mb-05444,train,2.2764618,2.197437,1.8573325,1.7818915
mb-03129,train,2.264818,2.1126246,1.6127839,1.5032184
mb-04067,train,1.7993405,1.8193544,1.4771212,1.5339398
mb-06848,train,2.2576785,2.3070934,1.9542425,1.9867477
mb-07692,train,1.770852,1.7642034,1.50515,1.5275805
mb-06248,train,1.763428,1.7727821,1.447158,1.4361019
mb-00118,train,1.7323937,1.7603238,1.5185139,1.5565373
mb-06350,train,1.6989701,1.6864743,1.1760913,1.2357093
mb-06906,train,1.7075702,1.6946399,1.230449,1.2188616
mb-08697,train,1.6020601,1.626114,1.146128,1.2043372
mb-05858,train,1.7160034,1.7840221,1.2787536,1.3693821
mb-01082,train,2.1105897,2.1905425,1.7853298,1.8536882
mb-03613,train,1.0791812,0.95954335,0.69897,0.7517274
mb-03499,train,1.4913617,1.5171984,1.3802112,1.3863329
mb-10476,train,1.1760912,1.1929142,1.0,1.0463626
mb-01111,train,1.531479,1.5041399,1.230449,1.1793673
mb-05762,train,2.161368,2.2134295,1.7558749,1.7835306
af-c2384ec3a6ca,train,1.5472958,1.5034034,1.1153675,0.9053417
mb-06727,train,2.139879,2.2539928,2.0569048,2.1774995
mb-04071,train,2.361728,2.5142183,2.178977,2.250446
mb-02295,train,2.0043213,1.9297054,1.60206,1.4754586
mb-06611,train,1.9138138,1.8676459,1.7323937,1.6034324
mb-10127,train,2.3222194,2.3769128,1.968483,2.0429854
mb-01597,train,1.5440681,1.4514306,1.3424227,1.316409
mb-08708,train,1.4913617,1.4959631,1.0,1.0895532
mb-02526,train,2.2121875,2.1722293,1.845098,1.7925454
mb-06870,train,1.0,1.0620062,0.60206,0.6275565
mb-04747,train,2.3783977,2.4366844,2.1172712,2.1344192
mb-03805,train,1.6127839,1.5670164,1.3424227,1.3086108
mb-10498,train,1.6627579,1.6508234,0.90309,0.8524059
mb-09725,train,1.7075702,1.8228549,1.3617278,1.4590575
mb-01754,train,2.1461282,2.1382604,1.908485,1.8987011
mb-10017,train,2.045323,2.1881623,1.4771212,1.5932591
mb-03416,train,2.3096302,2.2977357,2.064458,1.9939183
mb-08112,train,1.9444827,2.1299298,1.819544,1.9020402
mb-09997,train,1.6127839,1.700219,1.30103,1.3625028
mb-07376,train,1.8260748,1.7757648,1.4771212,1.4669957
mb-03370,train,2.1430147,2.1680346,1.7403626,1.6194828
mb-05547,train,1.5314789,1.5383703,1.3617278,1.397207
mb-01504,train,1.94939,1.9099461,1.6127839,1.6042925
mb-00773,train,1.6720979,1.7061259,1.3617278,1.4560837
mb-04414,train,2.1903317,2.2175894,1.7403626,1.7907753
mb-03270,train,2.2600713,2.1887934,2.09691,2.0275257
mb-03576,train,2.1139433,2.1695657,1.9344984,1.8990204
mb-04134,train,1.2552724,1.2542222,1.0791812,1.1415988
mb-05371,train,1.748188,1.7656902,1.3617278,1.3438416
mb-03957,train,2.2648177,2.296781,2.0253057,1.942894
mb-00731,train,2.1172714,2.1044314,1.7075702,1.7378188
mb-10778,train,0.60205996,1.4203997,1.0,1.3436298
mb-02928,train,1.20412,1.2697366,0.90309,0.845849
mb-05819,train,1.6232493,1.675816,1.39794,1.3898852
mb-07844,train,1.3222193,1.2775378,1.0791812,0.97900504
mb-08558,train,2.1818435,2.2367568,1.6232493,1.3131715
mb-08414,train,1.8808136,1.8109651,1.4771212,1.4031608
mb-01030,train,2.3598354,2.4190254,1.9956352,2.0689301
mb-02955,train,2.0253057,2.0212305,1.7323937,1.7203486
mb-01433,train,1.3222194,1.2975162,0.90309,0.91249496
mb-05727,train,1.6627578,1.6438559,1.447158,1.3868636
mb-04692,train,2.4857213,2.4731977,2.2718415,2.2643592
mb-04252,train,1.7708521,1.7592623,1.2787536,1.2991037
mb-10685,train,2.3443923,2.2896624,2.0170333,1.9712087
mb-04821,train,2.146128,2.2008483,1.8129133,1.8210855
mb-07159,train,1.6334685,1.611827,1.462398,1.4107202
af-1a5594f050f5,train,1.8306246,1.7594388,1.1200835,1.1416974
mb-01914,train,2.1038036,1.979636,1.7323937,1.6593193
mb-09985,train,2.1271048,2.0792265,1.8512584,1.7606549
mb-06162,train,1.7923918,1.7767051,1.30103,1.2724705
mb-09165,train,1.146128,1.3880899,0.845098,1.0141563
mb-04478,train,0.7781513,0.6500422,0.47712126,0.35150146
mb-07389,train,1.3979399,1.409089,1.1139433,1.1217179
mb-09792,train,1.7634281,1.6926488,1.5440681,1.4491421
mb-06358,train,1.7853298,1.7958099,1.3424227,1.3511733
mb-02233,train,1.7923918,1.6686413,1.5682018,1.4094068
mb-06927,train,1.8512583,2.0296805,1.6720978,1.7855588
mb-03937,train,1.9822712,2.0084724,1.690196,1.7509129
mb-10576,train,1.7923917,1.7626125,1.5797836,1.5863345
mb-03700,train,2.0128372,2.0499537,1.80618,1.849346
mb-03914,train,1.897627,1.891033,1.447158,1.5415024
mb-06060,train,2.462398,2.4191053,2.1105897,2.0721486
mb-01803,train,2.307496,2.312658,1.8325089,1.8747958
mb-08091,train,2.1673174,2.307763,1.8750613,1.9343998
mb-10612,train,1.9637878,2.0112462,1.5314789,1.5404954
mb-02008,train,1.5563024,1.4889636,1.0791812,1.1084276
mb-05898,train,1.763428,1.7467537,1.230449,1.2008061
mb-08106,train,1.9084849,1.9157906,1.7323937,1.6550874
mb-05611,train,1.9731278,1.9866946,1.5314789,1.6304439
mb-07759,train,2.217484,2.2504544,1.5910646,1.6078879
mb-06384,train,2.3324385,2.3894527,2.0043213,2.0333886
mb-10749,train,1.6127839,1.5843189,1.2552725,1.280792
mb-04317,train,2.3424227,2.3097525,1.8976271,1.9498018
mb-03255,train,1.6434526,1.8193837,1.4149734,1.5374657
mb-09960,train,1.7993406,1.8684193,1.5440681,1.6380113
mb-03301,train,1.9912261,2.1149356,1.7558749,1.7613585
mb-10847,train,2.033424,2.0511818,1.4313638,1.5066738
mb-03251,train,1.8920946,1.9485192,1.462398,1.5243522
mb-02218,train,1.8388491,1.7810313,1.3424227,1.2717912
af-a74b412faa7f,train,1.5612838,1.7426351,1.0591315,1.1388366
mb-03323,train,1.7075703,1.6839027,1.1760913,1.1554401
mb-03618,train,1.9867717,1.9393344,1.7558749,1.6081948
mb-01714,train,2.230449,2.2775931,1.9190781,1.9733194
mb-07578,train,1.3802112,1.405242,0.9542425,0.9673253
mb-06752,train,1.6627579,1.5607483,1.3617278,1.3403171
mb-01275,train,2.3820171,2.4143116,2.0827854,2.0837915
mb-07713,train,2.2329962,2.1955698,1.968483,1.9131107
mb-06587,train,1.20412,1.3551823,0.9542425,1.0482746
mb-08566,train,1.9190781,1.640183,1.5185139,1.3335993
mb-05197,train,2.39794,2.3879848,2.2600713,2.260254
mb-05702,train,2.3541083,2.3473606,1.9822712,1.9840481
af-e059c8bcb764,train,1.7009442,1.9011279,0.9374963,1.1376936
af-338c6b1364ab,train,0.8390555,1.1822457,0.65100163,0.8468831
mb-08828,train,1.6127839,1.7530755,1.20412,1.3609855
mb-10800,train,1.5314789,1.6706153,1.2552725,1.4272119
mb-06991,train,1.8750613,1.7964619,1.50515,1.4088464
mb-10848,train,2.2833014,2.3073308,1.9190781,1.9319293
mb-02155,train,2.4969296,2.495098,2.2648177,2.2120962
mb-08635,train,2.1731863,2.0948076,1.5682018,1.4684312
mb-10007,train,1.9956352,2.0581887,1.9637878,1.8533475
mb-10404,train,2.1238518,2.1032832,1.8750613,1.8534647
mb-07912,train,1.9242792,1.8438274,1.60206,1.5119345
mb-04538,train,2.0170333,1.9894652,1.69897,1.5672462
mb-05969,train,1.4771214,1.476177,1.20412,1.2488261
af-88d04db0ca52,train,1.3401049,1.2889702,1.0913047,0.9977671
mb-05430,train,2.049218,2.168485,1.9542425,2.0025535
mb-05851,train,1.4313637,1.3987037,1.0791812,1.0699607
mb-07750,train,1.6127838,1.547449,1.447158,1.195508
mb-04050,train,2.3443923,2.3453624,2.0128372,2.0092385
mb-09645,train,1.5440681,1.5799855,1.3802112,1.3766539
mb-01406,train,1.2787536,1.074317,1.0413927,0.85236305
mb-06632,train,0.30103,0.15615463,0.0,-0.10627091
mb-08255,train,1.690196,1.595351,1.50515,1.4148802
af-0e7002383fe4,train,1.7313938,1.727033,1.2735568,1.179084
mb-09166,train,0.845098,1.0032613,1.0413927,0.9319176
mb-07599,train,2.1903317,2.2959251,1.7993406,1.971424
mb-08146,train,1.5440681,1.5209382,1.3802112,1.42924
af-af26684c8e02,train,1.0823581,1.0800352,0.76200825,0.8284484
mb-00445,train,1.5185139,1.4893163,1.146128,1.2539829
mb-07585,train,1.7403628,1.8019966,1.4913617,1.5785503
mb-08235,train,2.1522884,2.1185303,1.8573325,1.8336918
mb-04068,train,1.4913617,1.4656917,1.2787536,1.2867144
mb-10896,train,1.6720978,1.62385,1.0791812,1.1946386
mb-00100,train,1.4771212,1.4908788,0.47712126,0.4140885
mb-06051,train,2.198657,2.2126412,1.7781513,1.7719998
mb-05983,train,2.303196,2.343761,1.9867717,2.0048437
mb-07293,train,2.4132996,2.4599302,2.045323,2.1786342
mb-09270,train,1.90309,1.8696055,1.4313638,1.4483542
af-ddaf3178e207,train,1.0864025,1.0550601,0.79788285,0.71040416
mb-09376,train,2.4771214,2.38099,2.2944663,2.2432766
af-7096cd471824,train,1.3427049,1.2275451,0.948677,0.91862386
mb-04226,train,2.0530784,2.04838,1.763428,1.7149082
mb-02501,train,2.0569048,1.9884646,1.69897,1.678069
mb-00241,train,1.8692317,1.9424982,1.69897,1.7396477
mb-01586,train,1.0,0.89512175,0.7781513,0.70852816
mb-10471,train,2.1172714,2.2004917,2.1003706,2.129425
mb-08799,train,2.0569048,2.076893,1.69897,1.592197
mb-03084,train,1.8750613,1.8526446,1.5185139,1.4755311
mb-07703,train,1.4623979,1.3177116,1.5314789,1.3679475
mb-02915,train,1.9956352,1.9131016,1.7242758,1.6124244
mb-07432,train,1.6812413,1.7810339,1.50515,1.4957645
mb-08148,train,2.2944663,2.2889953,1.8573325,1.8396451
mb-04416,train,1.8573326,1.7765535,1.5563025,1.4532446
mb-01208,train,1.9542426,1.9485343,1.5563025,1.4970855
mb-02506,train,2.08636,2.143691,1.9395193,1.989759
mb-05531,train,1.8808136,1.857183,1.3802112,1.3734062
mb-03587,train,1.7558749,1.8040324,1.5682018,1.5869126
mb-03477,train,1.763428,1.9473635,1.7323937,1.724877
mb-01282,train,0.47712126,0.47309425,0.0,0.030058026
mb-07625,train,1.6334685,1.6760821,1.39794,1.4813486
mb-02858,train,2.346353,2.3102639,1.9637878,1.9432824
mb-05778,train,2.1105897,2.1776147,1.447158,1.4539827
mb-02222,train,2.0128372,1.8437169,1.69897,1.6393827
mb-06175,train,1.8129134,1.8786997,1.2787536,1.3133533
mb-02641,train,1.6901962,1.5201958,1.4313638,1.2335404
mb-00403,train,1.4313638,1.2794049,1.3617278,1.0791564
mb-03082,train,1.4313638,1.32518,1.1139433,1.1076032
mb-01102,train,1.4471581,1.9528542,1.4913617,1.6984566
mb-00443,train,1.3802112,1.4297435,1.0,1.0805283
mb-08640,train,1.5910647,1.5684423,1.20412,1.2351471
mb-01085,train,2.075547,2.0111027,1.8864907,1.8269411
mb-04775,train,1.9731278,2.0437412,1.7853298,1.8240379
mb-01444,train,1.6812413,1.7118683,1.3802112,1.3808391
mb-07765,train,2.480007,2.5328946,2.149219,2.2620938
mb-07928,train,2.0413926,2.0758667,1.69897,1.7282163
mb-01879,train,1.7558749,1.83605,1.3617278,1.4348558
af-501c9d3b63d2,train,1.4515547,1.4342788,1.1979941,1.124102
mb-02766,train,2.120574,2.2145922,1.7558749,1.862542
mb-07951,train,1.94939,1.970232,1.6334685,1.672829
mb-09030,train,2.2355285,2.2485309,1.6627579,1.652548
mb-03079,train,2.2576785,2.0924034,2.0374265,1.9730942
mb-01253,train,1.8692317,1.8183832,1.2787536,1.263789
mb-09659,train,1.6334684,1.6594703,1.0,1.0233009
mb-02688,train,1.146128,1.231941,0.69897,0.8102317
mb-00551,train,1.146128,1.1185756,1.2552725,1.2755209
mb-00528,train,2.2741578,2.2114463,1.9444827,1.862142
mb-05499,train,1.4771214,1.350489,1.20412,1.1976323
mb-04151,train,2.4065402,2.4178667,2.1139433,2.0740538
mb-00010,train,1.8864907,1.9949013,1.770852,1.7982625
af-6a9703b2d7b8,train,1.4653829,1.4163661,1.0968962,1.0662203
mb-02100,train,2.2600713,2.2795732,1.8325089,1.7923049
mb-00120,train,1.9731278,1.9224477,1.6812413,1.6970383
mb-05816,train,1.845098,1.8703499,1.3617278,1.3656265
mb-02207,train,2.120574,2.1310444,1.94939,1.9343045
mb-10781,train,2.1139433,2.099038,1.9344984,1.9561126
mb-02508,train,2.1731863,2.060638,1.9344984,1.9362762
af-6d05d4820124,train,1.3217599,1.2587523,1.1387572,0.9613655
mb-02754,train,1.6720978,1.6921105,1.4771212,1.4580845
mb-10297,train,2.120574,2.130974,1.845098,1.8924506
mb-02068,train,0.47712135,1.472471,1.4913617,1.3605539
mb-04498,train,2.09691,2.0939794,1.9344984,1.8829262
mb-09891,train,2.133539,2.1155899,1.90309,1.9830772
mb-00312,train,1.7160034,1.7378483,1.39794,1.3654547
mb-10980,train,1.819544,2.238255,1.8388491,1.8958865
mb-03353,train,2.4031205,2.412959,2.2455127,2.2473445
mb-00411,train,1.3802112,1.4530498,1.39794,1.3266438
mb-06306,train,2.3598354,2.394621,2.0043213,2.0294044
mb-09360,train,2.2810333,2.2538133,2.0211892,1.9495163
mb-00237,train,1.968483,1.9442881,1.5440681,1.563118
mb-09010,train,1.6532124,1.6038432,1.3222193,1.3042043
mb-07888,train,1.4771212,1.4120727,1.447158,1.3402216
mb-07472,train,1.6334685,1.63922,1.3424227,1.3286312
mb-02556,train,1.8388491,1.827528,1.5185139,1.617626
mb-05700,train,2.1105897,2.1543083,1.7323937,1.7427224
mb-10562,train,1.8325089,1.7063373,1.3617278,1.2984604
af-a3dbb1055706,train,1.3401089,1.3017399,0.99962723,0.98026496
mb-05200,train,2.0170333,2.0388675,1.5563025,1.569767
mb-02881,train,2.075547,2.0991375,1.8129133,1.8813416
mb-06004,train,1.8864908,1.9286208,1.4313638,1.488533
af-9de22e64d36d,train,1.4995881,1.377404,1.1840154,1.1115398
mb-07614,train,1.9138138,1.9553807,1.4149734,1.4799674
mb-07271,train,2.2718415,2.2631226,1.60206,1.5837309
mb-07615,train,2.3996737,2.4489462,2.1958997,2.1539726
mb-04325,train,2.1613681,2.120827,1.908485,1.868054
mb-01084,train,2.376577,2.4081237,2.0681858,2.0938854
mb-03268,train,2.5051498,2.5186868,2.269513,2.3107367
mb-02561,train,1.7558749,1.7390586,1.447158,1.5063453
mb-05042,train,2.206826,2.1414711,1.8976271,1.84659
mb-00067,train,1.6334684,1.7251885,1.0413927,1.1971203
mb-05573,train,2.0863597,2.132044,2.20412,2.0399272
mb-03439,train,1.4913617,1.4482968,1.2787536,1.2296956
mb-02366,train,1.7923917,1.8357368,1.50515,1.5690039
mb-07248,train,2.0,1.9559292,1.9956352,1.8817403
mb-08351,train,1.7781513,1.7924823,1.6812413,1.6039814
mb-10108,train,1.6020601,1.5906439,1.2787536,1.223517
mb-05176,train,1.6720979,1.6899769,1.2787536,1.3605428
mb-06378,train,2.033424,2.0654101,1.6532125,1.6544337
mb-03543,train,2.1613681,2.217128,1.968483,1.9544346
mb-04723,train,2.0569048,2.0966613,1.7323937,1.7847785
mb-06055,train,1.8388491,1.9013494,1.4149734,1.4576182
mb-05210,train,1.3617278,1.3564422,1.2552725,1.2018222
mb-09161,train,2.0086002,2.1546686,1.6532125,1.8655931
mb-07447,train,0.9542425,0.72506523,0.7781513,0.620171
mb-04081,train,1.8129134,1.8939028,1.5440681,1.6076499
mb-04094,train,1.9542425,2.0183601,1.6720978,1.7573714
mb-03265,train,1.9777236,2.1813955,1.8750613,1.9853182
mb-01222,train,0.90309,0.96417063,0.69897,0.7480859
mb-06735,train,2.3159704,2.31525,2.0086002,1.9672879
mb-09818,train,2.0413928,2.0729918,1.748188,1.5844426
af-0380bb5b8993,train,1.0813869,1.2932236,0.70709306,0.96002877
mb-09940,train,1.2787535,1.2985886,1.0791812,1.1329902
mb-10416,train,2.1038036,2.2441761,1.69897,1.7166015
mb-08622,train,1.770852,1.8037202,1.3222193,1.4819217
mb-01424,train,1.8388491,1.971077,1.5797836,1.7424983
mb-04509,train,1.1760913,1.1542773,0.60206,0.57823986
mb-00453,train,2.0043213,2.0704134,1.7781513,1.8161451
mb-07613,train,1.6627579,1.9110236,1.30103,1.4727583
mb-03799,train,2.1818435,2.1960802,1.9637878,1.929741
mb-02083,train,1.7160033,1.6684563,1.3802112,1.3378673
af-67844b6e524e,train,1.3112218,1.412332,1.0036415,1.0580424
af-f51b92be0bca,train,1.3009083,1.5236577,0.96788245,1.1479574
mb-09880,train,2.209515,2.2590394,1.4913617,1.612434
mb-08067,train,1.9242793,1.9490473,1.6334685,1.6656282
mb-07263,train,2.3242824,2.3775606,1.9822712,2.045934
mb-04313,train,2.2227163,2.16529,1.9867717,1.9128057
mb-07722,train,2.3856063,2.3242831,1.9395193,1.9074439
mb-07060,train,1.7403628,1.6747003,1.39794,1.3952965
af-5e165517cde9,train,1.5231687,1.5306087,1.1606575,1.1794
mb-07764,train,1.9822712,1.9964684,1.60206,1.659243
mb-03621,train,1.763428,1.8032165,1.5797836,1.6172802
mb-06728,train,1.8260748,1.8091362,1.3424227,1.322663
af-80c10bcea48c,train,1.5963528,1.462424,1.1191337,1.0068378
mb-06670,train,0.9542425,1.1365954,1.0413927,1.0428154
mb-05473,train,2.238046,2.280467,2.1818435,2.212464
mb-07971,train,2.1875207,2.187082,2.0128372,1.9312999
mb-01413,train,2.0934217,2.1686866,1.9912261,2.0244837
mb-01287,train,1.8573325,1.7926708,1.7075702,1.6108468
mb-04222,train,1.9344984,1.9242482,1.6232493,1.6241883
mb-02184,train,2.149219,2.2101789,1.5682018,1.640568
mb-02237,train,1.9190781,1.9673455,1.6532125,1.6512444
mb-07558,train,1.7323937,1.7870195,1.3617278,1.3628737
mb-03418,train,2.243038,2.3050637,2.1038036,2.0031593
mb-03885,train,2.045323,2.034668,1.60206,1.5780878
mb-00749,train,1.8573326,1.8306428,1.5563025,1.5630455
af-91b2e46acca5,train,2.1768317,2.0867064,1.128131,1.0164691
mb-05841,train,2.2787535,2.3192544,2.0,1.9947407
mb-04377,train,1.6127839,1.6950777,1.4313638,1.4647318
mb-03617,train,2.252853,2.3419607,2.0293837,2.0478606
mb-06618,train,2.1271048,2.032608,1.763428,1.7323616
mb-07802,train,2.4248815,2.4953845,2.3483047,2.2755198
mb-02093,train,2.0,1.9800031,1.8750613,1.8811187
mb-07623,train,1.9867717,2.0186825,1.50515,1.581191
mb-02036,train,1.8260748,1.8534331,1.3617278,1.4017737
mb-05459,train,1.6434526,1.6295456,1.5314789,1.4555852
mb-05794,train,2.1931245,2.287876,1.8692317,1.9313551
mb-00676,train,2.064458,2.0720534,1.50515,1.4424715
mb-08281,train,2.10721,2.0257795,1.6532125,1.5775311
mb-03832,train,2.4756713,2.4017732,2.075547,2.0222616
mb-01705,train,1.7160033,1.6514559,1.4771212,1.458127
af-3d37baaa5a26,train,1.8308132,1.722528,1.2146637,1.1508874
mb-08952,train,2.1818435,2.2917187,1.7853298,1.9028174
mb-08205,train,1.20412,1.2228324,0.90309,0.88371
mb-00801,train,1.6812412,1.6917711,1.3222193,1.3533762
mb-04691,train,2.1702619,2.3293715,1.8512584,2.084696
mb-10190,train,1.9190781,1.7131548,1.748188,1.5694541
mb-07289,train,2.146128,2.0831814,1.9542425,1.8129946
mb-01840,train,2.1139433,2.2416027,2.1583624,2.182242
mb-02889,train,1.7853298,1.9368633,1.3802112,1.6008404
mb-07464,train,2.0644581,2.1087437,1.7993406,1.8428547
mb-06734,train,2.0211892,2.0638764,1.4149734,1.5012243
mb-00626,train,1.724276,1.7128216,1.3424227,1.4040692
mb-08975,train,1.6232493,1.4954349,1.3222193,1.1931655
mb-03895,train,1.9731278,2.043223,1.748188,1.7887208
mb-03346,train,1.7160034,1.6524278,1.462398,1.4361751
mb-09701,train,2.1731863,2.1004095,1.6812413,1.6402565
mb-02486,train,2.1702616,2.1941464,1.8573325,1.8736255
mb-05027,train,1.9867717,2.0249987,1.763428,1.8237947
mb-01520,train,1.3802112,1.3558652,0.90309,0.8918311
mb-00868,train,1.8750613,1.8268714,1.6812413,1.541137
mb-00624,train,1.9867718,1.8776544,1.462398,1.3622916
mb-06339,train,2.0,1.9151802,1.770852,1.7023566
mb-07609,train,1.9777236,1.9199288,1.763428,1.6259451
mb-03032,train,2.033424,2.1192307,1.39794,1.433158
mb-08313,train,1.8388491,1.8016332,1.447158,1.3922465
mb-06719,train,2.0211892,2.1055865,1.0413927,1.1609838
mb-06510,train,1.7781513,1.8173367,1.2787536,1.3234603
mb-00511,train,2.198657,2.2374036,1.7075702,1.788085
mb-10431,train,1.3617277,1.5155323,1.0791812,1.2164375
mb-07545,train,1.1760912,1.2226353,1.0413927,1.0769684
af-ac54cf33d37d,train,1.5198228,1.5721049,1.10916,1.1387426
mb-03837,train,1.80618,1.8270802,1.50515,1.5484903
mb-01516,train,2.1522882,2.1281374,2.0211892,1.928396
af-46250f984f45,train,1.4878027,1.4481162,1.0782138,1.1497884
mb-04271,train,1.9777236,1.9580235,1.447158,1.4598198
mb-03457,train,2.363612,2.308287,2.0569048,1.9185591
mb-08057,train,2.3820171,2.3686655,2.0413928,2.0140803
mb-09254,train,2.307496,2.4045599,1.9590414,2.056147
mb-02901,train,2.045323,1.86193,1.7242758,1.5334643
mb-02960,train,1.8808136,1.907783,1.6720978,1.6264634
mb-10649,train,2.1846914,2.2350674,1.20412,1.2778754
mb-00239,train,2.0211892,2.029899,1.690196,1.6611276
mb-00841,train,2.5145478,2.4569457,2.292256,2.1633952
af-5f53eeb11197,train,1.7594986,1.7633353,1.2668641,1.1463368
mb-03691,train,2.2121875,2.2649693,1.8325089,1.8949906
mb-03431,train,2.1038036,2.176583,2.0211892,2.0007827
mb-03575,train,2.1731863,2.1683125,1.9637878,1.8949337
mb-05586,train,2.0334237,2.0684178,1.748188,1.7085099
mb-05875,train,2.1583624,2.152096,1.69897,1.6862301
mb-03765,train,1.9912261,2.11126,1.8512584,1.9745454
mb-00644,train,2.0827854,2.0305452,1.7781513,1.8071954
mb-00752,train,1.9242793,2.0634136,1.6232493,1.6945802
mb-09068,train,1.9344984,1.9794633,1.5185139,1.6047256
af-bdcd84c2bc1f,train,1.2962834,1.3979545,1.1559794,1.0652028
mb-08309,train,1.4471581,1.3806084,1.20412,1.0974051
mb-00550,train,1.6434526,1.4682595,1.2552725,1.192551
mb-00608,train,0.90309,0.9260076,0.60206,0.6248029
mb-08831,train,1.3802112,1.3004055,1.1139433,1.0912248
mb-03645,train,1.8808136,1.8226931,1.5563025,1.5009553
mb-03116,train,1.9242793,1.9332597,1.6334685,1.71211
mb-04948,train,2.1846914,2.168674,2.0170333,2.0014794
mb-08372,train,1.9912261,2.0650363,1.845098,1.8712467
af-feee15cf90b2,train,0.92052925,0.9576889,0.54344845,0.6445068
mb-10270,train,1.763428,1.7634633,1.3802112,1.4322945
mb-01101,train,1.544068,1.6119452,1.3222193,1.3267573
mb-05707,train,2.3541083,2.254843,1.80618,1.715997
mb-02391,train,2.0253057,2.0378542,1.748188,1.8228835
af-4dc98501cf29,train,1.0488999,0.9051697,0.77246475,0.63160497
mb-09443,train,1.8450981,1.8592882,1.6334685,1.6613799
mb-09014,train,2.2355285,2.3025053,1.90309,1.9184922
mb-10503,train,2.230449,2.2091236,1.90309,1.8706841
mb-07942,train,1.9444826,1.9085329,1.447158,1.3869307
mb-05168,train,1.8325089,1.8315179,1.50515,1.4500042
mb-04525,train,1.1760913,1.277954,0.90309,0.9991046
mb-04113,train,2.209515,2.228806,1.8573325,1.8694661
mb-05503,train,2.1760912,2.2107782,1.9395193,1.9628829
mb-10897,train,2.4712918,2.408468,2.1139433,2.15042
mb-04825,train,1.7853298,1.9226141,1.50515,1.5756963
mb-04224,train,1.8512583,1.8278686,1.5797836,1.5553174
mb-08342,train,1.7160034,1.7081038,1.4913617,1.4109273
mb-07405,train,2.045323,2.0593548,1.30103,1.3276591
mb-09508,train,2.09691,2.0992312,1.5185139,1.4758619
mb-09954,train,1.8260748,1.8345158,1.6127839,1.5936633
mb-03859,train,0.9542425,0.93515337,0.7781513,0.769412
af-4bda49185592,train,1.8379803,1.7863554,1.0264516,1.1455587
mb-00031,train,2.0043213,2.0296237,1.7160033,1.6955482
mb-07621,train,1.8129134,1.859776,1.4149734,1.3799394
mb-03945,train,1.3802112,1.49417,1.0413927,1.1855712
mb-05485,train,2.2278867,2.1939034,1.9912261,1.9645969
mb-01405,train,1.8573325,1.8342166,1.6532125,1.6090146
mb-00243,train,1.6334684,1.5358467,1.447158,1.3975616
mb-10774,train,0.30103,0.358664,0.30103,0.4999894
mb-06149,train,2.2148438,2.266214,1.8388491,1.8650837
mb-09491,train,1.7323937,1.7297122,1.5563025,1.5051285
mb-09552,train,2.230449,2.303174,1.6812413,1.8392751
mb-03793,train,1.832509,1.8221248,1.5440681,1.5264337
mb-05271,train,1.6812412,1.71021,1.5314789,1.4614129
mb-10934,train,1.7242758,1.7527627,1.6232493,1.5897609
af-7d74748bc369,train,1.6714302,1.7739737,1.0182219,1.1706498
af-fd22297be346,train,1.7890515,1.740727,1.2052747,1.1144009
af-877eb327e670,train,1.6957426,1.4798864,1.2467177,1.092988
mb-03583,train,2.3242824,2.3089345,2.139879,2.2004
mb-06620,train,2.133539,2.2171123,1.7323937,1.7604715
mb-10272,train,2.0,2.198013,1.6434526,1.6934165
mb-03148,train,1.4913617,1.9121635,1.462398,1.6487913
mb-03647,train,2.0,1.9599347,1.2552725,1.2797563
mb-06560,train,1.6020601,1.5995709,1.20412,1.2334185
af-50b2883feb14,train,1.1195495,1.1070974,0.6683486,0.7290948
mb-07198,train,1.8260748,1.7819963,1.6127839,1.5016435
af-3e71628ad5f7,train,1.2480297,1.3941984,0.95928186,1.1115345
mb-08759,train,2.1105897,2.1017873,1.9294189,1.8745579
mb-08375,train,1.4771214,1.7174604,0.9542425,1.12142
mb-00970,train,2.3692157,2.405823,2.146128,2.0725853
mb-08556,train,1.690196,1.7054918,0.845098,0.92652357
mb-04936,train,1.462398,1.4260702,1.230449,1.220375
mb-05629,train,1.8692317,1.8720953,1.7242758,1.6823741
mb-08316,train,1.5051501,1.4673176,1.1760913,1.1447017
mb-02415,train,1.6532125,1.5521832,1.4149734,1.314523
mb-04429,train,1.8129134,1.8162787,1.462398,1.4614412
mb-06346,train,2.4361625,2.4086773,2.089905,2.045182
mb-09128,train,1.8864907,1.776622,1.5797836,1.4875569
mb-09543,train,1.544068,1.5425704,1.4771212,1.4385871
mb-04115,train,2.0413926,1.8632259,1.7403626,1.5993298
mb-07652,train,1.8750613,1.5100403,1.5797836,1.2568434
mb-10824,train,1.8325089,1.834029,1.0,1.1147565
mb-01706,train,1.9912261,1.9873495,1.7075702,1.6992953
mb-09894,train,1.9190781,1.928838,1.6812413,1.6383218
mb-09870,train,1.8512583,1.836376,1.2552725,1.33815
mb-08001,train,2.2624512,2.120315,1.9867717,1.914008
mb-00927,train,2.2671719,2.2476773,1.8512584,1.6463926
mb-10320,train,2.4593923,2.4523664,2.0334237,2.1240065
mb-01326,train,1.5440681,1.4653232,1.4913617,1.4034812
mb-09120,train,2.3521824,2.2874122,2.0569048,1.9400346
mb-09753,train,1.0,1.1550837,0.60206,0.81400406
mb-00611,train,2.075547,2.0827537,1.8512584,1.8640269
mb-02389,train,1.2041199,1.2265027,0.69897,0.6522763
mb-08721,train,0.60206,0.6885805,0.30103,0.34935987
af-5477ab0c5a3a,train,1.4072957,1.4506489,1.1953018,1.1442643
mb-03434,train,1.6334685,1.7335172,1.5563025,1.5491673
mb-08724,train,1.4471581,1.6045216,1.462398,1.4054257
mb-03295,train,1.7160033,1.7184635,1.5910646,1.5806012
mb-01701,train,2.0,2.0990813,1.5314789,1.6063925
mb-00109,train,1.0,1.0331941,0.7781513,0.77100974
mb-00169,train,1.9344984,1.9058002,1.5314789,1.5568517
af-50b51ceb501d,train,1.6583121,1.6336174,1.2730222,1.1704832
mb-06463,train,1.7993406,1.7907529,1.39794,1.427475
mb-02974,train,1.5682018,1.5580914,1.4313638,1.4324553
mb-07105,train,1.20412,1.4384515,1.6127839,1.4611428
mb-05697,train,2.071882,2.1251602,1.6720978,1.7064399
mb-07420,train,2.252853,2.2249036,1.763428,1.7988882
mb-03325,train,2.3443923,2.2994637,2.2013972,2.1746597
af-0c36787efc56,train,0.576384,1.4768488,0.066773035,0.65580904
mb-03367,train,2.4955442,2.5136852,2.3242824,2.268262
mb-08028,train,1.0791812,1.351552,1.3617278,1.2337949
mb-03671,train,1.9444827,1.950618,1.60206,1.5668758
af-23e26457c91a,train,1.440016,1.5442852,1.2400098,1.2367184
mb-10455,train,2.2988532,2.3286977,1.8692317,1.906238
af-9d9b873ee531,train,1.7065283,1.8480995,1.0731095,1.1158416
mb-01162,train,2.1818435,2.1935134,1.7242758,1.6690553
mb-05080,train,2.2900345,2.3405447,1.9777236,2.0396159
mb-03402,train,1.4313638,1.3041435,1.20412,0.9935768
mb-05289,train,1.8512583,1.7898172,1.60206,1.5245953
mb-01393,train,1.748188,1.8421416,1.5185139,1.6150723
mb-04396,train,2.1238515,2.086884,1.7923917,1.692616
mb-06264,train,2.30103,2.4563293,2.1931245,2.2634952
mb-00433,train,1.4471581,1.327972,1.146128,1.102603
mb-04786,train,1.6434526,1.6065235,1.4149734,1.3755927
mb-01973,train,1.6434528,1.5853978,1.30103,1.2516439
mb-04979,train,2.2148438,2.2187128,1.6627579,1.7172991
af-474a32773d1a,train,1.6219155,1.3451264,1.1001327,0.9891694
af-b272f5b46e0c,train,1.6083057,1.6518153,1.1670868,1.1688855
mb-06934,train,2.1398792,2.1047955,1.908485,1.8305657
mb-07072,train,1.7403628,1.7561828,1.4913617,1.5099703
mb-09742,train,1.20412,1.3701005,0.9542425,1.0746167
af-27cd67b2290b,train,1.6403711,1.6107378,1.2832582,1.1649494
mb-05023,train,2.071882,2.1188023,1.8808136,1.9160334
af-6ed9361ec8f2,train,1.5653,1.3439033,1.2699214,0.9413464
mb-02781,train,2.060698,2.044156,1.5440681,1.5573488
mb-03853,train,1.1760912,1.0933694,1.0791812,1.0177186
mb-09481,train,1.9395192,1.97698,1.50515,1.489192
mb-10876,train,2.5465426,2.4642022,2.243038,2.1853313
mb-08938,train,1.8573325,1.8132696,1.20412,1.1845677
mb-02996,train,2.164353,2.217342,1.8920946,1.920155
mb-02167,train,1.832509,1.7158238,1.5682018,1.4691411
mb-09214,train,1.39794,1.5109806,0.9542425,1.0921814
mb-03646,train,1.7993405,1.9592582,1.5910646,1.6411021
mb-05167,train,1.20412,1.0952868,0.7781513,0.7361378
mb-07422,train,1.9822713,1.9855672,1.4913617,1.4400407
mb-02075,train,1.7853298,1.7234306,1.50515,1.3558588
mb-09234,train,2.178977,2.2374575,1.20412,1.3160536
mb-01482,train,1.9637878,2.028574,1.770852,1.8148208
mb-02017,train,1.7160034,1.5600423,1.2552725,1.2050412
mb-07700,train,1.5910647,1.3616104,1.1760913,0.97780627
mb-03383,train,1.6020601,1.543885,1.4149734,1.3591868
mb-07425,train,1.4149734,1.3794385,0.90309,0.9180642
mb-01903,train,2.178977,2.1645584,1.819544,1.7894268
mb-10900,train,0.845098,0.8350544,0.69897,0.6684356
mb-01139,train,1.7323937,1.7058251,1.4771212,1.3399143
mb-06558,train,1.8512584,1.8726723,1.30103,1.2876971
mb-05982,train,1.968483,1.9318886,1.4313638,1.4151154
mb-06948,train,1.9867717,1.9472468,1.3802112,1.3573792
mb-10025,train,2.243038,2.1256003,1.748188,1.6910173
mb-04884,train,1.863323,1.8481295,1.30103,1.3017787
mb-07871,train,1.3424227,1.227638,1.230449,1.0520531
mb-04819,train,1.8325088,1.8976868,1.447158,1.5030125
mb-08280,train,1.929419,1.935148,1.6627579,1.6790528
mb-01623,train,2.2576785,2.2548091,2.09691,2.1241322
mb-09468,train,1.7781513,1.9424938,1.1139433,1.3068076
mb-08177,train,1.1760912,1.1953496,1.0791812,1.0726427
mb-07201,train,2.1903317,2.180976,1.9294189,1.8878809
mb-07582,train,1.0791813,1.0146347,0.7781513,0.76712143
mb-06713,train,2.09691,2.146913,1.3802112,1.4462577
mb-09798,train,2.25042,2.2995074,1.94939,1.9694228
af-67bca844220b,train,1.8675776,1.3933923,1.1755437,1.0830035
mb-07381,train,2.2900345,2.211964,1.770852,1.7336779
mb-06877,train,1.230449,1.1468416,1.0413927,1.0251948
mb-06842,train,1.748188,1.701795,1.462398,1.4437846
mb-09185,train,1.7853298,2.0150146,1.2552725,1.4916941
mb-06815,train,1.146128,1.2173624,0.69897,0.8402598
mb-07251,train,1.7323937,1.7955334,1.3424227,1.4485468
mb-10882,train,1.6334685,1.6463246,1.39794,1.4189765
mb-10444,train,2.2380462,2.2423177,1.60206,1.6302629
mb-06062,train,2.2278867,2.3160746,2.0606978,2.015524
mb-10393,train,1.9637878,1.9235523,1.462398,1.5385865
mb-02140,train,1.6812412,1.6955694,1.5314789,1.453242
mb-10632,train,1.9242793,1.9840889,1.4913617,1.5846032
af-36c4141c3de2,train,0.9511767,0.86514556,0.76126236,0.6178828
mb-04170,train,1.690196,1.7333829,1.5185139,1.5506811
mb-00848,train,2.0863597,2.1189797,1.8750613,1.8920271
mb-06455,train,1.7403628,1.7214321,1.3424227,1.3703393
mb-05344,train,2.1238518,2.0944476,1.3617278,1.3820541
mb-09571,train,2.0681858,1.9834933,1.6532125,1.5159653
mb-05593,train,2.4183013,2.4610567,2.0934217,2.150879
mb-09507,train,1.7923918,1.8380232,1.146128,1.3822435
mb-04989,train,1.3617278,1.2562928,0.845098,0.7634387
mb-03095,train,1.8388492,1.8226746,1.462398,1.4862498
mb-01637,train,1.6532125,1.6113172,1.1760913,1.2099977
mb-01092,train,1.845098,1.7511514,1.447158,1.3159628
mb-06603,train,2.0043213,2.1095636,1.8976271,1.8855572
mb-06830,train,1.8260748,1.8014287,1.5185139,1.4942003
mb-10504,train,2.075547,2.2153187,1.770852,1.8317673
mb-03660,train,1.6334685,1.5304868,1.20412,1.1123499
mb-05660,train,2.049218,2.26359,1.819544,2.072236
mb-06821,train,1.9822712,1.9275165,1.8976271,1.8315334
mb-07856,train,2.1238518,2.2012985,1.6812413,1.7748415
af-5d2ee95d3fdb,train,1.7359093,1.5714629,1.2404095,1.0754071
mb-10358,train,1.50515,1.566881,1.146128,1.2396249
mb-01672,train,0.90309,0.7565712,0.69897,0.61518866
mb-01921,train,2.389166,2.2800674,1.8692317,1.7495409
mb-00379,train,1.7781513,1.8239343,1.4313638,1.437602
af-d82b66545e38,train,1.1389055,1.5411329,1.0077392,1.1335628
af-232b73a5e7e1,train,1.183805,1.2887917,0.915203,0.97216296
mb-05682,train,2.3838153,2.2699077,1.7853298,1.7450511
mb-01459,train,1.763428,1.7380316,1.3802112,1.4144121
mb-09407,train,1.5682018,1.4707451,1.3802112,1.263289
mb-01201,train,1.6434528,1.5583209,1.4913617,1.3835218
af-1c5e66ef4187,train,2.102605,2.0232387,1.2218913,1.0508114
mb-09071,train,2.075547,2.1056046,1.7923917,1.7645065
mb-01336,train,0.90309,0.89155996,0.60206,0.5553897
mb-05994,train,1.8976271,1.9155526,1.7323937,1.7184813
mb-03928,train,1.8325089,1.876996,1.50515,1.5562476
af-0cf0aed63b5c,train,1.359044,1.3182638,1.1896167,1.0599246
mb-08355,train,2.365488,2.3886259,1.9912261,2.059619
mb-05606,train,2.2878017,2.2190928,1.7923917,1.713191
mb-04844,train,1.7923918,1.8613279,1.230449,1.3523324
mb-08934,train,1.60206,1.5933037,1.3802112,1.3736969
mb-09283,train,1.9822712,1.8968914,1.6720978,1.6172193
mb-09066,train,2.2121875,2.1855855,1.8692317,1.8135582
mb-10789,train,2.120574,2.0060885,1.6627579,1.6546694
mb-00127,train,2.0934217,2.1650257,2.0,2.0711172
mb-03203,train,1.8864907,1.8247758,1.7323937,1.6969223
af-9aa20030aa11,train,1.6131343,1.349702,1.2206937,0.9215441
mb-04534,train,2.1903317,2.141128,1.8512584,1.7899371
mb-05709,train,1.5563025,1.5239699,1.3802112,1.3478621
mb-03927,train,2.0,2.1410377,1.7923917,1.8419949
mb-10385,train,1.7923917,1.8045087,1.4771212,1.6437187
mb-09377,train,2.1038036,2.1041017,1.5314789,1.6352258
mb-06084,train,1.4771214,1.477394,1.2787536,1.3234124
mb-05277,train,1.7993406,1.8292156,1.6127839,1.5693247
af-bc2372a6d49f,train,1.1409258,1.1822813,0.8602134,0.89125085
mb-05933,train,2.0791812,2.1283097,1.39794,1.396026
mb-10857,train,1.8750613,1.7835333,1.30103,1.2811596
mb-00167,train,1.763428,1.7819514,1.4771212,1.4577947
mb-08454,train,1.8129134,1.796936,1.462398,1.3766602
mb-06689,train,1.2041199,1.1320953,0.845098,0.728536
af-047348a26953,train,1.8623961,1.7686756,1.2883096,1.148984
af-e9c6d477da9d,train,1.4224093,1.3715069,1.2377247,1.1023388
mb-05781,train,2.2013972,2.1987479,1.8325089,1.7984055
mb-02895,train,1.7558749,1.650495,1.4771212,1.3451438
mb-02246,train,1.9084849,1.8887544,1.4771212,1.4724432
mb-07738,train,1.3424227,1.350466,0.9542425,0.9322532
mb-05268,train,2.0934217,2.1388726,1.748188,1.7984481
af-993875381dc8,train,1.6786194,1.798585,1.003452,1.1437428
mb-02154,train,2.149219,2.0732613,1.8260748,1.7389667
mb-05513,train,1.6901962,1.6914881,1.5563025,1.5222586
mb-00199,train,2.130334,2.1025105,1.7993406,1.7948799
mb-10055,train,2.269513,2.0994754,2.0791812,1.9277308
mb-08778,train,1.845098,1.8265904,1.2552725,1.2648826
mb-03163,train,2.1673174,2.2289648,1.7853298,1.8348376
mb-04305,train,1.4771214,1.6347436,1.20412,1.3264316
mb-07349,train,1.8864908,1.9343411,1.5440681,1.5322291
mb-03884,train,2.2479732,2.258788,1.8573325,1.8280813
mb-05940,train,2.0334237,2.2003024,2.0170333,2.1368065
mb-03515,train,2.146128,2.151587,1.90309,1.9226867
mb-07868,train,1.8864907,1.8893533,1.0413927,1.0919471
mb-04016,train,2.1931245,2.2210612,1.7558749,1.8037074
mb-02354,train,1.7558749,1.5385125,1.4913617,1.3493173
mb-02089,train,2.2718415,2.3032553,1.9822712,1.9760698
mb-00510,train,1.9242792,1.9767638,1.690196,1.7239543
af-15306d8245b2,train,1.4357648,1.4992007,1.1995715,1.082284
mb-05735,train,1.9590414,2.0995343,1.8129133,1.8434498
af-b194a22dbd1e,train,1.2022893,1.103119,0.739793,0.74478024
mb-10507,train,2.1105897,2.023232,1.9731278,1.8033688
mb-01114,train,1.2552725,1.2871693,0.845098,0.86928976
mb-04557,train,1.8260747,1.8149741,1.447158,1.4683397
mb-06163,train,2.2355285,2.3098805,1.9395193,1.9661038
mb-00576,train,2.155336,2.2914472,1.9731278,2.024541
mb-09929,train,1.845098,1.7997113,1.50515,1.4809685
mb-04659,train,0.30103,0.36902353,0.0,0.068048
mb-07433,train,1.9344985,1.9102724,1.4149734,1.3875144
af-1dc3560c617a,train,1.7292101,1.8550858,0.66776663,0.8830731
mb-05391,train,2.2787535,2.2657628,1.690196,1.6829937
mb-04489,train,1.8920946,1.9204805,1.6127839,1.6814581
mb-03344,train,1.6434526,1.502295,1.230449,1.1846989
mb-06193,train,2.303196,2.1742215,1.5910646,1.4811405
mb-08949,train,1.7075702,2.017508,1.4313638,1.7144991
af-bedddf6b2193,train,1.7732582,1.645757,0.756296,0.5637739
mb-05905,train,1.1760913,1.392239,1.20412,1.3095412
mb-09240,train,1.5910646,1.6005394,1.0791812,1.1669092
mb-00103,train,1.5563025,1.5361353,1.39794,1.3626904
mb-02022,train,2.292256,2.2575245,1.8976271,1.8479244
af-6f4b0bfcbf83,train,1.6653202,1.7939526,1.1297543,1.1470566
mb-10178,train,2.0827854,2.1096003,1.6812413,1.7736661
mb-04140,train,2.025306,2.0575762,1.7075702,1.7211926
mb-06874,train,2.363612,2.2533464,2.2455127,2.1736531
mb-09850,train,1.3424227,1.7942572,0.90309,1.3723556
mb-00319,train,1.4149734,1.2333968,1.0,0.8746545
mb-03981,train,1.819544,1.8128961,1.6532125,1.6416172
af-5c6b84f5e53d,train,1.4791231,1.306417,1.2991258,1.0189419
mb-06400,train,2.303196,2.3361678,1.9731278,1.963038
af-1c83a0bff50d,train,1.7649118,1.6435175,1.1471505,1.1187935
mb-04932,train,2.149219,2.227799,2.0,1.9402715
mb-05478,train,0.8450981,0.70797867,0.60206,0.49639106
mb-06375,train,1.9590414,1.9213893,1.5185139,1.5555627
mb-07708,train,1.8976271,1.9127793,1.5563025,1.5333225
af-d8062a4e068b,train,1.2158728,1.3003958,1.0037233,1.0635052
mb-02784,train,2.133539,2.2049832,1.845098,1.9432068
mb-00278,train,2.243038,2.3181922,1.8692317,1.9728414
mb-09990,train,1.531479,1.6286863,1.20412,1.264586
mb-06080,train,2.252853,2.2557244,2.161368,2.1547449
mb-06760,train,2.1271048,2.110047,1.9777236,1.8697778
mb-04890,train,1.8976271,2.0111327,1.770852,1.8520772
mb-01956,train,2.0374265,2.0278864,1.770852,1.69954
mb-08327,train,2.569374,2.5216877,2.3138673,2.2735937
mb-07423,train,1.3424227,1.2673161,0.69897,0.4061134
mb-07082,train,1.39794,1.4851015,1.146128,1.1744796
mb-02057,train,1.5440681,1.534383,0.9542425,0.92647594
mb-07924,train,0.60205996,1.1975127,0.90309,0.87724686
mb-07243,train,1.7403626,1.7114013,1.1139433,1.1714572
mb-10646,train,1.1139433,1.0885649,0.90309,0.9173709
af-186c151ef89c,train,1.3409951,1.3273237,0.9441746,1.0204132
af-5312a20efe58,train,1.7426811,1.7943914,1.1005945,1.1468683
mb-09271,train,1.5910646,1.6644049,1.1139433,1.1748728
mb-03193,train,2.3159702,2.2721078,2.2479732,2.1183016
mb-01417,train,2.3117537,2.2645895,1.80618,1.7342273
mb-09608,train,2.0170333,2.0772405,1.3222193,1.4367688
mb-10714,train,2.365488,2.2628422,1.6532125,1.7139883
mb-00146,train,2.3541083,2.3952763,2.0569048,2.0488725
mb-06026,train,1.9395193,1.7663245,1.748188,1.5806428
mb-09505,train,1.8864907,1.7318622,1.690196,1.541566
mb-06479,train,1.8388491,1.8337773,1.1139433,1.1756216
mb-02030,train,2.3263357,2.3788395,2.0293837,2.00341
mb-09048,train,2.0934217,2.0143058,1.7075702,1.709943
af-8b5e77c3f863,train,1.1262028,1.270633,0.82275766,0.88420516
mb-02059,train,1.7993405,1.8440512,1.447158,1.4818308
mb-00431,train,1.3424227,1.2402794,1.0,0.9606596
mb-10559,train,1.8260748,1.9319115,1.7323937,1.7454655
mb-07778,train,1.7242758,1.9328729,1.0791812,1.3192766
mb-02464,train,2.0086002,2.0148177,1.3222193,1.3328314
mb-06876,train,1.6532124,1.5152344,1.3222193,1.3964076
mb-00376,train,2.2227163,2.185246,1.8573325,1.8433876
mb-09737,train,1.4471581,1.4191494,1.146128,1.1721108
mb-07310,train,1.544068,1.5878137,1.447158,1.4454503
mb-02119,train,2.0827854,2.0671694,1.5682018,1.5907085
mb-10465,train,2.2479732,2.240326,1.968483,1.8948977
mb-09810,train,2.0492182,2.1254385,1.7781513,1.9214041
mb-10389,train,2.2624512,2.2738755,1.9637878,1.9053764
mb-02250,train,2.2227166,2.1777563,1.6334685,1.5595317
mb-05850,train,1.7781513,1.7678978,1.4313638,1.4625827
mb-08777,train,2.0086002,1.983609,1.748188,1.7100469
mb-08518,train,2.178977,2.2236493,1.9344984,1.9108394
mb-07591,train,1.908485,1.9613819,1.5682018,1.6119199
mb-04404,train,2.139879,2.185546,1.7853298,1.80884
mb-07974,train,1.7075702,1.8563656,1.4913617,1.6121589
mb-08314,train,1.5910647,1.6282173,1.30103,1.3795321
mb-05064,train,1.9138138,1.8934114,1.763428,1.7013925
mb-10711,train,2.045323,2.1296504,1.8692317,1.883889
mb-03213,train,2.3222194,2.4162436,2.0681858,2.0851812
mb-04978,train,2.3324385,2.2782712,1.8976271,1.8180052
mb-00091,train,1.6127839,1.606864,1.5682018,1.4743456
mb-05462,train,2.0791812,2.1447167,1.819544,1.8968968
mb-05193,train,1.8325088,1.7580769,1.5797836,1.5335826
mb-02025,train,2.1673174,2.179614,1.9294189,1.8910983
mb-00113,train,1.4313638,1.2828467,0.47712126,0.3447709
mb-07510,train,2.206826,2.2018237,1.9294189,1.8288151
mb-09829,train,1.9138138,2.0113676,1.7160033,1.7145195
af-17963b5ef054,train,1.3798672,1.4270096,1.1416034,1.1495203
mb-04866,train,1.9344985,1.5224698,1.5440681,1.2056556
mb-09422,train,1.230449,1.1637344,0.90309,0.86519456
mb-00999,train,1.6989701,1.7454225,1.2552725,1.3356571
mb-05902,train,2.0569048,2.192677,1.3424227,1.4987402
mb-05111,train,1.7403626,1.7209591,1.60206,1.5478534
mb-00835,train,2.2355282,2.247973,2.0253057,1.9585927
mb-07401,train,1.8260748,1.8004358,1.20412,1.1965542
mb-01203,train,1.5440681,1.4545099,1.39794,1.2350225
af-2f2f997069e3,train,1.6896541,1.5868325,1.0301178,1.0499305
mb-04726,train,1.8260748,1.8621954,1.6627579,1.6359724
mb-05712,train,2.2380462,2.3316388,1.8920946,1.9952139
mb-01617,train,2.4313638,2.368495,2.0170333,2.0364742
mb-08511,train,1.2787536,1.3665987,1.146128,1.1808268
mb-05834,train,1.8633229,1.8629256,1.39794,1.3797349
mb-07001,train,1.2552725,1.226552,0.90309,0.86924255
mb-04828,train,1.6020601,1.6385638,1.0,1.0342146
mb-04593,train,1.90309,1.9379001,1.7993406,1.8350563
mb-08912,train,1.5797837,1.6187932,1.39794,1.4872746
mb-04801,train,1.6334685,1.5898886,1.4313638,1.305757
mb-03746,train,1.7403626,1.8580712,1.6232493,1.6273298
mb-02474,train,1.8920946,1.8084351,1.6127839,1.5014529
mb-00599,train,1.968483,2.019515,1.4913617,1.5160185
af-981a1b462db4,train,1.848109,1.670293,1.26361,1.139611
mb-10285,train,2.146128,2.1030293,1.50515,1.6289939
mb-03188,train,1.9190781,1.9224753,1.819544,1.8327601
mb-03643,train,2.0644581,1.9969698,1.6334685,1.5692234
af-0b0765ce5f98,train,0.31643587,0.2516797,-0.086632326,-0.08700085
mb-04994,train,2.1139433,2.0613437,1.763428,1.726754
mb-06385,train,2.0827854,2.1275156,1.6627579,1.6797754
mb-10068,train,2.39794,2.4133794,2.0606978,2.10178
mb-10603,train,2.2227166,2.227199,1.9294189,1.9171667
mb-08634,train,2.0374265,1.9927893,1.7323937,1.71032
mb-04057,train,2.1430147,2.2114997,2.0334237,2.0371463
af-ba487a3251dc,train,1.3398985,1.3550607,0.93877333,1.016937
mb-00295,train,2.2648177,2.2330155,1.9590414,1.9179826
mb-06367,train,1.7993405,1.8152977,1.3802112,1.358697
mb-04275,train,1.7403628,1.8140867,1.20412,1.2600865
mb-00347,train,2.298853,2.2348316,1.7853298,1.7923847
mb-08354,train,1.6812413,1.753618,1.4913617,1.4823065
af-ca9f05a6b6ed,train,1.2390215,1.2489073,0.9032832,0.9164034
mb-02208,train,1.7853298,1.8566318,1.5185139,1.5665622
mb-00240,train,1.7403626,1.7539358,1.3802112,1.5301448
mb-06222,train,2.1673174,2.3613446,1.7993406,1.9753463
mb-05509,train,2.089905,2.1062996,1.690196,1.7562188
mb-08510,train,2.0293837,2.1190023,1.447158,1.5794047
mb-08650,train,1.748188,1.4170707,1.5563025,1.2490492
mb-04603,train,1.9242793,1.9673252,1.30103,1.4398202
mb-02335,train,2.2671716,2.2974277,2.0334237,2.0387514
mb-02514,train,2.0530784,2.037238,1.763428,1.8037783
mb-00286,train,1.4771212,1.308607,1.146128,1.1160918
mb-04953,train,1.5051501,1.5327711,1.4313638,1.402937
mb-00208,train,1.4913617,1.4809616,1.3424227,1.349871
mb-06627,train,1.6532125,1.6096022,1.20412,1.212464
mb-10281,train,1.6532125,1.7776904,1.20412,1.3086389
mb-03027,train,1.845098,1.9519713,1.5910646,1.78836
mb-05399,train,2.2121878,2.1167831,1.6127839,1.5919425
mb-00068,train,1.5910647,1.5969154,1.39794,1.3883609
mb-08773,train,2.025306,2.0839581,1.5563025,1.6636057
mb-04885,train,1.90309,1.8200715,1.4771212,1.3833619
af-d5b4a2bd8434,train,1.3792403,1.4027191,1.0047039,1.0910206
mb-04328,train,2.2148438,2.2427654,1.3424227,1.3845109
mb-01243,train,2.376577,2.4193425,2.243038,2.1405199
mb-00668,train,1.9444827,1.9277384,1.6232493,1.6165831
mb-04397,train,1.7160034,1.5982364,1.146128,1.0987173
mb-03442,train,1.8920946,1.929779,1.447158,1.4298294
mb-05209,train,2.3242824,2.3239317,1.8864907,1.9667969
mb-10162,train,2.3747485,2.4217138,2.164353,2.1938944
mb-04308,train,1.6720979,1.6297588,1.5440681,1.4688492
af-da5ce7d4e4ec,train,2.2134886,2.1259828,1.1328998,1.0350509
mb-09966,train,1.6434526,1.7663548,1.230449,1.3417462
mb-08126,train,1.3802112,1.298064,1.230449,1.1045432
af-20b64628cf74,train,1.4176561,1.7854815,1.1647573,1.1246488
mb-00166,train,1.1760913,1.0173755,1.146128,1.1992126
mb-06953,train,1.770852,1.8100725,1.60206,1.579504
af-ec21f32abca2,train,1.6552988,1.7132807,1.1456096,1.156707
mb-09579,train,2.3117537,2.247851,1.5797836,1.6095818
mb-09472,train,2.2900345,2.3016114,2.0253057,1.9681082
mb-02965,train,2.0899053,2.125075,1.5563025,1.5159605
mb-05366,train,2.4361627,2.2971356,2.365488,2.232179
mb-05396,train,1.9590415,2.0019963,1.5563025,1.6594307
mb-03827,train,1.90309,2.0689476,1.763428,1.9951198
mb-10525,train,2.2148438,2.2196145,1.8864907,1.8496742
mb-01530,train,2.2013972,2.2516735,2.0530784,2.1486502
mb-06672,train,2.1172714,2.1284642,1.6232493,1.6167294
mb-04564,train,1.9777236,2.0161958,1.4771212,1.4833541
mb-05137,train,1.3802112,1.1301928,1.230449,0.97088045
mb-04574,train,1.913814,1.8915157,1.6127839,1.512089
mb-05572,train,2.1367207,2.1611972,1.1760913,1.3287106
mb-01335,train,2.1643527,2.3779905,2.0253057,2.0998516
mb-06590,train,1.30103,1.2647557,0.9542425,0.9293769
mb-04891,train,2.0211892,2.0559416,1.7403626,1.7484049
mb-10639,train,2.2148438,2.2792816,1.5185139,1.6932617
mb-09490,train,1.0791813,1.171706,0.7781513,0.8832924
mb-03625,train,2.089905,2.0250382,1.690196,1.629249
mb-09119,train,2.1931245,2.2207835,2.0,1.9899195
af-8e7ba568a475,train,0.6720258,0.6554682,0.49496952,0.5049305
mb-03172,train,1.6127839,1.6131047,1.2552725,1.2615893
mb-07090,train,1.5563025,1.5723059,1.3802112,1.3745849
mb-03619,train,1.8325089,1.8576089,1.7323937,1.7078675
mb-02640,train,2.0334237,2.0624313,1.447158,1.4844704
mb-08537,train,1.5440681,1.6154096,1.0413927,1.1552513
mb-08240,train,1.7403628,1.8163986,1.2787536,1.3010864
af-a91f3d9f527c,train,1.7231404,1.4735024,1.2121423,1.1087358
mb-07646,train,1.8129134,1.882984,1.30103,1.2842727
mb-10849,train,2.3673558,2.2880156,2.0827854,2.128837
mb-10202,train,1.146128,1.2605073,1.146128,1.1292521
mb-08098,train,2.0530784,2.216965,1.7993406,1.9434248
mb-01432,train,0.7781513,0.8128742,0.30103,0.36142242
mb-08497,train,2.4668674,2.4935637,2.149219,2.2018247
af-6480d7dbdcd7,train,1.0877423,1.0830905,0.76136017,0.8246811
mb-08051,train,1.6020601,1.7182692,1.146128,1.2792743
mb-02080,train,0.4771213,0.66575944,0.60206,0.6095522
mb-02614,train,1.9190781,1.9222134,1.6434526,1.6881818
mb-06159,train,1.518514,1.5830362,1.4913617,1.4181861
mb-05114,train,1.8260748,1.892159,1.230449,1.3180233
mb-04055,train,2.09691,2.1641712,1.8388491,1.7955116
af-2122a1339fff,train,1.9614112,1.7490978,1.2275165,1.130892
mb-05458,train,0.7781513,0.75407624,0.60206,0.6179306
mb-05554,train,1.7323937,1.79386,1.3424227,1.3456973
af-77324d52cb51,train,1.4417846,1.3866336,1.1748328,1.1107408
af-750354dbab6b,train,1.6915236,1.798319,1.055833,1.1442258
mb-06498,train,1.9867718,2.0327775,1.4913617,1.4526684
mb-00879,train,2.1461282,2.1495175,1.908485,1.8762598
mb-06784,train,2.1818438,2.1082568,1.94939,1.8858867
mb-06297,train,2.0128372,1.9983923,1.5797836,1.5780029
mb-09114,train,1.6434526,1.7876966,1.3617278,1.4937874
mb-09033,train,2.264818,2.264859,1.9242793,1.9084822
mb-02220,train,2.7411516,2.1738667,1.7323937,1.6677885
mb-01511,train,1.9956353,1.9442015,1.6812413,1.7035189
mb-08753,train,2.1139433,2.0440946,1.8573325,1.762648
mb-02794,train,2.3283796,2.2219572,2.071882,2.062763
mb-04486,train,1.863323,1.8286347,1.4313638,1.3766295
mb-01314,train,1.20412,0.9991729,0.7781513,0.6453345
mb-09984,train,2.1303337,2.0876575,1.7323937,1.7337745
mb-05187,train,2.0043213,1.9403315,1.5563025,1.4699303
mb-03092,train,2.1818435,2.1268754,1.8750613,1.7674143
af-e5a9323a46d0,train,1.3948402,1.5176108,1.1826286,1.1346594
mb-04233,train,2.0253057,1.8475859,1.7160033,1.544052
af-10844f99e3db,train,1.4417831,1.7116065,1.2364239,1.1239486
mb-02607,train,1.3617278,1.26721,1.0413927,1.0097692
mb-06425,train,1.6020601,1.9731748,0.30103,0.60996556
mb-00694,train,1.3222194,1.2105272,0.9542425,0.919539
mb-02263,train,1.8195438,1.7089467,1.5314789,1.41838
mb-09250,train,1.8976271,1.9627551,1.0,1.0978346
mb-01055,train,2.292256,2.3100052,2.0827854,2.041537
mb-08600,train,1.8388491,1.8634617,1.230449,1.3561683
mb-10238,train,1.3424226,1.3450433,1.0791812,1.0442457
af-58f4471901ef,train,1.4854062,1.5980194,0.91993326,1.1302023
mb-02275,train,1.8808136,1.9233525,1.4913617,1.5477811
mb-03751,train,1.6532125,1.5737209,1.462398,1.3677119
mb-03992,train,1.6720979,1.5389199,1.39794,1.2692435
mb-08261,train,2.0,2.0916677,0.30103,0.7677945
mb-03571,train,1.7558749,1.8479214,1.5563025,1.661374
mb-00003,train,2.1172714,2.1237698,1.7075702,1.6830919
af-2f95594a0e4b,train,1.0609093,1.2852296,0.9892264,1.0033042
mb-10874,train,1.7708521,1.7723346,1.4313638,1.4589369
mb-07876,train,2.164353,2.1516643,1.8325089,1.7523321
mb-01603,train,2.0086002,2.0094707,1.5185139,1.5011759
mb-08482,train,2.30103,2.3077621,1.8692317,1.878052
mb-01107,train,1.39794,1.4777092,1.146128,1.089424
mb-04528,train,2.3304138,2.3980525,2.164353,2.158106
mb-09206,train,2.3242824,2.3495479,2.0569048,2.018527
mb-07733,train,2.0791812,2.2696736,1.6232493,1.7943708
mb-05067,train,1.2552724,1.2295697,1.0791812,0.98565376
mb-06338,train,2.3242824,2.335035,1.9294189,1.9495746
mb-07678,train,2.0211892,2.0281525,1.5797836,1.5820147
af-5d5d9f727e2f,train,1.2029948,1.0586247,1.0008894,0.81601197
mb-05057,train,1.7708521,1.8492832,1.2787536,1.3619064
mb-09515,train,1.361728,1.5258489,1.20412,1.2101028
mb-07724,train,2.252853,2.175809,1.8808136,1.8659759
mb-09627,train,1.2552725,1.3118014,0.90309,0.9686993
mb-02457,train,1.6532125,1.4531507,1.39794,1.2352768
mb-09413,train,2.1818435,2.060708,1.8750613,1.7251872
mb-00994,train,1.6127839,1.5905272,1.20412,1.2279545
mb-05170,train,2.1583624,2.156314,1.7781513,1.7804383
mb-01584,train,1.5051501,1.4912882,1.1760913,1.1368866
mb-02412,train,1.20412,1.1348861,0.9542425,0.9506843
mb-05414,train,1.9242792,1.8879857,1.2552725,1.2824839
mb-01814,train,1.7558749,1.7070341,1.6334685,1.5510527
mb-00367,train,1.1760913,1.1522961,0.7781513,0.8075211
mb-07347,train,1.6434528,1.429013,1.20412,1.17095
mb-05610,train,1.6127839,1.5680375,1.4149734,1.3046303
mb-05963,train,2.089905,2.0140495,1.763428,1.6397356
af-d1d764ad10d0,train,1.9196882,1.68963,1.1852616,1.0727924
mb-02292,train,1.5051501,1.5148852,1.30103,1.308521
mb-01049,train,1.230449,1.2265512,0.60206,0.47939396
mb-01867,train,1.8633229,2.0605862,1.7403626,1.8262208
mb-05756,train,1.462398,1.5047985,1.3617278,1.4140476
mb-03272,train,1.6127839,1.6372751,1.2552725,1.344949
mb-02727,train,2.2479732,2.2821128,2.0170333,1.9791359
af-00cd175b0c3d,train,1.7616775,1.6132799,1.2981017,1.122967
mb-10794,train,1.9344984,2.0595865,1.8325089,1.8257034
mb-03790,train,2.139879,2.143536,1.763428,1.7603062
mb-07344,train,1.7993405,1.8144925,1.3802112,1.4072365
mb-10622,train,2.1760912,2.172997,1.6812413,1.6892618
mb-04894,train,2.1818435,2.2394686,2.0934217,2.104616
mb-08614,train,1.5440681,1.4912149,1.2552725,1.0601782
mb-06872,train,1.6334685,1.6748538,1.30103,1.3518529
mb-02131,train,1.544068,1.478545,1.0791812,1.1018097
mb-06322,train,1.8692317,1.769813,1.690196,1.5942651
mb-07146,train,1.6334685,1.6497562,1.39794,1.3742659
mb-03557,train,2.3560257,2.4536688,2.243038,2.2729836
mb-02288,train,2.155336,2.1327782,2.0681858,1.9702232
mb-04047,train,1.8573325,1.8910148,1.50515,1.4920348
mb-06621,train,1.39794,1.2695631,1.0,0.9014299
mb-03256,train,2.075547,2.2248333,1.7558749,1.8859581
mb-08157,train,1.6127839,1.6940571,1.0413927,1.0979812
mb-09395,train,2.155336,2.1296647,1.8388491,1.7841027
mb-08076,train,1.90309,1.991394,1.7075702,1.8005582
mb-09385,train,2.434569,2.517829,2.1731863,2.2339063
mb-08882,train,1.5185139,1.6570317,1.447158,1.4258565
mb-00410,train,1.7160034,1.7678608,1.4313638,1.5297542
mb-10904,train,1.9294189,1.9287083,1.5185139,1.5978167
mb-08819,train,2.133539,2.180121,1.5314789,1.6304622
mb-04386,train,2.3242826,2.291363,2.0413928,1.923343
mb-03205,train,1.8512584,1.9049119,1.5440681,1.5483352
mb-09877,train,2.230449,2.2328107,1.8573325,1.8327247
mb-06680,train,1.8512584,1.8513256,1.6627579,1.6636227
mb-08835,train,1.6720979,1.7711029,1.4149734,1.4360362
mb-05598,train,2.3926969,2.2609408,1.690196,1.6500708
mb-03680,train,2.2787535,2.361369,1.9867717,2.0284467
mb-04410,train,2.3242824,2.2681646,2.30103,2.2031171
mb-06240,train,1.929419,1.9226604,1.462398,1.4776974
mb-01176,train,1.7993405,1.9329782,1.7403626,1.7229687
mb-02725,train,1.8129134,1.7471501,1.30103,1.2296386
mb-06718,train,2.0569048,2.0706582,1.5440681,1.4994241
mb-09769,train,1.5051501,1.5944662,0.90309,1.0505266
mb-08871,train,1.4771212,1.7002181,1.4149734,1.40982
mb-03375,train,2.5477746,2.3286588,2.3541083,1.9844759
mb-06114,train,1.9867717,1.9838543,1.3802112,1.5586885
mb-00451,train,2.1846914,2.2279952,1.90309,1.9392228
af-e52ccf55c807,train,1.6383226,1.8590698,1.2842864,1.1398666
mb-03218,train,1.5797837,1.5228021,1.2787536,1.2470422
mb-00964,train,2.2810335,2.3911457,2.1522884,2.0848103
mb-10243,train,2.0,2.1460009,1.8260748,1.8913556
mb-01462,train,2.382017,2.3462987,1.9956352,1.9463149
mb-04198,train,1.5185139,1.6298186,1.2787536,1.3666928
mb-05562,train,1.4313638,1.4659317,1.146128,1.1456143
mb-01945,train,1.7781513,1.6692036,1.462398,1.3601367
mb-09845,train,1.7160033,1.5632551,1.3802112,1.2803081
mb-08821,train,1.60206,1.7334388,1.3802112,1.4111848
mb-03989,train,1.8976271,1.9204586,1.80618,1.8598429
mb-02809,train,1.7853298,1.8180538,1.50515,1.5112419
mb-04327,train,1.6020601,1.6527567,1.4913617,1.5025271
mb-07416,train,1.770852,1.8117485,1.3222193,1.4960172
mb-09462,train,2.149219,2.2271333,1.7853298,1.8291852
mb-05840,train,2.326336,2.3268023,1.968483,1.9863536
mb-07485,train,1.7323937,1.7481256,1.4913617,1.5399873
mb-08115,train,1.5440681,1.4700639,0.9542425,0.8140005
af-4b9c382e991c,train,1.781203,1.6680838,1.2344261,1.1612369
mb-06460,train,1.50515,1.4390968,1.3222193,1.3909225
mb-04685,train,1.2787536,1.2279369,0.9542425,0.973109
mb-04516,train,2.1003704,2.1639283,1.69897,1.6925063
mb-02743,train,0.60206,0.64560556,0.47712126,0.48430824
mb-09601,train,1.6434528,1.6831138,1.20412,1.3260912
mb-06292,train,1.5314789,1.48701,1.1139433,1.1216974
mb-05294,train,1.4313638,1.3573152,1.2552725,1.1858732
mb-05614,train,1.7323937,1.6097723,1.20412,1.1690772
mb-05608,train,2.252853,2.2252395,1.4771212,1.443844
mb-05218,train,2.143015,2.2030222,1.763428,1.7678545
mb-03154,train,1.690196,1.71832,1.3222193,1.4200593
mb-02002,train,2.2278867,2.2504401,1.8633229,1.8948469
mb-08233,train,1.9777236,1.8315663,1.6720978,1.5444497
mb-00409,train,1.7923918,1.8027031,1.3424227,1.2964334
mb-08095,train,2.340444,2.3836133,2.220108,2.131491
mb-09301,train,2.1367207,2.194028,1.5910646,1.5887151
mb-02495,train,1.3802112,1.2975416,0.69897,0.7489551
mb-00839,train,2.2552724,2.2650774,2.1271048,2.1434598
mb-08416,train,2.0170333,1.8570822,1.7853298,1.6268908
af-8f6257240271,train,0.7108693,1.1585293,0.7136963,0.8512991
mb-08409,train,2.1846914,2.2849822,1.8512584,1.770874
mb-06489,train,2.029384,1.9500213,1.6127839,1.5136397
af-fc6f7e9b3607,train,1.4974673,1.4348195,1.2914399,1.0557606
mb-06922,train,2.0606978,2.0888832,1.770852,1.7283475
mb-05852,train,1.6334685,1.6720858,1.1760913,1.2012976
mb-09480,train,2.2855573,2.1840281,1.8260748,1.8442993
af-ab9819db1a35,train,1.3712729,1.3243985,0.9092361,0.86469805
mb-09003,train,1.4913617,1.7160053,0.9542425,1.1502508
mb-10720,train,1.69897,1.6584625,1.0791812,1.077339
mb-02902,train,2.045323,2.0265145,1.8976271,1.7993574
mb-06329,train,1.6127839,1.604007,1.146128,1.0832518
mb-09733,train,1.9344984,1.9269265,1.7160033,1.6825323
mb-07862,train,2.1583624,2.1204531,1.4771212,1.4282409
mb-02930,train,1.9344985,2.0036116,1.6127839,1.7645072
mb-06061,train,1.7634281,1.7825304,1.5563025,1.5358485
mb-07770,train,2.045323,2.14308,1.7323937,1.7904872
af-3514633aa46a,train,1.1999497,1.263841,0.9077568,0.94302297
mb-05159,train,2.3096302,2.4291542,2.045323,2.0836363
mb-10715,train,2.4099333,2.3902822,2.0413928,2.015105
mb-01550,train,2.033424,2.041002,1.6127839,1.604127
af-6f7e43222d14,train,1.3736199,1.3975508,1.0227417,1.0556386
mb-03038,train,1.9138138,1.8936061,1.80618,1.8028002
mb-10036,train,2.3443923,2.3165143,2.1673174,2.213591
mb-00292,train,2.4548447,2.4679444,2.146128,2.1853745
mb-04688,train,1.462398,1.4354413,1.1139433,1.1280695
mb-03337,train,1.8260748,1.8214729,1.5682018,1.4941068
mb-06658,train,2.3283796,2.2783203,2.2718415,2.2038872
af-3a77ab5132ea,train,1.7774267,1.7896267,1.2737603,1.1431293
mb-07386,train,1.1760912,1.1522734,1.0,0.95225775
mb-00152,train,2.1238515,2.2256413,1.7853298,1.883911
mb-08390,train,2.252853,2.2580414,1.9190781,1.9124837
mb-09619,train,2.217484,1.9904174,1.9190781,1.6396515
mb-03720,train,1.4313638,1.4041531,1.1139433,1.0806789
af-4d44ca8da00e,train,1.3817214,1.2972218,1.2943648,0.96001077
mb-06182,train,1.90309,1.8903167,1.5797836,1.6137818
af-89e7078d2a09,train,1.5685279,1.4172717,1.187041,1.0621758
mb-10340,train,1.5185139,1.6259009,1.230449,1.2948663
mb-10606,train,1.9590414,2.0537307,1.5910646,1.7004492
mb-06879,train,2.1818435,2.2452722,2.071882,2.1730385
mb-00170,train,1.5563025,1.5865165,1.4149734,1.4361619
mb-02954,train,1.6334684,1.7649143,1.5797836,1.5746027
mb-08861,train,1.6720978,1.7650039,1.5185139,1.5788779
mb-10797,train,2.1238515,2.1326797,1.8808136,1.9112344
af-9dfdfdc00cc1,train,1.6323398,1.5742905,1.2382494,1.2128294
mb-04270,train,2.0170333,2.0993745,1.8260748,1.9341457
mb-07194,train,2.4424796,2.2954211,2.4116197,2.2329829
mb-07905,train,1.80618,1.9145281,1.6812413,1.702434
mb-08492,train,1.8633229,1.812811,1.7160033,1.6313205
mb-02789,train,2.3747482,2.4449654,2.064458,2.1424255
mb-06550,train,1.9956353,1.9793916,1.4313638,1.4171058
mb-02886,train,1.5185139,1.6477678,1.2552725,1.4262878
mb-08270,train,0.90309,0.93937147,0.60206,0.62278974
mb-05362,train,1.9822713,1.924531,1.5440681,1.5359305
mb-03080,train,2.232996,2.3880558,2.045323,2.110209
mb-10399,train,2.0606978,2.075658,1.690196,1.722425
mb-01632,train,2.09691,2.122993,1.80618,1.7673205
mb-07774,train,1.30103,1.2873505,0.90309,0.9608812
mb-00779,train,2.1583624,2.0408714,1.8808136,1.8458683
af-7a7deee428ad,train,1.2395773,1.2989126,0.8975056,0.7500422
mb-05493,train,1.60206,1.6751449,1.0413927,1.1781214
mb-06470,train,2.1702616,2.1828218,1.8633229,1.7592902
mb-06705,train,1.7558749,1.6997707,1.4771212,1.4508334
mb-01147,train,0.47712126,0.48869765,0.30103,0.34998643
af-eb972e8b61cf,train,1.390124,1.2258929,1.152429,1.0005515
mb-04563,train,1.9822712,1.998318,1.7403626,1.6897967
mb-07007,train,2.0681858,2.0865889,1.8692317,1.8501544
mb-07732,train,1.6020601,1.39161,1.230449,1.0638338
mb-10186,train,1.9395193,2.0514326,1.6627579,1.7151977
af-fdbdd132b64b,train,1.5652171,1.5994278,1.1012142,1.1222521
mb-08271,train,2.2479732,2.2773168,1.8129133,1.9659867
mb-04062,train,2.1367204,2.0124097,2.0293837,1.9627885
mb-10535,train,2.4487064,2.4400787,2.1903317,2.2449868
mb-05520,train,1.146128,1.1174902,1.146128,1.08603
mb-04625,train,1.9637878,1.9343296,1.3424227,1.3980522
mb-00508,train,1.5185139,1.5933177,1.3424227,1.4296271
mb-10374,train,1.6020601,1.9306685,1.462398,1.7306472
mb-01110,train,1.8808136,1.918789,1.763428,1.7267227
mb-06695,train,1.3010299,1.234993,1.0413927,0.9493277
mb-10203,train,2.0,2.082812,1.7993406,1.7405186
mb-09171,train,2.1139433,2.3569539,1.8512584,1.9657303
mb-08166,train,2.0128374,1.7974209,1.4913617,1.3865805
af-5ffe41ffabba,train,1.5211211,1.4022541,1.2937249,1.0863388
mb-00473,train,1.6232493,1.7235323,1.20412,1.2864716
mb-01855,train,1.6020601,1.7463143,1.39794,1.4917212
mb-02013,train,2.2430382,2.2822366,1.9190781,1.911405
mb-04824,train,2.0899053,2.0605671,1.8260748,1.8150135
mb-03632,train,1.7558749,1.8077718,1.2552725,1.283516
mb-09297,train,2.20412,2.1232271,1.8976271,1.7808989
mb-09211,train,2.340444,2.2793834,1.7403626,1.7739733
mb-05664,train,2.346353,2.3446329,2.1367207,2.0400243
mb-10099,train,2.1673174,2.1759806,1.9190781,1.8895177
mb-00865,train,1.5051501,1.4473116,1.230449,1.1305017
af-dec09c04ffe4,train,1.7392867,1.6180568,1.275597,1.1662631
mb-10651,train,1.3222194,1.458394,0.7781513,0.87211156
mb-09757,train,1.5314789,1.507694,0.845098,0.919428
af-c79bb5670ea3,train,1.820858,1.7514187,1.246757,1.138912
mb-02613,train,2.045323,2.088318,1.6627579,1.6608526
mb-05446,train,2.3344536,2.3068423,2.1038036,2.0342953
mb-06992,train,2.2121875,2.3064647,1.8808136,1.8545719
mb-08573,train,1.8450981,1.8482844,1.5440681,1.5002369
mb-06428,train,1.5440681,1.7049973,1.3802112,1.3938223
mb-07058,train,2.0413928,2.1052725,1.7993406,1.8538475
mb-04608,train,2.206826,2.2116668,1.8260748,1.8216861
af-d9b6cf00722a,train,1.1615207,1.1450853,0.87650824,0.94463587
mb-04879,train,2.08636,2.1628976,1.3424227,1.3323009
mb-10335,train,2.2764618,2.3610091,2.0170333,2.0817978
mb-10572,train,1.5314789,1.5012009,1.146128,1.1487585
mb-09825,train,2.2741578,2.3749676,1.9867717,2.0475075
af-0d38a416d508,train,1.7197919,1.95324,1.2773249,1.1210523
mb-06205,train,1.7242758,1.7895138,1.0413927,1.1421953
mb-10511,train,1.6127839,1.560405,1.2787536,1.2614425
mb-10690,train,2.1673174,2.2088509,1.5563025,1.5749129
mb-03312,train,1.7242758,1.7750046,1.1139433,1.1908165
mb-03279,train,1.9444827,2.0118268,1.7993406,1.7943656
mb-06865,train,1.3222194,1.1320395,1.5682018,1.2835969
mb-09378,train,2.30103,2.2436662,1.5910646,1.57336
mb-10021,train,2.120574,2.216147,1.60206,1.6737295
mb-05960,train,2.10721,2.1116614,1.690196,1.6775337
mb-08310,train,2.198657,2.2612202,1.9138138,1.907961
mb-03872,train,1.9822712,2.1019688,1.8976271,1.9652767
mb-06624,train,2.0293837,2.0673165,1.748188,1.8338623
mb-05669,train,1.8750613,1.8274046,1.2552725,1.2585704
mb-03882,train,2.0293837,2.015418,1.6434526,1.6210653
mb-10084,train,2.30103,2.2236977,1.8808136,1.7896191
mb-00288,train,1.1139433,1.1394359,1.0791812,1.0618567
mb-01669,train,1.146128,1.058414,1.0,0.9022338
mb-00480,train,2.2013972,2.1811855,1.8573325,1.8620777
mb-04303,train,1.748188,1.7700654,1.2552725,1.2961837
mb-01987,train,2.1238515,2.1128228,1.8129133,1.7122519
mb-00658,train,1.0791813,0.98124206,0.7781513,0.77858263
mb-03107,train,1.7853298,1.8008065,1.5910646,1.4936373
mb-06521,train,1.5797837,1.5787908,1.30103,1.2542602
mb-03570,train,1.9084849,1.8905172,1.5314789,1.4772983
mb-05227,train,2.0043213,2.0358486,1.5185139,1.5956333
mb-07729,train,1.6434528,1.6356103,1.4913617,1.4894257
mb-07132,train,2.2833014,2.1906269,1.7323937,1.7145607
mb-09660,train,2.3541083,2.346622,1.9138138,2.043741
mb-10938,train,1.4913617,1.550288,1.0413927,1.170989
mb-10947,train,1.6232493,1.7412335,1.5185139,1.573504
mb-05636,train,1.4913617,1.6445055,1.30103,1.4410791
mb-04355,train,2.2810333,2.2971349,2.2878017,2.2345953
mb-07272,train,2.1760912,2.327122,1.8633229,2.1080866
mb-01978,train,2.2966652,2.2980056,2.075547,2.0034468
mb-00164,train,1.4471581,1.4373535,1.20412,1.1770589
mb-07371,train,1.5797837,1.6527152,1.2787536,1.3468155
mb-07482,train,2.2966652,2.2892466,1.8750613,1.8399314
mb-04390,train,2.1003704,2.2116709,2.1583624,2.1466012
mb-03053,train,1.4313638,1.4350108,1.230449,1.1861227
mb-01371,train,2.1760912,2.204039,1.6232493,1.7262825
mb-05893,train,1.8920946,1.8851798,1.50515,1.4460144
mb-09265,train,1.7242758,1.6807098,1.3802112,1.3381963
mb-08377,train,0.60206,0.65228665,0.0,0.022429347
mb-10861,train,1.3617278,1.5948972,0.47712126,0.63692224
mb-01273,train,1.9444826,1.9164401,1.447158,1.3928941
mb-01235,train,1.6720979,1.6447847,1.39794,1.4347212
mb-03298,train,1.1760912,1.9191524,1.6720978,1.7460814
mb-05100,train,2.25042,2.322922,1.9138138,1.9778652
mb-00842,train,0.90309,0.7791778,0.60206,0.5114665
mb-08880,train,2.0863597,2.1714618,1.6720978,1.8241861
mb-03745,train,1.6812412,1.6174276,1.3222193,1.304635
mb-00712,train,1.3222194,1.3470874,1.146128,1.1427299
mb-04718,train,1.7853299,1.8798585,1.5440681,1.6603503
mb-01038,train,1.8573326,1.8520483,1.462398,1.470273
af-c46bde1662d8,train,1.2844307,1.1280873,0.927531,0.7733044
mb-08579,train,2.1522884,2.195132,1.819544,1.8325893
mb-03088,train,2.049218,2.1504586,1.8808136,1.9032259
mb-10536,train,1.94939,1.8863913,1.4913617,1.4457831
mb-06088,train,1.9912261,1.9432888,1.39794,1.314911
mb-08025,train,2.348305,2.3719049,1.9242793,2.0039213
mb-01143,train,0.60206,0.53745973,0.30103,0.19553065
mb-04476,train,1.8388491,1.8617973,1.6232493,1.6310971
mb-10693,train,1.30103,1.240985,1.20412,1.1341503
mb-03136,train,2.161368,2.2186432,1.9731278,1.9546987
mb-01104,train,1.0791812,1.0016583,0.845098,0.7954036
mb-09897,train,2.1003706,2.1057868,1.462398,1.5379467
mb-02798,train,2.369216,2.3579698,1.9912261,1.980968
mb-09591,train,1.6334685,1.6175896,1.4313638,1.4582115
mb-00325,train,1.60206,1.5997846,1.447158,1.455963
mb-01010,train,0.69897,0.47754282,0.47712126,0.29055393
mb-00520,train,2.1702616,2.2633762,1.9590414,1.9551096
mb-05783,train,2.2855573,2.2942612,1.94939,1.8816973
mb-06282,train,1.6627579,1.7358077,1.462398,1.5527653
mb-03106,train,2.149219,2.1933458,1.7323937,1.8616819
mb-05733,train,1.94939,1.907418,1.4913617,1.4268665
mb-01414,train,1.5797837,1.5508268,1.462398,1.3549713
af-e2b660ddb4b8,train,1.227938,1.1640706,0.7142266,0.83148
mb-09216,train,2.1958997,2.2484303,1.20412,1.1922314
af-00fc9c966a3f,train,1.58371,1.4840276,1.2957672,1.0909445
mb-02856,train,1.863323,1.7968063,1.2787536,1.2913178
mb-06646,train,2.178977,2.1887634,1.770852,1.8016329
af-90e130206cc7,train,0.94708115,1.1855725,0.6602905,0.7510891
mb-03608,train,2.4132998,2.410884,2.1139433,2.119936
mb-07881,train,1.4313637,1.5226309,1.6434526,1.498354
mb-02582,train,1.3222194,1.1715019,0.9542425,0.80786943
af-f0cec9393372,train,1.6437378,1.5842785,1.2885644,1.2094623
mb-07886,train,2.1105897,2.004181,1.4313638,1.308686
mb-00516,train,1.9190781,1.8372161,1.2787536,1.2061267
mb-09718,train,2.0827854,2.1567767,1.7242758,1.7469863
mb-03964,train,1.9242793,1.9695344,1.6812413,1.7536066
mb-01427,train,1.3222193,1.30189,1.0,0.9908164
mb-07283,train,2.0293837,2.1243548,1.763428,1.7835195
mb-02596,train,1.5563025,1.3972621,1.2552725,1.2137451
mb-09237,train,1.8388492,1.7435566,1.5682018,1.4803149
mb-01407,train,1.7853298,1.7836794,1.20412,1.1901385
mb-09251,train,1.3222193,1.2888887,1.1139433,1.0353923
mb-10113,train,2.0681858,1.9571474,1.4771212,1.470142
mb-00092,train,1.8325089,1.9331872,1.60206,1.7281094
mb-10034,train,2.2430382,2.2867408,1.8512584,1.9458387
mb-01001,train,1.0413927,1.0669099,0.845098,0.890227
af-69c7aa297270,train,1.1975121,1.403188,0.75090086,0.95959234
mb-08715,train,2.1522884,2.2067752,1.748188,1.7181797
mb-03663,train,2.0086002,2.144944,1.7558749,1.8926916
mb-09759,train,2.1958995,2.207525,1.7242758,1.7261041
mb-09286,train,2.1846914,2.147662,1.6232493,1.6192857
mb-05221,train,2.025306,2.0712273,1.90309,1.8827908
mb-04336,train,1.3222193,1.4644052,1.0791812,1.1886265
mb-05523,train,1.6720979,1.6904688,1.230449,1.2944123
mb-10688,train,1.5682017,1.5984433,1.0791812,1.1678632
mb-05466,train,1.9542426,1.9912962,1.6334685,1.673856
mb-02173,train,1.6434528,1.5166804,1.462398,1.3553877
af-df2ac674923b,train,1.4673343,1.3421032,1.2398248,1.0349532
mb-06851,train,2.0413926,1.9712282,1.8692317,1.7642846
mb-02182,train,2.033424,1.998407,1.6127839,1.5975945
mb-06853,train,1.7075702,1.7223289,1.30103,1.3641706
mb-09944,train,1.6127839,1.6137328,1.30103,1.302035
af-eda3b15c0480,train,1.2568789,1.1780888,0.9668126,0.872898
mb-04776,train,0.0,-0.109903425,0.0,-0.055433273
mb-08479,train,1.4313638,1.7982253,1.3617278,1.6471417
mb-05605,train,1.0791812,1.0273043,0.845098,0.7464905
mb-09592,train,2.1583624,2.22901,1.5910646,1.7052786
mb-02086,train,2.2405493,2.277069,2.0,1.9908342
mb-09602,train,2.2355285,2.2173796,1.7923917,1.716412
mb-00188,train,1.5682018,1.6216557,1.2787536,1.3327025
mb-02570,train,2.064458,2.1317983,1.8976271,1.9682761
mb-02892,train,2.3096302,2.356022,1.9637878,1.9822348
mb-04604,train,2.232996,2.2879362,1.8920946,1.9821281
af-c99de34a4b97,train,0.9152827,0.8702328,0.58900297,0.5911661
af-fab61846b1f5,train,1.3722546,1.0207658,1.1706841,0.77032053
mb-09741,train,1.9084849,1.9510809,1.770852,1.7181894
mb-10112,train,1.9637879,1.9143684,1.5682018,1.6729676
mb-03393,train,1.8808136,1.945772,1.748188,1.7392188
mb-04573,train,1.9590414,1.9837031,1.50515,1.566329
mb-04075,train,1.5682018,1.3820428,1.3802112,1.1760006
mb-04686,train,1.7781513,1.7346272,1.7923917,1.6803893
mb-10814,train,0.69897,0.6824142,0.69897,0.7982577
mb-09043,train,2.0128372,2.1013207,1.7923917,1.8406074
mb-09674,train,1.819544,1.6565299,1.3424227,1.2693816
mb-02018,train,2.39794,2.3946993,2.0,2.0677536
mb-07701,train,1.9956353,2.0051103,1.80618,1.8154651
af-992e04308e2f,train,1.6096542,1.6767173,1.0521474,1.1012313
mb-06369,train,1.690196,1.6764961,0.845098,0.87462986
mb-03118,train,1.690196,1.3609878,1.3617278,0.9834762
mb-07336,train,2.2900345,2.3786032,1.90309,2.0402527
mb-04704,train,1.3424227,1.4412414,1.1760913,1.2809821
af-ee26a5a779ae,train,1.2711746,1.3402741,0.97458535,1.0292842
mb-05863,train,2.1139433,2.1902735,1.8750613,1.865385
mb-10413,train,1.7160033,1.858527,1.50515,1.627304
mb-08072,train,1.5797836,1.4296925,1.1139433,0.9911306
mb-03776,train,1.9542425,1.9175552,1.3802112,1.350918
mb-02215,train,2.0086002,1.9258153,1.0791812,1.0060322
af-66752eca79a7,train,1.6295228,1.6430075,1.0916318,1.1475867
af-377117f4c715,train,1.3244759,1.2443458,1.089315,1.0057418
mb-06363,train,1.9444827,1.9212515,1.2787536,1.2611859
mb-07771,train,1.7160034,1.720345,1.2787536,1.2891357
mb-10254,train,2.3673558,2.2546782,1.6434526,1.5903565
mb-02118,train,2.20412,2.1632936,2.0,1.9464282
mb-03548,train,1.7558749,1.7611102,1.5910646,1.5864694
mb-00733,train,2.3324385,2.319162,2.0128372,1.8844098
mb-00143,train,2.0253057,2.0784705,1.748188,1.8288786
mb-10499,train,1.2787536,1.6184082,1.5440681,1.4096841
mb-01882,train,2.0827854,2.0864341,1.8260748,1.7645459
mb-07019,train,1.8692318,1.9443468,1.6334685,1.66913
mb-02622,train,1.763428,1.748245,1.690196,1.5853384
mb-02528,train,2.1818435,2.293625,1.7923917,1.900465
mb-09857,train,1.5314789,1.5268741,1.2787536,1.2258587
mb-04552,train,2.0934217,2.0337234,1.770852,1.6439203
mb-03403,train,1.7708521,1.6954453,1.5440681,1.4021785
mb-07934,train,1.690196,1.712495,1.2552725,1.3133622
mb-08224,train,2.2648177,2.3421104,2.049218,2.079575
af-d93c48d12387,train,1.9578016,2.0037835,1.2067018,1.1746547
mb-09803,train,1.748188,1.8063406,1.3802112,1.4292147
mb-09295,train,1.8920946,1.9837003,1.6232493,1.6180363
mb-02815,train,1.2552725,1.3131822,0.9542425,1.1084312
mb-04334,train,1.5910647,1.6461328,1.462398,1.4792486
mb-09671,train,2.1105897,2.0897586,1.7558749,1.7328782
mb-09479,train,1.6989701,1.7136135,1.5563025,1.4662657
mb-03599,train,1.3424227,1.2908914,1.1139433,1.1080992
mb-08440,train,1.7242758,1.7095277,1.4771212,1.4212838
mb-00527,train,1.7160033,1.7134016,1.3617278,1.3487557
mb-06740,train,1.8195438,1.8334773,1.5314789,1.5742239
mb-08748,train,2.274158,2.3161323,1.8260748,1.9527656
mb-01595,train,2.2787535,2.349755,2.0253057,2.0560472
mb-10908,train,1.770852,1.7544283,1.5910646,1.5344042
mb-04864,train,1.7853298,1.956047,1.4913617,1.6735334
mb-05627,train,2.2552726,2.2549195,1.8512584,1.8717523
mb-00594,train,2.1931245,2.1591818,1.9912261,1.9110548
mb-10145,train,2.2355285,2.2091315,1.6434526,1.6765876
mb-09549,train,1.968483,2.0306337,1.690196,1.7387756
mb-10111,train,2.2121878,2.2480402,1.30103,1.4557263
mb-05555,train,2.429752,2.3809807,2.0334237,2.019698
mb-05802,train,2.1172712,2.1420078,1.7242758,1.8048555
mb-10758,train,2.3159704,2.3386765,1.8512584,1.960911
mb-04983,train,2.1003706,2.138395,1.908485,1.9600301
af-fee4b1fcda0f,train,1.81534,1.573761,1.2998624,1.1367967
mb-03555,train,1.7853298,1.8739887,1.60206,1.6903057
mb-10894,train,2.463893,2.3093915,1.8512584,1.8609395
mb-09861,train,1.9956352,1.9476745,1.6434526,1.64226
mb-09597,train,1.2552725,1.2532308,1.1760913,1.0288264
mb-10260,train,2.209515,2.2082825,1.7993406,1.7656264
mb-01236,train,2.3201463,2.2436073,2.230449,2.1725488
af-56aa266086fc,train,2.1383216,1.9828192,1.2373527,1.1468878
mb-03875,train,1.9242793,1.9340932,1.20412,1.271945
mb-03491,train,1.6434526,1.6224204,1.2552725,1.2096517
mb-07630,train,1.3222193,1.2410827,0.845098,0.8940663
mb-03823,train,2.3304138,2.3909025,1.9956352,2.073561
mb-00400,train,1.0791812,1.0546584,0.845098,0.8050853
af-bb569b66afa7,train,1.155336,1.3303272,0.86584634,1.0383022
mb-00065,train,2.283301,2.1959834,1.845098,1.7481862
mb-05133,train,1.3424227,1.341845,1.2787536,1.2551044
mb-00303,train,2.1702619,2.1709719,1.8260748,1.875942
mb-03678,train,1.9590414,1.9719783,1.447158,1.4460363
mb-08464,train,2.025306,2.0313644,1.6812413,1.726836
mb-08889,train,2.356026,2.3279884,1.9294189,1.9978509
mb-02126,train,1.3424227,1.3470339,1.146128,1.1775827
mb-03715,train,1.1139433,1.1887788,1.0413927,1.0523094
mb-08206,train,1.2787536,1.4910979,1.3424227,1.3311883
mb-10539,train,1.9867718,1.9553812,1.3424227,1.3871224
mb-08165,train,2.0043213,1.9709494,1.4771212,1.4846718
mb-08097,train,1.8573325,1.7713039,1.5797836,1.4760844
mb-07324,train,1.39794,1.4821305,1.39794,1.4330707
mb-02617,train,2.064458,2.1616683,1.6532125,1.7882149
mb-01297,train,2.2405493,2.222316,1.8512584,1.7460368
mb-01937,train,1.7781513,1.7241697,1.3802112,1.3255458
mb-04690,train,2.2068257,2.188183,1.9138138,1.7751343
af-765c3aff754d,train,1.6344843,1.74203,1.0994735,1.1526784
mb-06070,train,1.8920946,1.8681421,1.4313638,1.3867801
mb-00811,train,2.09691,2.0907412,1.8260748,1.8423326
mb-07367,train,1.5682018,1.5307865,1.20412,1.1833054
mb-10839,train,2.0043213,2.0158691,1.3617278,1.4014072
af-b52cde15289f,train,1.6523538,1.5912166,0.83878803,0.77722925
mb-03303,train,2.0086002,1.9390452,1.6812413,1.6908195
mb-02351,train,1.8129134,1.7217534,1.3617278,1.3201153
mb-08522,train,1.5910646,1.6801869,1.3802112,1.5044925
mb-03282,train,1.9030899,1.9519255,1.6720978,1.7560521
mb-10694,train,2.1673174,2.2340772,1.6434526,1.8092489
mb-00584,train,2.4698222,2.3431878,2.0086002,2.01097
mb-00582,train,1.30103,1.4575671,1.230449,1.4058853
af-1ddfba03085e,train,2.071514,1.8445075,1.2506762,1.1652683
af-f7857324dd27,train,1.6802348,1.7011652,1.0922784,1.0666255
mb-00151,train,2.1875207,2.1608114,1.9444827,1.8986895
mb-01329,train,1.0,0.9883795,0.60206,0.6411327
mb-04469,train,0.9542425,1.0696627,0.69897,0.79256916
mb-08559,train,1.69897,1.6675634,1.3802112,1.3218827
mb-05183,train,1.8864908,1.9228296,1.4913617,1.6252513
af-79d559760bba,train,1.2982394,1.4488105,1.0633897,1.1362835
mb-09611,train,2.1818435,2.2143939,1.8325089,1.9284725
mb-02860,train,2.2405493,2.0796256,1.968483,1.8236642
af-3ea6e14c7184,train,1.5334619,1.5190516,1.0685643,1.0705303
mb-06067,train,2.3010302,2.2812269,1.94939,1.9140733
mb-01896,train,1.3617278,1.4176245,1.0413927,1.0642403
mb-00343,train,1.8388491,1.7742922,1.50515,1.452739
mb-02611,train,1.5185139,1.6062384,1.39794,1.4039389
mb-01475,train,1.819544,1.7959981,1.2552725,1.2440217
mb-05538,train,1.8061799,1.7571589,1.6720978,1.5883614
mb-10211,train,1.9867718,2.0700226,1.7075702,1.8038194
mb-10039,train,1.5797836,1.7113931,1.1139433,1.2928859
mb-10519,train,1.6334685,1.75048,1.146128,1.2717268
mb-04306,train,1.8808136,1.8605063,1.7160033,1.6715852
mb-03465,train,2.2455127,2.200017,1.6232493,1.4989882
mb-02977,train,1.8920946,1.9763424,1.447158,1.6065344
mb-06459,train,2.1398792,2.2217717,1.6627579,1.7469007
mb-03433,train,1.80618,1.9384513,1.4149734,1.410812
mb-08674,train,2.198657,2.294083,1.8692317,1.894021
mb-05685,train,2.357935,2.352438,1.8976271,1.9864956
af-359ed64889c7,train,1.4758818,1.4149661,1.1906006,1.0599849
af-29c48c41f22b,train,1.9150472,1.7943132,1.2678778,1.1581599
mb-10708,train,1.7781513,1.8931618,1.1139433,1.2801921
mb-06526,train,2.089905,2.1575198,1.770852,1.8027941
mb-04019,train,1.8692317,1.8462977,1.5314789,1.5665896
mb-06319,train,1.6334685,1.4990058,1.39794,1.3340423
mb-03128,train,2.155336,2.1124198,1.7323937,1.6533597
mb-08413,train,1.5185139,1.5088264,1.4149734,1.4335061
mb-05292,train,2.1172712,2.187573,1.748188,1.8163629
mb-05403,train,1.763428,1.7647079,1.3617278,1.4564582
mb-02333,train,1.6127839,1.5574756,1.4149734,1.2738392
mb-10166,train,2.2764618,2.3980117,2.09691,2.0974796
mb-07918,train,1.9344984,1.9839783,1.60206,1.5751932
mb-00975,train,1.90309,1.9402099,1.7075702,1.6658996
mb-05932,train,2.0374265,1.9380331,1.69897,1.5773401
mb-03422,train,1.9493899,2.0203876,1.2552725,1.4210589
mb-02441,train,2.1172712,2.0810251,1.5314789,1.6202595
mb-10826,train,2.133539,2.2235618,1.5682018,1.6724889
mb-01694,train,1.531479,1.5059866,1.4313638,1.437594
mb-10596,train,1.5910647,1.538189,1.1760913,1.1362842
mb-09371,train,1.5563025,1.1896363,1.5682018,1.2778554
mb-06792,train,0.60206,0.6091709,0.30103,0.361943
mb-01036,train,1.7323937,1.814369,1.30103,1.3772504
mb-07366,train,1.5185139,1.5641053,0.69897,0.81309867
mb-00014,train,1.8129134,1.838632,1.146128,1.2494938
mb-04630,train,1.7708521,2.1706285,1.5682018,1.7437297
mb-00906,train,2.2966652,2.2766109,2.045323,2.040254
mb-00354,train,1.30103,1.6938109,1.1760913,1.5268385
mb-02762,train,1.4149734,1.3468772,1.20412,1.1206572
mb-06553,train,1.863323,1.8281759,1.6127839,1.6060227
mb-10390,train,1.9590415,2.0400004,1.1760913,1.3240721
af-1752b7165198,train,1.9863238,1.7819284,1.1748793,1.151131
mb-00701,train,1.6720978,1.7139859,1.4771212,1.4651798
mb-06112,train,2.0530784,2.2289367,1.9395193,2.0576146
mb-09199,train,2.1903317,2.212964,1.447158,1.5044388
mb-07592,train,2.029384,2.0693796,1.9190781,1.8798449
mb-03396,train,1.8061799,1.8642364,1.7403626,1.7142677
mb-05169,train,2.2380462,2.2891252,2.0569048,2.098235
mb-04065,train,2.0934217,2.094394,1.8633229,1.8885595
mb-10388,train,1.8633227,1.809303,1.447158,1.397202
mb-08860,train,1.60206,1.5776255,1.2552725,1.1980196
mb-04026,train,1.8450981,1.8599504,1.5682018,1.601643
mb-04295,train,1.80618,1.8050005,1.5314789,1.6265126
mb-00087,train,1.6989701,1.5759004,1.39794,1.4048057
mb-05412,train,1.7075702,1.6558517,1.4313638,1.3508389
mb-09939,train,1.4149733,1.3677458,1.0791812,1.0396434
mb-01068,train,1.7558749,1.7286532,1.2552725,1.2593975
mb-05351,train,1.8260747,1.8003309,1.5797836,1.4807986
mb-01833,train,2.0211892,2.037463,1.6532125,1.6312603
mb-07162,train,2.1367207,2.113532,1.447158,1.4231333
mb-00039,train,1.8864907,1.8040855,1.690196,1.5559086
mb-02656,train,2.3692157,2.3037837,2.0791812,2.1017702
mb-10939,train,1.7993405,2.1410656,1.50515,1.5977682
mb-06861,train,1.6627579,1.7789831,1.20412,1.2916539
af-35d12ce9d979,train,0.97568727,0.9775722,0.64983314,0.66432387
mb-02339,train,1.2787536,1.1399542,1.0,0.95383775
mb-03047,train,2.2121875,2.1652465,1.8920946,1.8159826
mb-05649,train,1.7853298,1.7728093,1.2787536,1.2920314
mb-02999,train,1.60206,1.5866716,0.47712126,0.55191237
mb-02487,train,1.2552725,1.2920073,0.90309,0.9209654
mb-07334,train,2.3053513,2.3292344,1.8325089,1.9386157
mb-09821,train,2.064458,2.007585,1.6434526,1.535504
mb-01874,train,1.3617278,1.2873574,1.146128,1.0668031
mb-07034,train,1.5440681,1.5908318,1.3424227,1.3228213
mb-03094,train,2.1702619,2.1853957,1.90309,1.9226571
mb-06013,train,2.1303337,2.1870797,1.7403626,1.8668147
mb-02110,train,1.9493899,1.988788,1.7242758,1.7517302
af-fe8eeb1e2af8,train,1.5403996,1.697749,1.0386122,1.1507851
af-53c8683bd564,train,1.5955579,1.6319127,0.1816807,0.61161923
mb-00414,train,1.8388492,1.8774621,1.5682018,1.624063
mb-00828,train,1.9731278,1.9332889,1.690196,1.6385562
mb-02918,train,1.7160033,1.6351148,1.3617278,1.3451258
mb-10743,train,2.3159704,2.203199,1.7075702,1.8447962
af-6dc2e902a137,train,0.8522768,0.8675449,0.61143756,0.5765003
mb-00662,train,1.7993406,1.7702655,1.4313638,1.3974686
mb-04504,train,0.90309,0.8361845,0.60206,0.54317397
mb-09989,train,1.50515,1.5836655,1.1139433,1.2409531
mb-04006,train,1.6989701,1.7859586,1.0413927,1.1258104
mb-04043,train,1.770852,1.7652135,1.50515,1.4675055
af-7d6a2e6c7422,train,1.2791352,1.124973,0.21763395,0.20157695
mb-09586,train,1.6720978,1.69211,1.3222193,1.3376273
mb-01722,train,2.3961995,2.4168262,2.1875207,2.13815
mb-06073,train,1.80618,1.8152063,1.2552725,1.2996782
mb-07846,train,1.5797836,1.5460863,1.3617278,1.3529582
mb-05743,train,1.863323,1.8629534,1.4313638,1.4972725
mb-06181,train,2.3541086,2.3826551,1.9242793,1.9952766
mb-02239,train,1.7993405,1.8838714,1.7160033,1.7355282
mb-03535,train,1.7781513,1.7734836,1.5797836,1.5727226
mb-01485,train,2.130334,2.1626556,1.7558749,1.7722423
mb-03019,train,1.80618,1.8483629,1.60206,1.6220422
mb-03305,train,0.9542425,0.9782473,0.7781513,0.72020346
mb-02578,train,1.462398,1.3371336,1.230449,1.1733917
mb-02176,train,1.7993405,1.8874607,1.2552725,1.3162743
mb-03923,train,2.429752,2.401325,2.0863597,2.0506785
mb-08893,train,2.1238515,2.0639925,1.9956352,1.7612064
af-17d4f25a9a09,train,1.1308643,1.1831393,0.849385,0.9067987
mb-00456,train,1.94939,1.8296525,1.7558749,1.6470609
mb-00783,train,1.3222194,1.2259682,1.1760913,0.991592
mb-10909,train,2.3521824,2.4237268,1.9731278,2.0926342
mb-10158,train,1.6434526,1.6448961,1.3617278,1.3245332
mb-07946,train,2.5327544,2.5180533,2.269513,2.2545524
mb-10347,train,2.0413928,2.135468,1.80618,1.789938
mb-03595,train,2.029384,2.0436695,1.30103,1.3595638
mb-06351,train,2.2329962,2.2344434,1.5682018,1.5953003
mb-05106,train,2.071882,2.132315,1.748188,1.7218748
mb-04623,train,1.8325089,1.807745,1.2787536,1.2809451
mb-08128,train,1.5051501,1.5553832,1.2787536,1.3022099
mb-10165,train,1.8573325,1.9055179,1.4913617,1.6281168
mb-09843,train,2.075547,2.0747166,1.7242758,1.6543356
mb-07779,train,1.5910647,1.4569725,1.4313638,1.3095753
mb-00289,train,1.9084849,1.8076628,1.5910646,1.604279
af-aab32adb9597,train,1.4003341,1.465534,1.0485427,1.0732791
mb-02804,train,1.9444827,1.9426963,1.748188,1.7097573
mb-05698,train,1.7403626,1.8489678,1.146128,1.2427106
mb-01643,train,2.1789768,2.227309,2.049218,2.1202853
mb-05021,train,1.9190781,1.9171287,1.7403626,1.7191609
mb-09230,train,2.3283796,2.3547041,1.90309,1.9982206
mb-05281,train,1.9956353,1.9457512,1.146128,1.1160109
mb-00369,train,1.6334685,1.6327094,1.39794,1.4248297
mb-08620,train,2.0791812,1.9496036,1.6232493,1.4957477
mb-06983,train,1.9637878,1.9107074,1.80618,1.6686165
mb-06432,train,1.9138138,1.9605561,1.50515,1.6013563
mb-02181,train,1.8864908,1.8896155,1.6127839,1.687956
mb-05071,train,2.2405493,2.1496997,1.845098,1.6303525
mb-01192,train,2.243038,2.2423322,2.045323,1.9630886
mb-02202,train,1.8325089,1.8668779,1.5314789,1.5850341
af-a6f93590c6fb,train,1.470312,1.3290806,1.1488863,1.0352852
mb-09800,train,0.7781513,0.7552468,0.47712126,0.43364143
af-53122e2feb23,train,1.2806535,1.1618137,0.9023032,0.85022354
mb-07113,train,1.2787536,1.1833124,0.47712126,0.34150004
mb-08404,train,2.3521824,2.2997983,1.9590414,1.8590493
mb-00017,train,1.50515,1.4773619,1.146128,1.1525521
mb-07383,train,1.6627579,1.4832547,1.5440681,1.3894758
mb-04301,train,2.09691,2.1742387,1.9242793,1.928399
mb-10834,train,2.0211892,1.932192,1.60206,1.5282011
mb-10105,train,1.8388491,1.8756858,1.30103,1.314788
mb-05646,train,1.819544,1.8108789,0.90309,1.0099514
af-a92b58c15da8,train,1.4428355,1.2152439,1.149807,0.9236103
mb-03401,train,2.434569,2.3566263,2.1367207,2.0103905
af-d42040244c59,train,1.4445554,1.4001864,1.2751846,1.1378541
af-82e85d467374,train,1.3391194,1.2288442,0.99989706,0.94991785
mb-07118,train,2.3364596,2.2639496,1.7075702,1.8154833
mb-04582,train,1.3010299,1.2973614,1.1139433,1.1432732
mb-05304,train,2.3617277,2.3278375,1.9344984,1.9008927
mb-06458,train,1.5682018,1.7013329,1.230449,1.3693826
af-cc3810ae5c65,train,2.0344038,1.7375839,1.2264864,1.184724
mb-06179,train,2.2764618,2.270421,1.60206,1.6937919
mb-00111,train,1.8750613,1.9033632,1.462398,1.4634178
mb-06864,train,2.1238515,2.1217103,1.5910646,1.5426856
mb-10886,train,1.6434526,1.643558,1.230449,1.2226248
mb-06113,train,1.3424227,1.3735006,0.845098,0.87048405
mb-06336,train,1.763428,1.6856114,1.3424227,1.2899389
mb-03624,train,1.6532125,1.6461021,1.146128,1.1955554
mb-09690,train,2.243038,2.1229014,1.763428,1.6808727
af-460691dc51cf,train,0.85396814,0.8876605,0.51574934,0.5925301
mb-08960,train,2.120574,2.1439307,1.7993406,1.9009967
mb-03286,train,1.6434526,1.6091133,1.3222193,1.3335565
mb-09722,train,2.1522884,2.2110238,1.8808136,1.918169
mb-00884,train,1.9590414,1.9578581,1.690196,1.7022338
mb-05368,train,2.1731863,1.4822267,1.6232493,1.051242
mb-00272,train,1.4913617,1.5010548,1.20412,1.248929
mb-10069,train,1.748188,1.6343733,1.7242758,1.4268152
mb-10959,train,1.1139433,1.139198,0.845098,0.8478656
mb-03164,train,1.6627578,1.7233658,1.3222193,1.4682487
mb-00650,train,1.9637878,1.96677,1.6720978,1.6346437
af-4a8a1dc1af88,train,1.3570883,1.4640452,1.0777167,1.0697421
mb-05296,train,1.3010299,1.1819174,1.0413927,0.89019823
mb-10787,train,1.4471581,1.6895597,1.230449,1.4182916
mb-09054,train,1.9242793,1.650403,1.5440681,1.3365381
mb-03841,train,2.133539,2.183612,1.690196,1.7032628
mb-09231,train,1.7323937,1.774024,1.3222193,1.3517537
mb-09158,train,1.770852,1.8131683,1.770852,1.6102655
af-10ee17b38b9b,train,1.5244131,1.4004705,1.171513,1.0922697
mb-09046,train,0.7781513,0.66774005,0.47712126,0.4115764
mb-09965,train,2.1430147,2.1615312,1.8129133,1.8455827
mb-03406,train,2.365488,2.3978612,1.8512584,2.0369105
mb-06567,train,2.363612,2.3074164,1.9956352,1.8780439
mb-03201,train,1.8450981,1.9189414,1.6334685,1.6962168
mb-02337,train,2.1875207,2.2231438,1.7403626,1.8197552
mb-07075,train,2.130334,2.1583238,1.3802112,1.3240906
af-8fd3a834512e,train,1.4332848,1.2882391,1.2459418,1.050638
af-305466170501,train,1.5872068,1.5766876,1.199319,1.1799815
mb-01358,train,2.0253057,2.0951877,1.9138138,1.8362696
mb-01817,train,2.2355285,2.2311602,1.9344984,1.9187181
af-b32b592a2fab,train,1.8875082,1.8381052,1.0146046,1.1172336
mb-01426,train,2.161368,2.2674282,1.9637878,2.031028
mb-00084,train,1.20412,1.2463539,0.9542425,1.0180094
mb-07801,train,1.4313638,1.2087988,1.30103,0.95389754
mb-04064,train,1.6720979,1.6450645,1.5682018,1.4761882
mb-02212,train,2.2552724,2.2249985,1.690196,1.6652151
mb-05066,train,2.292256,2.3322854,1.8692317,1.8499644
mb-02639,train,2.2671716,2.2146668,2.0043213,1.8723269
mb-09995,train,2.230449,2.1133072,1.3617278,1.3267004
mb-08182,train,2.1875207,2.2688618,1.8388491,1.9162884
mb-05807,train,2.3201463,2.3809812,1.9344984,2.0278554
mb-00938,train,1.5682018,1.4842469,1.3424227,1.4059385
mb-04660,train,0.69897,0.71897435,0.30103,0.39634466
mb-04607,train,0.60206,0.5645399,0.30103,0.28524005
mb-09388,train,1.6627579,1.5463895,0.90309,0.66677904
mb-08200,train,1.6434528,1.5937201,1.20412,1.264714
mb-05678,train,1.748188,1.7578009,1.3424227,1.337662
mb-03569,train,1.6989701,1.7113721,1.462398,1.4548687
mb-05942,train,2.0086002,2.0539575,1.0413927,1.1791655
mb-00194,train,1.8692317,1.8300381,1.4771212,1.3837507
af-32900c9d0831,train,1.855553,1.7340927,1.1162722,0.9746794
mb-02664,train,1.8976271,1.9553397,1.7323937,1.7175198
mb-08014,train,1.6812413,1.6832578,1.3617278,1.3698295
mb-03518,train,1.5185139,1.5551136,1.3424227,1.3898492
mb-04329,train,2.1367207,2.1515918,1.908485,1.8958063
mb-00591,train,1.230449,1.1396368,0.845098,0.7818399
mb-06415,train,2.3283796,2.3563683,1.94939,2.0009484
mb-06200,train,2.1522884,2.1359997,1.7323937,1.6753165
mb-02691,train,1.5440681,1.6712449,1.4149734,1.4190342
mb-01503,train,1.6720979,1.6150283,1.4149734,1.3918887
mb-04919,train,2.1760912,2.1589973,2.09691,2.054967
mb-05587,train,2.0530784,2.0152528,1.8573325,1.8121713
mb-09148,train,2.217484,2.2270827,1.7923917,1.7532147
mb-05041,train,1.968483,1.9100094,1.3802112,1.3683621
mb-06741,train,2.2855573,2.4089572,1.819544,2.1313353
mb-06921,train,2.357935,2.4274693,2.09691,2.1502204
mb-03424,train,2.307496,2.411955,1.9822712,2.0637126
mb-02636,train,2.2810335,2.3074093,1.908485,1.9329674
mb-07302,train,2.0453231,2.1159163,1.5682018,1.6315497
mb-08360,train,1.8450981,1.8149557,1.462398,1.6174455
mb-07839,train,1.8920946,1.9573561,1.6127839,1.7571906
mb-00177,train,1.5440681,1.5869455,1.3802112,1.4629037
mb-10268,train,1.9242792,1.8636281,1.447158,1.4867356
mb-07235,train,2.0128372,2.1017766,1.8260748,1.8528175
mb-00070,train,1.0791812,1.4693723,0.845098,1.0782536
mb-10700,train,1.5797836,1.7246583,1.1139433,1.2053326
mb-01131,train,1.4913617,1.5240598,1.0413927,1.0779529
mb-04668,train,1.8450981,2.04471,1.462398,1.6401186
mb-03408,train,1.94939,2.0561125,1.6127839,1.6904439
mb-05635,train,2.1731863,2.2435603,2.0,1.9752579
mb-10506,train,2.0043213,1.9876912,1.5563025,1.5879248
mb-02039,train,1.3617278,1.1741148,1.1139433,0.975799
mb-01781,train,2.0,2.0561604,1.80618,1.854526
mb-05584,train,1.6989701,1.7140498,1.5440681,1.5508496
mb-05465,train,2.2405493,2.2470558,1.8808136,1.9677888
af-8f493eb9dacb,train,1.0354297,1.0143213,0.7385372,0.65578234
mb-00310,train,1.6334685,1.6515511,1.4913617,1.4811735
mb-03149,train,0.90309,1.0138147,0.69897,0.78185564
mb-09383,train,2.4983106,2.515202,2.2764618,2.2695055
mb-07690,train,1.230449,1.1828206,0.845098,0.8289656
mb-08574,train,2.045323,2.0598824,1.8692317,1.9082797
mb-06572,train,2.2787538,2.3657396,1.8976271,1.9886109
mb-04166,train,1.3424227,1.3658988,0.9542425,0.97943026
af-2d7ebd551d6c,train,1.7399235,1.7588599,1.1441599,1.1296809
mb-04643,train,2.3283796,2.2832227,1.8325089,1.7262859
mb-04610,train,1.9084849,1.9042974,1.5314789,1.4940652
mb-09826,train,1.929419,1.9116075,1.4313638,1.3978622
mb-02753,train,1.5682017,1.5192794,1.5314789,1.436142
mb-02521,train,1.8512584,1.7819731,1.6812413,1.6142093
mb-01315,train,1.9395192,1.9126794,1.5797836,1.5865216
mb-07452,train,1.7781513,1.7631572,1.30103,1.3438896
mb-03455,train,2.2741578,2.2520108,2.0374265,2.0030267
mb-07914,train,2.075547,1.9738711,1.5563025,1.5233214
mb-08615,train,1.6720978,1.7210264,1.5185139,1.5206755
mb-09781,train,2.1583626,2.2095728,1.5440681,1.7426112
mb-08532,train,1.5563025,1.5882553,1.3617278,1.3592
af-3a531e5b3aa9,train,1.3204932,1.485741,1.0965486,1.1872294
mb-08617,train,2.133539,2.1626058,1.8808136,1.9196336
mb-01339,train,1.6434526,1.560924,1.4149734,1.3384411
mb-09846,train,1.6720979,1.8216953,1.5682018,1.5802178
mb-07463,train,1.8573325,1.9787583,1.5910646,1.6540649
mb-10177,train,1.9190781,1.9908326,1.4913617,1.5935366
mb-04136,train,2.1038036,2.1489623,1.8750613,1.8613349
mb-08292,train,1.8692317,2.0393486,1.1139433,1.2078894
mb-10305,train,2.2479732,2.2375798,1.9190781,1.8846264
mb-10306,train,2.10721,2.1936476,2.0934217,2.1224658
mb-10421,train,2.164353,2.1952908,1.7323937,1.8043574
mb-07188,train,2.075547,2.0836349,1.968483,2.00848
mb-05155,train,1.7323937,1.6557057,1.3222193,1.2994924
mb-09863,train,2.0827854,2.2673492,1.69897,1.9252436
mb-07182,train,2.1760912,2.2396312,1.8633229,1.863952
mb-05215,train,1.8195438,1.8263513,1.5797836,1.6313686
mb-05502,train,1.9777236,1.888484,1.6812413,1.6374316
af-a2d550bade29,train,1.4746183,1.4877182,1.033886,1.20962
mb-00059,train,1.8129134,1.6908059,1.5563025,1.456196
mb-03590,train,1.9190781,1.9089957,1.6812413,1.6844234
mb-02296,train,2.075547,2.0759826,1.9344984,1.9377297
mb-04439,train,1.8325089,1.7234948,1.6532125,1.5638548
mb-02776,train,0.90309,1.1025746,0.7781513,0.9087185
mb-06888,train,2.2329962,2.2115135,2.0086002,1.8964101
af-b5b4139aae6f,train,1.4321256,1.3524649,1.2474675,1.07734
mb-06110,train,2.2810333,2.4118378,1.9542425,2.0497386
mb-07484,train,2.4533184,2.481023,2.0606978,2.145292
mb-04216,train,1.7403626,1.8916026,1.6232493,1.6962749
mb-08675,train,2.1139433,2.2004905,1.763428,1.823555
mb-08866,train,1.8864907,2.268187,1.9867717,2.1869829
mb-07256,train,2.1139433,2.1640508,1.30103,1.3949541
af-39fbb25ad81e,train,1.6931357,1.6183963,1.2914999,1.2349317
mb-04681,train,1.5185139,1.5139425,1.1139433,1.109231
af-6f4dc5d55781,train,1.306783,1.35149,1.1358542,1.0608419
mb-04591,train,1.0413927,1.1311009,0.7781513,0.7943636
mb-05148,train,2.3222194,2.3296103,1.9344984,1.9704969
mb-05866,train,2.2528532,2.3377612,1.9395193,2.0012748
af-bf14b169c784,train,1.7490063,1.7974093,0.9801748,1.1451585
mb-06685,train,1.5440681,1.5999552,1.2787536,1.295922
mb-08158,train,1.7075701,1.6441731,1.5314789,1.4139205
mb-10436,train,2.4871383,2.4588814,2.3096302,2.2023168
mb-07682,train,1.361728,1.2710506,1.20412,1.0952061
mb-00680,train,1.8388491,1.8199072,1.3617278,1.3683034
mb-08809,train,1.3222194,1.4016825,1.20412,1.2083757
mb-04586,train,1.30103,1.3016305,0.90309,0.9853562
af-51c861f8d5f2,train,1.5398937,1.6613216,1.0633109,1.1720246
mb-08317,train,2.0863597,2.0409636,1.7403626,1.7444508
mb-08604,train,1.5797836,1.5943291,1.3802112,1.3751591
mb-03688,train,2.3222191,2.2439396,2.149219,2.0298798
mb-05434,train,2.075547,2.0899916,1.8976271,1.8493028
mb-05143,train,2.1903317,2.2766376,2.0606978,2.037776
mb-01445,train,1.863323,1.8879529,1.3424227,1.3413309
mb-02893,train,2.2355285,2.0667005,1.8976271,1.8273588
mb-10884,train,2.61066,2.5006568,2.363612,2.2520003
mb-09090,train,1.8573325,1.7831656,1.60206,1.5195837
mb-10521,train,2.2253094,2.220218,2.0374265,1.9905711
mb-07309,train,1.8692317,1.8740947,1.6720978,1.6272228
mb-05332,train,2.1522884,2.1563828,1.7323937,1.7716625
af-39585e426a7f,train,1.6149447,1.5893477,1.2246289,1.1169527
mb-01193,train,2.075547,2.112104,1.7993406,1.9032108
mb-10707,train,2.1731863,2.0378551,1.7403626,1.632027
mb-08733,train,1.8573325,1.8740988,1.6812413,1.7042303
mb-07242,train,2.1583624,2.1836812,1.8573325,1.8501155
mb-00570,train,1.8195438,1.6914269,1.5797836,1.4499291
mb-03574,train,1.7558749,1.7858576,1.4313638,1.4613503
mb-08065,train,2.2121875,2.2055674,1.770852,1.8377097
mb-01934,train,2.0211892,2.055914,1.80618,1.7966206
mb-02304,train,1.0,1.0366037,0.47712126,0.52557427
mb-02102,train,2.269513,2.300996,1.9590414,1.9604926
mb-07677,train,2.146128,2.127734,1.5797836,1.603004
mb-06724,train,1.8750613,1.8694363,1.1139433,1.0861175
mb-04438,train,2.3747482,2.3947194,2.0863597,2.0372016
mb-03110,train,2.178977,2.3033829,1.9777236,2.0131862
mb-09027,train,1.0413927,1.0359104,0.69897,0.7700439
mb-10788,train,2.2552724,2.3344357,1.8388491,1.986426
mb-00912,train,1.8573325,1.8588922,1.7242758,1.6726602
mb-07688,train,2.5453072,2.5265675,2.2741578,2.2645953
mb-04561,train,2.0043213,1.8631129,1.39794,1.3547089
mb-00904,train,2.1731863,2.2060015,1.9242793,1.8946213
mb-02750,train,1.39794,1.3651438,1.146128,1.0846138
mb-10334,train,1.8573325,1.8033352,1.5185139,1.4987514
mb-02623,train,1.9912261,2.065971,1.3617278,1.3676001
mb-08225,train,1.9344985,2.0198894,1.6532125,1.6296972
mb-02045,train,2.463893,2.4385543,2.1583624,2.0981848
mb-07740,train,2.1673174,2.1189685,1.690196,1.7019544
mb-01992,train,1.7558749,1.8740841,1.462398,1.586689
af-c8acdbf66750,train,0.9437482,1.2140586,0.8742411,0.95063686
mb-09919,train,1.748188,1.7946507,1.5910646,1.6200306
mb-10023,train,1.7993406,1.8341265,1.20412,1.23293
mb-01188,train,2.209515,2.2036324,1.908485,1.908648
mb-05813,train,2.3304138,2.4141417,1.9444827,2.0665684
mb-03861,train,2.4014006,2.4069314,1.8808136,2.050603
mb-04401,train,2.3443923,2.3498144,1.9777236,2.0185504
mb-08728,train,2.2552726,2.2677226,1.7993406,1.9432254
mb-04229,train,2.20412,2.2596264,1.8920946,1.9326528
mb-00465,train,2.25042,2.2643547,1.8976271,1.8627108
mb-08488,train,2.1139433,2.1969953,1.7853298,1.8913858
mb-02807,train,2.198657,2.2459164,1.9444827,1.9313886
mb-00397,train,1.5910646,1.6560799,1.3617278,1.4844874
mb-10332,train,1.8864907,1.8278346,1.5314789,1.4085615
mb-04870,train,1.7403626,1.6442239,1.60206,1.5431548
mb-09319,train,1.6232493,1.6416421,1.50515,1.449919
mb-06347,train,1.80618,1.7405069,1.2552725,1.2076039
mb-07223,train,1.7558749,1.7363589,1.3424227,1.2902654
mb-02913,train,1.9867717,1.8479123,1.60206,1.5587637
mb-07936,train,1.8388491,1.8149697,1.5185139,1.5044476
mb-05677,train,2.3802114,2.3800263,2.09691,2.0311356
mb-10360,train,1.6627579,1.8027382,1.4313638,1.5158979
mb-08368,train,2.3856063,2.3635614,2.0791812,2.0359051
mb-06696,train,2.1818438,2.2619328,1.8260748,1.9019314
mb-04540,train,1.9242792,1.8370043,1.6720978,1.5493014
mb-10544,train,2.0681858,2.2544196,1.690196,1.9289353
mb-09648,train,1.5314789,1.653281,0.7781513,0.9318966
mb-09768,train,2.5010593,2.4789343,2.2624512,2.202989
mb-10918,train,2.120574,2.1887767,1.8512584,1.9017997
mb-10948,train,1.7708521,1.6968426,1.4149734,1.3678784
mb-01621,train,1.748188,1.6907768,1.2552725,1.3297063
mb-10983,train,1.724276,1.7180028,1.4313638,1.4452745
mb-00304,train,2.1238515,2.1020126,1.8129133,1.8189081
mb-08878,train,1.6127839,1.6216266,1.3424227,1.4014066
af-5467a769dad8,train,1.0076538,1.0196877,0.8381366,0.7706224
mb-02076,train,1.9822712,1.9523032,1.3802112,1.4011668
mb-01108,train,1.0,1.0290067,0.7781513,0.78909326
mb-05205,train,1.7075702,1.5501647,1.5563025,1.5488651
mb-05728,train,1.7781513,1.7957819,1.2552725,1.2514055
mb-09246,train,2.0863597,2.2009852,1.6720978,1.819899
mb-01991,train,2.133539,2.1497211,1.6627579,1.7085499
mb-10478,train,1.5314789,1.5060562,1.3802112,1.3709396
mb-02449,train,2.3242824,2.3117359,1.8808136,1.8711281
mb-06884,train,1.60206,1.7878168,1.5797836,1.603207
mb-00399,train,1.3617278,1.2811567,1.146128,1.1159141
mb-03770,train,1.3802114,1.3551774,1.1760913,1.1412473
mb-06127,train,2.1760912,2.1974578,1.5682018,1.5938314
mb-00102,train,1.8388491,1.8671803,1.3617278,1.4139289
mb-07957,train,1.5314789,1.595279,1.0413927,1.1336166
mb-03209,train,2.033424,1.9309947,1.5440681,1.4418098
mb-01698,train,1.7075702,1.8052554,1.230449,1.3890089
mb-10637,train,1.6532125,1.7668581,1.4149734,1.5264872
mb-02770,train,1.50515,1.4936292,1.1139433,1.0815642
mb-07163,train,1.2787536,1.2615937,1.0,0.90188134
mb-01261,train,2.2479732,2.2822356,2.0827854,2.021212
mb-00435,train,1.69897,1.6949123,1.4771212,1.3988452
af-0d91f21f39bd,train,1.6887162,1.5823965,1.185392,1.1598588
mb-03649,train,2.3283796,2.2141652,1.763428,1.7624469
mb-09464,train,1.8325089,1.7789772,1.39794,1.3945441
mb-02323,train,1.8750613,1.8770283,1.5185139,1.5420017
mb-05961,train,1.7160033,1.6808705,1.3802112,1.3381506
mb-00430,train,2.0492182,2.0248446,1.6627579,1.6235774
mb-00455,train,1.9138138,1.8700451,1.7323937,1.6818473
mb-06805,train,2.3802114,2.2460709,2.09691,2.0396895
mb-01614,train,2.307496,2.3294775,2.0374265,2.007679
mb-05069,train,1.4313638,1.49737,0.845098,0.8831972
mb-00766,train,2.0899053,2.0159411,1.6532125,1.5377222
mb-03809,train,2.1958997,2.2763226,1.9190781,1.9676342
af-94289761b4a9,train,1.5682017,1.5946281,1.2022921,1.1768963
mb-09927,train,2.1105897,2.1051211,1.8808136,1.8462673
mb-09205,train,1.7075702,1.7870238,1.2552725,1.2783008
mb-06087,train,2.0569048,2.1050158,1.6532125,1.6504923
mb-10100,train,2.5751877,2.53257,2.2121875,2.2626088
mb-05683,train,2.2121878,2.2290692,1.3424227,1.3586161
mb-06152,train,2.2810333,2.3325644,1.845098,1.849257
mb-05846,train,2.1875207,2.2520103,1.7923917,1.8997005
mb-02550,train,2.1238515,2.2002125,2.139879,2.1282127
mb-09972,train,1.8573325,1.8209833,1.2787536,1.2346468
mb-00730,train,1.845098,1.8565506,1.6232493,1.5925682
mb-04195,train,1.968483,2.0112052,1.7993406,1.7685416
mb-05641,train,2.0934217,2.0734262,1.50515,1.4676487
mb-01366,train,1.7923918,1.6733645,1.5440681,1.4497182
mb-01226,train,2.3180633,2.4311547,1.9822712,2.1195998
mb-00623,train,1.7708521,1.6396863,1.5440681,1.4018841
mb-03309,train,2.3944516,2.4281156,2.1271048,2.0891933
mb-05825,train,2.2148438,2.2782593,1.690196,1.8316386
mb-06972,train,2.0569048,2.0498617,1.8633229,1.8201324
af-1af1c04034d0,train,1.5698946,1.5740154,1.1159399,1.1683897
mb-08973,train,2.1522884,2.2192543,1.9637878,1.9445802
mb-03924,train,2.0791812,2.114382,1.7923917,1.8496461
mb-10459,train,1.5440681,1.5807894,1.0,1.0578768
mb-06301,train,1.9590415,2.0547981,1.4313638,1.4858172
af-333b7c39a000,train,1.2988532,1.5271449,0.9569652,1.131118
mb-09189,train,2.0681858,2.0379174,1.4913617,1.5568435
mb-02513,train,1.7853298,1.7296413,1.3424227,1.3589363
mb-09353,train,1.9542425,2.0820112,1.8573325,1.892193
mb-06702,train,1.7558749,1.7256004,1.0791812,1.1034553
mb-03189,train,1.819544,1.8134806,1.4313638,1.426496
mb-02583,train,1.5440681,1.6917763,1.2787536,1.5096557
mb-06749,train,1.9867717,2.1336677,1.7403626,1.8541331
mb-01014,train,1.8750613,1.9152973,1.80618,1.7453598
mb-02281,train,1.748188,1.853768,1.3617278,1.4541646
mb-06968,train,1.8920946,1.7347441,1.447158,1.3025284
mb-01676,train,2.3521824,2.366762,1.9822712,2.0331616
mb-09122,train,1.0413927,1.3226432,1.3617278,1.1000376
mb-06608,train,2.0569048,2.1613185,1.690196,1.7250298
mb-04365,train,2.7101173,1.8662652,1.6127839,1.4679986
mb-08747,train,1.763428,1.684653,1.5185139,1.5180022
mb-05467,train,1.9822712,1.9783434,1.7403626,1.7476097
mb-08745,train,2.1238518,2.2013638,1.7781513,1.8256495
af-a30bbe2831fa,train,1.6465125,1.6284039,0.68809485,1.1023493
mb-08178,train,1.7923918,1.8233986,1.462398,1.4989396
mb-01480,train,2.1398792,2.1992033,1.8512584,1.9819742
mb-08525,train,2.1613681,2.1222079,1.9395193,1.918347
mb-07644,train,1.9822712,1.8992081,1.4771212,1.4340265
mb-03904,train,1.9444827,1.9855851,1.80618,1.7903053
mb-08305,train,1.7323937,1.8039267,1.5910646,1.5593531
mb-08913,train,1.8325088,1.8255377,1.447158,1.4593652
mb-04368,train,1.5563024,1.4339116,1.0791812,1.1147066
af-ee0d6c769a48,train,1.1123972,1.295544,0.6774399,0.9617313
mb-08272,train,2.4065402,2.5086763,2.2013972,2.2376914
mb-00866,train,1.7853298,1.6663624,1.5797836,1.3356473
mb-05768,train,1.9395193,1.9788239,1.30103,1.3765353
mb-04665,train,0.90309,0.8973248,0.60206,0.62677926
mb-09482,train,2.3838153,2.334298,2.0827854,2.0344183
mb-05163,train,2.2810333,2.2901561,1.8325089,1.8645384
mb-05871,train,2.423246,2.4130745,2.0606978,2.0580957
af-72c858b8c990,train,1.3454522,1.3761755,1.1154208,1.0328714
mb-07262,train,1.80618,1.8445158,1.39794,1.4954942
mb-04902,train,1.7558749,1.7573913,1.1139433,1.0863405
mb-03773,train,1.6020601,1.5550518,1.1760913,1.0592449
mb-01711,train,1.6720979,1.7124093,1.3617278,1.3879431
mb-10804,train,1.7075702,1.6774068,1.39794,1.430883
mb-05360,train,1.5910647,1.6397433,1.4149734,1.3854803
mb-09533,train,2.08636,2.172467,1.7075702,1.7708445
mb-03352,train,1.9731278,1.8332956,1.462398,1.464481
mb-10759,train,2.209515,2.156869,1.7323937,1.783458
mb-09776,train,1.6627579,1.6552851,1.1760913,1.1978958
mb-02249,train,2.045323,2.0908961,1.8808136,1.8752627
mb-10524,train,2.571709,2.2757168,2.5831988,2.1846142
mb-10574,train,1.94939,2.1092124,2.0086002,1.884417
mb-03316,train,1.748188,1.8337303,1.20412,1.2944727
mb-10564,train,1.6334684,1.7148051,1.4771212,1.5544617
af-bd20e4241ed4,train,1.1124575,1.0713181,0.87724173,0.8174637
mb-09316,train,1.8573325,1.9377191,0.90309,0.8911116
af-9e14958ed53b,train,1.5390184,1.6094141,1.2988378,1.187697
mb-07760,train,2.269513,2.261114,2.0043213,1.9914095
mb-02544,train,1.9731278,1.85988,1.5682018,1.4533522
mb-05030,train,2.143015,2.1677408,1.9294189,1.9768788
mb-10168,train,2.3617277,2.4575987,2.0128372,2.172838
mb-05516,train,2.3283796,2.334715,2.0211892,1.9061376
mb-06448,train,1.6532125,1.6892219,1.4313638,1.4071306
mb-09752,train,2.0043216,1.967046,1.462398,1.4224017
mb-01223,train,1.8692317,1.8389201,1.690196,1.6468092
mb-00496,train,2.1673174,2.2070863,1.80618,1.8589996
mb-00759,train,1.9731278,2.0255325,1.748188,1.8006843
mb-06942,train,2.1303337,2.0631034,1.763428,1.7027944
mb-02926,train,1.7853298,1.8700323,1.5797836,1.5942819
mb-02509,train,2.1003706,2.0701,1.6127839,1.5177
mb-06831,train,1.748188,1.7634284,1.2552725,1.2905005
mb-02248,train,1.80618,1.6985903,1.5314789,1.4102377
mb-03494,train,1.5797837,1.5303377,1.39794,1.3278275
af-f7933008a130,train,1.4157144,1.7139349,0.8738052,1.1326258
mb-05505,train,1.8260747,1.7541486,1.69897,1.5879433
mb-03006,train,2.25042,2.1305861,1.908485,1.7573495
mb-09001,train,2.3344536,2.3599484,2.1038036,2.045342
mb-07935,train,2.0413926,2.1582732,1.763428,1.7144678
mb-06419,train,1.3424227,1.3742046,1.2787536,1.2931869
mb-06393,train,2.25042,2.3501205,1.8976271,1.9641536
mb-09343,train,2.283301,2.295553,2.1238515,2.2233813
mb-04466,train,2.0934217,2.0928545,1.4771212,1.4514674
mb-02943,train,1.7075701,1.7211462,1.1139433,1.1701139
mb-02818,train,2.1139433,2.0572262,1.7403626,1.705108
mb-08631,train,2.252853,2.2514472,1.9294189,1.9038427
mb-07495,train,1.6232493,1.6334386,1.3222193,1.3465656
mb-06671,train,1.4313638,1.3026197,1.30103,1.1568894
mb-05019,train,2.133539,2.1506648,1.6434526,1.5767493
mb-00129,train,2.2787535,2.2481616,1.9956352,1.9738386
mb-06206,train,2.033424,2.1537755,1.1760913,1.2499319
mb-10290,train,2.0293837,1.9907849,1.5314789,1.5477265
af-eceefbe0f5d0,train,1.4682646,1.2982796,1.2637142,1.0297633
mb-05920,train,1.770852,1.9107314,1.447158,1.6053212
mb-05563,train,2.220108,2.158091,1.763428,1.701157
mb-00834,train,1.8388491,1.873752,1.4149734,1.4981256
mb-01505,train,2.3873897,2.346173,2.0681858,1.9835407
mb-02406,train,2.382017,2.329143,2.0791812,2.0219088
af-125e84c1acf6,train,1.5194039,1.4305348,1.2204454,1.1065884
af-a7b9a122dec4,train,1.5320456,1.7714655,0.99412614,1.1369758
af-cf40cb0bd363,train,1.1769388,1.2619596,0.8581304,0.97171074
mb-06952,train,1.3010299,1.3303401,0.845098,0.9193009
af-c6d52ea37eb9,train,1.3179464,1.5572474,0.90024036,1.1627254
mb-00230,train,2.0606978,2.2587936,1.763428,1.9411914
mb-08049,train,2.0086002,2.0549164,1.6627579,1.7406161
mb-09679,train,1.146128,1.0196593,1.146128,1.1785765
mb-01728,train,1.7634281,1.7379153,1.5440681,1.5695394
mb-04947,train,2.1398792,2.1728804,1.8512584,1.8579987
mb-03942,train,2.2600715,2.1970317,1.8976271,1.9304053
mb-04589,train,1.8920946,1.8578012,1.5797836,1.6152885
af-8437382e018f,train,1.4404731,1.257597,1.2070497,0.9674235
mb-01233,train,1.3802112,1.4425368,1.0413927,1.079824
mb-00858,train,1.9777236,1.9592259,1.7403626,1.7079793
mb-05309,train,2.0043213,2.0631523,1.770852,1.8189708
mb-03578,train,2.2900348,2.2243881,1.7075702,1.6865382
mb-00836,train,1.3222193,1.2051246,0.845098,0.8041109
mb-03821,train,1.8864908,1.8811953,1.6812413,1.6626413
mb-04745,train,2.0086002,1.9930921,1.690196,1.6354511
mb-07520,train,1.7993406,1.7456988,1.5440681,1.4049762
mb-07624,train,2.0,2.123756,1.748188,1.8164226
mb-08689,train,1.1139433,1.131233,1.0,0.9989454
mb-06308,train,2.033424,2.0488656,1.6627579,1.5081972
mb-02873,train,2.3324385,2.4218957,2.1105897,2.1616619
mb-01118,train,1.4149734,1.3679688,1.1139433,1.0859104
mb-05461,train,1.8573326,1.8967966,1.6627579,1.7058268
mb-04369,train,2.4329693,2.4222553,2.10721,2.1126266
mb-07492,train,2.0170333,2.0132897,1.8573325,1.8849056
mb-00176,train,2.232996,2.200907,2.09691,2.0620413
mb-00247,train,1.6812413,1.6610787,1.4913617,1.3944011
mb-06951,train,2.4361627,2.3868568,2.0934217,2.026136
mb-08037,train,2.209515,2.2069678,1.90309,1.9122225
mb-06836,train,1.748188,1.7508097,1.447158,1.4273722
mb-01748,train,2.2121875,2.36348,2.0043213,2.0454757
mb-01149,train,0.0,-0.081652045,0.0,-0.014280438
mb-05228,train,1.8512583,1.9384983,1.4771212,1.6181399
mb-00057,train,2.198657,2.1669066,2.0,1.9502455
mb-05040,train,1.6532125,1.7894405,1.7923917,1.7315004
mb-06291,train,2.149219,2.2085235,1.80618,1.8298883
mb-01891,train,1.724276,1.7869112,1.5563025,1.5111467
mb-03984,train,2.0086002,2.022428,1.4771212,1.5523089
mb-02709,train,2.0,1.9146247,1.5563025,1.4464725
mb-00893,train,2.2148438,2.2570188,2.10721,2.1200435
mb-09153,train,2.075547,2.1648571,1.9731278,2.084445
mb-02272,train,2.2227163,2.243229,1.7853298,1.8438333
mb-04937,train,2.0530784,2.0982785,1.8512584,1.8838191
mb-05488,train,1.3424227,1.1648889,1.1760913,0.96131724
mb-00075,train,2.1731863,2.1529887,2.0211892,1.979055
mb-04903,train,1.9395193,1.8359386,1.7323937,1.6503412
af-d532e7962de6,train,1.0722462,1.2905166,1.010372,1.0067579
mb-00209,train,1.4149734,1.3834754,1.2552725,1.3102102
mb-03285,train,1.7853298,1.7726042,1.5797836,1.5976639
mb-05545,train,2.4065404,2.4810011,2.143015,2.1502388
mb-01864,train,2.3364596,2.3131073,1.8260748,1.8328899
mb-05859,train,2.1105897,2.1749232,1.6232493,1.6579175
mb-01093,train,1.690196,1.9451113,1.5314789,1.0619298
mb-03046,train,2.220108,2.1577926,1.8976271,1.8319359
mb-05082,train,2.3324385,2.3304827,2.0253057,2.0397878
mb-02919,train,2.1461282,2.1373143,1.6532125,1.7108059
mb-00393,train,1.8573325,1.8862151,1.69897,1.7460718
mb-02270,train,2.1875207,2.2224722,1.8864907,1.9496777
mb-05990,train,1.9637879,1.9789298,1.6334685,1.5420535
mb-10885,train,2.5740314,2.4589474,2.178977,2.1625557
mb-00683,train,2.1003706,2.107608,1.6532125,1.6417335
mb-02438,train,1.913814,2.1405084,1.7993406,2.015209
mb-07317,train,1.6627579,1.8097045,1.230449,1.3210385
mb-03772,train,1.7160034,1.5568368,1.4913617,1.3116773
mb-05694,train,1.5185139,1.5309381,1.230449,1.2720568
mb-06191,train,1.7075702,1.7517142,1.4913617,1.5063943
mb-08852,train,0.60206,0.5601296,0.30103,0.35666978
mb-00447,train,2.3783977,2.4298093,2.146128,2.1828227
mb-02374,train,1.7323937,1.7320246,1.230449,1.2708039
mb-10666,train,2.340444,2.4113677,1.9242793,2.0444129
mb-09219,train,2.1818435,2.2203283,1.7558749,1.7888321
mb-10366,train,2.2148438,2.198584,2.0863597,1.8938663
mb-08696,train,2.0253057,2.144014,1.8388491,1.963034
mb-09255,train,1.9590414,2.048088,1.5314789,1.6456966
mb-00957,train,1.146128,0.9160751,0.90309,0.7029016
mb-05077,train,1.7853298,1.8841692,1.0,1.1383748
mb-09551,train,2.2787538,2.3135748,2.178977,2.1710553
mb-00214,train,1.6127838,1.6231273,1.3222193,1.3439155
mb-03982,train,1.770852,1.8595443,1.3222193,1.342983
mb-06258,train,2.0791812,2.162741,1.7403626,1.7888964
mb-05581,train,1.7993405,1.876471,1.50515,1.6013173
mb-07969,train,1.8573325,1.9302517,1.60206,1.6664146
af-880d42da8606,train,1.8019693,1.6832085,1.2781475,1.1377573
mb-10831,train,2.133539,2.2859561,2.0374265,2.2152276
mb-09117,train,1.4913617,1.1849934,1.2552725,0.99329215
mb-06826,train,2.2504199,2.3170376,2.0681858,2.1507869
mb-10830,train,1.230449,1.722074,1.3424227,1.5648068
mb-06005,train,1.9867717,1.9773326,1.5797836,1.6056359
mb-10134,train,1.4913617,1.5871539,1.0413927,1.1824595
mb-07836,train,1.69897,1.7040614,1.3617278,1.4308114
af-9e7d5ff7423c,train,1.1077762,1.34974,0.8701545,0.9203694
mb-01794,train,1.6532125,1.5391958,1.20412,1.1682626
mb-10811,train,1.4471581,1.5905281,1.1760913,1.2987437
af-0f62b7e9b927,train,1.0511525,1.113807,0.8005741,0.8091091
mb-03473,train,1.8388491,1.8374565,1.7323937,1.6279476
mb-10094,train,1.30103,1.3098136,0.90309,1.0126412
mb-03873,train,2.252853,2.2278905,1.9912261,1.9712622
af-eec09c1ed737,train,1.5648637,1.3533608,1.2473816,0.98840874
mb-01697,train,2.161368,2.1412847,1.763428,1.7405095
mb-10728,train,1.8195438,1.9411604,1.6434526,1.685925
mb-02843,train,1.7558749,1.6571157,1.3617278,1.3333969
mb-00907,train,2.146128,2.248931,1.770852,1.8817348
mb-09563,train,1.4771212,1.6460918,1.3222193,1.4357527
mb-08897,train,1.5440681,1.5297372,1.2552725,1.285109
mb-04962,train,1.6989701,1.7628942,1.146128,1.2339234
mb-02101,train,2.292256,2.303641,1.819544,1.7936659
mb-10215,train,1.6232493,1.7266475,1.4913617,1.5468565
mb-06499,train,1.7853298,1.7596221,1.60206,1.5919875
mb-00723,train,1.94939,2.028809,1.8976271,1.8278503
mb-07120,train,1.8388491,1.815037,1.5185139,1.5042593
mb-00961,train,1.9294189,1.9962504,1.8573325,1.8643352
mb-09045,train,1.3010299,1.5487528,1.0413927,1.1637068
mb-05094,train,2.0086002,1.9160309,1.50515,1.4467211
mb-10518,train,2.0170333,2.2486753,1.3424227,1.5078464
mb-09235,train,2.0334237,2.0837634,1.770852,1.8409029
mb-07220,train,1.6989701,1.493436,1.462398,1.2684174
mb-06094,train,1.8920946,1.8850268,1.6627579,1.6150254
af-6f8e31f2f3b8,train,1.7196072,1.5904338,1.2265587,1.142445
mb-04595,train,2.0530784,2.1622453,1.6720978,1.8212103
mb-01251,train,2.0128372,1.9920864,1.4771212,1.4609547
mb-06785,train,1.6127839,1.7306786,1.462398,1.555325
mb-09641,train,1.7993406,1.7485034,1.20412,1.2093266
mb-06156,train,2.0413928,2.0987072,1.6812413,1.7212671
mb-07335,train,2.1003706,1.8576304,1.6532125,1.5169156
mb-00561,train,0.90309,1.4229807,1.39794,1.3181055
mb-10106,train,1.7160034,1.8937068,1.462398,1.5312889
mb-09215,train,1.90309,1.8816354,1.5440681,1.5436614
mb-00786,train,1.7853298,1.6625857,1.4771212,1.3973166
mb-00388,train,2.3502479,2.205187,2.0211892,1.8855969
mb-00758,train,2.209515,2.2560487,1.9294189,1.878005
mb-01347,train,1.8325089,1.8516442,1.4771212,1.4880375
mb-06312,train,2.2671716,2.280971,2.0211892,1.9846427
mb-07275,train,1.6627579,1.6815907,1.39794,1.3887202
mb-03037,train,1.7323937,1.7185352,1.462398,1.4405426
mb-08921,train,1.2787536,1.4148728,0.90309,1.0495853
mb-04999,train,1.3617278,1.4753118,1.1139433,1.1772605
mb-07792,train,2.274158,2.180166,1.8512584,1.8448411
mb-00790,train,1.9542425,1.9551022,1.60206,1.6417496
mb-10653,train,2.049218,2.111786,1.8976271,1.8865013
mb-08111,train,2.0086002,1.9853975,1.8976271,1.7675296
mb-09629,train,2.09691,2.0850887,1.60206,1.6303895
af-ecf1da14185d,train,1.6649051,1.371932,1.2980623,1.0168433
mb-06523,train,2.2121878,2.1628351,1.4149734,1.4270662
mb-09731,train,2.2013972,2.222246,1.6627579,1.6387494
mb-03125,train,1.5563025,1.5799911,1.1139433,1.1025188
mb-10035,train,2.164353,2.1856728,1.8808136,1.7622074
mb-01596,train,1.9242793,1.8605983,1.80618,1.7356339
mb-09029,train,1.8573325,1.8047947,1.7558749,1.5882441
af-2b68e406cfa4,train,1.66082,1.4299535,1.2688003,1.0472932
mb-01470,train,1.6127839,1.6634187,1.3424227,1.4004747
af-3a58c173f4af,train,1.6089419,1.5402465,1.118929,1.2181273
mb-08088,train,0.90309,1.2039106,0.47712126,0.8556581
mb-04176,train,2.0791812,2.2411227,1.8750613,2.0061939
mb-07365,train,1.6812412,2.2527103,1.9542425,2.097313
mb-10754,train,2.2810333,2.3135486,2.071882,2.003146
mb-03905,train,1.80618,1.7819687,1.6232493,1.6138073
mb-07895,train,2.0569048,2.0621047,1.7923917,1.7183814
mb-04756,train,2.2479732,2.186515,1.7923917,1.8019518
mb-09732,train,2.1303337,2.1752224,1.7160033,1.7585986
mb-05437,train,2.2855573,2.2965648,1.80618,1.7879503
mb-10850,train,1.4771214,1.5635096,1.2787536,1.2837595
mb-04122,train,1.6720979,1.6012259,1.2552725,1.1476138
mb-08273,train,1.9444826,2.009129,1.447158,1.5301187
mb-07476,train,2.209515,2.2445204,1.8750613,1.9064488
mb-04667,train,1.447158,1.4626104,1.1139433,1.0848559
mb-02628,train,2.346353,2.3565574,1.9822712,1.9589294
mb-07095,train,1.5440681,1.598973,1.2787536,1.3403437
mb-07563,train,1.5797837,1.5049747,1.3424227,1.279788
mb-06786,train,1.4771212,1.4055278,1.146128,0.8943985
mb-05298,train,2.2148438,2.2083273,1.9138138,1.9070867
mb-05583,train,1.9731278,1.8981574,1.8692317,1.7031246
mb-04374,train,1.6812413,1.706085,1.4771212,1.5141814
mb-09284,train,1.8692317,2.043022,1.7323937,1.9588058
mb-02260,train,1.1139433,1.1180615,0.69897,0.7851779
mb-00819,train,2.3502479,2.4257553,2.0253057,2.1015663
mb-09593,train,1.1760913,1.0813127,0.90309,0.87676436
mb-03078,train,1.8808136,1.7636734,1.5910646,1.5278355
mb-03792,train,2.0530784,2.1660564,1.8260748,1.8540405
mb-08075,train,1.7781513,1.7787213,1.5797836,1.6110171
mb-10943,train,2.2355285,2.2804282,2.049218,2.081506
mb-09485,train,2.0374265,2.0656393,1.7242758,1.8262421
mb-08545,train,2.20412,2.2619767,1.8129133,1.8719342
mb-10041,train,2.1522884,2.2488823,1.9395193,1.8876061
mb-03204,train,2.298853,2.3485765,2.064458,2.0318494
mb-01649,train,1.3617278,1.3695681,0.47712126,0.40560353
mb-08709,train,2.2944663,2.2917707,1.8573325,1.8512837
mb-08700,train,2.0569048,2.0167296,1.748188,1.7283612
mb-07786,train,2.2479732,2.2539973,1.8325089,1.8407187
mb-10222,train,1.8195438,1.7495699,1.60206,1.5620848
mb-04506,train,2.0827854,2.0717483,1.6720978,1.7608106
mb-08959,train,1.9542425,2.0035543,1.7160033,1.7153974
mb-08694,train,2.240549,2.185532,1.5797836,1.4202498
mb-08201,train,1.9637879,1.8967853,1.4913617,1.5587227
mb-06729,train,2.0,1.9406309,1.60206,1.6346924
mb-04954,train,1.5440681,1.5656428,1.1760913,1.2030407
mb-00719,train,2.0827854,2.0999675,1.80618,1.873262
mb-05786,train,1.8692317,1.8624579,1.20412,1.1430439
mb-07824,train,2.045323,2.0273983,1.7242758,1.7013583
mb-08350,train,2.3180633,2.3498712,1.9542425,1.9613034
mb-02700,train,1.7923918,1.8051565,1.4313638,1.4597415
mb-00032,train,1.8864908,1.9673347,1.5440681,1.7076375
mb-05279,train,2.1522884,2.1069639,1.7323937,1.6807325
af-5a28afea9afe,train,0.8425181,1.1725569,0.60932755,0.8689031
mb-05285,train,1.30103,1.3251898,1.1760913,1.1565208
mb-00023,train,1.50515,1.5194054,1.3617278,1.4448825
mb-02616,train,2.0681858,1.7142987,1.6334685,1.269735
mb-09375,train,1.6627578,1.7047448,1.3222193,1.407363
mb-06155,train,1.7708521,1.8050014,1.230449,1.236101
mb-04474,train,1.8388491,1.7825594,1.5185139,1.5045352
mb-10267,train,2.133539,2.1709142,1.2552725,1.322032
mb-10439,train,2.1702619,2.0914426,1.7781513,1.7612188
mb-08931,train,2.0293837,2.1994567,1.6720978,1.8315088
mb-06231,train,1.9956352,2.149438,1.4771212,1.5644459
mb-03333,train,2.3201463,2.4087846,1.9956352,2.0572882
mb-00604,train,2.2121875,2.23049,1.770852,1.8420768
af-bc97161f250b,train,1.4743007,1.5206559,1.1263198,1.1736041
af-38f66e468b9b,train,1.8242704,1.7471123,1.1456842,1.1271968
mb-08919,train,2.30103,2.2064726,1.9777236,1.8639228
mb-02305,train,2.2576785,2.1532645,1.7853298,1.7107093
mb-03566,train,2.133539,2.1327405,1.845098,1.8711693
mb-00742,train,1.9956352,2.097933,1.9444827,2.0251312
mb-04661,train,1.9294189,2.0058713,1.7853298,1.8430456
mb-00898,train,1.9637879,2.0227976,1.6627579,1.7296724
mb-03698,train,1.908485,1.9188414,1.6812413,1.6743354
mb-05681,train,1.8388491,1.9113997,1.763428,1.6697928
mb-08767,train,1.9344984,1.8528616,1.50515,1.4841534
mb-07632,train,1.8808136,1.8753929,1.39794,1.415261
mb-08330,train,2.2121878,2.2576337,1.6532125,1.7447712
mb-04687,train,1.6720978,1.6711384,1.447158,1.4589931
mb-08207,train,1.819544,1.7887925,1.5185139,1.5331209
mb-02833,train,2.1673174,2.290432,1.8976271,1.9972596
mb-01245,train,1.1760912,1.1329473,1.0,0.9729564
mb-00578,train,1.9344984,1.8972459,1.6232493,1.6257851
mb-09567,train,2.1003704,2.1499343,1.763428,1.7662444
mb-01897,train,1.146128,1.1448692,0.90309,0.91777205
mb-02129,train,2.0043213,2.0423832,1.8808136,1.8114907
mb-03705,train,2.3364596,2.339014,1.8325089,1.9239292
mb-03697,train,2.243038,2.2461255,1.845098,1.8683815
mb-03639,train,1.7993406,1.723515,1.1760913,1.1603595
mb-09459,train,1.7323937,1.7739218,1.1139433,1.1976044
mb-02552,train,2.220108,2.1833434,1.80618,1.8475678
mb-01789,train,2.1931245,2.1504116,1.9138138,1.7996058
mb-00263,train,1.4313637,1.4336807,1.5314789,1.4601289
mb-03838,train,1.1760913,1.0426064,1.2787536,1.2353258
mb-03963,train,1.6627578,1.5051713,1.5910646,1.4405428
mb-01650,train,0.9542425,0.9381528,0.69897,0.6546665
mb-05964,train,1.6532124,1.7208134,1.447158,1.4832095
mb-01849,train,2.10721,2.110546,1.7558749,1.7139921
mb-10171,train,2.130334,2.1286778,1.5440681,1.7130927
mb-00944,train,1.8325089,1.8431878,1.9138138,1.5348155
mb-05952,train,2.2787538,2.2404523,1.94939,1.8937894
mb-10395,train,2.1038036,2.1025658,1.9590414,1.8911388
af-318629758c94,train,1.0600667,1.1394658,0.74352777,0.8361441
mb-07104,train,1.6720979,1.6969662,1.0413927,1.1083168
mb-05060,train,1.7323937,1.7091112,1.2552725,1.1986175
mb-03755,train,0.9542425,0.9491617,0.60206,0.46981752
mb-09717,train,2.4297523,2.5055404,2.1367207,2.2242708
mb-04720,train,2.029384,1.9688778,1.8750613,1.7738719
mb-07579,train,2.25042,2.227986,1.9444827,1.8502787
af-5f19656f2db2,train,1.7436343,1.7406344,1.2494576,1.1583356
mb-07539,train,2.09691,2.0074723,1.462398,1.3292779
mb-02398,train,2.1583624,2.228756,2.198657,2.1602764
mb-01262,train,1.0413927,1.0202533,0.90309,0.8747622
mb-09021,train,1.39794,1.2560731,1.20412,1.0697496
mb-06909,train,1.763428,1.5731232,1.4913617,1.4136189
mb-01161,train,1.0791813,1.1583209,0.7781513,0.8381694
mb-08845,train,2.1553361,2.1574497,1.8920946,1.745054
mb-01311,train,1.1139433,0.9982566,0.69897,0.63149744
mb-06494,train,2.2833014,2.4311504,2.0170333,2.1268613
mb-00437,train,1.7993405,1.6843565,1.60206,1.5680315
mb-04112,train,1.7242758,1.6900762,1.5314789,1.4932604
mb-02266,train,1.1139433,1.0767426,0.845098,0.8296538
mb-07038,train,1.9190781,1.8427187,1.6434526,1.644505
mb-08376,train,1.5910647,1.5834354,1.4313638,1.3963282
mb-00381,train,1.748188,1.7011096,1.462398,1.4269847
af-7219f844dcd3,train,1.1979777,1.4602115,0.893044,1.0696979
mb-10786,train,2.0413928,2.055119,1.50515,1.5596383
mb-04619,train,2.146128,2.1733804,1.845098,1.8604914
mb-08167,train,2.209515,2.230534,1.7853298,1.8464509
mb-05455,train,2.0293837,2.0736525,1.690196,1.7695916
mb-05549,train,1.8260747,1.8438126,1.5910646,1.5393164
mb-03768,train,2.029384,1.9247391,1.7075702,1.6679512
mb-07975,train,1.6901962,1.6109092,1.2787536,1.2559369
mb-04579,train,1.8260748,1.7999358,1.6532125,1.5884472
af-d2a45d24273e,train,-0.17609105,0.39758736,-0.14706765,0.30789292
mb-01951,train,1.6127839,1.6466651,1.30103,1.3566475
mb-07628,train,2.372912,2.4829175,2.071882,2.1982276
mb-09162,train,2.2552726,2.1817765,1.9242793,1.8435208
mb-07384,train,2.3010302,2.2954292,1.7558749,1.7676967
mb-08995,train,1.763428,1.9903822,1.7160033,1.7958205
mb-09500,train,2.2624512,2.4125693,1.90309,2.0901732
mb-01357,train,2.2966652,2.45116,2.0530784,2.128924
mb-01785,train,2.120574,2.1434019,1.7160033,1.7116561
mb-07637,train,2.1702616,2.1932943,1.8388491,1.7456387
mb-09994,train,1.7853298,1.7823514,1.3424227,1.3703471
mb-05883,train,2.1958997,2.2993531,1.8388491,1.9439691
mb-03656,train,2.378398,2.4166567,2.0,2.0707326
af-37d22335d6f9,train,1.7063857,1.7292343,0.9685404,1.133772
mb-05012,train,2.1731863,2.2091446,1.6232493,1.7112849
mb-04594,train,1.9444827,2.1473944,1.5440681,1.7999325
mb-02372,train,1.544068,1.5317247,1.0791812,1.0914476
mb-07590,train,1.6989701,1.7266892,1.4913617,1.5458397
mb-00336,train,1.20412,1.2267213,0.9542425,0.9718465
mb-04145,train,1.230449,1.1640302,1.0,0.96201235
mb-06286,train,1.9731278,1.9401231,1.50515,1.4881023
mb-02499,train,2.3053513,2.3155541,1.9190781,1.9595598
mb-08500,train,1.9956353,1.967183,1.6127839,1.576591
af-f26f7a944968,train,1.6771505,1.5386525,1.296459,1.1530395
mb-10090,train,2.045323,2.0633693,1.447158,1.4302733
af-e4dd36659b84,train,1.2638987,1.4133388,0.9930622,1.0765666
mb-07658,train,1.6812412,1.7221409,1.447158,1.5098455
mb-08187,train,2.4216042,2.4584575,2.1003706,2.1491578
mb-03757,train,1.5185139,1.5236759,1.2787536,1.262607
mb-00710,train,2.2227163,2.2308314,1.8573325,1.9258306
mb-09603,train,1.8325089,1.8256853,1.4771212,1.5706167
mb-01043,train,1.0791812,1.0047467,0.845098,0.7587791
mb-06104,train,2.3344536,2.3234234,2.049218,1.9881833
af-3d43bc3c329d,train,1.449608,1.4864109,1.2397848,1.181107
mb-03000,train,2.1673172,2.2410753,2.045323,2.152991
mb-06260,train,2.2624512,2.3225842,1.8573325,1.9239829
mb-05642,train,2.3483047,2.432616,2.089905,2.1112075
mb-10154,train,2.064458,2.1399016,1.50515,1.5591906
mb-08990,train,2.217484,2.2122068,2.0170333,1.9272541
mb-02985,train,2.361728,2.4599352,2.1105897,2.1727293
mb-01209,train,0.90309,0.9920703,0.60206,0.7586435
mb-07948,train,2.4727566,2.4126918,2.206826,2.095067
mb-05447,train,1.8750613,1.7564399,1.447158,1.4570413
mb-05264,train,2.2576785,2.2734692,1.8976271,1.9212118
mb-10650,train,2.4683473,2.505513,2.252853,2.2587638
mb-05944,train,1.8388491,1.861249,1.1760913,1.2812974
mb-05729,train,2.0681858,2.0719738,1.3222193,1.3082625
mb-04015,train,1.6127838,1.6476669,1.4771212,1.4892182
mb-00270,train,1.7323937,1.7209126,1.39794,1.3877857
af-62a3afd4deef,train,2.2396822,2.0700114,1.0039041,1.0556221
af-b49f4099f7e1,train,1.6501813,1.5638897,1.1113499,1.1410813
mb-08118,train,1.8808136,1.8974978,1.3222193,1.3493521
mb-07634,train,2.0128372,1.9093244,1.8260748,1.665975
mb-01942,train,1.94939,1.9847907,1.230449,1.3081186
mb-02699,train,1.6627579,1.6597595,1.30103,1.3367904
mb-06173,train,1.6334684,1.6220568,1.3222193,1.3381331
mb-05634,train,1.4149734,1.513837,1.1760913,1.2150717
af-6fbab6a05afc,train,1.5961691,1.5884482,1.1817693,1.2027833
mb-09073,train,2.1553361,2.1223292,1.8808136,1.7572012
mb-06325,train,2.1003704,2.0311477,1.5314789,1.541702
mb-07931,train,1.8573325,1.8167484,1.146128,1.1813388
mb-03855,train,2.1818435,2.2375906,1.7558749,1.8719922
mb-09137,train,2.075547,2.0533047,1.6627579,1.7486509
mb-06418,train,2.4065402,2.425163,2.049218,2.0838585
mb-07453,train,2.2648177,2.258047,1.8864907,1.9551148
mb-03939,train,1.230449,1.3153133,0.7781513,0.8800071
mb-09514,train,2.292256,2.2819002,1.9777236,1.9897423
mb-02732,train,2.0791812,2.0619683,1.8750613,1.842312
mb-03313,train,1.7993405,1.7196436,1.7403626,1.5572181
af-34bd54f20afe,train,1.8296614,1.5980141,1.2992305,1.1054708
mb-06000,train,2.2253094,2.2907994,1.8512584,1.8273642
mb-08307,train,1.6232493,1.6002522,1.230449,1.1601928
mb-09943,train,1.9444828,1.7531672,1.4313638,1.2024873
mb-04794,train,2.4216042,2.4999607,2.1553361,2.229755
mb-04863,train,1.4471581,1.3123443,1.2552725,1.1149466
mb-08369,train,1.7403628,1.5366244,1.5682018,1.2893295
mb-02540,train,2.220108,2.2484622,1.9777236,1.9252039
mb-08979,train,2.1105897,1.9352813,1.9242793,1.7135864
mb-04851,train,2.0569048,1.9220494,1.770852,1.7338369
mb-05096,train,1.3222194,1.3933506,0.90309,0.9787084
mb-09612,train,2.3053513,2.2971337,1.9956352,1.9723561
mb-01996,train,1.9912261,1.9823962,1.9242793,1.8871042
mb-07917,train,2.2600713,2.2478487,1.690196,1.752481
mb-05912,train,1.5440681,1.5843713,1.230449,1.3156397
mb-03126,train,1.4771212,1.3598347,1.1139433,1.045628
mb-09322,train,2.340444,2.3828015,2.0569048,2.0995412
mb-03877,train,1.7781513,1.7678419,1.3617278,1.4236091
mb-00931,train,1.9138138,1.9756054,1.7242758,1.7602246
mb-05558,train,2.0827854,2.1390266,1.5682018,1.517555
mb-00320,train,2.049218,2.1909873,1.763428,1.9504389
mb-08810,train,2.0170333,2.2095695,1.6627579,1.9059277
mb-06096,train,2.2405493,2.3072672,1.8920946,1.883441
mb-09341,train,1.763428,1.710872,1.5185139,1.4280592
mb-07012,train,1.5563025,1.5798832,1.30103,1.3220357
mb-08353,train,2.2648177,2.342465,1.9542425,1.9954948
mb-05519,train,1.6812413,1.6671543,1.39794,1.3997564
mb-08348,train,2.0334237,2.0699844,1.5910646,1.57994
mb-06427,train,2.5575073,2.5264423,2.2966652,2.264334
mb-07276,train,2.0681858,2.0827549,1.9637878,2.0078402
af-e1275c41d810,train,1.6368217,1.8490148,1.1314486,1.1753912
af-b1b76758a64d,train,1.5359116,1.2636093,1.2218001,0.9949811
mb-10226,train,1.6720979,1.7825117,1.20412,1.334224
mb-08109,train,1.7242758,1.6241173,1.5185139,1.4727408
mb-02710,train,1.5563024,1.6325364,1.0791812,1.198671
mb-09365,train,2.3873897,2.3773048,2.243038,2.1801429
mb-07828,train,1.30103,1.3971546,1.146128,1.2085791
mb-01421,train,1.9542425,2.04401,1.7242758,1.8191421
mb-04210,train,2.1702616,2.196489,1.8325089,1.8027023
mb-02836,train,1.50515,1.7088745,1.0,1.1897529
mb-01955,train,1.8976271,1.7913123,1.5314789,1.5019665
mb-10144,train,1.39794,1.1166837,0.69897,0.54976225
mb-05633,train,1.770852,1.8106393,1.50515,1.509097
mb-10207,train,2.1903317,2.1938984,1.819544,1.815302
mb-06029,train,2.4199557,2.4151053,2.0681858,2.0640614
mb-04281,train,1.8808136,1.9034865,1.6334685,1.6221579
mb-03952,train,1.9190781,1.8967929,1.3802112,1.4576243
mb-03658,train,1.6627579,1.6907855,1.5563025,1.4847128
mb-03898,train,1.5910647,1.5910112,1.5440681,1.4695091
af-e738c735121e,train,1.1945671,1.1721191,0.9086946,0.90402526
mb-09640,train,2.421604,2.4699693,1.9190781,2.185197
mb-04694,train,1.724276,1.6484975,1.5682018,1.4526668
mb-06912,train,1.20412,1.1377572,0.7781513,0.7803144
mb-08732,train,1.6127839,1.6080185,1.4149734,1.3960084
mb-06201,train,1.8920946,1.9136546,1.845098,1.7444193
mb-01210,train,2.0791812,2.1170526,1.8325089,1.8979595
mb-09055,train,1.9590414,2.045246,1.845098,1.7978193
mb-00833,train,1.8129134,1.8035057,1.2787536,1.2673161
mb-04565,train,1.7708521,1.8226306,1.39794,1.4599118
mb-06027,train,2.2855573,2.1987498,1.8512584,1.7761906
af-093eac89f301,train,1.4290235,1.3154577,1.1800656,1.0528208
mb-07572,train,2.1461282,2.1242125,1.39794,1.4254467
mb-08516,train,1.9777236,1.9746183,1.6434526,1.6706495
mb-04459,train,2.0606978,2.0170643,1.908485,1.8259466
mb-01812,train,2.2600713,2.2403538,1.819544,1.8689312
mb-06622,train,1.845098,1.922834,1.30103,1.3860393
mb-04054,train,1.6812412,1.6635103,1.5314789,1.4440376
mb-06147,train,1.8260748,1.7870686,1.5440681,1.4997602
mb-04701,train,1.30103,1.4173303,1.1760913,1.1919976
mb-04382,train,1.6627578,1.6237528,1.5910646,1.4831583
mb-07189,train,2.0492182,2.0620813,1.7993406,1.791022
af-7dcd5c1f1a84,train,2.2726026,2.1149201,1.07109,0.8587892
mb-05278,train,2.209515,2.2424674,1.770852,1.7760637
mb-09955,train,2.2648177,2.321559,1.9444827,2.0222049
mb-06298,train,1.7403628,1.6846731,1.2787536,1.2940843
mb-03880,train,2.0253057,2.0852988,1.8692317,1.8625004
mb-03340,train,1.8692317,1.9121032,1.7923917,1.8118619
mb-07762,train,2.0569048,2.1761951,1.748188,1.7758979
mb-02592,train,2.0334237,2.0038924,1.6720978,1.6824341
mb-02091,train,2.0791812,2.193909,1.7993406,1.8512231
mb-03087,train,2.1139433,2.108152,1.80618,1.6904958
mb-09839,train,2.1522882,2.1253722,1.8129133,1.8094149
af-9b752e7c90f5,train,1.4513443,1.4632219,1.2009763,1.1689245
mb-02765,train,1.8976271,1.6412647,1.5440681,1.4067413
mb-09688,train,1.5797837,1.3442595,1.39794,1.1778847
mb-03360,train,1.6720979,1.5119201,1.4313638,1.3071721
af-f6fa0908a0c1,train,1.5489345,1.7814362,0.69411445,1.1426142
mb-04600,train,2.143015,2.134713,1.7323937,1.6780071
mb-06129,train,1.9637879,1.6332386,1.6334685,1.3422743
mb-03783,train,1.69897,1.8479148,1.4771212,1.5224017
af-58922299f89b,train,1.5384016,1.3723416,1.1495394,1.0490656
mb-00972,train,1.7160034,1.6606125,1.4913617,1.4593651
mb-07990,train,1.9395193,1.8941987,1.7993406,1.6809049
mb-10271,train,2.220108,2.207396,1.9242793,1.943835
mb-01813,train,1.3010299,1.2398049,1.0413927,1.0024413
mb-06451,train,1.7993406,1.8343384,1.462398,1.524027
mb-01626,train,2.3283796,2.3597693,2.09691,2.095879
mb-10806,train,1.8388492,1.9588733,1.462398,1.5733043
mb-03048,train,1.9822713,1.9787031,1.5682018,1.6302603
mb-08181,train,1.690196,1.6897936,1.3802112,1.361532
mb-07298,train,2.10721,2.1108775,1.8388491,1.8038974
mb-09704,train,1.80618,1.8502033,1.5440681,1.5383816
mb-00254,train,1.7160033,1.7393098,1.5797836,1.5531516
mb-01777,train,2.1583624,2.2303832,1.8976271,1.9663166
mb-07669,train,1.361728,1.3906859,1.1760913,1.2174544
mb-09802,train,2.3201463,2.248165,2.0606978,2.054645
af-358d5c62402d,train,1.7038646,1.5669811,1.204006,1.1751828
mb-02971,train,2.4487062,2.3311086,2.0128372,1.9891098
mb-05314,train,2.283301,2.325714,2.0043213,1.9727051
mb-01402,train,1.7403626,1.7985733,1.447158,1.4683348
mb-02652,train,1.5910647,1.6986405,1.39794,1.4814472
af-7c7735b7d15d,train,1.0775714,1.1955562,0.8169965,0.89435554
mb-02618,train,1.9344984,1.9565699,1.60206,1.700704
mb-06650,train,2.1760912,2.1271253,1.9190781,1.8994207
mb-05532,train,2.2878017,2.3017569,2.0791812,1.9813795
mb-07541,train,1.4471581,1.564864,0.9542425,1.0514616
mb-00640,train,1.845098,1.7439569,1.20412,1.1574763
mb-02829,train,2.3463528,2.2945392,2.0681858,2.0434704
mb-05640,train,1.9294188,1.9031544,1.3222193,1.296463
mb-01127,train,1.9190781,1.8976903,1.5185139,1.5763587
af-b0f14217ea99,train,1.7713015,2.0135975,0.8605692,1.0730522
mb-10473,train,2.2878017,2.3548272,1.9444827,2.0449178
mb-03806,train,1.6720978,1.8475715,1.4771212,1.5729326
mb-05266,train,2.2355285,2.2963662,1.8692317,1.8906848
mb-08156,train,1.7558749,1.7203406,1.462398,1.4322727
mb-08047,train,1.2787536,1.3740027,0.90309,0.9718509
mb-05628,train,1.531479,1.5698696,1.3424227,1.3529404
mb-05769,train,2.025306,2.0937555,1.6334685,1.6019715
mb-03123,train,2.4871383,2.4820435,2.2600713,2.200811
mb-02299,train,1.7160033,1.7436935,1.4771212,1.4465855
mb-09590,train,2.1583626,2.2541747,1.94939,1.9469543
mb-09020,train,1.7075702,1.6906145,1.3424227,1.3770204
mb-10326,train,1.897627,1.9123561,1.6720978,1.7536497
af-ddb942512473,train,1.4316099,1.468184,1.1041422,1.1422924
mb-05081,train,2.4149733,2.5065956,2.1238515,2.2256193
mb-09678,train,2.348305,2.3961492,1.908485,2.0658727
mb-07399,train,1.6812413,1.6907363,1.3424227,1.3619108
mb-08530,train,1.7075702,1.9734436,1.5185139,1.7952808
mb-04881,train,1.2041199,1.227387,1.0413927,1.0383637
mb-00509,train,2.139879,2.1957023,1.8692317,1.8740339
mb-02882,train,2.2430382,2.227967,1.9190781,1.9003794
mb-02150,train,2.0043213,1.9831324,1.50515,1.4623755
mb-00971,train,1.90309,1.9116749,1.6627579,1.7277849
mb-00408,train,2.2624512,2.3096092,1.9294189,1.925771
af-7a534e0fe4e0,train,1.736175,1.7098491,1.2128452,1.1284969
mb-00718,train,1.4771214,1.3148791,1.20412,1.0878247
mb-08141,train,1.230449,1.07132,0.845098,0.68566597
mb-05212,train,2.075547,2.2118998,1.8573325,1.9563366
mb-06683,train,1.7708521,1.6156274,1.4313638,1.4168336
mb-01126,train,1.7323937,1.7819282,1.4913617,1.5126101
mb-07359,train,1.9294189,1.971381,1.748188,1.753464
mb-10899,train,1.6434528,1.6184214,1.30103,1.3157997
mb-08149,train,2.0530784,2.1341991,1.7323937,1.866607
af-d25e3679e0ac,train,1.7039591,1.7042832,1.247207,1.1664857
mb-04077,train,2.4248817,2.4950552,2.1271048,2.2182565
mb-08000,train,1.3979399,1.2362206,1.1139433,1.0586945
af-dabbab28e3d6,train,1.2695129,1.2169075,1.0097694,0.9287913
mb-04155,train,2.049218,2.0971582,1.9190781,1.8984897
mb-05058,train,2.220108,2.178122,1.6720978,1.8134856
mb-02344,train,0.60206,0.63940996,0.30103,0.34528732
mb-07292,train,2.0,2.1606343,1.8325089,1.9514976
mb-06348,train,2.292256,2.3416016,1.8808136,1.9523441
mb-02516,train,1.9138138,1.91665,1.39794,1.3998749
mb-00279,train,1.30103,1.2333096,0.9542425,0.89538383
af-9a0054fa8058,train,1.7295245,1.64662,1.2680957,1.1074216
mb-09154,train,1.8864907,2.0330365,1.6434526,1.8060188
af-cbda71948a93,train,1.5927317,1.563401,1.2170125,1.1517488
mb-05165,train,2.3096302,2.3061724,1.8388491,1.9302087
mb-03397,train,2.3996737,2.3281476,2.3838153,2.2446196
mb-00692,train,2.0170333,1.9739566,1.7075702,1.6873345
mb-10699,train,2.133539,2.1543741,1.462398,1.4517096
mb-00914,train,0.90309,0.97178173,0.60206,0.59955645
mb-05247,train,1.748188,1.7166812,1.230449,1.2309182
mb-04511,train,1.1760912,1.1837035,0.845098,0.9155479
mb-02363,train,1.7708521,1.73887,1.3424227,1.3204627
af-77a7720c79a2,train,1.5830092,1.6048733,1.0006943,1.0282921
mb-02692,train,1.5563025,1.3321099,1.146128,0.93607706
mb-05615,train,2.2227166,2.1982012,1.9395193,1.8659177
mb-09796,train,1.6020601,1.5437739,1.1760913,1.1192303
af-9ea1dd0d167e,train,1.2320554,1.2564285,0.7818049,0.9073102
mb-02347,train,1.8129133,1.8743693,1.60206,1.6017487
mb-04872,train,2.0606978,2.0244958,1.7242758,1.7265909
af-a905d9de2976,train,1.2740192,1.4096074,0.98340166,1.0733721
af-3a88e8bf41f9,train,1.7601781,1.6773481,0.89326894,1.1245391
mb-09681,train,1.5682018,1.4699446,1.4149734,1.3883843
mb-07847,train,2.0413926,1.8748448,1.60206,1.5041909
mb-07853,train,1.0791812,1.0246626,0.69897,0.6819044
mb-01197,train,0.90309,0.753043,0.69897,0.6179794
mb-09585,train,2.2355285,2.2875328,2.0,2.029431
mb-00205,train,2.2528532,2.266342,1.6812413,1.6792963
mb-10451,train,2.230449,2.1884346,1.8388491,1.9064379
af-8d51942a7954,train,1.1485348,1.0918919,0.81500226,0.85821253
mb-09402,train,2.2833014,2.3301122,1.8512584,1.9286823
mb-09430,train,1.6232493,1.5654335,1.3424227,1.2924823
af-32c4782e8435,train,1.6796341,1.7868783,1.1813834,1.176633
mb-06221,train,1.1760913,1.2878261,0.90309,0.9420896
af-93442a16299d,train,1.7663555,1.6488338,1.2716,1.1773007
mb-04779,train,2.326336,2.34392,2.0934217,1.9480554
mb-05245,train,2.045323,1.9284983,1.8260748,1.6533885
mb-02031,train,1.8388491,1.8883358,1.4913617,1.5004311
mb-01298,train,1.0,1.0486354,0.845098,0.8130086
mb-01074,train,1.8129133,1.9299353,1.7160033,1.6388893
mb-07947,train,2.2329962,2.076914,2.143015,2.0274146
mb-03011,train,2.0170333,2.0222282,1.447158,1.4071249
mb-01815,train,2.350248,2.3556788,2.0934217,2.0280645
mb-05613,train,1.6127839,1.5648198,1.30103,1.2733617
mb-09615,train,1.1760913,1.2484031,0.7781513,0.898141
mb-10442,train,2.2600713,2.3014517,1.9190781,2.0072465
mb-00485,train,1.4471581,1.3534894,1.2787536,1.181487
mb-04826,train,2.0086002,2.0053666,1.8325089,1.8161224
mb-09471,train,1.0,1.1174763,0.60206,0.67182785
mb-07315,train,1.748188,1.7577274,1.4149734,1.4401054
mb-09488,train,2.232996,2.2646046,1.8573325,1.8620361
mb-01788,train,2.0,2.25202,1.8864907,2.0427434
mb-05425,train,2.071882,2.1153617,1.690196,1.6215991
mb-02381,train,1.20412,1.2094967,0.90309,0.8929
af-ff083729d37a,train,1.64836,1.1329538,1.2762573,0.85917974
mb-06476,train,2.5365584,2.4450142,2.089905,2.1285563
mb-04975,train,1.6720979,1.6061001,1.3424227,1.3229281
mb-06607,train,1.4771214,1.5097829,1.20412,1.1398565
af-136ebce60ff4,train,1.1558429,1.1867282,0.8595844,0.87921536
mb-10971,train,2.1038036,1.9826553,1.8808136,1.7063533
mb-09735,train,1.5314789,1.6436713,1.0,1.2141277
mb-00274,train,2.1139433,2.1786454,1.69897,1.7468944
mb-01041,train,2.2455125,2.2650135,2.139879,2.1230679
af-8400a768e728,train,1.6300076,1.5794961,1.2137966,1.2109214
mb-04419,train,2.2329962,2.156745,1.7781513,1.6621805
mb-05595,train,2.6031444,2.500951,2.4132998,2.2508385
mb-06947,train,2.0211892,2.1110713,1.7558749,1.8322392
mb-10020,train,2.4132998,2.4526749,2.1760912,2.166336
mb-10960,train,2.0170333,2.0321417,1.8325089,1.8077421
mb-01153,train,1.1760912,1.2343482,1.0791812,1.0937937
mb-09928,train,1.8129134,1.6876526,1.4149734,1.3136595
mb-06580,train,1.5440681,1.4896739,1.462398,1.1452255
mb-02859,train,2.3521824,2.3878732,2.0827854,2.0631895
mb-02041,train,1.6127839,1.8574162,1.4149734,1.5990853
af-822ff35409e2,train,1.6477106,1.4818681,1.2505395,1.1443092
mb-01919,train,1.6020601,1.5732207,1.4313638,1.3947343
mb-10464,train,1.8388492,1.9534056,1.4313638,1.520775
mb-09218,train,1.0413927,1.2312951,0.845098,0.9857331
mb-00500,train,2.1430147,2.1436596,1.770852,1.763693
mb-07782,train,1.9242793,2.0664577,1.6627579,1.7547071
mb-08836,train,2.0374265,2.1125364,1.690196,1.7538607
mb-09814,train,1.4913617,1.5685847,1.4149734,1.444738
mb-03915,train,1.8864907,1.9575155,1.6720978,1.72158
mb-02945,train,1.7558749,1.7038194,1.447158,1.3367127
mb-09716,train,1.5797837,1.6148282,1.39794,1.3573465
mb-06203,train,1.7923917,1.8438213,1.3222193,1.4417963
mb-06950,train,1.8129134,1.7903435,1.6232493,1.5955014
mb-09562,train,1.4313638,1.4736079,1.146128,1.2183237
mb-10489,train,0.47712126,0.7592225,0.30103,0.56024855
mb-09391,train,1.8129134,1.7982657,1.4913617,1.4877467
mb-00008,train,2.320146,2.256213,2.0211892,2.0734954
mb-07704,train,2.1172712,2.0201774,1.60206,1.5194755
mb-03857,train,1.3424227,1.3379152,1.0,0.9383004
mb-09684,train,2.1673174,2.187623,1.7075702,1.6427112
mb-04614,train,1.3617278,1.2810228,1.146128,1.0264318
mb-09639,train,1.9542425,1.9526781,1.3222193,1.3753575
af-f1db056900fc,train,0.9534373,0.8896909,0.6815705,0.56160647
mb-01924,train,1.20412,1.6305767,1.4313638,1.3408489
mb-07538,train,2.1461282,2.254169,1.7993406,1.893152
mb-06237,train,1.7403628,1.7843531,1.1760913,1.1784899
mb-07954,train,1.9912261,2.035258,1.4913617,1.571669
mb-08658,train,1.9912261,2.0334358,1.845098,1.79464
mb-00633,train,1.8325089,1.8887815,1.146128,1.2169287
mb-07307,train,1.6989701,1.7221277,1.2787536,1.2781868
mb-10889,train,1.9822712,2.1883578,2.0,1.9918966
mb-08278,train,1.9637878,2.0140831,1.5910646,1.6510204
mb-02417,train,1.9822713,1.9199233,1.6812413,1.6508962
mb-09303,train,1.9294189,2.0148995,1.7403626,1.7871087
mb-06843,train,2.1583624,2.1080472,1.69897,1.6733087
af-5651bdf75cf8,train,1.1223994,1.3760598,0.9064606,1.0861493
mb-01776,train,1.7853298,1.6844575,1.7075702,1.5240273
mb-04220,train,1.9956352,2.0946136,1.69897,1.7471845
mb-05372,train,1.4149734,1.4428046,1.20412,1.1732358
mb-10664,train,1.20412,1.1312835,0.7781513,0.81490123
mb-06838,train,1.6232493,1.5849591,1.447158,1.3977851
mb-08830,train,2.2576785,2.201577,1.8864907,1.789252
mb-00756,train,2.3443923,2.3320801,1.9590414,1.9160278
af-2f276b6fcbc1,train,1.2913933,1.1224422,0.8638027,0.79444456
mb-07021,train,1.8976271,1.9897186,1.80618,1.8024247
mb-01359,train,1.7160034,1.7622567,1.2552725,1.3463314
mb-01076,train,1.7993405,1.7579229,1.2552725,1.2660012
mb-05689,train,2.1731863,2.2009265,1.7323937,1.8268368
af-310724741803,train,1.7052486,1.6615295,1.0693831,1.1300333
mb-10923,train,2.0606978,2.152662,1.8573325,1.9399202
mb-08279,train,2.1760912,2.151609,1.7781513,1.8401418
mb-00725,train,1.462398,1.3882726,1.30103,1.1645918
mb-01416,train,1.361728,1.2346604,1.20412,1.1406384
mb-09494,train,1.6627579,1.5681099,1.30103,1.2765512
mb-06959,train,1.0,0.9675481,0.69897,0.67566144
af-f11e7eb27a53,train,1.5709969,1.712112,1.0367208,1.175458
mb-08794,train,2.3996737,2.4173703,2.049218,2.1110985
af-366029818476,train,1.7912084,1.3709013,1.3007585,1.0496624
mb-05934,train,2.1238518,2.1122193,1.5682018,1.5599964
mb-08332,train,2.2855573,2.243095,1.4313638,1.4280016
mb-00469,train,1.819544,1.6776648,1.5440681,1.3704414
mb-05921,train,1.60206,1.619668,1.1139433,1.1606377
mb-00328,train,2.2121875,2.1712425,1.80618,1.8021605
mb-05386,train,1.4313638,1.3608987,1.20412,1.095324
mb-00590,train,2.033424,2.0574307,1.5440681,1.5394267
mb-00621,train,1.5797837,1.6208496,1.4913617,1.4573879
mb-01950,train,1.5563025,1.5541945,1.146128,1.1411633
mb-07085,train,2.0413928,1.9969286,1.5185139,1.4448603
mb-00871,train,2.1398792,2.2325718,1.8750613,1.9777663
mb-08610,train,1.8633229,1.8902278,1.770852,1.6730257
mb-07821,train,1.230449,1.2810062,0.90309,1.0373844
mb-07593,train,2.0606978,2.099549,1.3222193,1.3335142
mb-07600,train,1.5440681,1.3247101,1.1760913,0.97029036
mb-04029,train,2.409933,2.4432003,2.1958997,2.13387
mb-01446,train,1.908485,1.935216,1.748188,1.6928949
mb-10578,train,1.4913617,1.5193087,1.0,1.1010659
af-0c63b960ff63,train,1.2122222,1.2455921,0.83747226,0.95963776
mb-09534,train,2.0128374,2.004014,1.4313638,1.4729456
mb-00795,train,2.0170333,1.9545596,1.748188,1.739587
af-b729e654befe,train,1.5907862,1.6354684,1.2629848,1.2269169
mb-07303,train,2.0569048,2.0445695,1.80618,1.7927988
af-bd9b413c5648,train,1.3176017,1.2958984,1.0811456,1.0361474
mb-06663,train,2.3304136,2.2783153,2.2718415,2.203876
mb-06669,train,1.1139433,1.1310179,0.7781513,0.79024357
mb-05657,train,1.8808136,1.6758618,1.5682018,1.3418112
mb-06501,train,2.0569048,2.0998893,1.6720978,1.6923457
mb-08092,train,1.763428,1.76388,1.3802112,1.4064654
mb-05550,train,2.0086002,2.0316272,1.4313638,1.429249
af-2a68990d7806,train,1.5993983,1.5752723,1.1449289,1.1530768
mb-00375,train,2.2355285,2.2095065,1.7853298,1.6716756
mb-07612,train,2.4183013,2.4729345,2.1367207,2.1552074
mb-00221,train,2.1846914,2.225545,1.9242793,1.931221
mb-02887,train,1.9912261,1.951991,1.5314789,1.5444901
mb-07065,train,2.3283796,2.2784023,2.2718415,2.2040172
mb-06039,train,2.20412,2.264679,2.0827854,2.1709888
mb-02927,train,2.3031962,2.3237133,1.8260748,1.8725474
mb-02963,train,2.283301,2.304033,1.770852,1.7745379
mb-08628,train,1.7160034,1.822978,1.5563025,1.6043491
mb-10775,train,1.8864908,1.7768569,1.5682018,1.4642007
mb-03779,train,1.8573325,1.940007,1.50515,1.5918269
mb-10768,train,2.303196,2.2448955,1.30103,1.2624139
mb-05317,train,1.6020601,1.8036964,1.30103,1.3647562
mb-08842,train,1.6720979,1.5745413,1.4149734,1.3726548
af-da9e4e5b7d76,train,1.7532849,1.7966084,1.0077691,1.1457216
mb-04417,train,1.8129134,1.7736976,1.5563025,1.4567198
mb-03248,train,2.5550945,2.4815786,2.2278867,2.18399
mb-06594,train,2.1731863,2.2473118,1.8512584,1.927269
mb-10753,train,1.7634281,1.7843117,1.5682018,1.5626212
mb-03061,train,1.7993405,1.7505947,1.5185139,1.5122935
mb-03990,train,2.298853,2.2556212,2.1760912,2.1721306
af-43ccbaffa353,train,1.4251264,1.5024188,1.2920034,1.179224
mb-08009,train,1.146128,1.1783587,0.7781513,0.8160986
mb-02121,train,1.5910646,1.536656,1.3222193,1.264704
mb-07395,train,1.5314789,1.4198534,1.0791812,1.04515
mb-08107,train,1.80618,1.7739038,1.5797836,1.5275348
mb-09700,train,2.1072102,2.1796477,1.7993406,1.8891842
mb-00720,train,2.0,2.0247064,1.7242758,1.7395718
mb-08524,train,1.4149734,1.5988656,1.230449,1.3493661
mb-06923,train,2.0827854,2.0897448,1.9731278,1.9588971
mb-03460,train,2.0606978,2.0952663,1.69897,1.6355382
mb-06006,train,2.0086002,2.0517251,1.3802112,1.4163439
mb-08891,train,2.0128374,1.662992,1.6334685,1.4147507
mb-03429,train,1.8920946,2.0206711,1.7323937,1.8644416
mb-09396,train,2.232996,2.1633353,1.9590414,1.8709066
mb-10472,train,2.0374265,2.0790207,1.4913617,1.5830998
mb-02042,train,2.2878017,2.3022633,2.0374265,1.9669453
mb-01354,train,1.832509,1.8767582,1.5682018,1.5881132
mb-05199,train,1.94939,2.003811,1.6532125,1.7178531
mb-09379,train,2.1430147,2.2953286,2.1583624,2.2336915
mb-02373,train,2.1931245,2.2087862,1.845098,1.867775
mb-10892,train,2.3856063,2.2361765,2.206826,2.168899
mb-07825,train,1.6232493,1.658076,1.4313638,1.4165646
mb-00472,train,0.9542425,0.89613277,0.60206,0.6313959
mb-07598,train,1.0,1.0841615,0.47712126,0.60489726
mb-07465,train,1.8573325,1.8339175,1.3617278,1.3298751
mb-04384,train,2.346353,2.3904455,2.0413928,2.0718603
mb-06615,train,1.5563025,1.5660777,1.3802112,1.3731966
af-8e941641cd23,train,1.6708348,1.7641779,1.0917127,1.1431636
mb-01760,train,1.7242758,1.5550086,1.3802112,1.2286158
mb-06552,train,2.2878017,2.2825167,1.908485,1.8838165
af-8c5011c882aa,train,1.3057168,1.2505004,0.97039986,1.008502
mb-04663,train,2.029384,2.0116463,1.6334685,1.6710817
mb-05112,train,1.0791812,1.0448985,0.90309,0.8764384
mb-09851,train,1.9344984,1.9973125,1.7075702,1.8288339
mb-00709,train,1.8633229,1.8279438,1.4771212,1.4735935
mb-00677,train,2.3222194,2.3051128,1.8808136,1.8543892
mb-01801,train,2.4393327,2.4594579,2.0043213,2.1414366
mb-00429,train,2.3096302,2.1694264,1.7403626,1.6552339
mb-05062,train,2.0934217,2.067906,1.845098,1.8060107
mb-09652,train,2.3463528,2.3753731,2.0681858,2.0787945
af-1a4f8263ad0a,train,1.3251194,1.4371039,1.1164317,1.1170075
mb-08303,train,2.378398,2.3258848,1.9867717,2.012841
mb-09711,train,2.2648177,2.2759655,1.7558749,1.9357452
mb-02510,train,2.2878017,2.2683578,2.143015,2.200596
mb-02456,train,1.8864907,1.8797176,1.7558749,1.7134197
mb-02133,train,1.7853298,1.7081138,1.5185139,1.4349502
mb-07261,train,1.0,1.0452063,0.69897,0.7677285
af-14fc9659417d,train,1.3723799,1.4860377,0.97821295,1.066081
mb-07412,train,2.0170333,1.9485278,1.5563025,1.6248752
mb-00724,train,2.1003704,2.1323109,1.7853298,1.8116708
af-acc935168652,train,1.5875864,1.6096077,0.9905901,1.1154761
mb-10763,train,1.6334685,1.5843717,1.230449,1.4651908
mb-03350,train,2.0170333,1.9482436,1.819544,1.745477
mb-09577,train,1.8808136,1.9771539,1.6232493,1.6251999
mb-00086,train,1.20412,1.3019924,0.7781513,0.8981657
mb-00348,train,1.7075703,1.6035036,1.1760913,1.1333145
mb-04141,train,2.0492182,2.063487,1.4149734,1.4547862
mb-10683,train,2.133539,2.2215495,1.3424227,1.396715
mb-07091,train,2.1583624,2.2327542,1.7923917,1.8771857
mb-04714,train,1.5185139,1.5886358,1.3222193,1.3551438
af-7e573b2c8475,train,1.0803847,1.1138152,0.98996615,0.8015936
mb-07767,train,1.5797837,1.5584605,0.90309,0.7707309
mb-09582,train,0.7781513,0.63443947,0.47712126,0.39351296
mb-01871,train,2.1903317,2.2320187,1.7558749,1.7401408
mb-04539,train,2.2430382,2.3181515,1.9242793,1.9317272
mb-06253,train,2.060698,2.036841,1.4913617,1.4811304
mb-01741,train,2.1875207,2.292664,1.9590414,2.017151
af-bb79767f7ff9,train,1.8287315,1.7588766,1.299747,1.1400924
af-9355f82ec1dc,train,0.846131,0.74383664,0.55594766,0.586574
mb-00602,train,2.0827854,2.0370915,1.8325089,1.8272284
mb-09610,train,1.690196,1.5902436,1.5797836,1.4384543
mb-09666,train,2.3673558,2.404631,1.9542425,2.0752158
mb-08509,train,1.7160034,1.7950178,1.39794,1.5703658
mb-10386,train,2.4183013,2.4953115,2.1522884,2.22013
mb-09144,train,2.1522882,2.1286755,1.9590414,1.8061848
mb-06014,train,2.198657,2.304862,1.7781513,1.9138371
mb-10304,train,2.4683473,2.333951,2.2671716,2.0409212
mb-01977,train,2.1003706,2.122846,1.90309,1.8548093
mb-03892,train,1.7323937,1.7295411,1.5910646,1.4974235
mb-10155,train,2.1003706,2.1042006,1.7993406,1.7623398
mb-03526,train,2.1702619,2.18693,1.9242793,1.9187045
mb-08074,train,1.6627579,1.5818014,1.39794,1.299505
mb-10956,train,2.1673174,2.2260041,1.7160033,1.7157186
mb-09558,train,2.1271048,2.2800467,1.8808136,1.9788047
mb-08159,train,1.7708521,1.8225185,1.5440681,1.5770637
mb-07773,train,2.3344538,2.3271027,2.0086002,1.9431963
mb-07610,train,2.209515,2.2458973,1.7242758,1.4398295
mb-05746,train,1.5797837,1.6237147,1.462398,1.4514035
mb-05418,train,2.390935,2.3700001,1.9637878,1.9876258
mb-03669,train,1.8864908,1.9232206,1.5440681,1.6116593
mb-09272,train,2.0791812,2.086507,1.763428,1.85865
mb-03328,train,2.1038036,2.1339562,1.690196,1.6886464
mb-03978,train,1.8573326,1.8548285,1.6627579,1.6717805
mb-03146,train,1.4149734,1.2608327,1.1139433,1.0560452
mb-03733,train,1.8976271,2.041677,1.819544,1.8958805
mb-07642,train,1.690196,1.6700742,1.447158,1.4548855
mb-01783,train,0.69897,0.70502377,0.30103,0.37622046
mb-01087,train,1.0791812,1.0459948,0.69897,0.64510596
mb-09248,train,2.120574,2.055268,1.7403626,1.7067941
mb-05121,train,1.7558749,1.8260539,1.2787536,1.3062825
mb-08910,train,2.2013972,2.279145,2.0128372,2.0987263
mb-00636,train,1.9138138,2.0108917,1.7923917,1.8228195
mb-00792,train,1.8573326,1.860558,1.5563025,1.5593259
mb-04059,train,2.0569048,2.1319423,1.7242758,1.7096996
mb-04353,train,1.8808136,1.7820715,1.462398,1.3682396
mb-00029,train,1.763428,1.8690482,1.4149734,1.4676461
mb-08764,train,1.0413927,1.1728704,0.9542425,1.1021411
mb-08267,train,2.25042,2.2544765,1.6627579,1.6417354
af-fe8b810bf7f8,train,1.8591046,1.8065336,1.2799884,1.1722338
mb-10443,train,1.7923917,1.8933764,1.50515,1.6486869
mb-05034,train,2.1430147,1.9950197,1.7923917,1.7424868
mb-09992,train,1.7323937,1.5343982,1.50515,1.3186035
mb-03662,train,1.5910646,1.5000787,1.2552725,1.2149509
mb-07768,train,1.3222194,1.2996769,0.7781513,0.82489854
mb-07044,train,1.770852,1.822319,1.3222193,1.3938545
mb-00990,train,2.130334,1.9148839,1.8920946,1.6993384
mb-05255,train,1.6232493,1.5906959,1.230449,1.2887263
mb-02678,train,2.4313638,2.4788818,2.09691,2.176073
mb-00257,train,2.2479732,2.050034,2.0681858,1.9237695
mb-06926,train,2.3117537,2.250567,1.763428,1.704981
mb-00085,train,1.5682018,1.5887439,1.0413927,1.094735
mb-04731,train,1.8920946,1.8415562,1.7403626,1.6614767
mb-05173,train,1.6720978,1.729604,1.50515,1.5368294
mb-09644,train,2.161368,2.1608276,1.7781513,1.8155366
mb-07841,train,2.146128,2.0982049,1.7853298,1.7554834
mb-10954,train,1.7781513,1.7727313,1.5440681,1.5558199
mb-08936,train,2.1731863,2.238427,1.7242758,1.6995716
mb-04121,train,1.9637879,1.9570721,1.4913617,1.4466088
af-278d84623f7d,train,1.4028337,1.6149063,1.2907267,1.1005441
mb-02291,train,2.1931248,2.2496018,1.6812413,1.3796225
mb-10423,train,1.770852,1.8700724,1.7323937,1.7367351
mb-00820,train,2.0170333,2.0725026,1.7323937,1.7497443
mb-04842,train,2.2355285,2.2439563,2.0211892,2.0711017
mb-02061,train,1.9542425,2.0633318,1.770852,1.8241127
mb-00993,train,2.025306,1.9883567,1.20412,1.1883979
mb-10370,train,2.2552724,2.3012402,1.763428,1.7935537
mb-03232,train,1.7923918,1.7797892,1.6334685,1.6010017
af-8da3f072c92a,train,1.3377228,1.2662438,1.0931028,1.0369245
mb-07747,train,1.5797837,1.344765,1.1760913,0.9624694
mb-06447,train,1.5314789,1.5809582,1.3222193,1.3038208
mb-06997,train,1.9344984,2.1558402,1.8129133,1.9422646
mb-06243,train,1.863323,1.8812685,1.230449,1.2116845
mb-01285,train,0.69897,0.540928,0.60206,0.4516518
mb-04383,train,1.0,1.1038938,0.90309,1.0241735
mb-09247,train,2.3521824,2.3424997,1.8633229,2.0261643
mb-03264,train,1.6127839,1.6544461,1.39794,1.4681201
mb-00333,train,1.5682018,1.4302564,1.0,1.1290629
mb-07594,train,1.6232493,1.7181536,1.3617278,1.5474443
mb-01719,train,1.724276,1.7432275,1.30103,1.3533393
mb-00398,train,1.5682018,1.4870863,1.230449,1.1746581
mb-01683,train,2.206826,2.219545,1.9444827,1.9495473
mb-01957,train,2.3384564,2.2811327,1.8692317,1.765501
mb-04168,train,2.1238518,2.1888254,1.6627579,1.7929685
mb-04965,train,1.845098,1.8269135,1.6434526,1.6162276
mb-08256,train,1.3010299,1.3684697,1.0791812,1.1740617
mb-08043,train,1.80618,1.8343468,1.4913617,1.5779631
mb-10338,train,2.3096302,2.3526392,1.9444827,1.9921503
mb-10392,train,2.0863597,2.1462026,1.770852,2.0698297
af-fcfa27833696,train,1.4158278,1.5028764,1.1483374,1.132581
mb-06187,train,2.0827854,1.9897606,1.6232493,1.5405304
mb-01225,train,2.209515,2.2583468,1.9344984,1.9551451
mb-00800,train,1.991226,2.0924497,1.6720978,1.8275895
af-a38d3842bc09,train,1.1888525,1.3095522,0.82087964,1.0374597
mb-00821,train,2.1958997,2.3557434,1.9294189,2.033692
mb-08183,train,1.6627579,1.599686,1.30103,1.2568667
mb-09772,train,2.0043213,1.901135,1.5314789,1.4305241
mb-00316,train,2.0791812,1.9786838,1.748188,1.697361
mb-01327,train,1.9867718,2.0245595,1.6334685,1.6712081
mb-07766,train,1.968483,1.9501772,0.845098,0.7414097
mb-07698,train,2.2671716,2.2818093,2.0334237,2.0176063
af-93581ed0f35d,train,1.453786,1.7088232,1.2646148,1.1699085
mb-10170,train,1.4149734,1.3967524,0.9542425,0.9506046
mb-07675,train,1.6532125,1.5332515,1.462398,1.3689717
mb-08121,train,1.3617278,1.2369711,1.0,0.95922834
mb-00253,train,2.0530784,2.2017367,1.7993406,1.8792095
af-6b998687d5f6,train,1.8648076,1.7676785,1.26195,1.1232693
mb-02722,train,2.2833014,2.193452,1.6812413,1.6681377
mb-02663,train,1.0413927,1.1165588,0.7781513,0.86750567
mb-05328,train,1.6334684,1.6481447,1.5185139,1.4670719
mb-07588,train,2.447158,2.464737,2.1958997,2.2010524
af-b468cbf4ca46,train,1.5820327,1.3949019,1.2898875,1.0482101
mb-10368,train,1.8976271,1.8467681,1.6812413,1.6099827
mb-06223,train,1.8864907,1.8441869,1.5797836,1.4748452
af-bea649131691,train,2.0283434,1.7799928,1.2607723,1.1563388
mb-08402,train,2.2878017,2.3382711,2.1303337,2.1447165
mb-04254,train,2.1731863,2.2258182,2.0606978,2.1343253
mb-06803,train,1.7323937,1.7087137,1.2552725,1.225175
mb-00464,train,2.1702616,2.263481,1.9344984,1.9817245
mb-10033,train,2.2380462,2.1631927,1.9138138,1.7919033
mb-08160,train,1.5682018,1.5824535,1.39794,1.1263819
mb-08670,train,2.1038036,2.1978126,1.5682018,1.644036
mb-02879,train,1.9822712,1.9941806,1.50515,1.540118
mb-06561,train,1.6020601,1.6291602,1.2787536,1.2074792
mb-00079,train,2.071882,2.1566474,1.8750613,1.8827922
mb-08470,train,1.845098,1.8180745,1.447158,1.4632547
mb-09292,train,1.7558749,1.8394213,1.39794,1.4844301
af-704ad2430ab5,train,1.3509763,1.3934964,1.022684,1.1235813
mb-07793,train,1.7323939,1.7048812,1.4313638,1.437749
mb-10770,train,2.7596679,2.1645143,1.230449,0.7329053
mb-07653,train,1.929419,1.9083834,1.6334685,1.6036462
mb-09787,train,1.7853299,1.6596155,1.5682018,1.3956147
mb-06409,train,1.6232493,1.7066964,1.1760913,1.2633138
mb-01580,train,2.10721,2.1642008,1.6812413,1.7467899
mb-09304,train,1.8129134,1.6763844,1.3617278,1.2917315
af-19c353e662a4,train,1.3802112,1.3125496,1.1612332,1.0190709
mb-05998,train,1.60206,1.742424,1.0791812,1.2410157
mb-04813,train,1.0791812,1.0294286,0.845098,0.7742362
mb-01661,train,2.0863597,2.1108994,1.763428,1.753675
mb-08343,train,2.1818438,2.168342,1.146128,1.1268828
mb-09993,train,2.0334237,2.3998501,1.845098,2.0375352
af-462bb5f411a8,train,1.776015,1.4555264,1.256417,1.132895
mb-07414,train,1.8388492,1.8774223,1.5440681,1.4379061
mb-02228,train,1.1760913,1.2161921,0.90309,0.952121
mb-02364,train,1.7853299,1.7919762,1.6127839,1.6230911
mb-10159,train,2.1172714,2.063242,1.8512584,1.7368608
mb-04645,train,2.5646663,2.1885803,2.3138673,2.0212288
mb-03652,train,2.0413926,2.012446,1.7242758,1.7184458
mb-04385,train,1.8512584,1.8140143,1.4913617,1.47872
mb-01876,train,1.5185139,1.6506488,1.146128,1.2715735
mb-04789,train,1.8976271,1.8050964,1.5910646,1.5267547
mb-03565,train,2.1238518,2.0875447,1.819544,1.7117703
mb-04920,train,2.0253057,2.0354462,1.5314789,1.6682897
mb-08339,train,2.2227166,2.1962981,1.6532125,1.6370895
mb-02303,train,1.748188,1.6613871,1.690196,1.4685389
mb-08857,train,2.0211892,2.0548308,1.7075702,1.6770906
mb-10245,train,1.5797836,1.7395843,1.0791812,1.2211062
mb-02650,train,1.0791813,1.0399053,0.47712126,0.53246063
af-5ddfc73e119d,train,1.8159096,1.6180322,1.2096088,1.1573076
mb-04822,train,0.0,-0.18154725,0.0,-0.11417365
mb-00622,train,2.2253094,2.244085,1.9344984,1.8856705
mb-09724,train,2.2878017,2.307407,1.9590414,1.9493878
mb-09535,train,2.1038036,1.9936581,1.39794,1.3671119
mb-00293,train,1.8129134,1.8057365,1.30103,1.3438311
mb-04089,train,1.80618,1.7708108,1.3617278,1.3410695
mb-08134,train,0.90309,0.9274658,0.69897,0.75358766
af-5d6ade89e401,train,1.5903836,1.5348365,1.1025091,1.1543363
mb-03369,train,2.456366,2.2939548,2.3820171,2.2327852
mb-06946,train,1.5910646,1.6173135,1.2552725,1.3494394
mb-10985,train,1.770852,1.7083577,1.5797836,1.5205518
mb-01039,train,0.60206,0.5412342,0.30103,0.31931138
mb-04087,train,1.90309,1.8038527,1.6334685,1.5160315
mb-01692,train,1.6127839,1.602057,1.4913617,1.4458647
mb-07108,train,1.8512584,1.8059957,1.5563025,1.5296724
mb-07500,train,1.748188,1.7687101,1.230449,1.1771024
mb-00595,train,2.0413928,2.0607953,1.8633229,1.8436103
mb-08391,train,2.1003704,2.1301644,1.7323937,1.7380979
mb-05609,train,2.4828737,2.524587,2.1673174,2.2336478
mb-08661,train,2.178977,2.2204208,1.8750613,1.8262064
mb-03597,train,1.908485,1.8612691,1.4149734,1.4330915
mb-09432,train,1.5797837,1.657999,0.9542425,1.0179586
mb-00609,train,1.9444826,1.9379369,1.7403626,1.6432573
mb-03820,train,1.9242792,1.8105127,1.5314789,1.4899802
mb-10548,train,2.4653828,2.497928,2.1731863,2.2638907
mb-05708,train,1.763428,1.7927296,1.2787536,1.2656444
mb-02104,train,1.361728,1.4584435,1.1760913,1.2172558
mb-10427,train,2.25042,2.3168283,1.7853298,1.868252
mb-10330,train,1.7853298,1.9175909,1.4313638,1.6466825
mb-08294,train,1.8260748,1.8398813,1.5563025,1.6315929
af-e7d121efe2e9,train,1.4280782,1.2172232,1.2028506,0.8948505
mb-03996,train,1.9242793,1.9158175,1.7075702,1.6872083
mb-10479,train,1.8325089,1.8967046,1.6127839,1.6927872
mb-04952,train,1.90309,1.9771178,1.7781513,1.7811035
mb-01552,train,2.1875207,2.180075,1.8920946,1.8297683
mb-05471,train,1.6627579,1.612249,1.3802112,1.3976542
mb-05244,train,1.4149734,1.6320387,0.90309,1.0832602
mb-06822,train,1.39794,1.355727,1.230449,1.1843294
mb-01044,train,1.690196,1.6591661,1.4771212,1.4596864
mb-09035,train,1.4313638,1.3127469,1.1139433,1.0527749
mb-05046,train,1.4471581,1.4438049,1.2787536,1.2850759
mb-04137,train,2.120574,2.1157095,1.7853298,1.7539617
af-cd7dedbd84a6,train,1.3403331,1.2582388,0.97341746,0.8491626
mb-04845,train,2.0606978,2.117208,1.8573325,1.8773324
mb-06795,train,1.5563025,1.5439556,1.4149734,1.3871644
mb-04073,train,2.3856063,2.4619217,2.045323,2.1674895
af-ef00d5055a97,train,1.4265275,1.6492188,1.2158886,1.1456662
mb-04302,train,2.0863597,2.0366626,1.8325089,1.811579
mb-09282,train,2.0413926,2.1431572,1.8388491,1.8875566
mb-10453,train,1.4313638,1.4456618,1.0,0.95505196
mb-01168,train,2.1818435,2.194897,1.8633229,1.9018176
mb-06814,train,1.531479,1.5187826,1.30103,1.314237
mb-00114,train,2.1702616,2.173348,1.748188,1.8528618
mb-01758,train,2.0253057,2.0574079,1.845098,1.8806552
mb-06092,train,2.0791812,2.0304759,1.6627579,1.6230302
mb-08242,train,1.80618,1.8240287,1.5682018,1.6257256
mb-09449,train,1.8129133,1.8969314,1.5185139,1.6425828
mb-07055,train,1.1760912,1.1522644,1.0,0.9518286
mb-05302,train,2.1903317,2.2025204,1.8388491,1.8697603
mb-01070,train,1.4771212,1.5319748,1.2552725,1.2767109
mb-01364,train,1.8260748,1.8183088,1.4771212,1.4490862
mb-03844,train,2.0086002,1.9707853,1.3802112,1.3878546
af-95ecf6503575,train,0.7533279,1.1692011,0.8286599,0.8614134
mb-03322,train,1.690196,1.7087708,1.39794,1.4276491
mb-06798,train,2.269513,2.3391325,1.819544,1.9600219
af-af155c777063,train,1.0755725,1.1982367,0.8124735,0.90371954
af-814ca132a793,train,1.4472449,1.7253754,0.93207175,1.1326692
mb-10163,train,1.770852,1.6249263,1.5910646,1.4620849
mb-02783,train,2.1731863,1.5646632,1.5797836,1.4071686
mb-10357,train,1.7075702,1.9512529,1.5440681,1.7031273
af-1ed96631d184,train,1.3519489,1.47662,1.0690461,1.1274295
mb-07754,train,2.1846914,2.1475182,1.7403626,1.8088857
af-6df621acdc60,train,1.7667844,1.9238131,0.8927867,1.1193434
mb-07148,train,1.9956353,2.0219662,1.5563025,1.5840191
mb-02995,train,1.763428,1.7803937,1.4771212,1.4980321
mb-04900,train,2.3201463,2.37017,1.968483,1.9971249
mb-02387,train,1.6232493,1.5530868,1.4313638,1.3491361
mb-01988,train,2.0644581,2.0130246,1.5440681,1.4709312
mb-00664,train,1.6532125,1.6180811,1.3802112,1.320258
mb-04860,train,2.146128,2.1699874,1.9344984,1.9154468
mb-03227,train,1.9542426,1.9979291,1.5563025,1.6330019
mb-06994,train,2.0211892,2.1136057,1.8325089,1.8919215
mb-03185,train,1.845098,1.7302957,1.5185139,1.4111416
mb-01877,train,1.690196,1.6038973,1.39794,1.3158333
mb-01744,train,1.6901962,1.6417043,1.5563025,1.3877977
af-a00cc200e41c,train,2.0423117,1.9071044,1.2012004,1.1468519
mb-06911,train,1.4149734,1.4565117,1.1760913,1.2865086
mb-05282,train,1.9542425,1.9189626,1.6232493,1.5286325
mb-02686,train,2.2121875,2.2250323,1.8692317,1.8332323
mb-02670,train,0.8450981,0.8801399,0.7781513,0.76430154
mb-04273,train,1.4771212,1.4561065,1.0413927,1.0659759
mb-10558,train,1.9912261,1.9191341,1.2552725,1.1369805
mb-06289,train,2.2855573,2.2860138,1.9542425,1.9126537
mb-10156,train,2.1583626,2.1700706,1.8512584,1.828913
mb-02718,train,2.3117537,2.282208,1.9822712,1.9498725
mb-02189,train,1.8920946,1.903251,1.5440681,1.6069787
mb-00049,train,2.1846914,2.155356,1.7242758,1.7573376
mb-04367,train,2.1038036,2.1501348,1.8692317,1.814876
af-d80a8198ef24,train,1.5716298,1.7452561,1.0109907,1.1555061
mb-05718,train,1.2041199,1.2600467,1.0,1.0367048
mb-07325,train,1.724276,1.7663555,1.4913617,1.5245726
mb-08839,train,1.8260747,1.6350614,1.447158,1.3921255
mb-04209,train,1.90309,2.1524904,1.6434526,1.9071028
mb-01280,train,1.863323,1.858328,1.6127839,1.6831295
mb-02332,train,2.2227166,2.2196662,1.7781513,1.7735908
mb-00444,train,1.973128,2.0611377,1.7993406,1.8230785
mb-04427,train,1.6020601,1.097326,1.3424227,0.8415512
mb-10517,train,1.763428,2.0984697,1.3802112,1.7470558
af-868b8b96c147,train,1.7953446,1.8033903,1.1530309,1.164988
mb-04993,train,2.2988532,2.250377,1.8260748,1.6254767
mb-08643,train,2.3673558,2.3758698,1.9822712,2.0195916
mb-08408,train,2.198657,2.197308,1.4149734,1.4315032
mb-05123,train,2.220108,2.2159886,1.60206,1.6229349
mb-01770,train,1.748188,1.80988,1.3617278,1.5040387
af-8ff7034f6bd9,train,1.3750855,1.3900886,1.1019841,1.0802076
mb-03395,train,2.390935,2.368253,2.0569048,2.0144296
mb-04597,train,2.3579347,2.3347507,2.0334237,1.9413853
mb-04617,train,1.6901962,1.8063064,1.6334685,1.6877571
mb-06429,train,1.7242758,1.672363,1.4149734,1.3841245
mb-07712,train,1.230449,1.1725702,1.1139433,1.0700322
mb-03288,train,2.2227166,2.1985772,1.9242793,1.8758522
mb-08690,train,1.3222193,1.1580901,1.0,0.9487145
mb-01423,train,1.9637879,2.00734,1.5682018,1.6080968
mb-00394,train,1.0,1.0758879,0.60206,0.65508646
mb-06703,train,1.4149734,1.312797,1.0,0.93406814
mb-01746,train,1.3222193,1.2416174,0.845098,0.8107955
mb-00104,train,1.8573325,1.8057725,1.4771212,1.3878667
mb-10314,train,2.0827854,2.2006621,1.7242758,1.935227
mb-07850,train,1.9956353,2.0361595,1.6627579,1.5903888
mb-04204,train,2.232996,2.2024446,2.049218,1.99252
af-898a956acbc9,train,1.1240443,1.1153177,0.8946887,0.87618953
mb-07639,train,1.8129134,1.8593022,1.462398,1.5219511
mb-00315,train,1.7708521,1.7413781,1.4913617,1.4259354
af-5d94aa7e2ab2,train,1.4707353,1.3763751,1.2880882,1.0999253
mb-09367,train,1.7853298,1.6836035,1.3222193,1.2286687
mb-06762,train,1.9444827,1.9948945,1.6434526,1.6616578
af-53cf3e307753,train,1.6420746,1.5841719,1.2922162,1.2093968
mb-00179,train,1.462398,1.3413279,1.2552725,1.1523452
af-c4bedc78c6d4,train,1.7214446,1.4912219,1.2861577,1.0683084
mb-09806,train,2.230449,2.2228732,1.763428,1.7581139
mb-04304,train,1.845098,1.8458251,1.7323937,1.6316199
mb-08423,train,1.9190781,1.8925965,1.5314789,1.5909992
mb-02600,train,0.7781513,0.60751146,0.60206,0.5007309
mb-00997,train,2.390935,2.382637,2.0293837,2.023023
af-7a3214622338,train,1.6099496,1.8185605,1.2378277,1.1480504
mb-01029,train,1.80618,1.8036947,1.2787536,1.3008345
mb-09173,train,1.8061799,1.884389,1.7403626,1.7495061
mb-01182,train,2.1731863,2.204253,1.8808136,1.9439656
mb-02880,train,2.1903317,2.185846,1.8864907,1.857724
mb-06769,train,2.3979402,2.4052544,2.075547,2.0461512
mb-01880,train,1.531479,1.5567055,1.4313638,1.4433672
mb-00349,train,1.6127839,1.615631,1.4313638,1.4600002
mb-10859,train,2.5010593,2.3085155,2.1139433,2.0077991
mb-08410,train,1.6720979,1.542617,1.39794,1.3262525
mb-09417,train,0.84509814,1.4830697,1.1760913,1.0449487
mb-10924,train,2.2900345,2.3169956,2.0043213,1.9623019
mb-06072,train,1.9493899,1.887987,1.5314789,1.4789386
mb-01941,train,1.6989701,1.6641462,1.462398,1.3976324
mb-03253,train,1.690196,1.6882455,1.3617278,1.3659806
mb-07719,train,1.3617278,1.6955426,1.5910646,1.3769641
mb-02585,train,1.146128,1.2166371,0.90309,0.90647095
mb-01349,train,2.372912,2.3178542,1.8633229,1.8944107
mb-02401,train,2.2833014,2.2977726,1.8976271,1.8955142
mb-01234,train,1.1760913,1.1792338,0.7781513,0.8509202
mb-02907,train,2.1105897,2.1306958,1.4913617,1.4945854
mb-04671,train,2.2174838,2.3839033,2.0293837,2.1473434
mb-09497,train,1.7160034,1.7261269,0.9542425,0.91013426
mb-03973,train,2.0681858,2.0730326,1.0,1.1338322
mb-00183,train,1.7558749,1.7947187,1.39794,1.3944613
mb-00474,train,1.544068,1.5711873,1.0791812,1.1841373
mb-03758,train,1.3424227,1.4103354,1.230449,1.1986597
mb-09501,train,2.1238515,2.1726654,1.4771212,1.5824194
mb-00217,train,2.1430147,2.1784806,1.9590414,1.9729056
af-11465652ff31,train,1.8781757,1.7621773,1.2322284,1.1865029
mb-06875,train,2.3304138,2.2779067,2.0,1.9854326
af-d02fa8ced352,train,1.7138634,1.7161157,1.2926902,1.1995821
mb-01270,train,2.0681858,2.1039052,1.69897,1.6154529
mb-05773,train,2.120574,2.1935396,1.6720978,1.764451
mb-04315,train,1.8325089,1.9064534,1.6334685,1.6869826
mb-02933,train,1.361728,1.3819262,1.20412,1.211987
af-e394f16f4357,train,1.4816718,1.4346917,1.2522266,1.1781322
mb-05460,train,1.6532125,1.608494,1.230449,1.1839192
mb-01890,train,2.3692157,2.3767073,2.0293837,2.0249844
mb-01600,train,1.8573325,1.851533,1.6232493,1.6028426
mb-09774,train,1.8573325,1.8491731,1.3617278,1.3756651
mb-08293,train,1.5910646,1.5593073,1.3222193,1.3072493
mb-04228,train,2.1003706,2.045333,1.8512584,1.7182058
mb-00095,train,2.1731863,2.1989443,1.7781513,1.7996569
mb-00596,train,2.075547,2.118839,1.8692317,1.8899602
af-6c1834465c39,train,1.4769273,1.5343626,1.1200933,1.1713895
mb-05321,train,1.3617277,1.2252944,1.0791812,1.0087023
mb-04038,train,1.763428,1.8010933,1.2552725,1.1832088
mb-09896,train,1.6232493,1.5213838,1.4149734,1.2613158
mb-10687,train,1.7160034,1.7390809,1.146128,1.1793089
mb-05385,train,1.724276,1.6828375,1.30103,1.2519749
mb-07900,train,2.2855573,2.327518,1.9956352,1.9623203
mb-06250,train,2.2013972,2.2678754,2.0,1.952233
af-ae82019d3327,train,1.1412427,1.2371624,0.8086612,0.92976934
mb-09288,train,1.5682018,1.861057,1.146128,1.3896571
af-28b5a7baf331,train,1.1373067,1.1135153,0.90181565,0.8458624
mb-01784,train,1.94939,1.9430245,1.5563025,1.6070033
af-2acaed094658,train,1.3698816,1.3643466,1.0607356,1.0928698
af-fafcd08de9be,train,1.6540427,1.7292203,1.2641943,1.1337681
mb-07803,train,2.1172714,2.1049905,1.7781513,1.773072
mb-06978,train,2.3010302,2.2589138,1.9242793,1.8521531
mb-05092,train,1.7853299,1.8165119,1.5682018,1.6065079
af-c43242ccdc84,train,1.99792,1.9057823,1.1901159,1.1472391
mb-03932,train,2.0934217,2.016467,1.7075702,1.6308353
mb-02319,train,1.0413927,1.0585924,0.7781513,0.75945663
mb-03960,train,1.9190781,1.8529501,1.1139433,1.1232507
mb-01508,train,2.10721,2.1207855,1.7075702,1.6974267
mb-04322,train,2.161368,2.2142663,1.9777236,1.9376814
mb-09758,train,1.8750613,1.6883674,1.6434526,1.4555173
mb-01220,train,2.1522884,2.1582034,1.80618,1.8544248
mb-04759,train,1.690196,1.662286,1.4149734,1.3601189
mb-01468,train,2.0211892,2.17393,1.90309,1.884022
af-c01b5c54b086,train,1.1752596,1.2533661,0.7659873,0.94625163
mb-03910,train,2.049218,2.1161792,1.7558749,1.9357936
af-94bbce215f92,train,1.1445525,1.2720509,0.8986166,0.9753997
mb-09893,train,1.7708521,1.7751946,1.6127839,1.6038891
af-fe4e8bc133dd,train,1.4210558,1.4591241,1.1488987,1.1524143
mb-09668,train,1.9822712,1.8665047,1.7323937,1.6879923
mb-03891,train,2.2878017,2.316817,1.8976271,1.9456956
mb-03142,train,1.0,1.0744767,0.9542425,0.78601706
mb-01935,train,2.2227163,2.1861687,1.6232493,1.5795411
mb-07834,train,1.9444827,1.9046998,1.6812413,1.5843996
mb-06263,train,2.220108,2.2735753,1.7403626,1.8367888
mb-03464,train,2.3324385,2.4266798,2.1105897,2.0845962
mb-04923,train,2.1818435,2.1804512,1.7403626,1.775941
mb-09777,train,2.3159704,2.3191352,1.8808136,1.9143039
mb-06639,train,1.146128,1.1054897,0.9542425,0.9693071
mb-04949,train,2.064458,2.0788918,1.770852,1.7613527
mb-03029,train,2.2355285,2.28063,2.0530784,1.9287797
mb-08736,train,2.220108,2.1818047,1.8129133,1.7687833
mb-03096,train,2.3159704,2.3488994,1.8573325,1.9615934
mb-00530,train,2.071882,2.0834475,1.9590414,2.008344
mb-06394,train,2.346353,2.24897,2.0413928,1.914723
mb-07493,train,2.1903317,2.178291,1.9138138,1.9912566
mb-05956,train,2.378398,2.3940663,1.9542425,1.9967649
af-67e6bb73871b,train,1.0186547,1.0772194,0.71718186,0.70821786
mb-03207,train,2.1038036,2.0164516,1.6720978,1.5879103
mb-04411,train,1.5797837,1.5247148,1.30103,1.162037
mb-06599,train,2.1846914,2.2559876,2.1271048,2.1827998
af-e47932dc1209,train,1.3847117,1.5532446,1.2928959,1.077741
mb-08244,train,1.6334685,1.6377107,1.230449,1.3037473
mb-09808,train,2.2944663,2.3063006,1.9912261,1.964295
mb-03481,train,2.1931245,2.1494272,1.7160033,1.5859675
mb-04634,train,1.3222193,1.5161911,1.0413927,1.2205937
mb-03334,train,2.178977,2.1565838,2.075547,1.9766955
mb-09554,train,2.1430147,2.2235909,1.690196,1.6917312
mb-06204,train,1.9444827,1.9616003,1.4149734,1.4089928
mb-05582,train,2.2600713,2.238973,1.8692317,1.9482021
mb-04830,train,1.6434526,1.7079861,1.2552725,1.3061053
mb-10500,train,2.269513,2.2907398,1.8692317,1.8397374
mb-09971,train,2.045323,2.0692196,1.8129133,1.7863911
mb-01385,train,1.6812413,1.626456,1.4313638,1.297296
mb-04562,train,1.845098,1.826988,1.6232493,1.6177409
mb-08625,train,1.8976271,1.9018382,1.462398,1.6532477
mb-09107,train,1.20412,1.7830052,0.0,0.51875067
mb-07837,train,2.25042,2.2318945,1.6434526,1.6359262
mb-07840,train,2.029384,2.0784984,1.8325089,1.9264896
mb-09609,train,1.3617278,1.7167389,1.2552725,1.3731909
mb-08834,train,2.3117537,2.221179,2.2552724,2.1614149
mb-07361,train,1.6232493,1.5805867,1.3222193,1.3562006
mb-01965,train,2.120574,2.1752849,1.748188,1.8597041
mb-02314,train,2.220108,2.2387724,1.9956352,1.9610513
mb-04126,train,2.0530784,2.0897434,1.9344984,1.894169
mb-07991,train,1.7403628,1.7293677,1.3424227,1.3315693
mb-06676,train,2.2405493,2.2549086,1.8692317,1.867568
mb-05839,train,2.2855573,2.3158257,1.7558749,1.8032731
mb-08750,train,2.462398,2.4457617,2.2121875,2.1478095
mb-08418,train,2.0253057,1.9902761,1.50515,1.5098565
af-dfeec91885f9,train,1.7177172,1.7155426,1.290969,1.2014613
mb-07444,train,1.8976271,1.9555095,1.6232493,1.6563063
mb-10422,train,1.6901962,1.5933087,1.3424227,1.4660239
mb-08184,train,1.7558749,1.7860076,1.0,1.046636
mb-04640,train,1.8920946,1.8962727,1.2552725,1.2636905
af-aba7487ed0a2,train,1.3468261,1.5381463,1.1752827,1.131301
mb-03371,train,1.1760912,1.1099916,1.0,0.9841697
mb-02388,train,2.3598356,2.2756555,2.3304138,2.207912
mb-01606,train,2.220108,2.1346064,1.845098,1.806476
mb-04408,train,1.9138138,1.9441714,1.3424227,1.3904138
mb-08099,train,1.968483,2.169353,1.6812413,1.8974599
mb-00743,train,1.1139433,1.0340483,0.90309,0.82335407
mb-01630,train,2.1583624,2.1110716,1.8864907,1.8282131
mb-09418,train,2.3180633,2.3234885,2.0827854,1.9879719
mb-08585,train,2.049218,2.153984,1.763428,1.8673298
mb-01574,train,2.0934217,2.1249235,1.8692317,1.8089392
mb-03034,train,2.25042,2.342766,1.90309,1.9732119
mb-00132,train,1.7403628,1.7147449,1.6127839,1.6274296
mb-06009,train,1.8633229,1.6720564,1.50515,1.2135601
mb-09743,train,2.2966652,2.3474545,1.9590414,1.9889916
mb-09833,train,1.9084849,1.8260498,1.4771212,1.4106054
mb-09226,train,1.6334685,1.6252193,1.230449,1.1587334
mb-07176,train,2.2227166,2.0495381,1.20412,1.0520396
mb-09433,train,1.9637878,1.9691353,1.39794,1.3810133
mb-03254,train,1.8512583,1.9624623,1.60206,1.7643675
mb-09565,train,2.0681858,2.3966749,1.9731278,2.1462674
mb-02267,train,2.071882,2.0320783,1.50515,1.3599367
af-b859d5fa2793,train,1.3147875,1.4785376,0.9137736,1.0807707
mb-07172,train,1.7558749,1.7638254,1.30103,1.3155133
mb-09233,train,1.4771212,1.5009494,1.0791812,1.1264638
mb-10318,train,1.9590414,2.0900645,1.230449,1.2959157
mb-01901,train,2.0827854,1.8992968,1.69897,1.4808807
mb-02429,train,1.8260748,1.7705569,1.50515,1.4539642
mb-00244,train,1.6334685,1.4881868,1.39794,1.2600935
mb-05119,train,1.6532125,1.6522596,1.3802112,1.3443338
mb-08520,train,2.2810333,2.1913948,1.8920946,1.7882589
af-3dfa4e99c09c,train,1.4689319,1.3705401,1.239312,1.0986943
mb-08251,train,1.7323937,1.8074434,1.447158,1.4851605
mb-07985,train,2.4149733,2.4379106,1.845098,2.095605
mb-01713,train,2.5453072,2.5197496,2.2855573,2.3126214
mb-02654,train,1.5682017,1.4238486,1.5910646,1.444842
mb-07259,train,2.1238515,2.3587644,1.770852,2.030088
af-446e47ea5b60,train,1.2164588,1.1880549,0.8161504,0.8827903
mb-01866,train,2.2253094,2.23663,1.8692317,1.8767515
af-9ff6e8037144,train,1.6701586,1.7893544,1.1647037,1.2474844
mb-04817,train,1.80618,1.7645161,1.462398,1.4896454
mb-06532,train,2.1931245,2.200575,1.7323937,1.7053345
mb-08499,train,1.7708521,1.640805,1.6627579,1.5064644
mb-02987,train,1.6434528,1.7942901,1.4313638,1.5876924
mb-09575,train,2.130334,2.0307426,1.8260748,1.7030458
mb-10278,train,2.220108,2.324003,1.8692317,2.0480344
mb-07258,train,2.0043213,1.9641263,1.5314789,1.5089551
mb-05576,train,2.1367207,2.0519922,1.690196,1.6644211
mb-01340,train,2.130334,1.9282866,1.819544,1.7487203
mb-09261,train,1.3617278,1.3519026,1.146128,1.1621097
mb-02825,train,2.1522882,2.1877751,1.8129133,1.8790427
mb-00757,train,2.0827854,2.1464305,1.7923917,1.7670724
mb-04153,train,2.139879,2.162227,1.7923917,1.843927
mb-04874,train,1.3802114,1.437282,0.7781513,0.7203604
mb-06314,train,1.6532125,1.6855298,1.4771212,1.4620893
mb-04326,train,1.7923917,1.7774514,1.3802112,1.3985786
af-f40a8d6a42c6,train,1.8780849,1.8328614,1.25287,1.1492009
af-6562be30ba2f,train,0.90397286,0.94304,0.5170982,0.5920436
mb-03929,train,2.0374265,1.9602872,1.50515,1.4502969
mb-01657,train,2.1903317,2.228589,1.9294189,1.9470745
mb-10468,train,2.143015,2.2169814,1.1760913,1.2600043
mb-02175,train,1.230449,1.1805528,0.90309,0.89532274
mb-06216,train,2.1172712,2.208281,1.69897,1.7692373
mb-03423,train,1.819544,1.9307202,1.3617278,1.4128639
mb-05843,train,2.10721,2.1138487,1.6627579,1.6595843
mb-10452,train,2.1875207,2.2967706,2.089905,2.0221424
mb-09598,train,2.3579347,2.2181683,1.9956352,1.9222158
mb-04833,train,1.724276,1.7292514,1.30103,1.3674356
mb-10204,train,1.6627579,1.6556278,1.20412,1.2077365
mb-06915,train,2.298853,2.4240625,2.0043213,2.147318
mb-09657,train,1.763428,1.7919096,1.4149734,1.4299369
mb-07267,train,1.80618,1.8531454,1.5314789,1.5667675
mb-04580,train,1.9444827,1.8527368,1.6232493,1.5421431
mb-02473,train,0.4771213,1.2771413,1.146128,1.0775934
mb-03176,train,1.8388491,1.6485724,1.6720978,1.5573679
mb-10561,train,1.4471581,1.4668763,1.2552725,1.0750793
af-2acdf816a1ae,train,0.9542425,1.0045435,0.70597315,0.66639227
mb-02980,train,2.064458,2.0732346,1.6232493,1.6346866
mb-10747,train,1.7323937,1.8740392,1.3222193,1.4851177
mb-03283,train,1.5185139,1.5435778,1.30103,1.3366495
mb-09518,train,1.4313638,1.4845576,1.1760913,1.2523828
mb-07252,train,1.5185139,1.5753933,1.2787536,1.3407662
mb-03332,train,2.2764618,2.3672085,1.9590414,2.02149
af-c95606e8cb3c,train,1.941401,1.8687929,1.2012441,1.163353
mb-01372,train,1.8692317,1.9009371,1.30103,1.3336555
mb-09420,train,0.0,0.0033109486,0.0,-0.019884348
mb-07228,train,2.0170333,1.8708551,1.690196,1.6180357
mb-06474,train,1.6901962,1.6435778,1.2787536,1.3018385
af-006fb7132205,train,1.3364338,1.1653602,1.1150078,0.7960318
mb-03653,train,1.7923918,1.6585108,1.6334685,1.5266125
af-9b2cec3b37cf,train,1.6903927,1.6489162,1.1706254,1.1222328
mb-05198,train,1.8920946,1.8982884,1.6812413,1.6034074
mb-00082,train,1.5314789,1.6083382,1.3222193,1.3820516
mb-03447,train,1.5051501,1.5063981,1.2787536,1.2681541
mb-06774,train,2.3856063,2.2798007,2.1003706,2.060214
mb-03306,train,1.763428,1.8529572,1.3424227,1.4367251
mb-10133,train,1.9867717,2.004392,1.5910646,1.6335909
mb-09764,train,2.1760912,2.250708,1.7923917,1.6882374
af-190e395abaa7,train,2.186298,2.0866985,0.74391955,0.6714196
mb-01284,train,2.1931245,2.1408198,1.5185139,1.5295492
mb-01398,train,2.089905,2.0125234,1.90309,1.8350596
mb-08069,train,1.6720979,1.4814285,1.3424227,1.1536283
mb-03467,train,2.1172714,2.1213388,1.7075702,1.6967324
mb-10913,train,2.2253094,2.1064487,1.5910646,1.4556358
af-68c7755c6a18,train,1.5228066,1.4498978,1.2344743,1.1509851
mb-09084,train,1.6720978,1.6573861,1.447158,1.4730089
mb-03693,train,2.2380462,2.2915416,1.9956352,1.9829661
mb-07952,train,2.08636,2.088125,1.5563025,1.6425997
mb-07428,train,1.2552725,1.411995,0.90309,1.0538801
mb-04246,train,1.9777236,2.0292199,1.2787536,1.3851113
mb-08504,train,2.2121875,2.200049,1.7558749,1.6951488
af-7bafcd91e256,train,1.2357733,1.2055829,0.96943784,0.89695567
mb-06355,train,2.230449,2.3345842,1.9138138,1.9477377
mb-09871,train,1.7853298,1.7703688,1.39794,1.2750998
mb-01175,train,1.80618,1.7264776,1.3617278,1.2694552
mb-09386,train,1.5797837,1.8046495,1.3424227,1.5010958
mb-04707,train,1.8750613,1.8589525,1.5682018,1.555499
mb-10051,train,1.7403626,1.7579818,0.845098,0.9128551
mb-07706,train,1.8750613,1.8024731,1.5185139,1.5031997
mb-01964,train,1.7923917,1.9115572,1.3222193,1.4069445
mb-09320,train,2.2966652,2.32939,1.8976271,2.0120964
mb-08275,train,2.0170333,2.0487254,1.7781513,1.8464425
mb-07316,train,2.0569048,2.0738997,1.3617278,1.3685926
af-5891782b6443,train,1.5062046,1.7608002,0.9352301,1.1742562
mb-03187,train,2.3443923,2.413197,2.0934217,2.1242986
mb-06536,train,2.1760912,2.2101824,1.8129133,1.8481848
mb-07512,train,2.2878017,2.302693,2.1139433,2.0958488
mb-06914,train,1.7923918,1.8197811,1.30103,1.3383394
mb-02455,train,0.69897,0.74451435,0.60206,0.6972187
mb-07933,train,1.763428,1.7701937,1.4149734,1.389657
mb-05074,train,1.230449,1.1730127,0.9542425,0.8912302
mb-10249,train,1.7781513,1.7610157,1.6127839,1.6167538
mb-10926,train,2.064458,1.9837244,1.8920946,1.6797593
mb-10277,train,1.2787536,1.461941,1.1760913,1.2017049
mb-10394,train,1.7323937,1.74545,1.5185139,1.4871663
mb-10378,train,2.0934217,2.1300082,1.50515,1.5635161
mb-01862,train,1.90309,1.8583268,1.3802112,1.4199636
mb-04004,train,1.7558749,1.7392781,1.5797836,1.562663
mb-10961,train,1.9294189,2.1332855,1.69897,1.8054593
mb-06466,train,2.1731863,2.1580443,1.763428,1.6796658
mb-01034,train,2.1846914,2.2351213,1.5440681,1.4860765
mb-02231,train,2.1522884,1.9847183,1.5682018,1.5233145
mb-00002,train,1.9084849,1.9500251,1.7403626,1.7366586
mb-06682,train,1.7993406,1.8065593,1.5682018,1.581093
mb-06273,train,0.69897,0.52117646,0.60206,0.4498223
mb-05820,train,2.1367207,2.1762595,1.819544,1.8608577
mb-01079,train,1.8920946,1.7917286,1.5440681,1.5358433
mb-02153,train,2.3747482,2.2959747,1.819544,1.7742118
mb-00885,train,2.0,1.9636904,1.6334685,1.7566265
mb-10067,train,1.4913617,1.3964183,1.146128,1.0534576
mb-06486,train,2.0,2.0114603,1.5185139,1.582087
mb-04169,train,1.9344985,1.8561096,1.5563025,1.5328153
mb-09403,train,2.0128372,1.6925771,1.770852,1.6179149
mb-02321,train,1.39794,1.5278019,0.90309,1.0564762
mb-06388,train,2.3424227,2.3772008,1.9444827,1.992219
mb-02283,train,0.90309,0.91324234,0.69897,0.69361955
mb-07080,train,2.2552724,2.3016963,2.045323,2.0834131
af-3a6fa1590482,train,1.3970705,1.5294278,1.2054074,1.162944
mb-10643,train,2.2355285,2.190271,1.968483,1.9152491
mb-04536,train,2.0334237,2.0861857,1.8692317,1.8566475
mb-03289,train,1.7160033,1.7422721,1.0791812,1.1517651
mb-00765,train,1.9493899,1.8675904,1.7323937,1.6426449
mb-05431,train,2.440909,2.476827,2.303196,2.2206824
mb-06854,train,1.6434528,1.611525,1.1760913,1.2101195
mb-05987,train,1.748188,1.7027133,1.462398,1.4095178
mb-04269,train,1.5440681,1.5400106,1.3617278,1.3073887
mb-07299,train,1.2552724,1.2941049,1.0791812,1.1848426
mb-04454,train,2.4281347,2.4903314,2.1038036,2.213994
mb-04927,train,2.0293837,2.0040047,1.6720978,1.7007
mb-00764,train,1.94939,1.9272575,1.30103,1.2668083
mb-00090,train,2.2576787,2.2650352,2.0413928,1.9994671
mb-08094,train,1.8512583,1.7115792,1.4771212,1.3782421
af-3db1c6bb651f,train,1.7394845,1.1665269,1.2897985,0.85078984
mb-09557,train,1.968483,2.0598357,1.39794,1.4948144
mb-08765,train,1.8388491,1.8105475,1.5185139,1.4477203
mb-09848,train,0.9542425,1.0310783,1.0,1.2233897
mb-02214,train,2.1673174,2.2712111,1.8864907,1.9779643
mb-02830,train,1.7993406,1.8261168,1.20412,1.2625475
mb-05888,train,1.50515,1.6525178,1.3617278,1.4361889
mb-00978,train,2.4082398,2.3196924,2.139879,2.0263267
mb-04017,train,2.0569048,2.077939,1.2552725,1.3133394
mb-04676,train,2.0,2.0116186,1.3617278,1.4008157
af-30b4ea4c8457,train,1.4355689,1.4539307,1.1245662,1.1275382
mb-00647,train,1.80618,1.7798585,1.0791812,1.0329866
mb-06134,train,2.3344536,2.3255682,2.0569048,1.9113015
mb-08084,train,1.544068,1.5160298,1.3222193,1.3487376
mb-06925,train,0.7781513,0.7198764,0.47712126,0.49451542
mb-07278,train,2.2013972,2.1701255,1.8920946,1.8496374
mb-01943,train,2.209515,2.3208632,1.8750613,1.9768598
mb-04986,train,1.8195438,1.8899593,1.5797836,1.5736094
mb-06050,train,1.8325089,1.827751,1.3802112,1.3985491
mb-04914,train,1.9637879,1.9875858,1.5563025,1.5540112
mb-08300,train,2.0569048,1.9921429,1.50515,1.5294073
mb-05663,train,1.8976271,1.8981625,1.6627579,1.5309873
mb-03794,train,1.7558749,1.7433287,1.462398,1.3481956
mb-04182,train,2.198657,2.1869392,2.164353,2.0661705
mb-00380,train,1.7160034,1.7180487,1.5563025,1.531836
mb-03577,train,1.908485,1.7212756,1.6232493,1.4956869
mb-08806,train,1.6334684,1.7323368,1.1139433,1.2543412
mb-01894,train,1.7853298,1.8320087,1.3617278,1.4432907
mb-05882,train,1.7558749,1.7379009,1.5185139,1.5404
mb-02823,train,2.3324385,2.3413138,1.908485,1.9450471
mb-02737,train,1.9294189,1.8589121,1.4771212,1.4167066
mb-02533,train,2.3283796,2.2542348,1.447158,1.4529853
mb-00043,train,1.9294189,1.9681665,1.5797836,1.6312022
mb-05524,train,2.025306,1.9126556,1.6627579,1.5428516
mb-09212,train,1.7558749,1.7890854,1.4771212,1.4675889
mb-04507,train,2.120574,2.075331,1.8633229,1.8418548
mb-09438,train,1.7923918,1.8094296,1.146128,1.1627326
mb-10223,train,2.2718415,2.3418345,1.8920946,2.059381
mb-04442,train,2.0253057,2.1395583,1.5910646,1.7309724
mb-07727,train,1.748188,1.7167524,1.462398,1.440413
mb-07877,train,1.9777236,2.0236747,1.770852,1.8306775
mb-05815,train,2.0211892,2.0481038,1.4149734,1.5104041
mb-01003,train,2.4014006,2.3762155,2.1038036,2.0341492
mb-00713,train,2.2900345,2.368899,1.8692317,1.978795
mb-08214,train,1.6720978,1.7001941,1.4771212,1.4874594
mb-03938,train,1.7993406,1.8565221,1.3424227,1.3868858
mb-08132,train,2.0128372,2.11145,1.5797836,1.7583148
mb-06773,train,1.3617278,1.1463134,1.39794,1.2389836
mb-08432,train,2.2552724,2.2541864,1.9138138,1.807821
mb-00050,train,1.447158,1.4477063,1.0791812,1.115854
mb-10965,train,2.4668677,2.522984,2.3961995,2.2661777
mb-05426,train,1.8692317,1.8245101,1.447158,1.3732015
mb-00625,train,2.0863597,1.8928692,1.69897,1.6856947
mb-01292,train,1.3222193,1.2110019,1.0,0.8179544
mb-10232,train,2.178977,2.109431,1.770852,1.7838697
mb-07910,train,1.60206,1.6547489,1.50515,1.465725
mb-06651,train,2.0827854,1.9543989,1.6812413,1.6440499
mb-08147,train,1.3222194,1.226687,0.9542425,0.921483
mb-08222,train,2.3053513,2.264727,2.0170333,1.9227893
mb-06595,train,2.2966652,2.2501626,1.8750613,1.7770898
mb-00128,train,2.2013972,2.2411113,1.9542425,1.9751652
mb-05518,train,1.6812413,1.627283,1.3802112,1.309963
mb-06379,train,1.5185139,1.5806766,1.3424227,1.3348658
mb-01344,train,1.9444826,1.9441448,1.5314789,1.5586456
mb-02853,train,2.2121878,2.1525576,1.908485,1.8646641
mb-00554,train,2.045323,1.6450682,1.146128,0.9698948
mb-04393,train,2.20412,2.2951517,2.0530784,2.217483
mb-06726,train,1.3979399,1.3455297,1.0791812,1.1645726
mb-06492,train,1.7403628,1.7654787,1.462398,1.4331406
mb-00532,train,2.0606978,1.9393669,1.1139433,1.0121449
mb-06003,train,1.9395193,1.9566249,1.4913617,1.586956
mb-04638,train,2.0899053,2.0578823,1.6334685,1.556476
mb-03199,train,2.2810333,2.1913674,1.7160033,1.7147455
mb-06095,train,2.2479732,2.1308565,1.8573325,1.7328393
mb-04398,train,1.4771214,1.3679019,1.2787536,1.2625742
mb-10012,train,1.4149733,1.5331991,1.0791812,1.1007602
mb-07681,train,2.143015,2.1090763,1.8633229,1.8765694
af-44de732aff90,train,1.1214876,1.1852949,0.8373668,0.8834527
mb-10986,train,1.9542425,2.1048687,1.69897,1.8098848
mb-10974,train,1.7323937,1.6787155,1.2552725,1.2360854
mb-08818,train,2.1172712,1.928611,1.8573325,1.6054357
mb-10096,train,1.4149734,1.5971335,1.230449,1.3386289
mb-09962,train,2.2405493,2.1828384,1.7558749,1.7288427
mb-03159,train,1.9822712,2.005659,1.6532125,1.6928914
mb-07518,train,1.9777236,2.0293434,1.7403626,1.7272376
mb-08024,train,2.2855573,2.3611794,2.0530784,2.0837488
mb-05009,train,1.90309,1.9401264,1.7323937,1.7116163
mb-10337,train,2.1003704,2.2067337,1.6720978,1.7516474
mb-10087,train,2.1673174,2.1975257,1.90309,1.8844781
mb-05751,train,1.518514,1.5864084,1.462398,1.2832608
mb-03677,train,1.9190781,1.9405218,1.462398,1.5084506
af-fa88375bedf2,train,1.7083385,1.6624011,1.1568761,1.1193753
mb-07756,train,1.9242793,1.8332561,1.4913617,1.4627216
mb-03475,train,1.7160034,1.7443482,1.4149734,1.4099467
mb-05935,train,2.434569,2.479842,2.1553361,2.1867943
mb-05648,train,1.8750613,1.9180813,1.30103,1.3287916
mb-10126,train,1.9637878,1.9836941,1.7242758,1.7736661
mb-10729,train,2.25042,2.400947,1.9867717,2.0849705
mb-08386,train,1.8808136,1.9414393,1.0,1.1138601
mb-10114,train,1.9242792,1.9796914,1.690196,1.7376051
mb-01873,train,2.1673174,2.2161708,1.8573325,1.8959308
mb-09002,train,1.3010299,1.2886047,1.1139433,1.038805
mb-09669,train,2.139879,2.1587799,1.7923917,1.8533986
mb-01330,train,2.0211892,2.0026648,1.7403626,1.7331421
mb-09626,train,2.2041202,2.222241,1.4313638,1.5031089
mb-10081,train,2.1613681,2.2886395,2.1003706,2.2207294
mb-08326,train,1.3802112,1.5001174,1.3802112,1.4206969
mb-07304,train,0.9542425,0.86552256,0.69897,0.6663157
mb-01281,train,1.6434528,1.5041039,1.30103,1.2334938
mb-06105,train,2.146128,2.1927419,1.5185139,1.6491885
mb-04056,train,1.7323937,1.8147306,1.5314789,1.5883882
mb-04560,train,1.69897,1.6601303,1.4771212,1.3757851
mb-00080,train,2.0043213,2.0760562,1.7242758,1.8283442
mb-06779,train,1.4149734,1.4004242,0.90309,0.8974496
mb-07061,train,2.1430147,2.1608944,1.7923917,1.9095885
mb-09425,train,1.5185139,1.414857,1.2787536,1.1293397
mb-05953,train,2.4065402,2.410923,2.0606978,2.059672
mb-04629,train,1.462398,1.5388219,1.1760913,1.2321606
mb-06064,train,2.252853,2.2587261,1.845098,1.8908426
mb-07067,train,1.724276,1.7602718,1.2787536,1.3019779
mb-00222,train,2.2810335,2.3557813,1.9395193,1.9812927
mb-04877,train,2.1958997,2.2042084,1.5563025,1.6031969
mb-02571,train,2.1105897,2.1768322,1.845098,1.7739794
mb-04296,train,1.8633229,1.8865157,1.69897,1.6939079
mb-05272,train,2.0043213,2.049375,1.50515,1.6215714
mb-08209,train,2.240549,2.1599944,1.9590414,1.812573
mb-00788,train,1.8388491,1.8285207,1.3617278,1.2504019
mb-05599,train,2.4031205,2.4867952,2.161368,2.2110455
mb-03145,train,1.9294189,2.042961,1.5910646,1.8937668
mb-10044,train,2.2121878,2.1817997,1.7993406,1.8367262
mb-02897,train,2.2966652,2.3003364,2.146128,2.2265277
mb-04316,train,2.2355285,2.227456,1.8512584,1.8119742
mb-00402,train,1.897627,1.8913252,1.6720978,1.6736922
mb-10247,train,1.7853298,1.7131764,1.3617278,1.1225879
mb-05501,train,1.9242793,1.9170369,1.6627579,1.5721673
mb-00318,train,2.2121875,2.233636,2.161368,2.1080117
mb-00062,train,1.8512583,1.631573,1.4771212,1.3366516
mb-02631,train,2.08636,2.096521,1.8260748,1.8353777
mb-01375,train,2.0374265,2.0406675,1.5682018,1.600883
mb-06382,train,1.80618,1.7896631,1.2787536,1.2958156
mb-03262,train,2.2576785,2.2527504,1.6334685,1.5940684
mb-10730,train,1.4471581,1.6323174,0.9542425,1.1688029
mb-10713,train,1.5185139,1.5582346,1.2552725,1.3098768
mb-07584,train,1.7160034,1.6647905,1.4149734,1.3727511
mb-03743,train,1.9867717,1.9976915,1.763428,1.6927376
mb-00983,train,2.1931245,2.2023427,1.447158,1.4415598
mb-09263,train,2.2068257,2.2539206,1.2552725,1.3033714
mb-00750,train,1.8633229,1.8933154,1.5314789,1.685484
mb-09228,train,1.4913617,1.5174733,1.146128,1.2522385
mb-09665,train,1.9867718,2.1257558,1.6334685,1.7838991
mb-04631,train,1.8633229,1.8602358,1.748188,1.7265321
mb-05411,train,2.2764618,2.235309,1.8692317,1.8119024
mb-03365,train,2.1271048,2.211648,1.690196,1.7463886
af-af102a5a65dc,train,1.0012057,1.0477065,0.6240912,0.67089957
mb-03966,train,1.9242792,1.966964,1.763428,1.7519109
mb-07050,train,1.7160034,1.8299631,1.3424227,1.4393222
mb-05695,train,2.161368,2.0949254,1.4771212,1.4044926
mb-06596,train,1.6434526,1.6735312,1.2787536,1.4119705
af-74c0b1109069,train,1.4148431,1.2538017,1.1968336,1.0052016
mb-03706,train,1.8450981,1.8123302,1.5682018,1.6306343
mb-00424,train,1.6532125,1.6367724,1.3424227,1.269604
mb-08216,train,1.7242758,1.7986276,1.4771212,1.4448432
mb-02492,train,2.4927604,2.5189052,2.30103,2.2605758
mb-07028,train,1.5910647,1.6160635,1.30103,1.3170956
mb-00925,train,1.447158,1.4777787,1.1139433,1.091932
mb-10289,train,1.6334685,1.5563123,1.3424227,1.245393
mb-03616,train,2.09691,2.15276,1.9777236,1.9671395
mb-04546,train,2.1139433,2.1573555,1.9590414,1.8997079
mb-00901,train,1.8864907,1.9743782,1.7403626,1.7417185
mb-07816,train,2.2833014,2.2544637,1.50515,1.4831007
mb-03907,train,1.9190781,2.029659,1.7323937,1.788101
mb-06366,train,1.6020601,1.6428788,1.3424227,1.3119063
mb-05440,train,2.20412,2.1254888,1.748188,1.511164
mb-07136,train,2.155336,2.234749,1.770852,1.7894263
mb-03710,train,2.0374265,2.0861862,1.5440681,1.5922406
mb-08916,train,2.1931245,2.24246,1.8633229,1.9013782
mb-04570,train,2.238046,2.2472699,2.139879,2.0495472
mb-02306,train,1.4313637,1.6046683,1.0791812,1.2399683
mb-07244,train,1.9637878,1.9619293,1.7853298,1.6419717
mb-00850,train,1.7160034,1.7638617,1.230449,1.2618141
mb-10665,train,1.9637878,2.061757,1.146128,1.2446027
mb-07775,train,1.6232493,1.6082429,1.4149734,1.3947532
mb-01905,train,2.1875207,2.1134427,1.968483,1.911351
af-dd04eb665d00,train,1.9902438,1.8519502,1.2958792,1.1420202
mb-10280,train,1.5797837,1.6233286,1.1760913,1.2299633
mb-03742,train,1.8920946,1.9151773,1.3802112,1.4088264
mb-05684,train,1.5910647,1.5219883,1.462398,1.3183908
mb-06058,train,2.2455127,2.3314984,1.94939,2.0046222
mb-10937,train,2.2405493,2.2052705,2.0413928,2.0044596
mb-05381,train,2.0043213,1.9894103,1.5314789,1.5091168
mb-02796,train,2.264818,2.277144,2.2624512,2.194585
mb-05856,train,2.3117537,2.36559,2.0043213,2.018076
mb-02620,train,2.071882,2.0693352,1.7923917,1.8197725
mb-01410,train,1.8976271,1.9296869,1.6127839,1.665453
mb-01670,train,2.1673174,2.2368512,1.9242793,1.9721394
mb-02004,train,1.9822712,2.0248623,1.50515,1.6917715
mb-00829,train,2.1522884,2.1141505,1.7923917,1.6429305
mb-03257,train,2.421604,2.5158215,2.133539,2.283254
mb-00815,train,1.8512584,1.8485103,1.2787536,1.354275
mb-06057,train,2.0453231,2.0560184,1.6127839,1.5547769
mb-08349,train,1.6989701,1.7036775,1.5440681,1.5379337
mb-00746,train,2.1303337,2.1850266,1.9637878,1.994067
mb-01680,train,2.0791812,2.0998194,1.90309,1.7530318
af-5b8c6ef02fe2,train,1.1702852,1.2270797,0.95773464,0.94572103
mb-04783,train,2.0211892,2.0079865,1.69897,1.6793889
mb-00449,train,1.3617278,1.4599007,1.1139433,1.248466
mb-02903,train,2.10721,1.8701067,1.60206,1.5602636
mb-07487,train,1.6532125,1.651975,1.5563025,1.5153891
mb-09991,train,1.8129134,1.8058331,1.5440681,1.6317693
mb-03956,train,1.7558749,1.7520633,1.5185139,1.4828924
mb-00334,train,1.929419,1.8699049,1.6627579,1.5676029
af-cb1589626859,train,1.6343684,1.7102923,1.2703784,1.1672826
mb-04025,train,2.2944663,2.3755832,1.9867717,2.0118
mb-09334,train,2.2624512,2.2837217,1.9637878,1.9285249
mb-07046,train,2.2787535,2.2546475,1.7323937,1.8507851
mb-06424,train,2.0128372,1.9485416,1.6532125,1.5703747
mb-10881,train,1.8325089,1.8126738,1.748188,1.6981732
mb-04462,train,1.5563025,1.5609643,1.0,1.0887536
mb-08568,train,2.139879,2.1165562,1.7323937,1.7144729
mb-03567,train,2.0334237,1.9325743,1.6720978,1.5906332
mb-01731,train,1.8864907,1.8941547,1.2552725,1.284669
mb-04508,train,2.252853,2.2460284,1.9956352,1.9790974
mb-00251,train,1.9395192,2.073938,1.69897,1.7805629
af-31742ab3c0b2,train,1.2802186,1.3115742,0.9145557,0.9946087
mb-08484,train,1.9637879,1.9093964,1.5440681,1.3982896
mb-09083,train,1.6020601,1.6432391,1.1760913,1.3101348
mb-04739,train,1.30103,1.2844224,0.69897,0.7558035
mb-10746,train,1.1760912,1.2356933,1.0,1.0338776
mb-00887,train,2.369216,2.2543993,1.7853298,1.7584667
mb-04588,train,2.252853,1.9969237,1.0413927,0.79936475
mb-03326,train,2.1105897,2.1735013,1.69897,1.7360644
mb-07070,train,2.1139433,2.0481243,1.819544,1.7418039
mb-07006,train,2.2576785,2.2990315,2.0681858,2.0296288
mb-09081,train,2.049218,2.1263237,1.690196,1.7148173
mb-06929,train,1.7781513,1.6767815,1.5682018,1.4700011
mb-00377,train,1.80618,1.8665746,1.60206,1.6233242
mb-07920,train,2.0128372,1.9669216,1.5185139,1.4764892
mb-07073,train,1.30103,1.3315046,1.3802112,1.3854901
mb-00308,train,1.7993406,1.6853324,1.6532125,1.5273976
mb-06855,train,1.7160034,1.7802278,1.230449,1.2886003
mb-02386,train,2.3579347,2.420762,2.0681858,2.171723
mb-01412,train,1.20412,1.2964523,0.90309,0.9645893
mb-09947,train,2.146128,2.1773062,1.6434526,1.6798319
mb-04287,train,2.209515,2.2039115,1.770852,1.7879422
mb-06867,train,1.6627579,1.5308943,1.4313638,1.3056207
mb-04130,train,2.0606978,2.076417,1.6232493,1.5994143
mb-02259,train,1.819544,1.7477636,1.5440681,1.5263762
mb-09174,train,1.7075702,1.7503464,1.146128,1.1612699
af-1e7909598789,train,1.0997945,1.0572832,0.9076897,0.8165452
mb-09529,train,1.4471581,1.4332985,0.9542425,0.95599705
mb-10387,train,1.763428,1.8184432,1.447158,1.4380635
mb-02234,train,2.0492182,2.0181637,1.4149734,1.3890439
mb-02938,train,1.6232493,1.595533,1.3222193,1.2819996
mb-00428,train,2.1553361,2.0396445,1.9912261,1.8705347
mb-09748,train,1.6434528,1.5774969,1.1760913,1.1576664
mb-06930,train,1.7993405,1.8046734,1.6720978,1.6277903
mb-04350,train,1.748188,1.701878,1.230449,1.2305071
af-f89e741dc545,train,1.9544837,1.9984431,1.2840583,1.0754511
mb-02701,train,2.2329962,2.2298374,2.0086002,1.9241589
mb-01631,train,2.10721,2.0894315,1.845098,1.7823923
mb-02225,train,1.7781513,1.8368477,1.30103,1.3958405
mb-07066,train,2.178977,2.2003334,1.845098,1.8653485
mb-07100,train,1.7075703,1.7599635,1.1760913,1.2359686
mb-08587,train,2.1105897,2.1036215,1.5440681,1.5093422
mb-00589,train,1.8388492,1.8379035,1.4313638,1.5129527
mb-07864,train,1.5314789,1.5363891,1.2787536,1.2525301
mb-01755,train,1.90309,1.8182509,1.5797836,1.5218453
mb-08237,train,2.2922559,2.3898883,2.064458,2.1149814
mb-05226,train,1.9590414,2.029611,1.7853298,1.8131958
mb-01839,train,1.9542425,1.9478741,1.4149734,1.4253944
mb-05239,train,2.3242824,2.3059337,2.10721,1.9939921
mb-05652,train,2.161368,2.2211874,1.7075702,1.7167547
mb-10815,train,0.9542426,1.6421891,1.30103,1.3991314
af-5e2eae8429bd,train,1.7784827,1.5059633,1.2856361,1.076529
mb-08361,train,1.462398,1.3892109,1.20412,1.1296629
af-08c7d01b1f91,train,1.0232648,1.2988849,0.7019546,0.902159
af-c08b23695db0,train,1.6665704,1.745027,1.0730839,1.1272779
mb-01912,train,2.2552724,2.2717454,1.8920946,1.9510437
mb-07040,train,1.7781513,1.8420452,1.3424227,1.3809266
mb-06512,train,1.913814,1.9080002,1.462398,1.4690232
mb-04896,train,1.7075701,1.7218875,1.447158,1.3571637
af-eb724544dfdf,train,1.2486548,1.604857,0.8013543,1.0885842
mb-01564,train,2.2479732,2.2793112,2.0293837,1.9489886
mb-05384,train,1.8388491,1.4645462,1.5910646,1.316486
mb-00641,train,1.0413927,1.1029391,0.845098,0.9090657
mb-00457,train,2.0043213,1.9784358,1.845098,1.7754157
mb-01498,train,2.146128,2.2349007,2.1818435,2.165624
mb-07265,train,1.5910647,1.6462612,1.30103,1.3249668
mb-07210,train,1.4313638,1.4903369,0.9542425,1.0473206
mb-00323,train,1.8750613,1.7977464,1.7242758,1.5936627
mb-03379,train,2.3117537,2.2250857,1.8573325,1.8213886
mb-03410,train,1.4771214,1.578338,1.2787536,1.3389997
mb-09978,train,0.47712126,0.55431086,0.0,0.025823832
mb-02094,train,1.9242792,2.0127115,1.763428,1.7899773
mb-03238,train,2.0253057,1.9592506,1.69897,1.6118398
mb-03091,train,2.0492182,2.1353428,1.7993406,1.8721558
mb-03842,train,2.2380462,2.2441032,1.8573325,1.789321
mb-08171,train,2.198657,2.1888092,1.770852,1.8021698
af-4db77c268007,train,1.7455518,1.8135742,0.71320987,1.1466517
mb-01515,train,1.8325089,1.849369,1.6232493,1.6034998
mb-03593,train,1.9395192,1.9055384,1.7403626,1.7070185
mb-08682,train,2.1583624,2.2365866,1.8573325,1.8775277
mb-09536,train,1.6532125,2.1399977,1.39794,1.7638998
mb-01156,train,1.9294189,1.9149766,1.6434526,1.5708756
mb-03347,train,1.7558749,1.8407087,1.39794,1.5071193
mb-03994,train,2.2227163,2.2817574,2.1818435,2.2059193
mb-02035,train,2.2648177,2.2087677,1.8692317,1.745742
mb-04649,train,1.9822712,2.0203183,1.6232493,1.7056892
mb-02410,train,1.30103,1.2387244,1.0,0.9418008
mb-06310,train,2.209515,2.2783217,1.8633229,1.8797323
mb-00484,train,2.2380462,2.158427,1.763428,1.6972978
mb-05438,train,2.0569048,2.0101388,1.5682018,1.617946
mb-00883,train,2.2278867,2.2635384,2.1038036,2.1379905
mb-07528,train,2.1367207,2.2366326,1.7558749,1.8006485
mb-04485,train,1.9867717,2.0689213,1.9138138,2.006897
mb-04689,train,1.6532125,1.5076327,1.1139433,0.9695292
mb-01598,train,1.5051501,1.4796181,1.30103,1.3140502
mb-06613,train,1.770852,1.8261359,1.3802112,1.4302812
mb-01418,train,1.4313638,1.665997,1.1760913,1.3518544
mb-04131,train,2.1139433,2.1275377,1.5910646,1.6027055
mb-08071,train,1.3010299,1.3466218,1.0791812,1.1166153
af-1b77bae9c459,train,1.0117649,1.0879626,0.73932385,0.84058166
mb-06765,train,1.6720979,1.6537389,1.6627579,1.5486492
mb-09898,train,1.763428,1.3842189,1.4913617,1.1667997
mb-05747,train,1.6434528,1.6934435,1.20412,1.2355728
mb-04710,train,1.0413927,0.9777634,0.69897,0.69141275
af-ab4dcaad9226,train,1.6687995,1.583523,1.223579,1.1555612
mb-05236,train,1.6901962,1.7269151,1.462398,1.456761
af-5ff815c1453a,train,1.7656894,1.745415,1.227956,1.1320412
mb-07812,train,1.763428,1.680965,1.6532125,1.4782981
mb-04551,train,1.8260747,1.709485,1.7160033,1.6022987
mb-07964,train,2.1760912,2.2241426,1.447158,1.4511911
af-037bff19ad42,train,1.2836788,1.4976118,1.099791,1.2111712
af-af102afc1723,train,1.796912,1.6444327,1.1919844,1.1780994
af-bcee7bb7be81,train,1.7416329,2.0636673,0.85668117,1.0806589
mb-10193,train,2.049218,2.0503411,1.6232493,1.678311
af-8fb97d56ef98,train,1.0243953,1.0451137,0.67869955,0.7358537
mb-08961,train,2.1303337,2.083734,1.770852,1.6999137
mb-06589,train,2.143015,2.1415248,1.9777236,1.9580811
mb-09869,train,2.1522884,2.1715121,1.9344984,1.9098545
mb-04672,train,1.230449,1.0577801,0.90309,0.73911667
mb-05129,train,1.8573325,1.8886325,1.7403626,1.6939632
mb-02566,train,2.1238518,2.156286,1.9190781,1.9626293
af-e25556eec02a,train,1.6767166,1.6258405,1.1431586,1.1429504
mb-09262,train,2.209515,2.1975584,1.9395193,1.8406851
mb-07680,train,1.1760913,1.1013913,0.9542425,0.93061495
mb-07505,train,1.30103,1.1532671,1.3802112,1.2786307
mb-08269,train,0.7781513,0.72885406,0.47712126,0.4524294
mb-01553,train,1.7923918,1.7710135,1.3424227,1.3650442
mb-01384,train,1.3010299,1.4107001,1.0791812,1.2144322
mb-09059,train,1.447158,1.4380717,1.1139433,1.1758475
mb-07410,train,1.6901962,1.7113903,1.4913617,1.5382514
mb-04709,train,1.6334685,1.7494903,1.230449,1.3115342
mb-01881,train,2.0086002,2.0033658,1.8512584,1.8394141
mb-06531,train,1.8920946,1.920079,1.3617278,1.380012
mb-00389,train,1.748188,1.7557523,1.2787536,1.2531924
mb-07391,train,2.20412,2.171139,1.69897,1.702304
mb-00543,train,1.4149734,1.4053682,1.462398,1.2265273
af-726d23846430,train,1.6189189,1.7308233,1.2923491,1.1342182
mb-02579,train,2.2671716,2.2746253,1.9344984,1.9721328
af-536c2f463e4f,train,1.0541456,1.1656961,0.8492701,0.872459
mb-07795,train,2.2900345,2.3129168,1.9444827,1.9399166
mb-04706,train,0.60206,0.5632514,0.60206,0.5145691
mb-08756,train,1.8920946,1.8545814,1.6434526,1.5637664
mb-07078,train,1.8864907,1.8199768,1.5185139,1.3859787
mb-06939,train,1.845098,1.8152893,1.5185139,1.5045997
mb-03707,train,2.20412,2.135669,1.7781513,1.6528237
mb-00344,train,2.075547,2.0190134,1.770852,1.6912402
mb-07826,train,1.6627579,1.7522594,1.3617278,1.4484495
mb-06605,train,2.1931245,2.1167552,1.7781513,1.6789823
mb-05325,train,1.69897,1.641428,1.60206,1.4996427
mb-06883,train,1.7323937,1.7529818,1.3617278,1.4029652
mb-04764,train,2.209515,2.145993,1.7993406,1.7845407
mb-07958,train,2.2648177,2.311323,1.90309,1.9415315
mb-00311,train,1.8325089,1.8054123,1.6127839,1.5744197
mb-02317,train,1.4313637,1.5244831,1.0791812,1.2061373
mb-01056,train,1.146128,1.0886248,0.69897,0.71644545
mb-01272,train,1.4313638,1.5500805,0.845098,0.93782246
mb-03258,train,2.2278867,2.221909,1.845098,1.7516522
mb-01543,train,2.3180633,2.3409233,2.0334237,2.0175858
mb-03520,train,2.307496,2.4150028,2.1105897,2.17099
mb-09172,train,1.5185139,1.515496,1.2787536,1.3519903
mb-02793,train,1.9242792,1.9828025,1.7242758,1.7509143
mb-03412,train,2.376577,2.4302258,2.0791812,2.0944536
mb-07160,train,1.30103,1.5067194,1.5440681,1.500081
mb-08655,train,2.2718415,2.338978,1.8573325,2.002425
af-bca3f4fd2918,train,1.4859825,1.309154,1.1684946,0.9964026
mb-00033,train,1.1760913,1.2543011,0.90309,0.98821443
mb-04762,train,2.220108,2.275149,2.139879,2.1933312
mb-03013,train,2.0606978,2.0719204,1.748188,1.8027564
mb-02058,train,0.90309,1.1214191,0.9542425,1.0251931
mb-06343,train,2.2833014,2.258551,1.80618,1.8936598
mb-05125,train,2.1818435,2.2474248,1.9138138,1.9716661
mb-10588,train,1.8920946,1.9115515,1.6627579,1.7087852
mb-04219,train,2.1172712,2.0897439,1.7923917,1.7848314
mb-08046,train,1.8325089,1.8290703,1.3802112,1.4343837
mb-03734,train,2.0569048,2.0174687,1.5797836,1.4675297
mb-08523,train,1.9242793,1.9001924,1.5440681,1.5403281
mb-00047,train,2.2718415,2.3382866,1.9444827,2.0144625
mb-00467,train,1.8450981,1.8163325,1.5682018,1.5116615
mb-00215,train,1.5563025,1.5774207,1.30103,1.3892361
mb-06847,train,1.763428,1.7376697,1.447158,1.4179333
mb-10605,train,0.30102992,1.5176815,1.5185139,1.3280237
mb-06085,train,2.146128,2.222189,1.7403626,1.7783599
mb-01113,train,1.5910646,1.5651453,1.3617278,1.3099257
mb-05662,train,1.9822713,1.9599675,1.5682018,1.5380628
mb-08399,train,2.0899053,2.1324964,1.8512584,1.8147916
mb-08895,train,1.5314789,1.5802922,0.90309,0.8950837
mb-01652,train,1.0413927,1.1297548,0.7781513,0.85591
mb-04568,train,1.8976271,1.840496,1.4771212,1.4382114
mb-06965,train,2.326336,2.2492425,1.50515,1.4493589
mb-00498,train,1.9242792,1.8057761,1.50515,1.4409186
mb-09745,train,2.3304138,2.1502771,2.0413928,1.9350367
mb-00309,train,1.4471581,1.3947256,1.2787536,1.3383334
mb-10982,train,1.7781513,1.7577219,1.4149734,1.4479783
mb-06733,train,2.143015,2.1137938,1.819544,1.7688811
mb-05190,train,2.045323,2.0436287,1.8260748,1.8273065
mb-09370,train,2.0530784,2.0932055,1.748188,1.7846117
mb-04502,train,2.389166,2.3839233,1.9444827,1.9874514
mb-09079,train,0.8450981,0.7946736,0.60206,0.568081
mb-07566,train,1.7853298,1.9338646,1.4771212,1.6340234
mb-04519,train,2.10721,2.0765917,1.5185139,1.449128
mb-00679,train,1.20412,1.0886743,0.9542425,0.807143
mb-01612,train,1.7323937,1.6892915,1.30103,1.272359
mb-01725,train,1.8633229,1.8366692,1.39794,1.4005951
mb-10380,train,1.5563025,1.5693212,1.0413927,1.0820382
mb-03388,train,1.5797837,1.6319582,1.462398,1.4564401
mb-06103,train,1.3802112,1.2218776,1.146128,1.0618118
af-55d0a6e60c49,train,2.0747726,1.8358781,1.2196761,1.1290262
mb-00763,train,1.8260747,1.7847624,1.7403626,1.5852787
mb-01940,train,2.1818435,2.2715514,2.0170333,2.0718977
mb-01507,train,1.9542426,1.9175159,1.6127839,1.6146045
mb-03811,train,1.462398,1.4959114,1.30103,1.2983679
mb-10531,train,1.4149734,1.5689509,1.0413927,1.2461565
mb-02149,train,2.3324385,2.203226,1.770852,1.60531
mb-03214,train,1.9493899,1.9814417,1.8573325,1.7798657
af-b8b8a59bed65,train,0.9661417,1.2983462,0.71193624,0.9026683
mb-02053,train,2.0863597,2.0814714,1.8129133,1.8334308
mb-07717,train,1.7403628,1.6879333,1.4149734,1.4263034
af-e902b528d009,train,1.6592009,1.4724646,1.1265146,1.1508377
mb-08444,train,2.4166405,2.3806002,2.3802114,2.2520916
mb-05166,train,0.7781513,0.83528197,0.30103,0.3364693
af-2d7e4e8b51a2,train,1.5115224,1.5091279,1.1729822,1.0531341
mb-00981,train,1.6901962,1.6851017,1.462398,1.4042299
mb-07602,train,1.7923918,1.8033178,1.462398,1.488287
mb-07130,train,2.3747482,2.3777587,2.0530784,2.0263247
af-8770a7b53129,train,1.3074961,1.3498557,0.9757038,1.0055027
af-6be08f2a9d7b,train,1.8682523,2.000035,1.1159499,1.1395652
mb-09011,train,2.0530784,2.081797,1.94939,2.0071507
mb-04724,train,1.8864908,2.0932946,1.7993406,1.9686553
mb-02117,train,2.1139433,2.1436539,1.7075702,1.7969928
mb-01721,train,2.071882,2.0703642,1.7853298,1.8825125
mb-05376,train,2.3521824,2.3288164,2.049218,2.0307994
mb-04148,train,2.0374265,2.0671458,1.6232493,1.6515093
mb-05022,train,2.0086002,2.0483613,1.763428,1.850205
mb-03135,train,1.5185139,1.5824611,1.30103,1.3320719
mb-06520,train,1.6232493,1.6949496,1.2787536,1.360081
mb-05095,train,2.2576785,2.2353444,2.0211892,1.9816399
mb-06202,train,1.6901962,1.7250811,1.4313638,1.4921095
mb-03934,train,1.8633229,1.8165488,1.4771212,1.5068892
mb-03012,train,1.9344984,1.9696543,1.447158,1.4740616
mb-02799,train,1.9956352,2.196109,1.845098,1.9147136
mb-02876,train,2.09691,2.1000085,1.6720978,1.6697601
mb-02525,train,2.3802114,2.4124484,2.09691,2.088653
af-86952ebb6037,train,1.4475007,1.4644841,1.2453325,1.1475673
mb-04889,train,1.8512583,1.9241662,1.447158,1.5150696
mb-04456,train,0.845098,0.82816267,0.30103,0.27286708
mb-03194,train,2.1673174,2.1676795,1.770852,1.7448796
mb-06180,train,1.7708521,1.8072119,1.5563025,1.5992849
mb-02545,train,1.4471581,1.4090809,1.2552725,1.2615739
mb-05144,train,0.47712126,0.37163576,0.30103,0.2688421
af-92d5bfe0c38e,train,0.92599905,0.8966169,0.7088694,0.6114841
mb-10130,train,1.9590414,1.926758,1.3617278,1.3377985
mb-03181,train,0.47712123,0.88527393,1.1139433,1.1533372
mb-05324,train,2.2479732,2.281223,1.8976271,1.9467962
mb-01928,train,1.1760912,1.2798101,1.0,1.0693216
mb-09642,train,2.2764618,2.2280788,1.8808136,1.9416214
mb-08507,train,2.3692157,2.4487839,2.064458,2.1393247
mb-09617,train,2.064458,2.076422,1.5797836,1.6714214
mb-01730,train,2.0827854,2.0720942,1.845098,1.8314096
mb-01133,train,1.462398,1.3285699,1.0,0.7675825
mb-05135,train,1.763428,1.7250419,1.3222193,1.3062083
mb-07897,train,1.4149734,1.4152293,1.146128,1.2844822
mb-09318,train,1.60206,1.5776784,1.1139433,1.0163623
mb-09242,train,1.9190781,1.8185673,1.3222193,1.2606156
mb-04639,train,0.9542425,1.0208942,0.69897,0.77364385
mb-09209,train,2.1931245,2.231161,1.60206,1.6836965
mb-01419,train,1.8325089,1.8942611,1.4913617,1.5806557
mb-09778,train,1.908485,1.7601584,1.39794,1.2788863
mb-07466,train,2.0530784,1.8276123,1.6532125,1.5842745
mb-00015,train,2.2648177,2.2254512,1.8750613,1.8500187
af-d176291d7c97,train,1.724822,1.8045446,1.2430927,1.1613966
mb-04138,train,1.8388491,1.7549171,1.3617278,1.2915957
mb-06244,train,2.0530784,2.0961444,1.5797836,1.6585175
mb-02657,train,2.357935,2.3138366,1.8976271,1.9717433
mb-02690,train,2.220108,2.2403927,1.90309,1.9042386
mb-05620,train,1.146128,1.253331,0.90309,1.012612
mb-09345,train,1.7923917,1.6483027,1.5185139,1.5484872
mb-06071,train,1.8976271,1.9001366,1.2787536,1.3094326
mb-06148,train,2.0374265,2.0070295,1.462398,1.3577802
af-c461c6bc5ee6,train,1.5302715,1.760824,1.2631814,1.1571294
mb-02500,train,1.1760913,1.4868897,0.90309,1.0595636
mb-05260,train,1.8388491,1.9351953,1.3222193,1.5088019
af-99292c09a16a,train,1.4426804,1.4012821,1.1729355,1.1215003
mb-05217,train,2.2227166,2.2985032,1.8750613,1.9383229
mb-03512,train,1.3802112,1.5689533,1.30103,1.4018552
mb-10738,train,1.748188,1.7744728,1.2787536,1.3329997
mb-01923,train,2.130334,2.053342,1.8976271,1.8230549
mb-02666,train,1.908485,1.7210689,1.462398,1.2656494
mb-00960,train,2.0606978,2.069043,1.8573325,1.8574021
mb-06437,train,2.1003706,2.1667576,1.9294189,1.9494908
mb-10607,train,2.2121875,2.2209723,1.3617278,1.4640356
mb-00373,train,1.50515,1.5409927,1.447158,1.4631146
mb-10371,train,1.7160033,1.7841789,1.0791812,1.1755799
mb-08061,train,2.2624512,2.2991924,1.9731278,1.9810141
mb-10302,train,0.845098,0.8148242,1.0791812,1.1061263
mb-07549,train,2.1643527,2.2383196,2.1303337,2.1332147
mb-07036,train,1.8633229,1.9830415,1.60206,1.6072385
mb-08956,train,2.2329962,2.209209,1.9444827,1.9330144
mb-01768,train,1.4313638,1.5709779,0.9542425,1.0975647
mb-10236,train,1.6532125,1.6273818,1.0791812,1.1436872
mb-03603,train,2.060698,2.085722,1.462398,1.5751466
af-978182b72d30,train,1.1354856,1.2761402,0.6009413,0.88140005
mb-06547,train,1.69897,1.7309129,1.3802112,1.4301587
mb-10369,train,1.6232493,1.7695062,1.50515,1.5682796
mb-09198,train,1.9822713,1.9956293,1.6812413,1.7071944
mb-07831,train,1.5797836,1.5352311,1.3617278,1.2786343
mb-08638,train,2.089905,2.0855277,1.60206,1.5815724
mb-01338,train,1.9242792,2.0098326,1.8129133,1.814468
mb-09522,train,2.2479732,2.277487,1.7075702,1.66359
af-348aaceb97a7,train,1.5326958,1.6319729,1.11587,1.1403701
mb-04181,train,2.3222194,2.2916615,2.3324385,2.220881
mb-00076,train,1.690196,1.7191703,1.5910646,1.5323329
mb-01723,train,1.39794,1.3388057,1.230449,1.2162782
mb-06753,train,1.5563025,1.4955859,1.3424227,1.3562958
mb-00732,train,2.0374265,2.0353885,1.6627579,1.7014779
mb-07601,train,1.2552725,0.7687039,1.30103,0.8732485
mb-05379,train,2.365488,2.3611078,1.9242793,2.0200868
mb-05480,train,2.1583626,2.1740422,1.94939,1.975599
mb-01717,train,1.6989701,1.7457008,1.2787536,1.307368
mb-09384,train,2.1673174,2.124096,1.7403626,1.7796032
mb-10809,train,1.9344985,2.0505526,1.4149734,1.5591592
af-0f80aff62bbe,train,1.1914287,1.1858444,0.9211124,0.9661048
af-e182ca9954d9,train,1.7625954,1.9998958,1.2948056,1.1094694
mb-07659,train,2.2624512,2.2517977,1.7403626,1.7014172
mb-00307,train,2.3096302,2.2850857,1.9956352,2.047349
mb-07413,train,1.146128,1.3915205,1.0413927,1.2800714
mb-10509,train,2.1172712,2.382425,2.0827854,2.0430074
mb-03245,train,1.69897,1.680418,1.4771212,1.4686234
mb-05873,train,1.5440681,1.5408252,1.30103,1.3703364
mb-10288,train,2.1583624,2.2070556,1.7242758,1.7238013
mb-06224,train,1.8388491,1.7132711,1.4913617,1.3728205
mb-01769,train,1.7993406,1.7413614,1.6334685,1.5522555
mb-02542,train,2.0170333,1.9221578,1.763428,1.6389352
mb-09160,train,1.9912261,1.8149348,1.6434526,1.4852339
mb-03694,train,2.4608977,2.3366997,2.3117537,2.2454877
mb-03852,train,2.1367207,2.1360369,1.9190781,1.9121364
mb-09981,train,1.518514,1.4994088,1.5440681,1.5263177
af-863dc62f9262,train,0.9254487,0.8408844,0.6659616,0.65063757
mb-03997,train,2.3521824,2.3705468,1.9138138,1.9854195
af-989235fd2b67,train,1.6546578,1.570266,1.2707138,1.204938
mb-00886,train,2.089905,2.0976157,1.9344984,1.8618103
af-7b2394cca289,train,0.92312896,0.76910496,0.5864905,0.57013714
mb-03819,train,2.0791812,2.0839524,1.6334685,1.6668612
mb-02548,train,1.518514,1.5280051,1.4313638,1.3134454
mb-03881,train,1.9395192,1.9423583,1.3802112,1.4798099
mb-10153,train,1.5682018,1.9117408,1.462398,1.6266361
mb-03190,train,1.9731278,1.9789102,1.5797836,1.500151
af-a5e69f3c807b,train,1.3892654,1.5603682,1.0290793,1.1674706
mb-01454,train,1.9493899,1.9731053,1.4771212,1.4562775
mb-02647,train,1.8633229,1.7437993,1.5185139,1.4555521
mb-10869,train,2.2741578,2.280268,1.845098,1.8856423
mb-08823,train,1.6127838,1.6241243,1.0791812,1.1575484
mb-06995,train,1.8864908,1.9156302,1.5682018,1.5763034
mb-08582,train,1.6232493,1.5532274,1.3222193,1.2758687
mb-04244,train,1.8388491,1.897647,1.5185139,1.5461661
mb-10477,train,1.9777236,2.0535579,1.7853298,1.820853
mb-05948,train,1.9822712,1.9095584,1.5797836,1.5715157
mb-10883,train,1.8976271,2.0897698,1.7558749,1.8400265
af-c9706e203eac,train,1.2040901,1.4679509,0.7830842,1.0940661
mb-08874,train,2.20412,2.2525535,1.8260748,1.8266922
mb-00869,train,1.9190781,1.9130194,1.7558749,1.6364099
mb-05849,train,2.1038036,2.0776396,1.5910646,1.5607989
mb-09456,train,1.5563025,1.8387015,1.3617278,1.541305
mb-06225,train,1.6812412,1.6969182,1.447158,1.4796427
mb-03602,train,2.3201463,2.2664502,2.1958997,2.1882691
mb-07502,train,1.30103,1.3240101,0.47712126,0.40473878
mb-09780,train,0.90309,1.1402433,0.90309,1.0309234
mb-08430,train,1.7558749,1.8409743,1.3222193,1.5222925
mb-05517,train,1.9344985,1.9067645,1.462398,1.4728799
mb-09713,train,2.1105897,2.2104566,1.60206,1.9318389
mb-00567,train,1.3424227,1.3559194,1.0413927,1.0185204
mb-03546,train,1.80618,1.8316259,1.4313638,1.4836406
mb-01362,train,1.462398,1.680898,1.2552725,1.4219805
mb-08980,train,1.7781513,1.9475799,1.5797836,1.7329252
mb-02485,train,2.2900345,2.3407247,1.9542425,1.9541919
mb-03215,train,2.4031205,2.479628,2.164353,2.1622593
mb-07382,train,1.3617278,1.4160522,0.90309,0.97406983
mb-03015,train,2.4517865,2.4234085,2.38739,2.2582116
af-15bf2c0b12f9,train,1.0019326,1.1621623,0.69488585,0.76215094
mb-08364,train,1.20412,1.0979922,0.9542425,0.8458883
mb-09289,train,2.2278867,2.3480432,1.6812413,1.9383276
mb-02402,train,2.146128,2.1848192,1.9294189,1.9312665
mb-03016,train,2.389166,2.3664422,2.1367207,2.0320048
mb-05928,train,1.462398,1.680102,1.39794,1.5079291
mb-09568,train,1.9867717,2.091489,1.748188,1.8219919
mb-09873,train,2.2405493,2.2224033,1.8692317,1.8208371
mb-05803,train,2.3483047,2.3437772,2.0863597,2.0515733
af-0e4a5c866567,train,1.5181677,1.5731552,1.2243829,1.1357594
mb-06034,train,1.819544,1.9076823,1.462398,1.5746884
mb-02312,train,2.0899053,2.2324739,1.4149734,1.496988
mb-10311,train,2.3996737,2.074996,1.9395193,1.7392261
mb-03127,train,1.8750613,1.9794252,1.770852,1.793428
mb-07033,train,2.2355285,2.248425,1.9344984,1.8683907
mb-05130,train,2.161368,2.1970088,1.7781513,1.7624993
mb-04641,train,1.1139433,1.2526207,0.69897,0.9067946
mb-03217,train,2.08636,2.041101,1.6127839,1.523643
mb-09999,train,2.3180633,2.1742573,1.8633229,1.8264257
mb-08546,train,1.90309,1.9592409,1.6232493,1.6656227
af-7ce7192fd654,train,1.7426811,1.9329917,1.1541469,1.1463472
mb-02503,train,1.7403626,1.7045239,1.50515,1.5219549
mb-09103,train,1.3424227,1.5895348,0.90309,1.1465392
mb-00110,train,1.9912261,1.9286737,1.8633229,1.7341522
af-150317ed11b1,train,1.4810741,1.4784664,1.1688774,1.1391649
mb-01779,train,1.929419,2.0086775,1.3424227,1.4187497
mb-03969,train,2.2121875,2.142122,2.0863597,1.9241745
mb-00156,train,1.6532125,1.6904297,1.30103,1.4183272
mb-03049,train,2.146128,2.194752,1.7323937,1.7569197
mb-00313,train,1.3424227,1.2364275,0.9542425,0.89839643
mb-02848,train,1.7781513,1.7520386,1.5440681,1.5259225
mb-01869,train,1.20412,1.3591918,0.90309,1.0248574
af-ae0a4eccd0e6,train,1.487137,1.5647782,1.1275874,1.1039327
mb-00139,train,1.6720979,1.6208831,1.3424227,1.2762415
af-a9b549be5fa7,train,1.5326015,1.5996468,1.2794319,1.1922693
mb-10645,train,2.303196,2.194617,1.8692317,1.8814784
mb-04149,train,2.5118835,2.5140316,2.326336,2.3104002
mb-06712,train,1.9822712,2.0314307,1.6232493,1.7113754
mb-03497,train,1.9777236,1.9031088,1.8325089,1.708548
mb-10137,train,2.206826,2.1934757,2.0086002,1.9628172
mb-04412,train,1.9138138,1.907166,1.7403626,1.7013304
mb-02273,train,1.4913617,1.5229073,1.4149734,1.4323165
af-e406d134beb1,train,1.3419092,1.2717481,0.90569496,0.8648997
mb-00305,train,1.3617278,1.4309669,1.0413927,1.1125858
mb-10460,train,2.5263393,2.4286997,2.220108,2.1023133
mb-00708,train,1.30103,1.6203916,1.3617278,1.4790094
mb-06856,train,2.3283796,2.2782693,2.2718415,2.203823
af-279962d5dd49,train,1.7937903,1.725582,1.1826143,1.1201038
mb-10054,train,1.6127839,1.6096842,1.30103,1.348062
mb-09844,train,2.3443923,2.3615575,2.0043213,2.0047312
mb-02730,train,1.8260748,1.7661638,1.4771212,1.4196762
mb-06252,train,2.2855573,2.2830963,1.9190781,1.8166614
af-7599b2827de1,train,1.4230082,1.2151301,1.1512994,0.990604
mb-07772,train,1.5682018,1.6007057,1.1139433,1.1676377
mb-03954,train,2.3384566,2.3125522,2.2764618,2.215612
mb-00171,train,1.5440681,1.4365866,1.1760913,1.0297111
mb-07737,train,2.0334237,2.0676186,1.6720978,1.6941983
mb-08738,train,2.3096302,2.2558446,1.7781513,1.8056685
mb-05253,train,1.7853298,1.7846725,1.50515,1.4778681
mb-06571,train,1.8195438,1.9929618,1.5314789,1.6991378
mb-02669,train,2.2944663,2.3185098,1.8864907,1.9035723
mb-08491,train,2.0827854,2.0516078,1.7993406,1.7264565
mb-04214,train,1.8808136,2.0006764,1.7242758,1.8311048
mb-04554,train,1.8129134,1.8327496,1.3802112,1.3985395
mb-07328,train,1.39794,1.4419289,1.4913617,1.4636389
mb-00782,train,2.264818,2.3294132,2.143015,2.162692
mb-00350,train,2.2787538,2.2898781,1.908485,1.8738129
mb-01822,train,1.4771212,1.5688741,1.3222193,1.3851166
mb-06730,train,1.8260747,1.8116287,1.690196,1.6464211
mb-01441,train,1.3617278,1.3181206,1.230449,1.2517282
mb-05706,train,2.164353,2.1850233,1.7160033,1.711842
mb-07209,train,1.4149734,1.5804555,1.146128,1.2644076
mb-03950,train,2.0606978,1.832859,1.6334685,1.4280344
mb-04161,train,1.94939,1.9165598,1.6812413,1.7111108
mb-01659,train,1.30103,1.2320712,1.4149734,1.3383089
mb-03673,train,2.0606978,2.101798,1.8750613,1.929325
mb-05338,train,1.863323,1.8843005,1.4313638,1.5229111
mb-08781,train,1.9493899,2.0425131,1.7242758,1.7546387
mb-01031,train,2.20412,2.24328,1.763428,1.826904
mb-10783,train,1.80618,1.7496941,1.50515,1.4991407
af-92fd352b0aa2,train,1.3374593,1.3490626,0.9825376,1.004976
mb-01363,train,1.60206,1.6416814,1.3617278,1.4158945
mb-03505,train,2.1271048,2.1507304,1.5185139,1.5320824
mb-07435,train,1.0,0.95189744,0.7781513,0.7542139
mb-04291,train,1.8808136,1.971537,1.7323937,1.7439526
mb-02112,train,2.164353,2.1904674,2.120574,1.9375656
af-4bda8bf3d578,train,1.701321,1.4836209,1.3001692,1.0908973
mb-05497,train,2.340444,2.435412,2.09691,2.132489
mb-03951,train,2.2944663,2.2879813,1.8692317,1.9227529
mb-06700,train,2.029384,1.9995097,1.30103,1.3325133
mb-06001,train,1.9138138,1.9214196,1.4771212,1.494509
mb-08406,train,1.5051501,1.5182579,1.230449,1.2516185
mb-09147,train,2.161368,2.1940117,1.7923917,1.827256
mb-03940,train,2.3443923,2.3609552,2.049218,2.023464
mb-04342,train,1.3222193,1.4193466,1.0,1.1153405
mb-10220,train,2.2355285,2.1729949,2.1367207,1.9968405
mb-01613,train,2.139879,2.2643173,2.1760912,2.197669
mb-08403,train,2.1238515,1.5538372,1.7323937,1.4973772
mb-03010,train,1.0,1.4522612,1.20412,1.2391981
mb-09572,train,1.6334685,1.631381,1.2787536,1.343068
mb-02357,train,2.0827854,2.1064343,1.80618,1.8345063
mb-05999,train,2.0569048,2.108953,1.60206,1.6100249
mb-02630,train,0.9542425,0.92040503,0.90309,0.7979203
mb-02584,train,1.5682017,1.6196569,1.447158,1.4763767
mb-04925,train,2.0791812,2.0910928,1.462398,1.4652395
mb-10467,train,2.2174838,2.3111591,2.0211892,2.1818914
mb-05361,train,1.518514,1.6913836,1.5563025,1.6225171
mb-07224,train,2.2922559,2.309083,1.7403626,1.9152355
mb-01163,train,0.0,-0.21139109,0.0,-0.09556317
mb-00327,train,2.0253057,2.1288092,1.6720978,1.8103476
mb-09672,train,2.0043213,1.9301374,1.50515,1.4405925
mb-02238,train,1.770852,1.7196543,1.4771212,1.3981684
mb-04982,train,2.143015,2.0088978,1.8512584,1.4522913
mb-01952,train,2.1367207,2.1679828,1.6334685,1.5759194
mb-05775,train,1.7558749,1.6138451,1.60206,1.4846348
mb-06681,train,2.2944663,2.411672,2.0043213,2.1337624
mb-06818,train,2.2833014,2.404914,1.94939,2.1271064
af-3fde284da135,train,1.239352,1.3104419,1.1062963,1.0468794
mb-09112,train,1.8325088,1.6916012,1.3222193,1.1977211
mb-00422,train,2.0043213,2.0615025,1.7323937,1.7746437
mb-03917,train,1.7160034,1.5913748,1.6812413,1.584024
mb-08881,train,2.0170333,2.059757,1.4149734,1.3743898
mb-01858,train,1.1760912,1.0975761,0.845098,0.7992289
mb-05514,train,1.8388492,1.8442439,1.6127839,1.5371181
mb-08113,train,2.3424225,2.4759421,2.049218,2.184601
af-03ae9fb0ad91,train,1.3386319,1.2699922,1.0738943,1.0356808
mb-08583,train,2.0334237,2.1182475,1.6232493,1.804004
mb-03922,train,1.9242792,1.9584785,1.2552725,1.3177075
mb-07111,train,1.20412,1.2413241,0.90309,1.0125113
mb-08698,train,1.724276,1.6773322,1.1760913,1.1945369
mb-03098,train,1.819544,1.7839737,1.3802112,1.3827869
af-3d3dd8dbe540,train,1.0912237,1.0540115,0.6945666,0.7496138
mb-01820,train,1.2041199,1.2988119,1.0791812,1.1188672
mb-09693,train,2.3838153,2.47889,2.0211892,2.2092075
mb-03290,train,1.770852,1.6308404,1.5910646,1.4316652
mb-00531,train,1.0,0.96249485,0.7781513,0.76245224
mb-08137,train,2.2121875,2.1573682,2.0293837,1.8774226
mb-09805,train,2.0043213,1.9303088,1.4771212,1.3426244
mb-01465,train,2.120574,2.1445389,1.7242758,1.7592584
mb-01716,train,1.845098,1.8370531,1.447158,1.434498
mb-09631,train,1.8388491,1.9806044,1.3424227,1.3595971
mb-05007,train,2.2148438,2.2007802,1.80618,1.7221267
mb-10593,train,2.0863597,2.2356737,1.7323937,1.8953093
af-9ee5b4685cff,train,1.5688221,1.5904367,1.0871494,1.1211327
mb-04518,train,2.1172712,2.0564814,1.763428,1.6655315
mb-00548,train,1.3222193,1.3008556,1.0,0.9656996
mb-06332,train,2.0,2.128522,1.6720978,1.814396
mb-10563,train,1.80618,2.032347,1.3802112,1.5912683
mb-04245,train,1.80618,1.7456164,1.4313638,1.3979033
mb-03221,train,1.8920946,1.904505,1.3802112,1.4537284
mb-01190,train,2.2718415,2.1964734,2.0293837,1.8953581
mb-00337,train,2.3820171,2.32632,1.9777236,2.0167592
mb-10384,train,2.09691,2.2033556,1.4149734,1.4988408
mb-00491,train,1.9138138,1.8804578,1.2787536,1.3150247
mb-00434,train,1.3617278,1.309306,1.146128,1.1051883
mb-06507,train,2.1846914,2.2509122,2.0043213,1.9365261
mb-09346,train,2.20412,2.2838945,1.9294189,2.0001345
mb-05369,train,2.252853,2.2236316,1.9294189,1.8053479
mb-06518,train,2.292256,2.3611825,1.9444827,1.9872475
mb-07445,train,1.9822713,2.0634031,1.8260748,1.8611765
mb-00297,train,1.7403628,1.5394754,1.5563025,1.341498
mb-02644,train,2.178977,2.1488135,1.9912261,1.9675626
mb-04030,train,2.071882,2.1333778,1.8573325,1.8464792
mb-06974,train,1.8573325,1.9335953,1.69897,1.7331983
mb-03409,train,1.9956353,1.8652911,1.5563025,1.6801363
mb-04985,train,1.9956352,2.0484362,1.7853298,1.8402897
mb-06135,train,1.8633227,1.9216753,1.0791812,1.1548561
mb-07620,train,2.2455127,2.2665007,1.8976271,1.9461895
mb-06033,train,2.2405493,2.2378511,1.9344984,1.921648
mb-03685,train,2.3053513,2.3584697,2.0128372,2.0352726
mb-00478,train,2.220108,2.2333412,1.9542425,1.9591138
mb-03498,train,1.9542425,1.9956703,1.690196,1.5776048
mb-03527,train,1.146128,1.0854527,0.845098,0.80782425
af-c47980a1cf32,train,1.655004,1.5984809,1.1526216,1.1733135
mb-03008,train,1.9344984,1.9950814,1.5910646,1.5956777
mb-01496,train,1.3802114,1.4385738,1.20412,1.2674953
mb-09453,train,1.30103,1.6796967,1.30103,1.3161603
mb-09313,train,1.8512583,1.9453268,1.3222193,1.5097222
mb-04622,train,1.968483,1.9232944,1.60206,1.5522094
mb-06227,train,1.6720979,1.6332319,1.3424227,1.3444028
mb-01793,train,1.4149734,1.4392358,1.0,1.0573776
mb-03381,train,1.9294189,1.9745935,1.5797836,1.5454526
mb-08993,train,2.3364596,2.2119527,1.6434526,1.6107069
mb-05206,train,1.20412,1.2885754,0.9542425,1.0662115
mb-00198,train,1.8573325,1.8976109,1.4913617,1.4446039
mb-00880,train,1.6532125,1.5186822,1.4913617,1.3394768
mb-01539,train,1.7853298,1.7713776,1.4313638,1.3753273
mb-07796,train,1.8808136,1.8924617,1.7075702,1.7030461
mb-10856,train,2.0374265,2.0116074,1.7075702,1.7636601
mb-04606,train,1.8920946,1.8724896,1.6232493,1.6525898
mb-05696,train,1.8388491,1.7454859,1.5314789,1.5015012
mb-05152,train,2.4014006,2.3335743,1.968483,1.9914104
mb-06973,train,1.0791812,0.91827303,0.90309,0.7457235
mb-08337,train,1.6127839,1.6909403,1.230449,1.386439
mb-04484,train,2.149219,2.0741668,1.9138138,1.7704148
mb-04205,train,1.9867717,1.8880948,1.5314789,1.5186309
mb-00160,train,1.7075701,1.6854733,1.5797836,1.5306786
mb-06311,train,2.0128372,1.9326832,1.0791812,0.9929557
mb-05937,train,2.0827854,2.045886,1.3802112,1.435628
mb-04157,train,2.178977,2.1528292,1.7923917,1.7718138
mb-09589,train,1.3424227,1.3826511,1.0413927,0.9789319
mb-05061,train,2.3344538,2.3359814,2.0934217,2.0538487
mb-04767,train,1.0791813,0.86418283,0.7781513,0.64287525
af-504b92a2e3f4,train,1.6467907,1.4310992,1.249663,1.1796435
af-c8dfc8bff75f,train,0.24695627,0.48270634,-0.18542348,0.33062685
mb-06440,train,2.1003706,2.0642834,1.6127839,1.6128736
mb-09750,train,1.9731278,1.8940123,1.2552725,1.2613623
mb-03105,train,2.1038036,2.1138873,1.8573325,1.8411835
mb-01456,train,1.8573326,1.6941005,1.5440681,1.3635936
mb-02714,train,0.9542425,0.9132652,0.69897,0.6771
mb-02452,train,1.7781513,1.6668804,1.5797836,1.5093353
mb-00967,train,2.1139433,2.0261977,1.6627579,1.6279721
mb-06954,train,1.462398,1.3414907,1.1760913,1.050248
mb-04127,train,2.307496,2.2890804,1.9956352,1.986169
mb-01064,train,1.6989701,1.6318885,1.5440681,1.4657123
mb-06481,train,2.10721,2.2385004,1.8129133,1.9005356
af-cf0f068c99c6,train,1.589887,1.5753971,1.2386682,1.1613624
mb-06543,train,2.3598354,2.3940077,1.9344984,2.0250762
mb-05653,train,2.372912,2.3997884,2.0211892,2.0633411
mb-00248,train,1.929419,1.8238603,1.4913617,1.3385507
mb-05639,train,2.09691,2.145249,1.6334685,1.6979197
af-f40c644d3d9b,train,1.8587952,1.814604,1.229139,1.1590583
mb-02534,train,2.2253094,2.2071922,1.9138138,1.9008374
mb-10592,train,1.2787535,1.477889,1.0791812,1.2977515
af-bb7396f83a01,train,1.4818923,1.542016,1.2497827,1.24344
mb-05140,train,1.724276,1.7099522,1.3424227,1.2775323
mb-08902,train,2.1003704,2.213529,1.4771212,1.5365888
mb-01844,train,1.9242792,1.6751705,1.69897,1.4197397
mb-04878,train,1.3222194,1.282696,0.90309,0.9347732
mb-03315,train,2.340444,2.2367957,2.1271048,2.0299995
mb-01317,train,1.2787535,1.3624561,1.0791812,1.1131902
mb-00242,train,1.4149734,1.401569,1.0413927,1.0278611
af-a92a093ecd79,train,1.5632888,1.3697417,1.1345181,1.0725338
mb-09296,train,1.9242792,1.9679027,1.60206,1.5457237
mb-01561,train,2.4116197,2.487564,2.1583624,2.2092085
mb-10361,train,1.9637879,2.1524434,1.7993406,1.9280684
mb-10373,train,0.8450981,0.8740369,0.60206,0.5793766
mb-04695,train,2.089905,2.1461093,1.8692317,1.9041829
mb-04553,train,2.198657,2.2640753,2.049218,2.0947344
mb-05428,train,1.8388491,1.8168395,1.30103,1.3058981
af-d177d66e077a,train,1.1695745,1.2618761,0.8800855,1.0124161
mb-08362,train,1.8260748,1.7966273,1.6812413,1.6090885
mb-08673,train,1.8573326,1.9391308,1.5440681,1.6385511
mb-04754,train,1.3979399,1.271848,1.0791812,0.905031
mb-09373,train,1.7853299,1.8302683,1.5440681,1.61524
mb-09182,train,1.8692317,1.9814602,1.4771212,1.5591608
mb-01850,train,1.8750613,1.8795451,1.5910646,1.5518934
mb-03886,train,1.5563025,1.5879474,1.39794,1.3867427
af-ae63c4f893dd,train,1.3931539,1.548104,1.2375613,1.1644987
mb-04159,train,1.6812412,1.6546984,1.447158,1.4072602
mb-08312,train,2.303196,2.317517,2.0128372,2.028811
mb-01277,train,1.462398,1.4033375,1.2787536,1.1604829
mb-05308,train,2.220108,2.2240856,1.908485,1.8782685
mb-03235,train,1.748188,1.7792166,1.4313638,1.4202107
mb-02024,train,2.4183013,2.4514036,2.1139433,2.1373754
mb-10003,train,2.0128372,2.1329598,1.5563025,1.6868769
mb-03065,train,1.230449,1.2613842,1.1139433,1.1553818
af-b659c8ff13c9,train,1.4186989,1.31729,0.996706,0.8608513
mb-05594,train,2.2966652,2.277746,1.9777236,1.9327662
mb-01350,train,0.845098,0.6864518,0.69897,0.5135949
mb-05336,train,2.1172712,2.1828747,1.9590414,1.9658145
mb-05274,train,1.724276,1.6626835,1.3424227,1.3061321
mb-09953,train,1.770852,1.8277885,1.5314789,1.5445431
mb-01061,train,1.3802112,1.3827026,1.0,0.8246882
mb-02759,train,2.1038036,2.111722,1.6720978,1.6779827
mb-02992,train,1.0791813,0.9754776,0.60206,0.58726144
mb-00360,train,1.7403628,1.7796452,1.4313638,1.4594287
mb-07874,train,2.1172714,2.1969566,1.6127839,1.6931806
mb-04768,train,1.3979399,1.2978947,1.1139433,0.987404
mb-00573,train,1.3424227,1.4926367,1.230449,1.4122709
mb-09709,train,2.25042,2.2434344,1.4771212,1.5014778
mb-01420,train,1.7323937,1.7149009,1.447158,1.4136593
mb-10487,train,1.9138138,1.8859729,1.5910646,1.4552583
mb-05261,train,1.7923917,1.7781937,1.3802112,1.3667979
mb-07286,train,1.7403626,1.7018613,1.230449,1.1861863
af-df470b37da36,train,1.7923615,1.7003009,1.2534349,1.1342573
mb-04320,train,1.8808136,1.8830943,1.6232493,1.6885175
mb-04683,train,1.90309,1.919612,1.4913617,1.5393764
mb-09544,train,1.7781513,1.7228432,1.3424227,1.3488728
mb-02413,train,1.7558749,1.7750497,1.50515,1.4427128
mb-01370,train,1.7160034,1.8747276,1.5563025,1.6458551
af-113bf1e066e9,train,1.6688516,1.6454656,1.1667349,1.024167
mb-05382,train,1.908485,1.8905795,1.6812413,1.6086136
mb-10740,train,1.763428,1.8593775,1.4149734,1.5243095
mb-03580,train,1.770852,1.7759197,1.5797836,1.6053646
mb-06908,train,1.4149734,1.4432008,1.5185139,1.4616156
mb-08153,train,1.7923918,1.8797257,1.4149734,1.5253183
mb-06717,train,2.283301,2.2521992,1.9344984,1.899194
mb-00186,train,1.6127839,1.6125607,1.30103,1.3158739
mb-01797,train,2.2278867,2.2249203,1.1139433,0.98496133
mb-05345,train,2.178977,2.201648,1.6434526,1.6124475
mb-06554,train,1.8325089,1.8454938,1.2552725,1.3485252
mb-04711,train,1.6232493,1.6061592,1.5185139,1.4481311
mb-07443,train,1.7558749,1.6915675,1.3617278,1.3393555
mb-03946,train,1.462398,1.4121605,1.3617278,1.2993014
mb-01429,train,1.7160034,1.7743627,1.4313638,1.4290451
mb-04444,train,2.0606978,2.078861,1.8325089,1.8887162
mb-04448,train,2.178977,2.1825302,1.690196,1.815933
mb-01047,train,1.0,0.8925855,0.9542425,0.82027024
mb-06824,train,2.2576785,2.3555763,1.9190781,1.9998574
mb-10744,train,1.690196,1.6739055,1.4771212,1.5044998
mb-03883,train,1.94939,2.0693645,1.6532125,1.8495598
mb-00216,train,2.3747482,2.412834,2.0293837,2.0706148
mb-05489,train,1.8260748,2.0078,1.6627579,1.7840502
mb-01051,train,1.7323937,1.6751016,1.0,1.0081751
af-f38425f6bc10,train,1.0831728,1.2395517,0.5867931,0.94075453
mb-05570,train,1.9190781,1.8682727,1.3802112,1.4446145
mb-04394,train,1.9242793,1.9916148,1.8512584,1.7927786
mb-00416,train,1.9084849,1.8747041,1.69897,1.614826
mb-04475,train,1.9637878,1.9557701,1.7558749,1.7691956
mb-06120,train,1.5910647,1.8456438,1.39794,1.6189344
mb-08494,train,1.6627578,2.0141056,1.447158,1.6495883
mb-07200,train,2.3384564,2.3581264,1.9138138,1.966593
mb-00813,train,2.30103,2.3291268,1.8920946,1.9653989
mb-08151,train,1.8325089,1.7999117,1.3802112,1.3843665
mb-02414,train,1.5910647,1.6269546,1.4149734,1.4426142
mb-08804,train,1.5563025,1.5936502,1.146128,1.1520593
mb-04785,train,1.9867718,1.9822026,1.6627579,1.662174
mb-08926,train,2.409933,2.4747553,2.0086002,2.2058363
af-8aebfdbd83ea,train,1.8263204,1.7443926,1.2969348,1.1694019
mb-02559,train,1.30103,1.285961,0.7781513,0.7962969
mb-05234,train,2.3560257,2.4242363,1.9956352,2.0866566
mb-05540,train,1.845098,1.8127943,1.5910646,1.5890208
af-6f8934d40bc1,train,1.6684381,1.6141741,1.0701487,1.1230922
mb-04272,train,1.5440681,1.5332674,1.2787536,1.1775761
af-672f28f8caae,train,1.323085,1.3572543,0.89061993,1.0929003
mb-05250,train,2.164353,2.2283468,1.7160033,1.7981052
mb-07234,train,2.0043213,1.9968654,1.6232493,1.6040847
mb-06321,train,2.0413928,2.0354362,1.5563025,1.6893392
mb-04950,train,2.1003706,2.177517,0.9542425,0.95816827
mb-05612,train,1.4149734,1.3029958,1.0413927,1.0768874
mb-00762,train,1.7160033,1.6513562,1.5314789,1.4754589
mb-06576,train,2.1398792,2.242129,1.819544,1.9446797
mb-05340,train,2.326336,2.2505012,1.690196,1.6638544
mb-09581,train,2.1760912,2.1946678,1.7853298,1.875206
mb-06211,train,1.8864907,1.8711884,1.7075702,1.6820803
mb-07323,train,1.8633229,1.9536141,1.690196,1.7178421
mb-06545,train,1.748188,1.8401699,1.1760913,1.2673125
mb-05980,train,1.7781513,1.7966855,1.3222193,1.3207066
mb-03729,train,2.0606978,2.1186688,1.7853298,1.6712089
mb-06410,train,1.7403626,1.7341636,1.50515,1.5430293
mb-02621,train,2.1003706,2.1611063,1.5682018,1.6957265
mb-00420,train,2.4712915,2.5119002,2.252853,2.2502878
mb-03031,train,2.1367207,2.2139692,1.94939,2.031086
mb-00751,train,2.071882,2.1257164,1.9294189,1.9145203
af-c96936f1ed31,train,1.7285794,1.6468036,1.2628709,1.1054885
mb-04633,train,1.748188,1.6618674,1.30103,1.2808384
mb-05556,train,2.4456043,2.3816075,1.9912261,2.021572
mb-09973,train,1.6720979,1.8147467,1.2552725,1.3369474
mb-03949,train,2.4065402,2.3434534,1.968483,1.9866837
mb-01684,train,2.232996,2.2867877,1.9138138,2.0020595
mb-03487,train,1.9867717,2.1634803,1.8808136,2.026491
mb-03404,train,1.6812413,1.7385193,1.50515,1.5183727
mb-03651,train,2.3384564,2.2888813,2.2741578,2.2175639
mb-08791,train,1.5910646,1.4040219,1.3222193,1.2272295
mb-09793,train,1.5682018,1.6606362,1.1760913,1.1917868
mb-04042,train,1.60206,1.4363565,1.447158,1.2034307
mb-05939,train,1.7708521,1.7154808,1.30103,1.265894
mb-07499,train,2.3053513,2.3099923,1.9138138,2.054777
mb-02166,train,2.2013972,2.2902133,1.9138138,1.9469563
mb-09807,train,1.2552725,1.2288816,1.1139433,1.1163898
mb-09465,train,1.2304488,1.3493617,1.0791812,1.15302
mb-01053,train,1.6020601,1.5737662,1.39794,1.4232453
mb-06377,train,2.2966652,2.306666,1.7853298,1.7843068
mb-06503,train,2.1003706,2.1445498,1.6334685,1.6993172
mb-09560,train,1.146128,1.0269432,0.90309,0.8062131
mb-02638,train,1.3802112,1.2880682,1.146128,1.0878476
mb-10739,train,2.1038036,2.0649219,1.7558749,1.6970612
mb-02764,train,1.5910647,1.6022098,1.2787536,1.3364507
mb-07685,train,1.146128,1.3751397,0.9542425,1.1437917
mb-09210,train,1.9912261,2.1144505,1.6627579,1.8043116
mb-02001,train,2.164353,2.3210166,1.8920946,1.9526043
mb-09779,train,1.7323937,1.8338778,1.146128,1.219036
mb-01464,train,2.1903317,2.2386427,1.8633229,1.8222718
mb-03503,train,2.340444,2.3568726,2.064458,2.0149474
mb-03664,train,1.1139433,1.3589938,1.4771212,1.2317052
mb-06245,train,1.5185139,1.7061806,1.30103,1.434948
mb-00517,train,1.6232493,1.6099797,1.30103,1.3196526
mb-04379,train,2.1522882,2.2297697,1.6720978,1.6479704
af-edccfb1f7cfb,train,1.7031958,1.5426173,1.0589799,1.0438834
mb-07369,train,1.7558749,1.7614462,1.39794,1.4764884
mb-09036,train,2.2944663,2.2781324,1.8808136,1.933387
mb-09141,train,2.294466,2.3152037,2.045323,2.0314324
mb-03532,train,1.8512583,1.8255378,1.690196,1.6126304
mb-04319,train,2.463893,2.4992802,2.292256,2.268736
mb-08621,train,1.9822712,1.917557,1.2552725,1.1663303
mb-06820,train,1.6812412,1.6732614,1.3222193,1.3887031
mb-00144,train,1.30103,1.315338,1.146128,1.1011181
mb-08297,train,1.3222193,1.3445659,0.845098,0.898573
mb-04453,train,1.7853298,1.7285311,1.5797836,1.5559422
mb-06782,train,1.6812413,1.6526918,1.5185139,1.3596964
mb-04174,train,2.089905,2.1327283,1.5910646,1.6727576
mb-06828,train,1.7075702,1.6683171,1.3617278,1.3277189
mb-08463,train,1.6334685,1.6993799,1.20412,1.182423
mb-02673,train,2.1139433,2.2101254,1.7558749,1.9018415
mb-02655,train,2.1139433,2.1387866,1.690196,1.5745072
mb-01318,train,1.6720978,1.5958085,1.50515,1.4802158
mb-00426,train,2.2479732,2.3282807,2.146128,2.1600509
af-d3618ed7c3ce,train,1.4828364,1.5971427,1.1519579,1.1591792
mb-10129,train,1.9867717,1.8994837,1.7323937,1.6732076
mb-03534,train,2.243038,2.2628682,2.0128372,1.9574951
mb-05230,train,1.8325089,1.8972316,1.7242758,1.7501632
mb-09069,train,2.2329962,2.3530464,1.8976271,2.0426269
mb-10589,train,1.6720979,1.7859333,1.39794,1.4805297
mb-00562,train,2.230449,2.235676,1.7558749,1.7446628
mb-10014,train,2.1238518,2.1289115,1.968483,1.8734771
mb-02395,train,1.6720978,1.6528306,1.447158,1.3927155
mb-08543,train,1.50515,1.562571,1.3222193,1.3798789
af-81ee2ef7b606,train,1.4154692,1.4369593,1.0987406,1.103869
mb-01695,train,1.8633229,1.920576,1.6232493,1.6466742
mb-00096,train,1.146128,1.2296487,0.9542425,0.9517713
mb-04921,train,1.361728,1.3262951,1.1760913,1.129626
mb-07743,train,2.2013972,2.2787852,1.8692317,1.9217447
mb-06111,train,1.60206,1.5525099,1.5185139,1.4241843
mb-01180,train,2.3944516,2.3903587,2.064458,2.030749
mb-06167,train,2.1430147,2.1886678,1.690196,1.7396281
mb-09747,train,1.5563025,1.574008,1.230449,1.3032593
mb-06125,train,1.748188,1.7704532,1.2552725,1.3136625
mb-05363,train,2.045323,2.070004,2.071882,2.01288
af-74d88bfab632,train,2.101252,2.0151098,1.1034102,1.0766487
af-ec5f34249121,train,1.5001006,1.3548703,1.0678517,1.0567458
af-cb9d3a6bb24b,train,1.0404718,1.2327709,0.7481919,0.9453933
mb-03689,train,2.307496,2.2828321,2.0606978,2.0743265
mb-01675,train,1.447158,1.4806223,1.60206,1.4934505
mb-03562,train,1.544068,1.6070367,1.5185139,1.4847268
af-331c44611dec,train,1.6048489,1.6100218,1.2003415,1.1749413
mb-10657,train,1.6532125,1.7627965,1.146128,1.2713405
mb-04915,train,1.6532124,1.7100941,1.5314789,1.5107507
mb-04341,train,1.4771212,1.4212112,1.2552725,1.1975528
mb-10638,train,2.2944663,2.287807,2.0374265,1.9861703
mb-00073,train,1.6020601,1.5954239,1.4913617,1.447094
af-9e183a9afc99,train,1.4385424,1.2889804,1.0980897,1.0159559
mb-07332,train,2.2900345,2.2109342,1.770852,1.736086
mb-09239,train,2.2810333,2.2669995,1.8920946,1.8624383
mb-09797,train,1.9777236,1.8941181,1.4313638,1.4587237
af-d1883835918f,train,1.4465325,1.3852335,1.1401371,1.1289982
mb-01135,train,1.3802112,1.2865019,0.9542425,0.97340304
mb-06679,train,1.3424227,1.3109455,1.1139433,1.1041802
mb-05876,train,1.9344985,2.028038,1.5682018,1.6085523
mb-06395,train,1.7708521,1.8801972,1.1760913,1.3351948
mb-04510,train,1.9867718,1.9895921,1.7781513,1.77391
mb-06516,train,2.3344538,2.397267,1.9637878,2.038295
af-388226a8c6ab,train,1.649694,1.5243022,1.105786,1.1254079
mb-05896,train,1.8976271,1.9649935,1.5314789,1.4938241
mb-02553,train,1.5682018,1.4876355,1.3617278,1.2974008
mb-07855,train,1.4623979,1.520925,1.6434526,1.4977385
mb-00401,train,1.5440681,1.4848691,1.3424227,1.2268473
mb-03287,train,2.5774918,2.512433,2.3856063,2.2806091
af-6b4795df74ca,train,1.4586378,1.5322556,0.8249286,0.8927193
mb-04405,train,1.4149734,1.4112388,1.146128,1.1563389
mb-04472,train,2.0453231,2.063453,1.7993406,1.8061205
mb-06426,train,1.6532125,1.5045631,1.3424227,1.1841369
mb-05327,train,2.2600713,2.2928014,1.8920946,1.918746
mb-01658,train,2.1038036,2.1061578,1.8750613,1.8424249
mb-08538,train,1.770852,1.7806909,1.4771212,1.4863082
af-b95915036000,train,1.5220528,1.5352658,1.2841374,1.1854287
mb-04865,train,2.0606978,2.0195317,1.8388491,1.7113441
mb-04265,train,1.9590414,2.0324464,1.7558749,1.7802813
mb-01634,train,2.0374265,1.9777746,1.7558749,1.6488703
mb-09824,train,1.6127839,1.5822781,1.146128,1.2784475
mb-01569,train,2.1038036,2.1463354,1.6434526,1.6399052
mb-07213,train,2.1522884,2.2223248,1.6812413,1.7166712
mb-03002,train,2.3783977,2.3742478,2.0293837,2.034916
mb-02905,train,2.10721,2.0782924,1.9138138,1.8558263
mb-01568,train,1.748188,1.628471,1.5682018,1.4180773
mb-00585,train,1.9777236,2.0236673,1.4313638,1.5111562
mb-10212,train,2.0170333,2.1160586,1.5797836,1.7505895
mb-07606,train,2.3424227,2.3221943,2.0569048,2.0266914
mb-08950,train,1.8512583,1.9018371,1.3802112,1.4356844
mb-06234,train,2.3096302,2.2621696,1.9637878,1.8307571
mb-10945,train,1.0791813,1.1038463,0.7781513,0.82222414
mb-03263,train,1.9590414,1.9699563,1.6720978,1.7029094
mb-05018,train,1.9867717,2.0844078,1.7558749,1.8117605
mb-06522,train,1.748188,1.7664946,1.3617278,1.4081036
mb-05916,train,2.2988532,2.3849695,2.0170333,2.0647514
mb-05909,train,1.4149734,1.2340381,1.20412,1.0605118
mb-05481,train,1.7993406,1.7985009,1.5682018,1.6796958
mb-10400,train,2.2121878,2.2391515,1.6127839,1.887745
af-5414561a8705,train,1.0839789,0.96524,0.7824762,0.65343523
mb-09423,train,1.908485,2.1005993,1.6334685,1.858222
mb-03902,train,1.968483,2.0344985,1.7781513,1.8067956
mb-10074,train,2.1789768,2.234397,2.146128,2.1637204
mb-02310,train,1.39794,1.3305707,1.30103,1.2098007
mb-02724,train,2.432969,2.4468555,2.139879,2.1523995
mb-04024,train,1.9138138,1.9179738,1.7242758,1.7022374
mb-03592,train,1.9912262,1.9257318,1.5440681,1.4721056
mb-08371,train,2.1038036,2.1623495,1.9344984,1.8618482
mb-04559,train,1.7708521,1.804996,1.2552725,1.3232577
mb-02132,train,1.5185139,1.5132998,1.2552725,1.2645514
af-b73d6449f23b,train,1.8503742,1.8582458,0.96968096,1.094837
mb-09398,train,0.60206,0.5378567,0.30103,0.30927122
mb-06955,train,2.2430382,2.2119398,1.90309,1.9417119
mb-02827,train,2.303196,2.3335285,1.9637878,1.9280796
mb-10089,train,1.6434528,1.6435883,1.30103,1.280141
af-8d27db05a832,train,1.2521781,1.4077662,1.017167,1.1569585
mb-00505,train,2.0211892,2.13607,1.60206,1.8440537
mb-00210,train,2.1038036,2.1047568,1.5910646,1.5703496
mb-10610,train,1.4313637,1.9770974,1.3222193,1.5957174
mb-01665,train,1.3802114,1.370223,1.1760913,1.2232282
mb-02348,train,1.9912261,1.9450074,1.6232493,1.5904828
mb-06323,train,2.356026,2.386943,1.9294189,1.9464995
mb-04791,train,1.9294189,1.9571259,1.6812413,1.7022785
mb-05785,train,2.0334237,2.00469,1.7323937,1.6923044
mb-04110,train,1.763428,1.7662842,1.50515,1.4763715
af-28175e4a7edd,train,1.5460031,1.6639159,1.1977711,1.194047
mb-07605,train,2.1105897,2.280404,1.8512584,1.9662315
mb-04391,train,1.7993405,1.8238635,1.447158,1.4566768
mb-02040,train,1.9867718,1.9866331,1.2552725,1.2252512
mb-01200,train,1.1760913,1.1013225,0.69897,0.64518386
mb-05861,train,2.3443923,2.3930666,2.0374265,2.0422795
mb-04323,train,1.5314789,1.4598846,1.3802112,1.4372896
mb-00613,train,1.7708521,1.7309998,1.39794,1.3734173
mb-06967,train,2.025306,2.1476874,1.7993406,1.894107
mb-03101,train,1.8512583,1.8895894,1.50515,1.5611087
mb-07908,train,2.1522884,2.1123948,1.845098,1.7785349
mb-09372,train,2.0934217,2.2057939,1.6532125,1.7940202
mb-09445,train,1.7323937,1.6408019,1.20412,1.1213102
mb-03102,train,2.1038036,2.1010375,1.7403626,1.7447982
mb-03889,train,2.0170333,2.0430355,1.4913617,1.6139567
mb-08250,train,1.6532125,1.6902896,1.4771212,1.4893136
mb-06989,train,2.1139433,2.1356747,1.8325089,1.8527222
mb-09675,train,1.462398,1.3315102,1.146128,1.0772972
af-7fcb937706d4,train,1.6848453,1.8638649,0.7586629,0.7734084
mb-04069,train,1.5051501,1.472559,1.30103,1.263864
mb-04076,train,1.9956352,1.958599,1.60206,1.4927785
mb-07889,train,1.5314789,1.4162593,1.2552725,1.1836487
mb-08026,train,1.7160034,1.7606564,0.69897,0.8631834
mb-02103,train,1.30103,1.3319237,0.90309,0.9846777
mb-02302,train,1.1139433,1.0435989,0.69897,0.69807786
mb-02934,train,2.2878017,2.32966,1.8512584,2.021274
mb-01624,train,1.7160034,1.8137538,1.230449,1.3938717
mb-03879,train,1.819544,1.8139923,1.50515,1.5228701
mb-08116,train,1.8750613,1.9722803,1.4913617,1.5564173
mb-10446,train,1.7403626,1.5337073,1.3802112,1.2255875
mb-03479,train,2.421604,2.3190854,2.2944663,2.239656
mb-08832,train,1.7242758,1.7084941,1.39794,1.4212343
mb-01736,train,2.0,2.0275495,1.8692317,1.8086431
mb-01332,train,2.1105897,2.0662267,1.6812413,1.7211785
mb-05722,train,2.0211892,1.9576535,1.8692317,1.7541953
mb-09961,train,1.9731278,2.065237,1.6434526,1.7021253
mb-03919,train,2.283301,2.2995102,1.9867717,1.9312589
mb-10549,train,1.6127838,1.6577036,1.3222193,1.4209694
mb-00220,train,1.8750613,1.9032212,1.7075702,1.7115326
mb-09910,train,1.9344985,1.9816746,1.4149734,1.4035057
mb-03921,train,1.8808136,1.9033984,1.5797836,1.6071743
mb-07469,train,2.0681858,2.083625,1.9956352,2.0084724
mb-02821,train,2.2148438,2.178205,1.8750613,1.9092344
mb-01215,train,1.7993405,1.8056059,1.3222193,1.3191901
mb-01103,train,1.6334685,1.6804206,1.39794,1.3879361
mb-00027,train,2.2552724,2.202027,1.7075702,1.6104919
mb-01116,train,1.5563025,1.5810691,1.1139433,1.1905668
af-cdda0a8539ee,train,1.753157,1.7285268,1.1936421,1.1335714
mb-04963,train,1.5440681,1.5269248,1.3802112,1.3370385
mb-00471,train,1.5797837,1.5485303,1.39794,1.3360344
mb-04514,train,2.149219,2.316326,2.1172712,2.2251935
mb-03297,train,1.5185139,1.449151,1.2552725,1.1820455
mb-07030,train,0.30102998,0.72581834,0.90309,0.8966743
mb-00840,train,1.7160033,1.7954398,1.4771212,1.5580003
af-c7e4f6937e06,train,2.1958528,2.025242,1.1259495,1.0189184
af-f0b1c8b5771c,train,2.0429454,1.6007593,0.8850597,0.5053344
mb-09887,train,1.9777236,1.952615,1.1139433,1.090427
mb-10276,train,2.1818435,2.2283616,1.7558749,1.9042826
mb-04827,train,1.9344985,1.9094095,1.5563025,1.4752009
mb-01688,train,1.3010299,1.2150954,1.0413927,0.9492423
mb-07438,train,1.7558749,1.7285545,1.4913617,1.5206399
mb-09812,train,1.5797836,1.5685415,1.0791812,1.04139
mb-03001,train,2.1818438,2.2274318,1.8260748,1.9385478
af-b4d0bb1d8131,train,1.0829864,1.2806572,1.0204483,1.0004599
af-08933efb4d32,train,1.0545709,0.9650638,0.7665727,0.6356263
mb-00774,train,2.2504199,2.2904663,2.0791812,2.0807557
mb-10573,train,2.198657,2.2388787,1.7558749,1.6953909
mb-09566,train,2.1238515,2.2318232,1.8129133,1.8860114
mb-10086,train,2.2718415,2.3339007,2.064458,2.172615
mb-08485,train,2.2253094,2.0408316,1.5682018,1.4616578
af-6ed0a2b15ea0,train,1.5644033,1.5429507,1.2937646,1.246302
mb-06500,train,1.9242792,1.890701,1.2552725,1.2227416
mb-10552,train,1.9867717,1.9523976,1.6720978,1.5760386
mb-10864,train,1.8195438,1.8281956,1.5314789,1.5895807
mb-04190,train,1.863323,1.8536695,1.5440681,1.5448132
mb-02726,train,1.9444828,1.9960618,1.4313638,1.4997765
mb-02894,train,2.1673174,2.1737232,1.845098,1.8011037
mb-05755,train,1.5563024,1.5516864,1.447158,1.4382837
mb-10529,train,2.1673174,2.1955123,1.3222193,1.3642513
mb-02689,train,2.0863597,2.094857,1.763428,1.761056
mb-00794,train,0.7781513,0.7977754,0.47712126,0.49238932
mb-07352,train,1.1760912,1.133036,1.0,1.0148568
mb-06933,train,1.2552725,1.280659,0.90309,0.9441088
mb-10198,train,1.6232493,1.6266415,1.230449,1.2505426
mb-07865,train,1.9444826,1.964755,1.5797836,1.5991426
af-6460fdfb6bb2,train,1.3096302,1.464684,1.0990345,1.2227651
mb-08199,train,1.90309,1.7996109,1.4313638,1.3861794
mb-01835,train,2.363612,2.4352808,2.0530784,2.120858
mb-00754,train,2.2148438,2.2306921,1.8750613,1.8392756
mb-09067,train,2.3283796,2.2784882,2.2718415,2.2041368
mb-10557,train,2.0934217,2.154499,1.9242793,2.071945
mb-07586,train,1.3424227,1.4514056,1.2552725,1.25988
mb-03847,train,1.6434526,1.6233553,1.3617278,1.3691773
mb-03103,train,2.071882,2.1894608,1.8129133,1.8732414
mb-02165,train,1.9344984,1.8822532,1.6434526,1.5704194
mb-04247,train,1.9956353,2.0068536,1.3802112,1.3583255
mb-02458,train,1.968483,1.9835596,1.7853298,1.8296393
mb-00681,train,1.7323937,1.5529021,1.447158,1.2891066
mb-05214,train,2.307496,2.3130052,2.0530784,2.006359
mb-07845,train,2.3384566,2.326637,2.0413928,2.070568
mb-01902,train,2.220108,2.2279928,1.9590414,1.9642975
mb-09523,train,2.089905,2.1843746,1.8864907,1.9636133
af-b9fafb23d951,train,1.8740683,1.7862684,1.2213151,1.142433
mb-09157,train,1.6812413,1.596909,1.30103,1.3061311
af-5743a00d848e,train,1.1170856,1.1543968,0.85564816,0.852223
mb-02115,train,2.0413928,2.0670698,1.7781513,1.8262569
mb-01250,train,1.0791813,0.9915303,0.7781513,0.7647953
af-b763bddbb787,train,1.7249129,1.6360698,1.1299958,1.06918
mb-01830,train,1.8129134,1.827589,1.5563025,1.5967504
mb-04111,train,1.8129134,1.8048351,1.6627579,1.6096374
mb-06606,train,1.3424227,1.1311144,1.0413927,0.8910148
mb-05107,train,1.8750613,2.0603268,1.7242758,1.9187605
mb-09245,train,2.0086002,1.9924777,1.60206,1.547615
mb-10534,train,1.5682018,1.5639737,1.1139433,1.0702636
mb-09771,train,1.6720979,1.6906843,1.3424227,1.3580184
mb-09309,train,2.2900345,2.1695564,1.9444827,1.8328149
mb-04376,train,1.5910647,1.6859055,1.4149734,1.483885
mb-00553,train,1.4471581,1.3819165,1.4313638,1.3445152
mb-09025,train,1.8573325,1.7044778,1.39794,1.3332851
mb-02773,train,1.6127839,1.5820408,1.4149734,1.3998972
mb-03650,train,1.80618,1.7506001,1.5314789,1.4539579
mb-09683,train,1.968483,2.0316982,1.7160033,1.820524
af-0d57d1fc0619,train,1.6549251,1.7854934,1.1521109,1.1429152
mb-00069,train,1.5910647,1.6045544,1.4149734,1.4250413
af-6c932b2edf8a,train,1.7828709,1.7030983,1.2619287,1.1273122
mb-02986,train,2.198657,2.2606478,1.7993406,1.8014337
mb-06408,train,1.6434526,1.83699,1.5185139,1.634126
af-6c79ab532bba,train,1.4481233,1.416308,1.0886534,1.1015499
mb-01886,train,1.3222193,1.2979503,1.0,1.0396848
mb-00385,train,0.7781513,0.9763391,0.69897,0.8146261
mb-05089,train,1.60206,1.6678076,1.5314789,1.5361754
mb-06657,train,2.120574,2.1320732,1.60206,1.6730919
mb-02148,train,1.7075702,1.6315079,1.3617278,1.3453964
mb-07089,train,1.724276,1.7297485,1.3424227,1.3475847
mb-06196,train,2.025306,1.961633,1.6127839,1.5683398
af-6d6ffda2f9df,train,1.3594807,1.5585772,1.051577,1.1691563
mb-02683,train,1.3802112,1.4672924,1.1139433,1.2687417
mb-07739,train,1.8864907,2.0176692,1.7923917,1.8255752
mb-03478,train,2.1673174,2.4358299,2.0606978,2.0978096
mb-05957,train,1.69897,1.6999034,1.5185139,1.4966555
mb-01090,train,1.5314789,1.4713979,1.2552725,1.1487207
mb-10648,train,2.08636,2.1054993,1.9242793,1.916871
mb-09308,train,1.8388491,1.859076,1.50515,1.5182633
af-66a8421bcf79,train,2.3998086,2.2547328,1.2680933,1.1644372
mb-10565,train,1.0791812,0.93549645,0.845098,0.7481403
mb-07403,train,2.2718415,2.2636533,2.0934217,2.1498716
mb-01463,train,1.94939,1.962898,1.6532125,1.6419414
mb-07885,train,1.0,0.90775377,0.60206,0.58565927
mb-10520,train,1.39794,1.7314315,1.20412,1.4800457
mb-01963,train,1.3222193,1.501116,1.3222193,0.9940255
mb-02900,train,2.2148438,2.2284613,1.6532125,1.6483059
mb-05491,train,1.6127839,1.7912365,1.6232493,1.6836001
mb-07884,train,1.748188,1.7708447,1.3424227,1.330662
mb-04125,train,2.0253057,2.0271547,1.7242758,1.7068118
mb-07388,train,1.9731278,1.9738004,1.5185139,1.5402353
mb-01673,train,1.6434526,1.6516209,1.3617278,1.3675898
mb-01916,train,1.968483,2.0036795,1.8325089,1.8222011
mb-00563,train,1.8512584,1.7082993,1.462398,1.4244043
mb-08257,train,1.5910647,1.5701576,1.5682018,1.429692
mb-02696,train,2.1303337,2.2263722,1.447158,1.5527786
mb-04039,train,2.1818435,2.115696,1.60206,1.5968509
mb-08365,train,2.1238515,2.1760573,2.1760912,2.0961943
mb-08816,train,1.690196,1.71592,0.7781513,0.83561784
mb-00119,train,1.90309,1.8935456,1.69897,1.609373
mb-10737,train,1.5910646,1.6044422,1.2552725,1.2706704
mb-08018,train,1.8864908,1.8900203,1.230449,1.3135393
mb-10085,train,2.0128372,2.0313365,1.4149734,1.3466965
af-c13b804b8011,train,1.7216729,1.6463203,1.25716,1.1039352
mb-02981,train,2.0899053,2.1286552,1.6812413,1.777808
mb-08169,train,1.6812413,1.459065,1.5563025,1.2830191
mb-07819,train,1.7923917,1.7815661,1.447158,1.3584765
mb-00499,train,2.1958997,2.1653123,1.7993406,1.755026
mb-06539,train,1.4913617,1.5245614,1.230449,1.1845715
mb-00952,train,1.9542425,2.0900066,1.5185139,1.6362305
mb-08858,train,2.3710678,2.3140404,1.9822712,1.9754906
mb-04123,train,2.4065404,2.4840665,2.143015,2.222399
af-bbf5e11c2ab0,train,1.1072099,1.0362837,0.72577035,0.7467628
mb-07997,train,1.5440681,1.5273955,1.2787536,1.2927713
mb-01479,train,1.5797836,1.850837,1.3802112,1.5434365
mb-03468,train,1.9777236,2.0288193,1.8388491,1.9227417
mb-10496,train,1.50515,1.4838743,1.0413927,1.0070829
mb-02085,train,1.9190781,1.9238364,1.7160033,1.6691809
mb-08129,train,2.2944663,2.1950758,1.9344984,1.8409617
mb-07169,train,1.748188,1.7426486,1.2552725,1.2573084
mb-08940,train,2.0606978,1.9006227,1.7242758,1.5607775
mb-06840,train,2.033424,2.0221624,1.20412,1.1950442
mb-04751,train,2.2944663,2.3042383,1.8633229,1.80484
mb-01509,train,1.6901962,1.5117822,1.2787536,1.2023101
mb-08318,train,1.9637879,1.6720461,1.5563025,1.3656343
mb-05050,train,2.2013972,2.1930535,1.80618,1.810649
mb-09559,train,0.7781513,1.2060791,1.0,1.0729105
mb-05303,train,2.1367207,2.1941986,1.9242793,1.9533587
mb-09016,train,1.39794,1.2753799,0.9542425,0.9466057
mb-07459,train,1.763428,1.7404027,1.4913617,1.3759611
mb-10310,train,1.7403628,1.7572612,1.3424227,1.3364718
mb-06529,train,2.1271048,2.1353624,1.7160033,1.7765682
mb-09970,train,1.6020601,1.7133454,1.230449,1.513865
mb-09625,train,1.690196,1.6952938,1.50515,1.495329
mb-04463,train,2.064458,2.064505,1.7323937,1.6830416
mb-03448,train,1.9731278,1.9225355,1.7403626,1.7182847
mb-06151,train,2.2479732,2.2503014,1.8325089,1.8628509
mb-04602,train,2.1398792,2.254611,1.30103,1.4183712
mb-01647,train,0.9542425,0.8409884,0.69897,0.5892883
mb-09133,train,2.1583624,2.0812128,1.7403626,1.6266994
mb-05323,train,1.748188,1.7591617,1.3802112,1.3843062
mb-08951,train,2.3159704,2.2686696,2.1731863,2.109212
mb-02226,train,0.90309,0.92159283,0.69897,0.67702323
mb-03635,train,1.9637878,2.0070438,1.50515,1.615225
mb-10062,train,1.3424227,1.4675103,1.20412,1.3659142
mb-04215,train,1.7403628,1.7352532,1.6334685,1.5702785
mb-06666,train,1.2787536,1.3677609,1.0413927,1.0683115
mb-08331,train,2.303196,2.2923527,1.9956352,1.9800749
mb-00618,train,1.6627579,1.6130793,1.4913617,1.3819453
mb-02802,train,2.146128,2.1848521,1.447158,1.3581203
mb-08557,train,1.8864908,1.824167,1.6334685,1.5695277
mb-06757,train,1.8512583,1.9045923,1.50515,1.5445414
mb-06625,train,1.5682018,1.5726037,1.4313638,1.3565146
mb-08817,train,1.6334685,1.5949786,1.4149734,1.3785319
mb-07233,train,1.7708521,1.8489993,1.20412,1.3236239
mb-09836,train,2.0170333,1.9349194,1.690196,1.6184192
mb-07195,train,1.724276,1.7656713,1.2787536,1.2869363
mb-01490,train,1.4471581,1.5534602,1.2552725,1.2872993
mb-04816,train,0.0,-0.07256773,0.0,0.0029850006
mb-10026,train,2.4248817,2.3471243,1.9294189,1.9796052
mb-05725,train,1.9138138,1.9166553,1.3802112,1.3985202
mb-07553,train,2.1430147,2.095613,2.1139433,2.0502033
mb-10091,train,2.1522884,2.1441565,1.6434526,1.7041047
mb-00041,train,1.0791812,1.09429,0.69897,0.7341585
mb-08048,train,2.2576785,2.2820168,1.6532125,1.6408201
mb-07794,train,2.0791812,2.1398616,1.6232493,1.7886732
mb-06423,train,1.6720979,1.6234574,1.1760913,1.1413237
mb-00335,train,1.8633229,1.8109001,1.60206,1.5996212
mb-03050,train,1.6812413,1.6639397,1.1760913,1.1938856
mb-07393,train,1.6812413,1.4905715,1.146128,0.9585536
mb-10251,train,2.3521824,2.3986857,2.1303337,2.075582
af-d03b8a2bb448,train,1.5503323,1.5771711,1.0286851,1.1608331
mb-04058,train,1.8129133,1.9545393,1.60206,1.6498839
mb-10349,train,2.1038036,2.165044,1.69897,1.8553631
mb-06081,train,2.25042,2.26132,1.8976271,1.9225466
mb-04248,train,1.7323937,1.7184547,1.5910646,1.5486306
mb-06496,train,2.4313638,2.4058018,2.075547,2.0014641
af-bb46abee4277,train,1.6262264,1.5867825,0.9870877,1.1578971
mb-06138,train,2.3891659,2.4181333,2.089905,2.0650785
mb-01656,train,1.0791812,0.9688008,0.69897,0.70397013
mb-01806,train,1.7403626,1.7971421,1.5797836,1.6099424
mb-01320,train,1.8976271,1.8763216,1.5440681,1.5116612
mb-03615,train,2.0211892,2.1776588,1.8325089,1.9492173
af-42f183e26491,train,1.7365296,1.8134934,1.1829394,1.1468062
mb-10547,train,1.9956352,1.8386558,1.7853298,1.6745706
mb-02470,train,1.4471581,1.1558392,1.2787536,1.0388815
mb-04032,train,2.2405493,2.2739763,2.1673174,2.1927845
mb-05799,train,1.9444827,1.9777972,1.60206,1.6220908
mb-09830,train,2.1702619,2.1208599,1.8260748,1.7746385
mb-06693,train,0.845098,0.7908143,0.47712126,0.47322118
mb-05117,train,2.243038,2.2462363,2.146128,2.1447144
af-18f40e64a0a7,train,1.680804,1.3964578,1.2795392,1.0128771
mb-08589,train,1.6720979,1.5652237,1.1139433,1.020371
mb-07731,train,1.8692317,1.9027083,1.5314789,1.5728732
mb-01885,train,2.1105897,1.9437454,1.7993406,1.7389547
mb-10456,train,1.9731278,1.9784696,1.80618,1.7799524
mb-06984,train,2.39794,2.3267329,2.0,1.9444534
mb-08827,train,1.7323937,1.8753866,1.5797836,1.5483282
mb-04705,train,1.0791813,0.95276386,0.7781513,0.67598283
af-1e89971673a1,train,1.7771854,1.6279677,1.2615389,1.167421
mb-06215,train,1.763428,1.7480342,1.39794,1.3479593
mb-00747,train,1.763428,1.7557689,1.6434526,1.6025509
mb-04635,train,1.462398,1.563371,0.90309,0.9722348
mb-06987,train,2.0606978,2.0495303,1.763428,1.7385669
mb-07953,train,2.120574,2.1207924,1.7923917,1.7375796
af-8ec0ddedd7a8,train,1.3245109,1.2474525,0.99493057,0.9350582
mb-09699,train,2.133539,2.0951355,1.9444827,1.9042683
mb-08521,train,1.8325089,1.8398808,1.0413927,1.0814055
mb-08246,train,2.363612,2.3592048,2.045323,2.0094461
mb-05367,train,0.8450981,0.7035646,0.60206,0.5019356
mb-05246,train,2.502427,2.3973587,1.8573325,2.0428185
mb-03045,train,2.230449,2.2012234,1.908485,1.8838232
mb-04852,train,2.089905,2.1626086,1.9190781,1.9082236
mb-06649,train,2.232996,2.2647479,1.9822712,1.8966956
mb-07580,train,1.5797837,1.5472962,1.30103,1.296436
mb-07879,train,1.4149734,1.4439216,1.20412,1.2594771
mb-06025,train,1.4149734,1.406441,1.0413927,1.0377773
mb-00387,train,1.8692317,1.8197446,1.6812413,1.5799707
mb-00045,train,2.1875207,2.2348657,1.7781513,1.8059654
mb-08304,train,2.3283796,2.333041,1.9731278,1.9721491
mb-05979,train,2.1731863,2.2552338,1.8260748,1.8683902
mb-09267,train,0.7781513,0.8329821,1.0413927,1.1253042
mb-04187,train,1.146128,1.6227937,1.3617278,1.336164
mb-06170,train,2.2479732,2.2494378,1.8129133,1.7795402
mb-09252,train,2.2253094,2.2586086,2.071882,2.1695094
mb-00693,train,1.7993406,1.970749,1.5563025,1.6703435
mb-07966,train,1.7160034,1.6998105,1.230449,1.1464257
mb-00816,train,1.9138138,2.0551734,1.6720978,1.7953389
mb-05955,train,1.7923918,1.811126,1.20412,1.3154912
mb-09624,train,2.2810333,2.2652209,1.9956352,1.9156104
mb-02609,train,1.968483,1.7580975,1.5440681,1.341073
mb-03407,train,1.9637878,1.8168094,1.5314789,1.3483615
mb-03055,train,2.298853,2.4061415,2.0374265,2.0862403
mb-00605,train,2.143015,2.1748385,1.8864907,1.8407373
mb-03826,train,2.133539,2.1128232,1.9822712,1.8719695
mb-00577,train,1.690196,1.7237914,1.3802112,1.4812988
mb-02522,train,2.3856063,2.415012,2.09691,2.091567
mb-10966,train,1.763428,1.7195655,1.50515,1.4673145
mb-05059,train,2.2648177,2.2912178,1.7323937,1.8048209
mb-04655,train,1.8976271,2.0301938,1.6232493,1.7446531
mb-05527,train,1.5051501,1.5290357,1.2787536,1.3052784
mb-01027,train,1.8808136,1.8710567,1.447158,1.507322
mb-00896,train,2.1172712,2.1680863,1.9590414,1.9919851
mb-00649,train,1.4771214,1.4554975,1.230449,1.1915958
mb-08761,train,2.326336,2.3530624,2.075547,2.098646
mb-07533,train,1.819544,1.7649742,1.5682018,1.4513886
mb-08651,train,1.6989701,1.5357732,1.4313638,1.3141497
mb-03815,train,1.7403628,1.5735068,1.5563025,1.494717
mb-02565,train,2.064458,2.0620003,1.8325089,1.8359263
mb-04972,train,2.2405493,2.2374475,2.1139433,2.1497107
mb-01004,train,1.8450981,1.8447233,1.4313638,1.4909195
mb-06860,train,2.1818435,2.2072172,1.5797836,1.5443916
mb-05836,train,2.350248,2.3765075,1.90309,1.9699072
mb-02861,train,1.1760913,1.1490039,0.69897,0.6601383
mb-07530,train,2.0253057,2.1044548,1.69897,1.6722076
mb-01172,train,1.6232493,1.405916,1.30103,1.191771
mb-04913,train,1.7323937,1.7534903,1.146128,1.1764574
af-d6af7b3d25cb,train,1.53239,1.5521173,1.0687757,1.0628512
mb-10829,train,1.7993406,1.5851779,1.6812413,1.5328025
mb-00849,train,1.7558749,1.8050499,1.3617278,1.3797473
mb-09636,train,1.968483,1.9480649,1.69897,1.6410415
mb-00507,train,2.0170333,1.9661088,1.6812413,1.6759285
mb-01739,train,1.690196,1.7850509,1.5185139,1.6124787
mb-06956,train,1.7708521,1.6221292,1.39794,1.3942506
mb-06210,train,2.1583624,2.3049083,1.7853298,1.9163668
af-c39a60600679,train,0.98201966,1.1836803,0.8437017,0.8621437
af-ac7610d35123,train,1.1655085,1.2145334,0.52828664,0.56416607
mb-08985,train,2.240549,2.2375774,1.9956352,1.9895396
mb-07581,train,1.8750613,1.8107723,1.462398,1.383897
af-59aa7f06d2a8,train,1.3938786,1.3941735,1.1188134,1.0585613
mb-04185,train,1.6127839,1.58778,1.146128,1.1596483
mb-03428,train,2.1398792,2.1054702,1.7075702,1.7028643
mb-10658,train,2.0791812,2.1308398,1.3802112,1.420138
mb-03320,train,1.9912261,2.0449574,1.6812413,1.7316145
af-15dcc5d502d1,train,1.6139009,1.2704979,1.2995378,0.9292355
mb-08481,train,1.9684829,2.0678747,1.7403626,1.8126361
mb-08039,train,1.9242792,2.1891353,1.8864907,2.0800405
mb-00665,train,1.9294189,1.8179086,1.5185139,1.5079417
mb-10255,train,1.146128,0.97658277,0.69897,0.59806347
mb-09047,train,1.3802112,1.7281264,1.1139433,1.4432023
mb-05894,train,2.0170333,1.9972775,1.763428,1.5949702
mb-03068,train,2.1702616,2.1440167,1.4771212,1.7334698
mb-08735,train,1.4771214,1.6374285,1.30103,1.3184777
mb-09238,train,2.133539,1.997272,1.6812413,1.6253814
mb-07748,train,1.6627579,1.6684027,1.4149734,1.4342487
mb-05974,train,1.8129133,1.6918874,1.50515,1.4016348
mb-09956,train,1.8450981,2.5056863,2.0086002,2.22512
mb-02935,train,1.8388491,2.0090687,1.7853298,1.7922463
mb-06604,train,1.90309,1.8568697,1.6532125,1.5325906
mb-09587,train,1.748188,1.8922944,1.6434526,1.6857121
mb-00837,train,2.0681858,2.2531765,1.8976271,2.0493402
mb-01146,train,1.146128,0.85179013,0.90309,0.6873127
af-0e718cd1dba7,train,1.5897017,1.4116364,1.2186168,1.0189836
mb-04843,train,1.5440681,1.6836965,1.462398,1.5537142
mb-05284,train,2.220108,2.2314453,1.7923917,1.7726679
mb-01244,train,2.3654878,2.3633196,2.0293837,1.9573108
mb-03903,train,1.3979399,1.3659632,0.845098,0.78347784
af-45ff7b54dddd,train,1.5228066,1.388247,0.60033894,0.60908294
mb-10412,train,1.2787536,1.2713715,0.9542425,0.97618943
mb-02972,train,1.7403628,2.055476,1.7781513,1.994137
mb-07157,train,1.5797836,1.6074289,1.3222193,1.3383121
mb-06302,train,1.6334684,1.6152167,0.845098,0.8431
mb-01870,train,1.462398,1.1994869,1.146128,0.9522305
mb-08359,train,2.1931245,2.2088158,1.763428,1.877183
mb-00639,train,0.6989701,1.5728195,1.20412,1.411568
mb-10382,train,2.0374265,2.2941113,1.69897,1.8296553
mb-06435,train,1.8129133,1.8553363,1.3222193,1.3753446
mb-01469,train,2.1139433,2.16929,1.9637878,2.006371
mb-07127,train,1.8976271,1.8996391,1.5563025,1.5850333
mb-10523,train,2.3802114,2.4722311,2.206826,2.2328773
mb-09621,train,1.8692318,2.1916323,1.5682018,1.865378
mb-07439,train,1.146128,1.1210628,0.69897,0.74132794
mb-00895,train,2.3521826,2.3014956,2.3283796,2.2357178
mb-03359,train,1.9777236,1.9902587,1.4913617,1.5642242
mb-00745,train,1.39794,1.3849499,1.0,0.95483637
mb-02586,train,1.80618,1.6595075,1.3617278,1.305754
mb-09707,train,2.155336,2.0784044,1.763428,1.63904
mb-02418,train,1.6232493,1.6966424,1.5563025,1.5732695
mb-04084,train,1.5682018,1.6585181,1.3617278,1.3932966
mb-10796,train,2.2810333,2.1811519,2.071882,1.927599
mb-07571,train,1.3424227,1.4786086,1.3802112,1.4392344
mb-07071,train,1.724276,1.736952,1.230449,1.2527311
mb-03445,train,0.69897,0.6990532,0.30103,0.3145826
mb-05511,train,1.2552725,1.5944909,0.9542425,1.2625164
mb-06692,train,1.3424227,1.3080851,1.1139433,1.1008391
mb-06480,train,1.8260748,1.6828756,1.3222193,1.1931775
mb-04290,train,1.8976271,1.8081939,1.5910646,1.5225574
mb-01660,train,2.206826,2.3130553,1.8920946,1.9869928
mb-00351,train,1.6989701,1.6532636,1.4149734,1.3681121
mb-05991,train,2.0128374,1.9871545,1.2787536,1.3042217
mb-07268,train,1.7242758,1.6973655,1.39794,1.3805263
mb-07103,train,1.9138138,1.8350744,1.3617278,1.2734478
mb-09302,train,1.8976271,1.8847864,1.60206,1.6461321
mb-09710,train,1.4149734,1.2983096,1.0413927,0.9176409
mb-04535,train,1.8692317,1.6303494,1.6532125,1.5571524
mb-09677,train,2.307496,2.2921429,1.763428,1.7422991
mb-10597,train,2.25042,2.0189452,1.0,0.90781415
af-9874952b0a9b,train,1.8947468,1.8852589,1.257964,1.1491637
af-c3a69d5aafb4,train,1.4048918,1.0918342,1.1387604,0.70322067
mb-04409,train,1.929419,1.8488363,1.20412,1.1869578
mb-10030,train,1.8129134,1.8747165,1.5440681,1.5877591
mb-05711,train,1.2552725,1.197126,1.1139433,1.0913162
mb-00371,train,2.3364596,2.4165726,2.089905,2.1444864
mb-02206,train,1.7993405,1.7585527,1.50515,1.4311194
mb-05965,train,1.7558749,1.7923975,1.3424227,1.3363087
mb-04680,train,1.5797837,1.6126239,1.2787536,1.3474543
mb-10057,train,2.1105897,2.0899017,1.9190781,1.839108
mb-05568,train,1.7853298,1.7499263,1.3617278,1.4459049
mb-04992,train,2.1003706,2.1986413,1.9190781,1.9792142
mb-10042,train,1.7923918,1.6889827,1.5440681,1.4494479
mb-04053,train,1.3222194,1.4463573,1.146128,1.2930043
af-4431de142c78,train,1.7499332,1.7709457,1.1387036,1.1658556
mb-08840,train,2.0043213,1.8788598,1.5797836,1.4943371
mb-06270,train,1.146128,1.2385157,0.7781513,0.80425346
mb-02932,train,1.5910646,1.5250405,1.3617278,1.3439733
mb-02484,train,1.80618,1.7005557,1.3802112,1.3338497
mb-00427,train,1.0413927,1.2910465,0.9542425,1.0680841
mb-07663,train,1.146128,1.2450584,0.7781513,0.8850274
mb-03386,train,2.0606978,2.0582998,1.6434526,1.6485566
mb-02801,train,2.2405493,2.290844,1.8864907,1.966254
mb-01399,train,1.0791813,1.1281003,0.7781513,0.8840377
mb-10619,train,0.90309,0.8898474,0.60206,0.57288474
mb-02532,train,2.1238518,1.9230461,1.7558749,1.6392326
mb-03771,train,1.90309,1.9430494,1.7242758,1.754577
mb-05162,train,1.8325089,1.7988945,1.4149734,1.3847969
mb-08953,train,2.298853,2.3475847,1.9822712,2.0191348
mb-10838,train,2.307496,2.2607622,1.7993406,1.8220583
mb-05766,train,2.0863597,2.1202822,1.6232493,1.6159964
mb-04682,train,0.60206,0.3828403,0.60206,0.36427116
mb-08939,train,2.08636,1.9848728,1.7558749,1.5666277
af-32e1b4a32d8e,train,1.7025607,1.5451486,1.1525024,1.1545229
mb-00810,train,2.0170333,2.1002736,1.8808136,1.8654902
mb-10976,train,2.217484,2.2358983,1.819544,1.8705721
mb-00061,train,1.7242758,1.6446598,1.447158,1.3587
mb-09643,train,1.9242792,1.906224,1.5314789,1.5621549
mb-08888,train,1.929419,2.0181653,1.5682018,1.6714087
af-3e3c1d40063c,train,1.3055792,1.3546867,0.99379456,1.0673332
mb-09458,train,0.30103,0.25044614,0.0,-0.043474436
mb-02481,train,1.6532125,1.7057898,1.4313638,1.5622823
mb-07965,train,1.7558749,1.7387557,1.447158,1.5518961
af-0d80a637c412,train,0.6494429,1.0495938,0.43504605,0.7723634
mb-07407,train,1.6627579,1.7809225,1.4913617,1.4958289
mb-02512,train,1.6720979,1.645866,1.3802112,1.3367532
mb-01408,train,1.1139433,1.4639623,1.146128,1.2513735
mb-08081,train,1.7781512,1.7752433,1.447158,1.4273912
mb-02029,train,2.25042,2.2902243,1.968483,1.9496032
mb-09728,train,2.10721,2.1954427,1.8512584,1.925702
mb-06178,train,2.0374265,2.0986667,1.5314789,1.6217679
mb-02826,train,1.4149734,1.3976257,1.20412,1.1850303
mb-10117,train,2.3710678,2.3747048,2.0128372,2.0107489
mb-06119,train,2.3096302,2.331443,1.9731278,1.9504856
mb-03767,train,1.4471581,1.5565672,0.47712126,0.6124721
mb-05809,train,2.2671716,2.267544,1.8692317,1.9640526
mb-07185,train,1.748188,1.7687144,1.5910646,1.5499897
mb-03991,train,1.7923918,1.8599249,1.6812413,1.6950529
mb-00654,train,1.5563024,1.6166772,1.3222193,1.4418234
mb-02517,train,2.220108,2.1966932,1.4771212,1.5074993
mb-06153,train,1.8260748,1.9040403,1.50515,1.5934616
mb-10139,train,2.307496,2.389102,1.968483,2.0690293
mb-04960,train,2.371068,2.2967422,1.9242793,1.8434031
mb-04003,train,1.531479,1.5863173,1.20412,1.2444434
mb-09369,train,2.3096302,2.288327,1.9822712,1.9520516
mb-09024,train,1.4149734,1.6135039,1.0413927,1.2203517
mb-00802,train,1.9777236,1.9172858,1.8260748,1.6844996
mb-09053,train,2.089905,2.0791345,1.690196,1.6703887
mb-09546,train,1.7993406,1.6423306,1.39794,1.3634238
mb-08908,train,2.10721,2.1149075,1.8692317,1.866951
mb-03661,train,1.3802112,1.2853647,1.0791812,1.0317912
mb-00261,train,2.0170333,2.0313482,0.9542425,0.80846655
mb-10689,train,1.5682018,1.6043684,1.3424227,1.4350828
mb-02959,train,2.232996,2.2067218,1.9294189,1.9406946
mb-01017,train,1.7558749,1.7528949,1.39794,1.422064
mb-10405,train,1.5797837,1.7180357,1.39794,1.3918463
mb-09903,train,1.6232493,1.5761415,1.3617278,1.3331323
mb-04034,train,1.748188,1.8209443,1.3802112,1.4806645
mb-05973,train,2.0934217,2.1937537,1.7075702,1.7520142
mb-05474,train,1.9190781,1.8934555,1.6127839,1.5811414
mb-00019,train,1.0413927,1.0600749,0.69897,0.71172017
mb-07562,train,2.155336,2.1953351,1.447158,1.431032
mb-09362,train,1.1760912,1.0580262,0.845098,0.73754245
mb-00789,train,2.1583626,2.166782,1.9395193,1.8967881
mb-04832,train,1.9912261,1.882518,1.6232493,1.483316
mb-00678,train,1.146128,1.1132197,0.9542425,0.86734
mb-06623,train,2.0253057,1.9869835,1.7323937,1.7324632
mb-09664,train,1.5910647,1.6983718,1.462398,1.5266953
mb-03437,train,1.50515,1.4177101,1.1139433,1.0910376
mb-08826,train,1.6434526,1.7762953,1.60206,1.6134548
mb-10008,train,1.9344985,1.8226303,1.462398,1.3687944
mb-05758,train,1.7923918,1.8195126,1.30103,1.3245505
mb-07529,train,1.7323939,1.7072988,1.5440681,1.5105793
mb-06242,train,2.4440448,2.4397004,2.1003706,2.098208
mb-08417,train,1.7781513,1.9919474,1.7558749,1.7957529
af-737af44395bd,train,1.7972287,1.7807318,1.2345147,1.1512268
mb-06750,train,1.30103,1.2577381,1.39794,1.3141129
mb-09202,train,2.0413928,2.070709,1.8750613,1.8124015
mb-10586,train,1.6232493,1.6137903,1.2787536,1.3062886
mb-08660,train,1.7403628,1.7401903,1.2787536,1.3451475
mb-02982,train,2.0253057,2.0081644,1.4771212,1.5585777
mb-02637,train,1.5682018,1.6211357,1.2787536,1.2979969
mb-04023,train,2.303196,2.281402,2.363612,2.2132542
mb-00655,train,2.143015,2.1200275,1.6532125,1.6403947
mb-03276,train,1.8325089,1.7700297,1.4149734,1.3149428
mb-06697,train,1.230449,1.1705122,0.90309,0.86969155
af-b167bafb684e,train,1.5135877,1.5611603,0.75806063,0.78496855
mb-06213,train,1.8260748,1.819562,1.4913617,1.5083857
mb-02236,train,2.2121875,2.2305481,1.8808136,1.8741653
mb-07866,train,1.9493899,1.8820418,1.7923917,1.7188869
mb-09528,train,1.9542425,1.9638296,1.7323937,1.6501837
mb-01691,train,2.2355285,2.2573898,1.8692317,1.8957936
mb-04343,train,1.9190781,1.859241,1.4771212,1.5310614
mb-02899,train,1.1760912,1.046789,1.0791812,0.9662927
mb-09028,train,1.9190781,1.7893778,1.5797836,1.6303446
mb-04740,train,2.217484,2.2338762,1.6627579,1.7039967
mb-00291,train,2.143015,2.2236435,1.8325089,1.905931
mb-10327,train,1.9395193,2.11925,1.7323937,1.871968
mb-09135,train,1.6127839,1.5287755,1.1760913,1.0904335
mb-04856,train,1.4913617,1.4836731,1.3617278,1.2975801
mb-05356,train,2.149219,2.1472952,2.0170333,2.0118341
mb-03470,train,2.1003706,2.0945601,1.7558749,1.661102
mb-05257,train,1.748188,1.7642739,1.462398,1.4587058
mb-04074,train,1.5563025,1.4840245,1.3617278,1.2721046
mb-04104,train,1.4149734,1.2647035,1.1139433,1.0050188
mb-06977,train,1.7242758,1.534764,1.5314789,1.3879272
mb-06462,train,1.8692317,1.9735756,1.7160033,1.7962414
mb-01737,train,2.0170333,1.9736401,1.5314789,1.5583185
mb-01641,train,1.7242758,1.8232718,1.50515,1.5788063
mb-06904,train,1.3010299,1.0805306,1.0413927,0.9115659
af-ddee48f6f9bf,train,1.3619374,1.6909765,1.1715919,1.1325622
mb-07649,train,1.7781513,1.8720158,1.5440681,1.6486963
mb-03338,train,1.5797836,1.5461998,1.3617278,1.3022875
mb-02554,train,1.7075701,1.5198,1.3222193,1.2640147
af-d93ce507eac7,train,1.4118873,1.2217041,1.1428055,0.9974818
mb-04147,train,1.748188,1.7178164,1.4771212,1.4537337
mb-04241,train,1.9542426,1.92659,1.6532125,1.6355045
mb-01972,train,2.369216,2.367293,2.1105897,2.030966
mb-06247,train,2.3344536,2.3971713,2.0211892,2.0330136
mb-09187,train,2.1461282,2.1792722,1.8260748,1.7672309
mb-02993,train,2.3579347,2.396448,2.0530784,2.0696087
mb-00460,train,2.1553361,2.231401,1.819544,1.8696431
af-f818510c8952,train,1.6835972,1.9640442,0.43697003,0.6625947
mb-00124,train,1.80618,1.8013622,1.5440681,1.4744302
mb-10678,train,1.9731278,1.9299589,1.447158,1.4226935
mb-09159,train,1.8512584,2.0894308,1.4313638,1.7773772
mb-09794,train,1.845098,1.8500005,0.7781513,0.7792605
mb-05931,train,2.149219,2.3450503,1.8260748,1.943281
mb-08743,train,2.071882,2.0320365,1.7323937,1.6184468
mb-01975,train,1.69897,1.716939,1.6232493,1.5549434
mb-06018,train,2.120574,2.1008856,1.5314789,1.4712727
mb-02787,train,1.8388491,1.7903577,1.2552725,1.2256919
mb-08653,train,1.748188,1.6940581,1.2787536,1.2342162
mb-10077,train,1.4623979,1.3800895,1.0791812,1.0089872
mb-09703,train,1.9590414,1.8916378,1.6532125,1.5965271
mb-06482,train,1.462398,1.3820769,1.2787536,1.2429625
af-7d6ddbdd4991,train,1.4176294,1.4762172,1.1376832,1.1285517
mb-00740,train,2.2405493,2.265084,1.763428,1.8276887
mb-01346,train,2.2810333,2.3046477,1.8325089,1.9627478
mb-06903,train,1.0,1.0577996,0.845098,0.8734514
mb-08062,train,2.1172712,2.1120377,1.9590414,1.8581505
mb-08136,train,2.155336,2.172735,1.8864907,1.8634013
mb-10061,train,2.1271048,2.1253312,1.8388491,1.8270949
mb-01299,train,2.1038036,2.173605,1.9822712,1.9847733
mb-06684,train,2.2878017,2.4096212,1.9138138,2.1320782
mb-10124,train,2.3283796,2.347589,1.9395193,2.016549
mb-01071,train,2.1903317,2.201857,2.0128372,2.0745757
mb-08139,train,2.3944516,2.4416127,2.0211892,2.128539
mb-05487,train,1.2787536,1.2660366,1.30103,1.2363901
mb-01425,train,1.4471581,1.3500835,1.146128,1.0493288
mb-07372,train,1.5440681,1.6242771,1.230449,1.3677841
mb-05900,train,1.80618,1.7981129,1.3222193,1.3760676
mb-07938,train,2.2174838,2.2131305,2.0211892,1.9223341
mb-02924,train,1.146128,1.5158014,1.4149734,1.3768666
mb-07977,train,1.7853298,1.754121,1.1760913,1.1672747
mb-09864,train,1.5682018,1.5710659,1.2787536,1.2970105
mb-07522,train,1.2041199,1.1272762,1.0413927,0.9569858
mb-00231,train,2.0128372,2.1893902,1.7323937,1.842315
mb-08380,train,2.0334237,2.0488677,1.8325089,1.8130226
mb-04712,train,1.7781513,1.7795647,1.4149734,1.4298099
mb-01570,train,1.9344984,1.9979211,1.763428,1.8449667
af-986d83293806,train,1.1344258,1.272388,0.70304537,0.886511
mb-02294,train,2.0374265,1.9541388,1.6720978,1.5435491
mb-01888,train,1.4913617,1.1966116,1.3617278,1.1094735
mb-01642,train,1.8808136,1.8490936,1.5314789,1.5120629
mb-04280,train,1.724276,1.7965004,1.4313638,1.4285046
mb-03609,train,2.2787538,2.3532183,1.94939,1.9669037
mb-08419,train,1.6127839,1.6016995,1.3802112,1.3743855
mb-09530,train,1.7558749,1.8660595,1.1760913,1.3417453
af-8baa4eb3315d,train,0.8849211,0.9749206,0.67011034,0.6173504
mb-08204,train,1.8573325,1.7858835,1.3424227,1.331216
mb-05800,train,2.240549,2.1647954,2.0606978,2.0499349
af-d9c1f3b80255,train,1.2771001,1.1403339,0.9276598,0.79815155
af-49f47f6178de,train,1.002408,0.8440796,0.5548415,0.45435727
mb-09842,train,1.6532125,1.5788763,1.2552725,1.2738724
mb-03281,train,1.6434526,1.5582483,1.2552725,1.1348132
mb-01872,train,1.2552725,1.1706007,1.0413927,1.0145969
af-9e9071780449,train,1.3040055,1.0185299,1.0146171,0.736786
mb-05424,train,0.8450981,0.9030262,0.60206,0.618301
mb-08886,train,1.5051501,1.5294018,1.230449,1.3777927
af-c9246cfad021,train,1.5178857,1.5236549,1.1198132,1.1421616
af-fb1260e49037,train,0.99733794,0.9470477,0.6321059,0.61224663
af-73993106a51b,train,1.7721176,1.6933405,1.246848,1.2032067
mb-08969,train,1.531479,1.4779389,1.1760913,1.0718014
mb-09855,train,2.0827854,2.1957545,1.4149734,1.5189178
mb-02152,train,1.8692317,1.7711823,1.5440681,1.4604664
mb-00642,train,1.20412,1.2419484,0.90309,0.9656401
mb-03018,train,1.2787536,1.2211833,1.0,1.0434432
mb-00926,train,1.9395193,2.0010986,1.7558749,1.7919645
mb-08108,train,2.0128372,2.1307182,1.60206,1.7656715
mb-06086,train,2.130334,2.1089578,1.4149734,1.4553137
mb-10644,train,1.5440681,1.3298701,1.0413927,0.8599511
mb-02063,train,1.8450981,1.8163598,1.5682018,1.5125508
mb-09977,train,2.1398792,2.1327739,1.3617278,1.5420402
mb-01922,train,1.7075701,1.5892946,1.5797836,1.4050535
mb-10731,train,2.1271048,2.148983,1.8260748,1.6917218
mb-00018,train,1.9138138,2.0318308,1.6434526,1.8025774
mb-00729,train,2.0043213,2.2079723,1.845098,1.8959315
mb-05079,train,2.075547,2.1294398,1.6720978,1.705153
mb-03435,train,1.5682018,1.4587818,1.3424227,1.2526515
mb-01666,train,2.1335387,2.2524583,1.6720978,1.7463416
af-9fab41bd3120,train,1.2987309,1.2816648,0.77787393,0.72985935
af-90e8a1a980d4,train,2.2220502,2.0317264,1.2331662,1.0976636
mb-08879,train,2.2988532,2.3504317,1.8808136,1.9587412
mb-04970,train,2.3031962,2.2561073,1.4313638,1.4475946
mb-09763,train,2.0413926,2.1126435,1.5910646,1.695799
mb-06797,train,2.1846914,2.2650545,1.9190781,1.9634242
mb-08401,train,2.10721,2.1022143,2.0128372,1.95818
mb-01907,train,1.7323937,1.7663053,1.3617278,1.3967565
mb-01786,train,1.8750613,1.9246285,1.69897,1.7237755
mb-00607,train,2.0569048,2.0844228,1.5440681,1.5725589
mb-01369,train,1.4313638,1.6132064,1.30103,1.3640167
mb-01430,train,2.382017,2.3722186,2.045323,2.0182903
mb-09899,train,1.9190781,1.8407445,1.3424227,1.345843
mb-10397,train,2.2148438,2.1541543,1.845098,1.8584001
af-4842dd1381fd,train,1.6851387,1.6859747,1.22084,1.1820294
mb-06897,train,2.2648177,2.1485205,1.9956352,1.930331
mb-02910,train,2.029384,1.9983882,1.4913617,1.4791784
mb-00651,train,1.9912262,2.010675,1.6334685,1.579412
mb-05826,train,2.1731863,2.2065086,1.5910646,1.6855993
mb-02439,train,1.0791813,1.0280143,1.230449,1.1908457
af-180a54bb2831,train,1.6799827,1.3804988,1.164784,1.0062932
mb-06810,train,2.363612,2.413425,2.0863597,2.0628176
mb-05127,train,1.819544,1.8579167,1.5563025,1.6237724
mb-09149,train,1.8388491,1.8833754,1.5563025,1.5670265
mb-08749,train,2.0128372,1.9591706,1.5563025,1.5264077
mb-10298,train,1.9242792,1.8293774,0.845098,0.8706954
af-572886e08a46,train,1.8924663,1.6334567,1.2474036,1.1150659
mb-02947,train,2.1172712,2.1861804,2.0791812,2.1160798
mb-05375,train,1.845098,1.7289686,1.60206,1.5562911
mb-01861,train,2.264818,2.3496265,1.9242793,2.018107
mb-01204,train,2.143015,2.2104623,1.9731278,1.9376752
mb-09656,train,1.7242758,1.6483964,1.146128,1.1234906
mb-09031,train,2.0211892,1.958756,1.6812413,1.5772014
mb-04450,train,2.2787535,2.205594,1.845098,1.7517325
mb-10757,train,1.9542425,1.7893972,1.4771212,1.428617
mb-04403,train,2.0569048,2.0737305,1.690196,1.683181
af-26c10d524c04,train,0.59476036,1.1616602,0.7648961,0.89237446
mb-03896,train,1.6627579,1.6691698,1.20412,1.3142388
mb-10043,train,2.2671719,2.3117487,1.9395193,1.9296668
mb-02174,train,1.39794,1.4416504,1.20412,1.2801431
mb-03980,train,1.230449,1.1704321,0.7781513,0.76585156
mb-10142,train,2.045323,2.086648,1.80618,1.842559
mb-09638,train,1.9444826,2.1731782,1.6720978,1.8518488
mb-08539,train,1.9731278,1.9594342,1.4913617,1.4799217
mb-08323,train,0.9542425,0.92973286,0.60206,0.6315199
mb-04201,train,2.143015,2.2567377,1.80618,1.8680205
mb-00149,train,2.2576785,2.2875175,1.9637878,1.9665712
mb-01989,train,2.3053515,2.4000623,1.968483,2.0561476
mb-05847,train,2.075547,2.1119392,1.5440681,1.4762144
mb-08793,train,1.7708521,1.8517752,1.6127839,1.6665403
mb-01536,train,1.9867718,2.112986,1.7075702,1.7512832
mb-09633,train,2.3222194,2.016998,2.0681858,1.7145503
mb-01132,train,1.7160034,1.6520851,1.5440681,1.4987631
mb-10149,train,2.0043213,2.0713377,1.6532125,1.711541
mb-02434,train,1.8388491,1.7647457,1.6232493,1.449949
mb-08988,train,2.1105897,2.0901926,1.7993406,1.7767075
mb-03679,train,2.356026,2.155413,2.3159704,2.101872
mb-04362,train,2.161368,2.1350622,1.9590414,1.9198829
mb-05721,train,1.7160034,1.7491142,1.39794,1.434282
mb-00519,train,1.8920946,2.0490232,1.6627579,1.7606597
mb-08012,train,1.819544,1.7422819,1.462398,1.3458287
mb-02069,train,2.0791812,1.9553746,1.7853298,1.7403951
mb-03552,train,2.0086002,1.9991012,1.770852,1.7310824
mb-05417,train,2.064458,2.0857735,1.845098,1.859507
mb-08301,train,1.9542426,2.062892,1.8260748,1.8661429
mb-04052,train,1.9912261,2.0184898,1.80618,1.7686725
mb-02244,train,1.8692317,1.5315136,1.3222193,1.0946951
mb-04696,train,2.0170333,2.0620508,1.3617278,1.4124055
mb-06076,train,1.8260748,1.8351377,1.4149734,1.4428062
mb-02431,train,1.1139433,1.1215378,1.1139433,1.0293359
mb-10852,train,1.4313638,1.5548632,1.3424227,1.4263867
mb-07458,train,2.252853,2.1915276,1.7403626,1.7212998
af-6a79b8d09c3f,train,1.6576399,1.5910721,1.277655,1.1478589
mb-06146,train,2.3820171,2.4133205,2.0934217,2.0642333
mb-06079,train,1.80618,1.6728806,1.3617278,1.2764062
mb-00172,train,1.7853298,1.88358,1.4913617,1.5305861
mb-00826,train,1.6720979,1.6964879,1.4313638,1.4493947
mb-04527,train,2.0374265,2.0982122,1.4913617,1.581898
af-3d5c7e27f5a6,train,1.5057521,1.9880464,1.267934,1.0774713
mb-09790,train,2.1846914,2.2359817,1.9444827,1.9430099
mb-05837,train,1.7708521,1.8216193,1.5440681,1.5489918
af-d71d07cdd5ec,train,1.5933093,1.6195991,1.2838256,1.1706722
mb-01160,train,2.2922559,2.3147988,2.0863597,2.031835
mb-08163,train,1.3222193,1.2943367,1.0791812,1.0522114
mb-02546,train,2.456366,2.4954748,2.1875207,2.2218966
mb-06742,train,2.0606978,2.0690827,1.7781513,1.7267903
mb-02157,train,1.2552725,1.209491,0.845098,0.8257592
mb-06857,train,1.0791812,1.2465537,0.90309,1.0715489
mb-08877,train,1.7403626,1.8046439,1.146128,1.2050693
mb-08324,train,1.8388491,1.7422395,1.6232493,1.4954973
mb-02968,train,2.2253094,2.1978,1.6532125,1.6568557
mb-04276,train,1.6334685,1.6432998,1.4149734,1.3601894
mb-06232,train,1.447158,1.5337461,1.3222193,1.4393055
mb-00370,train,1.7403626,1.6985097,1.3802112,1.365401
mb-01526,train,2.0413928,2.0017216,1.8512584,1.793278
mb-02276,train,1.8260748,1.7369708,1.462398,1.4382149
mb-06800,train,1.9590414,1.8572524,1.3617278,1.2813809
mb-00492,train,1.8129134,1.8449773,1.4149734,1.422499
mb-03112,val,1.2552725,1.3852952,0.90309,1.0493312
mb-02356,val,2.164353,2.1956751,1.6720978,1.6765784
mb-07597,val,1.2041199,1.7917616,1.0,1.4447509
mb-09108,val,1.748188,1.7389232,1.2787536,1.281243
mb-01809,val,2.146128,2.1219344,1.90309,1.8494784
mb-05223,val,2.0170333,2.0129452,1.462398,1.4545256
mb-10333,val,2.0934217,2.0661857,1.8920946,1.8656535
mb-07394,val,1.7160034,1.7327071,1.2787536,1.2535079
mb-10080,val,1.7558749,1.7991502,1.4771212,1.2576097
mb-06404,val,1.6127839,1.6182675,1.4149734,1.3758314
mb-05808,val,1.5797837,1.5770892,1.20412,1.2213695
mb-06674,val,2.3283796,2.2783482,2.2718415,2.2039354
mb-00256,val,1.30103,1.1580794,0.9542425,0.9756879
mb-03198,val,1.9344985,1.9499749,1.39794,1.5754842
mb-05208,val,2.0374265,2.0992258,1.770852,1.7856971
mb-00593,val,1.770852,1.9148698,1.3802112,1.5444254
mb-01449,val,2.1583624,2.2813792,1.7160033,1.9145939
mb-08170,val,0.99999994,1.0260484,1.0791812,0.9780913
mb-09487,val,1.0413927,1.0431521,0.69897,0.71572566
mb-03537,val,2.1931245,2.2473197,1.9444827,1.9521065
mb-05546,val,2.262451,2.265252,2.198657,2.2024093
mb-02297,val,1.3617277,1.1885879,1.0791812,0.93159723
mb-05078,val,2.3364596,2.3137784,1.9542425,1.9964188
mb-10321,val,2.0170333,2.057234,1.6812413,1.8041275
mb-01037,val,1.7853298,1.8477706,1.2787536,1.2656144
mb-01589,val,2.0413926,1.8976657,1.5797836,1.6907362
mb-00874,val,2.1038036,2.0676215,1.9138138,1.8689798
mb-03211,val,1.6720979,1.7481468,1.39794,1.5188513
mb-03830,val,2.075547,2.030415,1.9344984,1.8169329
mb-00976,val,1.7075702,1.6552962,1.3424227,1.3029197
mb-06361,val,1.9395193,2.0195665,1.4149734,1.6908311
mb-09801,val,1.6127839,1.6323411,1.1760913,1.2310342
mb-04183,val,2.0863597,2.0998275,1.748188,1.760959
mb-04005,val,2.1271048,2.0857277,1.8750613,1.7947901
mb-07650,val,1.5563025,1.7640272,1.3802112,1.415275
mb-08906,val,2.1172714,2.1952004,1.8920946,1.8420081
mb-07373,val,1.5682018,1.613978,1.4313638,1.4910145
mb-02113,val,1.8920946,2.1001961,1.690196,1.6549382
mb-04599,val,2.0413926,2.100968,1.8573325,1.8517499
mb-08475,val,2.3961995,2.4467611,1.9190781,2.1163483
mb-04839,val,1.8388491,1.8729267,1.5910646,1.5630076
mb-00685,val,2.08636,2.1530623,1.462398,1.6359794
mb-06007,val,1.819544,1.8653073,1.2787536,1.1780328
mb-07029,val,2.292256,2.3820243,1.9395193,2.0408802
mb-06980,val,1.6127839,1.6284943,1.30103,1.3372269
mb-02159,val,2.0530784,2.2603772,1.8750613,2.0672448
mb-10088,val,2.2810335,2.3389845,1.9242793,1.9878995
mb-01497,val,1.7993406,1.7882402,1.462398,1.3424239
mb-10662,val,2.0374265,2.1191063,1.5440681,1.7550219
mb-00909,val,1.6434526,2.156369,1.908485,1.9218795
mb-01572,val,1.6532125,1.7596366,1.5185139,1.1911136
mb-02007,val,2.1958997,2.1300073,1.7923917,1.7178829
mb-05962,val,1.5797837,1.5360055,1.4313638,1.4474981
mb-10515,val,2.2833014,2.2141027,1.146128,1.5828912
mb-09489,val,1.462398,1.6090014,1.230449,1.3545339
mb-02958,val,2.4232457,2.3356328,2.1238515,1.9472493
mb-01628,val,1.8976271,1.9669124,1.6627579,1.6169794
mb-03559,val,1.4771212,1.771519,1.60206,1.3743398
mb-02587,val,2.1958995,2.1521287,1.9956352,1.9466677
mb-10701,val,1.5563025,2.2590735,1.8512584,1.8555971
mb-05469,val,2.1367204,2.250857,2.0606978,2.1736093
mb-07062,val,2.2253094,2.3010597,1.9731278,1.9079844
mb-05433,val,2.1731863,2.2116249,1.8325089,1.9011745
mb-10893,val,1.6434526,1.7138914,1.2552725,1.2693616
mb-00572,val,1.8920946,1.5439286,1.60206,1.2754145
mb-04966,val,1.8808136,2.0445004,1.5563025,1.6548051
mb-05482,val,1.7708521,1.6979396,1.6334685,1.4987242
mb-07544,val,1.20412,1.6451648,0.9542425,1.5012455
mb-00891,val,1.9395192,2.0469224,1.6720978,1.8069603
mb-07329,val,0.9542425,1.2037197,0.90309,0.90526724
mb-08020,val,2.1958997,2.251101,1.8808136,1.8204947
mb-07697,val,1.94939,1.921273,1.5563025,1.5297114
mb-00525,val,1.8864908,1.2405677,1.6532125,1.328413
mb-09799,val,1.3617278,0.9611239,0.9542425,0.90018743
mb-08627,val,2.0934217,2.1969225,1.5563025,1.6397372
mb-08944,val,1.146128,1.2701302,0.845098,1.089942
mb-03220,val,2.3996737,2.3139427,1.7558749,1.942932
mb-04008,val,1.9294189,1.9864473,1.770852,1.7664572
mb-03606,val,1.0,0.78149426,0.7781513,0.5742857
mb-08435,val,1.8976271,1.3486612,1.146128,1.1644616
mb-04727,val,2.025306,2.0395172,1.7993406,1.7801862
mb-01798,val,2.0211895,1.957551,1.7993406,1.6930712
mb-09448,val,2.3521826,2.313339,2.0086002,2.0303035
mb-06721,val,1.4149734,1.3575635,1.2552725,1.1861274
mb-09131,val,1.9242793,1.9483311,1.30103,1.4634776
mb-02978,val,1.7323937,1.7279998,1.20412,1.170713
mb-03553,val,2.146128,2.1342597,1.9344984,1.88193
mb-03363,val,2.2355285,2.270671,1.7993406,1.7503775
mb-04628,val,2.3838153,2.302284,1.9344984,1.8996738
mb-04583,val,1.4771212,1.0802649,1.0413927,0.8933658
mb-07374,val,2.3242824,2.3767893,1.8920946,2.0217957
mb-01124,val,1.9395192,1.9793608,1.690196,1.7347672
mb-06356,val,1.9637879,1.976515,1.4313638,1.5814365
mb-09979,val,1.819544,1.9585454,1.462398,1.6487985
mb-01878,val,1.3010299,1.1796801,1.1139433,1.2165489
mb-07967,val,2.283301,2.3498497,1.8864907,1.964895
mb-00405,val,2.2227163,2.0605624,1.9344984,1.7754266
mb-08501,val,1.39794,1.5463248,1.1760913,1.0231373
mb-00942,val,1.8129134,1.8166103,1.230449,1.179929
mb-03829,val,1.2552725,1.4860623,1.1139433,1.2217299
mb-09170,val,1.7853298,1.6280612,1.5185139,1.4827902
mb-09646,val,1.4913617,1.1139271,0.7781513,0.7827827
mb-09756,val,2.340444,2.3581028,2.0043213,2.0285497
mb-01519,val,1.7781513,1.7478333,1.462398,1.5720059
mb-10415,val,1.9395192,1.998902,1.3617278,1.7106174
mb-05472,val,1.2787536,1.4839307,1.0,1.1389018
mb-07815,val,1.748188,1.7085941,1.0413927,0.9845646
mb-10963,val,1.6812413,1.6554369,1.3617278,1.3216453
mb-05132,val,2.230449,2.2917972,1.845098,1.9524832
mb-01141,val,1.462398,1.5747244,1.1760913,1.2353773
mb-01179,val,2.356026,2.3799188,2.0,2.0095932
mb-04697,val,2.38739,2.4170394,2.0827854,2.0797696
mb-00948,val,1.9190781,1.8946283,1.5682018,1.5468271
mb-08562,val,1.2041199,1.0303185,0.845098,0.6978848
mb-07117,val,1.5563024,1.5755765,1.3222193,1.332114
mb-02016,val,1.9637878,1.7622273,1.50515,1.4678949
mb-05668,val,1.80618,1.8068776,1.4149734,1.467477
mb-01735,val,1.748188,1.6657847,1.4313638,1.3647327
mb-02563,val,1.8388491,1.8789328,1.6627579,1.6934257
mb-09573,val,0.8450981,1.097445,0.60206,0.90051794
mb-08774,val,1.6232493,1.5747845,1.3617278,1.3174076
mb-04928,val,1.8864908,1.9125688,1.4149734,1.3711365
mb-07094,val,1.4313638,1.6369402,1.39794,1.493277
mb-06626,val,1.9190781,1.942259,1.4149734,1.505909
mb-08133,val,1.9777236,2.1569426,1.50515,1.7507572
mb-02493,val,2.2741578,2.40658,2.045323,2.1024044
mb-01447,val,1.845098,1.7874985,1.5910646,1.6125436
mb-08384,val,1.8388491,1.577498,1.20412,0.80683726
mb-10910,val,2.1702619,2.1999402,1.819544,1.8102529
mb-02852,val,1.5314789,1.5540204,1.2552725,1.200882
mb-07327,val,1.5910647,1.6051877,1.230449,1.161294
mb-00013,val,2.3201463,2.3692405,2.071882,2.0849774
mb-05782,val,2.3996737,2.3650095,2.049218,1.9736845
mb-08478,val,1.6720979,1.7432563,0.845098,1.0056332
mb-02066,val,1.3222193,1.4345632,1.0791812,1.1536303
mb-08036,val,1.8750613,1.7777908,1.3424227,1.2546225
mb-02247,val,1.90309,1.8953816,1.690196,1.6820024
mb-10037,val,2.217484,2.227419,1.6720978,1.7556261
mb-04585,val,1.748188,1.7206908,1.230449,1.3593482
mb-04349,val,1.531479,1.477491,1.30103,1.2466983
mb-08473,val,1.8750613,2.058733,1.5185139,1.7320349
mb-03988,val,1.4313638,1.4534394,1.2552725,1.3066622
mb-08219,val,2.2764618,2.2646058,2.0530784,2.1642818
mb-03874,val,1.8976271,1.9312845,1.6532125,1.7242455
mb-04592,val,2.348305,2.4689322,2.1105897,2.223022
mb-07922,val,2.149219,2.1849647,1.69897,1.8341602
mb-04440,val,2.1172712,2.2022815,1.8864907,1.9147074
mb-01999,val,1.748188,1.7818327,1.6127839,1.471156
mb-08611,val,1.8512583,1.7399075,1.5910646,1.4588271
mb-09063,val,1.8061799,1.9311023,1.69897,1.7297685
mb-10975,val,1.60206,1.7016642,1.3802112,1.4145257
mb-06430,val,1.6334685,1.6379614,1.1760913,1.1569034
mb-01249,val,1.6901962,1.7803013,1.2787536,1.4003423
mb-02547,val,1.8260748,1.8474267,1.5185139,1.4862337
mb-00968,val,2.071882,2.0258558,1.690196,1.5967535
mb-06230,val,1.6989701,1.7168517,1.146128,1.2077234
mb-04666,val,1.230449,1.394151,0.7781513,1.116668
mb-07568,val,1.531479,1.5380251,1.3424227,1.2578256
mb-07875,val,1.7403628,1.7238686,1.4913617,1.515135
mb-07547,val,1.69897,1.8849812,0.845098,1.1787778
mb-01749,val,1.7160033,1.7808032,1.3617278,1.348283
mb-08862,val,1.690196,1.7773117,1.1139433,1.1776049
mb-01461,val,1.8129133,1.7675334,1.5797836,1.5853051
mb-04481,val,2.0,1.9904442,1.8325089,1.6581013
mb-09676,val,2.071882,2.2240193,1.7323937,1.8103707
mb-10058,val,1.9822712,2.0629253,1.5797836,1.724806
mb-05693,val,2.10721,2.077464,1.94939,1.9064612
mb-10732,val,2.1172712,2.1521604,1.7323937,1.8584816
mb-03822,val,1.9731278,1.8985378,1.6434526,1.6763327
mb-10060,val,2.0334237,2.0195394,1.9590414,1.8179199
mb-01000,val,2.307496,2.3403897,2.1367207,2.1712563
mb-10403,val,2.217484,2.2245252,1.6334685,1.200856
mb-04255,val,2.0128374,2.0291214,1.5682018,1.3928593
mb-09015,val,2.1583624,2.2133915,1.7403626,1.5774839
mb-02610,val,1.5910646,1.6179631,1.3222193,1.3567046
mb-05704,val,2.08636,2.0809135,1.1760913,1.609812
mb-01023,val,2.2355285,2.1080236,2.0043213,1.8068064
mb-04677,val,1.90309,1.8563298,1.7323937,1.7188785
mb-01403,val,1.6020601,1.7065198,1.3424227,1.4134268
mb-00902,val,2.2900345,2.3909554,2.0530784,2.018497
mb-03216,val,2.2528532,2.2007425,1.9242793,1.7325002
mb-05923,val,2.4248815,2.3754382,2.1931245,2.112003
mb-10344,val,2.1958995,2.1211362,1.60206,1.759375
mb-08785,val,2.3364596,2.214607,2.0253057,1.9071448
mb-02289,val,1.724276,1.6853589,1.2787536,1.2648315
mb-02384,val,2.1139433,2.1930332,1.9242793,1.9555657
mb-08665,val,0.90309,1.1002142,0.69897,0.6790489
mb-06834,val,1.748188,1.7665346,1.3617278,1.4576415
mb-08584,val,2.220108,2.207371,1.8976271,1.8576713
mb-03488,val,2.4683473,2.5115554,2.209515,2.306571
mb-02394,val,1.9956352,1.7373823,1.4771212,1.3211278
mb-07175,val,0.60206,0.62052256,0.30103,0.3702544
mb-01241,val,1.3222193,1.3784564,1.1139433,1.003084
mb-08636,val,1.6532125,1.6513124,1.3424227,1.2521954
mb-03414,val,1.8388491,1.9136894,1.39794,1.4034176
mb-05036,val,2.1846914,2.2285347,1.5563025,1.6560411
mb-02437,val,1.9242792,1.8579464,1.60206,1.5522469
mb-00236,val,1.9395192,1.8389081,1.69897,1.5482793
mb-02634,val,1.3802112,1.3523326,1.0413927,1.0155476
mb-01198,val,1.94939,2.2253888,1.8633229,2.1610339
mb-01130,val,1.819544,1.9103924,1.5563025,1.5944457
mb-05985,val,1.9867717,1.9909072,1.5185139,1.3459097
mb-01560,val,2.1522884,2.2100906,1.9777236,1.9621451
mb-03655,val,2.209515,2.2247317,1.690196,1.8468416
mb-05443,val,1.8633229,1.6076152,1.3802112,1.3607076
mb-05929,val,2.3344536,2.389811,2.0569048,2.0497923
mb-07531,val,1.5563025,1.5515563,1.39794,1.2596604
mb-05976,val,2.0934217,2.2050817,1.7558749,1.8084991
mb-09695,val,1.8129133,1.6756546,1.5185139,1.4738294
mb-10141,val,1.8260747,1.8519597,1.5797836,1.509106
mb-00612,val,1.6334685,1.8658872,1.5682018,1.6365077
mb-07909,val,2.2504199,2.2964559,2.0293837,2.0651488
mb-03489,val,2.155336,2.1096833,1.69897,1.6736466
mb-02668,val,1.3424227,1.2241915,1.0,0.879441
mb-01134,val,1.8573326,1.8063684,1.4313638,1.4545774
mb-08999,val,1.5185139,1.5680137,1.3424227,1.1787443
mb-03648,val,1.7993405,1.931391,1.3222193,1.4704913
mb-03292,val,2.4533184,2.519722,2.1760912,2.2368364
mb-03119,val,2.2479732,2.2000008,1.9138138,1.8398335
mb-04200,val,1.2041199,1.6406946,1.0,1.1045091
mb-01309,val,2.1903317,2.23624,1.8976271,1.9215837
mb-05243,val,2.3304138,2.3537257,2.0530784,1.9434639
mb-01651,val,1.8325089,1.826353,1.6434526,1.6594282
mb-05160,val,1.9344985,2.074853,1.462398,1.7784274
mb-01307,val,2.357935,2.3104277,2.0,2.061698
mb-00687,val,1.8388491,1.7945805,1.5563025,1.4936182
mb-03967,val,2.071882,2.1520882,1.8573325,1.9573758
mb-10527,val,1.8692318,1.6553679,1.6334685,1.567097
mb-09300,val,2.3304138,2.3087132,1.9190781,1.9546139
mb-02342,val,0.60206,0.7417272,0.47712126,0.53991246
mb-05410,val,2.283301,2.3361852,2.09691,1.8885932
mb-07480,val,2.5440679,2.5336967,2.1172712,2.2530272
mb-02169,val,1.8260748,1.8073648,1.5563025,1.5601332
mb-00269,val,2.1702616,2.2633128,1.7853298,1.8853636
mb-06445,val,1.763428,1.845914,1.2552725,1.240124
mb-01715,val,1.6812413,1.5648919,1.5185139,1.440143
mb-01138,val,1.4149734,1.4089152,1.1139433,1.0894061
mb-00006,val,1.9956353,1.9371932,1.4913617,1.4731195
mb-10745,val,1.5797837,1.7739843,1.20412,1.4854487
mb-03568,val,2.0492182,2.0397418,1.6627579,1.70856
mb-01492,val,2.2944663,2.2934294,1.9590414,1.9993807
mb-00406,val,2.243038,2.2658343,1.9590414,1.9186159
mb-01428,val,1.20412,1.3556354,0.9542425,0.9304137
mb-09933,val,1.5910647,1.4695699,1.39794,1.216261
mb-01712,val,1.518514,1.5404072,1.5563025,1.5046406
mb-04045,val,1.8633229,1.8539343,1.5910646,1.5613703
mb-10184,val,1.6720979,1.3464665,0.845098,0.97761977
mb-03858,val,2.2671716,2.2773216,2.220108,2.208352
mb-03868,val,1.4913617,1.6262269,1.4313638,1.500629
mb-04940,val,1.763428,1.8141942,1.748188,1.5951868
mb-01969,val,1.39794,1.3779422,0.90309,1.2003565
mb-10482,val,2.2355285,2.2383788,1.9542425,1.9335587
mb-10659,val,1.3222194,1.4308463,1.20412,1.2493339
mb-08941,val,2.045323,2.120905,1.6720978,1.6463382
mb-08706,val,1.5682018,1.6734625,1.2787536,1.3853874
mb-08212,val,1.7403628,1.6913004,1.5563025,1.4354821
mb-07426,val,1.6532125,1.5846232,1.462398,1.4559575
mb-04798,val,2.0681858,2.1408086,1.8750613,1.8873748
mb-10585,val,2.230449,2.265603,1.8129133,1.9121019
mb-00817,val,2.0681858,2.0973547,1.9294189,1.8822362
mb-01228,val,2.2552724,2.3765008,2.064458,2.1070545
mb-05347,val,1.4771214,1.5715024,1.230449,1.3144867
mb-03237,val,2.0334237,2.0666053,1.8692317,1.7169374
mb-08955,val,1.4913617,1.5790236,1.146128,1.3619496
mb-06656,val,1.3424227,1.3162315,1.0,0.93598837
mb-00597,val,1.8061799,1.7137187,1.447158,1.389527
mb-07054,val,1.4149733,1.4515541,1.0791812,1.1847775
mb-03302,val,2.1139433,2.1883168,1.9395193,1.7766435
mb-07096,val,1.8260748,1.835146,1.4313638,1.5414124
mb-04258,val,1.3802112,1.2779834,1.1139433,1.0854952
mb-09729,val,2.2013972,2.1622272,1.80618,1.7752738
mb-08534,val,2.120574,2.1256251,1.447158,1.5523013
mb-06519,val,1.9542425,1.8426383,1.6232493,1.433967
mb-02694,val,1.8573325,1.77155,1.50515,1.4439449
mb-06246,val,2.357935,2.3156679,1.80618,1.9127305
mb-10125,val,1.7923918,1.5767505,1.5563025,1.3989149
mb-01667,val,1.20412,1.4476668,1.146128,1.2729516
mb-02567,val,2.3579347,2.2464714,1.9822712,2.0721757
mb-01549,val,1.7403626,1.7276868,1.447158,1.3248479
mb-03935,val,2.2013972,2.2342718,1.7160033,1.6920449
mb-02665,val,1.9084849,1.6660964,1.2552725,1.0857491
mb-09426,val,2.217484,2.1965199,1.8573325,1.726901
mb-01529,val,1.7403628,1.73952,1.39794,1.4287312
mb-03604,val,2.1139433,2.0979433,1.7923917,1.7425102
mb-02341,val,2.269513,2.247894,1.690196,1.7789426
mb-00707,val,1.60206,1.3778613,1.1139433,0.48077333
mb-02186,val,0.0,0.5363375,0.0,0.35862947
mb-09832,val,1.8633229,1.8560356,1.1139433,1.6595597
mb-10860,val,1.6627579,1.8696561,1.2787536,1.4820358
mb-09866,val,1.5051501,1.5845274,1.20412,1.2989063
mb-09651,val,1.5440681,1.5618174,1.2787536,1.2481002
mb-00882,val,1.9637878,1.981113,1.6812413,1.7310041
mb-05047,val,2.133539,2.1663718,1.5314789,1.3717206
mb-10633,val,2.274158,2.3080277,1.94939,1.9708239
mb-10101,val,1.724276,1.6930699,1.30103,1.3878998
mb-03040,val,1.7403628,1.5968794,1.5563025,1.4464288
mb-02092,val,2.0934217,2.088185,1.6812413,1.5102683
mb-05175,val,2.2855573,2.3075373,2.0086002,1.9466952
mb-03670,val,2.1172712,1.9941161,1.8692317,1.6268326
mb-08872,val,2.230449,2.202758,1.8512584,1.8185272
mb-02660,val,2.198657,2.2114656,2.0253057,2.0856535
mb-08718,val,1.8512584,1.9337283,1.4313638,1.5418984
mb-06063,val,2.423246,2.3002853,2.0530784,1.8543934
mb-06257,val,1.1760913,1.1609721,0.9542425,0.955563
mb-04135,val,2.0293837,1.9652388,1.7403626,1.6582904
mb-04732,val,2.209515,2.2220702,1.7853298,1.9070346
mb-02591,val,1.9731278,1.9121863,1.7403626,1.655278
mb-08535,val,1.80618,1.8753495,1.5185139,1.4601572
mb-03800,val,1.9444827,1.887466,1.60206,1.445013
mb-07736,val,1.5314789,1.594413,1.2787536,1.3671684
mb-01510,val,1.8920946,1.8454249,1.69897,1.6173457
mb-04236,val,2.40824,2.3252757,2.2988532,2.2146707
mb-04109,val,2.0334237,2.1174817,1.8388491,1.8967204
mb-03690,val,2.3304138,2.3366234,1.8808136,1.9162854
mb-10542,val,2.2121875,2.205884,1.7853298,1.8982376
mb-00867,val,1.8633229,1.7091751,1.6434526,1.426969
mb-04644,val,2.0934217,2.2777753,1.7923917,1.9748706
mb-09412,val,1.90309,1.9566097,1.50515,1.6757222
mb-02624,val,1.9590414,1.9781787,1.6434526,1.6613241
mb-07519,val,2.1846914,2.149553,1.80618,1.8708541
mb-07857,val,2.120574,2.179907,1.7558749,1.8852701
mb-00007,val,1.9912262,1.8646767,1.30103,1.3260349
mb-03398,val,2.1702616,2.148511,2.071882,2.0566077
mb-07429,val,2.0827854,2.0975072,1.5682018,1.612806
mb-03965,val,1.6434528,1.6138033,1.3424227,1.3952429
mb-02529,val,2.045323,1.9292479,1.5440681,1.496101
mb-05251,val,1.9867717,1.9585416,1.447158,1.3839221
mb-02920,val,0.60206,0.5161499,0.30103,0.31126153
mb-07122,val,2.1846914,2.2254205,1.748188,1.8266836
mb-08122,val,2.130334,2.2088675,1.4913617,1.4063754
mb-07446,val,1.7160033,1.5932106,1.690196,1.5129265
mb-00226,val,1.8129133,1.7423341,1.3222193,1.3966719
mb-10772,val,2.1367207,2.109231,1.5910646,1.518216
mb-05752,val,2.313867,2.3651252,1.9731278,1.9920621
mb-10784,val,1.3617278,1.6228777,1.3424227,1.4918562
mb-01938,val,1.6901962,1.6552286,1.5440681,1.4326745
mb-04437,val,2.1105897,2.1295984,1.9444827,1.784173
mb-00355,val,1.50515,1.6675559,1.0791812,1.3063546
mb-04796,val,1.7781512,1.8053224,1.447158,1.4621828
mb-03273,val,2.2600713,2.403895,1.9294189,2.0979023
mb-06710,val,1.6812413,1.7813064,1.0791812,1.2786825
mb-01778,val,1.9590415,2.1379387,1.8260748,1.9396498
mb-00522,val,1.20412,1.3858762,0.7781513,1.0242457
mb-00285,val,2.130334,2.1414487,1.1760913,1.3354816
mb-06052,val,1.8260748,1.8205953,1.3424227,1.4237607
mb-09431,val,1.9542425,1.9891862,1.4771212,1.6315283
mb-07622,val,1.968483,1.9314497,1.6127839,1.4479061
mb-08649,val,1.8692317,1.912216,1.0,1.0501426
mb-05744,val,1.9542425,1.9846766,1.3222193,1.2905853
mb-07321,val,1.7160033,1.8003794,1.60206,1.5686268
mb-08462,val,2.1702619,2.1724687,1.6627579,1.6969197
mb-10914,val,2.1903317,2.2157679,0.30103,1.5742337
mb-02951,val,1.7853298,1.9275328,1.6232493,1.712172
mb-06465,val,1.5314789,1.5838265,1.4771212,1.4580551
mb-02430,val,1.845098,1.9086196,1.447158,1.3884522
mb-04154,val,1.230449,1.622796,1.4771212,1.4135331
mb-03249,val,2.1105897,2.1449962,1.6627579,1.5724974
mb-00514,val,1.9138138,1.9131359,1.7075702,1.6643295
mb-10684,val,1.4313638,1.5894378,1.2787536,1.2796624
mb-06299,val,1.9138138,2.0237167,0.845098,1.1290581
mb-02772,val,2.025306,2.1348503,1.819544,1.8146362
mb-03750,val,2.1271048,2.1345782,1.8692317,1.9603882
mb-04815,val,2.0569048,1.9515196,1.6627579,1.6935344
mb-05409,val,1.30103,1.3821164,1.0,1.0849775
mb-01239,val,1.20412,1.1530945,0.9542425,0.8896865
mb-07638,val,1.6020601,1.7254041,1.146128,1.2636068
mb-02524,val,2.1367207,2.1728988,1.748188,1.755148
mb-01178,val,2.075547,2.0698302,1.69897,1.7351583
mb-03427,val,1.7323937,1.8932991,1.60206,1.4416298
mb-02780,val,1.5051501,1.4837521,1.1760913,1.1092391
mb-02257,val,2.230449,2.2693696,1.5440681,1.6610715
mb-08606,val,1.8512584,1.8270732,1.5563025,1.6201545
mb-00163,val,2.0,2.063557,1.6434526,1.7381337
mb-03732,val,2.3324385,2.3632777,1.9395193,1.9103893
mb-00448,val,1.8692317,1.8108175,1.5185139,1.3684313
mb-07993,val,0.845098,0.86429,0.47712126,0.62920797
mb-09113,val,2.220108,2.1694882,1.8260748,1.7280831
mb-07927,val,1.2041199,1.3039479,0.845098,1.1515943
mb-04624,val,2.3053513,2.3102021,1.8633229,1.923235
mb-00021,val,2.2810333,2.369527,2.0,2.0485425
mb-00939,val,1.8808136,1.925418,1.7075702,1.7234677
mb-05416,val,2.0569048,2.0428672,1.8633229,1.8012279
mb-02285,val,1.5797837,1.6645762,1.4149734,1.4979643
mb-00282,val,2.298853,2.2678473,1.9867717,1.9629202
mb-01751,val,2.238046,2.266774,2.0211892,1.9810965
mb-10291,val,2.1522884,2.180672,1.6334685,1.918439
mb-03899,val,2.0374265,1.999738,1.6232493,1.6122121
mb-03097,val,2.1702619,2.1790452,1.908485,1.9120517
mb-06549,val,2.2121878,2.312973,1.9242793,1.9794251
mb-07761,val,2.0043213,1.9884568,1.5185139,1.4997191
mb-00016,val,1.447158,1.3382254,1.0791812,0.9053413
mb-05995,val,1.7075701,1.6234967,1.3222193,1.2615701
mb-10331,val,2.2741578,2.307349,1.8633229,1.9455519
mb-07961,val,1.5185139,1.3655963,1.0413927,0.9255788
mb-06638,val,1.3424227,1.1465628,1.1760913,1.0273355
mb-10461,val,2.164353,2.1961553,1.3424227,1.3642116
mb-03814,val,0.90309,0.89649487,0.69897,0.492949
mb-08946,val,1.5797837,1.8112948,1.4313638,1.6134516
mb-08963,val,1.9777236,1.955083,1.6532125,1.6840934
mb-03036,val,2.2013972,2.2138395,2.0827854,2.003265
mb-10712,val,1.5682018,1.582696,1.3617278,1.334278
mb-06999,val,1.8573325,1.7092144,1.5185139,1.3235722
mb-10102,val,2.0492182,2.0603552,1.4913617,1.4273708
mb-04526,val,2.089905,2.062443,1.69897,1.7217588
mb-06097,val,2.0569048,1.6628689,1.5185139,1.0983201
mb-06040,val,1.6127839,1.5052238,1.1139433,1.0896289
mb-04616,val,2.206826,2.234508,2.209515,2.1527371
mb-01035,val,2.2479732,2.3700614,1.8920946,2.0449178
mb-04935,val,1.3010299,1.5331182,1.0413927,1.1021664
mb-06687,val,1.6627579,1.686745,1.6232493,1.526582
mb-07115,val,1.5682018,1.5697018,1.30103,1.321385
mb-10407,val,1.7923918,1.5554981,1.30103,1.19885
mb-05189,val,1.230449,1.2621552,0.845098,0.8576327
mb-03878,val,2.3579347,2.3680453,2.0530784,2.0259595
mb-05672,val,2.0374265,2.0111396,1.462398,1.4184669
mb-00727,val,2.2013972,2.22786,1.8976271,1.9696021
mb-07202,val,2.313867,2.2932997,2.089905,1.9603218
mb-05738,val,2.2405493,2.1389945,1.9138138,1.802645
mb-01388,val,2.0043213,1.8923072,1.60206,1.6185354
mb-00888,val,1.4913617,1.5479676,1.30103,1.3750074
mb-09392,val,2.1731863,2.1661465,1.7993406,1.8241116
mb-10844,val,1.8260747,1.8514634,1.447158,1.4748609
mb-08734,val,1.9344985,2.0055993,1.6627579,1.7596735
mb-07461,val,2.0934217,2.108269,1.8920946,1.8973739
mb-04837,val,2.139879,2.152085,1.9344984,1.9621394
mb-00359,val,2.1303337,2.1329658,1.8129133,1.8495
mb-08656,val,1.6532125,1.6791638,1.2787536,1.3508291
mb-02461,val,1.5797836,1.5789858,1.4771212,1.4384229
mb-09116,val,2.1105897,1.8905362,1.845098,1.5729351
mb-07097,val,1.6127839,1.5343267,0.7781513,1.1752524
mb-01440,val,0.30103,0.25734413,0.0,0.15193892
mb-06272,val,1.763428,1.7436801,1.30103,1.3486718
mb-09909,val,1.8573326,1.7887928,1.4313638,1.453071
mb-01829,val,2.283301,2.3603492,1.9344984,2.0577188
mb-07230,val,1.8864907,1.9779713,1.7160033,1.7134612
mb-06563,val,1.6532124,1.6035366,1.3222193,1.2719218
mb-02658,val,1.8864907,1.8516306,1.5910646,1.5245367
mb-06643,val,1.4913617,1.5381494,1.30103,1.2850099
mb-01800,val,1.7160034,1.705131,1.20412,1.2597677
mb-05178,val,2.2068257,2.1456695,1.8692317,1.7707126
mb-01100,val,1.9956353,1.9629892,1.7558749,1.7881377
mb-06036,val,1.3010299,1.2518771,1.0791812,1.0573672
mb-02014,val,1.0,1.3480783,1.1760913,1.373633
mb-02211,val,2.164353,2.1672368,1.9395193,1.8722278
mb-01378,val,1.832509,1.8517778,1.462398,1.425388
mb-10273,val,1.6020601,1.5167224,1.4313638,1.442758
mb-07156,val,1.7075702,1.7553048,1.230449,1.2642591
mb-07451,val,1.7160034,1.7310247,1.4313638,1.3723683
mb-04713,val,1.7403626,1.7391682,1.2552725,1.2321386
mb-09840,val,2.146128,2.1661482,1.69897,1.7621351
mb-02788,val,1.4313638,1.3303609,1.0413927,0.97597003
mb-09924,val,2.2253094,2.2449694,1.819544,1.8456461
mb-04941,val,1.845098,1.9552127,1.2787536,1.3494563
mb-07088,val,2.230449,2.129716,1.968483,1.9026715
mb-10522,val,2.363612,2.4136147,2.161368,2.1121573
mb-09095,val,1.845098,1.7763886,1.5185139,1.4002867
mb-00785,val,2.2600713,2.2517757,2.1038036,2.1025524
mb-03631,val,1.9637878,2.0334382,1.462398,1.613393
mb-04072,val,1.5051501,1.471693,1.3424227,1.2392495
mb-00771,val,0.60206,0.6311109,0.30103,0.38367724
mb-07232,val,2.0681858,2.0703964,1.1760913,1.3966771
mb-10769,val,1.5797837,0.9722103,1.30103,0.7169504
mb-06362,val,1.5185139,1.5696089,0.9542425,1.1609745
mb-02475,val,1.4471581,1.2457197,1.0,1.0886601
mb-05432,val,2.1461282,2.0608296,1.9190781,1.7425413
mb-00299,val,2.0128372,1.9894015,1.7923917,1.7372024
mb-07929,val,2.4771214,2.384188,1.9444827,2.0515308
mb-10116,val,1.9777236,1.9873337,1.6720978,1.5443419
mb-05476,val,1.8512583,1.762818,1.5797836,1.488922
mb-01936,val,1.9344985,1.9529418,1.6532125,1.659503
mb-04545,val,1.832509,1.8525541,1.462398,1.5327581
mb-08266,val,1.6812413,1.7735798,1.0791812,1.424233
mb-01958,val,1.5314789,1.4437778,1.39794,1.2476712
mb-09222,val,1.968483,1.9529423,1.6434526,1.6397226
mb-01196,val,1.7075702,1.6073208,1.6127839,1.3625377
mb-06450,val,2.133539,2.0586154,1.7781513,1.6599206
mb-06789,val,1.0791813,1.216907,0.7781513,0.8398206
mb-04648,val,1.30103,1.6198925,1.3617278,1.4500804
mb-02179,val,2.376577,2.2728763,2.0934217,2.0611901
mb-03493,val,2.0128372,2.0926855,1.690196,1.6341656
mb-05607,val,2.4771214,2.532932,2.1522884,2.2622557
mb-07345,val,1.8129134,1.7993058,1.3802112,1.3834162
mb-06755,val,1.4149734,1.3870966,1.0413927,1.0159218
mb-08616,val,2.372912,2.5209033,2.0530784,2.2631965
mb-05093,val,1.5682017,1.5462266,1.3222193,1.3232229
mb-10372,val,1.8976271,2.0139122,1.7323937,1.948493
mb-07696,val,1.8864907,2.0288942,1.690196,1.6905577
mb-09890,val,1.7242758,1.8852756,1.5314789,1.660946
mb-01246,val,1.2041199,1.2167577,1.0,0.9544931
mb-09936,val,2.217484,2.2686965,1.8325089,1.8573
mb-01048,val,1.7323939,1.6975,1.5682018,1.4816213
mb-03140,val,1.8325089,1.9221823,1.748188,1.7288584
mb-07003,val,1.5682018,1.5003514,1.20412,1.1162027
mb-01227,val,1.5797836,1.4954139,1.3802112,1.3125308
mb-10213,val,0.99999994,1.4795516,1.0791812,1.16448
mb-00560,val,1.7160034,1.7479084,1.39794,1.3742505
mb-01804,val,2.4361625,2.4815018,2.064458,2.1705594
mb-03523,val,1.9493899,1.8453264,1.6434526,1.5618919
mb-04009,val,1.9956353,2.1185243,1.7781513,1.8785437
mb-04399,val,2.2380462,2.2089345,1.7853298,1.5680692
mb-08505,val,2.0492182,2.0929742,1.8260748,1.7962565
mb-01927,val,2.1673174,2.1986306,1.6232493,1.6853819
mb-05075,val,2.201397,2.208772,1.8129133,1.6917552
mb-03192,val,1.90309,2.0154154,1.7853298,1.8065966
mb-07123,val,1.7403628,1.7369677,1.4149734,1.4221632
mb-04117,val,1.8864907,1.9332757,1.4771212,1.5483278
mb-03740,val,1.9444827,2.093361,1.8260748,1.7844458
mb-04283,val,1.9493899,2.0987034,1.7160033,1.8923882
mb-01439,val,1.748188,1.7095995,1.3222193,1.4423723
mb-10807,val,1.5797837,1.5648104,1.230449,1.2887131
mb-08790,val,1.230449,1.1102457,1.0,0.8958341
mb-05777,val,2.3159702,2.29038,2.045323,1.7330589
mb-01653,val,1.1139433,1.0076253,0.47712126,0.5143893
mb-05926,val,1.7993405,1.8729665,1.146128,1.3760973
mb-03637,val,2.2430382,2.2671523,1.8920946,1.7571063
mb-02349,val,1.3424227,1.4503822,1.0413927,1.1033673
mb-06091,val,1.7993406,1.7887325,1.39794,1.4213266
mb-07161,val,1.8864907,1.9646838,1.60206,1.7546757
mb-07468,val,1.2787535,1.486232,1.4771212,1.4821124
mb-02194,val,1.8129133,1.7933514,1.5314789,1.5206053
mb-10079,val,2.0374265,2.0713,1.7075702,1.7223645
mb-10095,val,2.0681858,2.0351233,1.690196,1.6641107
mb-06538,val,2.3483047,2.3197637,1.9590414,1.9590228
mb-00148,val,2.0128374,2.103904,1.6127839,1.891153
mb-10703,val,2.3283796,2.372467,2.0827854,1.9983003
mb-05394,val,1.690196,1.6733917,1.3802112,1.3153635
mb-08422,val,2.252853,2.2584252,1.7242758,1.7401651
mb-03714,val,2.0086002,1.9732753,1.5440681,1.6195523
mb-04916,val,2.2227163,2.3223395,2.0128372,2.0379622
mb-08892,val,2.2479732,2.3249009,1.9294189,2.0046544
mb-07842,val,1.7323939,1.6865065,1.5682018,1.5007366
mb-01537,val,2.4116197,2.473402,2.0863597,2.1946251
mb-08189,val,1.7403628,1.9470501,1.5682018,1.3034331
mb-10408,val,1.69897,1.9905449,1.748188,1.8077861
mb-00374,val,2.164353,2.2020946,1.9956352,1.9796065
mb-10512,val,2.5037906,2.4945135,2.243038,2.2276108
mb-02810,val,1.6627578,1.8712956,1.5314789,1.6048039
mb-02090,val,2.0334237,2.160737,1.6720978,1.8853967
mb-06527,val,2.0791812,2.1230516,1.5185139,1.5300926
mb-00780,val,1.4149734,1.7108927,1.0,1.1853533
mb-08618,val,1.5314789,1.2248828,1.0413927,0.8231462
mb-04172,val,1.6901962,1.6748148,1.3424227,1.3381059
mb-10264,val,1.9084849,2.101972,1.7323937,1.7618011
mb-10955,val,2.2833014,2.3190715,1.8920946,1.9107511
mb-08259,val,1.748188,1.4938285,1.462398,1.200468
mb-09298,val,2.2528532,2.2289703,1.8976271,1.9268193
mb-05099,val,1.5185139,1.6462852,1.3617278,1.3682488
mb-00541,val,1.462398,1.5436586,1.39794,1.367431
mb-05904,val,1.6127838,1.6730019,1.3222193,1.2548876
mb-06344,val,1.5440681,1.4763345,1.3617278,1.3794395
mb-09983,val,2.0293837,2.1818414,1.4771212,1.4052768
mb-02365,val,1.6020601,1.3147999,1.5440681,1.0965102
mb-04424,val,1.6989701,1.6389576,1.4313638,1.3968875
mb-03730,val,2.0128374,2.1717613,1.462398,1.7282588
mb-02188,val,1.7634281,1.7947654,1.5440681,1.5208223
mb-05054,val,1.9190781,1.9447207,1.690196,1.6776714
mb-10940,val,1.4771214,1.4165988,1.230449,1.1803268
mb-00818,val,2.2121875,2.2279067,1.9444827,1.9498004
mb-00781,val,2.0934217,1.995254,1.8692317,1.7125081
mb-07618,val,2.2600713,2.1755533,1.748188,1.7403249
mb-06985,val,1.9637878,1.9173927,1.819544,1.6851835
mb-05842,val,1.8573326,1.8199396,1.462398,1.5218095
mb-08900,val,2.2855573,2.2606683,1.9867717,2.1070983
mb-06629,val,1.6020601,1.5698332,1.462398,1.398493
mb-00482,val,2.269513,2.276005,1.8260748,1.9540792
mb-07351,val,1.5797836,1.2276863,1.50515,1.0506899
mb-09632,val,1.7075702,1.9036312,1.3424227,1.6756518
mb-08100,val,1.1760912,1.2201474,1.0791812,1.0744343
mb-01237,val,1.8325089,1.9180083,1.6127839,1.3842286
mb-06509,val,1.763428,1.7632526,1.3802112,1.4169474
mb-02408,val,2.164353,2.1469593,1.819544,1.6758819
mb-09519,val,1.7923918,1.6872935,1.230449,1.2196759
mb-01960,val,2.0413926,2.1337185,1.8129133,1.7581995
mb-05832,val,1.7781513,1.7050034,1.30103,1.240784
mb-04152,val,2.298853,2.2513278,1.7923917,1.7212416
mb-06089,val,2.3159704,2.2477684,1.9590414,1.8793449
mb-10284,val,2.089905,2.2674997,1.7242758,1.8397231
mb-05671,val,2.3180633,2.299875,1.9777236,1.8566864
mb-01627,val,1.7923918,1.8817399,1.6532125,1.693423
mb-03825,val,2.2013972,2.243816,1.0,1.6297245
mb-10082,val,1.913814,1.9573137,1.5682018,1.6817849
mb-01376,val,1.7923918,1.8063881,1.2787536,1.2010944
mb-05280,val,1.6627579,1.6772985,1.4313638,1.3549621
mb-02307,val,2.155336,2.2621508,1.7923917,1.7420565
mb-09785,val,2.3159704,2.3625028,1.7781513,1.9539487
mb-07179,val,1.1139433,1.6691939,0.90309,1.520297
mb-09197,val,2.217484,2.232107,1.9867717,1.9494717
mb-02964,val,1.4313638,1.4819999,1.30103,1.331723
mb-09256,val,2.3053515,2.2620711,1.80618,1.893833
mb-03634,val,1.9590414,1.8316956,1.748188,1.5660938
mb-00796,val,1.9493899,2.0038607,1.69897,1.7152855
mb-08458,val,1.7323937,1.6636846,1.3617278,1.4196042
mb-10050,val,1.8808136,1.8091116,1.6127839,1.6378895
mb-07166,val,2.1172712,2.1387508,2.0211892,1.8888221
mb-01556,val,1.7923918,1.788264,1.39794,1.3716584
mb-00022,val,1.9731278,1.9748199,1.6812413,1.6852413
mb-02497,val,2.0681858,1.8588333,1.69897,1.3569916
mb-10425,val,2.1367207,2.2690766,1.80618,1.6263809
mb-09975,val,2.120574,2.094792,1.3802112,1.7113239
mb-09600,val,2.311754,2.2478232,1.7993406,1.6796671
mb-03864,val,2.3096302,2.388296,1.9956352,2.056992
mb-10570,val,2.0043213,2.0729408,1.7403626,1.663238
mb-03736,val,2.4031205,2.517217,2.2764618,2.2619982
mb-08688,val,2.075547,2.0464015,1.8512584,1.7778075
mb-09404,val,1.0791812,1.3793848,0.69897,1.0662391
mb-07137,val,1.908485,1.8700769,1.5440681,1.39197
mb-00331,val,1.3424227,1.2735059,1.0,0.9068609
mb-10240,val,2.0293837,2.0620892,1.763428,1.8377863
mb-03500,val,2.4393325,2.3915036,2.1303337,2.0586836
mb-09537,val,2.049218,2.1048782,1.8388491,1.8841016
mb-03200,val,1.4313638,1.167541,1.0413927,1.0544746
mb-05252,val,1.748188,1.7273982,1.2787536,1.3882577
mb-08459,val,1.7708521,1.6498652,1.6127839,1.318477
mb-01382,val,1.4149734,1.3630806,1.1139433,1.0655134
mb-02520,val,1.5682018,1.472971,1.6127839,0.9570495
mb-00204,val,1.7403628,1.7842598,1.462398,1.5609949
mb-00140,val,1.0413927,1.0425797,0.47712126,0.64887184
mb-06477,val,1.9242793,1.9097137,1.2787536,1.359166
mb-00697,val,1.9444827,1.8675376,1.6434526,1.5254531
mb-03348,val,2.4983106,2.4405994,2.307496,2.1453118
mb-01638,val,1.6627579,1.7563324,1.230449,1.3399608
mb-08123,val,1.5440681,1.574059,1.20412,1.307594
mb-07950,val,1.5563025,1.5833856,1.3424227,1.3290582
mb-06488,val,2.2900348,2.3843982,1.94939,2.0453994
mb-06262,val,2.071882,1.956564,1.69897,1.515048
mb-09009,val,1.9294189,1.5716314,1.3802112,1.2456071
mb-01742,val,2.3096302,2.3553553,1.9731278,1.9778159
mb-08453,val,1.8864907,1.8319111,1.770852,1.5682632
mb-08528,val,2.075547,2.1141737,1.50515,1.4647592
mb-08466,val,2.3384564,2.408287,2.0,2.0520973
mb-06401,val,2.0043213,2.1347122,1.8808136,1.9409263
mb-07358,val,2.149219,2.2255182,1.748188,1.889457
mb-06775,val,2.1875207,2.1227968,1.763428,1.7539082
mb-06049,val,1.6720979,1.7602761,0.60206,1.0742465
mb-06610,val,2.1003706,2.0587344,1.7558749,1.8378422
mb-09618,val,2.139879,2.1541626,1.9444827,1.963186
mb-10760,val,1.9242792,1.8535374,1.3617278,1.3528833
mb-07295,val,1.4913617,1.524344,1.3617278,1.4069077
mb-08570,val,2.161368,2.0723488,1.8573325,1.7801191
mb-01689,val,1.3222193,1.6225691,0.845098,1.022284
mb-01674,val,2.4297523,2.3086953,2.340444,2.235753
mb-10022,val,2.1818435,2.2933273,1.9294189,1.8508672
mb-04406,val,1.9084849,1.9083519,1.7403626,1.7160107
mb-08925,val,2.7363966,2.3560178,1.9822712,1.9669808
mb-09680,val,1.6020601,1.5125831,1.146128,1.0682316
mb-02011,val,1.9190781,1.7729988,1.6334685,1.5150627
mb-06816,val,1.7708521,1.8404887,1.4313638,1.4549676
mb-05203,val,1.3802114,1.167892,1.1760913,1.0020633
mb-03081,val,1.5797837,1.641628,1.3424227,1.3570242
mb-00610,val,1.5563025,1.5722355,1.4149734,1.4329939
mb-07269,val,1.7323937,1.3768148,1.230449,1.0869374
mb-08321,val,0.90309,1.0241715,0.69897,0.7802179
mb-10445,val,1.3617278,1.3974125,1.0413927,1.0217477
mb-06579,val,1.7558749,1.679574,1.50515,1.4444437
mb-00669,val,2.1702616,2.2264066,1.9777236,1.9724609
mb-05772,val,2.0492182,2.15912,1.6812413,1.7484075
mb-07397,val,1.0413927,1.0569835,0.7781513,0.7602536
mb-04888,val,1.9867717,1.9171301,1.8388491,1.6528637
mb-07986,val,2.2355285,2.1873283,1.8573325,1.8028569
mb-03586,val,1.9242792,1.7581931,1.5797836,1.4035493
mb-01274,val,1.819544,1.8748703,1.6627579,1.5544621
mb-05037,val,1.2041199,1.1342255,1.0413927,1.0371685
mb-09072,val,2.243038,2.1468678,2.049218,1.8316098
mb-05621,val,1.8864908,1.8192917,1.146128,1.2684159
mb-09092,val,1.9867718,1.8530602,1.6127839,1.4270008
mb-09882,val,2.1903317,2.214205,1.8129133,1.8616314
mb-08998,val,2.0086002,1.9588361,1.4913617,1.5340961
mb-07462,val,1.2552725,0.9120174,0.9542425,0.6888049
mb-08664,val,2.0128374,2.2353513,1.30103,1.626759
mb-09291,val,1.5051501,1.5376772,1.2787536,1.31738
mb-02044,val,2.1367207,2.1413727,1.7323937,1.7229438
mb-06591,val,1.146128,1.223726,1.0,1.0597551
mb-01898,val,2.2671716,2.223939,1.9294189,1.8727906
mb-05220,val,1.7160034,1.8823999,1.1139433,1.1554483
mb-09691,val,2.033424,2.1104763,1.4149734,1.6384795
mb-07758,val,1.2787536,1.2327182,0.90309,0.8960642
mb-06068,val,1.9867717,2.057405,1.60206,1.6109883
mb-05113,val,2.2764618,2.2191164,2.0170333,1.9833474
mb-08590,val,1.8129134,1.8113487,1.462398,1.3443897
mb-08974,val,1.6020601,1.6602845,1.4313638,1.452253
mb-06218,val,2.0934215,2.139286,2.0253057,1.9851756
mb-09463,val,2.0374265,2.0818195,1.6532125,1.80096
mb-06525,val,2.1875207,2.3617554,1.9867717,2.0417318
mb-01946,val,2.25042,2.247561,1.8692317,2.0291123
mb-07227,val,1.39794,1.3275348,1.230449,1.1571761
mb-10791,val,2.1271048,2.2084556,1.8512584,1.7762178
mb-07537,val,2.1846914,2.2118363,1.8920946,1.839298
mb-09399,val,1.9731278,2.0273159,1.6720978,1.7126966
mb-00630,val,2.230449,2.1735818,1.7781513,1.6786277
mb-07789,val,2.209515,2.2199273,1.8808136,1.6216307
mb-06174,val,1.9867718,1.9431798,1.39794,1.4702439
mb-09188,val,2.2648177,2.248901,1.9444827,1.9231439
mb-02293,val,1.763428,1.7527127,1.3424227,1.4128492
mb-07470,val,2.0827854,2.177899,1.5682018,1.591371
mb-08125,val,2.0934217,2.1821854,1.5682018,1.7178986
mb-04260,val,1.7403628,1.67943,1.39794,1.3253217
mb-05571,val,1.60206,1.6266189,1.447158,1.4324083
mb-00193,val,1.5440681,1.4831169,1.3802112,1.370576
mb-06142,val,2.0374265,2.1369767,1.6434526,1.759926
mb-09414,val,1.690196,1.7401496,1.447158,1.4095389
mb-10719,val,2.164353,2.336633,1.94939,2.0460253
mb-06279,val,2.3180633,2.2880316,1.8129133,1.8383645
mb-10010,val,1.30103,1.5841894,1.0,1.1869075
mb-02767,val,1.7160033,1.5136521,1.447158,1.2632846
mb-04020,val,1.8750613,1.7821988,1.5910646,1.4503752
mb-08227,val,1.6812412,1.6144435,1.5797836,1.4844818
mb-03243,val,1.8976271,1.9684578,1.3424227,1.4224248
mb-01072,val,2.0681858,2.125518,1.7853298,1.9063902
mb-10269,val,1.748188,1.7254968,1.3617278,1.3523129
mb-04470,val,0.9542425,1.2102828,0.69897,0.88571006
mb-07471,val,2.1613681,2.1902711,1.462398,1.7181393
mb-10218,val,2.071882,2.0780656,1.7403626,1.7315001
mb-00470,val,1.4313638,1.8569287,1.4313638,1.6303666
mb-08333,val,2.0569048,2.1689208,1.8864907,1.8492634
mb-07551,val,1.462398,1.607844,1.3424227,1.4585383
mb-00459,val,2.1846914,2.2366545,2.0170333,2.064406
mb-03516,val,1.7323937,1.8676839,1.4771212,1.5433736
mb-02828,val,1.9590414,1.9793396,1.6812413,1.7118067
mb-04221,val,2.1760912,2.242455,2.0334237,2.1383257
mb-10779,val,1.6434526,1.607567,1.50515,1.3889112
mb-10566,val,1.8750613,2.0713854,1.3222193,1.3057749
mb-07940,val,2.10721,2.057804,1.690196,1.6571021
mb-10308,val,2.0934217,2.1089675,1.763428,1.7299271
mb-04596,val,2.1958995,2.203516,1.6434526,1.6098809
mb-03906,val,1.9294189,2.006349,1.8129133,1.8098458
mb-10005,val,2.133539,2.115967,1.8633229,1.7680095
mb-03426,val,1.9493899,1.9628356,1.8129133,1.7560807
mb-06381,val,1.447158,1.4562285,1.1139433,0.91600513
mb-08841,val,2.0530784,2.079774,1.7923917,1.7751334
mb-03796,val,2.2253094,2.076623,1.9190781,1.6495479
mb-05355,val,1.230449,1.0458544,0.90309,0.6522666
mb-00207,val,2.1398792,2.1925595,1.9242793,1.9003878
mb-00396,val,1.819544,1.9241256,1.5185139,1.5549705
mb-02334,val,2.0827854,2.0725393,1.7993406,1.6149682
mb-01089,val,1.5314789,1.7999403,1.0,1.255594
mb-08859,val,0.845098,1.3108478,1.0,1.0658083
mb-05810,val,1.8129134,1.7530078,1.5440681,1.5091541
mb-00141,val,0.90309,1.3101418,0.7781513,0.7270826
mb-10906,val,2.0086002,2.0032265,1.7075702,1.7318045
mb-10641,val,2.507856,2.5020204,2.1875207,2.2211542
mb-03311,val,2.3598354,2.3941376,2.0681858,2.03091
mb-06793,val,2.2741578,1.9179192,1.9822712,1.6317025
mb-06868,val,1.748188,1.7717516,1.2552725,1.1911504
mb-00264,val,2.3117537,2.4171138,2.089905,2.135336
mb-09249,val,1.2041199,1.3235242,0.69897,1.0229152
mb-07285,val,1.230449,1.5933485,0.90309,1.1905198
mb-08429,val,2.0086002,2.0951307,1.8808136,1.8605114
mb-00581,val,1.690196,1.5899743,1.4149734,1.3475986
mb-02078,val,2.0934217,2.1156068,1.8512584,1.8652449
mb-06979,val,1.9867718,2.0279558,1.8260748,1.7870705
mb-00159,val,2.20412,2.2399268,1.9395193,1.9654555
mb-08597,val,2.0128372,1.9824473,1.60206,1.5030377
mb-07128,val,1.6020601,1.6121337,1.3424227,1.3271698
mb-09044,val,2.1846914,2.1941452,1.7075702,1.7844267
mb-05017,val,2.2576785,2.2851834,1.8573325,1.8559655
mb-05879,val,2.0374265,2.0125697,1.39794,1.2772866
mb-08405,val,1.9956353,2.0012407,1.819544,1.7083969
mb-08746,val,2.164353,2.1138191,1.69897,1.6478795
mb-09620,val,2.045323,2.0520566,1.6812413,1.7287704
mb-00661,val,1.8864907,2.0096576,1.748188,1.7973084
mb-09607,val,2.3673558,2.358361,2.0374265,1.9815336
mb-03607,val,1.3617278,1.2475398,1.0,1.0699992
mb-01774,val,1.3802112,1.3754632,1.0,1.0091337
mb-10970,val,1.6020601,1.6942146,0.7781513,1.4250371
mb-03674,val,1.6989701,1.4393718,1.1139433,0.9938899
mb-06012,val,2.0043213,2.066898,1.5563025,1.653857
mb-00973,val,2.5237465,2.496301,2.3096302,2.2484384
mb-04531,val,2.155336,2.1291475,1.8633229,1.8215458
mb-02672,val,1.6627578,1.7126343,1.60206,1.5543941
mb-02172,val,1.8692318,1.9636004,1.5682018,1.7042272
mb-08710,val,1.6989701,1.6563586,1.2552725,1.3470387
mb-04118,val,1.7075702,1.6931797,1.5440681,1.4960095
mb-01478,val,1.7323937,1.6583574,1.3802112,1.3150476
mb-00200,val,1.4149734,1.2506611,1.20412,1.1300566
mb-09895,val,1.929419,1.930094,1.462398,1.4504979
mb-03175,val,1.3222194,1.3455269,1.39794,0.9695973
mb-08174,val,1.8129134,1.7854285,1.4913617,1.5877161
mb-07656,val,2.3222194,2.3988774,1.94939,2.0714393
mb-02979,val,1.6232493,1.6564885,1.5314789,1.514465
mb-08474,val,1.991226,1.8546189,1.447158,1.4618714
mb-02649,val,2.0334237,1.5827299,1.60206,1.442837
mb-00646,val,1.2787536,1.8505499,1.20412,1.5866061
mb-03712,val,1.9822712,1.944057,1.50515,1.4684421
mb-01842,val,1.991226,2.0184903,1.8129133,1.8098274
mb-01054,val,2.029384,2.0575037,1.80618,1.8263007
mb-00557,val,0.845098,1.4028695,1.146128,1.1273905
mb-07548,val,1.9637878,2.0206041,1.770852,1.8183987
mb-02376,val,1.0,0.8405342,0.69897,0.5297634
mb-03162,val,1.6720978,1.6224287,1.3222193,1.371855
mb-08105,val,1.2787536,1.1767334,0.9542425,0.9802482
mb-07718,val,1.9395192,1.9209001,1.3617278,1.2725123
mb-04669,val,2.1238518,1.9669151,1.8750613,1.7231448
mb-10808,val,1.5797836,1.6202023,1.3802112,1.255634
mb-02005,val,1.3424227,1.2701459,0.90309,0.8101435
mb-04882,val,2.346353,2.375528,1.8976271,2.025627
mb-09689,val,2.1553361,2.2346442,1.8750613,1.9391265
mb-08439,val,1.929419,2.0055618,1.4913617,1.3561449
mb-06574,val,1.8692318,1.8020511,1.5682018,1.402021
mb-00660,val,1.6812413,1.646563,1.3617278,1.4240538
mb-02361,val,2.2900345,1.6982398,1.7403626,1.314729
mb-00587,val,1.3222193,1.4423573,0.845098,0.996985
mb-02817,val,1.146128,1.4897401,0.9542425,0.8218177
mb-04741,val,1.3617278,1.2769399,0.47712126,0.88693076
mb-09788,val,1.90309,1.9702933,1.5682018,1.7177076
mb-09349,val,1.7558748,1.79717,1.6720978,1.621804
mb-10878,val,2.2278867,2.226438,1.8920946,1.8553741
mb-03167,val,1.9444827,1.8967597,1.7075702,1.6073078
mb-06659,val,2.3283796,2.2783303,2.2718415,2.203904
mb-01846,val,1.1760913,1.2526479,0.9542425,0.9983609
mb-00935,val,1.8864907,1.8759425,1.5185139,1.5726739
mb-05906,val,1.9956352,1.9945617,1.7403626,1.5967734
mb-06555,val,1.6989701,1.7109872,1.4913617,1.4948636
mb-09400,val,1.8808136,1.9940313,1.770852,1.7620548
mb-07527,val,1.4149734,1.2533269,1.0413927,0.9879081
mb-05880,val,2.2552724,2.290167,1.8864907,1.8259819
mb-08561,val,2.346353,2.3633106,1.9731278,2.0356946
mb-00929,val,1.8864907,1.829872,1.4771212,1.48354
mb-06099,val,1.0,1.300493,1.1760913,1.0317043
mb-04943,val,2.2552726,2.2154067,2.1875207,2.0743253
mb-01316,val,2.3053515,2.268579,1.819544,1.8750808
mb-03725,val,2.3909352,2.3858364,2.2624512,2.0930488
mb-00488,val,1.7242758,1.6906049,1.5185139,1.4736559
mb-10929,val,1.7993406,1.7689288,1.30103,1.5813154
mb-06993,val,2.1702616,2.1741931,1.8129133,1.7159747
mb-01367,val,1.5682018,1.4559581,1.1139433,1.1296718
mb-09755,val,1.20412,1.0948154,0.9542425,0.85422623
mb-08703,val,2.2504199,2.2539356,2.0569048,1.9585365
mb-09140,val,2.206826,2.1703181,1.80618,1.7769557
mb-09786,val,2.1238515,2.0788193,1.7403626,1.7404791
mb-09259,val,2.1702616,2.1291082,1.447158,1.8057945
mb-03920,val,1.845098,1.8737972,1.39794,1.3323572
mb-03271,val,1.6812412,1.6012703,1.3222193,1.1616653
mb-00441,val,1.9867717,1.9679146,1.7160033,1.6730654
mb-02785,val,1.9777236,2.0142822,1.39794,1.4678377
mb-06631,val,0.0,0.055743456,0.0,-0.09207988
mb-08264,val,2.209515,2.1985886,1.9542425,1.9589628
mb-09499,val,2.0681858,2.060491,1.2787536,1.3421992
mb-02137,val,1.9637878,2.0111003,1.8129133,1.8165091
mb-05889,val,2.2479732,2.2990324,1.8573325,1.8486156
mb-09647,val,2.252853,2.1927316,1.50515,1.7747052
mb-05374,val,1.146128,1.1613822,0.90309,1.1597304
mb-06900,val,0.90309,0.753544,0.47712126,0.53483874
mb-05806,val,2.1958997,2.2162862,1.9294189,1.9164314
mb-00357,val,1.4313638,1.5584681,1.230449,1.3664173
mb-06581,val,2.2013972,2.251634,1.8325089,1.8219783
mb-08591,val,1.3222194,1.4128878,0.90309,1.041702
mb-10151,val,1.6434526,1.6614034,1.2787536,1.3154957
mb-02606,val,2.1367207,2.1697512,1.6232493,1.6955101
mb-07084,val,1.4149734,1.6412661,1.0413927,1.2698859
mb-06417,val,1.748188,1.7534754,1.4913617,1.4373969
mb-03225,val,2.4727566,2.460805,2.2380462,2.1467547
mb-06133,val,1.7853298,1.7937415,1.2552725,1.3775059
mb-03926,val,1.724276,1.799653,1.1760913,1.402411
mb-09038,val,2.045323,2.009866,1.3424227,1.481812
mb-03867,val,1.7781513,1.83168,1.462398,1.5261382
mb-04558,val,1.0791813,1.2321556,0.7781513,0.85947585
mb-10146,val,2.421604,2.4390156,1.9822712,2.1112633
mb-09264,val,2.3201463,2.299419,2.0413928,1.9528077
mb-09545,val,2.2810333,2.4590507,2.0128372,2.1821356
mb-08387,val,1.7781512,1.7688254,1.447158,1.4476955
mb-06115,val,1.5797837,1.5434467,1.39794,1.2143462
mb-03331,val,1.7923918,1.9196277,1.4313638,1.535878
mb-08883,val,1.9867718,2.073277,1.6127839,1.681473
mb-07742,val,2.0791812,2.1552281,1.80618,1.7973394
mb-09315,val,1.9590415,1.9715225,1.5682018,1.6653175
mb-00436,val,2.3159702,2.3345993,2.0253057,2.0431464
mb-10328,val,1.8920946,1.8989934,1.4313638,1.6329048
mb-09746,val,2.071882,1.8791566,1.7923917,1.645783
mb-00475,val,2.3159702,2.4009163,2.0791812,2.1219013
mb-00767,val,2.178977,2.239802,1.690196,1.6882551
mb-04875,val,2.1673174,2.0718696,2.0413928,1.7076033
mb-04340,val,1.9542425,1.9323423,1.5314789,1.604984
mb-08320,val,1.819544,1.7371452,1.462398,1.4433784
mb-01517,val,2.3117537,2.2877247,1.9731278,1.767385
mb-10765,val,2.2253094,2.2209878,2.0374265,2.0114322
mb-03828,val,1.6232493,1.6097505,1.3222193,1.2936118
mb-08681,val,1.9294189,2.0110128,1.5185139,1.7378814
mb-06352,val,1.60206,1.6437486,1.0791812,1.1092339
mb-09364,val,2.1139433,2.2470853,1.9344984,2.1607032
mb-10414,val,0.9542425,0.93130803,0.60206,0.6698236
mb-07616,val,1.9912261,2.0484486,1.8512584,1.781333
mb-05248,val,2.0374265,1.9064877,1.5440681,1.4464188
mb-01826,val,1.763428,1.802003,1.230449,1.2902932
mb-08551,val,1.6532125,1.7253745,1.462398,1.5447519
mb-01207,val,1.9190781,1.968184,1.3802112,1.5329609
mb-00340,val,1.2552725,1.316619,0.845098,1.1282849
mb-09761,val,1.7323937,1.6350139,1.1139433,1.425101
mb-00855,val,2.2900345,2.344862,2.071882,1.9443012
mb-06317,val,2.120574,2.085301,1.770852,1.6845098
mb-03752,val,1.8129134,1.763489,1.7075702,1.5672075
mb-01587,val,2.3521824,2.3465934,2.0128372,1.9322488
mb-08197,val,1.5910646,1.5027912,1.2552725,1.0537817
mb-08179,val,1.146128,1.5443153,1.0413927,1.1959417
mb-07823,val,2.164353,2.1060212,1.8512584,1.7580295
mb-04431,val,1.748188,1.8295108,1.1760913,1.3587825
mb-03808,val,2.071882,2.1166966,1.5185139,1.7104102
mb-09424,val,2.469822,2.4218798,2.1139433,2.0705166
mb-05335,val,2.4082398,2.143146,2.045323,1.8394096
mb-02740,val,1.462398,1.5349534,1.30103,1.3148426
mb-01948,val,1.1760912,1.1014115,0.845098,0.7906651
mb-00656,val,2.2013972,2.2045672,1.7075702,1.649609
mb-04044,val,1.9138138,1.8711929,1.7160033,1.6838658
mb-00987,val,1.9344984,2.1195023,1.5797836,1.5794296
mb-07473,val,2.0413926,2.0174775,1.690196,1.7216244
mb-08021,val,1.5185139,1.6854553,1.5185139,1.5274118
mb-00306,val,1.4913617,1.426585,1.230449,1.1625316
mb-09596,val,2.0170333,2.098377,1.6532125,1.7303336
mb-02359,val,1.6627579,1.8895781,1.4313638,1.5892895
mb-05946,val,1.845098,1.8882256,1.4771212,1.5020623
mb-08544,val,1.5051501,1.7003341,1.230449,1.4092513
mb-09305,val,2.38739,2.4099112,2.25042,2.1024864
mb-10618,val,2.4014006,2.3016877,2.1731863,2.0919218
mb-06788,val,1.4771214,1.3976299,1.230449,1.1641909
mb-06907,val,2.0334237,2.1174264,1.7323937,1.7809949
mb-08210,val,2.3304138,2.3570182,2.0043213,1.9793584
mb-01455,val,1.8388491,1.8768902,1.5563025,1.5790787
mb-01668,val,1.230449,1.0178263,0.7781513,0.7502971
mb-02278,val,0.69897,0.75057703,0.47712126,0.33578598
mb-01884,val,2.0530784,2.0869489,1.819544,1.8262084
mb-08779,val,2.1875207,2.1862473,1.9242793,1.9252518
mb-05835,val,1.863323,1.7940171,1.6127839,1.3683388
mb-05823,val,1.8808136,1.9481009,1.7160033,1.7489445
mb-07521,val,1.146128,0.90531343,0.845098,0.75353026
mb-09056,val,2.3304136,2.2784803,2.2718415,2.2041178
mb-00845,val,1.6127839,1.6173828,1.146128,1.1167841
mb-10152,val,1.9867717,2.215594,1.7323937,1.8682156
mb-08947,val,1.5185139,1.5223694,1.447158,1.4510655
mb-03456,val,1.819544,1.8229169,1.2552725,1.0951242
mb-10825,val,1.6812413,1.7742628,1.3424227,1.2532078
mb-02822,val,2.1958997,2.1474843,1.9590414,1.8555396
mb-08033,val,2.0681858,2.0993679,1.462398,1.570489
mb-07695,val,1.770852,1.757522,1.50515,1.5191636
mb-02416,val,1.8633229,1.86305,1.3617278,1.3294221
mb-01257,val,1.908485,1.8626232,1.7075702,1.5752809
mb-05510,val,1.7923918,1.813724,1.6627579,1.6356477
mb-07525,val,1.6334684,1.5917759,1.447158,1.3930682
mb-00162,val,1.2041199,1.2587782,1.1139433,1.0810103
mb-02352,val,1.7923917,1.6994405,1.50515,1.4902205
mb-01929,val,2.1931245,2.2110538,1.9395193,1.9525759
mb-10070,val,1.7558749,1.6363533,1.4313638,1.271168
mb-02597,val,1.8750613,1.836951,1.5910646,1.516364
mb-01629,val,2.1903317,2.209084,1.9294189,1.8949542
mb-03638,val,2.232996,2.2631297,2.089905,1.9639442
mb-06139,val,2.4048338,2.3799708,1.9956352,2.0006442
mb-03321,val,1.6434526,1.587992,1.4771212,1.4004964
mb-06813,val,1.7323937,1.9623193,1.447158,1.6091793
mb-05101,val,1.7853298,1.8508537,1.30103,1.471063
mb-07010,val,2.2900345,2.4276063,1.9956352,2.1094527
mb-08876,val,1.1760912,1.2363405,1.0413927,1.0995007
mb-01177,val,1.0413927,1.0939566,0.7781513,0.79738927
mb-01185,val,1.8976271,1.8835735,1.2787536,1.3892833
mb-05717,val,2.2966652,2.438305,1.9731278,2.138491
mb-02023,val,1.3802112,1.1714449,1.2787536,1.2212785
mb-08927,val,2.313867,2.401601,2.064458,2.1067011
mb-03702,val,1.7323939,1.6935413,1.5440681,1.4419456
mb-03716,val,1.6434526,1.6035137,1.1139433,1.3956294
mb-08844,val,1.7923918,1.7609076,1.4913617,1.3109866
mb-04211,val,1.7075702,1.5925059,1.2552725,1.2618399
mb-09125,val,2.1931245,2.188877,1.7160033,1.6249707
mb-10705,val,1.0,1.162007,0.69897,0.81704384
mb-00386,val,2.0374265,2.0360723,1.8129133,1.7846524
mb-05238,val,1.8864908,1.8651183,1.4149734,1.4099423
mb-06770,val,2.0681858,2.1616325,1.8864907,2.0183568
mb-06093,val,2.378398,2.389939,2.049218,2.0389807
mb-02863,val,2.1335387,2.0017552,1.6720978,1.7372112
mb-05435,val,1.2552725,1.1468234,0.69897,0.8139991
mb-03628,val,2.064458,2.122736,1.8750613,1.8447342
mb-05656,val,1.8864908,1.8727546,1.20412,1.0475674
mb-03831,val,2.0170333,1.8668015,1.39794,1.503298
mb-01724,val,1.5563025,1.5398647,1.2787536,1.1176363
mb-01169,val,2.2148438,2.2976985,1.819544,1.85175
mb-05413,val,2.2329962,2.2735693,1.8976271,1.8861818
mb-07504,val,1.6989701,1.8381934,1.4313638,1.6215785
mb-01381,val,1.1139433,0.9885242,0.90309,0.7436647
mb-01772,val,1.3617278,1.2551467,0.90309,0.853264
mb-07193,val,1.3802112,1.3401347,1.0791812,1.0909438
mb-09004,val,2.133539,2.2113094,1.9344984,1.8336921
mb-10072,val,1.518514,0.9692331,1.20412,0.7649016
mb-04577,val,2.164353,2.133719,1.9444827,1.8358132
mb-07154,val,1.845098,1.9192055,1.4771212,1.3969032
mb-10613,val,2.3747485,2.4559736,2.2329962,2.163352
mb-04650,val,1.6127839,1.6342255,1.3424227,1.2517598
mb-06846,val,1.30103,1.7071681,1.0,1.1607636
mb-01171,val,2.130334,2.0905364,1.9190781,1.8543708
mb-07355,val,1.8808136,1.7800546,1.5185139,1.4704238
mb-03683,val,1.7781512,1.6926202,1.690196,1.529167
mb-06370,val,2.2479732,2.324741,1.80618,2.0671515
mb-08657,val,1.5314789,1.6378657,1.2552725,1.1283916
mb-00147,val,2.1702616,2.2734284,2.071882,2.1175058
mb-06441,val,2.2355285,2.3193138,1.8260748,1.9335365
mb-02841,val,1.4313638,1.6315818,1.0413927,1.1936826
mb-09013,val,2.2121875,2.2546766,1.9637878,1.8041573
mb-02160,val,1.2787536,1.2950518,0.9542425,0.9743614
mb-09312,val,2.0086002,1.8768677,1.60206,1.5376288
mb-08203,val,0.69897,1.7531985,1.2552725,1.1614628
mb-08078,val,2.133539,2.0811884,1.8388491,1.802237
mb-00234,val,1.60206,1.8137541,1.3802112,1.3459563
mb-07843,val,1.8976271,1.9304234,1.5563025,1.5372348
mb-00201,val,2.1702619,2.1603606,1.7993406,1.6832672
mb-05724,val,2.232996,2.2261472,1.9590414,2.1083674
mb-09042,val,2.064458,1.9949614,1.6434526,1.5024246
mb-02130,val,2.4377506,2.4629047,1.9822712,2.1660726
mb-08652,val,1.9590414,1.9637294,1.5314789,1.4957721
mb-10530,val,1.8260748,1.7911043,1.5185139,1.4110329
mb-03390,val,2.3873897,2.3346238,2.0334237,1.9660197
mb-04523,val,1.7323939,1.7457496,1.6127839,1.5188026
mb-09996,val,2.10721,2.1031485,1.7242758,1.7105473
mb-01229,val,1.1760913,1.1602161,0.60206,0.56879723
mb-00632,val,2.1958997,2.2378457,1.845098,1.9247569
mb-05149,val,2.2355285,2.2477555,1.9395193,1.8664818
mb-06416,val,1.748188,1.8120401,0.90309,1.3340424
mb-05774,val,2.3053515,2.3544652,1.6627579,1.9632628
mb-02800,val,2.064458,2.11748,1.69897,1.7217745
mb-05887,val,1.6232493,1.6450033,1.5314789,1.4982728
mb-05978,val,2.2013972,2.2095628,1.6627579,1.768534
mb-08496,val,1.6232493,1.6360731,1.462398,1.5753219
mb-06251,val,1.9395192,1.892192,1.7160033,1.5807024
mb-09526,val,2.1702619,2.227737,1.6627579,1.9889588
mb-05907,val,2.2718415,2.2257228,1.9190781,1.9306636
mb-01610,val,1.6127839,1.4042177,1.146128,1.0858647
mb-07000,val,0.90309,0.9350604,0.60206,0.61849606
mb-02274,val,1.1139433,1.1284332,0.9542425,0.8947385
mb-08080,val,1.2552725,1.3406366,0.90309,1.177811
mb-04743,val,2.2068257,2.1786413,1.9138138,1.9359399
mb-08727,val,1.7781513,1.6984359,1.230449,1.309012
mb-01939,val,1.9242793,1.9555217,1.6627579,1.709925
mb-10053,val,2.064458,2.250885,1.770852,1.9247057
mb-04163,val,1.6127838,1.6281381,1.447158,1.4545357
mb-06764,val,2.0128372,2.0286906,1.8750613,1.9223989
mb-07045,val,2.0569048,2.134548,1.8750613,1.8796552
mb-09178,val,1.9777236,2.208361,1.690196,1.878486
mb-00258,val,1.3617278,1.3258283,1.0413927,1.0074977
mb-05631,val,2.3483047,2.3933678,1.9731278,2.0009243
mb-02326,val,1.7075702,1.7129201,1.5185139,1.5272832
mb-08381,val,2.0791812,2.0917296,1.8864907,1.8866214
mb-03158,val,1.4771212,1.744403,1.0791812,1.303793
mb-01577,val,2.209515,2.206719,1.9344984,1.8133664
mb-01588,val,2.0569048,2.078736,1.80618,1.8769073
mb-02643,val,2.149219,2.171443,2.0569048,2.0837104
mb-08648,val,1.8388491,1.7094437,1.6232493,1.4787236
mb-09317,val,1.8976271,1.8642007,1.5440681,1.590293
mb-02834,val,1.8920946,1.7277969,1.4913617,1.4844474
mb-07155,val,2.4014006,2.2793493,2.149219,1.9973204
mb-04259,val,1.94939,1.7991292,1.6532125,1.5781
mb-09867,val,1.968483,1.8045838,1.7558749,1.585021
mb-00986,val,1.3617278,1.5799719,1.0413927,1.2635099
mb-06564,val,2.1702616,2.1994574,1.8864907,1.9289892
mb-09513,val,2.1271048,2.1066706,1.8129133,1.8771805
mb-10075,val,0.7781513,0.7231531,0.30103,0.48107123
mb-08850,val,2.2810335,2.3316646,1.9395193,1.9197844
mb-00910,val,2.20412,2.3160987,2.045323,2.111878
mb-04318,val,2.025306,1.9134994,1.4313638,1.5506164
mb-05542,val,1.5185139,1.4672117,1.4149734,1.3633671
mb-00011,val,1.1139433,1.364551,0.7781513,1.0303612
mb-10410,val,2.149219,2.2649894,1.8976271,1.9147023
mb-05793,val,2.3909352,2.2712812,1.968483,2.021283
mb-07064,val,1.7923918,1.8176932,1.230449,1.4848628
mb-03171,val,2.326336,2.311839,1.9867717,1.8597965
mb-06236,val,1.8325089,1.7738498,1.3802112,1.3215424
mb-10259,val,2.09691,2.1022913,1.8325089,1.8890342
mb-05091,val,2.5340261,2.519216,2.292256,2.2550664
mb-06628,val,2.0606978,2.0640893,1.748188,1.7720429
mb-03191,val,2.089905,2.133149,1.748188,1.7162881
mb-04578,val,1.9542425,1.9568046,1.690196,1.6924996
mb-04790,val,2.143015,2.2423284,1.8750613,1.9368746
mb-08385,val,1.9542425,2.0152307,1.3617278,1.3619303
mb-10656,val,2.0170333,2.0188026,1.8692317,1.8067861
mb-00072,val,1.6989701,1.6243603,1.5563025,1.4893751
mb-03083,val,1.8512584,1.8458353,1.5440681,1.5065279
mb-01058,val,2.0086002,2.0647159,1.819544,1.7447604
mb-07728,val,1.80618,1.659778,1.50515,1.3711798
mb-01238,val,1.2552725,1.1429315,0.69897,0.6329649
mb-05845,val,1.5797837,1.2656329,0.60206,0.5942276
mb-09496,val,1.60206,1.512412,0.845098,1.2037593
mb-04356,val,2.4913619,2.5205772,2.2405493,2.271704
mb-04257,val,1.39794,1.1801597,0.90309,0.96106565
mb-09357,val,2.2121875,2.2206461,1.763428,1.7574782
mb-07165,val,2.0086002,1.947363,1.6812413,1.5722665
mb-07180,val,1.8976271,1.8710203,1.6812413,1.6082917
mb-09276,val,2.217484,2.2315795,1.8920946,1.9344218
mb-00703,val,2.209515,2.209594,1.9190781,1.8087009
mb-10353,val,1.6989701,1.6986701,1.230449,1.4481115
mb-02460,val,2.0170333,1.9102889,1.6434526,1.5932182
mb-06207,val,2.1958997,2.2029312,1.8573325,1.7940594
mb-05448,val,2.2787535,2.2718956,1.8808136,1.8303336
mb-02659,val,1.968483,2.0218577,1.6812413,1.7621658
mb-00899,val,2.2253094,2.1503844,2.0086002,1.834425
mb-10600,val,2.120574,2.0993438,1.7923917,1.7570884
mb-00998,val,1.6020601,1.585269,1.3424227,1.277361
mb-00097,val,1.908485,1.6830869,1.6532125,1.4594095
mb-00894,val,1.5682018,1.6960417,1.3424227,1.3310673
mb-01159,val,1.9444827,1.9823062,1.7993406,1.7776847
mb-06919,val,2.1367204,2.2448463,2.0606978,2.161229
mb-05141,val,1.6627579,1.5148892,1.3424227,1.1892189
mb-01708,val,1.8976271,1.8706197,1.5563025,1.4214412
mb-09783,val,2.0863597,2.0904915,1.748188,1.7653862
mb-03180,val,2.217484,2.23751,1.7853298,1.8044896
mb-02367,val,2.2878017,2.3516786,1.9822712,2.0090597
mb-07604,val,1.0,1.1381351,0.845098,0.9225388
mb-09553,val,2.369216,2.3999116,2.2227166,2.25166
mb-06468,val,1.5185139,1.6338702,1.5314789,1.4807932
mb-05219,val,1.897627,1.8728306,1.447158,1.4544632
mb-07151,val,1.544068,1.5968208,1.3222193,1.3391205
mb-09904,val,1.908485,1.8773485,1.6627579,1.6590451
mb-06781,val,2.3242824,2.278576,2.2718415,2.2042916
mb-05139,val,1.6720978,1.7760351,1.3222193,1.4621
mb-07661,val,1.50515,1.7990614,1.0413927,1.2116506
mb-06276,val,2.217484,2.1850305,1.94939,1.7664001
mb-05543,val,2.243038,2.2615867,2.0211892,2.0075333
mb-02096,val,1.8633229,1.869007,1.1139433,1.1421963
mb-06542,val,1.7160034,1.7445824,1.462398,1.5120091
mb-03062,val,1.6127839,1.6026099,1.146128,1.1323534
mb-09221,val,1.908485,1.904845,1.39794,1.246516
mb-10283,val,2.3242824,2.28405,1.7781513,1.8126667
mb-03536,val,2.0569048,2.1428854,1.8692317,1.915906
mb-04959,val,1.9344984,2.1120439,1.0,1.1617064
mb-00689,val,1.8573326,1.8231505,1.6334685,1.5543978
mb-08286,val,2.4653828,2.4235735,2.0791812,2.0809762
mb-10488,val,2.120574,2.2572026,1.8388491,1.8703712
mb-07691,val,1.8808136,1.7276102,1.1760913,1.3767532
mb-02671,val,2.217484,2.201878,2.0043213,1.9955373
mb-07735,val,2.2741578,2.295578,1.9294189,1.9587893
mb-03959,val,2.0530784,2.1150928,1.763428,1.8423947
mb-09356,val,2.3560257,2.3789337,1.9542425,1.9590791
mb-05498,val,1.9138138,1.8551313,1.0791812,1.350954
mb-09885,val,2.1038036,2.0700688,1.7403626,1.7197882
mb-05008,val,2.045323,2.0081377,1.5910646,1.5683547
mb-04778,val,1.8864908,1.9734101,1.4313638,1.7107792
mb-07867,val,1.7242758,2.1167066,1.8573325,1.8646914
mb-10604,val,1.5563024,1.5396193,1.0791812,1.3793652
mb-09244,val,1.3010299,1.2673954,1.0413927,1.0313313
mb-03236,val,2.0,1.9265001,1.69897,1.5918026
mb-09394,val,2.3117537,2.2962615,1.9867717,1.9590993
mb-09470,val,2.075547,2.0432034,1.7242758,1.7500787
mb-10242,val,1.8260748,1.7037977,1.5185139,1.3820531
mb-03259,val,1.4623979,1.9066122,1.0791812,1.3241758
mb-04576,val,1.462398,1.4350051,1.20412,1.3121402
mb-02723,val,1.3617278,1.2625284,1.230449,1.0338062
mb-08480,val,2.143015,2.0745904,1.2787536,1.4208233
mb-01325,val,2.3364596,2.2694435,2.0211892,1.6925235
mb-04082,val,2.10721,1.831478,1.4771212,1.7753017
mb-03835,val,2.220108,2.2728865,1.845098,1.7130233
mb-09923,val,2.230449,2.2838416,1.9294189,2.0147014
mb-04761,val,1.230449,1.2153877,1.0413927,0.8767983
mb-10164,val,2.269513,2.0926125,2.0827854,1.8877058
mb-08329,val,2.1139433,2.0781472,1.69897,1.7961191
mb-00281,val,1.8195438,1.8089677,1.6434526,1.4922738
mb-05086,val,2.262451,2.1285717,2.045323,2.080225
mb-07427,val,1.908485,1.9101918,0.90309,1.2701917
mb-03173,val,1.7853298,1.7634786,1.3424227,1.4480611
mb-01266,val,1.7853298,1.6186739,1.146128,1.335766
mb-02224,val,1.763428,1.8701246,1.5314789,1.5540597
mb-00358,val,1.8129134,1.8665195,1.30103,1.292093
mb-03137,val,1.8750613,1.966651,1.5314789,1.572048
mb-06787,val,2.1522884,2.1678274,1.6532125,1.5950209
mb-08714,val,1.7781513,1.5490631,1.5314789,1.3092569
mb-02279,val,1.8692317,1.7853515,1.5563025,1.5306741
mb-06511,val,1.9344985,2.0769792,1.5440681,1.6939684
mb-05001,val,2.2600713,2.2414582,1.845098,1.6962696
mb-05185,val,1.8633229,1.8930331,1.5910646,1.6790328
mb-09115,val,1.8692317,2.1332495,1.3222193,1.7022904
mb-07378,val,1.8692317,1.850952,1.50515,1.481084
mb-07979,val,2.1271048,2.1871095,1.7323937,1.677617
mb-02311,val,1.9731278,1.8763944,1.5185139,1.3378392
mb-07183,val,1.8864907,2.010839,1.447158,1.5026971
mb-06869,val,1.7781513,1.794718,1.3802112,1.4626898
mb-08601,val,2.089905,2.0517097,1.8633229,1.7911718
mb-05330,val,1.9590415,1.8886404,1.5563025,1.4034111
mb-05901,val,1.968483,1.9143661,1.5185139,1.4388049
mb-04364,val,1.9444827,2.1088495,1.60206,1.873726
mb-06841,val,2.4608977,2.50257,2.2671716,2.2636323
mb-03726,val,1.7242758,1.5694802,1.3802112,1.2880094
mb-10356,val,2.0413928,2.1335511,1.5682018,1.5321109
mb-05000,val,2.1583624,2.200069,1.7781513,1.691903
mb-10661,val,2.133539,1.9742844,1.2552725,1.5512359
mb-10721,val,1.6127839,1.658534,1.3617278,1.3999069
mb-06675,val,1.230449,0.99188757,1.1139433,1.1786077
mb-01442,val,1.6812413,1.7594081,1.3802112,1.4168344
mb-10634,val,0.90309,1.0773946,0.60206,0.77156866
mb-07664,val,1.6812413,1.7125589,1.5185139,1.5183212
mb-06056,val,2.0934217,2.1627147,1.4771212,1.5557934
mb-05108,val,2.033424,2.0983772,1.6532125,1.7115496
mb-10261,val,2.5224442,2.4307778,2.2278867,2.1025164
mb-10179,val,1.9912261,2.1103659,1.7242758,1.8038789
mb-07052,val,1.8388491,1.8153934,1.5185139,1.5047414
mb-10194,val,2.252853,1.9804665,1.8692317,1.852474
mb-02426,val,2.3096302,2.2207923,1.8512584,1.7548615
mb-02757,val,2.198657,2.1473532,1.8864907,1.7420465
mb-07835,val,2.1673174,2.1870105,1.7558749,1.8828373
mb-08449,val,2.2787535,2.3852642,2.045323,2.0943387
mb-10812,val,1.4471581,1.5861615,1.146128,1.3066756
mb-01348,val,2.3117537,2.3214326,1.9956352,1.9309399
mb-04760,val,1.5563024,1.6644192,1.3222193,1.435129
mb-10231,val,2.6106603,2.2746682,2.5728717,2.1840022
mb-09139,val,1.0791813,1.0380957,0.7781513,0.72405696
mb-08935,val,1.8808136,2.0597854,1.2552725,1.3074611
mb-03754,val,1.7923917,1.9183457,1.3617278,1.4368958
mb-10842,val,1.763428,1.9748884,1.3222193,1.6962287
mb-06267,val,2.3541083,2.3994915,2.064458,2.0466032
mb-10066,val,1.9395192,1.9251127,1.690196,1.723756
mb-09094,val,2.143015,2.1811023,1.7075702,1.8274348
mb-06652,val,1.7781512,1.8480327,1.447158,1.5614085
mb-06164,val,1.69897,1.6289333,1.60206,1.4917892
mb-10103,val,2.1958997,2.2045903,1.9395193,1.9002454
mb-06744,val,1.7993406,2.3816957,1.6812413,2.1040797
mb-00392,val,2.2479732,2.3193455,1.8325089,1.9096723
mb-10449,val,1.7853298,1.667277,1.3222193,1.421793
mb-10717,val,1.7160034,1.6129658,1.2552725,1.3375139
mb-03336,val,2.2455127,2.2744792,1.8260748,1.9730862
mb-07710,val,1.3222193,1.2266064,1.1139433,1.0195365
mb-07005,val,0.47712126,0.43320912,0.47712126,0.33631265
mb-03711,val,1.3617278,1.4875212,1.1139433,1.1775475
mb-08667,val,1.5797837,1.5581119,1.2787536,1.2924001
mb-09200,val,2.2576785,2.2178311,1.8573325,1.86353
mb-06406,val,2.30103,2.3239021,1.8750613,1.9402407
mb-04810,val,1.6020601,1.5444205,1.462398,1.4259343
mb-05661,val,2.372912,2.4270892,2.0681858,2.0890584
mb-05291,val,2.30103,2.3298702,1.8325089,1.8392892
mb-00619,val,1.7781513,1.5974696,1.4913617,1.499626
mb-03893,val,1.3222194,1.3604686,0.7781513,0.9854485
mb-05624,val,1.9912261,1.9978441,1.4149734,1.5514605
mb-01968,val,2.1003706,2.1452436,1.90309,1.7941015
mb-10381,val,2.0128374,2.0873008,1.5682018,1.5592848
mb-10317,val,1.9777236,2.004418,1.845098,1.8079852
mb-02530,val,2.1760912,2.0000827,1.5797836,1.8051279
mb-09416,val,2.1583624,2.0897288,1.7403626,1.7260137
mb-06046,val,2.3541083,2.1655302,1.5185139,1.599037
mb-03453,val,1.4771212,1.5795475,1.2552725,1.2939894
mb-10946,val,2.4814425,2.433078,2.20412,2.1128407
mb-07294,val,1.5563025,1.6271499,1.230449,1.3315039
mb-03230,val,1.80618,1.7780948,1.1139433,1.424416
mb-10252,val,2.5340261,2.5266445,2.38739,2.260467
mb-04897,val,2.264818,2.2269123,1.80618,1.8171959
mb-03384,val,1.8808136,1.8562984,1.20412,1.2001281
mb-07430,val,2.378398,2.477333,2.178977,2.2111232
mb-09061,val,2.1931245,2.140518,2.064458,1.8988484
mb-10969,val,1.8633229,2.2055883,1.7075702,1.8930931
mb-00123,val,1.6627579,1.5350149,1.6127839,1.4690633
mb-02702,val,1.50515,1.3156631,1.1139433,1.049608
mb-07181,val,2.0530784,2.0338898,1.7853298,1.7515718
mb-00458,val,2.049218,2.145602,1.7242758,1.9260197
mb-07611,val,1.60206,1.588952,1.3617278,1.2502905
mb-09493,val,1.8976271,2.179356,1.230449,1.4217204
mb-01856,val,2.0170333,2.0811918,1.7923917,1.8097937
mb-02235,val,1.9822712,2.0304573,1.7403626,1.7864296
mb-06285,val,2.307496,2.3392997,1.9956352,1.9998828
mb-06397,val,1.1139433,1.0762185,0.845098,0.8125242
mb-06411,val,1.8633227,2.084093,1.0791812,1.6428748
mb-01474,val,0.90309,0.98401344,0.30103,0.6242393
mb-06602,val,2.1139433,2.1645384,1.763428,1.7286901
mb-09052,val,2.1818435,2.2029428,1.6232493,1.5155905
mb-04037,val,2.2810333,2.214758,1.90309,1.8064988
mb-09177,val,1.9867718,1.9611481,1.4149734,1.36993
mb-07870,val,1.7403626,1.7734576,1.447158,1.5467112
mb-10840,val,1.9242793,2.1330652,1.819544,1.8232361
mb-00913,val,1.50515,1.3612571,1.1139433,0.91768175
mb-00138,val,1.6812413,1.6346717,1.462398,1.5003722
mb-01932,val,2.269513,2.2751863,1.8692317,1.8789585
mb-02555,val,1.3617278,1.3316894,1.0413927,0.9749797
mb-00078,val,1.8808136,1.8918046,1.6334685,1.6027611
mb-09336,val,1.6232493,1.6140292,1.3424227,1.513351
mb-10915,val,1.6434526,1.734359,1.2552725,1.1947074
mb-05525,val,1.8388491,1.7879989,1.5797836,1.532638
mb-03361,val,2.392697,2.4328253,2.1522884,2.2257357
mb-04699,val,1.9493899,2.031308,1.7323937,1.7754247
mb-05110,val,2.361728,2.3661833,1.94939,2.0270922
mb-05827,val,1.8195438,1.7737427,1.3222193,1.3113179
mb-06716,val,2.130334,2.1488328,1.6627579,1.7429377
mb-00266,val,2.1522884,2.1042936,1.9138138,1.8788615
mb-07896,val,2.1105897,2.3170588,1.9731278,2.0847917
mb-10205,val,1.929419,1.7134666,1.5563025,1.5172448
mb-04909,val,1.6901962,1.621568,1.5682018,1.454937
mb-00155,val,1.6901962,1.5101857,1.3424227,1.2889212
mb-05105,val,1.4913617,1.5682888,1.4149734,1.3385054
mb-06823,val,1.9542425,2.0232608,1.60206,1.7192336
mb-04987,val,2.4712915,2.303223,2.3180633,2.2364292
mb-06660,val,2.139879,2.1907096,2.049218,2.102326
mb-08687,val,1.9138138,1.8561732,1.39794,1.4448229
mb-10029,val,1.8325089,1.7772766,1.5563025,1.4125992
mb-06763,val,2.2253094,2.1489098,2.0086002,1.8327613
mb-00442,val,2.3138673,2.2507899,2.075547,2.0971282
mb-04857,val,2.0413928,2.053718,1.4313638,1.4700844
mb-07705,val,1.8864907,2.0490744,1.5797836,1.8297348
mb-10296,val,2.346353,2.2878876,2.0043213,1.9396951
mb-08613,val,2.2430382,2.1159878,1.8260748,1.8620636
mb-01356,val,1.1139433,1.1289619,0.845098,0.82773554
mb-10692,val,1.518514,1.6997495,1.20412,1.353992
mb-05184,val,1.3222193,1.3303671,1.0413927,1.0878267
mb-10109,val,2.1583624,2.08175,1.7242758,1.693381
mb-04674,val,1.5051501,1.544265,1.20412,1.1853042
mb-01525,val,2.1367207,2.148878,1.6627579,1.7430478
mb-01012,val,2.149219,2.335015,1.908485,2.1042292
mb-04293,val,2.1271048,2.2018192,1.9138138,1.9342605
mb-02203,val,1.9590414,1.9944749,1.7558749,1.8466314
mb-06880,val,1.3424227,1.4405473,1.146128,1.1233726
mb-08829,val,2.0827854,2.1315036,1.69897,1.7618049
mb-08608,val,1.9777236,2.193737,1.69897,1.8491461
mb-07921,val,1.39794,1.309144,1.2787536,1.2296686
mb-10953,val,1.2041199,1.3733796,0.69897,0.9785509
mb-06318,val,1.6627578,1.5759673,1.3222193,1.2103329
mb-07167,val,1.518514,1.6642908,1.20412,1.0549664
mb-01967,val,2.029384,2.0289664,1.7781513,1.7801812
mb-09667,val,1.462398,1.4450873,1.146128,1.1870016
mb-01819,val,2.209515,2.219615,1.9444827,1.9506363
mb-08853,val,1.3222193,1.4616425,1.1139433,1.2624464
mb-09613,val,1.7708521,1.7749014,1.39794,1.3725039
mb-02990,val,2.5051498,2.4625156,2.243038,2.1967058
mb-01140,val,2.2380462,2.277628,2.0170333,2.0240293
mb-07904,val,2.120574,2.1309676,1.80618,1.8115664
mb-01787,val,2.214844,2.2936325,2.178977,2.159192
mb-00575,val,1.3222193,1.0105325,1.0413927,0.6960567
mb-06284,val,2.09691,2.1098566,1.447158,1.7377509
mb-03654,val,1.690196,1.4922806,1.3617278,1.1942544
mb-05194,val,2.1038036,2.1195104,1.8633229,1.9140365
mb-08569,val,1.8750613,1.988699,1.7075702,1.8064537
mb-09110,val,2.1903317,2.3077114,2.0863597,2.0246856
mb-01264,val,2.0606978,2.1116843,1.9590414,1.9694216
mb-10868,val,1.8633229,1.7714777,1.5314789,1.360336
mb-07684,val,2.4899583,2.5178971,2.2810333,2.2601917
mb-01088,val,1.5440681,1.6949593,1.1760913,1.2753117
mb-07788,val,1.2041199,1.2262428,1.0413927,1.0412724
mb-02875,val,2.133539,2.1038113,1.7558749,1.8034258
mb-09326,val,1.3424227,1.1455584,1.1139433,0.98714817
mb-00342,val,1.90309,1.8745787,1.4313638,1.4757077
mb-10785,val,1.968483,1.9142306,1.3802112,1.5159585
mb-08599,val,1.39794,1.2925627,1.20412,1.0758342
mb-06228,val,2.2278867,2.2366366,1.69897,1.7248459
mb-05055,val,2.2878017,2.3124838,2.0863597,2.075791
mb-01390,val,0.95424247,0.95267725,0.845098,0.6201598
mb-03727,val,2.4132996,2.5109992,2.0211892,2.1659927
mb-08679,val,1.5797837,1.6087517,1.39794,1.3447074
mb-02070,val,1.3424227,1.4798687,1.1760913,1.1779779
mb-01909,val,2.161368,2.0542574,1.7558749,1.7509642
mb-09164,val,2.209515,2.1432354,1.845098,1.7985055
mb-05495,val,2.38739,2.4562218,2.075547,2.1290078
mb-10256,val,2.130334,1.5297806,1.8512584,1.4992211
mb-02324,val,1.8388491,1.7174037,1.3617278,1.4086784
mb-04654,val,1.2552725,1.2282007,0.845098,0.82862264
mb-03802,val,2.2253094,2.2676895,1.8976271,1.9388711
mb-08977,val,2.2966652,2.2431946,1.6232493,1.6235663
mb-03291,val,2.4517863,2.5190327,2.243038,2.2230372
mb-04443,val,2.378398,2.4140978,2.206826,2.2377815
mb-02071,val,1.690196,1.72711,0.845098,1.2921654
mb-01635,val,1.3617278,1.372143,1.146128,1.1855712
mb-08467,val,1.6812413,1.8590188,1.3617278,1.5141934
mb-03466,val,2.361728,2.418533,2.1105897,2.111078
mb-10827,val,2.143015,2.3352835,1.8976271,2.0428443
mb-06894,val,1.7323937,1.4081062,1.7323937,1.1496834
mb-06354,val,1.7075702,1.7601244,1.5440681,1.5261539
mb-10871,val,1.6127839,1.6555486,1.20412,1.1637131
mb-09406,val,1.6812413,1.8024906,1.50515,1.4415158
mb-07177,val,1.5563025,1.5985719,1.3424227,1.3423171
mb-09450,val,1.94939,1.9591627,1.4313638,1.6851317
mb-02390,val,1.462398,1.50084,1.230449,1.3392676
mb-01286,val,2.089905,2.0753424,1.770852,1.84975
mb-08797,val,1.230449,1.0177623,0.7781513,0.67057985
mb-09967,val,1.5563025,1.129508,1.3424227,1.269027
mb-06548,val,2.3856063,2.341951,2.0791812,1.9609509
mb-07031,val,2.0211892,1.8732514,1.748188,1.6777862
mb-00963,val,2.0530784,2.0702803,1.7853298,1.44316
mb-05673,val,1.9395192,1.96137,1.7242758,1.6577307
mb-10846,val,1.50515,1.6820853,1.39794,1.391063
mb-04285,val,0.8450981,0.82711726,0.60206,0.6466501
mb-07898,val,2.0086002,2.042139,1.8260748,1.8492806
mb-05341,val,2.3747482,2.391087,2.0374265,2.0727148
mb-10316,val,2.1760912,2.2047307,1.908485,1.9375024
mb-01377,val,1.6127839,1.66252,1.4313638,1.5100359
mb-01080,val,1.9867717,1.9434196,1.7242758,1.7330834
mb-09604,val,1.845098,1.8937902,1.6627579,1.6884147
mb-04615,val,2.0,2.0433214,1.7403626,1.7997758
mb-06990,val,1.7075702,1.732254,1.146128,1.1914687
mb-07851,val,2.5611014,2.5296593,2.2227166,2.2650213
mb-09269,val,2.049218,2.1215491,1.4771212,1.7718002
mb-01431,val,1.4313638,1.478348,1.1760913,1.3516269
mb-07457,val,2.3201463,2.3286104,1.94939,1.969444
mb-07569,val,1.968483,1.8898556,1.2787536,1.3259163
mb-07353,val,1.5440681,1.6074078,1.1139433,1.1624144
mb-00413,val,1.7075702,1.7962648,1.462398,1.5890558
mb-01011,val,1.7323937,1.6901338,0.9542425,1.1205976
mb-01106,val,0.90309,0.75745565,0.60206,0.5306237
mb-10579,val,2.2787538,2.2271004,1.8976271,1.7783961
mb-03234,val,2.0934217,2.0686624,1.8388491,1.6912324
mb-09509,val,2.025306,1.9743123,1.5682018,1.5594413
mb-09811,val,2.198657,2.2504008,2.075547,2.1387024
mb-10591,val,1.6127839,1.2330762,1.3424227,1.09287
mb-06290,val,2.1958997,2.262923,1.7853298,1.8806335
mb-05002,val,1.8750613,1.9213058,1.5185139,1.565764
mb-04728,val,1.9822712,1.999803,1.7160033,1.7289867
mb-10672,val,2.1038036,2.0862014,1.1760913,1.6456959
mb-10513,val,2.2013972,2.3448718,1.8388491,1.9843502
mb-05897,val,1.8260747,1.7316072,1.6434526,1.5702217
mb-06583,val,2.25042,2.3100846,1.9542425,1.9954531
mb-06701,val,1.4913617,1.2769943,1.146128,1.0953002
mb-01727,val,1.9590414,1.9703056,1.6720978,1.6558106
mb-07902,val,1.8195438,1.6994507,1.447158,1.3796818
mb-09569,val,2.071882,2.117052,1.8633229,1.862694
mb-10185,val,1.7781513,1.7800978,1.5797836,1.5773108
mb-05784,val,1.9138138,1.9102846,1.7853298,1.6733732
mb-02494,val,1.9590414,1.9723386,1.146128,1.4912814
mb-02241,val,1.90309,1.9391091,1.5563025,1.5658661
mb-09229,val,1.4149734,1.470645,1.2787536,1.1869249
mb-07226,val,1.6901962,1.630337,1.230449,1.2534218
mb-05439,val,2.2900345,2.2167912,1.8633229,1.7299441
mb-09751,val,1.8808136,1.9324036,1.6720978,1.6719226
mb-07133,val,1.6127838,1.6355368,1.3222193,1.25615
mb-06633,val,2.4409091,2.322352,2.3820171,2.014245
mb-06144,val,2.1958997,2.2842,1.9242793,1.8732773
mb-00382,val,1.7075701,1.7367043,1.447158,1.5136871
mb-06963,val,1.748188,1.7427149,1.3424227,1.3684596
mb-05947,val,1.6232493,1.580823,1.39794,1.3492742
mb-07057,val,1.9777236,1.9562442,1.763428,1.7045403
mb-09180,val,2.149219,2.1797063,1.9444827,1.9265138
mb-10823,val,1.9822712,1.7965376,1.690196,1.6727515
mb-05701,val,1.7993405,1.7921935,1.5910646,1.5234547
mb-08461,val,1.5563025,1.5254195,1.0413927,1.2724247
mb-03179,val,1.3802112,1.4305604,1.2552725,0.9449108
mb-09964,val,1.8864907,1.8490264,1.60206,1.4660422
mb-07121,val,2.0934217,2.0588026,1.447158,1.5873815
mb-06928,val,1.146128,1.1322798,0.7781513,0.7458512
mb-01013,val,1.8750613,1.8725708,1.5910646,1.6402936
mb-10266,val,1.4913616,1.4122317,1.0791812,1.337363
mb-06294,val,2.2552724,2.2753167,1.8920946,1.917784
mb-06807,val,1.3802112,1.3173354,1.146128,1.1264865
mb-10595,val,1.748188,2.1500812,1.3802112,1.5386316
mb-07880,val,2.0530784,1.9819702,1.60206,1.5186894
mb-06337,val,2.0681858,2.0556378,1.50515,1.4080108
mb-04517,val,1.9190781,2.05543,1.3802112,1.7570254
mb-00946,val,1.462398,1.6006476,1.39794,1.486108
mb-04458,val,2.3053515,2.3720999,2.075547,2.1036217
mb-10978,val,2.206826,2.1939228,1.7781513,1.843615
mb-06936,val,0.9542425,0.9697465,0.69897,0.6784505
mb-03052,val,1.6127839,1.6082677,1.39794,1.3763189
mb-08424,val,1.8129134,1.8249989,1.5682018,1.617367
mb-05574,val,1.462398,1.7311008,1.1139433,1.3981757
mb-02953,val,1.8325089,1.7277122,1.7403626,1.6408862
mb-05591,val,1.146128,1.1207033,0.60206,0.8145343
mb-10157,val,1.8129134,1.8706046,1.230449,1.2112131
mb-09285,val,1.8388491,2.0746443,1.5910646,1.5917673
mb-09190,val,1.20412,1.1979631,0.7781513,0.8305285
mb-03983,val,1.5314789,1.5366031,1.3222193,1.2528875
mb-07264,val,2.1271048,2.1603203,1.7403626,1.789646
mb-10533,val,1.5314789,1.3264546,0.845098,1.0298711
mb-09736,val,1.6532124,1.6194419,1.447158,1.3938922
mb-08713,val,1.3979399,1.4232149,0.845098,1.0019342
mb-06780,val,0.60206,0.60023594,0.30103,0.3562063
mb-10221,val,2.161368,2.165593,1.9731278,1.8769698
mb-00454,val,2.3996737,2.5221133,2.0043213,2.245704
mb-09368,val,1.8692317,1.795258,1.748188,1.6243017
mb-09019,val,1.7160033,1.6349139,1.5797836,1.4846095
mb-08595,val,2.1238518,2.1808896,1.9190781,1.9118673
mb-03747,val,2.2855573,2.2625172,2.1105897,2.1486464
mb-08686,val,2.2148438,2.2394302,1.7323937,1.8717597
mb-06812,val,1.8260748,2.0059776,1.3802112,1.5154148
mb-07595,val,1.7708521,1.6393385,1.462398,1.3226514
mb-00352,val,1.6532125,1.7283021,1.146128,1.1181605
mb-09258,val,1.4471581,1.7420471,0.9542425,1.2843246
mb-02015,val,2.1003704,2.1032243,1.748188,1.6800038
mb-01827,val,2.264818,2.212235,1.5682018,1.680771
mb-01900,val,1.146128,1.5703765,0.845098,1.0472684
mb-00365,val,2.0293837,1.9800026,1.4771212,1.6896541
mb-01343,val,1.8976271,2.0167496,1.7853298,1.8961391
mb-08140,val,1.30103,1.1861169,1.0,0.8842131
mb-09096,val,1.4149734,1.4658878,1.20412,1.1757339
mb-00187,val,1.3424227,1.5864387,1.0,0.9770398
mb-00631,val,1.9444827,2.0201943,1.6434526,1.6350279
mb-05789,val,2.1139433,2.2014894,1.462398,1.4920975
mb-07340,val,1.7075702,1.6551458,1.60206,1.3336434
mb-01753,val,2.3159704,2.2499397,2.2380462,2.1671987
mb-10454,val,2.2552724,2.2028756,1.9822712,1.9315608
mb-04378,val,1.9822712,1.90453,1.50515,1.540519
mb-10313,val,2.0934217,2.110114,1.7781513,1.7666857
mb-01974,val,2.1522884,2.1718307,1.8750613,1.7863616
mb-10375,val,2.463893,2.4791362,2.075547,2.20011
mb-02046,val,1.462398,1.2323846,1.2787536,1.0521585
mb-05010,val,1.919078,1.9557676,1.6720978,1.7090628
mb-09957,val,2.201397,2.1269064,1.6720978,1.7289989
mb-00955,val,1.7558749,1.9860182,1.30103,1.5833471
mb-08789,val,2.3673558,2.349586,2.0170333,1.9983422
mb-06895,val,1.7323937,1.7860435,1.2787536,1.41957
mb-06256,val,1.845098,1.7604789,1.7075702,1.6082451
mb-10516,val,1.5910647,1.6496049,1.3424227,1.4800323
mb-08825,val,2.3424227,2.266979,1.8633229,1.9370668
mb-07170,val,1.60206,1.5488884,1.3617278,1.3299767
mb-07042,val,2.09691,2.1685631,1.8129133,1.7742453
mb-09380,val,1.5314789,1.51528,1.0,1.2459973
mb-02448,val,2.232996,2.173198,2.1172712,1.9226326
mb-00905,val,0.9542425,1.2296046,0.69897,1.1082948
mb-08447,val,2.089905,2.0478168,1.8573325,1.7511826
mb-00052,val,1.5185139,1.650171,1.2787536,1.3501023
mb-02309,val,1.5440681,1.4101601,1.230449,1.1355199
mb-05891,val,2.313867,2.1984696,1.60206,1.4477316
mb-04646,val,1.7853298,1.7963269,1.4913617,1.5135283
mb-08087,val,1.6127839,1.5434391,1.39794,1.3615329
mb-06304,val,1.7993405,1.8153137,1.5910646,1.540498
mb-02196,val,2.143015,2.2127068,1.9242793,1.882464
mb-00158,val,1.39794,1.4944427,1.20412,1.1945567
mb-08885,val,2.4653828,2.4111736,2.2355285,2.1058946
mb-04917,val,1.908485,1.8377542,1.748188,1.652972
mb-10942,val,2.6394866,2.2779074,2.7185018,2.2051072
mb-08103,val,1.7075702,1.7221135,1.2787536,1.3299814
mb-02989,val,2.2855573,2.318595,1.80618,1.8852407
mb-03970,val,2.075547,2.0188112,1.7075702,1.7900223
mb-08493,val,2.1583624,2.154522,1.770852,1.8057163
mb-03138,val,2.1367207,2.0889494,2.09691,1.94734
mb-01394,val,2.1105897,2.0764394,1.6334685,1.6823335
mb-03839,val,2.1303337,2.07921,1.9777236,1.9083078
mb-10398,val,2.2253094,2.1809404,1.8633229,1.8958907
mb-04703,val,1.7853299,1.7805657,1.5682018,1.5991015
mb-02282,val,2.274158,2.2851985,1.8260748,1.8237382
mb-03471,val,2.0043213,2.0178075,1.7403626,1.5660115
mb-05757,val,2.2855573,2.4131663,1.5797836,2.0940871
mb-04945,val,2.060698,2.108687,1.462398,1.582098
mb-00423,val,1.8450981,1.9440761,1.5682018,1.6659967
mb-02242,val,1.8920946,1.6522759,1.4313638,1.351205
mb-06471,val,1.6989701,1.6607611,1.462398,1.382174
mb-04744,val,2.0170333,2.1174316,1.7403626,1.8134487
mb-06116,val,2.0043213,2.0833766,1.8633229,1.8745126
mb-08737,val,1.7993406,1.7830424,1.3424227,1.2627069
mb-01125,val,1.5563024,1.5380454,1.5314789,1.3784499
mb-02857,val,1.4471581,1.3144345,1.0,0.97096616
mb-08644,val,1.7558749,1.6767328,1.3617278,1.4267001
mb-08287,val,2.1038036,2.1384,1.845098,1.8809106
mb-04904,val,2.3483047,2.3659594,1.9590414,2.0282497
mb-10962,val,2.2355285,2.1780095,1.8129133,1.763051
mb-05771,val,2.3820171,2.4120538,1.9395193,2.0635672
mb-08553,val,1.6232493,1.7970526,1.20412,1.4211853
mb-08379,val,2.033424,1.8504837,1.6627579,1.5574083
mb-06642,val,2.3304136,2.2782829,2.2718415,2.203826
mb-02819,val,1.8808136,1.8212316,1.50515,1.3865258
mb-05004,val,2.4377506,2.3166628,2.2966652,2.2371151
mb-00629,val,1.6232493,1.39623,1.2787536,1.1313752
mb-09498,val,2.0530784,2.1418936,1.7323937,1.8316274
mb-03953,val,1.845098,1.90089,1.5563025,1.6852945
mb-09241,val,1.6434528,1.4166954,1.3424227,1.1428246
mb-06268,val,2.155336,2.2334766,1.8129133,1.8205242
mb-03492,val,2.0530784,1.8425814,1.0,1.1030185
mb-07016,val,2.1105897,2.2068095,1.690196,1.596745
mb-06274,val,2.3598354,2.3835092,1.8692317,2.007052
mb-06048,val,2.2148438,2.2526443,1.80618,1.8723446
mb-07496,val,0.9542426,1.7187705,1.1760913,1.2797506
mb-05686,val,1.9190781,1.8522184,1.6812413,1.4949358
mb-08503,val,2.0,2.0973773,1.80618,1.9093335
mb-08784,val,1.8920946,2.0137334,1.8325089,1.7709739
mb-05147,val,2.071882,1.9961493,1.4771212,1.5245692
mb-01522,val,2.292256,2.398216,2.0086002,2.0870378
mb-00040,val,1.4149734,1.8171803,1.462398,1.6430489
mb-02355,val,2.0569048,1.9551294,1.5797836,1.4351096
mb-10620,val,2.232996,2.1603894,1.5185139,1.5492163
mb-06796,val,0.9542425,1.2285081,0.7781513,0.86263573
mb-03976,val,2.3856063,2.307001,2.0863597,1.9388409
mb-03525,val,2.120574,2.1047807,1.7242758,1.7408941
mb-09294,val,1.9590414,2.0092535,1.6532125,1.6663972
mb-03178,val,1.9867717,2.131129,1.6232493,1.851714
mb-02721,val,1.9395192,1.6639781,1.690196,1.5945835
mb-08704,val,1.8750613,1.9678502,1.5910646,1.6890578
mb-08498,val,1.8808136,1.9699936,1.7993406,1.7791722
mb-08632,val,2.161368,2.220675,1.7242758,1.8085716
mb-08555,val,2.0,1.9180439,1.5440681,1.4606162
mb-03897,val,1.230449,1.3101032,0.90309,1.003227
mb-05670,val,2.3521824,2.364925,1.9637878,2.0167785
mb-00695,val,2.240549,2.2823644,2.220108,2.1820037
mb-10466,val,2.0,2.0359068,1.8260748,1.8059134
mb-04088,val,2.0413928,1.9835365,1.6232493,1.5319866
mb-10543,val,1.7634281,1.6243006,1.5563025,1.4103516
mb-08234,val,2.252853,2.4262211,2.0170333,2.0646312
mb-05548,val,2.2855573,2.267209,1.7993406,1.736064
mb-00182,val,1.9731278,2.1804674,1.8976271,1.9228442
mb-08186,val,1.9637878,1.9437394,1.7403626,1.712306
mb-06171,val,2.1238518,2.0640838,1.6334685,1.6463174
mb-01863,val,1.0413927,1.123141,0.69897,0.73755205
mb-10228,val,2.232996,2.0292096,1.7323937,1.7159004
mb-05925,val,2.4199557,2.422414,2.10721,2.0781088
mb-08325,val,1.6901962,1.7071741,1.5563025,1.5016633
mb-05647,val,1.462398,1.4913869,1.230449,1.1117288
mb-09447,val,1.908485,2.251483,1.9777236,1.9799252
mb-02422,val,1.748188,1.7081741,1.4149734,1.2977358
mb-09421,val,1.9344984,2.1646652,1.8388491,1.8518453
mb-08284,val,2.178977,2.1819098,1.763428,1.7362425
mb-02158,val,2.0934217,2.0823672,1.5563025,1.753422
mb-00923,val,2.2479732,2.3352435,1.9294189,1.9906284
mb-10820,val,2.198657,2.105865,1.5910646,1.8675497
mb-03134,val,1.9242792,1.9822323,1.7323937,1.5931283
mb-06140,val,1.9395192,1.8514593,1.4771212,1.4678293
mb-02527,val,1.8129134,1.7812092,1.3802112,1.266476
mb-01137,val,0.69897,0.49745148,0.47712126,0.1529808
mb-08796,val,2.2528532,2.149654,1.8260748,1.7989733
mb-03630,val,1.9542426,1.9538903,1.6627579,1.5876696
mb-06578,val,1.9138138,1.8872054,1.2552725,1.2729295
mb-09849,val,1.819544,1.5859861,1.3802112,1.3551486
mb-03665,val,1.9731278,2.0162635,1.4771212,1.6735983
mb-06078,val,2.303196,2.3259315,1.9344984,1.9931562
mb-10629,val,2.049218,2.145889,1.6720978,1.7979089
mb-09408,val,1.5051501,1.7368915,1.462398,1.6160898
mb-08438,val,1.9542426,1.6389124,1.6334685,1.4109983
mb-09881,val,2.2576785,2.2522664,1.8750613,1.9217136
mb-02261,val,1.230449,1.506392,0.845098,0.95264465
mb-05242,val,1.5910646,1.635629,1.2552725,1.4002454
mb-10363,val,2.2405493,2.203316,1.968483,1.9881988
mb-06570,val,1.7323937,1.8290502,1.5910646,1.660301
mb-05154,val,2.064458,1.9945009,1.748188,1.6072428
mb-04912,val,2.3560257,2.4274204,2.161368,2.1489358
mb-04114,val,1.7075702,1.7494258,1.230449,1.18862
mb-02151,val,1.9956353,2.033272,1.5682018,1.6116838
mb-03415,val,2.3364596,2.2837043,1.8808136,1.8089042
mb-02171,val,1.7853298,1.8463497,1.5797836,1.547392
mb-00521,val,1.7558749,1.4745862,1.3802112,1.2665212
mb-00115,val,1.5797836,1.625648,1.3222193,1.4026449
mb-00529,val,1.8260747,1.9079503,1.447158,1.4833986
mb-04449,val,1.90309,1.924997,1.5185139,1.4355875
mb-02097,val,1.8750613,1.9136186,1.69897,1.6983211
mb-07380,val,1.7160033,1.7223287,1.3222193,1.2654705
mb-01019,val,1.4771214,1.7216599,1.5440681,1.4943595
mb-02490,val,1.4149734,1.8034465,1.2787536,1.4795744
mb-10118,val,2.0334237,2.0396383,1.6434526,1.8445084
mb-07999,val,1.3424227,1.591933,1.1139433,1.1498086
mb-02496,val,2.2718415,2.2509108,2.0681858,1.9148585
mb-03807,val,2.1613681,2.2369628,1.9190781,1.9522688
mb-03713,val,1.8692317,1.9889232,1.5185139,1.5822345
mb-08855,val,1.7853298,2.002305,1.748188,1.7942865
mb-01845,val,2.0606978,2.1202848,1.6232493,1.7314575
mb-05590,val,2.539076,2.5270271,2.3364596,2.341726
mb-07398,val,1.7160034,1.8670983,1.462398,1.5429393
mb-00989,val,2.2944663,2.326715,1.90309,1.9666148
mb-00276,val,1.1760912,1.2571656,1.0,1.1049176
mb-04998,val,2.1003704,2.1965075,1.6434526,1.7110307
mb-02010,val,2.2148438,2.2799945,1.9344984,1.9114933
mb-09813,val,2.3344536,2.404317,2.064458,2.1074643
mb-03699,val,2.3096302,2.370183,2.089905,2.0966043
mb-10246,val,1.8750613,1.6734022,1.6532125,1.5560344
mb-01283,val,2.164353,2.2397945,1.8633229,1.9202112
mb-01767,val,1.897627,1.9235266,1.69897,1.7060151
mb-08848,val,1.8750613,1.8430908,1.4771212,1.4396544
mb-01303,val,2.09691,2.059199,1.90309,1.8713773
mb-04895,val,1.7403628,1.7376907,1.2787536,1.1731998
mb-05024,val,2.149219,2.2206485,1.7923917,1.7041802
mb-08564,val,1.819544,2.1417449,1.5563025,1.6862565
mb-06551,val,2.120574,2.2281346,1.7781513,1.861504
mb-04445,val,1.4913617,1.691305,1.20412,1.1042085
mb-06566,val,2.1731863,2.2422366,1.770852,1.8731139
mb-04652,val,1.146128,1.9141184,1.6532125,1.7534604
mb-04358,val,2.4265113,2.50554,2.2624512,2.2428148
mb-07899,val,1.6532125,1.5930037,1.39794,1.3740516
mb-03591,val,2.220108,2.1785638,2.075547,1.9637661
mb-00024,val,1.5910647,1.6200736,1.2787536,1.2185822
mb-01300,val,1.3802114,1.3540152,1.1760913,1.0972378
mb-05867,val,2.2900345,2.4153507,2.0334237,2.069655
mb-10182,val,1.6627579,1.649173,1.4149734,1.3233032
mb-07848,val,1.9395192,1.9324312,1.0791812,1.4581759
mb-01484,test,2.1731863,2.1266203,1.8129133,1.8046621
mb-03738,test,1.4913617,1.4466254,1.2787536,1.2312425
mb-04854,test,1.0791813,1.1955024,0.7781513,0.89627033
mb-02327,test,1.7781513,1.8059076,1.462398,1.4901075
mb-10391,test,1.6127839,1.6352687,1.1760913,1.2278508
mb-02116,test,0.0,-0.058030903,0.0,-0.15892994
mb-05811,test,2.1903317,2.2592833,1.845098,1.8706639
mb-09397,test,2.2278867,2.2651045,0.7781513,1.350504
mb-03324,test,1.863323,1.8058002,1.5682018,1.5169897
mb-00686,test,1.3802112,1.5828241,0.9542425,1.1144032
mb-06694,test,2.320146,2.3327987,2.1238515,1.986002
mb-04380,test,2.0681858,2.1781235,1.8976271,2.020545
mb-07489,test,2.1958997,2.2564714,1.8808136,1.9617571
mb-04090,test,2.149219,2.186019,2.1760912,2.1109037
mb-00876,test,2.1303337,2.1093273,1.9637878,1.950384
mb-09862,test,0.69897,0.71528685,0.47712126,0.43599033
mb-04926,test,1.832509,1.8459952,1.30103,1.122277
mb-06612,test,2.1139433,2.130673,1.690196,1.6279062
mb-00922,test,2.2671716,2.2664647,1.8388491,1.7247849
mb-00667,test,1.770852,1.8362998,1.1139433,1.3847762
mb-00614,test,2.2068257,2.241496,1.8692317,1.9188726
mb-10027,test,2.2787538,2.3942957,2.1003706,2.0936298
mb-04297,test,1.9294189,1.9525201,1.7558749,1.7406197
mb-02891,test,2.0569048,1.9671872,1.770852,1.6604136
mb-07555,test,1.9777236,2.0226378,1.80618,1.8004189
mb-00153,test,1.9344985,1.9555947,1.6334685,1.6815947
mb-07483,test,1.6020601,1.5437162,1.4149734,1.3594669
mb-06635,test,2.2671719,2.2619298,2.1522884,2.1765144
mb-01663,test,1.991226,2.0175798,1.7160033,1.7545455
mb-02047,test,2.1271048,2.0781271,1.8864907,1.8039029
mb-03778,test,2.1003706,2.0878832,1.6812413,1.7134492
mb-10584,test,1.6532125,2.1477776,1.50515,1.8054125
mb-06420,test,1.4471581,1.5959319,1.4313638,1.3728296
mb-02782,test,2.0170333,2.0648875,1.763428,1.8270562
mb-09204,test,2.133539,2.1845562,1.9822712,1.9035467
mb-00606,test,2.1003704,2.0903776,1.8692317,1.8142428
mb-06665,test,1.9294189,2.058167,1.3802112,1.7621925
mb-07056,test,1.6812413,1.7016267,1.3424227,1.3357081
mb-09492,test,2.0606978,2.037813,1.7242758,1.6146567
mb-03510,test,1.8129134,1.7904354,1.20412,1.0899352
mb-09348,test,1.9731278,1.9718482,1.6127839,1.583042
mb-05124,test,2.2201083,2.3694718,2.0413928,2.131023
mb-05423,test,1.4771212,1.2565442,1.1139433,0.972495
mb-06446,test,0.7781513,1.1369475,0.30103,0.70512486
mb-03531,test,1.80618,1.9152265,1.5910646,1.6506821
mb-01810,test,2.1673174,2.245913,1.763428,1.8799626
mb-09268,test,1.30103,1.4690385,0.90309,0.83302313
mb-07245,test,1.5682018,1.5795894,1.30103,1.3255305
mb-00950,test,1.8976271,1.8699574,1.7323937,1.6801898
mb-02466,test,1.7160034,1.6746132,1.20412,1.1612395
mb-07343,test,1.6334685,1.7097895,1.2787536,1.3464912
mb-02645,test,1.8750613,1.7998312,1.4149734,1.35108
mb-08220,test,2.4814425,2.5161927,2.252853,2.269207
mb-09041,test,2.0606978,1.7708617,1.6532125,1.4293884
mb-01531,test,1.60206,1.6309036,1.3617278,1.3840702
mb-07509,test,2.143015,1.9827304,1.60206,1.6624074
mb-06024,test,1.8325088,1.601314,1.5797836,1.3290223
mb-08996,test,1.724276,1.558863,1.5682018,1.3221743
mb-08820,test,1.6334684,1.9415104,1.3802112,1.1180054
mb-07996,test,2.0374265,2.0708332,1.6334685,1.6563326
mb-02051,test,2.2878017,2.3090756,1.763428,1.8681587
mb-04799,test,2.298853,2.216535,2.2787535,2.1454144
mb-10677,test,2.262451,1.6840184,2.0253057,1.6620297
mb-03993,test,2.1731863,2.1982813,1.6232493,1.7494531
mb-02538,test,1.9395193,2.017755,1.30103,1.2677062
mb-01059,test,2.3765771,2.3791604,2.1553361,2.1122413
mb-01301,test,1.9084849,1.8426614,1.5185139,1.56289
mb-04203,test,1.5440681,1.7159204,1.1760913,1.3765398
mb-07723,test,1.6232493,1.6810162,1.1139433,1.5120915
mb-08428,test,1.6232493,1.738739,1.3617278,1.4779017
mb-07667,test,2.0530784,2.1751106,1.7558749,1.9389405
mb-05142,test,1.2041199,1.2099445,1.0,1.0800221
mb-01333,test,1.8129134,1.6220886,1.6334685,1.50031
mb-10295,test,1.9956352,1.8407621,1.6434526,1.4894961
mb-03627,test,0.9542425,0.9965851,0.7781513,0.78008395
mb-09361,test,2.1583626,2.1288497,1.7993406,1.7773705
mb-09762,test,0.47712126,0.406146,0.0,-0.07432926
mb-09184,test,2.3443923,2.328172,1.968483,1.9440418
mb-03327,test,2.4031205,2.3319447,2.4031205,2.2443776
mb-08920,test,2.232996,2.1851668,1.7075702,1.7698027
mb-09331,test,2.0413926,2.0969899,1.6434526,1.7163944
mb-01796,test,1.80618,1.8215463,1.30103,1.1657981
mb-03343,test,1.9867717,1.933875,1.6720978,1.6850973
mb-03863,test,2.363612,2.3672976,1.9867717,2.0096335
mb-06305,test,2.376577,2.3278146,1.9344984,1.8788834
mb-02797,test,1.908485,2.0464997,1.6812413,1.7733631
mb-01633,test,1.90309,1.8957766,1.6127839,1.5845633
mb-03141,test,1.9731278,2.0005429,1.4771212,1.450849
mb-06937,test,2.0374265,1.9926748,1.5563025,1.5784273
mb-07311,test,1.7853298,1.7356337,1.5185139,1.491109
mb-02105,test,2.1139433,2.1902342,1.8129133,1.7775793
mb-05949,test,1.5682018,1.5338378,1.2787536,1.0594497
mb-09452,test,1.6334685,1.7272241,1.230449,0.907006
mb-07190,test,2.3263357,2.2782707,2.2671716,2.203785
mb-02752,test,1.1760912,1.4324944,0.845098,1.0019253
mb-03840,test,1.7075702,1.6528308,1.4771212,1.4327044
mb-02824,test,1.60206,1.7889824,1.2552725,1.3856905
mb-06819,test,1.845098,1.8152604,1.5185139,1.5045856
mb-10879,test,1.819544,1.8622599,1.0,1.3786657
mb-08945,test,2.3222191,2.3316026,2.0253057,1.9836069
mb-09872,test,2.1003704,2.0907779,1.748188,1.3982198
mb-00126,test,1.7403628,1.792712,1.4313638,1.423398
mb-10176,test,2.1271048,1.9630754,1.5682018,1.5077786
mb-01191,test,2.326336,2.3857892,2.0569048,2.1293442
mb-01734,test,2.146128,2.1411555,1.90309,1.8963914
mb-06966,test,1.3424227,1.1677089,1.1760913,0.9631287
mb-05005,test,2.0128372,2.0588164,1.7923917,1.8620236
mb-04212,test,1.9956353,2.0946121,1.7993406,1.8529079
mb-07777,test,2.217484,2.1611133,1.8864907,1.8426411
mb-02049,test,2.1760912,2.0921679,1.7993406,1.675061
mb-07980,test,1.748188,1.768125,1.50515,1.5162627
mb-02745,test,1.0413927,1.080832,0.845098,0.50445926
mb-05626,test,1.7558749,1.7566211,1.50515,1.5024062
mb-07574,test,1.9138138,1.7416934,1.6627579,1.6506782
mb-01625,test,1.7160034,1.7850893,1.4913617,1.5324466
mb-08393,test,1.6334684,1.6810005,1.4771212,1.3322308
mb-05578,test,1.5682018,1.7812177,1.5563025,1.5979856
mb-05084,test,1.94939,2.061412,1.7558749,1.689242
mb-05797,test,2.206826,2.2594993,1.8920946,1.902956
mb-00988,test,2.2600713,2.2471116,1.8573325,1.8600713
mb-03368,test,1.39794,1.5787418,1.2552725,1.2643863
mb-03374,test,2.307496,2.2706509,1.8260748,1.6914451
mb-03432,test,2.269513,2.1914032,1.968483,1.7394401
mb-05619,test,1.3617278,1.6408249,1.2552725,1.350341
mb-03507,test,1.9395192,2.0160406,1.2552725,1.4171592
mb-05732,test,1.8388491,1.8207505,1.50515,1.4307469
mb-04432,test,1.80618,1.7354954,1.3802112,1.3566141
mb-06996,test,1.6812413,1.6896148,1.39794,1.3234196
mb-00038,test,2.2855573,2.3184133,2.0606978,1.9758204
mb-08954,test,0.47712126,0.33446217,0.30103,0.1595838
mb-03056,test,2.164353,2.1958437,1.8260748,1.8929778
mb-10351,test,2.4014006,2.318613,1.690196,1.9781829
mb-09111,test,0.90309,0.82583547,0.69897,0.5439081
mb-01063,test,1.3222194,1.3721617,0.9542425,0.93707967
mb-07119,test,1.3617278,1.2134151,0.90309,0.95977545
mb-04158,test,1.7634281,1.8715104,1.6334685,1.5173355
mb-07368,test,1.9590414,2.0429065,1.230449,1.2189963
mb-04218,test,2.09691,2.2090793,1.7923917,1.8790928
mb-09175,test,2.1105897,2.209707,1.7242758,1.8074269
mb-09925,test,1.968483,1.5770954,1.7160033,1.0632567
mb-01015,test,2.0086002,1.996614,1.5910646,1.5296772
mb-10457,test,1.7993406,1.7065709,1.5440681,1.3680893
mb-00784,test,2.457882,2.3180425,2.2900345,2.23317
mb-04179,test,1.6434528,1.8051758,1.3424227,1.3227625
mb-05855,test,1.544068,1.4608984,1.0791812,0.74075514
mb-00770,test,1.4771214,1.5649616,1.30103,1.3379941
mb-04547,test,1.6020601,1.6422492,1.2787536,1.289695
mb-00892,test,1.9542426,2.0052936,1.6127839,1.6359098
mb-09860,test,1.8920946,2.0656688,1.763428,1.8447574
mb-02064,test,1.2041199,1.008295,0.845098,0.62354314
mb-05293,test,2.292256,2.2752578,1.9138138,1.8042666
mb-06353,test,2.283301,2.368239,1.9542425,2.0218782
mb-06677,test,1.8864907,1.9674975,1.50515,1.5723504
mb-05645,test,1.7708521,1.7115244,1.3424227,1.3344011
mb-07560,test,1.7242758,1.7373846,1.3802112,1.3989192
mb-04869,test,2.206826,2.218283,1.8633229,1.9089253
mb-08007,test,1.8129134,1.8273578,1.5440681,1.6168966
mb-02808,test,2.2600715,1.9571404,1.94939,1.8670434
mb-09888,test,1.690196,1.7811222,1.5314789,1.5788449
mb-06971,test,1.690196,1.775748,1.2552725,1.2901754
mb-00255,test,2.0681858,2.0218976,1.690196,1.6138262
mb-00860,test,2.0211892,1.9756148,1.7160033,1.6501904
mb-09337,test,2.3159704,2.3440793,1.9637878,2.0206947
mb-04142,test,2.2944663,2.3610997,1.9395193,1.9873106
mb-05699,test,1.9444826,1.8631638,1.690196,1.5931149
mb-09126,test,2.209515,2.2179713,1.8808136,1.9161716
mb-06168,test,1.9777236,1.985353,1.4771212,1.4616828
mb-05604,test,1.5797836,1.546226,1.3222193,1.3909892
mb-02838,test,1.7781513,1.7640934,1.4913617,1.0993708
mb-03596,test,2.1038036,2.1368937,1.5797836,1.6215502
mb-03239,test,2.178977,2.1207585,1.69897,1.5891817
mb-03788,test,2.161368,2.271953,1.69897,1.8667419
mb-04748,test,1.6812413,1.6040449,1.3617278,1.3120612
mb-01069,test,1.6627579,1.7534988,1.50515,1.2191455
mb-06748,test,2.045323,2.0554028,1.50515,1.3650558
mb-03009,test,1.3222194,1.4281472,1.146128,1.2586373
mb-10695,test,2.120574,2.212065,1.94939,1.930959
mb-03385,test,2.1522882,2.2302146,1.69897,1.87368
mb-03561,test,1.8260748,1.8232166,1.6627579,1.5907748
mb-08319,test,1.5910647,1.819797,1.146128,1.3183078
mb-10691,test,1.90309,1.7866718,1.6334685,1.6483297
mb-08238,test,1.8864907,1.9511405,1.447158,1.5543966
mb-03911,test,2.0530784,2.1419933,1.845098,2.01061
mb-07385,test,2.0681858,2.1945105,1.6532125,1.7060297
mb-10748,test,1.7708521,1.8927085,1.5682018,1.5402777
mb-02911,test,1.968483,1.8815536,1.6232493,1.5682598
mb-03640,test,1.9912261,1.8656142,1.5185139,1.3965653
mb-03394,test,2.3502479,2.4790142,2.1038036,2.1936493
mb-07648,test,1.6627579,1.6031269,1.3802112,1.285505
mb-09093,test,2.1038036,2.2091708,1.968483,1.9300575
mb-09907,test,2.2430382,2.2524264,1.80618,2.0116086
mb-07339,test,1.9542425,1.9355277,1.230449,1.396519
mb-02403,test,1.5440681,1.5666214,1.4149734,1.3316349
mb-06283,test,1.7993406,1.6821971,1.6532125,1.5202836
mb-01066,test,2.456366,2.4648206,2.146128,2.1342664
mb-10505,test,1.6127839,1.6707722,1.1760913,1.3001268
mb-03581,test,2.243038,2.263225,2.0253057,1.9766169
mb-00984,test,2.3673558,2.4109678,1.9731278,2.0661368
mb-02180,test,2.3138673,2.2604227,1.90309,1.9003395
mb-06809,test,1.5185139,1.4795914,1.0791812,1.1023798
mb-10895,test,1.146128,1.0358012,1.0,0.92180824
mb-07421,test,1.3222193,1.2512982,0.845098,0.72789866
mb-01930,test,1.748188,2.1747928,1.8388491,1.8728919
mb-08472,test,1.60206,1.5784557,1.3617278,1.3580958
mb-08669,test,1.8195438,1.6548916,1.6720978,1.4475157
mb-01120,test,2.075547,2.0001154,1.8325089,1.6618438
mb-05530,test,1.9084849,1.885413,1.3802112,1.4024417
mb-10161,test,1.0413927,1.0735629,0.7781513,0.82930666
mb-02193,test,1.3802112,1.5692425,1.3617278,1.3319197
mb-04752,test,1.9822712,2.0999665,1.3802112,1.7691926
mb-01925,test,1.7558749,1.8895473,1.3617278,1.3589507
mb-08175,test,2.2810333,2.2530491,1.9912261,2.0380092
mb-01852,test,2.2671716,2.306499,1.9542425,1.9681329
mb-10726,test,2.434569,2.3184102,2.0827854,1.9888941
mb-06303,test,2.2878017,2.380569,2.0293837,2.0384572
mb-00760,test,1.9493899,1.9282318,1.7242758,1.7102222
mb-04566,test,2.1875207,2.1624098,1.8388491,1.7652514
mb-03675,test,2.220108,2.230589,1.819544,1.8119063
mb-10968,test,1.7075701,1.7518737,1.5797836,1.5875264
mb-05742,test,2.08636,2.0535376,1.6334685,1.5725826
mb-09442,test,2.25042,2.2615945,1.8920946,1.8596505
mb-01050,test,1.6989701,1.6826472,1.2552725,1.3128343
mb-10402,test,2.20412,2.2507312,1.770852,1.7946268
mb-05490,test,1.7242758,1.7681226,1.4149734,1.4284644
mb-01733,test,1.6020601,1.7830704,1.146128,1.36275
mb-04363,test,2.2405493,2.304643,1.968483,1.8480079
mb-01707,test,2.0170333,2.191698,2.0043213,2.0444882
mb-08356,test,1.9395192,1.8713003,1.5185139,1.5487076
mb-05864,test,1.4313638,1.076692,0.9542425,0.8592816
mb-10411,test,2.064458,1.9458679,0.845098,1.3911239
mb-08782,test,2.2253094,2.2634954,1.9777236,1.9060502
mb-05240,test,2.367356,2.3926525,2.164353,2.1679914
mb-02717,test,2.120574,2.1520452,1.7993406,1.728926
mb-00580,test,1.8260748,1.8882148,1.5563025,1.5821396
mb-07409,test,2.08636,2.0979455,1.5682018,1.6190516
mb-01184,test,2.1875207,2.157176,1.8976271,1.8343499
mb-03086,test,1.3979399,1.1192596,1.0791812,0.77841437
mb-03974,test,1.7781513,1.7920521,1.5440681,1.4814136
mb-09823,test,2.1430147,2.2836344,1.7160033,1.9058172
mb-04021,test,1.4149734,1.5702672,1.3617278,1.2458439
mb-04548,test,2.3747482,2.3698409,1.7242758,2.0262463
mb-08609,test,1.9912261,2.1206849,1.6627579,1.7793403
mb-10265,test,1.9777236,1.994391,1.39794,1.4060768
mb-04278,test,1.9444827,1.9860107,1.5563025,1.5643039
mb-07253,test,2.0128372,2.1829042,1.6232493,1.7878108
mb-06783,test,1.146128,1.3256153,1.146128,1.1142418
mb-04361,test,1.7323937,1.4373591,1.748188,1.1517367
mb-04178,test,2.3096302,2.2330365,1.9395193,1.8983737
mb-10345,test,2.0253057,2.0682042,1.6434526,1.7302933
mb-05892,test,1.908485,1.9531896,0.845098,1.2813246
mb-08702,test,2.149219,2.2193263,1.7558749,1.733096
mb-05588,test,1.6334684,1.5903558,1.447158,1.3942664
mb-09817,test,1.9912262,1.9375386,1.4313638,1.3802478
mb-02975,test,1.0791813,1.5299304,1.146128,1.2181246
mb-03144,test,2.1303337,2.1437595,1.770852,1.7696432
mb-10494,test,1.462398,1.2585083,1.230449,1.1028861
mb-09274,test,1.8573325,1.8216877,1.4771212,1.4581953
mb-06938,test,1.6989701,1.5994873,1.1760913,1.1738365
mb-01622,test,2.120574,2.1572278,1.8573325,1.8933268
mb-04964,test,2.4698222,2.3280008,2.3521826,2.2371166
mb-03629,test,2.1172714,2.118319,1.9190781,1.7987326
mb-02896,test,1.748188,1.7431526,1.2787536,1.3866103
mb-01202,test,1.1760912,1.590334,1.0791812,1.4118494
mb-00953,test,2.4031205,2.458218,2.0569048,2.1629
mb-09064,test,1.770852,1.7446214,1.763428,1.4054956
mb-07813,test,2.0791812,2.049642,1.5797836,1.4260504
mb-04976,test,2.1038036,1.9716703,1.8750613,1.6660001
mb-00791,test,1.8976271,1.9587408,1.7558749,1.7469523
mb-10173,test,1.908485,2.2237172,1.94939,1.8584534
mb-01028,test,1.6127839,1.5852997,1.30103,1.2798908
mb-06943,test,2.3856063,2.4058928,2.149219,2.0533652
mb-03564,test,1.5682018,1.4406893,1.1760913,1.2251536
mb-01646,test,1.0413927,0.96399295,0.69897,0.6165515
mb-05258,test,1.8260747,1.8178444,1.447158,1.3931748
mb-09949,test,1.690196,1.8264533,1.5185139,1.6225128
mb-01619,test,2.5301998,2.523876,2.307496,2.2551055
mb-05560,test,2.089905,2.122712,1.8864907,1.8785343
mb-09208,test,2.0791812,2.0757236,1.5314789,1.4876529
mb-01500,test,2.4048338,2.381958,2.0606978,2.01285
mb-04831,test,1.8388491,1.9310849,1.748188,1.7306855
mb-05320,test,1.6720978,1.622345,1.5797836,1.4900678
mb-08567,test,1.60206,1.6210153,1.3802112,1.3091542
mb-07424,test,1.7242758,1.753016,1.4149734,1.4513084
mb-04811,test,1.9444827,2.014431,1.7323937,1.7425652
mb-04465,test,1.4471581,1.4132404,1.146128,1.1258122
mb-05592,test,1.4313637,1.670884,1.3802112,1.4190743
mb-06863,test,2.3344538,2.2573366,1.94939,1.9978712
mb-03073,test,1.8388491,1.9891797,1.4149734,1.750041
mb-04873,test,2.2741578,2.135022,2.0863597,1.9675722
mb-07901,test,1.9867717,1.9922442,1.8573325,1.7786291
mb-03356,test,1.6720979,1.6242733,1.2787536,1.2784765
mb-09705,test,1.4771214,1.7642901,1.6627579,1.5921712
mb-00074,test,1.7323937,1.8567226,1.5797836,1.7115735
mb-08554,test,0.7781513,0.6393761,0.47712126,0.24236643
mb-06265,test,1.6532124,1.8741438,1.7160033,1.4455627
mb-00559,test,1.0791813,1.1331469,0.47712126,0.8280351
mb-09583,test,2.1818438,2.228028,1.6127839,1.7355301
mb-07830,test,1.5682018,1.4870877,1.2552725,1.0597994
mb-02472,test,1.5797836,1.4570805,1.447158,1.3802416
mb-09721,test,1.6720979,1.8882571,1.4313638,1.4779171
mb-07783,test,1.8129134,1.6566072,1.6627579,1.6070554
mb-02491,test,2.2380462,2.3089528,1.9444827,1.9779096
mb-04000,test,1.2041199,1.2337244,1.0791812,1.0897074
mb-02421,test,2.2455127,2.2759907,1.8864907,1.9138411
mb-08476,test,1.9084849,1.8539662,1.5910646,1.4497064
mb-04846,test,2.1553361,2.165773,1.7781513,1.8174765
mb-09708,test,2.161368,2.125712,1.8864907,1.7307874
mb-05596,test,1.5682018,1.6703339,1.1139433,1.0932344
mb-10300,test,1.6334684,1.7019943,1.4771212,1.5781806
mb-00329,test,1.7323937,1.7790006,1.6812413,1.5962139
mb-10495,test,2.0086002,2.033289,1.20412,1.7740233
mb-02736,test,1.748188,1.6830812,1.3424227,1.1794487
mb-08662,test,1.9242792,1.9630394,1.7242758,1.7147127
mb-02489,test,2.071882,2.1195302,1.5185139,1.5217235
mb-03419,test,2.201397,2.2219563,1.5314789,1.5763489
mb-02062,test,2.0681858,2.0225768,1.7075702,1.6081674
mb-04859,test,1.819544,1.8517907,1.5682018,1.5392219
mb-06852,test,1.230449,1.242832,0.69897,0.87827104
mb-06776,test,2.3673558,2.3066473,2.0253057,1.9140692
mb-08096,test,2.0128372,2.052559,1.7242758,1.66004
mb-01148,test,1.462398,1.9825895,1.4313638,1.4768099
mb-02048,test,2.1846914,2.1762211,1.7923917,1.6453537
mb-10248,test,2.3838153,2.4010248,1.9637878,2.069961
mb-06235,test,2.2121878,2.1832516,1.6532125,1.8238285
mb-06190,test,1.8920946,1.8449116,1.3424227,1.4395616
mb-06396,test,2.356026,2.241063,1.9731278,1.9698094
mb-07280,test,1.5797837,1.5627085,1.2787536,1.1488254
mb-08335,test,1.9138138,2.0290167,1.7323937,1.8618999
mb-09685,test,2.313867,2.353632,2.0791812,2.07236
mb-08073,test,1.968483,2.0100932,1.3424227,1.6154828
mb-08519,test,2.1105897,2.0002954,1.7781513,1.6630633
mb-05536,test,1.3222193,1.3899606,1.0,1.0146556
mb-03030,test,1.9912262,2.0007637,1.5440681,1.4471927
mb-04175,test,2.3944516,2.3250825,2.089905,1.9143624
mb-10470,test,1.6127839,1.749985,1.4913617,1.5532651
mb-00009,test,1.845098,1.917762,1.6812413,1.6433748
mb-03391,test,1.9138138,1.9498153,1.770852,1.7433065
mb-10048,test,1.6127839,1.6236391,0.90309,1.0808936
mb-01998,test,1.8750613,1.9064384,1.4913617,1.4774164
mb-03810,test,2.3096302,2.1793299,1.94939,1.5784738
mb-09163,test,2.1818435,2.1967788,1.7558749,1.8704498
mb-05352,test,1.7923918,1.6953025,1.5440681,1.3973836
mb-00569,test,1.724276,1.5638611,1.3424227,1.2588247
mb-00130,test,1.7993406,1.8105023,1.3424227,1.3244102
mb-03155,test,1.94939,1.9379396,1.7781513,1.730603
mb-01591,test,1.8388491,1.8383673,1.3617278,1.3130264
mb-10188,test,1.9344984,1.9749403,1.7403626,1.65355
mb-06891,test,2.2787535,2.292102,1.60206,1.8303332
mb-00936,test,1.9084849,1.9349725,1.5314789,1.5966237
mb-06767,test,1.8512584,1.8500464,1.146128,0.8358423
mb-04809,test,2.2278867,2.2712853,1.7075702,1.8085108
mb-10019,test,1.7853298,2.0561833,1.3424227,1.8465846
mb-05954,test,2.3201463,2.1506503,1.9344984,1.7065011
mb-06893,test,2.3463528,2.3310845,2.0211892,1.9652869
mb-06102,test,1.4149734,1.3053371,1.20412,1.0060859
mb-05539,test,0.69897,0.4981985,0.47712126,0.26957643
mb-00202,test,1.6232493,1.6259065,1.2552725,1.388014
mb-10631,test,2.149219,2.0981066,1.8920946,1.6349481
mb-09181,test,1.3222193,1.2822369,1.1139433,1.1014371
mb-02074,test,2.0934217,2.1483648,1.9344984,1.9114323
mb-10239,test,1.90309,1.9701885,1.30103,1.3800178
mb-01970,test,2.3384566,2.322369,1.8976271,2.0442026
mb-08533,test,1.6127839,1.6052926,1.4149734,1.4044749
mb-09130,test,1.8512584,1.6960502,1.39794,1.389316
mb-06731,test,1.7323937,1.7503518,1.3424227,1.3771905
mb-00213,test,1.4771214,1.5695193,0.69897,1.1005412
mb-10805,test,2.1367207,2.0512376,1.1760913,1.5828338
mb-08924,test,1.6127839,1.639914,1.5563025,1.430199
mb-07274,test,1.462398,1.4333806,1.0413927,1.0861845
mb-10582,test,1.845098,2.1735122,1.5797836,1.8606864
mb-10119,test,2.2479734,2.147644,2.0086002,1.920677
mb-06565,test,2.0043213,2.018484,1.6434526,1.6550367
mb-04858,test,1.8976271,1.8232,1.462398,1.4598619
mb-01750,test,1.968483,2.046563,1.7781513,1.8337934
mb-00574,test,2.0043213,1.6808301,1.4913617,1.4490888
mb-10734,test,2.0211892,1.9143451,1.4913617,1.5987927
mb-07101,test,1.6334685,1.6066496,1.39794,1.3504151
mb-05622,test,1.8512583,1.8449492,1.3222193,1.3184519
mb-01081,test,2.378398,2.1828392,1.763428,1.7268584
mb-05172,test,2.0334237,2.0872028,1.6232493,1.6718256
mb-01605,test,2.161368,2.1376634,1.9912261,1.9618835
mb-03812,test,1.6334685,1.7348034,1.1760913,1.3758849
mb-03330,test,2.4265113,2.258542,1.7781513,1.769857
mb-10201,test,2.2552724,2.2013197,1.9867717,1.9310505
mb-01077,test,1.6232493,1.7349184,1.1139433,1.3255277
mb-05256,test,2.0681858,2.1238241,1.690196,1.7442466
mb-09167,test,1.4913617,1.8474743,1.462398,1.4699827
mb-07863,test,1.6812413,1.5888517,1.462398,1.5084593
mb-06541,test,2.1818438,2.1068397,1.30103,1.6795967
mb-02866,test,1.9590414,1.9199984,1.447158,1.5056087
mb-07069,test,2.30103,2.3181834,1.968483,1.9568831
mb-08905,test,2.2253094,2.2911959,1.9242793,2.035907
mb-08896,test,2.5289166,2.5035825,2.376577,2.2306032
mb-06183,test,2.075547,2.1041985,1.7558749,1.8717339
mb-05392,test,1.763428,1.8235075,1.3802112,1.3350248
mb-05161,test,2.143015,2.0475678,1.7993406,1.7373562
mb-10428,test,1.8388491,1.8416233,1.5563025,1.6288981
mb-03701,test,1.5563025,1.6638672,1.2552725,1.4220046
mb-09588,test,1.8195438,1.8188521,1.60206,1.5065866
mb-03760,test,2.2878017,2.267871,2.089905,1.9699868
mb-03444,test,1.748188,1.718924,1.5563025,1.5082276
mb-10813,test,1.9242792,1.926968,1.5910646,1.7390245
mb-03636,test,2.2944663,2.2888744,2.1931245,2.224054
mb-01324,test,2.25042,2.2882302,2.0086002,1.8549534
mb-06288,test,2.2121875,2.333808,1.8864907,2.0093224
mb-07138,test,2.2878017,2.2097561,1.6232493,1.8460127
mb-03446,test,1.5185139,1.4491806,1.2787536,1.2274832
mb-03584,test,1.9190781,1.9633988,1.60206,1.6606984
mb-08966,test,2.1818435,2.2232413,1.5797836,1.5510548
mb-01678,test,2.1731863,2.1469557,1.763428,1.6224426
mb-08984,test,2.2253094,2.1779835,1.770852,1.7750193
mb-00189,test,1.9912261,2.0746903,1.7923917,1.7678646
mb-00235,test,1.9731278,1.745593,1.5910646,1.4227618
mb-06295,test,2.3222194,2.3386195,1.968483,1.9257704
mb-08340,test,2.0,1.8786407,1.5682018,1.4765217
mb-07916,test,2.292256,2.2988627,2.1931245,2.216283
mb-07196,test,1.6627578,1.863153,1.6720978,1.3620625
mb-08041,test,2.450249,2.4440002,2.0128372,2.1282134
mb-10131,test,2.3201463,2.3288264,1.8920946,1.9239798
mb-03925,test,1.5051501,1.5538609,1.230449,1.277061
mb-03890,test,2.155336,2.1681256,1.8692317,1.9108573
mb-09550,test,1.20412,1.2099733,0.0,0.79524285
mb-07140,test,1.8692318,1.8838806,1.6334685,1.5568695
mb-02428,test,2.0827854,1.9182706,1.69897,1.618456
mb-05052,test,2.1367204,2.2393215,2.049218,2.0453393
mb-03042,test,1.146128,1.0005116,1.0413927,0.8783022
mb-09091,test,1.7558749,2.040379,1.7075702,1.7997258
mb-02243,test,2.2855573,2.2006905,2.1271048,1.9985175
mb-09347,test,1.8325088,1.7747576,1.3222193,1.5241168
mb-06609,test,1.7853298,1.7752787,1.3222193,1.3512859
mb-06254,test,1.8512583,1.8227016,1.0413927,1.2143681
mb-00260,test,1.9590415,1.8411632,1.5563025,1.4355183
mb-10233,test,2.049218,1.776073,1.8129133,1.5018182
mb-03556,test,1.4313638,1.1280853,1.30103,1.2660625
mb-07643,test,2.3053513,2.40356,1.9542425,2.033274
mb-04493,test,2.220108,2.1970143,1.7403626,1.7569606
mb-02871,test,2.0374265,2.1330853,1.6532125,1.7441115
mb-04473,test,0.7781513,0.7095575,0.60206,0.57499975
mb-00523,test,2.1731863,2.2401485,1.8325089,1.9463034
mb-00995,test,2.0827854,2.0895042,1.7781513,1.7046705
mb-00504,test,1.6812413,1.7461997,1.0413927,1.0538622
mb-07776,test,1.3979399,1.3486347,1.0791812,0.96494436
mb-05387,test,1.7403628,1.7225657,1.5440681,1.559703
mb-00959,test,1.8692317,1.897464,1.6127839,1.6524649
mb-02162,test,1.5314789,1.5625501,1.1139433,1.2545376
mb-05134,test,2.4456043,2.5195382,2.1522884,2.236219
mb-02632,test,2.2878017,2.366038,2.0863597,2.109567
mb-02504,test,2.2624512,1.3675404,1.1139433,1.0122197
mb-06704,test,1.8388492,1.6555033,1.4313638,1.3351624
mb-09911,test,2.2624512,2.1905866,2.0934217,1.9998989
mb-06233,test,1.7558749,1.7174145,1.3617278,1.3440741
mb-08907,test,2.1105897,2.045385,1.80618,1.6467309
mb-09858,test,1.6232493,1.4084506,1.146128,1.1058507
mb-09795,test,2.217484,1.9389834,1.8260748,1.6531236
mb-07158,test,1.7323939,1.6910663,1.4313638,1.4933314
mb-09547,test,1.9777236,1.8769828,1.6627579,1.657534
mb-02469,test,2.3201463,2.2026026,1.7403626,1.5877664
mb-01306,test,2.2227163,2.1037629,1.9542425,1.8748877
mb-09516,test,2.130334,2.1355255,1.7558749,1.7384555
mb-03147,test,1.8750613,1.8811201,1.80618,1.7787684
mb-09138,test,2.1903317,2.2015085,2.1238515,1.8551402
mb-04804,test,0.90309,0.8289244,0.60206,0.58626616
mb-06016,test,2.252853,2.2419386,1.9138138,1.7922342
mb-03228,test,2.4969296,2.495472,2.2552724,2.2430964
mb-03310,test,1.544068,1.5349283,1.3222193,1.2690787
mb-02454,test,1.9395193,2.0046582,1.7323937,1.7561393
mb-05051,test,1.9590414,2.0537758,1.1139433,0.95876634
mb-07943,test,2.1139433,2.1031618,1.6812413,1.6921548
mb-10854,test,2.2013972,2.100307,1.8692317,1.8760059
mb-07287,test,2.0043213,1.9946439,1.7403626,1.7262855
mb-07668,test,1.7558749,1.7805958,1.4313638,1.4603218
mb-06376,test,2.409933,2.4411912,2.0086002,2.1102924
mb-05917,test,2.133539,2.1121297,1.6812413,1.6546772
mb-07239,test,1.5910647,1.2193993,1.3424227,1.0970284
mb-08306,test,2.0253057,2.0256968,1.60206,1.5791397
mb-04061,test,1.8976271,1.926826,1.6627579,1.692384
mb-09637,test,1.0,1.1120358,1.146128,0.82620317
mb-08465,test,2.1818438,2.216027,1.4913617,1.5526572
mb-00502,test,1.9542425,1.9596429,1.690196,1.6907991
mb-05373,test,1.968483,1.864637,1.7160033,1.6452408
mb-04788,test,1.7242758,1.8075432,1.50515,1.5845423
mb-06413,test,1.5797837,1.5506079,1.0,1.0506608
mb-04719,test,2.2576785,2.2338867,2.1038036,2.0591602
mb-00232,test,1.763428,1.7948163,1.3424227,1.3469261
mb-02106,test,2.1172714,2.1047199,1.39794,1.418178
mb-10782,test,1.6532125,1.6207526,1.30103,1.1181552
mb-09692,test,2.09691,2.3242807,1.7993406,1.9571702
mb-00645,test,1.5185139,1.5960314,1.3617278,1.3073002
mb-10235,test,2.130334,2.1025677,1.5563025,1.6617805
mb-00726,test,2.3324385,2.4123478,2.0863597,2.1395802
mb-01521,test,1.69897,1.632264,1.3802112,1.4163985
mb-05468,test,1.690196,1.4195178,1.447158,1.1538367
mb-04330,test,2.0170333,2.046622,1.6532125,1.6868278
mb-02385,test,2.3159704,2.406612,2.0,2.0916226
mb-07734,test,1.6127839,1.5576956,1.2787536,1.4356439
mb-10364,test,1.6434526,1.2254486,1.230449,1.2296106
mb-00364,test,1.7923917,1.8640146,1.5314789,1.468012
mb-00832,test,2.346353,2.2155347,2.2013972,2.1446872
mb-07449,test,1.7558749,1.8378371,1.30103,1.3890841
mb-03797,test,2.3364596,2.3106396,1.9637878,1.9421046
mb-04805,test,1.80618,1.7333815,1.60206,1.5401785
mb-03762,test,2.0086002,2.2412326,1.9138138,2.1542222
mb-07147,test,0.95424247,0.996163,0.30103,0.62295216
mb-00851,test,2.1903317,2.3837764,1.8633229,2.0614748
mb-00954,test,1.4313638,1.478014,1.1139433,1.0204337
mb-04261,test,2.1903317,2.273262,2.1003706,2.1747859
mb-07350,test,2.2833014,2.286314,1.9190781,1.9405825
mb-07490,test,2.0374265,2.0737462,1.7558749,1.8172302
mb-08230,test,1.5051501,1.5191634,1.230449,1.2513083
mb-05765,test,1.845098,1.8744297,1.3424227,1.2683898
mb-00853,test,1.20412,1.343028,0.90309,0.9242608
mb-09766,test,2.1238515,2.085261,1.748188,1.7279215
mb-01917,test,0.90309,1.055516,0.60206,0.8632635
mb-03005,test,2.1105897,2.0887418,1.7853298,1.7644923
mb-03854,test,2.161368,2.1796033,1.7403626,1.7677532
mb-08173,test,2.20412,1.8274288,1.6434526,1.5666171
mb-07617,test,1.4913616,1.479472,1.3222193,1.3468797
mb-08213,test,1.5563024,1.7401373,1.447158,1.3670127
mb-03224,test,1.7634281,1.748154,1.5563025,1.5936562
mb-03170,test,2.0086002,2.035991,1.770852,1.8357868
mb-00362,test,1.80618,1.8413497,1.6532125,1.4184667
mb-04079,test,2.0827854,2.1398354,1.770852,1.7321453
mb-01687,test,1.3222194,1.442242,1.146128,1.3070524
mb-05334,test,1.8260748,1.8235116,1.39794,1.4268522
mb-01990,test,1.5440681,1.4680374,1.20412,1.2211498
mb-10000,test,2.340444,2.2262099,2.269513,2.1632714
mb-00775,test,2.3201463,2.2773046,2.2944663,2.2012355
mb-10626,test,1.9138138,1.8757052,1.6627579,1.7040482
mb-09467,test,1.7242758,1.7189112,1.3222193,1.227639
mb-09374,test,2.0374265,2.0475333,1.6532125,1.8348806
mb-01709,test,2.09691,2.0557816,1.9344984,1.8924474
mb-07437,test,2.1271048,2.1891873,1.7075702,1.6288224
mb-04360,test,1.90309,1.9014827,1.4771212,1.5430502
mb-10028,test,1.3617278,1.6480081,1.146128,1.3550518
mb-10773,test,1.5910646,1.6742868,1.2552725,1.4275007
mb-01342,test,2.130334,2.155099,1.9395193,1.9283316
mb-10148,test,1.6020601,1.5554228,1.2787536,1.1521466
mb-09098,test,2.045323,1.9294063,1.3424227,1.4517351
mb-01607,test,2.3483047,2.3480213,2.0211892,1.9220238
mb-00301,test,2.25042,2.2406633,1.80618,1.8512135
mb-08512,test,0.9542425,1.1102853,0.9542425,0.8110805
mb-01386,test,2.3201463,2.3252568,2.0170333,2.0125775
mb-04488,test,2.2013972,2.1829224,1.8573325,1.766205
mb-07404,test,1.7403628,1.7484844,1.2787536,1.2811909
mb-06059,test,1.7403626,1.7633679,1.146128,1.2483696
mb-07408,test,1.6127839,1.6058537,1.4313638,1.4032869
mb-09106,test,2.1461282,2.0232325,1.5563025,1.4654275
mb-05390,test,1.8512583,1.9157984,1.5185139,1.6221287
mb-01542,test,0.90308994,1.0116955,0.845098,0.7413532
mb-04171,test,2.269513,2.196991,2.1139433,1.9765071
mb-03490,test,1.6532125,1.598874,1.462398,1.4696779
mb-03124,test,2.340444,2.02443,1.94939,1.8204913
mb-06530,test,1.770852,1.773132,1.50515,1.3595454
mb-00224,test,1.5682018,1.5893513,1.3424227,1.4250916
mb-04036,test,2.3324385,2.333832,1.9542425,1.9835948
mb-05449,test,2.09691,2.1527307,1.9294189,1.9626265
mb-08258,test,1.7781513,1.6821798,1.5440681,1.5366672
mb-05420,test,1.5185139,1.5637207,1.3222193,1.3839953
mb-04980,test,2.1303337,2.2020624,1.7403626,1.7490337
mb-07860,test,1.5682018,1.5284417,1.3617278,1.2848455
mb-05182,test,2.232996,2.3040333,2.1172712,2.0638514
mb-00863,test,1.7160034,1.782271,1.5682018,1.5343717
mb-06514,test,1.7993406,1.795644,1.5563025,1.5804816
mb-04496,test,2.2227166,2.3064175,1.9777236,1.9972534
mb-01792,test,2.3053513,2.419182,2.0128372,2.1086853
mb-06917,test,1.748188,1.8025918,1.5910646,1.6147296
mb-09521,test,0.90309,0.6020448,0.60206,0.527908
mb-05295,test,1.8750613,1.9775293,1.5314789,1.698719
mb-07479,test,1.6334685,1.6311829,1.3424227,1.260677
mb-01040,test,2.1367207,2.0763397,1.230449,1.521745
mb-01854,test,1.7923917,1.7754275,1.6434526,1.5194292
mb-05029,test,1.0,0.5269055,0.69897,0.49061942
mb-05450,test,0.60206,0.74248713,0.47712126,0.49663186
mb-00822,test,2.143015,2.1164618,1.7853298,1.7696482
mb-07099,test,2.0086002,1.9482174,1.7781513,1.5328255
mb-00125,test,1.146128,1.08806,0.7781513,0.7483215
mb-01205,test,1.7403628,1.7496815,1.5563025,1.5158485
mb-07392,test,0.7781513,0.8676053,0.47712126,0.57587075
mb-07543,test,2.0681858,2.1576378,1.7242758,1.8688594
mb-04849,test,2.1846914,2.271142,1.8260748,2.0010924
mb-03462,test,2.5092025,2.51066,2.2600713,2.237337
mb-08508,test,2.2148438,2.2871702,1.968483,1.9767246
mb-10973,test,1.6989701,1.7084231,1.1139433,1.3836598
mb-00105,test,1.9344984,1.9722483,1.8129133,1.7684392
mb-09706,test,1.230449,1.5546107,1.4771212,1.4292834
mb-07112,test,2.0211892,2.0838585,1.6812413,1.7269555
mb-03695,test,2.243038,2.3836432,1.9956352,2.0973067
mb-03506,test,0.69897,0.030696824,0.60206,-0.13525736
mb-00933,test,1.6989701,1.5365297,1.462398,1.3003703
mb-01931,test,0.30103,0.77951586,0.0,0.43122756
mb-05311,test,1.4623979,1.5623403,1.0791812,1.2026259
mb-09945,test,1.7403626,1.4572318,1.50515,1.1973786
mb-05475,test,1.9493899,2.0915496,1.69897,1.8864747
mb-04225,test,1.5682018,1.5206337,1.3802112,1.3348444
mb-02479,test,2.1105897,2.1282408,1.7993406,1.7730782
mb-00768,test,1.9294189,1.9901052,1.6532125,1.7939956
mb-05791,test,1.8920946,1.7179196,1.1139433,1.1153569
mb-08837,test,1.4313638,1.186934,1.146128,0.9571416
mb-05567,test,1.4913617,1.514811,1.2552725,1.3596535
mb-03294,test,1.8388492,1.8748031,1.6334685,1.663569
mb-07494,test,0.90309,0.87534297,0.60206,0.7139008
mb-03756,test,2.1038036,2.1599987,1.9190781,1.9620371
mb-04491,test,1.9731278,1.9444469,1.819544,1.8685036
mb-06960,test,1.724276,1.7887762,1.230449,1.3295251
mb-08164,test,1.8260748,1.91784,1.3802112,1.5012879
mb-10383,test,1.968483,1.8132437,1.5440681,1.3754193
mb-06154,test,2.0086002,2.0455832,1.4149734,1.4205884
mb-08352,test,1.69897,1.7080066,1.3617278,1.418484
mb-00778,test,2.206826,2.296625,1.8325089,1.9544398
mb-01495,test,1.8808136,1.8125666,1.5682018,1.4167289
mb-09687,test,2.1731863,2.111559,1.39794,1.6468027
mb-01759,test,1.6532125,1.635467,1.39794,1.3654934
mb-03676,test,2.209515,2.2120392,1.5682018,1.6464337
mb-09765,test,1.8260748,1.6778985,1.3424227,1.2640396
mb-04199,test,1.8692317,1.9127644,1.690196,1.7238908
mb-10682,test,2.3242824,2.3107243,1.9344984,1.9371803
mb-01528,test,1.8573325,1.8220482,1.5314789,1.6138343
mb-08017,test,2.1875207,2.1547124,1.69897,1.8193257
mb-08967,test,1.9395192,2.2160904,1.5185139,1.837672
mb-07400,test,2.230449,2.3477478,2.0413928,2.1192617
mb-01906,test,2.075547,2.1213164,1.819544,1.859688
mb-03177,test,1.6627579,1.6579692,1.39794,1.3800768
mb-08120,test,1.6020601,1.6121114,1.1760913,1.3079154
mb-01853,test,2.3201463,2.3693573,1.9395193,1.9905779
mb-01062,test,1.146128,1.289411,0.845098,1.0343058
mb-07832,test,1.7708521,1.8343446,1.2787536,1.5704049
mb-10640,test,1.9444827,1.8883903,1.6627579,1.5289823
mb-04164,test,2.1673174,2.141785,1.69897,1.5657872
mb-07906,test,2.0,2.0202813,1.462398,1.4893998
mb-10858,test,2.357935,2.2637875,1.9731278,1.8464904
mb-03420,test,1.462398,1.5067282,1.2787536,1.2657708
mb-02336,test,2.3304138,2.3531175,2.0,1.952646
mb-09670,test,1.6232493,1.5799578,1.2787536,1.2936722
mb-05796,test,1.8512584,1.8535521,1.4313638,1.4587481
mb-00846,test,1.8512583,1.8227557,1.6720978,1.6518552
mb-01908,test,2.1760912,2.179657,1.80618,1.7130618
mb-06655,test,1.748188,2.3460402,1.770852,2.0767584
mb-03051,test,1.5563024,1.6016084,1.50515,1.4816254
mb-07114,test,1.2787536,1.1810017,0.9542425,0.8515653
mb-05305,test,1.2041199,1.1415865,1.0,1.019249
mb-04150,test,2.178977,2.1628237,1.8129133,1.8047338
mb-07266,test,1.3617277,1.8591515,1.0791812,1.1159871
mb-10150,test,2.1461282,2.22354,1.6232493,1.9297085
mb-00384,test,2.2624512,2.271665,2.0374265,2.0175283
mb-05342,test,2.357935,2.4016085,1.968483,2.0769799
mb-08190,test,1.6232493,1.6704756,1.39794,1.4335833
mb-07576,test,2.1038036,2.0612688,1.8260748,1.7798898
mb-09086,test,1.763428,1.7358005,1.4771212,1.508978
mb-02382,test,1.4471581,1.5431908,1.146128,1.1624737
mb-00116,test,1.4471581,1.3756313,1.230449,1.2296603
mb-05191,test,1.7853298,1.7119179,1.230449,1.1616721
mb-06166,test,2.1038036,2.120265,1.5797836,1.4965957
mb-08392,test,1.3424227,1.5366533,1.39794,1.0804888
mb-04249,test,1.9777236,1.832081,1.5440681,1.334152
mb-10819,test,1.462398,1.5680425,1.30103,1.2886901
mb-07833,test,1.30103,1.464092,0.7781513,0.9922958
mb-04430,test,1.5910647,1.6371425,1.230449,1.2442064
mb-08135,test,1.8573325,1.7986528,1.4149734,1.4133984
mb-08865,test,1.4313637,1.6238477,1.4771212,1.4240421
mb-04968,test,2.1673174,2.2440276,1.8573325,1.9356015
mb-01640,test,2.120574,2.2153883,1.6532125,1.7466092
mb-07455,test,1.8388491,1.768618,1.3222193,1.3175579
mb-05233,test,2.3483047,2.358442,2.0334237,2.051973
mb-05085,test,2.4456043,2.4196513,2.133539,2.0656037
mb-10628,test,2.2624512,2.0197234,1.5314789,1.5751874
mb-05063,test,2.064458,1.9579335,1.8129133,1.5569336
mb-05177,test,1.748188,1.8650459,1.50515,1.5328891
mb-04497,test,2.217484,2.2238889,1.9344984,1.9472463
mb-01823,test,1.929419,1.8847109,1.6334685,1.5717093
mb-02027,test,2.2810335,2.393543,1.9190781,2.0435028
mb-10123,test,1.7403626,1.6551127,1.50515,1.3450079
mb-02779,test,1.5185139,1.330718,1.3424227,1.1914151
mb-02923,test,1.0413927,1.1675838,1.3222193,1.3064172
mb-10538,test,1.146128,1.3353951,0.7781513,0.6284896
mb-04033,test,2.4183013,2.3903875,1.8750613,1.9736016
mb-05690,test,1.9444827,1.9265203,1.7923917,1.7174618
mb-05877,test,1.462398,1.565522,1.146128,1.2506319
mb-04636,test,2.209515,2.1994596,1.8512584,1.8369049
mb-06777,test,2.2068257,2.2256682,1.8129133,1.7914133
mb-01693,test,2.2833014,2.3137321,1.80618,1.8536544
mb-03242,test,1.819544,1.8758311,1.6127839,1.6912373
mb-03579,test,1.9395193,1.9382004,1.4313638,1.5620259
mb-05854,test,2.269513,2.3421361,1.94939,1.9601785
mb-07192,test,1.763428,1.7979498,1.2787536,1.3338926
mb-08680,test,2.0,2.1179361,1.5682018,1.6696852
mb-00924,test,1.4149734,1.739831,1.0,1.2602218
mb-10429,test,2.071882,1.9147766,1.50515,1.5659063
mb-05383,test,2.0899053,2.0890749,1.6532125,1.7116507
mb-05104,test,2.5105448,2.5213473,2.3053513,2.325728
mb-08032,test,1.0413928,1.1582502,1.30103,0.98564345
mb-07994,test,1.8129134,1.8019553,1.3802112,1.2786274
mb-02079,test,2.5428255,2.521303,2.1903317,2.3002815
mb-03342,test,1.9822712,2.0679564,1.6720978,1.7088027
mb-00583,test,2.198657,2.300753,1.690196,1.7904149
mb-07673,test,1.90309,1.9718709,1.5797836,1.6462831
mb-01875,test,1.8512584,1.8937683,1.6627579,1.7378074
mb-00145,test,2.0293837,1.909612,1.6232493,1.531493
mb-08194,test,1.4771214,1.473405,1.30103,1.1809987
mb-05878,test,2.39794,2.4170446,2.0934217,2.0684724
mb-04530,test,1.8388491,1.7462943,1.690196,1.6170927
mb-02720,test,2.269513,2.3531575,2.0863597,2.2438166
mb-02849,test,2.149219,2.154968,1.9444827,1.9339303
mb-05348,test,1.7242758,1.7039678,1.0,1.3590193
mb-09918,test,1.9542425,1.8567107,1.0413927,1.1930567
mb-07126,test,1.3010299,2.0105786,1.1139433,1.3397558
mb-07564,test,2.1430147,2.024449,1.770852,1.7729084
mb-08150,test,1.7403626,1.869895,1.447158,1.5151758
mb-08592,test,2.1702619,2.1903024,1.6627579,1.6457083
mb-03748,test,2.0086002,1.8535516,1.8633229,1.6416512
mb-06873,test,2.0170333,2.070673,1.6127839,1.6761506
mb-05415,test,1.8633229,1.8379595,1.5185139,1.3782264
mb-03067,test,2.0492182,2.092496,1.6127839,1.6393713
mb-10833,test,1.9344984,1.8660121,0.90309,1.2979324
mb-05726,test,2.1238515,2.098931,1.447158,1.3720858
mb-08004,test,1.7323937,1.7119918,1.3617278,1.3379675
mb-03600,test,2.372912,2.3148336,1.845098,1.8922114
mb-01604,test,0.90309,0.80576766,0.69897,0.530219
mb-00094,test,1.9493899,1.8601217,1.5910646,1.5727258
mb-07014,test,1.9138138,1.8980412,1.770852,1.7499323
mb-02396,test,0.69897,0.9279671,0.30103,0.65899485
mb-05207,test,2.3996737,2.3598585,2.0934217,2.0313444
mb-07587,test,2.071882,2.0294955,1.690196,1.592689
mb-07892,test,2.0413926,2.0218654,1.5314789,1.565215
mb-10725,test,1.8633229,1.8628308,1.2552725,1.4658376
mb-05109,test,2.1673174,2.0259376,1.5682018,1.4658662
mb-00918,test,2.209515,2.1932282,2.0934217,2.0168624
mb-06766,test,1.9731278,1.9435086,1.80618,1.7625195
mb-02969,test,1.770852,1.7467797,1.447158,1.4141033
mb-01122,test,1.0413927,1.1320474,0.845098,0.81061256
mb-10120,test,2.4014006,2.3103688,2.2624512,2.2381253
mb-06028,test,2.0211892,2.0654056,1.5185139,1.7505847
mb-03598,test,1.6720979,1.6448166,1.6127839,1.5064356
mb-10325,test,2.09691,2.043759,1.5797836,1.6500846
mb-02806,test,1.6532125,1.7014558,1.39794,1.356547
mb-10147,test,2.3820171,2.350155,2.1139433,2.041356
mb-00966,test,2.20412,2.2634416,1.7923917,1.925386
mb-01265,test,2.1003704,2.1376562,1.8573325,1.7410547
mb-07184,test,1.7242758,1.7421637,1.2552725,1.2553716
mb-05959,test,2.0,2.0262475,1.5314789,1.5337067
mb-05977,test,2.1958997,2.274659,1.8512584,1.850276
mb-07059,test,1.3222193,1.5879914,1.1139433,1.2184328
mb-08433,test,2.311754,2.2473204,1.6127839,1.6275585
mb-06019,test,1.9395192,2.0093827,1.3802112,1.349829
mb-06490,test,2.09691,2.0800512,1.5797836,1.5918504
mb-10741,test,2.5465426,2.496256,2.3384564,2.2276719
mb-03451,test,1.6127838,1.6773137,1.4771212,1.4176664
mb-06439,test,2.10721,2.1189933,1.748188,1.6725323
mb-01685,test,1.5563025,1.7451662,1.30103,1.4267089
mb-03174,test,2.2405493,2.16883,2.0413928,2.0383794
mb-01762,test,2.2764618,2.216928,1.968483,1.9564896
mb-07526,test,1.8512583,1.8275125,1.3617278,1.4241956
mb-01986,test,2.2528532,2.2805617,1.4313638,1.7927532
mb-00793,test,1.7993406,1.819451,1.2787536,1.28055
mb-08623,test,1.9242792,2.0140862,1.763428,1.7697946
mb-04944,test,1.2787536,1.6430048,1.0,1.3921931
mb-10210,test,1.6127839,1.5875355,1.3802112,1.294119
mb-02557,test,2.149219,2.1838152,1.8512584,1.8039651
mb-09437,test,2.2855573,2.3593872,1.8633229,1.9844923
mb-00089,test,1.361728,1.3060138,1.20412,1.0004578
mb-01865,test,1.9190781,1.8989031,1.8573325,1.8077703
mb-02082,test,2.1105897,1.6202359,1.69897,1.4554882
mb-06910,test,2.1139433,2.0393047,1.9867717,1.7641143
mb-06212,test,1.9242793,1.9601579,1.7781513,1.7433729
mb-03020,test,1.6720979,1.9610193,1.39794,1.7687149
mb-09076,test,1.8633229,1.9115152,1.6627579,1.6995643
mb-03696,test,2.0530784,2.0791795,1.8129133,1.695532
mb-01933,test,2.029384,1.9644314,1.5682018,1.4350861
mb-00951,test,1.4471581,1.5888213,1.2787536,1.2970637
mb-08659,test,2.2787538,2.253703,1.7558749,1.7643554
mb-01686,test,2.2253094,2.2289135,1.5797836,1.4824628
mb-09828,test,1.2787536,1.1304874,1.0,0.89010066
mb-03766,test,2.089905,2.2169504,1.8692317,1.994901
mb-04892,test,1.4471581,1.41782,1.230449,1.300396
mb-02599,test,2.0681858,2.0954568,1.6434526,1.7891296
mb-07869,test,1.9777236,1.8470412,1.845098,1.6345294
mb-05088,test,1.7993405,1.7652948,1.5910646,1.5843571
mb-05951,test,1.968483,1.9189782,1.5682018,1.532099
mb-09503,test,1.8633229,2.0030859,1.39794,1.5369077
mb-02568,test,1.8750613,1.8749665,1.6627579,1.4916945
mb-08580,test,1.7993405,1.7898039,1.5314789,1.5925069
mb-08427,test,1.8195438,1.8474443,1.5797836,1.6626911
mb-10365,test,1.3010299,1.4863403,1.0791812,1.2635279
mb-05776,test,2.2528532,2.2529924,1.80618,1.817985
mb-00277,test,1.69897,1.666948,1.5797836,1.5174562
mb-01585,test,1.1139433,1.1714965,0.845098,0.85816467
mb-03041,test,2.0170333,2.0129595,1.7160033,1.7108546
mb-04670,test,1.5563024,1.5643508,1.0791812,1.1578292
mb-00001,test,1.6334684,1.5980697,1.5185139,1.4612719
mb-08038,test,2.08636,1.9681053,1.8260748,1.5294694
mb-07035,test,2.544068,2.468669,2.3802114,2.1810505
mb-02604,test,1.8976271,1.9414902,1.0791812,1.2769983
mb-03769,test,1.6812413,1.6721541,1.4313638,1.4708049
mb-00302,test,1.6532125,1.5872941,1.230449,1.2546589
mb-09822,test,2.1172712,2.0950978,1.7853298,1.7545698
mb-10175,test,2.075547,2.1400356,1.7160033,1.786443
mb-09339,test,1.6020601,1.3673146,1.230449,1.2234874
mb-00064,test,1.6434526,1.6935472,1.3222193,1.330623
mb-04263,test,2.3838155,2.3063135,2.2380462,2.174994
mb-06949,test,1.4471581,1.3070004,0.7781513,0.76205945
mb-07041,test,2.0086002,2.0968409,1.819544,1.8330195
mb-08755,test,1.8129133,1.6048632,1.6720978,1.3480021
mb-03354,test,1.5440681,1.5925187,1.2787536,1.312357
mb-02205,test,2.1613681,2.085428,1.9395193,1.9016945
mb-00481,test,1.8388491,1.5474013,1.6232493,1.3713319
mb-07240,test,2.0569048,2.0932581,1.8260748,1.8655823
mb-05988,test,2.2253094,2.2937474,1.7781513,1.7854291
mb-00717,test,1.1139433,0.52334577,0.90309,0.2665968
mb-08056,test,1.80618,1.7970377,1.4771212,1.5217566
mb-04495,test,1.4771212,1.4797804,1.1139433,1.191755
mb-06506,test,2.2148438,2.255579,1.8920946,1.8999355
mb-06585,test,2.1553361,2.2249427,1.5440681,1.7346413
mb-00728,test,1.8061799,1.8424863,1.447158,1.4506358
mb-03709,test,1.361728,1.4893255,1.20412,1.1482477
mb-07002,test,0.9542425,1.3054519,1.4913617,1.3720608
mb-01045,test,1.8573325,1.8263171,1.5185139,1.5163112
mb-08070,test,1.9190781,2.0126748,1.7853298,1.7034698
mb-04243,test,2.0253057,1.9180264,1.6720978,1.2959714
mb-10234,test,2.220108,2.198772,2.0170333,1.9664624
mb-01167,test,1.8573325,2.0009432,1.8129133,1.8907415
mb-05565,test,1.6532125,1.7559314,1.2787536,1.2369745
mb-09477,test,1.7160033,1.6678038,1.0791812,1.3130666
mb-02433,test,1.3222193,1.5279082,1.0791812,1.0670532
mb-00825,test,1.724276,1.7368563,1.5563025,1.5233568
mb-02946,test,1.9344985,1.8403649,1.5440681,1.4886376
mb-09109,test,2.0043213,1.987922,1.447158,1.3619297
mb-06736,test,1.90309,1.810224,1.39794,1.3190492
mb-10377,test,1.6232493,1.5186071,1.5185139,1.4243417
mb-07721,test,1.7923917,1.8519325,1.3222193,1.5232134
mb-10191,test,2.206826,2.2213593,1.462398,1.7669264
mb-08712,test,2.089905,2.0880036,1.9344984,1.7862246
mb-02393,test,1.8864908,1.85439,1.4313638,1.6001871
mb-08308,test,1.7558749,1.8123678,1.39794,1.5041453
mb-06801,test,2.029384,1.8644658,1.6532125,1.5547874
mb-02343,test,1.146128,1.0810394,1.146128,0.9324225
mb-01868,test,2.0530784,1.9973428,1.845098,1.7944075
mb-08477,test,1.447158,1.6047856,1.1139433,1.345475
mb-09506,test,1.5797837,1.5638628,1.2787536,1.2749791
mb-09662,test,1.447158,1.5752436,1.447158,1.4624043
mb-10936,test,2.269513,2.0715623,1.5910646,1.6908143
mb-07956,test,1.6901962,1.7574662,1.1760913,1.0238132
mb-01460,test,1.8129134,1.8373855,1.3424227,1.338718
mb-04268,test,1.5910646,1.611917,1.3222193,1.3896478
mb-05393,test,1.832509,1.5174558,1.230449,1.2919797
mb-10724,test,2.09691,2.1762323,1.7242758,1.9237183
mb-09831,test,2.0899053,2.218534,1.6127839,1.8404174
mb-10716,test,1.8976271,1.8554983,1.4149734,1.5736806
mb-08155,test,2.3673558,2.3514934,1.9867717,2.013175
mb-07312,test,2.2528532,2.2472367,2.1105897,2.1076622
mb-04143,test,1.6232493,1.6697005,1.2552725,1.3567873
mb-04146,test,2.2013972,2.168733,2.0128372,1.9055619
mb-07730,test,2.0934217,2.095714,1.6627579,1.7968013
mb-10932,test,1.531479,1.549653,1.1760913,1.170866
mb-02065,test,2.303196,2.4573426,2.0128372,2.190454
mb-00659,test,2.1172714,2.1513538,1.8633229,1.87246
mb-08053,test,0.60206,0.6545907,0.30103,0.02992177
mb-08434,test,2.326336,2.4403472,2.0086002,2.131579
mb-09555,test,2.0170333,1.8887613,1.6532125,1.4635459
mb-07575,test,1.7323937,1.6607386,1.5563025,1.3113579
mb-04422,test,2.230449,2.2838337,2.1931245,2.2067518
mb-10668,test,1.8573325,1.944423,1.0791812,1.238565
mb-10433,test,1.9542425,1.9114602,1.6720978,1.5514345
mb-09127,test,1.6627579,1.6857876,1.1760913,1.3013312
mb-08154,test,2.3242824,2.095989,1.9867717,1.8394244
mb-03054,test,2.0334237,1.9067307,1.763428,1.6459694
mb-03850,test,1.8388491,1.7010107,1.6627579,1.5290664
mb-00928,test,1.9395193,1.9278646,1.6812413,1.6766164
mb-07314,test,1.9912261,2.0270827,1.50515,1.5376025
mb-05031,test,1.9242792,1.9083154,1.3222193,1.4327463
mb-10686,test,1.5797837,1.4360774,1.2787536,1.1194905
mb-03610,test,1.8920946,1.9001621,1.5563025,1.5707783
mb-04736,test,2.0086002,2.0767891,1.5440681,1.7349288
mb-08711,test,1.3424226,1.4058263,1.3222193,1.0039902
mb-05401,test,1.748188,1.6564872,1.6127839,1.5137213
mb-07390,test,0.90309,1.0155077,0.60206,0.7832649
mb-01802,test,1.9867717,1.9045058,1.5185139,1.4595762
mb-02032,test,2.0413928,2.125237,1.462398,1.5593135
mb-07992,test,2.4885507,2.4487686,2.243038,2.2588105
mb-07009,test,2.2787535,2.3138745,2.0863597,2.0758486
mb-03530,test,1.8512583,1.9065429,1.5314789,1.6996691
mb-08357,test,1.8692317,1.9267327,1.7160033,1.7274215
mb-04853,test,1.8692317,1.7503724,1.5910646,1.5397055
mb-03373,test,2.2121875,2.2093513,1.7853298,1.7666774
mb-04468,test,1.0413927,1.1948047,0.69897,0.8051275
mb-00663,test,1.5682017,1.6376435,1.447158,1.3747512
mb-06371,test,2.10721,2.1543787,1.7075702,1.717603
mb-10002,test,1.845098,1.9033234,1.60206,1.6291932
mb-08245,test,2.3096302,2.430036,2.0569048,2.1219494
mb-01007,test,1.7993406,1.7785012,1.230449,1.2559017
mb-08442,test,2.0,1.9504625,1.4913617,1.6061246
mb-06986,test,1.7923918,1.7677265,1.2787536,1.2945523
mb-09007,test,2.4593925,2.3274794,2.0413928,1.9819632
mb-02790,test,1.6127839,1.5761844,1.4313638,1.384958
mb-04784,test,1.8864907,1.9171231,1.7323937,1.6731672
mb-05658,test,2.252853,2.1623645,1.9444827,1.7319381
mb-07079,test,1.4313638,1.0501549,1.1139433,0.77521974
mb-04346,test,1.6127839,1.6247054,1.39794,1.2980075
mb-04637,test,1.2787536,1.2895757,1.146128,1.0998938
mb-03436,test,2.4409091,2.4799922,2.1731863,2.1864097
mb-01256,test,1.230449,1.1705626,0.90309,0.7575631
mb-06185,test,2.4471579,2.4271555,2.049218,2.0822787
mb-10038,test,2.1003704,2.0676355,1.8692317,1.7628219
mb-00197,test,1.9956352,2.1336071,1.5910646,1.8776964
mb-09352,test,2.220108,2.2206557,2.0293837,1.8811016
mb-06882,test,1.724276,1.6735272,1.230449,1.2281578
mb-03472,test,1.6434528,1.8066889,1.1760913,1.3488573
mb-07554,test,1.7993406,1.6301982,1.4913617,1.3184036
mb-09155,test,2.1931245,2.196594,1.7558749,1.7322587
mb-02872,test,1.6334685,1.8660506,1.4913617,1.6649585
mb-01664,test,1.4623979,1.7909365,1.3222193,1.5836741
mb-02681,test,1.7781513,1.7719725,1.3802112,1.3965303
mb-07241,test,2.1613681,2.1700177,1.462398,1.6311431
mb-04675,test,0.9542425,1.1030176,0.60206,0.51160115
mb-01154,test,2.0,2.051926,1.763428,1.787294
mb-00635,test,1.2552725,1.1142582,1.0413927,0.91435444
mb-04777,test,1.748188,1.7676239,1.5185139,1.5238003
mb-01524,test,2.220108,2.1945848,1.8512584,1.7803589
mb-06132,test,2.350248,2.2932127,1.7075702,1.8378615
mb-06313,test,1.6434526,1.5703766,1.4149734,1.3505125
mb-06331,test,2.2329962,2.2797396,1.8976271,1.8084586
mb-04835,test,2.1583624,2.2023134,1.770852,1.8846178
mb-02383,test,1.9822713,2.0723088,1.6812413,1.7641906
mb-03719,test,2.178977,2.2549765,1.9822712,2.1350706
mb-08338,test,2.3673558,2.30009,2.303196,2.2316098
mb-10015,test,1.9395193,1.9442878,1.5440681,1.6599426
mb-06402,test,1.5185139,1.5398543,1.1139433,1.1942704
mb-00391,test,1.9822712,2.0048628,1.763428,1.6865685
mb-02878,test,1.9822713,1.8926755,1.5440681,1.7354878
mb-02961,test,1.8325089,1.801116,1.6812413,1.5766922
mb-04673,test,2.1461282,2.225174,1.230449,1.347162
mb-05644,test,1.8388491,1.8243151,1.230449,1.2741414
mb-07687,test,1.0791813,0.99805796,0.7781513,0.6805854
mb-05276,test,2.1731863,2.165667,1.80618,1.7750431
mb-04820,test,0.30103,-0.16238955,0.0,-0.08872175
mb-09827,test,2.0569048,1.9141502,1.7993406,1.7207248
mb-00395,test,1.4149734,1.4994466,1.2552725,1.416475
mb-01276,test,1.9294188,1.5794241,1.447158,1.3679736
mb-03775,test,2.4149733,2.422991,2.1846914,2.1186233
mb-05301,test,1.5797836,1.8531351,1.6720978,1.6808281
mb-10766,test,1.90309,1.449211,1.39794,0.97639227
mb-06644,test,1.9684829,1.9668272,1.6720978,1.6347531
mb-10697,test,1.2552725,1.2827696,1.1139433,1.102996
mb-05801,test,1.5440681,1.5490657,1.4313638,1.3236269
mb-00512,test,2.0530784,2.0876899,1.8325089,1.8271396
mb-10972,test,1.6020601,1.6008321,1.4313638,1.4786965
mb-01581,test,2.2355285,2.2203698,2.0413928,1.9616644
mb-09914,test,2.2405493,2.4387653,2.0170333,2.1226685
mb-06668,test,1.3424227,1.2433889,1.1760913,1.0690339
mb-05346,test,1.7242758,1.7602124,1.50515,1.4816979
mb-04014,test,2.178977,2.200543,1.9637878,1.9203705
mb-00980,test,1.9138138,2.0221963,1.5185139,1.5769627
mb-04876,test,2.1105897,2.1222777,1.7558749,1.715094
mb-08792,test,2.2648177,2.266017,1.9956352,2.0584269
mb-05984,test,2.1731863,2.188961,1.6334685,1.6006826
mb-09018,test,2.08636,2.1041844,1.6334685,1.6895498
mb-02125,test,2.1003706,2.0308597,1.7075702,1.8186531
mb-10323,test,2.0293837,2.1396573,1.6434526,1.7824908
mb-07418,test,1.6232493,1.763559,1.0413927,1.4706591
mb-04433,test,2.2624512,2.320869,1.908485,1.9131532
mb-08502,test,2.1583626,2.1480937,1.9242793,1.8566971
mb-07083,test,1.4913617,1.1569443,1.20412,0.9153762
mb-06278,test,2.2355285,2.3376045,1.94939,2.0200052
mb-10750,test,2.2227163,2.1725068,1.60206,1.8189216
mb-06469,test,1.8573325,1.8147857,1.4913617,1.5311481
mb-01409,test,1.0791812,1.1863377,0.845098,0.9617452
mb-06327,test,1.6127838,1.745103,1.5185139,1.5480574
mb-07570,test,2.0530784,2.1775002,1.6720978,1.4066603
mb-04555,test,1.690196,1.824549,1.3802112,1.431825
mb-00539,test,2.0211892,1.6911932,1.2552725,1.1137325
mb-06588,test,1.6434528,1.8566473,1.462398,1.6017746
mb-01304,test,2.2455127,2.0633478,1.9867717,1.8283118
mb-00526,test,0.84509796,1.4901112,1.6720978,1.43235
mb-10614,test,0.845098,0.7537973,0.69897,0.5551891
mb-06573,test,2.2552724,2.2631488,1.8920946,1.8695595
mb-10756,test,2.4742165,2.4012148,2.1958997,2.0620105
mb-00466,test,2.2552724,2.208087,1.9138138,1.9520608
mb-10346,test,2.0413928,2.0931,1.6627579,1.8158088
mb-08707,test,2.0413928,2.0798197,1.6127839,1.6025512
mb-02635,test,1.5910647,1.6676747,1.39794,1.482482
mb-06015,test,1.7075702,1.690274,1.4771212,1.3669717
mb-03744,test,1.690196,1.803205,1.5910646,1.5778072
mb-05997,test,1.9777236,1.9795425,1.6127839,1.6072886
mb-05975,test,1.9190781,1.9522514,1.1760913,1.2212472
mb-04806,test,1.748188,1.6603892,1.3222193,1.1970608
mb-10115,test,1.929419,1.7485068,1.6334685,1.5855417
mb-10933,test,1.748188,1.8861357,1.6127839,1.7040852
mb-03099,test,0.7781513,0.64112514,0.47712126,0.5214656
mb-05016,test,1.39794,1.9377089,1.4313638,1.557593
mb-00390,test,1.7403628,1.7543573,1.39794,1.3514096
mb-01704,test,1.7558749,1.7199284,1.4149734,1.4232781
mb-04780,test,2.307496,2.2260609,1.9822712,1.8770603
mb-05655,test,2.161368,2.1688216,1.7242758,1.677796
mb-10174,test,2.2576785,2.1854048,1.7781513,1.8240168
mb-10917,test,2.0681858,2.25772,1.7781513,1.775917
mb-02136,test,1.2552725,1.4450797,1.0413927,1.0944691
mb-05895,test,1.4313638,1.5481709,0.90309,0.92548096
mb-07674,test,1.5910646,1.6073925,1.3802112,1.3985665
mb-07208,test,1.968483,1.9884125,1.7323937,1.7166007
mb-01065,test,2.1139433,2.0987306,1.6127839,1.6188979
mb-05343,test,1.9242793,1.7891223,1.4913617,1.3696241
mb-03157,test,1.0791812,0.9789771,0.90309,0.78373617
mb-01540,test,1.7323937,2.0148115,1.4771212,1.7350233
mb-10821,test,1.5563025,1.6300863,1.230449,1.1183674
mb-02731,test,1.5563024,1.0867821,1.4771212,1.2389386
mb-08407,test,1.5910647,1.7280757,1.146128,1.4506667
mb-08082,test,1.9777236,2.0464745,1.819544,1.7484921
mb-10964,test,2.1367207,2.1667588,1.5682018,1.5512577
mb-03117,test,2.049218,2.0473998,1.690196,1.5958666
mb-07827,test,2.0934217,2.0602806,1.7403626,1.6796826
mb-06619,test,2.2988532,2.3258288,1.8750613,2.0024345
mb-04435,test,2.0,1.8944409,1.447158,1.532238
mb-08633,test,1.146128,1.3227148,0.7781513,1.1177392
mb-03108,test,2.382017,2.2947218,2.089905,1.973135
mb-05136,test,2.0530784,2.0719817,1.5797836,1.6232475
mb-09077,test,1.7242758,1.8787326,1.6232493,1.695272
mb-09474,test,1.6232493,1.5429543,1.30103,1.252396
mb-01312,test,2.1139433,2.1250443,1.8864907,1.6012061
mb-03672,test,1.4913617,1.5375556,1.2787536,1.3921131
mb-02811,test,1.7853299,1.7406434,1.6334685,1.5855186
mb-04223,test,1.6812413,1.7688775,1.462398,1.4633992
mb-03389,test,2.2479732,2.2867932,1.8976271,1.9698291
mb-10802,test,2.2718415,2.4404507,1.6627579,2.1301372
mb-01218,test,0.845098,1.0492415,0.69897,0.7989488
mb-10935,test,2.2855573,2.2324138,2.0374265,2.0350513
mb-02695,test,2.4683473,2.3950438,2.1760912,2.0641162
mb-07790,test,2.164353,2.21768,1.9190781,1.8688095
mb-04389,test,1.6232493,1.5553036,1.3802112,1.3529032
mb-08228,test,2.2787535,2.2951293,1.819544,1.8745862
mb-06359,test,2.2855573,2.3704047,1.8976271,2.022815
mb-09576,test,1.8920946,1.8034263,1.39794,1.3318022
mb-08989,test,2.178977,2.1629634,1.7781513,1.7769189
mb-07270,test,1.6232493,1.671741,1.0791812,1.1426263
mb-07679,test,1.968483,1.9780049,1.6532125,1.4513494
mb-00004,test,1.690196,1.6337657,1.60206,1.4820424
mb-05989,test,2.2900345,2.3479679,1.9590414,2.0002277
mb-05971,test,1.7923918,1.7981426,1.4149734,1.4891746
mb-10583,test,2.2528532,2.2034855,2.0413928,1.9498987
mb-07491,test,1.7075702,1.591617,1.2552725,1.3569497
mb-00133,test,2.0170333,2.0757022,1.7160033,1.8303372
mb-10324,test,1.9777236,1.9392232,1.20412,1.4032273
mb-03763,test,1.2552725,1.2294552,1.0,1.0211397
mb-10359,test,0.60206,0.78599375,0.47712126,0.57690585
mb-04188,test,2.1875207,2.252262,1.8573325,1.7664185
mb-04569,test,1.1760913,1.1942385,0.69897,0.8963713
mb-02674,test,1.4771212,1.4972054,1.2552725,1.3365111
mb-07511,test,2.3961995,2.3774493,2.164353,2.0461252
mb-10401,test,1.9190781,1.7272028,1.7242758,1.5623447
mb-06082,test,1.9344985,1.865142,1.230449,1.5969362
mb-07098,test,2.3802114,2.413215,2.2253094,2.254088
mb-06238,test,1.8976271,1.9254763,1.39794,1.374372
mb-05919,test,2.2878017,2.2955194,1.9731278,1.9079612
mb-08901,test,1.6532125,1.6508043,1.0,1.2650813
mb-05237,test,2.2455127,2.2864223,1.8976271,1.8720505
mb-08378,test,1.7323939,1.8373401,1.5682018,1.6559427
mb-09524,test,2.2900345,2.4991584,2.045323,2.256226
mb-06540,test,1.968483,1.6854792,1.6812413,1.4023811
mb-08915,test,1.2552725,1.9493259,1.3617278,1.6812378
mb-04388,test,2.3384566,2.3022835,2.1367207,1.9635876
mb-07102,test,1.2041199,0.8340034,0.845098,0.68571347
mb-08716,test,2.1238515,1.9393716,1.8129133,1.6020025
mb-02502,test,1.690196,1.6611054,1.0791812,1.3315301
mb-02712,test,2.269513,2.3470325,1.9822712,1.9830635
mb-02612,test,0.60206,1.1391991,0.47712126,0.99642336
mb-00854,test,1.9590414,1.939325,1.7242758,1.689695
mb-04413,test,2.421604,2.403051,1.8129133,2.0755947
mb-06924,test,2.313867,2.3052444,1.9637878,1.8404782
mb-04729,test,1.9777236,1.9616643,1.6532125,1.630111
mb-05585,test,1.7708521,1.627717,1.6532125,1.4978846
mb-06833,test,2.0086002,2.0970032,1.7993406,1.8483398
mb-03186,test,1.724276,1.6276491,1.1760913,1.2472594
mb-04642,test,1.8633229,1.924421,1.146128,1.3600798
mb-06456,test,1.8633229,1.886177,1.7403626,1.7183347
mb-08527,test,2.20412,2.2873843,1.9294189,1.920966
mb-04289,test,1.3222194,1.4446968,1.230449,1.2585906
mb-00206,test,1.2787535,1.2503331,1.0791812,0.9955011
mb-02738,test,2.3242826,2.3003829,2.143015,2.0222588
mb-08044,test,2.2278867,2.2287087,2.0043213,1.8690169
mb-04971,test,2.064458,1.8130239,1.6532125,1.3673513
mb-06616,test,2.0899053,2.1797845,1.5682018,1.7390575
mb-02265,test,1.462398,1.509307,1.0413927,1.1162486
mb-10432,test,2.2741578,2.3441296,1.8633229,2.0053751
mb-06047,test,2.3053513,2.3140166,2.0374265,1.9460508
mb-00666,test,1.3010299,1.3465694,1.0413927,1.0136473
mb-05056,test,1.7160034,1.7841561,1.2552725,1.233069
mb-09446,test,1.39794,1.5453079,0.9542425,1.099381
mb-05122,test,2.3344538,2.2757702,1.9395193,1.9443827
mb-01838,test,1.0,1.2768486,0.845098,1.1331568
mb-02898,test,2.367356,2.2962394,2.120574,1.9842292
mb-03267,test,1.8692318,1.8515656,1.6334685,1.6579746
mb-08195,test,1.5440681,1.5483454,1.2787536,1.2777907
mb-10219,test,2.1398792,2.2235804,1.5563025,1.6785297
mb-08808,test,2.2671716,2.3029351,1.60206,1.9409606
mb-02711,test,1.7403628,1.7030557,1.30103,1.3486813
mb-08801,test,1.9912261,1.9780478,1.3617278,1.502894
mb-03476,test,2.0569048,1.994127,1.8573325,1.7081382
mb-04621,test,1.9777236,2.069444,1.770852,1.7939171
mb-10611,test,2.1172712,2.3347073,2.0530784,2.047728
mb-10727,test,1.8325088,1.5614197,1.3222193,1.3141909
mb-02050,test,2.2148438,2.2180169,1.8260748,1.7893175
mb-00824,test,2.2013972,2.3010137,2.1003706,2.1265166
mb-00005,test,2.0606978,2.1524127,1.845098,1.920965
mb-01771,test,1.3802112,1.7913257,0.90309,1.1157067
mb-00536,test,1.6720978,1.7801881,1.4771212,1.4796948
mb-00190,test,2.064458,2.1646857,1.8573325,1.9679555
mb-10315,test,1.3424227,1.5804673,1.1139433,1.2358893
mb-07725,test,2.3364596,2.36104,2.0530784,1.9536089
mb-02190,test,0.69897,0.7715472,0.30103,0.4542048
mb-06709,test,2.4440448,2.481309,1.9867717,2.1120248
mb-06667,test,2.562293,2.5296488,2.2380462,2.2650099
mb-05734,test,2.292256,2.3452263,1.9731278,1.9680146
mb-07970,test,2.1731863,2.2380705,1.8129133,1.8606776
mb-06184,test,1.6434526,1.6619794,1.39794,1.4188455
mb-08058,test,1.763428,1.7245766,1.30103,1.4165088
mb-03818,test,2.230449,2.2879665,2.0569048,2.2187753
mb-06988,test,1.9590415,2.0501814,1.6127839,1.6843945
mb-08987,test,2.133539,2.1615138,1.770852,1.8417957
mb-02713,test,2.2068257,2.1470425,1.8388491,1.6890182
mb-10136,test,1.4913617,1.5886729,0.9542425,1.2702861
mb-09444,test,1.9395192,2.0871916,1.50515,1.6888995
mb-04282,test,1.6334685,1.5974516,1.30103,1.1555798
mb-06090,test,2.1673174,2.2566502,1.7923917,1.8932891
mb-09005,test,2.0827854,2.0549574,1.5440681,1.7869778
mb-09874,test,1.8864908,1.7881157,1.4913617,1.3939106
mb-09062,test,1.230449,1.7454208,0.90309,1.2618052
mb-05463,test,1.230449,1.439582,0.90309,0.9834548
mb-01165,test,1.8573325,1.8488477,1.6532125,1.5481427
mb-09580,test,1.230449,1.0117958,0.9542425,0.70162547
mb-05115,test,2.1958997,2.264811,1.8633229,1.8922259
mb-00638,test,1.5440681,1.2913322,1.30103,0.9461933
mb-01387,test,1.770852,1.5632356,1.447158,1.3636564
mb-07805,test,1.5797837,1.645071,1.4313638,1.6029373
mb-03644,test,1.6334685,1.4550003,1.5563025,1.3470054
mb-02026,test,1.9084849,1.8452138,1.447158,1.5599856
mb-06981,test,1.7781513,1.7873993,1.4149734,1.4230379
mb-08930,test,1.8808136,1.9215686,1.0791812,1.048715
mb-03987,test,2.294466,2.3086088,2.0863597,2.0283165
mb-02983,test,1.9190781,1.8011607,1.4913617,1.631772
mb-08577,test,2.1238515,2.1148198,1.7853298,1.8071363
mb-06941,test,1.5563025,1.355251,1.1760913,0.9587
mb-03028,test,2.3598356,2.3132248,2.164353,1.9988563
mb-02747,test,1.5563025,1.525563,1.4313638,1.4307455
mb-10501,test,1.7323937,1.7900826,1.4913617,1.5887762
mb-02000,test,1.9444827,1.4630616,1.1139433,1.1260865
mb-05913,test,2.3283796,2.324,1.819544,1.9434777
mb-10447,test,1.8573325,1.1616728,1.20412,0.7110837
mb-02219,test,1.1760912,1.200805,0.845098,0.9872844
mb-01296,test,2.1172712,2.0812702,1.7403626,1.7397008
mb-06038,test,1.9190781,2.1375804,1.69897,1.6096735
mb-08914,test,2.1105897,2.1199384,1.7853298,1.7569112
mb-08363,test,2.3053513,2.3089643,1.9731278,1.9748263
mb-02869,test,1.8864907,1.8535948,1.5797836,1.5446904
mb-08647,test,0.47712126,0.43181473,0.30103,0.28660142
mb-00830,test,2.0170333,2.0358799,1.8750613,1.8145285
mb-09879,test,1.5563025,1.2595677,1.4149734,0.959409
mb-04973,test,2.243038,2.2341824,2.0827854,2.1557996
mb-04662,test,2.0374265,2.010497,1.763428,1.7445436
mb-06042,test,2.372912,2.3639343,2.1038036,2.0727415
mb-08838,test,2.045323,1.8709797,1.5910646,1.3720664
mb-03843,test,2.2966652,2.3227549,2.0569048,1.9884241
mb-00545,test,1.9242792,1.3648913,1.4771212,1.1474152
mb-04311,test,2.0128372,1.983705,1.69897,1.6427823
mb-07164,test,1.8260748,1.7986511,1.3222193,1.1084425
mb-09789,test,2.045323,1.667081,1.5910646,1.4770592
mb-05315,test,2.049218,2.0454698,1.8976271,1.8288077
mb-04492,test,1.8195438,1.8534254,1.5797836,1.5083857
mb-04946,test,2.071882,2.0344405,1.9637878,1.907596
mb-08311,test,1.7993406,1.7553453,1.3424227,1.3380287
mb-09273,test,2.240549,2.164489,1.7923917,1.8827446
mb-00920,test,1.7923918,1.7097008,1.146128,1.4761157
mb-06031,test,1.3222193,1.217325,1.0,0.972077
mb-04893,test,2.2148438,2.2665486,1.8808136,1.9029231
mb-03004,test,1.9444827,1.8855307,1.80618,1.6755695
mb-03266,test,1.7323937,2.0067332,1.3424227,1.5155996
mb-04070,test,2.029384,1.8957846,1.7781513,1.600908
mb-07419,test,1.1760913,1.4276136,0.9542425,1.1540236
mb-07486,test,2.0827854,2.086797,1.6720978,1.6282322
mb-07357,test,2.2648177,2.1740615,1.9138138,1.8099506
mb-07984,test,1.8808136,1.9385875,1.5314789,1.7134619
mb-02060,test,1.5682018,1.6601437,1.30103,1.3922279
mb-03345,test,1.4149733,1.6846762,0.845098,1.0728308
mb-07124,test,2.0,2.082695,1.8920946,2.0077968
mb-01757,test,1.90309,1.9161713,1.5314789,1.4822754
mb-09950,test,2.25042,2.2612524,1.7781513,1.8373802
mb-02768,test,1.6127839,1.698907,0.9542425,1.3394399
mb-08529,test,2.120574,2.0180817,1.8129133,1.7428181
mb-06269,test,1.7781513,1.7727855,1.39794,1.4197901
mb-10230,test,2.421604,2.40577,2.0681858,2.085283
mb-04795,test,1.908485,1.966326,1.6532125,1.6622183
mb-08705,test,2.045323,2.1302958,1.80618,1.8081931
mb-02541,test,2.1522882,2.202601,1.6720978,1.7549654
mb-04234,test,1.462398,1.5358727,1.2552725,1.3302511
mb-10870,test,2.357935,2.453057,2.1903317,2.1592476
mb-10016,test,1.7160034,1.6658577,1.230449,1.3742192
mb-02832,test,1.8129134,1.9275231,1.5440681,1.4734339
mb-09087,test,2.1702616,2.2772038,1.7323937,1.9012048
mb-06528,test,1.0791813,0.94462156,0.7781513,0.6178609
mb-02033,test,1.845098,1.8593913,1.4913617,1.6280786
mb-06645,test,1.7853298,2.3704445,1.7323937,2.0964403
mb-06002,test,2.1846914,2.207105,1.69897,1.765135
mb-02443,test,2.214844,2.2538726,2.1003706,2.1436152
mb-07683,test,1.9084849,1.4699409,1.6434526,1.2976968
mb-10274,test,2.2380462,2.3105788,1.8129133,1.8363272
mb-01353,test,1.4149733,1.5752343,1.0791812,1.2193451
mb-00556,test,2.363612,2.251001,1.9590414,1.8820047
mb-04206,test,1.9912261,1.8036208,1.7853298,1.635266
mb-05442,test,2.2380462,2.2680542,1.8573325,1.8194818
mb-07291,test,2.2810333,2.195431,1.90309,1.8301638
mb-07141,test,1.4471581,1.3277597,1.1760913,1.0491992
mb-10912,test,0.0,0.73125565,0.0,0.43780363
mb-00345,test,1.748188,1.7565573,1.5185139,1.4622848
mb-10627,test,2.2552726,2.2769072,1.6127839,1.8946707
mb-05222,test,1.90309,1.9302365,1.7403626,1.7300701
mb-06640,test,2.3304136,2.2782457,2.2718415,2.203785
mb-08867,test,2.130334,2.1906703,1.5440681,1.6676422
mb-08780,test,1.4149734,1.643327,1.20412,1.1679254
mb-02143,test,1.9912261,1.9215631,1.7323937,1.7043054
mb-03440,test,1.5910647,1.5253564,1.4149734,1.3238038
mb-05575,test,1.230449,1.2856283,0.90309,0.92120606
mb-10262,test,1.4771214,1.2976155,0.90309,1.0161028
mb-00917,test,2.2833014,2.3494763,1.9912261,2.0009727
mb-04107,test,1.3010299,1.3294597,1.0791812,1.1376956
mb-05534,test,1.5185139,1.4082575,1.2552725,1.2638967
mb-01331,test,1.9542425,1.974027,1.7160033,1.4986467
mb-04931,test,1.4149734,1.3285131,1.2552725,1.1355988
mb-06544,test,2.0934217,1.9666368,1.8325089,1.4660516
mb-09650,test,2.1760912,2.326751,1.763428,1.9260432
mb-07657,test,1.7558749,1.4164891,1.3802112,1.0950576
mb-09151,test,2.2671716,2.3168468,2.0128372,2.017767
mb-06136,test,2.307496,2.3842092,1.9912261,2.068228
mb-06806,test,1.4771212,1.2331005,1.146128,0.9525843
mb-05600,test,2.4885507,2.4491038,2.2855573,2.1472065
mb-10867,test,1.8692317,1.8333426,0.845098,1.437835
mb-00716,test,2.3180633,2.095783,2.1931245,2.050379
mb-07186,test,1.6720979,1.72228,1.3424227,1.3152452
mb-05429,test,2.0128374,2.0700588,1.4313638,1.5984694
mb-08766,test,1.80618,1.9727882,1.2787536,1.5711926
mb-03845,test,1.748188,1.7405002,1.50515,1.3824706
mb-07686,test,1.5563025,1.5786947,1.1139433,1.3784631
mb-01060,test,2.0827854,1.7656701,1.819544,1.5036863
mb-07043,test,1.6720979,1.8884878,1.4313638,1.3769991
mb-01481,test,2.0374265,2.0414743,1.69897,1.7104648
mb-08691,test,1.3222193,1.6313565,1.3802112,1.2704403
mb-09986,test,1.9084849,2.1575558,1.8573325,1.8839798
mb-09715,test,2.3304138,2.2670045,2.0043213,1.9044306
mb-09333,test,1.80618,1.8252044,1.5185139,1.5382625
mb-10229,test,1.3222193,2.0901866,1.7323937,1.7063594
mb-03335,test,1.6627579,1.621513,1.4913617,1.4145758
mb-01895,test,2.1105897,2.1316504,1.9395193,1.8294082
mb-10257,test,2.1172714,2.1006155,1.6127839,1.6035781
mb-06122,test,2.3053513,2.3309925,2.0334237,1.940691
mb-06172,test,1.6434528,1.7234129,1.4913617,1.3926708
mb-01021,test,1.8692317,1.8699623,1.5563025,1.561747
mb-01816,test,2.0043213,1.9630952,1.5314789,1.5253062
mb-01571,test,1.7708521,1.7933674,1.4913617,1.4048609
mb-09146,test,1.7558749,1.6543777,1.5563025,1.2784328
mb-00341,test,1.6812412,1.7768077,1.447158,1.5556158
mb-03304,test,1.8325089,1.7571207,1.2787536,1.5254039
mb-03572,test,1.8864907,1.8230929,1.6232493,1.5721067
mb-01466,test,2.045323,2.055456,1.4913617,1.3646896
mb-04612,test,1.8260748,1.782571,1.60206,1.475005
mb-08202,test,1.6434526,1.722685,1.230449,1.2173827
mb-02200,test,1.968483,1.5923841,1.5910646,1.379365
mb-00698,test,1.4313638,1.6344612,0.90309,1.4060856
mb-02255,test,1.80618,1.868128,1.5563025,1.5927166
mb-07027,test,2.075547,2.059829,1.6434526,1.6243844
mb-09987,test,1.6720979,1.595072,1.20412,1.0661179
mb-04544,test,1.5185139,1.4965119,1.30103,1.2628498
mb-05083,test,2.4361625,2.4583824,2.0681858,2.1442738
mb-10602,test,2.0530784,2.1446643,1.5314789,1.6403582
mb-05986,test,2.0606978,1.9808526,1.7075702,1.5784225
mb-01645,test,1.1760913,1.012625,0.90309,0.73165673
mb-10671,test,2.25042,2.2096887,1.819544,1.9439176
mb-02931,test,1.3424226,1.2063653,1.0791812,0.9087132
mb-04177,test,2.149219,2.2045603,1.968483,1.9898999
mb-10822,test,1.5797837,1.6372707,1.2787536,1.3940511
mb-07694,test,1.8808136,1.9256474,1.6232493,1.6503999
mb-09435,test,2.3283796,2.3669198,1.8750613,1.9937923
mb-05299,test,2.1731863,2.0864875,2.075547,1.8599865
mb-08436,test,2.2148438,2.2263777,1.9138138,1.9143379
mb-09454,test,2.4031205,2.4233198,2.0606978,2.0823069
mb-02703,test,1.0791812,1.1458895,1.1139433,0.6328735
mb-10209,test,1.1760912,1.2454282,0.845098,0.9507307
mb-01341,test,1.6334684,1.7714592,0.69897,1.2417536
mb-04018,test,2.0086002,1.9958496,1.8692317,1.7861974
mb-10040,test,2.1238518,2.1390219,1.3617278,1.6571748
mb-07221,test,1.8692317,1.8011003,1.4149734,1.364054
mb-08800,test,2.2148438,2.3152077,1.690196,1.8954003
mb-00117,test,1.6627578,1.6670243,1.447158,1.4688146
mb-06457,test,1.5440681,1.388272,1.1760913,1.08205
mb-06732,test,1.5563025,1.2445145,1.4313638,1.0393082
mb-09323,test,1.69897,1.7003555,1.3222193,1.239012
mb-05188,test,2.0827854,2.1774569,1.6812413,1.8028326
mb-10430,test,1.6627579,1.6553589,1.462398,1.3697659
mb-05759,test,1.9542425,1.9555111,1.3617278,1.4240248
mb-07125,test,1.7558749,1.8154672,1.60206,1.6273129
mb-07546,test,2.0863597,2.1430702,1.8388491,1.8856146
mb-02967,test,1.6720979,1.5724579,1.5682018,1.3592385
mb-03496,test,1.9084849,1.8401964,1.3802112,1.3117714
mb-00943,test,1.3802112,1.1487335,1.0,0.8109125
mb-08815,test,1.819544,1.53025,1.3617278,1.2724427
mb-04452,test,1.7781513,1.6134754,1.6532125,1.5130311
mb-03072,test,2.143015,2.2057161,1.7075702,1.5116076
mb-10555,test,2.2380462,2.3273745,1.908485,1.9647993
mb-01899,test,1.0413927,1.5403216,0.69897,0.95355445
mb-08002,test,1.4913616,1.2270658,1.1139433,0.9735353
mb-07891,test,1.7323937,1.6182598,1.3222193,1.1600618
mb-03594,test,2.1172712,2.1204174,1.7853298,1.8256443
mb-00249,test,2.2810335,2.3263168,1.8976271,2.0540304
mb-02558,test,1.4313638,1.3468573,1.20412,1.162956
mb-04242,test,1.6020601,1.580193,1.3424227,1.2724558
mb-10450,test,2.0569048,2.0239203,1.6232493,1.581385
mb-10189,test,2.3304138,2.3682108,1.8325089,2.0539026
mb-02976,test,2.3579347,2.359146,2.049218,1.9933635
mb-06546,test,1.8388491,1.8692602,1.146128,1.2854253
mb-07026,test,1.5797836,1.638901,1.3222193,1.3708811
mb-08586,test,1.7075701,1.7710363,1.5314789,1.5234733
mb-04737,test,1.8864908,1.8834046,1.2787536,1.3858565
mb-10143,test,1.7558749,1.8053584,1.30103,1.4413648
mb-03152,test,1.6989701,1.7095205,1.230449,1.5111812
mb-09078,test,1.7323937,1.6992135,1.2552725,1.3355906
mb-03380,test,1.748188,1.55674,1.50515,1.4643517
mb-08795,test,1.845098,1.9142337,1.5563025,1.7108101
mb-03735,test,2.0253057,1.9562497,1.7323937,1.6943073
mb-07941,test,1.7075702,1.7526817,1.50515,1.4911308
mb-10615,test,2.220108,2.2502356,1.7075702,1.6080297
mb-06614,test,1.462398,1.7139639,1.30103,1.4654492
mb-05179,test,2.0128374,2.0546384,1.6127839,1.497387
mb-10195,test,1.8750613,2.0116146,1.7403626,1.7901205
mb-01290,test,2.0827854,2.0503032,1.8573325,1.7957526
mb-08415,test,1.8260748,1.8252413,1.5563025,1.616737
mb-05535,test,2.161368,2.1486127,1.8633229,1.9157987
mb-08162,test,1.9637879,1.9103312,1.5682018,1.4944944
mb-00699,test,1.7781513,1.7593071,1.6334685,1.5061196
mb-07577,test,2.3747485,2.3455057,2.075547,2.0165865
mb-04757,test,1.0413927,1.2787691,0.60206,0.9191947
mb-00317,test,0.90309,1.2706853,0.7781513,0.8453943
mb-08684,test,2.2787535,2.3248675,1.9637878,1.9737709
mb-09834,test,1.7403626,1.7273297,1.4771212,1.4388572
mb-00671,test,1.2552725,1.4375224,0.60206,0.9510771
mb-08322,test,2.340444,2.395168,1.9395193,2.1385486
mb-00060,test,1.9084849,1.4862921,1.5797836,1.0777729
mb-07206,test,2.0043213,2.0283291,1.8633229,1.9211109
mb-02693,test,1.748188,1.7464435,1.4149734,1.3809164
mb-03417,test,1.6812413,1.7218325,1.50515,1.5224267
mb-00804,test,2.1583624,2.120125,1.8573325,1.8773963
mb-03376,test,2.2787535,2.2627032,1.8692317,1.869761
mb-10253,test,2.230449,2.1946268,1.6812413,2.027659
mb-07693,test,1.6812413,1.7381176,1.5682018,1.5454712
mb-06970,test,1.50515,1.5469537,0.845098,0.88639563
mb-10793,test,1.1139433,1.6362884,1.0791812,1.1919637
mb-02204,test,2.294466,2.264634,2.2648177,2.1928573
mb-00404,test,1.9542425,1.9339833,1.5314789,1.4761255
mb-08110,test,2.3242824,2.2837193,1.9822712,1.986372
mb-08932,test,1.9956353,1.9991473,1.4149734,1.5007252
mb-04543,test,1.4313637,1.3650289,1.3222193,1.1962967
mb-02739,test,1.6989701,1.5750146,1.3424227,1.2008177
mb-01679,test,1.146128,1.3316128,0.7781513,0.8678462
mb-05870,test,1.6020601,1.6752901,1.2787536,1.4450556
mb-06293,test,2.365488,2.3681307,1.80618,2.0306988
mb-05232,test,1.5682018,1.5574718,1.4313638,1.4457531
mb-02914,test,1.90309,1.8536682,1.5797836,1.419852
mb-03943,test,1.3802114,1.4415945,1.1760913,1.2363237
mb-10031,test,2.1731863,2.2285187,1.7160033,1.6413304
mb-05618,test,1.4771214,1.3190866,1.20412,1.0388149
mb-10065,test,1.3802112,1.5587599,1.230449,1.2860814
mb-06287,test,1.9138138,1.7683824,1.6434526,1.6018426
mb-05116,test,1.991226,1.9605247,1.7403626,1.6356413
mb-06944,test,2.3673558,2.2948024,2.071882,1.9580442
mb-00823,test,1.6627579,1.7349992,1.2787536,1.2216468
mb-06484,test,1.819544,1.8798349,1.0413927,1.2684779
mb-01828,test,2.3856063,2.458791,2.049218,2.147835
mb-00154,test,1.8260748,1.7003155,1.5314789,1.5405352
mb-08754,test,2.4313638,2.4425445,2.1958997,2.1846175
mb-06722,test,2.120574,2.111148,1.9294189,1.9329033
mb-05319,test,1.7923918,1.8489715,1.1760913,1.2533619
mb-01887,test,1.6812412,1.5902095,1.3222193,1.332425
mb-04167,test,1.5440681,1.5395787,1.1760913,1.1042304
mb-04312,test,1.7853298,1.7775929,1.2787536,1.4150277
mb-01959,test,2.1613681,2.0076244,1.6627579,1.6037592
mb-01240,test,1.1760913,1.3266896,0.90309,0.8740163
mb-01267,test,1.9867718,1.8808364,1.4149734,1.3912611
mb-05150,test,1.9637878,1.9593534,1.6720978,1.6781569
mb-06617,test,1.9190781,1.8622103,1.4149734,1.2888961
mb-08646,test,2.1903317,2.051271,2.1303337,1.8473735
mb-04841,test,2.1430147,2.173337,1.7160033,1.7555647
mb-01389,test,1.4149733,1.5848393,1.0791812,1.297091
mb-10462,test,1.3222194,1.4956939,0.9542425,1.0974422
mb-04658,test,2.1038036,2.160667,1.90309,1.9527261
mb-09105,test,2.294466,2.3121648,2.045323,2.027771
mb-06229,test,2.1038036,1.9393673,1.6434526,1.6338664
mb-04324,test,0.47712123,1.3441525,1.1139433,1.2245878
mb-00225,test,1.8512583,1.8748732,1.3802112,1.5257149
mb-02056,test,1.1760913,1.2931017,0.7781513,0.88136214
mb-03741,test,1.4149734,1.5263721,1.230449,1.3887984
mb-09299,test,2.356026,2.2240705,2.25042,2.1565971
mb-05760,test,2.2810335,2.3281422,1.908485,1.8984174
mb-08389,test,1.7323937,1.8280728,1.146128,1.3113576
mb-08717,test,2.3283796,2.3142185,2.0211892,1.9362373
mb-01150,test,1.6627579,1.6319507,1.3424227,1.2633737
mb-06892,test,2.0043213,1.9773332,1.5797836,1.5772221
mb-05881,test,2.143015,1.9653375,1.8633229,1.5086584
mb-01994,test,2.0043213,1.9551933,1.5910646,1.5400809
mb-04911,test,2.1702616,2.1812167,1.8573325,1.7986716
mb-05713,test,2.2227166,2.2677753,1.8512584,1.7985442
mb-06493,test,2.1367207,2.1361942,1.6334685,1.6260781
mb-02814,test,1.4771212,1.5288519,1.146128,1.1115254
mb-04186,test,1.9138138,1.8036523,1.7075702,1.4727074
mb-08152,test,1.6232493,1.8291594,1.447158,1.3696623
mb-00271,test,1.9190781,1.945986,1.5797836,1.5496073
mb-04116,test,1.724276,1.6053889,1.462398,1.277799
mb-00552,test,2.0569048,2.1984856,1.690196,1.7229369
mb-05941,test,2.209515,2.2722447,1.8388491,1.8815061
mb-03900,test,2.1846914,2.2576234,1.8808136,1.9294515
mb-02139,test,1.8260748,1.8451107,1.5185139,1.42507
mb-02590,test,1.9242793,2.127244,1.3424227,1.3244673
mb-02192,test,1.1139433,1.1982441,1.0413927,1.0879705
mb-05043,test,2.2121878,2.2252514,1.9242793,1.9303309
mb-09561,test,2.133539,2.0185978,1.845098,1.5048503
mb-04611,test,1.819544,1.668683,1.6127839,1.261499
mb-02368,test,1.4149734,1.3874383,1.39794,1.4063356
mb-05675,test,1.6127839,1.6076154,1.3424227,1.3615091
mb-01913,test,2.2966652,2.3078864,1.9912261,1.964813
mb-00412,test,1.8808136,1.905951,1.748188,1.7133764
mb-01248,test,2.1903317,2.2167776,1.9542425,2.1314342
mb-06600,test,1.30103,1.130613,0.9542425,0.85362506
mb-00419,test,1.7242758,1.8059001,1.50515,1.5811169
mb-09865,test,1.7323937,1.7071086,1.4913617,1.4439414
mb-01279,test,2.206826,2.2226038,1.8325089,1.8435936
mb-01380,test,1.0791812,1.0819314,0.90309,0.81501955
mb-04232,test,2.264818,2.2618718,2.1522884,2.1764293
mb-07641,test,1.6627579,1.7170783,1.3617278,1.3369443
mb-09358,test,1.9242792,2.1614354,1.7160033,1.9699497
mb-03633,test,1.50515,1.3226652,1.3617278,1.203828
mb-03486,test,2.09691,2.2344925,1.8864907,1.9482156
mb-10967,test,1.763428,1.9035602,1.5185139,1.5623362
mb-06197,test,1.6627579,1.5401645,1.4771212,1.3710871
mb-04451,test,1.5910646,1.8843049,1.2552725,1.4181157
mb-02839,test,2.1875207,2.2909267,1.8920946,1.9701369
mb-09328,test,2.4297523,1.979577,1.8633229,1.6047931
mb-05569,test,1.9444827,1.9135665,1.3617278,1.3886646
mb-00417,test,1.8129133,1.7531358,1.60206,1.5912848
mb-02593,test,2.2552724,2.2071037,2.049218,1.9546901
mb-00537,test,2.2227163,2.3003783,1.8864907,2.0353923
mb-04124,test,1.5682018,1.4539201,1.230449,1.1668408
mb-00077,test,2.161368,2.1588757,1.8129133,1.8588303
mb-09310,test,1.9493899,1.8984344,1.7853298,1.7128379
mb-01291,test,2.10721,2.1457152,1.8692317,1.8124148
mb-00956,test,2.3201463,2.3146925,1.9912261,1.9821539
mb-01098,test,2.2174838,2.203216,2.049218,1.9357955
mb-08010,test,1.9344984,2.0597608,1.7075702,1.7701032
mb-04632,test,2.0606978,2.0195994,1.8750613,1.8111374
mb-06898,test,2.2576785,2.181219,1.8388491,1.6957046
mb-02679,test,1.8573326,1.8538988,1.4313638,1.4600468
mb-08172,test,2.164353,2.2032714,1.690196,1.7044319
mb-01997,test,1.8388491,1.8596677,1.50515,1.5140461
mb-06881,test,1.5797836,1.5116462,1.447158,1.4140232
mb-07982,test,1.544068,1.6832203,1.3222193,1.3522878
mb-01639,test,1.9542426,1.8983686,1.6334685,1.5959393
mb-00827,test,2.164353,2.0888653,1.9867717,1.8279605
mb-05408,test,2.1522884,2.209393,1.7853298,1.8129122
mb-00262,test,2.1461282,2.1590693,1.8260748,1.9242585
mb-02950,test,2.1367207,2.1407263,1.7558749,1.7804701
mb-04208,test,1.5051501,1.2511681,1.2787536,1.0600562
mb-07215,test,1.7558749,1.7914977,1.462398,1.4570801
mb-09760,test,2.1760912,2.2822213,1.9731278,2.2167516
mb-04227,test,2.0681858,1.9246153,1.8129133,1.5754205
mb-04300,test,1.9242792,1.9960563,1.7403626,1.7470932
mb-09847,test,1.6434528,1.8543789,1.20412,1.4868208
mb-03452,test,1.1760913,1.4374837,0.9542425,1.226744
mb-02156,test,1.7993405,1.8094661,1.447158,1.4460732
mb-01949,test,1.908485,1.786521,1.462398,1.3612235
mb-04499,test,2.0934217,2.0805624,1.7242758,1.7082733
mb-06374,test,1.7403626,1.8401794,1.4771212,1.4840597
mb-02734,test,1.3424227,1.4871236,1.146128,0.73922384
mb-07849,test,2.311754,2.2856379,2.0086002,1.9133323
mb-02667,test,2.1553361,2.1198852,1.9242793,1.8009183
mb-01016,test,1.5440681,1.6163328,1.3802112,1.327676
mb-03511,test,1.8388492,1.61385,1.5440681,1.4888085
mb-04197,test,2.1903317,2.1269474,1.7160033,1.7389984
mb-00055,test,1.90309,1.8560119,1.6812413,1.5881456
mb-09510,test,2.2787538,2.3220747,1.7781513,1.830437
mb-04494,test,1.9637878,1.877597,1.6434526,1.5607111
mb-10594,test,1.8325089,1.9484301,1.3424227,1.4178866
mb-02539,test,1.7075702,1.927387,1.60206,1.4867805
mb-06799,test,2.243038,2.3803408,1.9822712,2.1054454
mb-09852,test,1.6627578,1.7322438,1.3222193,1.4511938
mb-01761,test,2.139879,2.1468217,1.9294189,1.8377045
mb-09719,test,2.143015,2.2222836,1.7781513,1.8119457
mb-08666,test,2.1673174,2.2319531,1.8388491,1.8728693
mb-07989,test,2.09691,2.1424117,1.9344984,1.8808919
mb-02844,test,2.4361625,2.3814118,2.149219,2.0601406
mb-00806,test,2.2278867,2.2543612,1.8920946,1.9233353
mb-05068,test,2.09691,2.0907938,1.748188,1.7390883
mb-02141,test,1.7160033,1.6949972,1.447158,1.4856749
mb-02322,test,1.9084849,1.977869,1.6434526,1.688087
mb-07878,test,1.763428,1.6386311,1.3617278,1.3404427
mb-07330,test,1.2787535,1.3739756,0.845098,0.9228435
mb-04887,test,2.0827854,2.1002553,1.60206,1.54839
mb-01252,test,2.0899053,2.0494037,1.4149734,1.4342473
mb-10282,test,1.819544,1.8037503,1.3617278,1.3645022
mb-00634,test,1.6989701,1.6205873,1.30103,1.3468364
mb-09540,test,2.0791812,2.1463528,1.7923917,1.7523311
mb-09183,test,2.209515,2.2222495,1.6812413,1.8012347
mb-09504,test,1.7403626,1.5699801,1.6232493,1.4923154
mb-10011,test,0.4771213,0.9382633,0.60206,0.6115268
mb-02482,test,1.5051501,1.5362332,1.1760913,1.1594304
mb-02560,test,1.8692317,1.8081828,1.3802112,1.3129377
mb-10352,test,2.10721,2.0859854,1.6434526,1.7247738
mb-08571,test,2.0086002,2.0100288,1.60206,1.6471156
mb-07651,test,1.9542425,1.9493723,1.30103,1.324434
mb-03930,test,1.9242792,1.879261,1.690196,1.644553
mb-02427,test,1.5051501,1.4190048,1.20412,1.1458653
mb-08130,test,2.0170333,2.1235917,1.462398,1.5492278
mb-08549,test,2.3242824,2.3610325,1.9590414,2.0701072
mb-04286,test,1.8864907,1.813751,1.447158,1.4578142
mb-08050,test,1.6434526,1.7784036,1.146128,1.1864871
mb-02786,test,2.1760912,2.1405573,1.50515,1.8227794
mb-02419,test,2.161368,2.1103988,1.8129133,1.7544304
mb-05445,test,2.230449,2.3610518,2.0606978,2.1708589
mb-09207,test,2.220108,2.1270995,1.94939,1.8950986
mb-01763,test,2.143015,2.1534517,1.7853298,1.816638
mb-00137,test,2.0569048,2.148838,1.7781513,1.7540504
mb-03517,test,2.1553361,2.1314857,1.39794,1.4161856
mb-05126,test,2.3138673,2.3474169,1.94939,1.9613427
mb-03687,test,1.9444826,2.0564117,1.5910646,1.5592595
mb-05966,test,2.3384564,2.3637817,1.8864907,1.9439999
mb-01136,test,1.1760913,1.2526536,0.7781513,0.7741822
mb-05691,test,1.7923918,1.7039964,1.2787536,1.3742001
mb-08942,test,1.94939,1.9970987,1.80618,1.830899
mb-06905,test,1.8388491,1.8152484,1.5185139,1.5045125
mb-01214,test,1.991226,2.0332305,1.6720978,1.7266654
mb-07629,test,2.2855573,2.3286214,1.9731278,2.0546045
mb-10502,test,2.2013972,1.9825718,1.6434526,1.6320451
mb-06467,test,2.3180633,2.3225882,1.39794,1.8712163
mb-03093,test,2.3996737,2.443304,2.1038036,2.144724
mb-07987,test,2.2671716,2.368216,2.0681858,2.2493758
mb-01980,test,1.7403628,1.7472967,1.5563025,1.4535902
mb-03876,test,2.5276299,2.3564818,2.4313638,2.244753
mb-01636,test,1.9084849,2.0372858,1.3222193,1.6564461
mb-06241,test,2.0934217,2.0459385,1.3424227,1.1530547
mb-00338,test,2.2479732,2.254232,1.7403626,1.7136573
mb-02511,test,2.2552724,2.4184532,2.0606978,2.1105394
mb-08226,test,1.7993406,1.8270466,1.462398,1.4996991
mb-08884,test,1.2041199,1.1151798,0.845098,0.8028939
mb-00161,test,1.230449,1.1904769,0.9542425,0.9534688
mb-04426,test,1.8976271,1.8713682,1.5185139,1.5573252
mb-09963,test,1.9395193,2.102761,1.30103,1.7716713
mb-03104,test,2.440909,1.6529181,1.0,1.1622014
mb-02120,test,1.8750613,1.8705529,1.230449,1.2481027
mb-08208,test,1.7075701,1.4036769,1.7403626,1.1283625
mb-07326,test,1.763428,1.7363337,1.3617278,1.424375
mb-06035,test,1.9590414,1.9224718,1.5314789,1.5463537
mb-07858,test,1.8692317,1.8708892,1.6720978,1.4383318
mb-10888,test,2.2380462,2.2950757,1.7323937,1.8992223
mb-06316,test,1.7781513,1.8134198,1.1760913,1.2431242
mb-06342,test,1.7558749,1.7445326,1.146128,1.1788368
mb-01648,test,2.0253057,2.0453343,1.7403626,1.8162367
mb-04910,test,2.3856063,2.304777,1.8920946,1.867407
mb-02719,test,1.6720979,1.6747296,1.3802112,1.325918
mb-06368,test,2.326336,2.2607174,1.968483,1.8266026
mb-05073,test,2.274158,2.1581144,1.5563025,1.8982639
mb-07714,test,2.230449,2.2426312,1.7323937,1.6261456
mb-06320,test,2.149219,2.1478553,1.5910646,1.5259079
mb-00054,test,1.9138138,1.8864373,1.69897,1.621006
mb-05486,test,1.9493899,1.8984463,1.6434526,1.5305535
mb-00600,test,2.2227163,2.2576704,2.0043213,2.0054104
mb-10160,test,1.9294189,1.9414532,1.3802112,1.4985164
mb-07218,test,2.0170333,1.9607474,1.5797836,1.4816409
mb-05750,test,2.029384,2.0648155,1.2787536,1.3972076
mb-07973,test,1.9242792,1.8050842,1.447158,1.2801373
mb-06150,test,2.3747482,2.362353,2.0043213,1.9989232
mb-06738,test,2.2600713,2.2096,1.8864907,1.8424189
mb-02353,test,2.30103,2.3478992,1.9190781,1.9390097
mb-01555,test,2.1818435,2.186959,1.9190781,1.8019716
mb-10621,test,2.120574,2.2759008,1.6812413,2.0131903
mb-10828,test,1.5682018,1.5595925,1.30103,1.3060244
mb-02744,test,1.6627579,1.6023288,1.4913617,1.4451973
mb-03300,test,2.071882,2.107816,1.8864907,1.7510617
mb-07715,test,2.0170333,2.141096,1.7781513,1.884737
mb-00769,test,2.120574,2.1975927,1.8129133,1.7132294
mb-05788,test,2.3384564,2.3631303,2.045323,1.943791
mb-03549,test,1.8512584,1.8112994,1.6127839,1.5913882
mb-02708,test,2.363612,2.418765,2.0681858,2.0963535
mb-00571,test,1.9444827,1.9517713,1.748188,1.6949937
mb-07004,test,2.2253094,2.2659795,1.6434526,1.738752
mb-04524,test,0.30103,0.51253444,0.30103,0.27701318
mb-00814,test,1.8633229,2.0209477,1.4771212,1.6452566
mb-09439,test,1.845098,1.6885781,1.3802112,1.1494985
mb-01843,test,2.3159704,2.2658663,1.90309,1.8224273
mb-01682,test,1.9867717,1.9509107,1.8129133,1.7625412
mb-07804,test,2.064458,2.130096,1.7853298,1.8031877
mb-02733,test,2.178977,2.1887078,1.770852,1.8017027
mb-00294,test,1.7708521,1.7364227,1.4313638,1.4483641
mb-08619,test,2.2900345,2.412232,1.9590414,2.0640333
mb-03241,test,2.0374265,2.0624514,1.7075702,1.5960548
mb-02573,test,2.0681858,1.8999484,1.6127839,1.5511147
mb-05779,test,2.0413926,1.9764309,1.447158,1.5107659
mb-02043,test,2.1367207,2.1320238,1.6812413,1.7035325
mb-00974,test,2.2600715,2.3372252,1.908485,1.9422265
mb-01435,test,2.3856063,2.2596748,2.146128,1.8344715
mb-07513,test,2.0492182,2.056241,1.462398,1.3648055
mb-05249,test,1.8388492,1.7478515,1.4313638,1.3843316
mb-07806,test,1.3802112,1.3229207,1.146128,1.1755886
mb-09179,test,2.1367207,2.0422165,1.8512584,1.7530231
mb-02371,test,1.6232493,1.6407871,1.4149734,1.4254918
mb-07214,test,1.5563025,1.7106581,1.20412,1.5078825
mb-09017,test,2.3483047,2.2991261,2.0374265,1.951097
mb-09998,test,2.3838153,2.3230202,1.845098,1.9709414
mb-05745,test,2.025306,1.891618,1.1760913,1.2392834
mb-01976,test,1.8808136,1.8876739,1.6532125,1.7319994
mb-00098,test,2.133539,2.2121782,1.9344984,2.0146492
mb-09409,test,2.2227166,2.1935754,1.9444827,1.9238095
mb-03972,test,1.819544,1.701761,1.4149734,1.326668
mb-05915,test,2.0043213,2.0154264,1.7075702,1.8114414
mb-01365,test,1.0,0.81640315,0.69897,0.553728
mb-03430,test,1.5682018,1.4828705,1.2552725,1.1051358
mb-03223,test,1.80618,1.8160675,1.6127839,1.6116058
mb-08445,test,2.1958997,2.1340375,1.8976271,1.7840198
mb-05625,test,1.94939,2.0233965,1.3424227,1.4082694
mb-05541,test,2.2855573,2.3671014,2.0211892,2.0043707
mb-08958,test,1.2787536,1.412579,1.0413927,1.2087135
mb-00688,test,1.845098,1.815395,1.6232493,1.5431484
mb-08006,test,2.3384566,2.307771,1.7558749,1.9432482
mb-01841,test,1.146128,1.1995598,0.90309,0.9437572
mb-01308,test,2.10721,2.0344293,1.69897,1.7314361
mb-02198,test,1.9637878,2.26028,1.8573325,2.1898775
mb-03998,test,1.9637878,1.9280317,1.7558749,1.6727874
mb-08232,test,1.7242758,1.6826677,1.39794,1.4539378
mb-03913,test,2.4048338,2.3880527,2.09691,2.0322866
mb-05370,test,2.120574,2.2129796,2.0530784,2.0275137
mb-08783,test,1.929419,2.0803065,1.4149734,1.83152
mb-04133,test,1.1139433,1.0569679,0.69897,0.8703884
mb-10474,test,1.8573325,1.861768,1.69897,1.6847744
mb-10984,test,1.3424227,1.3419127,1.0,0.87333906
mb-07561,test,2.3222194,2.2375505,1.50515,1.5437255
mb-00878,test,1.9190781,1.9586334,1.2787536,1.3738967
mb-07939,test,2.3692157,2.3792593,1.9637878,2.0280087
mb-05287,test,2.2479732,2.2115202,1.9590414,1.8392813
mb-09937,test,1.748188,1.716431,1.3424227,1.2098383
mb-07022,test,2.0170333,2.1338649,1.8388491,1.8549154
mb-10486,test,2.2479732,2.3074436,1.7558749,1.9808741
mb-10817,test,2.2455127,2.2841287,1.7558749,1.6866868
mb-10492,test,1.6127838,1.8565303,1.3222193,1.5652909
mb-04425,test,2.2329962,2.288773,2.209515,2.2170548
mb-04735,test,2.1522884,2.2719586,1.94939,2.0471907
mb-08787,test,2.1673174,2.2297883,1.7923917,1.7357469
mb-02551,test,2.1958997,2.1677275,1.90309,1.8212929
mb-10426,test,1.6334684,1.7639772,1.5185139,1.5764103
mb-06737,test,1.146128,1.1053431,0.9542425,0.9692937
