material_id,split,true_log10_K,pred_log10_K,true_log10_G,pred_log10_G
mb-09292,train,1.7558749,1.7907369,1.39794,1.3994961
mb-02402,train,2.146128,2.1130934,1.9294189,1.8817871
mb-07007,train,2.0681858,2.0603404,1.8692317,1.857261
mb-06940,train,1.9344984,1.8876139,1.6232493,1.6526471
mb-09634,train,2.0253057,2.0445313,1.748188,1.8720932
mb-00309,train,1.4471581,1.4324836,1.2787536,1.3131398
mb-00100,train,1.4771212,1.5011497,0.47712126,0.49300134
mb-04156,train,2.133539,2.177475,1.7923917,1.8103635
mb-09135,train,1.6127839,1.7074118,1.1760913,1.2552398
mb-08811,train,1.6434526,1.7226623,1.39794,1.4829855
mb-07301,train,1.6812413,1.7014753,1.0,1.0085027
mb-00152,train,2.1238515,2.103882,1.7853298,1.8075178
mb-10487,train,1.9138138,1.8785727,1.5910646,1.6338527
mb-09040,train,2.1172714,2.1095905,1.5563025,1.498707
mb-01641,train,1.7242758,1.6566243,1.50515,1.4040886
mb-07271,train,2.2718415,2.2086802,1.60206,1.5125406
mb-07580,train,1.5797837,1.6056027,1.30103,1.3305209
mb-05164,train,2.2013972,2.1340911,2.0374265,1.9156001
mb-04782,train,0.845098,0.8667511,0.47712126,0.51024806
mb-00838,train,1.9190781,1.8995599,1.5440681,1.5990113
mb-02889,train,1.7853298,1.760995,1.3802112,1.4051478
mb-04972,train,2.2405493,2.1939406,2.1139433,2.0794845
mb-00709,train,1.8633229,1.8133979,1.4771212,1.3985981
mb-00164,train,1.4471581,1.4261913,1.20412,1.1966183
mb-01297,train,2.2405493,2.2453148,1.8512584,1.8564813
mb-02793,train,1.9242792,1.9159641,1.7242758,1.7017884
mb-05709,train,1.5563025,1.6057994,1.3802112,1.4237432
mb-10122,train,1.8808136,1.858949,1.447158,1.3929377
mb-06466,train,2.1731863,2.1618662,1.763428,1.7536861
mb-02918,train,1.7160033,1.5834284,1.3617278,1.3357054
mb-05350,train,2.2810333,2.1451297,2.1583624,1.9510541
mb-07231,train,2.120574,2.1428866,1.7558749,1.7665316
mb-10499,train,1.2787536,1.4123168,1.5440681,1.2523147
mb-04845,train,2.0606978,2.0437908,1.8573325,1.844191
mb-06711,train,1.6232493,1.5989068,1.462398,1.3525877
mb-09210,train,1.9912261,2.0801105,1.6627579,1.7004598
mb-02216,train,1.8864907,1.7773758,1.7160033,1.6435866
mb-04132,train,2.029384,1.999249,1.6532125,1.6231395
mb-00453,train,2.0043213,2.0015812,1.7781513,1.796202
mb-08869,train,1.7558749,1.779899,1.3802112,1.4374053
mb-00457,train,2.0043213,1.9891531,1.845098,1.8484912
mb-07845,train,2.3384566,2.2631638,2.0413928,1.9951363
mb-04392,train,2.3222191,2.3293478,2.064458,2.0713787
mb-05273,train,2.2479732,2.198115,1.819544,1.8317442
mb-06827,train,1.5314789,1.6084155,0.9542425,1.0162129
mb-08524,train,1.4149734,1.3728633,1.230449,1.2018096
mb-00321,train,1.748188,1.7549314,1.3222193,1.4177752
mb-04165,train,2.1875207,2.1555543,1.763428,1.7390606
mb-09248,train,2.120574,2.0558987,1.7403626,1.72493
mb-05767,train,1.6812413,1.6476616,1.0,0.9897539
mb-06328,train,1.9590414,1.9897895,1.50515,1.5168864
mb-00547,train,1.2787536,1.2930365,0.90309,0.93526834
mb-08986,train,2.2787535,2.1739728,2.045323,1.9508541
mb-01609,train,1.5051501,1.5293419,1.1760913,1.222496
mb-01126,train,1.7323937,1.7744383,1.4913617,1.4838587
mb-00002,train,1.9084849,1.8489584,1.7403626,1.673756
mb-04486,train,1.863323,1.8317962,1.4313638,1.399392
mb-07370,train,2.2013972,2.1701558,1.8920946,1.8459352
mb-06505,train,1.8750613,1.9579582,1.50515,1.625583
mb-05146,train,2.0681858,2.039887,1.80618,1.8738167
mb-07780,train,1.5314789,1.5528841,1.3222193,1.2916329
mb-07267,train,1.80618,1.8249352,1.5314789,1.5726959
mb-07748,train,1.6627579,1.6078374,1.4149734,1.3253294
mb-00828,train,1.9731278,1.965728,1.690196,1.725018
mb-02648,train,1.7993406,1.7551743,1.4913617,1.4669311
mb-08269,train,0.7781513,0.7823396,0.47712126,0.46161294
mb-08831,train,1.3802112,1.3396397,1.1139433,1.1250073
mb-01945,train,1.7781513,1.7524241,1.462398,1.4309757
mb-00747,train,1.763428,1.804223,1.6434526,1.6325976
mb-04342,train,1.3222193,1.3604536,1.0,1.0365427
mb-01354,train,1.832509,1.820976,1.5682018,1.545684
mb-06840,train,2.033424,1.98783,1.20412,1.1702845
mb-07276,train,2.0681858,2.0890338,1.9637878,1.9979658
mb-05006,train,2.1760912,2.1635137,1.7558749,1.562498
mb-05462,train,2.0791812,2.093287,1.819544,1.8542054
mb-03717,train,1.7634281,1.775675,1.4313638,1.4342285
mb-08129,train,2.2944663,2.1821,1.9344984,1.8064405
mb-03275,train,2.4593923,2.4522426,2.1583624,2.1252525
mb-01262,train,1.0413927,1.0762265,0.90309,0.9306793
mb-07001,train,1.2552725,1.3483865,0.90309,0.9797559
mb-09024,train,1.4149734,1.4769056,1.0413927,1.0824366
mb-03809,train,2.1958997,2.1683004,1.9190781,1.8769904
mb-05326,train,2.120574,2.2064545,1.7075702,1.796348
mb-07550,train,2.0530784,2.0530157,1.8129133,1.8418353
mb-05685,train,2.357935,2.3115373,1.8976271,1.9068736
mb-09960,train,1.7993406,1.7335591,1.5440681,1.5703211
mb-10168,train,2.3617277,2.3956916,2.0128372,2.0885975
mb-03907,train,1.9190781,1.9829468,1.7323937,1.8373063
mb-09485,train,2.0374265,2.0167766,1.7242758,1.7856867
mb-05991,train,2.0128374,2.029011,1.2787536,1.2967007
mb-07937,train,1.6020601,1.6475749,1.1760913,1.238095
mb-07786,train,2.2479732,2.2717555,1.8325089,1.7717488
mb-00199,train,2.130334,2.0286896,1.7993406,1.7727363
mb-07360,train,1.69897,2.2464983,1.9777236,1.9714743
mb-00711,train,1.3222194,1.3721836,0.9542425,0.99720246
mb-07740,train,2.1673174,2.1583922,1.690196,1.6136007
mb-08468,train,2.1903317,2.1237993,1.8692317,1.8139352
mb-05635,train,2.1731863,2.1924179,2.0,1.9892043
mb-09286,train,2.1846914,2.163031,1.6232493,1.602058
mb-04691,train,2.1702619,2.2408342,1.8512584,1.971354
mb-00653,train,2.1139433,2.0772855,1.8388491,1.8138282
mb-03402,train,1.4313638,1.2738883,1.20412,1.0595212
mb-05148,train,2.3222194,2.3423035,1.9344984,1.9716989
mb-02053,train,2.0863597,2.1207042,1.8129133,1.8683898
mb-10959,train,1.1139433,1.1782528,0.845098,0.9138989
mb-02521,train,1.8512584,1.8209124,1.6812413,1.628709
mb-01916,train,1.968483,1.918098,1.8325089,1.7812738
mb-00925,train,1.447158,1.4552424,1.1139433,1.1674551
mb-06703,train,1.4149734,1.339799,1.0,0.956077
mb-03615,train,2.0211892,2.0652275,1.8325089,1.8287777
mb-02868,train,1.80618,1.9078126,1.6127839,1.6493043
mb-03653,train,1.7923918,1.7870269,1.6334685,1.5883026
mb-07051,train,1.9777236,1.8400939,1.5910646,1.451411
mb-04818,train,2.0128372,1.9094332,1.690196,1.6742674
mb-03684,train,2.2624512,2.3366435,2.0086002,2.030574
mb-08358,train,2.2227166,2.257328,1.908485,1.8689159
mb-03657,train,1.8388491,1.9869986,1.69897,1.7030072
mb-09567,train,2.1003704,2.090897,1.763428,1.7836677
mb-05042,train,2.206826,2.1393836,1.8976271,1.85944
mb-10347,train,2.0413928,2.1162863,1.80618,1.7915279
mb-10928,train,2.0899053,2.0478003,1.39794,1.393304
mb-06918,train,1.1139433,1.215861,1.0413927,1.0475781
mb-09314,train,1.7708521,1.7548751,1.39794,1.3815775
mb-02321,train,1.39794,1.5500035,0.90309,1.0167322
mb-00730,train,1.845098,1.8131005,1.6232493,1.5708699
mb-08443,train,1.9542425,2.0394113,1.845098,1.8688608
mb-06647,train,2.2068257,2.253227,1.770852,1.8506938
mb-10909,train,2.3521824,2.355937,1.9731278,2.0363955
mb-08582,train,1.6232493,1.5857654,1.3222193,1.3039587
mb-08793,train,1.7708521,1.8171225,1.6127839,1.6264647
mb-02313,train,1.8750613,1.8654467,1.7242758,1.6834121
mb-08413,train,1.5185139,1.4284158,1.4149734,1.3096042
mb-10306,train,2.10721,2.2695243,2.0934217,2.2343035
mb-04304,train,1.845098,1.9057051,1.7323937,1.762572
mb-05221,train,2.025306,2.0420778,1.90309,1.8792453
mb-09864,train,1.5682018,1.4711146,1.2787536,1.2615268
mb-00106,train,1.8750613,1.9262105,1.5682018,1.643641
mb-08638,train,2.089905,2.112905,1.60206,1.5988934
mb-09069,train,2.2329962,2.27739,1.8976271,1.99525
mb-05684,train,1.5910647,1.6084534,1.462398,1.4408479
mb-04336,train,1.3222193,1.3457828,1.0791812,1.086195
mb-07072,train,1.7403628,1.8020692,1.4913617,1.5249716
mb-06162,train,1.7923918,1.7738421,1.30103,1.2892747
mb-03693,train,2.2380462,2.175758,1.9956352,1.9350221
mb-05313,train,2.064458,1.9678154,1.6532125,1.560619
mb-09970,train,1.6020601,1.7731439,1.230449,1.5332234
mb-03632,train,1.7558749,1.8411117,1.2552725,1.3397796
mb-10459,train,1.5440681,1.5724561,1.0,0.9983932
mb-06066,train,2.376577,2.2840028,1.8976271,1.9147561
mb-04947,train,2.1398792,2.1439447,1.8512584,1.865026
mb-09712,train,2.0086002,2.0220873,1.4149734,1.4379168
mb-04803,train,1.9344984,1.9528942,1.8129133,1.7965593
mb-08828,train,1.6127839,1.713826,1.20412,1.3365768
mb-03423,train,1.819544,1.8505075,1.3617278,1.3675452
mb-08830,train,2.2576785,2.0918941,1.8864907,1.7609429
mb-06475,train,1.6901962,1.7059677,1.4313638,1.446671
mb-08412,train,2.146128,2.1941702,1.770852,1.7532452
mb-05461,train,1.8573326,1.8327209,1.6627579,1.6614543
mb-03297,train,1.5185139,1.3103454,1.2552725,1.0986817
mb-04101,train,2.2552726,2.2507923,2.1003706,2.0714061
mb-03834,train,1.9294189,1.9171546,1.80618,1.7739154
mb-04299,train,1.8920946,1.9389485,1.5682018,1.591072
mb-04640,train,1.8920946,1.897803,1.2552725,1.2671027
mb-09974,train,1.9138138,1.9050086,1.3802112,1.3572066
mb-08118,train,1.8808136,1.8817164,1.3222193,1.3398546
mb-03337,train,1.8260748,1.8851967,1.5682018,1.5277065
mb-07200,train,2.3384564,2.3161266,1.9138138,1.9339967
mb-10225,train,2.1818435,2.1267204,1.690196,1.6727219
mb-10453,train,1.4313638,1.4853504,1.0,1.0396802
mb-06225,train,1.6812412,1.67977,1.447158,1.44936
mb-10720,train,1.69897,1.7183038,1.0791812,1.0987816
mb-01897,train,1.146128,1.13915,0.90309,0.9068695
mb-02626,train,2.1958995,2.1911407,1.690196,1.634016
mb-06227,train,1.6720979,1.6392787,1.3424227,1.3427242
mb-02829,train,2.3463528,2.3766818,2.0681858,2.0986571
mb-05720,train,1.7160034,1.7349758,1.1139433,1.1360016
mb-05761,train,1.9822712,1.8025011,1.5314789,1.3222357
mb-05229,train,2.1731863,2.1832275,1.5910646,1.6452124
mb-05493,train,1.60206,1.6985625,1.0413927,1.1033533
mb-05303,train,2.1367207,2.1755717,1.9242793,1.994355
mb-09385,train,2.434569,2.3939137,2.1731863,2.096743
mb-09144,train,2.1522882,2.1511369,1.9590414,1.9159104
mb-02272,train,2.2227163,2.2397063,1.7853298,1.841365
mb-00763,train,1.8260747,1.9038402,1.7403626,1.759099
mb-08339,train,2.2227166,2.2461317,1.6532125,1.6992488
mb-04923,train,2.1818435,2.174992,1.7403626,1.8104202
mb-02210,train,2.0413926,2.0509317,1.9731278,1.9079039
mb-09990,train,1.531479,1.561317,1.20412,1.1947619
mb-05657,train,1.8808136,1.9641683,1.5682018,1.672949
mb-05354,train,1.7634281,1.6644937,1.5682018,1.5303745
mb-09035,train,1.4313638,1.4673795,1.1139433,1.183911
mb-08506,train,2.071882,2.1184876,1.50515,1.5242943
mb-00852,train,2.2253094,2.128512,1.7853298,1.7294466
mb-05057,train,1.7708521,1.8357712,1.2787536,1.3498331
mb-04969,train,1.7781513,1.7633109,1.5797836,1.613957
mb-01216,train,1.9822712,1.9822752,1.770852,1.776063
mb-03803,train,1.9395192,1.8327092,1.763428,1.6761746
mb-00485,train,1.4471581,1.5039655,1.2787536,1.3018032
mb-01329,train,1.0,0.987236,0.60206,0.60033834
mb-07012,train,1.5563025,1.5883937,1.30103,1.3328451
mb-05014,train,1.8750613,1.896733,1.690196,1.6807672
mb-07713,train,2.2329962,2.221249,1.968483,1.9351286
mb-03985,train,1.69897,1.8097576,1.50515,1.5185887
mb-10865,train,2.1271048,2.0479352,1.8976271,1.8836842
mb-00921,train,2.303196,2.2833033,1.968483,1.9129674
mb-06392,train,2.25042,2.2641299,1.819544,1.8552719
mb-10525,train,2.2148438,2.2168279,1.8864907,1.8259754
mb-06611,train,1.9138138,1.8240635,1.7323937,1.5799228
mb-08875,train,2.292256,2.2517312,1.968483,2.0028214
mb-08309,train,1.4471581,1.5146272,1.20412,1.22261
mb-08762,train,1.5314789,1.4685792,1.0791812,1.0749555
mb-06245,train,1.5185139,1.6934988,1.30103,1.3861688
mb-05137,train,1.3802112,1.3115515,1.230449,1.1124508
mb-06497,train,2.3710678,2.3749804,2.0863597,2.0308769
mb-04807,train,1.9493899,1.9405652,1.69897,1.6914122
mb-05863,train,2.1139433,2.0499673,1.8750613,1.803408
mb-06962,train,2.178977,2.2128878,1.9444827,1.8957895
mb-01698,train,1.7075702,1.7265894,1.230449,1.2621609
mb-03215,train,2.4031205,2.4345222,2.164353,2.102511
mb-08191,train,2.2380462,2.1847126,1.908485,1.8950069
mb-10651,train,1.3222194,1.4372036,0.7781513,0.90074074
mb-04401,train,2.3443923,2.3308237,1.9777236,2.0449765
mb-04610,train,1.9084849,1.8973378,1.5314789,1.4432193
mb-02696,train,2.1303337,2.1327837,1.447158,1.482449
mb-06103,train,1.3802112,1.4090576,1.146128,1.1819961
mb-00048,train,2.0211892,2.00736,1.7558749,1.7535086
mb-03855,train,2.1818435,2.217931,1.7558749,1.8013175
mb-05065,train,2.09691,2.0896819,1.6812413,1.6599504
mb-03055,train,2.298853,2.3848283,2.0374265,2.0659235
mb-09678,train,2.348305,2.347672,1.908485,2.00767
mb-08457,train,2.089905,2.1468036,1.5314789,1.5363925
mb-04659,train,0.30103,0.2941903,0.0,-0.015158415
mb-02756,train,1.9242793,1.9486264,1.6232493,1.6311036
mb-09260,train,1.30103,1.2969847,1.1760913,1.1546649
mb-09643,train,1.9242792,1.9023559,1.5314789,1.4793295
mb-06271,train,1.8808136,1.923793,1.1139433,1.1432922
mb-00608,train,0.90309,0.911996,0.60206,0.6030812
mb-02621,train,2.1003706,2.0989037,1.5682018,1.569062
mb-07803,train,2.1172714,1.9978979,1.7781513,1.7129436
mb-05527,train,1.5051501,1.4566469,1.2787536,1.1852776
mb-00464,train,2.1702616,2.167255,1.9344984,1.9236902
mb-01503,train,1.6720979,1.6198461,1.4149734,1.3647839
mb-09968,train,1.3010299,1.3065288,1.0413927,1.046968
mb-04856,train,1.4913617,1.4079331,1.3617278,1.2998209
mb-01219,train,1.90309,1.9469409,1.7923917,1.7555115
mb-00473,train,1.6232493,1.6297675,1.20412,1.2582251
mb-08138,train,2.0863597,2.08627,1.8325089,1.7720575
mb-07692,train,1.770852,1.8190782,1.50515,1.5246253
mb-09122,train,1.0413927,1.5257692,1.3617278,1.3480241
mb-10026,train,2.4248817,2.3196754,1.9294189,1.9332157
mb-07672,train,1.6901962,1.6465821,1.30103,1.3126581
mb-02603,train,1.146128,1.1605366,0.7781513,0.82677275
mb-07258,train,2.0043213,1.8351537,1.5314789,1.4546682
mb-04181,train,2.3222194,2.2844267,2.3324385,2.243774
mb-08114,train,1.5314789,1.480988,1.3222193,1.2666444
mb-08310,train,2.198657,2.1954727,1.9138138,1.8679329
mb-05257,train,1.748188,1.7525733,1.462398,1.4773015
mb-08699,train,2.0211895,1.8690457,1.5682018,1.4029437
mb-08307,train,1.6232493,1.6384739,1.230449,1.2101573
mb-07877,train,1.9777236,1.9424447,1.770852,1.749066
mb-05922,train,2.3324385,2.2495172,2.1038036,1.9448034
mb-04262,train,1.7558749,1.7599711,1.6434526,1.5795283
mb-07749,train,1.845098,1.8734622,1.39794,1.4312261
mb-04991,train,1.30103,1.265223,0.7781513,0.74273044
mb-09162,train,2.2552726,2.1830292,1.9242793,1.8856447
mb-07609,train,1.9777236,1.9582794,1.763428,1.6819263
mb-06407,train,1.5314789,1.5025691,1.1139433,1.1433879
mb-05360,train,1.5910647,1.7226372,1.4149734,1.4536641
mb-05698,train,1.7403626,1.7697853,1.146128,1.1814202
mb-06730,train,1.8260747,1.9665117,1.690196,1.653959
mb-07572,train,2.1461282,2.1392403,1.39794,1.4081974
mb-05015,train,2.1038036,2.0907393,1.9344984,1.931373
mb-08751,train,1.3222194,1.3912675,0.69897,0.87504524
mb-05557,train,1.6720979,1.6765182,1.0413927,1.0702268
mb-07517,train,2.0170333,2.0502753,1.39794,1.411645
mb-02167,train,1.832509,1.7722132,1.5682018,1.5131713
mb-05650,train,2.3053513,2.2758727,1.8808136,1.8843133
mb-08366,train,2.089905,2.0947044,1.4771212,1.5151982
mb-00713,train,2.2900345,2.2251978,1.8692317,1.8964578
mb-06543,train,2.3598354,2.35814,1.9344984,2.0094743
mb-01427,train,1.3222193,1.3863165,1.0,1.04953
mb-10586,train,1.6232493,1.6723405,1.2787536,1.3165414
mb-08818,train,2.1172712,2.0730495,1.8573325,1.7674739
mb-03577,train,1.908485,1.7786746,1.6232493,1.5247828
mb-02345,train,1.763428,1.6985166,1.39794,1.4199578
mb-03280,train,2.5289168,2.5109024,2.206826,2.1852295
mb-05653,train,2.372912,2.3428526,2.0211892,1.9488671
mb-02134,train,1.5563025,1.4612916,1.4313638,1.3244973
mb-07307,train,1.6989701,1.718511,1.2787536,1.2844291
mb-07903,train,1.1139433,1.16907,1.0791812,1.0137924
mb-07174,train,2.389166,2.350991,2.0043213,2.007646
mb-02763,train,2.09691,2.2242625,1.9912261,2.1404378
mb-05278,train,2.209515,2.188674,1.770852,1.7081474
mb-02987,train,1.6434528,1.6547616,1.4313638,1.4185057
mb-05488,train,1.3424227,1.1871009,1.1760913,0.9609723
mb-01338,train,1.9242792,1.9308939,1.8129133,1.8067813
mb-10960,train,2.0170333,2.0645921,1.8325089,1.9326082
mb-04012,train,1.5185139,1.5196683,1.30103,1.3562042
mb-10540,train,2.133539,2.1473422,1.7853298,1.8148026
mb-10715,train,2.4099333,2.3203943,2.0413928,1.9532595
mb-05419,train,2.029384,2.1985714,1.9190781,2.0893564
mb-10463,train,1.5682018,1.6004598,1.3424227,1.4056933
mb-07685,train,1.146128,1.3619037,0.9542425,1.1650763
mb-02429,train,1.8260748,1.8028021,1.50515,1.511114
mb-06959,train,1.0,0.9462993,0.69897,0.66577804
mb-02248,train,1.80618,1.7935153,1.5314789,1.5128505
mb-05140,train,1.724276,1.7288886,1.3424227,1.3521369
mb-04620,train,2.045323,2.1688292,1.5563025,1.6347209
mb-02008,train,1.5563024,1.4868317,1.0791812,1.0325196
mb-01073,train,1.4149734,1.3116735,1.20412,1.2093155
mb-06443,train,2.2741578,2.3354385,1.9444827,1.9958638
mb-08187,train,2.4216042,2.3184772,2.1003706,1.9952329
mb-09478,train,2.0,2.123584,1.94939,1.9626855
mb-00613,train,1.7708521,1.7404819,1.39794,1.3956237
mb-03233,train,2.5132177,2.5228457,2.2455127,2.1974885
mb-04698,train,1.3617278,1.3229735,1.146128,1.1603684
mb-01914,train,2.1038036,2.0655563,1.7323937,1.7359545
mb-01423,train,1.9637879,1.9141226,1.5682018,1.5734098
mb-08145,train,2.0253057,2.0034146,1.4771212,1.4828699
mb-07810,train,1.8976271,1.8569468,1.5314789,1.4327744
mb-02955,train,2.0253057,2.0351925,1.7323937,1.68501
mb-06410,train,1.7403626,1.7013631,1.50515,1.4205916
mb-08168,train,1.9542425,2.0010693,1.7075702,1.6408772
mb-06219,train,1.7242758,1.7171091,1.2552725,1.2714622
mb-04826,train,2.0086002,1.9701315,1.8325089,1.7944931
mb-10096,train,1.4149734,1.6231426,1.230449,1.3723264
mb-00223,train,2.2988532,2.2246525,1.8260748,1.782724
mb-07948,train,2.4727566,2.3542426,2.206826,2.0249922
mb-00644,train,2.0827854,2.0500712,1.7781513,1.7684075
mb-01782,train,2.0492182,2.032446,1.8260748,1.7672122
mb-00896,train,2.1172712,2.0971363,1.9590414,1.8644207
mb-01656,train,1.0791812,1.0370331,0.69897,0.66398996
mb-07109,train,1.90309,1.7238507,1.3222193,1.2229735
mb-01222,train,0.90309,0.96930003,0.69897,0.6952188
mb-00993,train,2.025306,2.0375273,1.20412,1.2022861
mb-10162,train,2.3747485,2.3170443,2.164353,2.108911
mb-05957,train,1.69897,1.7042271,1.5185139,1.4815834
mb-09844,train,2.3443923,2.3309488,2.0043213,1.9965496
mb-02269,train,1.7323937,1.6545937,1.2552725,1.224758
mb-08709,train,2.2944663,2.2707007,1.8573325,1.8602322
mb-09969,train,1.8808136,1.911758,1.6532125,1.7565334
mb-01068,train,1.7558749,1.7329446,1.2552725,1.2637706
mb-05181,train,2.143015,2.0881014,1.9294189,1.898677
mb-05786,train,1.8692317,1.8095429,1.20412,1.1529543
mb-07375,train,1.845098,1.8024286,1.60206,1.6276934
mb-06920,train,1.9294189,1.8674862,1.6812413,1.6049088
mb-03355,train,2.3996737,2.1747985,1.690196,1.5218347
mb-02115,train,2.0413928,1.9960303,1.7781513,1.7383521
mb-05523,train,1.6720979,1.6692908,1.230449,1.2393582
mb-07415,train,1.6334684,1.5551795,1.3617278,1.3570011
mb-04120,train,2.1038036,2.1062522,1.20412,1.2732595
mb-03521,train,2.3384564,2.3263779,2.198657,2.1444542
mb-02774,train,1.5910647,1.638282,1.39794,1.4411058
mb-01337,train,1.7634281,1.759966,1.4313638,1.3678435
mb-00682,train,2.3180633,2.3161912,2.0827854,2.0411649
mb-04301,train,2.09691,2.1315112,1.9242793,1.9555761
mb-09820,train,1.531479,1.554726,1.1760913,1.2560719
mb-05324,train,2.2479732,2.218642,1.8976271,1.8778441
mb-00333,train,1.5682018,1.6840702,1.0,1.0928494
mb-02980,train,2.064458,2.1133263,1.6232493,1.627901
mb-03582,train,2.130334,2.123824,1.8512584,1.8194838
mb-05531,train,1.8808136,1.8300087,1.3802112,1.3625972
mb-02411,train,1.6127839,1.7271969,1.4313638,1.5099585
mb-03061,train,1.7993405,1.6379442,1.5185139,1.3304912
mb-10783,train,1.80618,1.7644333,1.50515,1.4957418
mb-01364,train,1.8260748,1.8214236,1.4771212,1.472876
mb-02622,train,1.763428,1.6268373,1.690196,1.5235218
mb-08747,train,1.763428,1.7270772,1.5185139,1.5427474
mb-00991,train,2.376577,2.3868415,2.09691,2.074203
mb-02549,train,2.1760912,2.144243,1.7075702,1.7154374
mb-03199,train,2.2810333,2.2765284,1.7160033,1.7095352
mb-06808,train,2.1875207,2.207955,1.9867717,1.9477011
mb-09628,train,1.1760913,1.1757393,0.69897,0.7026733
mb-01830,train,1.8129134,1.7316065,1.5563025,1.5436478
mb-01470,train,1.6127839,1.5963523,1.3424227,1.3278329
mb-09201,train,1.7781513,1.8002421,1.462398,1.4564158
mb-03877,train,1.7781513,1.7854099,1.3617278,1.349625
mb-08708,train,1.4913617,1.4961491,1.0,1.0710827
mb-03309,train,2.3944516,2.3547754,2.1271048,1.9794468
mb-07407,train,1.6627579,1.653791,1.4913617,1.4714445
mb-09427,train,2.3502479,2.3353372,2.1238515,2.1424685
mb-08463,train,1.6334685,1.6750791,1.20412,1.1167681
mb-08539,train,1.9731278,2.018952,1.4913617,1.4821916
mb-01097,train,2.1583624,2.2017107,1.7781513,1.7813789
mb-04686,train,1.7781513,1.809115,1.7923917,1.7672398
mb-05914,train,1.7160034,1.72116,1.146128,1.1630676
mb-03163,train,2.1673174,2.1607704,1.7853298,1.7667692
mb-08557,train,1.8864908,1.7649565,1.6334685,1.520931
mb-05798,train,1.6812413,1.6448742,1.4771212,1.4958636
mb-10562,train,1.8325089,1.6973555,1.3617278,1.262056
mb-09656,train,1.7242758,1.6746299,1.146128,1.120461
mb-04359,train,2.0413928,1.9955027,1.8808136,1.7906349
mb-08272,train,2.4065402,2.383452,2.2013972,2.096164
mb-06073,train,1.80618,1.7801124,1.2552725,1.246762
mb-03898,train,1.5910647,1.6686871,1.5440681,1.5373666
mb-00497,train,2.2552724,2.317607,1.9444827,2.0548768
mb-04407,train,2.1238518,2.0652473,1.8512584,1.7685957
mb-02292,train,1.5051501,1.6067535,1.30103,1.3541433
mb-07923,train,2.1903317,2.1875362,1.845098,1.855174
mb-09955,train,2.2648177,2.2097397,1.9444827,1.9429414
mb-00493,train,1.90309,1.8630352,1.7323937,1.7241862
mb-06872,train,1.6334685,1.6787202,1.30103,1.3382332
mb-09932,train,1.845098,1.8162072,1.50515,1.460037
mb-06606,train,1.3424227,1.3166602,1.0413927,1.0285122
mb-07724,train,2.252853,2.1107192,1.8808136,1.8111312
mb-07414,train,1.8388492,1.9035476,1.5440681,1.5474397
mb-08159,train,1.7708521,1.8002365,1.5440681,1.5137193
mb-09271,train,1.5910646,1.6038153,1.1139433,1.0775553
mb-01811,train,2.209515,2.2578444,1.8864907,1.9178841
mb-03111,train,2.214844,2.2213738,1.94939,1.8946047
mb-02973,train,1.60206,1.564411,1.447158,1.4281561
mb-01977,train,2.1003706,2.0431743,1.90309,1.8082914
mb-07868,train,1.8864907,1.884966,1.0413927,1.0421607
mb-03244,train,2.1673174,2.099514,1.8573325,1.8641411
mb-03308,train,1.8129134,1.8144066,1.4313638,1.44198
mb-08548,train,2.1105897,2.119733,1.9395193,1.9563259
mb-10073,train,2.326336,2.3255157,2.0827854,2.041439
mb-03212,train,2.2944663,2.2638273,1.8692317,1.7361068
mb-10145,train,2.2355285,2.2431083,1.6434526,1.6282794
mb-04711,train,1.6232493,1.6370943,1.5185139,1.4984399
mb-03522,train,1.80618,1.8159573,1.6232493,1.6336511
mb-01429,train,1.7160034,1.7610879,1.4313638,1.4176097
mb-03916,train,2.0128372,2.017282,1.5797836,1.5602574
mb-00735,train,2.161368,2.1730587,1.9637878,2.0113156
mb-01680,train,2.0791812,2.1286473,1.90309,1.9473487
mb-06151,train,2.2479732,2.222666,1.8325089,1.8260701
mb-02897,train,2.2966652,2.2229922,2.146128,2.1429367
mb-06395,train,1.7708521,1.8382567,1.1760913,1.2452906
mb-04586,train,1.30103,1.2607934,0.90309,0.91142434
mb-00172,train,1.7853298,1.8973726,1.4913617,1.6010673
mb-04532,train,2.0086002,2.0316472,1.7160033,1.7305769
mb-09664,train,1.5910647,1.9475029,1.462398,1.6168805
mb-06123,train,2.0374265,2.0568283,1.6232493,1.6466752
mb-01864,train,2.3364596,2.298061,1.8260748,1.8290355
mb-08962,train,2.0791812,2.082513,1.748188,1.7546179
mb-03667,train,1.7403626,1.7272311,1.447158,1.4833646
mb-01041,train,2.2455125,2.224475,2.139879,2.0588703
mb-08223,train,1.6020601,1.6004599,0.90309,0.953603
mb-00604,train,2.2121875,2.2462978,1.770852,1.7991472
mb-03449,train,2.089905,2.1289682,1.69897,1.7191526
mb-08163,train,1.3222193,1.3354201,1.0791812,1.0875936
mb-09824,train,1.6127839,1.5744202,1.146128,1.2048059
mb-05639,train,2.09691,2.1336298,1.6334685,1.6531175
mb-02796,train,2.264818,2.2927794,2.2624512,2.1961596
mb-09107,train,1.20412,1.2505949,0.0,-0.07600081
mb-02325,train,2.1818435,2.1508458,1.7853298,1.7632416
mb-04024,train,1.9138138,1.9321897,1.7242758,1.6475667
mb-02926,train,1.7853298,1.7938737,1.5797836,1.5639412
mb-08341,train,1.146128,1.2496561,0.9542425,1.0526593
mb-04075,train,1.5682018,1.5061051,1.3802112,1.34716
mb-04819,train,1.8325088,1.8695037,1.447158,1.4739043
mb-04830,train,1.6434526,1.6804187,1.2552725,1.2366927
mb-01872,train,1.2552725,1.3160254,1.0413927,1.1187077
mb-00907,train,2.146128,2.185496,1.770852,1.8117213
mb-00445,train,1.5185139,1.4777089,1.146128,1.2482592
mb-10571,train,2.0863597,2.0869787,1.8633229,1.8426857
mb-10064,train,1.9493899,2.1017077,1.60206,1.7132357
mb-01201,train,1.6434528,1.651028,1.4913617,1.5020949
mb-01840,train,2.1139433,2.2527301,2.1583624,2.2082958
mb-09722,train,2.1522884,2.1689968,1.8808136,1.9113468
mb-01017,train,1.7558749,1.7035894,1.39794,1.340868
mb-04787,train,1.6434526,1.5992414,1.230449,1.201715
mb-05568,train,1.7853298,1.7234262,1.3617278,1.4228446
mb-03101,train,1.8512583,1.7980099,1.50515,1.4779377
mb-06340,train,2.139879,2.1412508,1.7853298,1.7006052
mb-01321,train,1.7558749,1.745259,1.4771212,1.4507573
mb-03125,train,1.5563025,1.5202658,1.1139433,1.1099349
mb-00293,train,1.8129134,1.7921362,1.30103,1.3136106
mb-05533,train,2.230449,2.1568124,1.968483,1.9145908
mb-07652,train,1.8750613,1.5674086,1.5797836,1.3165262
mb-07070,train,2.1139433,2.1639001,1.819544,1.8546598
mb-02175,train,1.230449,1.348295,0.90309,0.9875335
mb-09084,train,1.6720978,1.5906032,1.447158,1.3858016
mb-01950,train,1.5563025,1.4172744,1.146128,1.01683
mb-01719,train,1.724276,1.7139564,1.30103,1.2906594
mb-04896,train,1.7075701,1.7683519,1.447158,1.4823337
mb-05345,train,2.178977,2.1792073,1.6434526,1.7096531
mb-09398,train,0.60206,0.622744,0.30103,0.32428932
mb-05636,train,1.4913617,1.4728732,1.30103,1.3522122
mb-08251,train,1.7323937,1.8226671,1.447158,1.5036649
mb-06678,train,1.7993406,1.7876631,1.5563025,1.4214201
mb-08409,train,2.1846914,2.138795,1.8512584,1.8273236
mb-10335,train,2.2764618,2.3476443,2.0170333,2.0764835
mb-09338,train,2.2405493,2.186015,1.908485,1.8466904
mb-09582,train,0.7781513,0.8332814,0.47712126,0.5397395
mb-09136,train,1.9294189,2.175999,1.6812413,1.8303772
mb-00657,train,2.1846914,2.1410182,1.69897,1.717691
mb-09384,train,2.1673174,2.0776305,1.7403626,1.6835202
mb-06351,train,2.2329962,2.18383,1.5682018,1.5642474
mb-02750,train,1.39794,1.4910693,1.146128,1.2139784
mb-03969,train,2.2121875,2.2652392,2.0863597,2.0408893
mb-02107,train,1.9294189,1.8892673,1.748188,1.7289207
mb-06761,train,1.8129134,1.8345804,1.1760913,1.2343036
mb-03626,train,1.724276,1.7468774,1.6532125,1.6326339
mb-10610,train,1.4313637,1.5364467,1.3222193,1.4293323
mb-05405,train,1.69897,1.699199,1.3802112,1.4050039
mb-04527,train,2.0374265,2.1234102,1.4913617,1.5506039
mb-09206,train,2.3242824,2.3143718,2.0569048,2.0677295
mb-10678,train,1.9731278,1.9691738,1.447158,1.4734344
mb-05555,train,2.429752,2.3398461,2.0334237,1.9313921
mb-00215,train,1.5563025,1.5277722,1.30103,1.3890942
mb-02284,train,1.8573325,1.8661283,1.0791812,1.1085218
mb-01652,train,1.0413927,1.0343364,0.7781513,0.7860924
mb-06302,train,1.6334684,1.6709769,0.845098,0.8725851
mb-08891,train,2.0128374,1.7908652,1.6334685,1.4646631
mb-10945,train,1.0791813,1.142462,0.7781513,0.84789294
mb-08743,train,2.071882,1.9843783,1.7323937,1.6025916
mb-00551,train,1.146128,1.5368985,1.2552725,1.4148684
mb-04041,train,1.4913617,1.5074605,1.1760913,1.1871953
mb-03154,train,1.690196,1.6354438,1.3222193,1.3725222
mb-03027,train,1.845098,1.9372324,1.5910646,1.7210602
mb-07352,train,1.1760912,1.2789274,1.0,1.1243821
mb-04367,train,2.1038036,2.1690316,1.8692317,1.8508275
mb-05705,train,2.2068257,2.2121024,1.690196,1.6948432
mb-09863,train,2.0827854,2.2524927,1.69897,1.9026005
mb-04506,train,2.0827854,2.0256941,1.6720978,1.6560125
mb-05866,train,2.2528532,2.2828188,1.9395193,1.9700648
mb-06273,train,0.69897,0.68623686,0.60206,0.548632
mb-04645,train,2.5646663,2.212872,2.3138673,1.967031
mb-00353,train,1.8692317,1.9160511,1.6532125,1.6458453
mb-07453,train,2.2648177,2.2385337,1.8864907,1.9195408
mb-07272,train,2.1760912,2.0947566,1.8633229,1.8851122
mb-06385,train,2.0827854,2.0981388,1.6627579,1.6870264
mb-07773,train,2.3344538,2.2825723,2.0086002,1.9254621
mb-08324,train,1.8388491,1.7014812,1.6232493,1.4856664
mb-02148,train,1.7075702,1.7152737,1.3617278,1.4163997
mb-06811,train,2.209515,2.1894217,1.50515,1.5626605
mb-10619,train,0.90309,0.96166056,0.60206,0.63672334
mb-09675,train,1.462398,1.3941965,1.146128,1.0929046
mb-00729,train,2.0043213,2.2205362,1.845098,1.9093034
mb-04883,train,2.0128372,1.9380889,1.69897,1.5534947
mb-05366,train,2.4361627,2.2920809,2.365488,2.2434838
mb-02546,train,2.456366,2.4991744,2.1875207,2.1729927
mb-08085,train,1.39794,1.5409658,1.2552725,1.367269
mb-07690,train,1.230449,1.3169696,0.845098,0.93927425
mb-05547,train,1.5314789,1.4879013,1.3617278,1.352247
mb-09379,train,2.1430147,2.2538216,2.1583624,2.1936023
mb-01036,train,1.7323937,1.6926414,1.30103,1.270102
mb-00168,train,1.531479,1.5369321,1.30103,1.283185
mb-07981,train,2.220108,2.2610264,1.9590414,1.974253
mb-00252,train,1.968483,1.981848,1.6434526,1.6882617
mb-02948,train,1.6020601,1.5202243,1.4313638,1.3789939
mb-00289,train,1.9084849,1.8489692,1.5910646,1.5866393
mb-02505,train,1.9637878,1.9749122,1.7403626,1.738573
mb-05484,train,1.4913617,1.5785921,1.2552725,1.4224489
mb-03733,train,1.8976271,1.8986526,1.819544,1.780136
mb-05285,train,1.30103,1.4439237,1.1760913,1.2619216
mb-10338,train,2.3096302,2.3636746,1.9444827,2.0263326
mb-08794,train,2.3996737,2.3539376,2.049218,2.0335917
mb-08181,train,1.690196,1.7341446,1.3802112,1.4005767
mb-00478,train,2.220108,2.2556612,1.9542425,1.9903791
mb-06741,train,2.2855573,2.2389703,1.819544,1.975965
mb-05344,train,2.1238518,2.1587915,1.3617278,1.4802049
mb-00095,train,2.1731863,2.1371374,1.7781513,1.7301275
mb-10220,train,2.2355285,2.1572032,2.1367207,2.0234618
mb-00564,train,2.029384,1.9727933,1.7075702,1.7292658
mb-10405,train,1.5797837,1.6771151,1.39794,1.3752937
mb-08845,train,2.1553361,1.9517707,1.8920946,1.579629
mb-03914,train,1.897627,1.9189333,1.447158,1.5956506
mb-04042,train,1.60206,1.5133464,1.447158,1.36923
mb-09335,train,2.2121875,2.1859941,1.9190781,1.8796493
mb-03166,train,1.8864907,1.8611836,1.5185139,1.5047262
mb-10902,train,1.5563025,1.6325725,1.3802112,1.492889
mb-08760,train,1.6627579,1.6169798,1.1760913,1.1409669
mb-00084,train,1.20412,1.1663097,0.9542425,0.9137939
mb-10156,train,2.1583626,2.186788,1.8512584,1.8369912
mb-04220,train,1.9956352,2.1250885,1.69897,1.8084819
mb-10556,train,1.9493899,1.937164,1.5185139,1.5709398
mb-01754,train,2.1461282,2.1471448,1.908485,1.8764911
mb-06055,train,1.8388491,1.8554411,1.4149734,1.394985
mb-09089,train,2.3443923,2.3487413,1.9190781,2.0156379
mb-08390,train,2.252853,2.1716597,1.9190781,1.8004117
mb-07293,train,2.4132996,2.3811274,2.045323,2.061918
mb-04377,train,1.6127839,1.6525607,1.4313638,1.5001805
mb-03641,train,1.5185139,1.3945479,1.0413927,0.94929355
mb-03165,train,1.9344984,1.8951558,1.7075702,1.6235706
mb-01360,train,1.7708521,2.3117893,2.1105897,2.1348836
mb-01135,train,1.3802112,1.3327055,0.9542425,0.9796882
mb-06372,train,2.3283796,2.3488896,2.0043213,2.004919
mb-08107,train,1.80618,1.6859815,1.5797836,1.5201629
mb-09606,train,2.2121875,2.177238,1.8129133,1.8336338
mb-06057,train,2.0453231,2.0843217,1.6127839,1.6003641
mb-00425,train,1.9242792,1.817417,1.7403626,1.6629759
mb-05064,train,1.9138138,1.8550481,1.763428,1.7279258
mb-06360,train,1.6434528,1.5529728,1.1760913,1.079286
mb-10350,train,2.045323,2.0617013,1.69897,1.684663
mb-05833,train,1.6532125,1.6817888,1.1760913,1.2089328
mb-07492,train,2.0170333,2.047612,1.8573325,1.9251611
mb-03190,train,1.9731278,2.0296347,1.5797836,1.556675
mb-00476,train,1.7923918,1.7418227,1.6127839,1.5805508
mb-10023,train,1.7993406,1.7556875,1.20412,1.1913176
mb-07965,train,1.7558749,1.7944587,1.447158,1.4722271
mb-09781,train,2.1583626,2.1400857,1.5440681,1.6894224
mb-01166,train,2.1903317,2.1160095,1.5563025,1.5509166
mb-00880,train,1.6532125,1.6624135,1.4913617,1.460809
mb-01876,train,1.5185139,1.620301,1.146128,1.2336183
mb-03545,train,1.7075702,1.6674092,1.50515,1.4832634
mb-07073,train,1.30103,1.380233,1.3802112,1.4371018
mb-06837,train,1.6532125,1.7821754,1.5185139,1.6198815
mb-01407,train,1.7853298,1.8083577,1.20412,1.2805622
mb-03285,train,1.7853298,1.7715129,1.5797836,1.638016
mb-10014,train,2.1238518,2.0364609,1.968483,1.8827949
mb-00749,train,1.8573326,1.8580096,1.5563025,1.5586814
mb-00970,train,2.3692157,2.3875709,2.146128,2.0658612
mb-00211,train,1.7242758,1.8016196,0.845098,0.8500962
mb-05540,train,1.845098,1.9089757,1.5910646,1.5853264
mb-02266,train,1.1139433,1.110146,0.845098,0.83829063
mb-03848,train,2.292256,2.3323312,1.763428,1.804942
mb-08842,train,1.6720979,1.6136844,1.4149734,1.3714514
mb-00142,train,1.0791813,1.0293869,0.7781513,0.7497265
mb-08178,train,1.7923918,1.8176888,1.462398,1.4908884
mb-00119,train,1.90309,1.9675847,1.69897,1.7023873
mb-00622,train,2.2253094,2.3045726,1.9344984,2.037182
mb-06865,train,1.3222194,1.3969793,1.5682018,1.5164236
mb-00229,train,1.763428,1.7397733,1.3424227,1.2985535
mb-10094,train,1.30103,1.3672364,0.90309,1.0149002
mb-01988,train,2.0644581,1.9798703,1.5440681,1.5074699
mb-07387,train,1.7558749,1.7790283,1.5314789,1.5620695
mb-01567,train,2.149219,2.2359805,1.9294189,1.9855639
mb-02842,train,1.748188,1.7468209,1.5682018,1.5365722
mb-05773,train,2.120574,2.095101,1.6720978,1.6103413
mb-07459,train,1.763428,1.8481721,1.4913617,1.4711714
mb-06198,train,1.5563025,1.4186193,1.462398,1.298976
mb-03015,train,2.4517865,2.3513756,2.38739,2.164392
mb-05095,train,2.2576785,2.2925546,2.0211892,2.032093
mb-05728,train,1.7781513,1.7705419,1.2552725,1.2557828
mb-09280,train,1.6020601,1.6098267,1.0,1.0043509
mb-01483,train,1.763428,1.7641609,1.3424227,1.3325598
mb-02476,train,2.1003704,2.084817,1.7160033,1.6858239
mb-03694,train,2.4608977,2.322761,2.3117537,2.2605236
mb-03971,train,2.146128,2.0848622,1.7853298,1.7363998
mb-00931,train,1.9138138,1.9115646,1.7242758,1.7241331
mb-03114,train,2.1303337,2.1285522,1.7160033,1.6476574
mb-00965,train,2.164353,2.1720362,1.7160033,1.6665912
mb-00450,train,2.2966652,2.3038297,1.9956352,1.9854902
mb-07876,train,2.164353,2.193816,1.8325089,1.8890388
mb-10753,train,1.7634281,1.752013,1.5682018,1.5292157
mb-09071,train,2.075547,2.012114,1.7923917,1.7453393
mb-09546,train,1.7993406,1.7393476,1.39794,1.352204
mb-07814,train,1.7558749,1.8029526,1.230449,1.2768469
mb-10012,train,1.4149733,1.5598311,1.0791812,1.1353934
mb-02998,train,1.9637878,2.004642,1.7558749,1.7512363
mb-05769,train,2.025306,2.0780928,1.6334685,1.7210516
mb-04984,train,2.2695131,2.2724252,1.7993406,1.7919238
mb-06752,train,1.6627579,1.606344,1.3617278,1.3461511
mb-04176,train,2.0791812,2.1617155,1.8750613,1.9776776
mb-04043,train,1.770852,1.7751341,1.50515,1.522305
mb-05066,train,2.292256,2.2724235,1.8692317,1.8857331
mb-04641,train,1.1139433,1.076493,0.69897,0.6917844
mb-05545,train,2.4065404,2.429528,2.143015,2.0968118
mb-04571,train,2.3242824,2.2902198,1.9444827,1.8417253
mb-00772,train,2.0,1.9841222,1.5185139,1.6105416
mb-00605,train,2.143015,2.1256459,1.8864907,1.7436093
mb-04563,train,1.9822712,2.0806642,1.7403626,1.7902907
mb-04627,train,1.7993405,1.8317821,1.3222193,1.4411579
mb-08205,train,1.20412,1.2880973,0.90309,0.9366582
mb-02605,train,1.30103,1.2695155,0.9542425,0.9449781
mb-00283,train,1.60206,1.745301,1.3222193,1.4728101
mb-06130,train,1.5682018,1.5761794,1.3802112,1.3870701
mb-07417,train,2.2278867,2.2604673,1.8325089,1.7560868
mb-04508,train,2.252853,2.2431452,1.9956352,1.9917032
mb-02232,train,1.9395193,1.9305471,1.7993406,1.7432891
mb-10679,train,2.2380462,2.3333197,1.6627579,1.7793224
mb-06658,train,2.3283796,2.285854,2.2718415,2.2375786
mb-05938,train,2.2787535,2.2366192,1.9294189,1.8065058
mb-10046,train,2.0681858,2.028677,1.6334685,1.6366285
mb-04687,train,1.6720978,1.5962936,1.447158,1.407678
mb-10163,train,1.770852,1.6819052,1.5910646,1.5077329
mb-00410,train,1.7160034,1.7132416,1.4313638,1.4488689
mb-02398,train,2.1583624,2.2581117,2.198657,2.198945
mb-00121,train,1.7558749,1.7864598,1.6434526,1.6666344
mb-02004,train,1.9822712,2.0298748,1.50515,1.6808677
mb-07975,train,1.6901962,1.711862,1.2787536,1.3013521
mb-01061,train,1.3802112,1.3872318,1.0,1.031976
mb-09668,train,1.9822712,1.9481146,1.7323937,1.7321553
mb-04344,train,1.6989701,1.567668,1.5682018,1.443436
mb-10460,train,2.5263393,2.395738,2.220108,2.0606203
mb-08066,train,1.7781513,1.7416276,1.60206,1.5825167
mb-01093,train,1.690196,2.066052,1.5314789,1.4737409
mb-10926,train,2.064458,2.0645983,1.8920946,1.8108335
mb-01247,train,1.9294189,1.9241995,1.69897,1.7567476
mb-06114,train,1.9867717,2.0200386,1.3802112,1.5492586
mb-10434,train,1.7242758,1.7995172,1.50515,1.5287085
mb-10376,train,2.045323,2.2410283,1.9912261,1.9772513
mb-06756,train,1.3617278,1.3710041,1.146128,1.1361055
mb-07625,train,1.6334685,1.5978401,1.39794,1.3889717
mb-00786,train,1.7853298,1.8647718,1.4771212,1.5013407
mb-02045,train,2.463893,2.4135623,2.1583624,2.0906794
mb-07914,train,2.075547,2.0900748,1.5563025,1.6138679
mb-03388,train,1.5797837,1.6176219,1.462398,1.4348336
mb-09012,train,2.4899585,2.355528,2.1673174,2.0993526
mb-06244,train,2.0530784,2.0212193,1.5797836,1.5828708
mb-00788,train,1.8388491,1.9118795,1.3617278,1.4041193
mb-03110,train,2.178977,2.2037227,1.9777236,1.9811304
mb-04453,train,1.7853298,1.7150407,1.5797836,1.5408224
mb-06620,train,2.133539,2.1875587,1.7323937,1.7672914
mb-01287,train,1.8573325,1.7630588,1.7075702,1.6093054
mb-04997,train,2.1731863,2.1423488,1.8388491,1.8416426
mb-03057,train,2.1903317,2.1781046,1.8920946,1.8312284
mb-01181,train,2.1105897,2.199276,1.69897,1.810854
mb-03445,train,0.69897,0.7199802,0.30103,0.33157456
mb-07008,train,1.5440681,1.4983046,1.2552725,1.2446622
mb-10297,train,2.120574,2.0947595,1.845098,1.8068621
mb-08074,train,1.6627579,1.6810188,1.39794,1.388186
mb-04726,train,1.8260748,1.7262777,1.6627579,1.5787575
mb-01477,train,1.9190781,1.9358377,1.3424227,1.4536386
mb-10341,train,1.8633229,1.8645146,1.5797836,1.5944599
mb-03000,train,2.1673172,2.1173646,2.045323,2.0261176
mb-01919,train,1.6020601,1.557927,1.4313638,1.4035752
mb-10197,train,2.5237465,2.3980658,2.2227166,2.0629046
mb-03625,train,2.089905,2.0650082,1.690196,1.701374
mb-03103,train,2.071882,2.062677,1.8129133,1.8134203
mb-04419,train,2.2329962,2.1533456,1.7781513,1.7504723
mb-09777,train,2.3159704,2.3064597,1.8808136,1.9151022
mb-00443,train,1.3802112,1.4231391,1.0,0.99533284
mb-00914,train,0.90309,0.96967554,0.60206,0.66898054
mb-09940,train,1.2787535,1.3787581,1.0791812,1.1729951
mb-08003,train,2.1760912,2.1747022,1.8864907,1.8492427
mb-01726,train,2.1003706,2.147017,1.6532125,1.6279336
mb-09913,train,2.2810333,2.287037,1.9867717,1.9195763
mb-04794,train,2.4216042,2.2435699,2.1553361,2.0301747
mb-04485,train,1.9867717,1.979407,1.9138138,1.8384478
mb-01943,train,2.209515,2.1943612,1.8750613,1.8330479
mb-00378,train,2.09691,2.104106,1.8750613,1.8520683
mb-00057,train,2.198657,2.1197433,2.0,1.967635
mb-08985,train,2.240549,2.1735897,1.9956352,1.9497923
mb-06365,train,1.5440681,1.5449104,1.3802112,1.3179449
mb-09572,train,1.6334685,1.633457,1.2787536,1.335393
mb-01330,train,2.0211892,2.0179446,1.7403626,1.7427093
mb-03478,train,2.1673174,2.40546,2.0606978,2.0780902
mb-02594,train,1.6232493,1.613045,1.20412,1.1992362
mb-03201,train,1.8450981,1.7883672,1.6334685,1.513561
mb-07247,train,2.0253057,2.1926765,1.7853298,1.7841538
mb-05513,train,1.6901962,1.6767025,1.5563025,1.5521504
mb-08612,train,1.9956352,1.969235,1.60206,1.6514274
mb-08912,train,1.5797837,1.4798062,1.39794,1.360582
mb-08368,train,2.3856063,2.322098,2.0791812,1.981478
mb-06432,train,1.9138138,1.9307857,1.50515,1.541531
mb-06339,train,2.0,2.0237136,1.770852,1.8457658
mb-08334,train,2.10721,2.1626596,1.6334685,1.6966672
mb-07234,train,2.0043213,2.0139694,1.6232493,1.6609347
mb-05714,train,2.1139433,2.009168,2.075547,1.8265747
mb-05353,train,2.0211892,2.194085,1.763428,1.9159074
mb-00371,train,2.3364596,2.265808,2.089905,2.0744085
mb-04567,train,2.2900348,2.2021823,1.908485,1.7982006
mb-04988,train,2.1702619,2.2035234,1.6812413,1.7308213
mb-06724,train,1.8750613,1.8907301,1.1139433,1.1264658
mb-02688,train,1.146128,1.2507046,0.69897,0.8388352
mb-10478,train,1.5314789,1.659639,1.3802112,1.5023438
mb-03319,train,2.1172712,2.1960733,1.6434526,1.6712412
mb-09366,train,1.9395193,1.9015304,1.7853298,1.6447271
mb-07469,train,2.0681858,2.089307,1.9956352,1.998075
mb-08285,train,1.30103,1.4975893,1.20412,1.3445528
mb-07501,train,1.3010299,1.33015,0.845098,0.90786105
mb-00025,train,1.913814,1.8841503,1.5440681,1.5492734
mb-00761,train,2.10721,2.0898545,1.8808136,1.8066415
mb-01824,train,2.4440448,2.3072333,2.365488,2.2640808
mb-07499,train,2.3053513,2.31184,1.9138138,2.080464
mb-03785,train,2.2718415,2.2710307,1.9294189,1.8465099
mb-06567,train,2.363612,2.2956758,1.9956352,1.875674
mb-03133,train,2.252853,2.2582233,1.9956352,1.8976939
mb-08939,train,2.08636,2.0551012,1.7558749,1.6926428
mb-01347,train,1.8325089,1.8121954,1.4771212,1.4241416
mb-10737,train,1.5910646,1.5629439,1.2552725,1.2450398
mb-03573,train,2.198657,2.2242641,1.8808136,1.8538228
mb-00900,train,1.4471581,1.383643,1.1760913,1.2600588
mb-08248,train,1.6334685,2.0021029,1.4313638,1.5832477
mb-03494,train,1.5797837,1.6837907,1.39794,1.4819964
mb-06965,train,2.326336,2.2405643,1.50515,1.4342811
mb-07991,train,1.7403628,1.7012209,1.3424227,1.3548644
mb-07410,train,1.6901962,1.6977514,1.4913617,1.5463423
mb-00408,train,2.2624512,2.2811646,1.9294189,1.9106885
mb-10709,train,2.1003706,2.1053782,1.6127839,1.6370622
mb-08799,train,2.0569048,2.0222461,1.69897,1.6222457
mb-00127,train,2.0934217,2.1420958,2.0,2.0305767
mb-10831,train,2.133539,2.1767926,2.0374265,2.0877006
mb-05358,train,1.6627579,1.6620126,1.2787536,1.3194437
mb-10490,train,2.1846914,2.2317526,1.690196,1.7740772
mb-06438,train,1.3802112,1.4172668,1.1139433,1.1395541
mb-08543,train,1.50515,1.4611672,1.3222193,1.3281559
mb-02340,train,1.6127839,1.8915852,1.3802112,1.6009046
mb-04058,train,1.8129133,1.8476427,1.60206,1.4924027
mb-09514,train,2.292256,2.2799046,1.9777236,1.9798872
mb-07558,train,1.7323937,1.7602519,1.3617278,1.3660204
mb-00480,train,2.2013972,2.1730242,1.8573325,1.7634156
mb-06889,train,1.4913617,1.6326452,1.3617278,1.4825583
mb-04254,train,2.1731863,2.2388768,2.0606978,2.0805452
mb-08521,train,1.8325089,1.8303263,1.0413927,1.0365303
mb-10653,train,2.049218,1.9937875,1.8976271,1.7851198
mb-06676,train,2.2405493,2.2523546,1.8692317,1.889817
mb-01251,train,2.0128372,1.9496968,1.4771212,1.4059707
mb-02450,train,1.7323937,1.7214133,1.462398,1.4529182
mb-05412,train,1.7075702,1.7030303,1.4313638,1.393161
mb-06176,train,2.434569,2.400796,2.1238515,2.078838
mb-04942,train,1.7634281,1.8050356,1.5563025,1.5444582
mb-04682,train,0.60206,0.63800895,0.60206,0.5876104
mb-10930,train,2.298853,2.3553042,2.0128372,2.0868204
mb-08383,train,1.7558749,1.9213194,1.5314789,1.6331364
mb-06167,train,2.1430147,2.174696,1.690196,1.760299
mb-05211,train,1.5185139,1.5187421,1.230449,1.2535691
mb-02217,train,1.80618,1.8058739,1.3617278,1.3916049
mb-10532,train,1.230449,1.2206395,1.0413927,1.0557232
mb-07608,train,1.5563025,1.5545921,1.1760913,1.2085218
mb-03088,train,2.049218,2.0692446,1.8808136,1.9046884
mb-10983,train,1.724276,1.7318447,1.4313638,1.5211315
mb-09354,train,2.2576785,2.21455,1.94939,1.905439
mb-10477,train,1.9777236,1.8957824,1.7853298,1.723779
mb-03156,train,2.518514,2.393209,2.1818435,2.0701308
mb-05079,train,2.075547,2.1149592,1.6720978,1.692069
mb-05629,train,1.8692317,1.8590215,1.7242758,1.7194643
mb-03635,train,1.9637878,1.9475403,1.50515,1.5580957
mb-07235,train,2.0128372,2.0008683,1.8260748,1.7369667
mb-04253,train,1.1139433,1.0973159,0.9542425,0.9423671
mb-05749,train,2.3521824,2.2679083,2.0863597,1.9378009
mb-02689,train,2.0863597,2.1022875,1.763428,1.7901812
mb-02055,train,2.0681858,2.0266294,1.5910646,1.5063869
mb-02748,train,1.3802112,1.3070087,1.0,0.9760255
mb-08886,train,1.5051501,1.5765646,1.230449,1.2570386
mb-10537,train,1.9395192,1.9039303,1.7242758,1.6594009
mb-06334,train,1.9590414,1.9872196,1.4771212,1.5186665
mb-05982,train,1.968483,1.937499,1.4313638,1.4500382
mb-09045,train,1.3010299,1.3205746,1.0413927,1.086652
mb-08836,train,2.0374265,2.0768797,1.690196,1.7348754
mb-10713,train,1.5185139,1.5477457,1.2552725,1.3181725
mb-00251,train,1.9395192,1.9788594,1.69897,1.7351868
mb-01673,train,1.6434526,1.7554855,1.3617278,1.4056287
mb-02467,train,2.2671716,2.1502452,2.064458,1.9741122
mb-01728,train,1.7634281,1.6835048,1.5440681,1.4865458
mb-04948,train,2.1846914,2.227527,2.0170333,2.0705702
mb-04332,train,1.6434528,1.7407088,1.5682018,1.618629
mb-03787,train,2.1367207,2.0467722,1.8325089,1.7463323
mb-09905,train,2.4377506,2.3490124,1.9590414,1.9028832
mb-02859,train,2.3521824,2.3273506,2.0827854,1.9903529
mb-04689,train,1.6532125,1.5388856,1.1139433,0.985383
mb-10245,train,1.5797836,1.6755815,1.0791812,1.1599442
mb-09815,train,1.6532125,1.9534093,1.39794,1.628255
mb-04244,train,1.8388491,1.8352063,1.5185139,1.4986296
mb-09030,train,2.2355285,2.18531,1.6627579,1.6239635
mb-10796,train,2.2810333,2.2805908,2.071882,2.0379064
mb-05725,train,1.9138138,1.9646941,1.3802112,1.4490247
mb-07920,train,2.0128372,2.0134563,1.5185139,1.5805495
mb-08262,train,2.10721,1.9919615,1.6532125,1.587516
mb-01070,train,1.4771212,1.5157411,1.2552725,1.2937956
mb-09176,train,1.6812413,1.7255822,1.3617278,1.4781201
mb-06141,train,1.90309,1.8692069,1.7558749,1.7269052
mb-10493,train,1.5797837,1.8266026,1.39794,1.5748957
mb-08764,train,1.0413927,1.2682843,0.9542425,1.109311
mb-00315,train,1.7708521,1.7946007,1.4913617,1.5404868
mb-06904,train,1.3010299,1.2859957,1.0413927,1.0730599
mb-10021,train,2.120574,2.0886147,1.60206,1.5715834
mb-10419,train,2.0791812,2.1068938,1.5440681,1.6788214
mb-04039,train,2.1818435,2.1163654,1.60206,1.5260837
mb-07893,train,1.9344985,1.8976448,1.5563025,1.6206825
mb-07755,train,1.30103,1.2471974,1.0,0.94610745
mb-10077,train,1.4623979,1.4519744,1.0791812,1.0783561
mb-02870,train,2.1702616,2.2307148,1.9294189,1.9080677
mb-05214,train,2.307496,2.2786696,2.0530784,2.0036652
mb-00676,train,2.064458,2.070466,1.50515,1.5356604
mb-05460,train,1.6532125,1.6492635,1.230449,1.2011545
mb-08052,train,2.2121878,2.2297554,1.6812413,1.7067391
mb-01665,train,1.3802114,1.3550746,1.1760913,1.1785158
mb-09908,train,1.8692317,1.9296553,1.3222193,1.3743024
mb-04417,train,1.8129134,1.8385229,1.5563025,1.586677
mb-09182,train,1.8692317,1.9114132,1.4771212,1.5396715
mb-05236,train,1.6901962,1.6891487,1.462398,1.4796361
mb-00291,train,2.143015,2.0795105,1.8325089,1.8019607
mb-09556,train,2.2479732,2.1774595,2.075547,1.9616871
mb-08408,train,2.198657,2.1124887,1.4149734,1.3661681
mb-00621,train,1.5797837,1.6132891,1.4913617,1.4534093
mb-07983,train,2.2900345,2.2195015,1.9344984,1.8356969
mb-04251,train,1.9493899,1.9173102,1.60206,1.6379335
mb-07087,train,1.7403628,1.7200675,1.20412,1.2195387
mb-07363,train,1.8260747,1.8672795,1.5797836,1.5632683
mb-00218,train,1.4313638,1.5814714,1.0413927,1.132816
mb-01469,train,2.1139433,2.121772,1.9637878,1.9644797
mb-04979,train,2.2148438,2.1757827,1.6627579,1.7037431
mb-07778,train,1.7242758,1.834929,1.0791812,1.1649005
mb-08750,train,2.462398,2.3567982,2.2121875,2.0557973
mb-09224,train,2.292256,2.3127775,1.7853298,1.855396
mb-02913,train,1.9867717,1.9473833,1.60206,1.6007929
mb-09233,train,1.4771212,1.4485736,1.0791812,1.0180687
mb-04546,train,2.1139433,2.1307058,1.9590414,1.8653378
mb-10117,train,2.3710678,2.3068814,2.0128372,1.9335215
mb-01289,train,1.7853298,1.7878706,1.5563025,1.546111
mb-08492,train,1.8633229,1.826671,1.7160033,1.7011752
mb-04512,train,1.1139433,1.1523278,0.845098,0.859913
mb-07441,train,2.0569048,2.080884,1.6232493,1.7854915
mb-06463,train,1.7993406,1.7554953,1.39794,1.3675375
mb-00381,train,1.748188,1.7097229,1.462398,1.4714131
mb-05524,train,2.025306,1.9470878,1.6627579,1.6435928
mb-03538,train,2.1271048,2.2129302,1.8808136,1.947719
mb-10397,train,2.2148438,2.1760082,1.845098,1.8536987
mb-06791,train,1.3979399,1.4673345,1.0791812,1.1549078
mb-02884,train,2.2455127,2.1978366,1.9242793,1.8982637
mb-04484,train,2.149219,2.1598358,1.9138138,1.8969808
mb-01518,train,2.164353,2.1868417,1.9190781,1.9800237
mb-03770,train,1.3802114,1.3748912,1.1760913,1.1708946
mb-01038,train,1.8573326,1.8536524,1.462398,1.4399093
mb-07113,train,1.2787536,1.2967546,0.47712126,0.50100994
mb-06742,train,2.0606978,2.0724573,1.7781513,1.7349474
mb-09456,train,1.5563025,1.9195778,1.3617278,1.5494995
mb-00616,train,1.3617278,1.3064697,0.845098,0.8042815
mb-05602,train,1.7160033,1.7273874,1.4771212,1.450296
mb-05422,train,1.1760913,1.1395533,0.7781513,0.7435873
mb-00819,train,2.3502479,2.3797565,2.0253057,2.0389156
mb-07075,train,2.130334,2.1354337,1.3802112,1.259801
mb-05292,train,2.1172712,2.0372596,1.748188,1.6809745
mb-06408,train,1.6434526,1.8388859,1.5185139,1.6374644
mb-02899,train,1.1760912,1.1819787,1.0791812,1.0988286
mb-08964,train,2.0791812,2.0678616,1.60206,1.5486828
mb-04617,train,1.6901962,1.6266285,1.6334685,1.507857
mb-04915,train,1.6532124,1.7511151,1.5314789,1.6430856
mb-08115,train,1.5440681,1.5591059,0.9542425,0.9735742
mb-00081,train,2.2121875,2.189257,1.9777236,1.8746201
mb-01410,train,1.8976271,1.8667288,1.6127839,1.5625434
mb-10476,train,1.1760912,1.3019174,1.0,1.1154304
mb-08514,train,2.3117537,2.3576086,2.0211892,2.0336304
mb-03443,train,1.7242758,1.6980423,1.5797836,1.5730666
mb-01637,train,1.6532125,1.6778638,1.1760913,1.2222762
mb-09149,train,1.8388491,1.8236241,1.5563025,1.5591642
mb-09953,train,1.770852,1.8102324,1.5314789,1.566602
mb-02562,train,1.7853298,1.7932351,1.4313638,1.4929819
mb-09805,train,2.0043213,2.1274028,1.4771212,1.6095163
mb-04462,train,1.5563025,1.6114254,1.0,1.0545884
mb-02794,train,2.3283796,2.2265656,2.071882,2.0229912
mb-09360,train,2.2810333,2.2693944,2.0211892,1.9770821
mb-08111,train,2.0086002,1.9809611,1.8976271,1.7746662
mb-09287,train,1.5185139,1.5294974,1.2552725,1.2417247
mb-05337,train,2.0569048,2.0300493,1.7993406,1.8191739
mb-03535,train,1.7781513,1.7465333,1.5797836,1.5755203
mb-05729,train,2.0681858,2.0981116,1.3222193,1.3546925
mb-10207,train,2.1903317,2.1641352,1.819544,1.8876977
mb-05896,train,1.8976271,1.9829102,1.5314789,1.5403831
mb-02142,train,2.0374265,2.0711324,1.6127839,1.6838145
mb-06556,train,2.30103,2.4039383,2.0530784,2.0832262
mb-08215,train,2.1038036,2.0937047,1.50515,1.5291967
mb-00626,train,1.724276,1.6720171,1.3424227,1.3104122
mb-01559,train,2.350248,2.3731318,1.968483,2.0501454
mb-01717,train,1.6989701,1.7186532,1.2787536,1.2770464
mb-02164,train,2.1303337,2.0675673,1.9294189,1.8544759
mb-08981,train,1.9190781,1.8178838,1.4149734,1.3538555
mb-07277,train,2.4183013,2.3599005,1.9542425,2.026795
mb-03605,train,2.1271048,2.009506,1.9822712,1.8725455
mb-10489,train,0.47712126,0.571459,0.30103,0.32738912
mb-03132,train,1.8633229,1.8640931,1.4771212,1.445334
mb-03307,train,2.5854607,2.3757675,2.445604,2.0650573
mb-00912,train,1.8573325,1.8546127,1.7242758,1.7103627
mb-05473,train,2.238046,2.2136488,2.1818435,2.1417115
mb-04214,train,1.8808136,1.8532188,1.7242758,1.7269895
mb-02966,train,1.6627579,1.6045674,1.39794,1.3307393
mb-06107,train,1.929419,1.8939421,1.5563025,1.5093563
mb-01086,train,2.1105897,2.1564744,1.6720978,1.7809374
mb-02240,train,1.8388491,1.8267995,1.4913617,1.4515922
mb-06653,train,1.4313638,1.2189419,1.146128,1.0236304
mb-00961,train,1.9294189,2.0267148,1.8573325,1.9132143
mb-10227,train,1.763428,1.7788713,1.3802112,1.3356942
mb-05844,train,2.2121875,2.1957114,1.763428,1.748823
mb-09989,train,1.50515,1.5661893,1.1139433,1.1767085
mb-10237,train,2.0530784,2.1204357,1.6532125,1.7010727
mb-09652,train,2.3463528,2.2812445,2.0681858,1.9770893
mb-07498,train,1.6334685,1.6701922,1.462398,1.4658163
mb-07443,train,1.7558749,1.7363143,1.3617278,1.3657619
mb-03558,train,2.120574,2.148213,1.7242758,1.7531009
mb-06118,train,2.4281347,2.3642817,2.0043213,1.9956304
mb-02152,train,1.8692317,1.7458675,1.5440681,1.4766544
mb-04216,train,1.7403626,1.8370669,1.6232493,1.6914797
mb-08016,train,2.071882,2.0626507,1.7993406,1.7699987
mb-04083,train,1.9190781,1.9809147,1.5910646,1.6001647
mb-04889,train,1.8512583,1.978977,1.447158,1.5670754
mb-02124,train,2.2600713,2.2625747,1.8808136,1.8535205
mb-02020,train,2.1430147,2.1651628,1.7242758,1.7927349
mb-00826,train,1.6720979,1.7046435,1.4313638,1.4635451
mb-00858,train,1.9777236,2.063417,1.7403626,1.8227861
mb-07817,train,2.0827854,1.9968945,1.5910646,1.516837
mb-01294,train,2.0791812,2.0881927,1.9242793,1.934011
mb-05856,train,2.3117537,2.3339744,2.0043213,1.975626
mb-06942,train,2.1303337,2.1304467,1.763428,1.7146851
mb-09611,train,2.1818435,2.1590939,1.8325089,1.8378795
mb-07795,train,2.2900345,2.2878115,1.9444827,1.9240475
mb-08008,train,2.1583626,2.2277782,1.9395193,1.9693589
mb-02387,train,1.6232493,1.5702927,1.4313638,1.3100137
mb-06325,train,2.1003704,2.0443785,1.5314789,1.4960319
mb-07601,train,1.2552725,0.8625189,1.30103,0.97803473
mb-06931,train,1.9242792,1.8858508,1.3617278,1.3418857
mb-08773,train,2.025306,2.080555,1.5563025,1.6172458
mb-04296,train,1.8633229,1.8194015,1.69897,1.6823028
mb-03502,train,1.6127839,1.6139175,1.4313638,1.4623654
mb-04215,train,1.7403628,1.7725849,1.6334685,1.645139
mb-09563,train,1.4771212,1.6251678,1.3222193,1.4053893
mb-02559,train,1.30103,1.374715,0.7781513,0.8639973
mb-07913,train,2.049218,2.1724918,1.819544,1.9228154
mb-05309,train,2.0043213,1.9700729,1.770852,1.756285
mb-05593,train,2.4183013,2.3991144,2.0934217,2.06642
mb-06220,train,2.10721,2.1117175,1.763428,1.8073318
mb-02244,train,1.8692317,1.711704,1.3222193,1.1732212
mb-07588,train,2.447158,2.3658767,2.1958997,2.039956
mb-09916,train,0.69897,0.6976415,0.47712126,0.45861423
mb-04779,train,2.326336,2.327474,2.0934217,2.0060458
mb-01797,train,2.2278867,2.2543006,1.1139433,1.1541961
mb-00272,train,1.4913617,1.5490816,1.20412,1.2452892
mb-00195,train,2.4843,2.3663983,2.25042,2.1309724
mb-09594,train,2.3579347,2.2632682,2.1583624,2.020407
mb-09370,train,2.0530784,2.0952141,1.748188,1.7725252
mb-00461,train,2.2552724,2.2901351,2.0043213,2.0716922
mb-01760,train,1.7242758,1.6416692,1.3802112,1.3757253
mb-06292,train,1.5314789,1.4775376,1.1139433,1.1150316
mb-10899,train,1.6434528,1.5935682,1.30103,1.2576497
mb-06743,train,1.39794,1.3426007,1.0,0.9795156
mb-04899,train,2.1238518,2.1675267,1.968483,1.949181
mb-02550,train,2.1238515,2.2700472,2.139879,2.2125044
mb-07926,train,2.230449,2.2906806,2.198657,2.2679703
mb-05859,train,2.1105897,2.065604,1.6232493,1.5794481
mb-09112,train,1.8325088,1.6664872,1.3222193,1.1736182
mb-04999,train,1.3617278,1.3299308,1.1139433,1.0665443
mb-08864,train,1.8692318,1.7607965,1.4313638,1.3529636
mb-06508,train,1.69897,1.6314217,1.5314789,1.4839947
mb-09523,train,2.089905,2.2444456,1.8864907,2.0288203
mb-03070,train,1.0791812,1.0992161,0.845098,0.90052146
mb-03574,train,1.7558749,1.7428427,1.4313638,1.4441602
mb-09194,train,2.262451,2.2709222,2.1038036,2.1756501
mb-05500,train,0.9542425,1.052423,0.69897,0.7629458
mb-08029,train,1.146128,1.0248051,0.90309,0.77732813
mb-03425,train,1.6627579,1.6347424,1.5185139,1.5144608
mb-01981,train,1.69897,1.5727149,1.3802112,1.3063376
mb-10314,train,2.0827854,2.0817666,1.7242758,1.8868089
mb-08065,train,2.2121875,2.166318,1.770852,1.7553924
mb-05193,train,1.8325088,1.7786746,1.5797836,1.4800663
mb-03707,train,2.20412,2.210891,1.7781513,1.7864827
mb-06850,train,2.1367207,2.0444915,1.748188,1.5775735
mb-09057,train,2.149219,2.1869469,1.5314789,1.5294063
mb-09104,train,1.8325089,1.8511462,1.3802112,1.3351532
mb-01108,train,1.0,1.027248,0.7781513,0.78777826
mb-08715,train,2.1522884,2.1951509,1.748188,1.7539191
mb-04011,train,1.5185139,1.5073317,1.3222193,1.3623654
mb-06037,train,1.7558749,1.7291933,1.5910646,1.575317
mb-06104,train,2.3344536,2.3358889,2.049218,1.982913
mb-10186,train,1.9395193,1.9596514,1.6627579,1.6147162
mb-09930,train,1.30103,1.3740306,1.30103,1.4208047
mb-02121,train,1.5910646,1.637386,1.3222193,1.3214905
mb-04490,train,1.690196,1.7172105,1.0,1.0575333
mb-02516,train,1.9138138,1.9609458,1.39794,1.4407679
mb-01558,train,2.049218,2.0532522,1.770852,1.7084057
mb-06000,train,2.2253094,2.2523365,1.8512584,1.8827655
mb-04812,train,1.9822712,2.04392,1.690196,1.71959
mb-10950,train,1.9637878,1.9747335,1.60206,1.6429282
mb-06315,train,1.8512584,1.7995157,1.39794,1.3850406
mb-06451,train,1.7993406,1.803104,1.462398,1.4185504
mb-08587,train,2.1105897,2.136162,1.5440681,1.6018792
mb-04513,train,1.8692317,1.8735492,1.6232493,1.5874661
mb-10311,train,2.3996737,2.2410762,1.9395193,1.8413031
mb-06513,train,2.2966652,2.381048,2.0374265,2.0405176
mb-04370,train,1.3617278,1.3070204,1.146128,1.0597409
mb-09728,train,2.10721,2.2282767,1.8512584,1.9021374
mb-04347,train,1.748188,1.7061135,1.230449,1.2301216
mb-09709,train,2.25042,2.1827474,1.4771212,1.4240123
mb-06639,train,1.146128,1.097373,0.9542425,0.9425128
mb-05117,train,2.243038,2.2198114,2.146128,2.121302
mb-01456,train,1.8573326,1.6656055,1.5440681,1.37596
mb-05736,train,1.8325088,1.8191754,1.3222193,1.3294066
mb-05361,train,1.518514,1.8205639,1.5563025,1.7014127
mb-07217,train,1.6127839,1.5806907,1.4149734,1.3254546
mb-01269,train,2.0,1.9204696,1.3222193,1.2495594
mb-07450,train,2.1875207,2.0294185,1.6434526,1.5778553
mb-05952,train,2.2787538,2.244747,1.94939,1.9224757
mb-08786,train,2.3926969,2.38958,2.0170333,2.0633814
mb-08576,train,1.8512583,1.8609469,1.3802112,1.4316452
mb-07838,train,2.4533184,2.4304395,2.071882,2.1010852
mb-06654,train,1.770852,2.2427397,1.9344984,1.979042
mb-01118,train,1.4149734,1.3074267,1.1139433,0.98933214
mb-04094,train,1.9542425,1.9261284,1.6720978,1.661247
mb-01721,train,2.071882,2.062409,1.7853298,1.7705634
mb-10360,train,1.6627579,1.7352206,1.4313638,1.5013595
mb-05799,train,1.9444827,1.9007246,1.60206,1.5758673
mb-09321,train,2.1760912,2.0448327,1.6720978,1.6523161
mb-10382,train,2.0374265,2.2129188,1.69897,1.8254911
mb-05945,train,1.9444827,2.044404,1.5682018,1.6648544
mb-03265,train,1.9777236,2.0040958,1.8750613,1.79384
mb-03541,train,1.4771214,1.4209737,1.3424227,1.283911
mb-09382,train,2.1673174,2.1476083,1.6812413,1.6535263
mb-08537,train,1.5440681,1.626251,1.0413927,1.1323948
mb-02189,train,1.8920946,1.9120086,1.5440681,1.5951685
mb-00468,train,1.8920946,1.9091356,1.5440681,1.6282817
mb-09505,train,1.8864907,1.8560332,1.690196,1.6368431
mb-00849,train,1.7558749,1.7870253,1.3617278,1.382731
mb-09417,train,0.84509814,1.3974634,1.1760913,1.1183773
mb-10781,train,2.1139433,1.9671981,1.9344984,1.8697467
mb-00131,train,2.0086002,1.985809,1.6627579,1.6992943
mb-07065,train,2.3283796,2.2857838,2.2718415,2.237942
mb-02446,train,2.4116197,2.2456157,1.8573325,1.7452421
mb-06727,train,2.139879,2.132262,2.0569048,2.0291383
mb-03932,train,2.0934217,2.0505457,1.7075702,1.7027375
mb-05839,train,2.2855573,2.277396,1.7558749,1.8119222
mb-02508,train,2.1731863,2.0472193,1.9344984,1.8698671
mb-09655,train,2.029384,2.003313,1.4313638,1.5033654
mb-02986,train,2.198657,2.2467346,1.7993406,1.8300551
mb-00754,train,2.2148438,2.1672924,1.8750613,1.7306079
mb-04708,train,2.1702619,2.2524035,1.80618,1.9204869
mb-07586,train,1.3424227,1.4195069,1.2552725,1.2146428
mb-04147,train,1.748188,1.7459707,1.4771212,1.4651864
mb-05195,train,2.1583624,2.1019125,1.8808136,1.885588
mb-08749,train,2.0128372,2.0001402,1.5563025,1.5590491
mb-06310,train,2.209515,2.2064967,1.8633229,1.8197923
mb-02554,train,1.7075701,1.5060456,1.3222193,1.2505535
mb-10200,train,2.049218,2.0367804,1.6720978,1.6960257
mb-09403,train,2.0128372,1.8582162,1.770852,1.5816171
mb-00401,train,1.5440681,1.5946662,1.3424227,1.3385719
mb-09629,train,2.09691,2.1525655,1.60206,1.6224846
mb-10394,train,1.7323937,1.7145739,1.5185139,1.460688
mb-03645,train,1.8808136,1.7979121,1.5563025,1.5284553
mb-10829,train,1.7993406,1.7665443,1.6812413,1.652133
mb-06592,train,1.1139433,1.1405456,0.845098,0.84287316
mb-03043,train,2.3856063,2.2982473,1.9444827,1.8845749
mb-07678,train,2.0211892,2.0886157,1.5797836,1.6299282
mb-02706,train,2.2671719,2.2755628,2.0,1.9810605
mb-10413,train,1.7160033,1.813517,1.50515,1.5678617
mb-05563,train,2.220108,2.200589,1.763428,1.7860043
mb-10948,train,1.7708521,1.7172107,1.4149734,1.3986664
mb-10289,train,1.6334685,1.6204295,1.3424227,1.3095603
mb-05048,train,1.7993406,1.7744014,1.6532125,1.6430309
mb-05281,train,1.9956353,1.9042697,1.146128,1.0789033
mb-08255,train,1.690196,1.6963811,1.50515,1.5472652
mb-00214,train,1.6127838,1.6200354,1.3222193,1.3474171
mb-09334,train,2.2624512,2.2556462,1.9637878,1.9046804
mb-00640,train,1.845098,1.6904197,1.20412,1.1497142
mb-05479,train,2.2988532,2.3120337,1.8325089,1.8418912
mb-00111,train,1.8750613,1.8999101,1.462398,1.4874433
mb-08668,train,2.1673174,2.1912794,1.7923917,1.7837349
mb-02773,train,1.6127839,1.6297095,1.4149734,1.36361
mb-06261,train,2.075547,2.113352,1.6434526,1.6684707
mb-10395,train,2.1038036,2.0947728,1.9590414,1.922275
mb-00841,train,2.5145478,2.3911426,2.292256,2.05903
mb-08077,train,1.8388492,1.7924726,1.6127839,1.5164547
mb-10483,train,2.0606978,2.0849593,1.6812413,1.6909807
mb-05402,train,2.0128372,2.1177301,1.8808136,1.9325448
mb-10749,train,1.6127839,1.5717924,1.2552725,1.1953583
mb-02894,train,2.1673174,2.1457005,1.845098,1.8346643
mb-09528,train,1.9542425,1.8657261,1.7323937,1.6002117
mb-10642,train,2.2718418,2.2133222,1.7993406,1.8704064
mb-07952,train,2.08636,2.1042905,1.5563025,1.5798787
mb-07077,train,1.1760913,1.3533481,0.9542425,1.142179
mb-00135,train,0.69897,0.7717377,0.69897,0.69121355
mb-10132,train,2.0530784,2.0737696,1.60206,1.6864545
mb-06336,train,1.763428,1.6901083,1.3424227,1.3296227
mb-02229,train,1.8260748,1.8006897,1.5682018,1.5459026
mb-05310,train,2.071882,2.0943515,1.6127839,1.6576239
mb-06393,train,2.25042,2.3709874,1.8976271,2.0637155
mb-10680,train,2.2764618,2.2832713,1.763428,1.7975415
mb-06321,train,2.0413928,2.034715,1.5563025,1.58462
mb-05931,train,2.149219,2.324141,1.8260748,1.9552633
mb-00721,train,2.2648177,2.2265375,1.9822712,1.8729647
mb-08959,train,1.9542425,2.0188658,1.7160033,1.7314032
mb-06982,train,1.146128,1.1770729,0.7781513,0.7549984
mb-05731,train,1.8750613,1.7239528,1.5563025,1.3781157
mb-01847,train,2.2405493,2.224917,1.9344984,1.9525615
mb-00674,train,2.3053513,2.186435,1.9294189,1.8040744
mb-03782,train,2.0569048,2.0800123,1.9138138,1.8501273
mb-04838,train,1.7708521,1.800967,1.230449,1.2572446
mb-10855,train,1.7160033,1.7673122,1.3617278,1.4000255
mb-00091,train,1.6127839,1.6535801,1.5682018,1.5240452
mb-07508,train,2.1139433,2.1270907,1.5185139,1.5168959
mb-01411,train,1.2787535,1.218891,0.845098,0.81007165
mb-04119,train,1.2552724,1.266224,1.0791812,1.0952127
mb-10134,train,1.4913617,1.6667141,1.0413927,1.1990148
mb-06571,train,1.8195438,1.9939904,1.5314789,1.7052003
mb-05499,train,1.4771214,1.4470109,1.20412,1.1921118
mb-08908,train,2.10721,2.0514684,1.8692317,1.779447
mb-01172,train,1.6232493,1.5116177,1.30103,1.2269078
mb-01907,train,1.7323937,1.7501531,1.3617278,1.382493
mb-02030,train,2.3263357,2.3252726,2.0293837,1.9383129
mb-06884,train,1.60206,1.6441647,1.5797836,1.483488
mb-03947,train,2.3996737,2.3534863,1.819544,1.8198892
mb-07244,train,1.9637878,1.8996301,1.7853298,1.6174084
mb-10307,train,1.230449,1.2516451,0.69897,0.79321694
mb-01720,train,2.2455127,2.2738538,2.0,2.013676
mb-06492,train,1.7403628,1.7489849,1.462398,1.4173661
mb-02418,train,1.6232493,1.6717817,1.5563025,1.5565767
mb-06717,train,2.283301,2.2045395,1.9344984,1.7831857
mb-08645,train,2.2041202,2.095886,1.4313638,1.3574203
mb-06255,train,2.1238515,2.0958555,1.748188,1.6556941
mb-05447,train,1.8750613,1.6852045,1.447158,1.349514
mb-05778,train,2.1105897,2.116916,1.447158,1.4437361
mb-04350,train,1.748188,1.7146134,1.230449,1.2189089
mb-02507,train,2.3424227,2.351903,1.9190781,1.861063
mb-03313,train,1.7993405,1.8712113,1.7403626,1.7386501
mb-07606,train,2.3424227,2.3336883,2.0569048,2.0650423
mb-10087,train,2.1673174,2.1597297,1.90309,1.9838653
mb-09948,train,2.3856063,2.530326,2.1903317,2.204971
mb-04239,train,1.3424227,1.3714134,1.1139433,1.1288184
mb-03774,train,2.1731863,2.1572866,2.0170333,2.0091343
mb-09915,train,1.4771214,1.5167834,1.2787536,1.3906808
mb-04908,train,2.274158,2.3268008,2.120574,2.2246218
mb-02937,train,2.1553361,2.231455,1.7781513,1.7894065
mb-02596,train,1.5563025,1.4623986,1.2552725,1.2122587
mb-07839,train,1.8920946,1.944752,1.6127839,1.6619961
mb-03483,train,1.7075702,1.7784113,1.50515,1.5308007
mb-04060,train,2.1461282,2.1372023,1.7075702,1.7166545
mb-08990,train,2.217484,2.183258,2.0170333,1.9583814
mb-10226,train,1.6720979,1.7312181,1.20412,1.2074673
mb-02154,train,2.149219,2.0610151,1.8260748,1.7145908
mb-09920,train,2.2900345,2.3227398,1.819544,1.9004158
mb-02040,train,1.9867718,2.0116808,1.2552725,1.2574846
mb-01582,train,2.075547,2.0294375,1.748188,1.6684899
mb-07646,train,1.8129134,1.863529,1.30103,1.2242923
mb-07881,train,1.4313637,1.4963235,1.6434526,1.458749
mb-06956,train,1.7708521,1.5847735,1.39794,1.2774224
mb-04705,train,1.0791813,1.0447385,0.7781513,0.7550711
mb-01173,train,2.1522884,2.0279775,1.7853298,1.6672363
mb-03872,train,1.9822712,1.9908434,1.8976271,1.8038172
mb-03705,train,2.3364596,2.333411,1.8325089,1.8407234
mb-05817,train,1.8808136,1.9191229,1.6627579,1.7104717
mb-03954,train,2.3384566,2.3440182,2.2764618,2.1864035
mb-05994,train,1.8976271,1.903069,1.7323937,1.7355509
mb-00668,train,1.9444827,1.9249207,1.6232493,1.6171964
mb-06887,train,1.8633229,1.8764085,1.5185139,1.5343808
mb-04977,train,2.0413926,2.0222816,1.8388491,1.8842926
mb-05286,train,1.8750613,1.8095253,1.7242758,1.7021422
mb-00850,train,1.7160034,1.7359071,1.230449,1.264389
mb-00714,train,2.1931245,2.1568797,1.8750613,1.8563356
mb-06119,train,2.3096302,2.3261013,1.9731278,1.9550897
mb-02968,train,2.2253094,2.2254548,1.6532125,1.6856034
mb-07542,train,2.0086002,1.9565512,1.7993406,1.7384539
mb-02765,train,1.8976271,1.6534495,1.5440681,1.4141408
mb-01514,train,1.7708521,1.8051622,1.462398,1.4691546
mb-02942,train,2.1271048,2.077622,1.770852,1.7579172
mb-06576,train,2.1398792,2.1488976,1.819544,1.8588425
mb-08888,train,1.929419,1.8207989,1.5682018,1.4837513
mb-06634,train,2.243038,2.2197862,2.146128,2.1212468
mb-01223,train,1.8692317,1.8224564,1.690196,1.6378025
mb-01284,train,2.1931245,2.0662746,1.5185139,1.4289567
mb-07442,train,1.230449,1.2261475,1.146128,1.1655259
mb-03691,train,2.2121875,2.1350238,1.8325089,1.7264726
mb-02905,train,2.10721,2.0785108,1.9138138,1.8546828
mb-09196,train,2.0569048,2.0693567,1.7323937,1.7357665
mb-10211,train,1.9867718,2.023887,1.7075702,1.7051773
mb-04593,train,1.90309,1.8561629,1.7993406,1.6965575
mb-08091,train,2.1673174,2.13875,1.8750613,1.8455412
mb-08917,train,1.6232493,1.6822758,1.4313638,1.5100571
mb-09304,train,1.8129134,1.7346289,1.3617278,1.2656741
mb-04460,train,1.9084849,1.8606106,1.6720978,1.6405267
mb-00462,train,2.2764618,2.3139167,2.1271048,2.12128
mb-10222,train,1.8195438,1.6933221,1.60206,1.4711376
mb-03344,train,1.6434526,1.5609188,1.230449,1.1964754
mb-07467,train,0.69897,0.59615517,0.30103,0.21680093
mb-01231,train,1.9190781,1.9953442,1.8260748,1.8349507
mb-05711,train,1.2552725,1.268576,1.1139433,1.1389334
mb-06355,train,2.230449,2.3350742,1.9138138,1.9759684
mb-02727,train,2.2479732,2.2414925,2.0170333,1.9585161
mb-10380,train,1.5563025,1.5268741,1.0413927,1.0598409
mb-09575,train,2.130334,2.1248305,1.8260748,1.7523742
mb-10699,train,2.133539,2.1455443,1.462398,1.5037467
mb-03323,train,1.7075703,1.7382033,1.1760913,1.2471136
mb-03035,train,2.1003706,2.1566992,1.8512584,1.8886617
mb-09209,train,2.1931245,2.1626742,1.60206,1.5720495
mb-05114,train,1.8260748,1.8194872,1.230449,1.2998025
mb-10607,train,2.2121875,2.213647,1.3617278,1.4085902
mb-04921,train,1.361728,1.3921934,1.1760913,1.1856664
mb-00990,train,2.130334,1.9480085,1.8920946,1.7055461
mb-06409,train,1.6232493,1.6749331,1.1760913,1.2293624
mb-02333,train,1.6127839,1.5494013,1.4149734,1.402625
mb-02220,train,2.7411516,2.1791234,1.7323937,1.600229
mb-06224,train,1.8388491,1.8401748,1.4913617,1.4967725
mb-02054,train,2.3944516,2.380333,2.09691,2.0537438
mb-06627,train,1.6532125,1.7109509,1.20412,1.3284223
mb-02941,train,2.075547,2.0615144,1.7242758,1.7076849
mb-04139,train,2.1367207,2.1186228,1.4771212,1.4625922
mb-09053,train,2.089905,2.1144621,1.690196,1.7526945
mb-01502,train,2.064458,2.015863,1.9294189,1.8311741
mb-02847,train,1.9294189,1.9599059,1.5910646,1.6630322
mb-02625,train,1.9190781,1.8801099,1.8260748,1.7141294
mb-07762,train,2.0569048,2.0481176,1.748188,1.6766022
mb-00538,train,1.3979399,1.1225584,1.0791812,0.80477244
mb-04284,train,2.2479732,2.2007833,2.089905,2.0183125
mb-02202,train,1.8325089,1.8243885,1.5314789,1.4818681
mb-03017,train,2.5658476,2.4090705,2.2552724,2.07845
mb-09747,train,1.5563025,1.6033931,1.230449,1.3161712
mb-09459,train,1.7323937,1.6637707,1.1139433,1.1686722
mb-09830,train,2.1702619,2.1356895,1.8260748,1.8406118
mb-02029,train,2.25042,2.1775084,1.968483,1.8487644
mb-07044,train,1.770852,1.7499642,1.3222193,1.3312178
mb-03202,train,2.1105897,2.1319194,1.4913617,1.5168356
mb-00191,train,1.9444828,1.8083932,1.4313638,1.3611286
mb-06587,train,1.20412,1.3397802,0.9542425,1.0899826
mb-02985,train,2.361728,2.2371964,2.1105897,1.9551909
mb-09579,train,2.3117537,2.3076396,1.5797836,1.677764
mb-10916,train,2.6394863,2.2958033,2.7176704,2.254869
mb-10475,train,1.6127839,1.9828012,1.3617278,1.6755793
mb-08854,train,1.5185139,1.6514702,1.0,1.156942
mb-02577,train,1.9242792,2.0321765,1.7160033,1.7717775
mb-07919,train,1.4471581,1.370393,1.146128,1.1140594
mb-05053,train,2.252853,2.256465,1.8920946,1.8684468
mb-07422,train,1.9822713,1.9958949,1.4913617,1.5327774
mb-02675,train,2.423246,2.353774,1.9731278,1.9292653
mb-05937,train,2.0827854,2.0832448,1.3802112,1.4513235
mb-04579,train,1.8260748,1.8475363,1.6532125,1.6614943
mb-04597,train,2.3579347,2.3624742,2.0334237,2.0241325
mb-00286,train,1.4771212,1.3140824,1.146128,1.1357245
mb-00031,train,2.0043213,1.992228,1.7160033,1.6721568
mb-06955,train,2.2430382,2.2446773,1.90309,1.9911578
mb-07066,train,2.178977,2.1468205,1.845098,1.7755804
mb-10288,train,2.1583624,2.2211719,1.7242758,1.8215313
mb-01584,train,1.5051501,1.4986106,1.1760913,1.1907028
mb-05999,train,2.0569048,2.0713708,1.60206,1.60885
mb-02424,train,1.2552725,1.2449507,1.1139433,1.1077987
mb-07726,train,1.7634281,1.6912403,1.462398,1.3549213
mb-01416,train,1.361728,1.3808284,1.20412,1.234795
mb-00418,train,2.161368,2.2304666,2.049218,2.06574
mb-00375,train,2.2355285,2.2013562,1.7853298,1.7208905
mb-08483,train,0.69897,0.8249348,0.47712126,0.56128365
mb-03547,train,1.8864907,1.8840027,1.5797836,1.4921504
mb-10093,train,1.4913616,1.4703203,1.447158,1.4326509
mb-07824,train,2.045323,2.0419896,1.7242758,1.7189875
mb-00673,train,2.356026,2.3137624,2.1731863,2.1148338
mb-03761,train,1.94939,1.9517424,1.5440681,1.554983
mb-03765,train,1.9912261,2.0300822,1.8512584,1.9185902
mb-10435,train,2.10721,2.1161911,1.80618,1.7852646
mb-07309,train,1.8692317,1.9054204,1.6720978,1.6390951
mb-01189,train,1.5910646,1.6645489,1.3222193,1.4207078
mb-01683,train,2.206826,2.2107625,1.9444827,1.8975108
mb-08798,train,1.7708521,1.7751476,1.462398,1.4340843
mb-01192,train,2.243038,2.2276301,2.045323,2.0302548
mb-03982,train,1.770852,1.7405617,1.3222193,1.2886927
mb-01243,train,2.376577,2.3568525,2.243038,2.1287858
mb-07317,train,1.6627579,1.7819333,1.230449,1.2322209
mb-06855,train,1.7160034,1.728472,1.230449,1.2703495
mb-03120,train,2.2787538,2.3105526,2.2405493,2.2311354
mb-06095,train,2.2479732,2.1407104,1.8573325,1.778348
mb-03087,train,2.1139433,2.1332006,1.80618,1.7499207
mb-07800,train,2.2355285,2.2631056,2.0374265,2.010774
mb-03064,train,2.09691,2.1668859,1.69897,1.7346475
mb-04884,train,1.863323,1.8441406,1.30103,1.2972229
mb-04489,train,1.8920946,1.927891,1.6127839,1.7393112
mb-03793,train,1.832509,1.7972043,1.5440681,1.520477
mb-00886,train,2.089905,2.0961823,1.9344984,1.8582873
mb-09023,train,1.6627579,1.6008701,1.0413927,1.0154583
mb-09560,train,1.146128,1.028214,0.90309,0.8141279
mb-02972,train,1.7403628,1.9405395,1.7781513,1.8695536
mb-10271,train,2.220108,2.2432208,1.9242793,1.9588219
mb-04387,train,2.30103,2.2846236,1.8920946,1.9008032
mb-04474,train,1.8388491,1.802357,1.5185139,1.4961696
mb-10326,train,1.897627,1.9155064,1.6720978,1.7225066
mb-05934,train,2.1238518,2.1407533,1.5682018,1.596961
mb-07701,train,1.9956353,1.90321,1.80618,1.7486222
mb-06679,train,1.3424227,1.3441044,1.1139433,1.148175
mb-04467,train,1.9590415,1.9355464,1.4913617,1.5213201
mb-07636,train,0.90308994,0.9371909,0.845098,0.8116972
mb-10979,train,2.3344538,2.2210505,1.8976271,1.8889397
mb-01430,train,2.382017,2.3918762,2.045323,2.0609145
mb-10635,train,1.4771214,1.5052718,1.20412,1.1858279
mb-02206,train,1.7993405,1.7608708,1.50515,1.4950045
mb-09021,train,1.39794,1.3097144,1.20412,1.1334726
mb-07159,train,1.6334685,1.6349,1.462398,1.4745475
mb-04671,train,2.2174838,2.2129428,2.0293837,2.0347419
mb-10548,train,2.4653828,2.3514853,2.1731863,2.1174307
mb-10254,train,2.3673558,2.235752,1.6434526,1.5625582
mb-03784,train,1.9242793,1.9900311,1.6627579,1.7503188
mb-01404,train,1.9444827,1.9102477,1.6434526,1.6430024
mb-01795,train,2.071882,2.0427704,1.8512584,1.8355086
mb-08224,train,2.2648177,2.2046826,2.049218,2.006657
mb-03580,train,1.770852,1.7061265,1.5797836,1.5657389
mb-09649,train,1.6720979,1.6082325,1.462398,1.4674541
mb-10196,train,2.1818435,2.1482768,1.7781513,1.745129
mb-10839,train,2.0043213,2.0094728,1.3617278,1.3869534
mb-01790,train,1.9731278,2.104609,1.908485,1.8792148
mb-01259,train,1.447158,1.375123,1.1139433,1.048773
mb-07627,train,2.365488,2.3390794,2.0606978,2.0208628
mb-02933,train,1.361728,1.3346528,1.20412,1.1617528
mb-04166,train,1.3424227,1.3648605,0.9542425,0.9441619
mb-03908,train,2.1931245,2.1745036,1.69897,1.7149144
mb-09455,train,1.4913616,1.467004,1.0791812,1.0992357
mb-04295,train,1.80618,1.8132869,1.5314789,1.5425065
mb-07130,train,2.3747482,2.3699877,2.0530784,2.0275083
mb-07962,train,2.0934217,2.138114,1.9542425,1.9574382
mb-05369,train,2.252853,2.2201245,1.9294189,1.8373305
mb-07518,train,1.9777236,2.0155587,1.7403626,1.7532492
mb-00366,train,1.4313638,1.4185627,0.90309,0.8953181
mb-05325,train,1.69897,1.6606345,1.60206,1.547641
mb-08816,train,1.690196,1.6548144,0.7781513,0.78883135
mb-05400,train,1.832509,1.8094137,1.20412,1.1813719
mb-10199,train,0.7781513,0.9817169,1.1139433,1.1542916
mb-02457,train,1.6532125,1.4180237,1.39794,1.2800694
mb-00554,train,2.045323,1.9173259,1.146128,1.0153933
mb-08371,train,2.1038036,2.025415,1.9344984,1.8113447
mb-02305,train,2.2576785,2.1343517,1.7853298,1.6874912
mb-01695,train,1.8633229,1.9125205,1.6232493,1.6536833
mb-02108,train,1.9395193,2.0308447,1.845098,1.9157631
mb-02455,train,0.69897,0.8596098,0.60206,0.70684844
mb-07028,train,1.5910647,1.6025336,1.30103,1.3252692
mb-00377,train,1.80618,1.9099579,1.60206,1.6697062
mb-01323,train,1.690196,1.7830904,1.39794,1.5223136
mb-05623,train,2.198657,2.1891742,1.7781513,1.767283
mb-00414,train,1.8388492,1.8736087,1.5682018,1.6043556
mb-10204,train,1.6627579,1.700849,1.20412,1.2429197
mb-04447,train,2.0606978,2.0576997,1.8573325,1.8900484
mb-06117,train,2.1846914,2.1842797,1.8573325,1.8345269
mb-02754,train,1.6720978,1.7002149,1.4771212,1.5014303
mb-08868,train,2.0128374,2.0883627,1.6334685,1.7816843
mb-06491,train,2.2741578,2.3446503,1.9912261,2.033991
mb-09912,train,2.209515,2.1646338,1.6812413,1.6648325
mb-10089,train,1.6434528,1.6524776,1.30103,1.2490796
mb-02483,train,0.845098,0.90917057,0.69897,0.7353239
mb-03515,train,2.146128,2.0612993,1.90309,1.8222871
mb-04270,train,2.0170333,2.019279,1.8260748,1.8256446
mb-09367,train,1.7853298,1.7956709,1.3222193,1.324055
mb-02620,train,2.071882,2.0831594,1.7923917,1.8758353
mb-07825,train,1.6232493,1.7070341,1.4313638,1.4220958
mb-08079,train,2.0569048,2.1098084,1.2552725,1.292792
mb-03485,train,1.94939,1.9844667,1.230449,1.3015932
mb-08064,train,1.6812413,1.7235365,1.30103,1.2683742
mb-05501,train,1.9242793,1.8664489,1.6627579,1.538283
mb-08695,train,1.5185139,1.4500475,1.30103,1.3252634
mb-03960,train,1.9190781,1.9105586,1.1139433,1.1322877
mb-04025,train,2.2944663,2.3402383,1.9867717,2.0009127
mb-10759,train,2.209515,2.1652613,1.7323937,1.7895825
mb-07861,train,1.0,1.0740366,0.47712126,0.586978
mb-04194,train,1.5797837,1.6196511,1.20412,1.2256614
mb-09311,train,2.089905,2.130493,1.9731278,1.9450254
mb-01206,train,0.60206,0.570101,0.47712126,0.44260025
mb-08217,train,1.462398,1.2797793,1.20412,1.0500692
mb-03527,train,1.146128,1.1500918,0.845098,0.8446401
mb-00046,train,1.8573325,1.913165,1.6434526,1.6513175
mb-07935,train,2.0413926,2.0013208,1.763428,1.6794432
mb-07966,train,1.7160034,1.7323837,1.230449,1.2033582
mb-03956,train,1.7558749,1.8017979,1.5185139,1.5070713
mb-06595,train,2.2966652,2.2719152,1.8750613,1.8615
mb-07712,train,1.230449,1.2426417,1.1139433,1.1336434
mb-03781,train,1.7853298,1.7360966,1.5314789,1.3809489
mb-06388,train,2.3424227,2.3660583,1.9444827,1.9317732
mb-00209,train,1.4149734,1.4860785,1.2552725,1.3553456
mb-10965,train,2.4668677,2.3451526,2.3961995,2.2169096
mb-09899,train,1.9190781,1.8704163,1.3424227,1.3586551
mb-00343,train,1.8388491,1.9136229,1.50515,1.5666856
mb-00662,train,1.7993406,1.7538397,1.4313638,1.426971
mb-07393,train,1.6812413,1.6605415,1.146128,1.1266751
mb-00649,train,1.4771214,1.4694053,1.230449,1.1691598
mb-02907,train,2.1105897,2.089364,1.4913617,1.4258093
mb-05494,train,1.690196,1.6687975,1.3222193,1.3957223
mb-02585,train,1.146128,1.1885213,0.90309,0.911782
mb-06771,train,2.0043213,2.0993452,1.5797836,1.5747582
mb-02699,train,1.6627579,1.6393476,1.30103,1.3244874
mb-00945,train,2.064458,2.0980406,1.7160033,1.735175
mb-06753,train,1.5563025,1.5402324,1.3424227,1.3543483
mb-07188,train,2.075547,2.0893102,1.968483,1.9980752
mb-09342,train,2.1172714,2.0739589,1.7075702,1.6571751
mb-05407,train,1.1760912,1.2308469,0.845098,0.86163664
mb-04127,train,2.307496,2.2864041,1.9956352,1.9836268
mb-04320,train,1.8808136,1.8272192,1.6232493,1.6222371
mb-05391,train,2.2787535,2.3082035,1.690196,1.7614416
mb-02294,train,2.0374265,2.02111,1.6720978,1.6130056
mb-00639,train,0.6989701,1.533665,1.20412,1.3666847
mb-10826,train,2.133539,2.2027135,1.5682018,1.6733422
mb-01834,train,2.5237465,2.5436192,2.2624512,2.2187178
mb-05722,train,2.0211892,1.9606351,1.8692317,1.781578
mb-01170,train,1.3617278,1.5063682,0.47712126,0.61671126
mb-00385,train,0.7781513,0.791245,0.69897,0.696814
mb-09529,train,1.4471581,1.4002997,0.9542425,0.9201178
mb-09235,train,2.0334237,2.0060945,1.770852,1.740268
mb-01536,train,1.9867718,1.9732716,1.7075702,1.6923208
mb-03860,train,2.0492182,2.0460217,1.7993406,1.9338862
mb-06159,train,1.518514,1.6479617,1.4913617,1.5072998
mb-05176,train,1.6720979,1.6826463,1.2787536,1.3223045
mb-09102,train,2.1172714,2.1958551,1.7781513,1.7512454
mb-07233,train,1.7708521,1.7936139,1.20412,1.3328102
mb-04229,train,2.20412,2.1667566,1.8920946,1.8560404
mb-04994,train,2.1139433,2.1270466,1.763428,1.7585229
mb-06745,train,1.8573325,1.877355,1.7242758,1.6919574
mb-07955,train,1.7075702,1.7224774,1.3424227,1.3370123
mb-02239,train,1.7993405,1.8721424,1.7160033,1.7742183
mb-08756,train,1.8920946,1.9009755,1.6434526,1.668201
mb-02117,train,2.1139433,2.1535306,1.7075702,1.7473106
mb-02807,train,2.198657,2.1928756,1.9444827,1.9103253
mb-09466,train,1.60206,1.6488189,1.3802112,1.3576419
mb-03723,train,1.763428,1.7242914,1.6434526,1.5777088
mb-09468,train,1.7781513,1.8879894,1.1139433,1.1871332
mb-04519,train,2.10721,2.1190305,1.5185139,1.557526
mb-09302,train,1.8976271,1.86955,1.60206,1.5838737
mb-00045,train,2.1875207,2.1744077,1.7781513,1.7629464
mb-01921,train,2.389166,2.3426876,1.8692317,1.8196675
mb-10957,train,1.6532124,1.7668223,1.447158,1.5046489
mb-05503,train,2.1760912,2.146164,1.9395193,1.9440861
mb-05092,train,1.7853299,1.7612009,1.5682018,1.5699021
mb-09085,train,1.770852,1.7506024,1.5797836,1.5879923
mb-07282,train,2.1553361,2.1035428,1.9395193,1.9098797
mb-08146,train,1.5440681,1.5224763,1.3802112,1.3897746
mb-01595,train,2.2787535,2.2728,2.0253057,2.0087395
mb-03401,train,2.434569,2.3707204,2.1367207,2.0303295
mb-10744,train,1.690196,1.6540453,1.4771212,1.4615307
mb-07711,train,1.5682018,1.427062,1.39794,1.2495914
mb-05597,train,2.2041202,2.2151115,1.6334685,1.6459973
mb-06974,train,1.8573325,1.9279133,1.69897,1.7691759
mb-04949,train,2.064458,2.1149523,1.770852,1.82254
mb-02981,train,2.0899053,2.086659,1.6812413,1.7217832
mb-02087,train,1.39794,1.402787,1.0,1.0179942
mb-09674,train,1.819544,1.7805296,1.3424227,1.3434601
mb-00185,train,1.531479,1.3547744,1.3424227,1.1809108
mb-09630,train,2.120574,2.2689726,2.0530784,2.1908724
mb-05118,train,2.1760912,2.1171618,1.8129133,1.7873541
mb-03938,train,1.7993406,1.8758305,1.3424227,1.2857411
mb-06735,train,2.3159704,2.3073246,2.0086002,2.011214
mb-00295,train,2.2648177,2.24727,1.9590414,1.8966386
mb-02201,train,2.1038036,2.0769453,1.845098,1.821854
mb-10894,train,2.463893,2.3755794,1.8512584,2.029839
mb-00379,train,1.7781513,1.7632217,1.4313638,1.3726416
mb-04957,train,1.3802112,1.3188396,1.2552725,1.1593039
mb-03159,train,1.9822712,2.0308285,1.6532125,1.7270347
mb-08953,train,2.298853,2.1832955,1.9822712,1.88508
mb-04832,train,1.9912261,1.8951862,1.6232493,1.628633
mb-06561,train,1.6020601,1.6103097,1.2787536,1.2941706
mb-01867,train,1.8633229,2.0524087,1.7403626,1.8073922
mb-07654,train,1.6812412,1.6556959,1.5910646,1.509026
mb-00222,train,2.2810335,2.2829366,1.9395193,1.8987006
mb-10733,train,2.0530784,1.9951081,1.50515,1.7434988
mb-08471,train,2.252853,2.197033,2.0293837,1.9116822
mb-07187,train,2.1931245,2.1967616,1.7853298,1.802132
mb-06155,train,1.7708521,1.7710482,1.230449,1.2720296
mb-01956,train,2.0374265,2.0718446,1.770852,1.7574308
mb-10657,train,1.6532125,1.694149,1.146128,1.2041643
mb-06921,train,2.357935,2.2534766,2.09691,1.9878557
mb-06161,train,2.2833014,2.2161725,1.8633229,1.7926502
mb-02463,train,2.2833014,2.2766204,1.9912261,1.9661312
mb-03588,train,1.7708521,1.8488591,1.6127839,1.5852437
mb-06774,train,2.3856063,2.3165855,2.1003706,2.054561
mb-07093,train,2.1003706,2.0065165,1.6532125,1.6195147
mb-06535,train,1.6232493,1.5176967,1.3802112,1.3129823
mb-07562,train,2.155336,2.1261516,1.447158,1.3488721
mb-03961,train,1.8976271,1.8764644,1.5440681,1.5498699
mb-10286,train,2.0681858,2.0032063,1.748188,1.7182722
mb-01568,train,1.748188,1.7213529,1.5682018,1.4898955
mb-02462,train,1.8325089,1.8209627,1.5185139,1.5125511
mb-02532,train,2.1238518,2.0240471,1.7558749,1.7468795
mb-10852,train,1.4313638,1.5485759,1.3424227,1.3667256
mb-10666,train,2.340444,2.279682,1.9242793,1.9224342
mb-05516,train,2.3283796,2.3342986,2.0211892,1.9324843
mb-06712,train,1.9822712,1.9810398,1.6232493,1.6217815
mb-01666,train,2.1335387,2.1727166,1.6720978,1.6957843
mb-06045,train,2.1367204,2.1560154,1.7403626,1.7009006
mb-03611,train,2.075547,2.0791395,1.7993406,1.7717214
mb-02009,train,1.9294189,1.8729342,1.4771212,1.4242301
mb-04655,train,1.8976271,1.9560397,1.6232493,1.6983153
mb-01576,train,1.3979399,1.3903916,1.1139433,1.0300857
mb-01405,train,1.8573325,1.8415158,1.6532125,1.6598928
mb-06014,train,2.198657,2.2193701,1.7781513,1.8099768
mb-01397,train,2.0211892,1.9056293,1.69897,1.6242608
mb-02319,train,1.0413927,1.0606729,0.7781513,0.8245467
mb-05377,train,1.748188,1.6961658,1.3802112,1.3567684
mb-09147,train,2.161368,2.141203,1.7923917,1.7278974
mb-00394,train,1.0,1.0480596,0.60206,0.66181695
mb-01624,train,1.7160034,1.7153959,1.230449,1.3390517
mb-06341,train,2.378398,2.3034816,2.10721,1.9938598
mb-02666,train,1.908485,1.5593119,1.462398,1.2507526
mb-10124,train,2.3283796,2.2797756,1.9395193,1.9459208
mb-00039,train,1.8864907,1.7582142,1.690196,1.5552304
mb-10243,train,2.0,2.079536,1.8260748,1.843019
mb-03795,train,2.2833014,2.3119683,1.8808136,1.9299762
mb-03049,train,2.146128,2.1585433,1.7323937,1.7658181
mb-04817,train,1.80618,1.8045309,1.462398,1.4511632
mb-10675,train,1.80618,1.8207587,1.2552725,1.2423124
mb-09383,train,2.4983106,2.3546312,2.2764618,2.1003876
mb-00292,train,2.4548447,2.3757062,2.146128,2.0626082
mb-06728,train,1.8260748,1.773764,1.3424227,1.3000348
mb-00087,train,1.6989701,1.7364917,1.39794,1.3929274
mb-03437,train,1.50515,1.5288552,1.1139433,1.1873372
mb-05674,train,1.7558749,1.765955,1.2787536,1.3188221
mb-03772,train,1.7160034,1.6238027,1.4913617,1.4452801
mb-05861,train,2.3443923,2.3607433,2.0374265,2.0225892
mb-04271,train,1.9777236,2.0004673,1.447158,1.4795934
mb-00268,train,1.5314789,1.5851197,1.146128,1.1873035
mb-02792,train,2.4361627,2.3667433,2.1003706,2.0747786
mb-09025,train,1.8573325,1.7917509,1.39794,1.3474332
mb-05932,train,2.0374265,1.9716742,1.69897,1.6187968
mb-00110,train,1.9912261,1.9550062,1.8633229,1.8129486
mb-08060,train,2.2552724,2.2974124,2.0128372,2.0098689
mb-00706,train,1.544068,1.5006742,1.4771212,1.3983982
mb-05359,train,1.20412,1.069191,0.90309,0.7857123
mb-00733,train,2.3324385,2.3212278,2.0128372,1.8965538
mb-09500,train,2.2624512,2.3737867,1.90309,2.0911584
mb-08525,train,2.1613681,2.159027,1.9395193,2.0139928
mb-00904,train,2.1731863,2.1544123,1.9242793,1.9202795
mb-09261,train,1.3617278,1.3519324,1.146128,1.1795089
mb-02083,train,1.7160033,1.6501682,1.3802112,1.3113469
mb-06953,train,1.770852,1.8130805,1.60206,1.5588052
mb-09878,train,2.143015,2.073317,1.5797836,1.5619118
mb-05382,train,1.908485,1.956049,1.6812413,1.6722332
mb-01355,train,1.5185139,1.3521378,1.2787536,1.1097246
mb-03499,train,1.4913617,1.6817564,1.3802112,1.507019
mb-01459,train,1.763428,1.7983888,1.3802112,1.4169586
mb-04528,train,2.3304138,2.2337675,2.164353,2.1001594
mb-01874,train,1.3617278,1.2759826,1.146128,1.0565474
mb-09859,train,2.1760912,2.1781127,1.908485,1.9837034
mb-04758,train,1.7242758,1.7382698,1.4149734,1.4140621
mb-03248,train,2.5550945,2.4131687,2.2278867,2.0877028
mb-04772,train,1.748188,1.6790335,1.5185139,1.4666713
mb-04738,train,1.3802112,1.3985864,1.0413927,1.0888703
mb-10236,train,1.6532125,1.6350017,1.0791812,1.0804832
mb-02017,train,1.7160034,1.6803617,1.2552725,1.3103552
mb-09066,train,2.2121875,2.2522461,1.8692317,1.9313933
mb-00750,train,1.8633229,1.9114817,1.5314789,1.6417361
mb-04643,train,2.3283796,2.297855,1.8325089,1.8339422
mb-04064,train,1.6720979,1.6634227,1.5682018,1.5453984
mb-03107,train,1.7853298,1.8246794,1.5910646,1.5490924
mb-04149,train,2.5118835,2.4913664,2.326336,2.1651814
mb-06954,train,1.462398,1.4261534,1.1760913,1.089956
mb-02199,train,2.1367207,2.2570722,2.1553361,2.1940346
mb-10778,train,0.60205996,1.1435537,1.0,1.0680447
mb-09757,train,1.5314789,1.4817877,0.845098,0.8856271
mb-01043,train,1.0791812,1.0954499,0.845098,0.8407678
mb-01579,train,1.2041199,1.3093691,1.0791812,1.0200353
mb-04461,train,2.1760912,2.1579654,1.8920946,1.8359588
mb-04709,train,1.6334685,1.680913,1.230449,1.2807949
mb-02764,train,1.5910647,1.6046731,1.2787536,1.310925
mb-04269,train,1.5440681,1.5789467,1.3617278,1.3968165
mb-00932,train,1.6901962,1.6818597,1.230449,1.2551504
mb-10260,train,2.209515,2.213147,1.7993406,1.804633
mb-09039,train,2.1818435,2.1103761,1.8388491,1.7446736
mb-01801,train,2.4393327,2.3990245,2.0043213,2.0688515
mb-01768,train,1.4313638,1.4392228,0.9542425,0.955716
mb-10606,train,1.9590414,2.0301688,1.5910646,1.7008833
mb-09954,train,1.8260748,1.7999883,1.6127839,1.6046089
mb-04334,train,1.5910647,1.5942738,1.462398,1.419298
mb-03460,train,2.0606978,2.1267023,1.69897,1.7110633
mb-07323,train,1.8633229,1.7567984,1.690196,1.5563312
mb-03089,train,2.1818435,2.2933335,1.9822712,2.1220853
mb-07091,train,2.1583624,2.1747465,1.7923917,1.7790846
mb-02630,train,0.9542425,0.99593365,0.90309,0.895816
mb-05821,train,2.2671719,2.2846723,1.748188,1.7556818
mb-09690,train,2.243038,2.155357,1.763428,1.7100775
mb-08517,train,2.09691,2.0114768,1.8976271,1.7930052
mb-09438,train,1.7923918,1.8010054,1.146128,1.1402736
mb-02787,train,1.8388491,1.7532601,1.2552725,1.2221328
mb-00692,train,2.0170333,1.9684926,1.7075702,1.6986487
mb-04153,train,2.139879,2.111392,1.7923917,1.7928013
mb-04026,train,1.8450981,1.9187529,1.5682018,1.6068707
mb-04603,train,1.9242793,1.9430964,1.30103,1.3379577
mb-06148,train,2.0374265,2.0669441,1.462398,1.454763
mb-00672,train,2.1702616,2.1524398,1.8388491,1.8307219
mb-04478,train,0.7781513,0.766722,0.47712126,0.46903837
mb-01850,train,1.8750613,1.8714037,1.5910646,1.6377618
mb-07297,train,2.209515,2.1022623,1.9444827,1.8898668
mb-04480,train,2.1818435,2.1612375,1.8573325,1.8195546
mb-02081,train,1.2787536,1.2815754,1.1760913,1.1743835
mb-05306,train,2.365488,2.2632723,2.1673174,2.0013137
mb-01614,train,2.307496,2.2213626,2.0374265,1.9174662
mb-07771,train,1.7160034,1.6797439,1.2787536,1.2545521
mb-02581,train,1.8750613,1.9055802,1.146128,1.1544162
mb-05716,train,2.09691,2.087783,1.6720978,1.6959499
mb-05884,train,2.1038036,2.0827801,1.7323937,1.699058
mb-07423,train,1.3424227,1.3841884,0.69897,0.74876016
mb-07024,train,2.0530784,2.0176332,1.6434526,1.6364176
mb-03991,train,1.7923918,1.8589584,1.6812413,1.7287037
mb-09281,train,1.9777236,2.1513212,1.6434526,1.817306
mb-02512,train,1.6720979,1.7148616,1.3802112,1.4182162
mb-06071,train,1.8976271,1.9155555,1.2787536,1.285988
mb-03780,train,1.819544,1.7669652,1.6627579,1.5693325
mb-03981,train,1.819544,1.8756062,1.6532125,1.6609633
mb-10481,train,2.3283796,2.1802273,2.0413928,1.9275482
mb-07565,train,2.0374265,2.083179,1.770852,1.8106705
mb-06018,train,2.120574,2.0730956,1.5314789,1.5247763
mb-07559,train,1.7323937,1.7851019,1.2787536,1.4733407
mb-07030,train,0.30102998,0.7170223,0.90309,0.89825094
mb-09016,train,1.39794,1.4199646,0.9542425,1.0218036
mb-07341,train,1.6334685,1.6569767,1.1760913,1.1981398
mb-02618,train,1.9344984,2.009564,1.60206,1.7398897
mb-10752,train,2.0170333,1.9672582,1.8808136,1.7861013
mb-00085,train,1.5682018,1.5922315,1.0413927,1.0896616
mb-00530,train,2.071882,2.0892515,1.9590414,1.9980526
mb-06803,train,1.7323937,1.7391312,1.2552725,1.2469922
mb-03724,train,1.763428,1.7133849,1.69897,1.5680133
mb-05133,train,1.3424227,1.2650274,1.2787536,1.1780791
mb-05603,train,1.9190781,1.9191012,1.7853298,1.7551613
mb-06516,train,2.3344538,2.357712,1.9637878,1.9866672
mb-04712,train,1.7781513,1.7343757,1.4149734,1.3592868
mb-04559,train,1.7708521,1.780823,1.2552725,1.2638735
mb-09707,train,2.155336,2.0876493,1.763428,1.6307164
mb-01006,train,1.7323937,1.6673273,1.5563025,1.4979583
mb-02916,train,1.6334685,1.618924,1.4313638,1.4254236
mb-04277,train,2.2380462,2.1968975,1.8129133,1.7806265
mb-07507,train,2.161368,2.1425896,1.770852,1.7798251
mb-06021,train,2.2810333,2.313556,1.8573325,1.9017467
mb-09006,train,2.0899053,2.043355,1.7558749,1.6980332
mb-08401,train,2.10721,2.1726155,2.0128372,2.0590065
mb-03682,train,2.3541083,2.3483706,1.8750613,1.8176581
mb-03903,train,1.3979399,1.4298698,0.845098,0.85315955
mb-06874,train,2.363612,2.1992512,2.2455127,2.1256838
mb-01482,train,1.9637878,1.9640353,1.770852,1.7672323
mb-03007,train,1.462398,1.4729867,0.30103,0.3057555
mb-06729,train,2.0,1.9105699,1.60206,1.5820947
mb-03621,train,1.763428,1.7567109,1.5797836,1.6080284
mb-06026,train,1.9395193,1.9548976,1.748188,1.7405221
mb-10052,train,2.1367207,2.1480448,1.845098,1.795979
mb-08440,train,1.7242758,1.7257049,1.4771212,1.3962855
mb-07820,train,2.0530784,2.0374796,1.8750613,1.8397311
mb-09619,train,2.217484,2.0221322,1.9190781,1.7144278
mb-10743,train,2.3159704,2.1695364,1.7075702,1.8391411
mb-03697,train,2.243038,2.1860063,1.845098,1.8054425
mb-05992,train,2.2121875,2.25655,1.8750613,1.8989657
mb-02633,train,1.9395192,1.8988032,1.763428,1.7382321
mb-08028,train,1.0791812,1.4555894,1.3617278,1.3261167
mb-05936,train,2.0374265,2.032421,1.5440681,1.4965489
mb-05021,train,1.9190781,1.9091785,1.7403626,1.7089987
mb-08631,train,2.252853,2.2235801,1.9294189,1.8973379
mb-06794,train,0.845098,0.84722996,0.69897,0.66108495
mb-04053,train,1.3222194,1.3896817,1.146128,1.2629236
mb-01975,train,1.69897,1.7966766,1.6232493,1.686427
mb-10342,train,1.8388491,1.9281108,1.60206,1.6635419
mb-04606,train,1.8920946,1.793858,1.6232493,1.5527526
mb-01745,train,2.307496,2.279784,2.0128372,1.9476544
mb-10133,train,1.9867717,2.071724,1.5910646,1.7218331
mb-02856,train,1.863323,1.8524715,1.2787536,1.263006
mb-06286,train,1.9731278,1.9965203,1.50515,1.532076
mb-01131,train,1.4913617,1.333858,1.0413927,0.9169114
mb-02098,train,1.9344984,1.8375479,1.7160033,1.6059229
mb-02122,train,2.264818,2.3077602,1.9395193,1.9527066
mb-07476,train,2.209515,2.1643097,1.8750613,1.8715408
mb-07176,train,2.2227166,2.2081108,1.20412,1.255088
mb-05894,train,2.0170333,2.012648,1.763428,1.6998658
mb-04574,train,1.913814,1.8835338,1.6127839,1.4739856
mb-02177,train,1.8920946,1.8492501,1.4913617,1.4734915
mb-04421,train,2.2430382,2.1586723,1.80618,1.6857636
mb-02798,train,2.369216,2.3403828,1.9912261,1.9634124
mb-05144,train,0.47712126,0.48031256,0.30103,0.3118496
mb-07626,train,1.7708521,1.8120874,1.6627579,1.5636972
mb-01445,train,1.863323,1.8762727,1.3424227,1.3507231
mb-06795,train,1.5563025,1.5665214,1.4149734,1.4031284
mb-09332,train,1.5563025,1.5390633,1.5682018,1.4253545
mb-07589,train,2.3541083,2.3041117,2.0043213,1.9840869
mb-01596,train,1.9242793,2.04345,1.80618,1.8794403
mb-04100,train,2.2095149,2.2082257,2.0791812,2.0818553
mb-08589,train,1.6720979,1.4593954,1.1139433,0.9416365
mb-05069,train,1.4313638,1.47592,0.845098,0.8869755
mb-10683,train,2.133539,2.1095333,1.3424227,1.326646
mb-02545,train,1.4471581,1.3930528,1.2552725,1.1811594
mb-01561,train,2.4116197,2.4050806,2.1583624,2.0695062
mb-06054,train,2.2355285,2.2026145,1.8260748,1.8405235
mb-05270,train,1.80618,1.7834013,1.20412,1.2574929
mb-04801,train,1.6334685,1.5785484,1.4313638,1.4417472
mb-05254,train,1.7160033,1.7076273,1.3617278,1.4003571
mb-10336,train,1.7242758,1.6949991,1.447158,1.4825176
mb-05089,train,1.60206,1.6219957,1.5314789,1.5190331
mb-06831,train,1.748188,1.7368827,1.2552725,1.2709169
mb-05940,train,2.0334237,2.093046,2.0170333,2.0032766
mb-08893,train,2.1238515,2.1781073,1.9956352,1.901406
mb-09631,train,1.8388491,1.9352951,1.3424227,1.5026919
mb-07610,train,2.209515,2.2245755,1.7242758,1.6687121
mb-07613,train,1.6627579,1.7877822,1.30103,1.3784248
mb-09488,train,2.232996,2.222812,1.8573325,1.7980888
mb-09236,train,2.2552724,2.2569916,1.60206,1.6629051
mb-08176,train,1.690196,1.7478832,1.2552725,1.3033082
mb-07954,train,1.9912261,1.9725256,1.4913617,1.4749557
mb-07505,train,1.30103,1.0448862,1.3802112,1.1553869
mb-04028,train,2.2455127,2.2583175,1.770852,1.837257
mb-06512,train,1.913814,1.9110734,1.462398,1.5037723
mb-01702,train,2.2855573,2.2215872,1.9956352,1.9149842
mb-05061,train,2.3344538,2.2828026,2.0934217,1.9781159
mb-10193,train,2.049218,2.0619442,1.6232493,1.6666154
mb-07605,train,2.1105897,2.1517842,1.8512584,1.8859508
mb-02470,train,1.4471581,1.1553652,1.2787536,1.0237331
mb-06280,train,1.2787536,1.3069762,1.0,1.0003035
mb-09483,train,2.3443923,2.3312612,2.0043213,1.9945401
mb-08348,train,2.0334237,1.9697845,1.5910646,1.5328277
mb-09522,train,2.2479732,2.2481108,1.7075702,1.7311367
mb-01660,train,2.206826,2.2345855,1.8920946,1.9294276
mb-05818,train,1.6812413,1.6900018,1.4771212,1.4570141
mb-07015,train,1.6812413,1.4113398,1.2787536,1.1169419
mb-08484,train,1.9637879,1.9933783,1.5440681,1.5366538
mb-07774,train,1.30103,1.2863342,0.90309,0.9056766
mb-02300,train,1.0,0.94837785,0.69897,0.64608455
mb-06958,train,1.8808136,1.9162059,1.5563025,1.6113821
mb-06373,train,2.149219,2.0505543,1.8512584,1.716602
mb-07063,train,2.4424798,2.3507192,2.178977,2.0394082
mb-02670,train,0.8450981,0.9091355,0.7781513,0.7765115
mb-05356,train,2.149219,2.2121902,2.0170333,2.077122
mb-08518,train,2.178977,2.205933,1.9344984,1.9180846
mb-06214,train,1.7558749,1.7545288,1.447158,1.4242848
mb-10977,train,1.60206,1.6656922,1.0413927,1.1255615
mb-04049,train,1.9493899,2.0368333,1.50515,1.5892987
mb-09214,train,1.39794,1.637495,0.9542425,1.1450353
mb-09156,train,2.075547,2.016574,1.8976271,1.8663907
mb-01788,train,2.0,2.1799185,1.8864907,2.0288293
mb-04891,train,2.0211892,2.0423856,1.7403626,1.742326
mb-05950,train,2.3384564,2.4101934,2.1038036,2.0792992
mb-01869,train,1.20412,1.2195882,0.90309,0.9061683
mb-10485,train,2.0413928,2.0622518,1.7075702,1.7808192
mb-04996,train,2.1172712,2.154122,1.7242758,1.631068
mb-02286,train,2.1931245,2.227845,1.7781513,1.8897667
mb-03286,train,1.6434526,1.6726049,1.3222193,1.3423525
mb-05424,train,0.8450981,0.9642463,0.60206,0.65418154
mb-04338,train,1.7160033,1.6606946,1.3617278,1.3610642
mb-07399,train,1.6812413,1.6633589,1.3424227,1.3282366
mb-05885,train,1.2552725,1.2539569,0.845098,0.84349316
mb-08728,train,2.2552726,2.2293017,1.7993406,1.8821483
mb-06076,train,1.8260748,1.8733852,1.4149734,1.4307833
mb-05903,train,2.340444,2.3395047,2.0293837,2.0224628
mb-02432,train,1.8692317,1.8540806,1.7075702,1.6478156
mb-08819,train,2.133539,2.1527834,1.5314789,1.5654839
mb-04608,train,2.206826,2.2140877,1.8260748,1.8039906
mb-04151,train,2.4065402,2.3664093,2.1139433,2.027763
mb-02306,train,1.4313637,1.5329084,1.0791812,1.1428815
mb-08625,train,1.8976271,1.9172028,1.462398,1.6698221
mb-10399,train,2.0606978,2.0851128,1.690196,1.6964132
mb-00982,train,2.2764616,2.318564,2.0293837,1.9836154
mb-00636,train,1.9138138,1.8455251,1.7923917,1.6854007
mb-03704,train,1.8750613,1.8394952,1.5563025,1.5487868
mb-05165,train,2.3096302,2.2514071,1.8388491,1.8930135
mb-09472,train,2.2900345,2.2554438,2.0253057,1.9492118
mb-01565,train,1.9822712,1.9401078,1.7075702,1.6891043
mb-02510,train,2.2878017,2.2651343,2.143015,2.2033749
mb-06470,train,2.1702616,2.0745692,1.8633229,1.7345716
mb-01940,train,2.1818435,2.2517326,2.0170333,2.0795217
mb-04475,train,1.9637878,1.920316,1.7558749,1.7430084
mb-10568,train,1.9294189,1.8769591,1.8129133,1.7198706
mb-00568,train,1.3424226,1.3717462,1.447158,1.456979
mb-06927,train,1.8512583,2.0265105,1.6720978,1.7759932
mb-09407,train,1.5682018,1.5713005,1.3802112,1.4010117
mb-09083,train,1.6020601,1.5615797,1.1760913,1.207268
mb-08084,train,1.544068,1.5133805,1.3222193,1.3257744
mb-04246,train,1.9777236,1.9840624,1.2787536,1.2929592
mb-06348,train,2.292256,2.3025448,1.8808136,1.905125
mb-07278,train,2.2013972,2.087963,1.8920946,1.798414
mb-04059,train,2.0569048,2.1589103,1.7242758,1.7407191
mb-04423,train,2.3324385,2.31696,2.1238515,2.0628595
mb-00030,train,1.763428,1.7959027,1.447158,1.5622454
mb-06857,train,1.0791812,1.2189416,0.90309,1.0236301
mb-07212,train,1.447158,1.2861784,1.1139433,0.9437058
mb-07719,train,1.3617278,1.5699914,1.5910646,1.3705754
mb-01770,train,1.748188,1.8639627,1.3617278,1.4744502
mb-04063,train,1.8129134,1.7990111,1.6334685,1.6488771
mb-04265,train,1.9590414,1.970888,1.7558749,1.7091868
mb-01880,train,1.531479,1.4975271,1.4313638,1.3887675
mb-07354,train,1.80618,1.8058772,1.4771212,1.4694283
mb-06926,train,2.3117537,2.278565,1.763428,1.813434
mb-00861,train,1.7160033,1.7865896,1.5314789,1.6718152
mb-09341,train,1.763428,1.8142588,1.5185139,1.5336728
mb-03671,train,1.9444827,1.9662285,1.60206,1.6404442
mb-06124,train,1.7075701,1.6868103,1.3222193,1.3330338
mb-03720,train,1.4313638,1.3931487,1.1139433,1.0812206
mb-09365,train,2.3873897,2.2750952,2.243038,2.05205
mb-07767,train,1.5797837,1.617562,0.90309,0.94392747
mb-04535,train,1.8692317,1.8195657,1.6532125,1.6609887
mb-08928,train,1.6020601,1.6885977,1.20412,1.2626529
mb-02886,train,1.5185139,1.5943398,1.2552725,1.2881713
mb-02414,train,1.5910647,1.6320854,1.4149734,1.4505782
mb-07612,train,2.4183013,2.442725,2.1367207,2.1127005
mb-04213,train,1.7160033,1.7030807,1.60206,1.569614
mb-04521,train,2.064458,2.0766776,1.763428,1.7514321
mb-03512,train,1.3802112,1.5064678,1.30103,1.3665221
mb-02059,train,1.7993405,1.7524496,1.447158,1.434329
mb-00326,train,1.6020601,1.6243765,1.3424227,1.5137876
mb-10100,train,2.5751877,2.5286598,2.2121875,2.2034054
mb-02996,train,2.164353,2.198818,1.8920946,1.847482
mb-06950,train,1.8129134,1.8315032,1.6232493,1.6455233
mb-10329,train,2.3909352,2.3854194,2.0934217,2.0721502
mb-09622,train,2.220108,2.139067,1.7242758,1.6240433
mb-03922,train,1.9242792,1.9430013,1.2552725,1.2907047
mb-07968,train,2.2528532,2.3169234,1.94939,1.9443128
mb-09120,train,2.3521824,2.1654468,2.0569048,1.8594606
mb-05200,train,2.0170333,2.0234425,1.5563025,1.5733719
mb-06664,train,2.3283796,2.2859135,2.2718415,2.2372198
mb-06350,train,1.6989701,1.6044942,1.1760913,1.0862932
mb-02540,train,2.220108,2.2457237,1.9777236,1.9616191
mb-06902,train,2.0569048,2.1062157,1.2787536,1.3340681
mb-09203,train,2.0413926,1.8798372,1.6434526,1.5030795
mb-04914,train,1.9637879,2.0382323,1.5563025,1.6265496
mb-04538,train,2.0170333,1.9237473,1.69897,1.5758524
mb-01400,train,1.9344985,1.9246856,1.3424227,1.3472998
mb-09484,train,1.5797837,1.6867788,1.30103,1.4219917
mb-01176,train,1.7993405,1.8566034,1.7403626,1.7025311
mb-08273,train,1.9444826,1.9405787,1.447158,1.476135
mb-03068,train,2.1702616,2.0985124,1.4771212,1.5425371
mb-02039,train,1.3617278,1.3124704,1.1139433,1.0889652
mb-06503,train,2.1003706,2.052865,1.6334685,1.5658925
mb-07794,train,2.0791812,2.1658218,1.6232493,1.8226955
mb-03804,train,1.6334684,1.6171997,1.5185139,1.4821647
mb-05318,train,2.1522884,2.1936646,1.6812413,1.7115825
mb-05958,train,2.232996,2.1686773,1.50515,1.4870538
mb-08229,train,2.1522884,2.0618641,2.0170333,1.9168026
mb-01564,train,2.2479732,2.2359269,2.0293837,2.0364616
mb-01359,train,1.7160034,1.6867653,1.2552725,1.2117857
mb-04591,train,1.0413927,1.1088827,0.7781513,0.77445775
mb-05614,train,1.7323937,1.6984081,1.20412,1.2295653
mb-08909,train,1.2787536,1.3682873,1.0413927,1.1021194
mb-00679,train,1.20412,1.2056315,0.9542425,0.95235693
mb-07111,train,1.20412,1.1665456,0.90309,0.91432726
mb-03195,train,2.089905,2.0810237,1.690196,1.6334002
mb-08247,train,2.2278867,2.2555504,1.9344984,1.8911774
mb-01195,train,2.178977,2.2072368,1.7242758,1.7526367
mb-03314,train,1.8129133,1.8096131,1.4771212,1.4608253
mb-04383,train,1.0,0.9348295,0.90309,0.8512319
mb-09388,train,1.6627579,1.7613826,0.90309,0.9284138
mb-10144,train,1.39794,1.372468,0.69897,0.6887309
mb-02085,train,1.9190781,1.9747199,1.7160033,1.7064525
mb-03210,train,1.3424227,1.3338801,1.0,1.0060724
mb-01814,train,1.7558749,1.7730644,1.6334685,1.6432492
mb-03819,train,2.0791812,2.0751612,1.6334685,1.6122948
mb-03018,train,1.2787536,1.3328284,1.0,1.0524867
mb-00540,train,1.230449,1.1717688,0.9542425,0.9279201
mb-08976,train,1.5314789,1.6950488,1.5185139,1.5863098
mb-04865,train,2.0606978,2.0522316,1.8388491,1.7886866
mb-08268,train,1.0413927,1.2618808,1.146128,1.141888
mb-04573,train,1.9590414,1.9869088,1.50515,1.5125833
mb-08464,train,2.025306,2.041153,1.6812413,1.688133
mb-09001,train,2.3344536,2.2219763,2.1038036,1.9517348
mb-06187,train,2.0827854,2.0949693,1.6232493,1.64211
mb-09653,train,2.033424,1.9828646,1.6532125,1.641008
mb-01349,train,2.372912,2.3557522,1.8633229,1.8987774
mb-05841,train,2.2787535,2.2563844,2.0,1.9972441
mb-03399,train,2.0863597,2.1155155,1.8325089,1.8373564
mb-10431,train,1.3617277,1.4890542,1.0791812,1.2430327
mb-08185,train,1.5440681,1.6497494,1.0,1.0814743
mb-09377,train,2.1038036,2.0634387,1.5314789,1.5746462
mb-10370,train,2.2552724,2.3443553,1.763428,1.8762214
mb-01288,train,1.748188,1.8145278,1.3222193,1.3223238
mb-04454,train,2.4281347,2.4581492,2.1038036,2.1281013
mb-05815,train,2.0211892,2.0155354,1.4149734,1.4739187
mb-10442,train,2.2600713,2.1715157,1.9190781,1.8895301
mb-07887,train,0.6989701,1.4261048,1.5440681,1.3697082
mb-07412,train,2.0170333,1.8950901,1.5563025,1.5341607
mb-04863,train,1.4471581,1.4400591,1.2552725,1.281808
mb-10105,train,1.8388491,1.8027363,1.30103,1.2761133
mb-01396,train,1.9867717,2.0777102,1.60206,1.7147896
mb-02441,train,2.1172712,1.946567,1.5314789,1.4913137
mb-05641,train,2.0934217,2.1396928,1.50515,1.4874592
mb-01877,train,1.690196,1.7227662,1.39794,1.4119351
mb-04614,train,1.3617278,1.4027908,1.146128,1.1436737
mb-07071,train,1.724276,1.7192341,1.230449,1.2579477
mb-10838,train,2.307496,2.2112086,1.7993406,1.743801
mb-08274,train,2.1583626,2.1397288,1.6127839,1.5559585
mb-05830,train,1.8808136,1.9120104,1.146128,1.17762
mb-10362,train,1.6232493,1.607729,1.60206,1.4966528
mb-10279,train,1.39794,1.5255296,0.9542425,1.0946504
mb-08733,train,1.8573325,1.9998231,1.6812413,1.8155388
mb-02207,train,2.120574,2.1577625,1.94939,2.0127313
mb-04680,train,1.5797837,1.6185865,1.2787536,1.3675601
mb-02089,train,2.2718415,2.2657588,1.9822712,1.9532481
mb-04840,train,2.2787535,2.1746724,1.6434526,1.6112119
mb-08470,train,1.845098,1.8207058,1.447158,1.4453317
mb-08494,train,1.6627578,1.913183,1.447158,1.5519925
mb-06206,train,2.033424,2.0568779,1.1760913,1.1764317
mb-07037,train,1.6989701,1.7359214,1.5682018,1.5121269
mb-09871,train,1.7853298,1.8285588,1.39794,1.3169197
mb-03283,train,1.5185139,1.5838611,1.30103,1.396017
mb-02934,train,2.2878017,2.19934,1.8512584,1.8559597
mb-10873,train,1.7075701,1.6181701,1.447158,1.3865405
mb-08142,train,2.25042,2.2375495,1.5185139,1.4965446
mb-02259,train,1.819544,1.7574592,1.5440681,1.4954611
mb-04134,train,1.2552724,1.2976674,1.0791812,1.1529838
mb-09460,train,1.6989701,1.6869264,1.4913617,1.507046
mb-01370,train,1.7160034,1.8680437,1.5563025,1.6058823
mb-02851,train,1.8864908,1.8638301,1.4913617,1.5781279
mb-10074,train,2.1789768,2.288524,2.146128,2.25854
mb-07067,train,1.724276,1.7518959,1.2787536,1.2965622
mb-02114,train,2.0128372,2.1488194,1.6232493,1.6823908
mb-06400,train,2.303196,2.3691876,1.9731278,1.9873067
mb-01358,train,2.0253057,2.0997202,1.9138138,1.9736483
mb-00725,train,1.462398,1.4060029,1.30103,1.2872272
mb-09134,train,2.2479732,2.237711,1.5185139,1.5827384
mb-04950,train,2.1003706,2.1240587,0.9542425,1.00507
mb-03441,train,1.2787536,1.3474121,1.1139433,1.1633593
mb-08167,train,2.209515,2.2125223,1.7853298,1.8131447
mb-09275,train,2.2576785,2.156767,1.8573325,1.7861421
mb-07720,train,1.4771212,1.3665305,1.1139433,0.9993411
mb-08124,train,1.8450981,1.5717365,1.6127839,1.3898023
mb-10943,train,2.2355285,2.2614517,2.049218,2.0732927
mb-09639,train,1.9542425,1.9282053,1.3222193,1.364901
mb-06671,train,1.4313638,1.3189244,1.30103,1.2007537
mb-06435,train,1.8129133,1.8440826,1.3222193,1.3601415
mb-04191,train,1.8808136,1.7995362,1.5563025,1.5746431
mb-09391,train,1.8129134,1.8446834,1.4913617,1.4745922
mb-03529,train,1.6434528,1.6113836,1.4313638,1.412241
mb-09307,train,1.3010299,1.2891288,1.0413927,1.0251901
mb-10187,train,2.0413928,2.098837,1.5682018,1.6472652
mb-06718,train,2.0569048,2.0447743,1.5440681,1.4737253
mb-05431,train,2.440909,2.3002598,2.303196,2.0774705
mb-06765,train,1.6720979,1.7038711,1.6627579,1.5861312
mb-05948,train,1.9822712,1.9479635,1.5797836,1.5582916
mb-02233,train,1.7923918,1.6881974,1.5682018,1.4681736
mb-04267,train,2.20412,2.3180268,2.139879,2.2362647
mb-02728,train,2.0606978,2.1119566,1.8260748,1.8645674
mb-06309,train,2.2671719,2.1224368,1.9242793,1.8057321
mb-06826,train,2.2504199,2.2909775,2.0681858,2.01753
mb-00422,train,2.0043213,2.0521717,1.7323937,1.7435627
mb-06670,train,0.9542425,1.1490659,1.0413927,1.0571213
mb-05046,train,1.4471581,1.3766658,1.2787536,1.223404
mb-05735,train,1.9590414,1.9699466,1.8129133,1.7894181
mb-07152,train,1.6989701,1.7118988,1.3424227,1.3745613
mb-02783,train,2.1731863,1.7615457,1.5797836,1.3053257
mb-09128,train,1.8864907,1.721487,1.5797836,1.4963331
mb-09723,train,0.47712126,0.48323542,0.0,0.0019378662
mb-09080,train,2.0606978,2.068135,1.80618,1.8073993
mb-08350,train,2.3180633,2.373598,1.9542425,2.0255098
mb-01882,train,2.0827854,2.0585477,1.8260748,1.7146454
mb-10238,train,1.3424226,1.360899,1.0791812,1.0659112
mb-02936,train,1.8808136,1.9375443,1.6812413,1.683474
mb-05070,train,2.269513,2.2707946,1.8633229,1.8703618
mb-05616,train,2.1398792,2.0191543,1.7781513,1.6695812
mb-05102,train,2.1398792,2.1763208,1.8512584,1.8467431
mb-03542,train,2.2227163,2.3123384,2.0211892,2.0133374
mb-03554,train,2.0211892,1.9530047,1.6720978,1.5953587
mb-06323,train,2.356026,2.3333774,1.9294189,1.9859464
mb-06008,train,1.845098,1.775218,1.3424227,1.3351334
mb-08979,train,2.1105897,1.9942245,1.9242793,1.7516034
mb-01446,train,1.908485,1.8370016,1.748188,1.6212045
mb-02982,train,2.0253057,1.9423052,1.4771212,1.4305235
mb-05485,train,2.2278867,2.1922288,1.9912261,1.9767609
mb-06487,train,1.90309,1.8729777,1.0413927,1.0507
mb-02903,train,2.10721,2.0126066,1.60206,1.5412896
mb-04180,train,1.0,1.0906205,0.7781513,0.8198753
mb-00103,train,1.5563025,1.5568165,1.39794,1.4126215
mb-02991,train,1.908485,1.8910118,1.7781513,1.7106451
mb-05097,train,2.4471579,2.310141,2.3747482,2.2681298
mb-08781,train,1.9493899,2.0102522,1.7242758,1.7800155
mb-01493,train,1.7781512,1.7984092,1.447158,1.4658661
mb-03232,train,1.7923918,1.6799155,1.6334685,1.5626911
mb-08236,train,2.0211892,2.0596228,1.7075702,1.7645844
mb-00324,train,2.0043213,2.025104,1.6232493,1.6819736
mb-00901,train,1.8864907,1.9100976,1.7403626,1.7310401
mb-08214,train,1.6720978,1.6338851,1.4771212,1.4857051
mb-07751,train,1.9777236,2.008397,1.39794,1.4147089
mb-10190,train,1.9190781,1.9020188,1.748188,1.7026844
mb-00866,train,1.7853298,1.7694662,1.5797836,1.5276437
mb-07988,train,2.0,2.0389018,1.5682018,1.7094694
mb-08418,train,2.0253057,2.0661304,1.50515,1.5531108
mb-06131,train,1.6127839,1.67238,1.4149734,1.4650776
mb-06444,train,1.863323,1.8439138,1.4913617,1.5123656
mb-00067,train,1.6334684,1.6712132,1.0413927,1.1008191
mb-05680,train,2.1003704,2.0786366,1.6720978,1.6803381
mb-01995,train,1.7160033,1.7037007,1.5910646,1.5589246
mb-04071,train,2.361728,2.454184,2.178977,2.1270018
mb-05663,train,1.8976271,1.8541441,1.6627579,1.5800768
mb-03643,train,2.0644581,2.058304,1.6334685,1.6198955
mb-06605,train,2.1931245,2.217156,1.7781513,1.7830931
mb-10792,train,1.3802112,1.4164509,1.0413927,1.1236326
mb-03102,train,2.1038036,2.1455858,1.7403626,1.7771225
mb-07599,train,2.1903317,2.1593885,1.7993406,1.8140348
mb-04710,train,1.0413927,1.2390397,0.69897,0.8407636
mb-09330,train,1.7923918,1.8444169,1.1760913,1.210048
mb-04714,train,1.5185139,1.6523075,1.3222193,1.4190179
mb-01671,train,1.2787536,1.1528956,1.0,0.9579825
mb-07745,train,1.7403628,1.6757993,1.4149734,1.3786337
mb-05159,train,2.3096302,2.3350809,2.045323,1.9855366
mb-09232,train,1.146128,1.3550948,0.69897,0.8684712
mb-01104,train,1.0791812,1.066798,0.845098,0.82098687
mb-04927,train,2.0293837,2.0709002,1.6720978,1.7164026
mb-10357,train,1.7075702,2.0161612,1.5440681,1.6909615
mb-02690,train,2.220108,2.2515998,1.90309,1.8765042
mb-08500,train,1.9956353,2.0051303,1.6127839,1.6065162
mb-01328,train,1.0,1.0420319,0.60206,0.64854115
mb-10507,train,2.1105897,2.0784242,1.9731278,1.8755903
mb-02957,train,1.9242792,2.0111992,1.8388491,1.8760235
mb-04393,train,2.20412,2.2650988,2.0530784,2.1200578
mb-08630,train,2.2671719,2.2649722,2.0086002,2.0177107
mb-02638,train,1.3802112,1.3570998,1.146128,1.1054475
mb-05268,train,2.0934217,2.1795645,1.748188,1.8863806
mb-08089,train,2.0791812,2.1011026,1.8920946,1.9375584
mb-07157,train,1.5797836,1.5856879,1.3222193,1.3115451
mb-06899,train,1.8633229,1.8222487,1.5910646,1.5316384
mb-10908,train,1.770852,1.7835429,1.5910646,1.5810089
mb-07136,train,2.155336,2.21725,1.770852,1.7816464
mb-09806,train,2.230449,2.243899,1.763428,1.7656597
mb-07344,train,1.7993405,1.7655706,1.3802112,1.3249447
mb-09640,train,2.421604,2.2979858,1.9190781,1.9805694
mb-10549,train,1.6127838,1.6838689,1.3222193,1.4066634
mb-04482,train,2.1818435,2.1324327,1.5797836,1.5311059
mb-06263,train,2.220108,2.219112,1.7403626,1.7728508
mb-00930,train,2.3201463,2.3157244,1.770852,1.7944138
mb-04317,train,2.3424227,2.3219624,1.8976271,1.9212186
mb-01509,train,1.6901962,1.5538708,1.2787536,1.2273506
mb-10872,train,1.3222194,1.2967675,0.90309,0.86749005
mb-01545,train,1.230449,0.9994483,0.845098,0.63434327
mb-04763,train,2.292256,2.3053422,1.770852,1.727452
mb-10389,train,2.2624512,2.2165446,1.9637878,1.9090021
mb-07261,train,1.0,1.1497703,0.69897,0.8136024
mb-08351,train,1.7781513,1.8994539,1.6812413,1.7145007
mb-03833,train,1.3617278,1.2779578,1.3617278,1.2608968
mb-03221,train,1.8920946,1.8733032,1.3802112,1.4264274
mb-10135,train,2.217484,2.2130077,1.2552725,1.3304995
mb-04093,train,2.1583624,2.1270518,1.5910646,1.5328908
mb-03700,train,2.0128372,2.0427444,1.80618,1.8064877
mb-05120,train,2.2479734,2.1865988,1.6627579,1.6827633
mb-05572,train,2.1367207,2.1358714,1.1760913,1.261346
mb-00549,train,2.2355285,2.1630638,1.8573325,1.8276983
mb-00275,train,2.1367207,2.0933938,1.7558749,1.7168697
mb-06797,train,2.1846914,2.1928363,1.9190781,1.9381268
mb-08626,train,2.3053513,2.2512827,1.9912261,1.9124852
mb-04097,train,2.2718415,2.2854953,1.9637878,1.918494
mb-03661,train,1.3802112,1.4500633,1.0791812,1.1581599
mb-04770,train,2.30103,2.3182583,1.9542425,1.971822
mb-05440,train,2.20412,2.0420008,1.748188,1.4727426
mb-03153,train,1.361728,1.4681872,1.1760913,1.1798869
mb-05192,train,1.7160034,1.7016445,1.39794,1.4167223
mb-09272,train,2.0791812,2.0636668,1.763428,1.8699328
mb-10976,train,2.217484,2.224295,1.819544,1.7945597
mb-00122,train,1.908485,2.179275,1.908485,1.7914033
mb-08870,train,1.8388491,1.857554,1.39794,1.3730772
mb-06111,train,1.60206,1.5518229,1.5185139,1.4479523
mb-02377,train,1.3424227,1.4430103,0.9542425,1.0658839
mb-02572,train,2.0374265,2.0311208,1.6627579,1.6160676
mb-04051,train,2.3598354,2.3885436,2.064458,2.0478399
mb-02267,train,2.071882,2.1025596,1.50515,1.4488672
mb-06903,train,1.0,0.9939836,0.845098,0.80363035
mb-01433,train,1.3222194,1.3613003,0.90309,0.9582475
mb-06859,train,1.2041199,1.1441314,1.0791812,1.0178291
mb-01457,train,2.071882,2.0687366,1.4149734,1.4348035
mb-00244,train,1.6334685,1.4956421,1.39794,1.3516855
mb-00524,train,2.10721,2.0329669,1.8573325,1.8495325
mb-02835,train,2.0170333,2.1505804,1.6532125,1.7514098
mb-06890,train,2.164353,2.146466,1.39794,1.395711
mb-08250,train,1.6532125,1.6774807,1.4771212,1.495338
mb-01002,train,1.6812413,1.7453575,1.3802112,1.3489405
mb-02176,train,1.7993405,1.8284097,1.2552725,1.3136648
mb-04609,train,2.240549,2.2215934,1.9956352,1.9789867
mb-02704,train,1.1139433,1.1601312,0.845098,0.88825315
mb-10905,train,1.5910647,1.6335827,1.4313638,1.4740897
mb-03002,train,2.3783977,2.3815293,2.0293837,2.0474434
mb-03351,train,1.5910647,1.6896474,1.2787536,1.3002194
mb-08881,train,2.0170333,2.0358691,1.4149734,1.487777
mb-00879,train,2.1461282,2.1516764,1.908485,1.8824084
mb-00898,train,1.9637879,1.9262284,1.6627579,1.6676892
mb-06210,train,2.1583624,2.2222795,1.7853298,1.8150128
mb-04076,train,1.9956352,2.014211,1.60206,1.5747321
mb-04716,train,2.2878017,2.2749736,1.8260748,1.8746781
mb-08540,train,1.7075702,1.7314298,1.4313638,1.4100381
mb-02730,train,1.8260748,1.7002144,1.4771212,1.3189673
mb-10508,train,2.149219,2.2116356,1.50515,1.573142
mb-02357,train,2.0827854,2.0455298,1.80618,1.7715421
mb-05554,train,1.7323937,1.7828115,1.3424227,1.3290339
mb-01366,train,1.7923918,1.7029617,1.5440681,1.4795489
mb-01886,train,1.3222193,1.37174,1.0,1.0409399
mb-02449,train,2.3242824,2.3984494,1.8808136,1.9531658
mb-09428,train,2.0569048,2.099391,1.60206,1.7066838
mb-08177,train,1.1760912,1.2335987,1.0791812,1.1125748
mb-08538,train,1.770852,1.7663546,1.4771212,1.470468
mb-06081,train,2.25042,2.1569054,1.8976271,1.8530936
mb-08221,train,2.243038,2.211976,1.9344984,1.9854195
mb-08254,train,1.7993405,1.8259379,1.5314789,1.6425966
mb-03595,train,2.029384,2.0967479,1.30103,1.3435285
mb-08260,train,1.6627579,1.628997,1.30103,1.3077586
mb-03955,train,1.8260748,1.8908216,1.4149734,1.4471978
mb-06625,train,1.5682018,1.6531439,1.4313638,1.5097206
mb-02381,train,1.20412,1.203201,0.90309,0.8683531
mb-10171,train,2.130334,2.1646988,1.5440681,1.7248161
mb-05250,train,2.164353,2.1451752,1.7160033,1.726258
mb-02283,train,0.90309,0.90198576,0.69897,0.6921868
mb-10056,train,2.3364596,2.28023,2.0043213,1.9496605
mb-09922,train,2.120574,2.0715966,1.6720978,1.5636877
mb-09784,train,2.075547,2.1385276,1.9344984,2.0458522
mb-00705,train,2.5250447,2.3761795,2.3180633,2.1210654
mb-06946,train,1.5910646,1.5979881,1.2552725,1.3140554
mb-08973,train,2.1522884,2.1093342,1.9637878,1.8672664
mb-05333,train,2.0170333,1.9865804,1.5910646,1.6053588
mb-09816,train,1.4913617,1.5004592,1.39794,1.3970559
mb-00518,train,1.5910647,1.5520954,1.1760913,1.133688
mb-07662,train,1.39794,1.5350666,1.1760913,1.232424
mb-08788,train,1.845098,1.8609251,1.6532125,1.5522908
mb-08499,train,1.7708521,1.7511944,1.6627579,1.6292764
mb-03773,train,1.6020601,1.6325963,1.1760913,1.2104099
mb-06486,train,2.0,1.9565387,1.5185139,1.5541422
mb-07573,train,1.2787536,1.2381394,1.0413927,1.0117462
mb-01563,train,2.164353,2.1439683,1.90309,1.8927815
mb-04844,train,1.7923918,1.814497,1.230449,1.3160164
mb-10128,train,2.0569048,2.002656,1.447158,1.4018341
mb-07879,train,1.4149734,1.4009786,1.20412,1.1955287
mb-06854,train,1.6434528,1.6780198,1.1760913,1.2224144
mb-05660,train,2.049218,2.0680974,1.819544,1.8939162
mb-10506,train,2.0043213,1.9564445,1.5563025,1.5288392
mb-01332,train,2.1105897,2.1536007,1.6812413,1.7885914
mb-09843,train,2.075547,2.1074674,1.7242758,1.7582673
mb-09284,train,1.8692317,1.9454348,1.7323937,1.8052882
mb-07238,train,2.0128372,2.0066087,1.8750613,1.884092
mb-06213,train,1.8260748,1.8190508,1.4913617,1.4930615
mb-02564,train,2.2718415,2.3237724,1.8129133,1.871789
mb-09750,train,1.9731278,1.8788521,1.2552725,1.1938832
mb-02331,train,2.506505,2.3404605,2.350248,2.217134
mb-08921,train,1.2787536,1.2206428,0.90309,0.86413
mb-09943,train,1.9444828,1.7997253,1.4313638,1.3481297
mb-05580,train,2.4132998,2.2750413,2.1105897,1.9880012
mb-01993,train,2.064458,2.0513844,1.8864907,1.8385081
mb-06669,train,1.1139433,1.0740365,0.7781513,0.7678271
mb-04560,train,1.69897,1.602563,1.4771212,1.4414027
mb-00432,train,1.4471581,1.331548,1.146128,1.0729946
mb-01928,train,1.1760912,1.3310549,1.0,1.1294473
mb-05899,train,1.8129134,1.6701331,1.5563025,1.4585513
mb-05458,train,0.7781513,0.7837774,0.60206,0.60431087
mb-03318,train,2.252853,2.2855797,2.071882,2.0848656
mb-06387,train,2.2624512,2.2252598,1.8808136,1.845479
mb-09240,train,1.5910646,1.632192,1.0791812,1.1750586
mb-09792,train,1.7634281,1.6494519,1.5440681,1.4847589
mb-02988,train,2.0569048,2.010035,1.3802112,1.3445743
mb-07534,train,1.230449,1.2626059,1.0,1.0164
mb-01443,train,1.908485,1.9304045,1.6627579,1.7022808
mb-05564,train,1.8573325,1.9966533,1.3424227,1.4622797
mb-10025,train,2.243038,2.1563675,1.748188,1.7091472
mb-01313,train,2.0211892,2.0726538,1.690196,1.758541
mb-10497,train,1.5314789,1.5999639,0.90309,1.0070907
mb-04665,train,0.90309,0.91077375,0.60206,0.5965502
mb-03639,train,1.7993406,1.9072443,1.1760913,1.2565125
mb-00376,train,2.2227163,2.2051702,1.8573325,1.9065763
mb-04954,train,1.5440681,1.5520192,1.1760913,1.2029526
mb-00651,train,1.9912262,2.0842164,1.6334685,1.6818129
mb-04080,train,2.0334237,2.0487998,1.6720978,1.6676003
mb-06191,train,1.7075702,1.6784146,1.4913617,1.4835296
mb-03562,train,1.544068,1.5933559,1.5185139,1.4859214
mb-03021,train,2.2671719,2.2775345,1.9912261,2.0126762
mb-08362,train,1.8260748,1.7070425,1.6812413,1.5329307
mb-04333,train,1.968483,1.940553,1.690196,1.6593976
mb-03791,train,2.075547,2.0688336,1.6812413,1.6643661
mb-04048,train,2.25042,2.2637134,1.8750613,1.883726
mb-01413,train,2.0934217,2.147209,1.9912261,1.990649
mb-01952,train,2.1367207,2.1551015,1.6334685,1.613767
mb-03884,train,2.2479732,2.2478507,1.8573325,1.8524249
mb-07089,train,1.724276,1.725026,1.3424227,1.276782
mb-01132,train,1.7160034,1.681196,1.5440681,1.5575783
mb-04055,train,2.09691,2.1286514,1.8388491,1.8020324
mb-00026,train,1.8864907,1.7862602,1.2552725,1.2317352
mb-06515,train,2.2552724,2.23028,2.1303337,2.155592
mb-10849,train,2.3673558,2.3504791,2.0827854,2.169666
mb-06935,train,1.0,1.0274171,0.7781513,0.7879115
mb-01335,train,2.1643527,2.173149,2.0253057,1.9744873
mb-01450,train,1.819544,1.8718652,1.6232493,1.6527399
mb-04050,train,2.3443923,2.3214843,2.0128372,2.034945
mb-01419,train,1.8325089,1.7973809,1.4913617,1.4669235
mb-05828,train,1.748188,1.7299471,1.4149734,1.3525612
mb-08526,train,2.033424,2.054567,1.39794,1.4585589
mb-01729,train,2.1335387,2.1291554,1.8129133,1.8359509
mb-04057,train,2.1430147,2.1293437,2.0334237,1.9423342
mb-10348,train,2.2764618,2.1989398,1.8512584,1.7725325
mb-03008,train,1.9344984,1.9107972,1.5910646,1.5849067
mb-06087,train,2.0569048,2.0768545,1.6532125,1.5784217
mb-08469,train,1.6720979,1.5630795,1.30103,1.2357354
mb-05349,train,1.9867718,1.8691788,1.6812413,1.5822006
mb-00690,train,1.8325089,1.9157474,1.60206,1.6268983
mb-00919,train,1.8061799,1.9241399,1.69897,1.6926813
mb-00242,train,1.4149734,1.4533157,1.0413927,1.0091844
mb-07676,train,2.09691,2.0134847,1.7075702,1.8007267
mb-08313,train,1.8388491,1.8271317,1.447158,1.420973
mb-10473,train,2.2878017,2.2594194,1.9444827,1.9908533
mb-06637,train,2.120574,2.093353,1.6720978,1.7154243
mb-06240,train,1.929419,1.8633183,1.462398,1.464347
mb-02895,train,1.7558749,1.6899984,1.4771212,1.4278072
mb-00542,train,1.3424227,1.4108634,0.90309,0.961201
mb-01004,train,1.8450981,1.8918266,1.4313638,1.4631284
mb-01344,train,1.9444826,1.9141042,1.5314789,1.5053535
mb-01920,train,1.5440681,1.5157057,1.146128,1.1144494
mb-05927,train,1.3979399,1.3713428,0.845098,0.83097464
mb-05935,train,2.434569,2.4066963,2.1553361,2.0816336
mb-10267,train,2.133539,2.1934118,1.2552725,1.3082764
mb-07366,train,1.5185139,1.5047333,0.69897,0.7379285
mb-08511,train,1.2787536,1.365528,1.146128,1.1909593
mb-04400,train,2.143015,2.0999043,1.9190781,1.922106
mb-03229,train,2.5105448,2.5033693,2.3053513,2.1768274
mb-04995,train,2.075547,2.1115277,1.5314789,1.5688174
mb-10612,train,1.9637878,2.0118756,1.5314789,1.4973452
mb-01008,train,2.1522884,2.0791483,1.6532125,1.5956943
mb-03656,train,2.378398,2.3576927,2.0,2.002374
mb-08355,train,2.365488,2.3135645,1.9912261,1.962416
mb-07395,train,1.5314789,1.4386637,1.0791812,1.0139172
mb-09309,train,2.2900345,2.2431076,1.9444827,1.8775351
mb-04374,train,1.6812413,1.7238697,1.4771212,1.5598588
mb-10554,train,2.2671719,2.2575884,1.80618,1.9291689
mb-04766,train,2.2576785,2.2800477,2.0,2.0132196
mb-10654,train,2.0043213,2.1841314,1.7558749,1.8669558
mb-10305,train,2.2479732,2.182399,1.9190781,1.7891473
mb-04337,train,2.283301,2.218044,1.7242758,1.7499294
mb-10800,train,1.5314789,1.603851,1.2552725,1.3904773
mb-07082,train,1.39794,1.4721639,1.146128,1.2029196
mb-10587,train,1.5185139,1.4821149,1.0413927,1.0363126
mb-02471,train,1.8388491,1.8247908,1.7323937,1.7205127
mb-06818,train,2.2833014,2.2377677,1.94939,1.9747131
mb-08767,train,1.9344984,2.0265398,1.50515,1.5909564
mb-01766,train,2.1958997,2.2373736,1.8750613,1.9354284
mb-05062,train,2.0934217,2.0806148,1.845098,1.843087
mb-03296,train,1.748188,1.8077334,1.30103,1.3693221
mb-01793,train,1.4149734,1.4680464,1.0,1.0898304
mb-02150,train,2.0043213,1.9666933,1.50515,1.4999532
mb-01723,train,1.39794,1.2914255,1.230449,1.1237459
mb-05681,train,1.8388491,1.688886,1.763428,1.5159571
mb-06972,train,2.0569048,2.0470626,1.8633229,1.7833934
mb-10104,train,1.6989701,1.6559694,1.2552725,1.2576084
mb-08047,train,1.2787536,1.3337166,0.90309,0.98463565
mb-02212,train,2.2552724,2.1967826,1.690196,1.645494
mb-04590,train,1.2787536,1.3381712,0.90309,0.94317544
mb-04825,train,1.7853298,1.9482666,1.50515,1.6085322
mb-04323,train,1.5314789,1.5349813,1.3802112,1.4188422
mb-08317,train,2.0863597,2.0796673,1.7403626,1.7420297
mb-02726,train,1.9444828,1.9016405,1.4313638,1.4244697
mb-05570,train,1.9190781,1.8596815,1.3802112,1.3215935
mb-10575,train,1.8864907,2.2051466,1.5797836,1.8455843
mb-06070,train,1.8920946,1.928064,1.4313638,1.4806669
mb-01375,train,2.0374265,2.025538,1.5682018,1.6087227
mb-08397,train,2.2966652,2.2952623,1.1139433,1.1052808
mb-02777,train,1.6989701,1.4477876,1.4313638,1.1607003
mb-06069,train,1.748188,1.7602568,1.5440681,1.5409534
mb-06281,train,1.7323937,1.6643317,1.4771212,1.4362435
mb-07105,train,1.20412,1.5119288,1.6127839,1.6008894
mb-09473,train,1.9777236,1.9585726,1.4313638,1.4412334
mb-04776,train,0.0,-0.0043085217,0.0,0.006242156
mb-08629,train,2.2900348,2.2415252,1.7993406,1.7399849
mb-08827,train,1.7323937,1.9429599,1.5797836,1.604356
mb-00962,train,2.2380462,2.1939259,1.8692317,1.8532113
mb-09710,train,1.4149734,1.2920792,1.0413927,0.9656555
mb-07279,train,1.8325089,1.9185555,1.3424227,1.4068344
mb-00624,train,1.9867718,1.9200884,1.462398,1.367257
mb-03792,train,2.0530784,2.115965,1.8260748,1.8106166
mb-02185,train,1.4149733,1.4085121,1.0791812,1.0506229
mb-00758,train,2.209515,2.3222222,1.9294189,1.935897
mb-05025,train,2.298853,2.2498374,1.770852,1.7368287
mb-09090,train,1.8573325,1.8023424,1.60206,1.5437177
mb-10751,train,2.4756713,2.4017117,2.133539,2.0632625
mb-02028,train,1.7160033,1.6416463,1.5314789,1.5295653
mb-10573,train,2.198657,2.1900713,1.7558749,1.6655746
mb-07566,train,1.7853298,1.9894749,1.4771212,1.6690215
mb-00862,train,2.0791812,2.041372,1.90309,1.8356258
mb-03121,train,1.929419,1.8128943,1.4149734,1.4177027
mb-01224,train,1.7160033,1.6985152,1.60206,1.5776017
mb-08532,train,1.5563025,1.5656621,1.3617278,1.3206557
mb-07377,train,1.3979399,1.213562,1.1139433,0.9704069
mb-08952,train,2.1818435,2.1969752,1.7853298,1.7296429
mb-09877,train,2.230449,2.221932,1.8573325,1.8215063
mb-00527,train,1.7160033,1.752265,1.3617278,1.4023671
mb-00790,train,1.9542425,1.9450237,1.60206,1.5926836
mb-08398,train,1.2552725,1.2033079,1.0413927,1.02959
mb-03936,train,2.2278867,2.165484,1.9637878,1.8750863
mb-00985,train,1.9444827,2.0049446,1.2787536,1.2892717
mb-04554,train,1.8129134,1.7930024,1.3802112,1.3561652
mb-04198,train,1.5185139,1.5204358,1.2787536,1.326854
mb-09873,train,2.2405493,2.21031,1.8692317,1.7799633
mb-10451,train,2.230449,2.198029,1.8388491,1.8728801
mb-01099,train,2.0170333,2.0463367,1.6627579,1.6539265
mb-04288,train,1.7853298,1.7222358,1.4313638,1.4611545
mb-00035,train,1.8325089,1.7628503,1.5314789,1.4404546
mb-01644,train,2.4814425,2.3894448,2.1818435,2.074007
mb-02925,train,2.075547,2.0344665,1.8325089,1.8062994
mb-10881,train,1.8325089,1.8980287,1.748188,1.7559448
mb-10875,train,1.9731278,2.0015378,1.462398,1.5033125
mb-09633,train,2.3222194,2.2895522,2.0681858,1.9478178
mb-03931,train,1.9138138,1.8141121,1.7853298,1.6489577
mb-04408,train,1.9138138,1.9014049,1.3424227,1.3507833
mb-08182,train,2.1875207,2.3165913,1.8388491,1.9570678
mb-03353,train,2.4031205,2.2908285,2.2455127,2.1986358
mb-01281,train,1.6434528,1.6503735,1.30103,1.3262553
mb-00723,train,1.94939,1.9914236,1.8976271,1.8580043
mb-02517,train,2.220108,2.1604388,1.4771212,1.4128375
mb-02746,train,1.748188,1.7370805,1.6127839,1.6280718
mb-04789,train,1.8976271,1.8914468,1.5910646,1.6011385
mb-03145,train,1.9294189,1.8821661,1.5910646,1.722858
mb-07998,train,2.2833014,2.233614,1.7323937,1.6850371
mb-06345,train,1.9444828,1.9005686,1.3424227,1.2534925
mb-01071,train,2.1903317,2.170236,2.0128372,2.0796773
mb-09778,train,1.908485,1.8253175,1.39794,1.345381
mb-01233,train,1.3802112,1.5248039,1.0413927,1.1626457
mb-01162,train,2.1818435,2.1404996,1.7242758,1.6942326
mb-10985,train,1.770852,1.7313114,1.5797836,1.5289643
mb-01611,train,1.8325089,1.8404595,1.6627579,1.6930068
mb-00599,train,1.968483,1.9895098,1.4913617,1.5469551
mb-00369,train,1.6334685,1.6397674,1.39794,1.4387106
mb-08690,train,1.3222193,1.3599968,1.0,1.02773
mb-03189,train,1.819544,1.764941,1.4313638,1.4364095
mb-09541,train,2.146128,2.153091,1.0791812,1.0695648
mb-07406,train,2.3159704,2.2748308,1.763428,1.71077
mb-03832,train,2.4756713,2.419048,2.075547,2.0553656
mb-07389,train,1.3979399,1.2891458,1.1139433,1.1114001
mb-06086,train,2.130334,2.1601489,1.4149734,1.4511188
mb-08857,train,2.0211892,2.0853062,1.7075702,1.7429591
mb-07484,train,2.4533184,2.3654504,2.0606978,2.012526
mb-03513,train,2.3242824,2.3426154,2.0530784,2.0006847
mb-07974,train,1.7075702,1.8450905,1.4913617,1.553473
mb-00941,train,2.2380462,2.1905231,1.4913617,1.4766088
mb-07630,train,1.3222193,1.3495204,0.845098,0.8772706
mb-07246,train,1.5440681,1.5154488,1.1139433,1.1142128
mb-06708,train,1.7993405,1.7483271,1.6720978,1.5749602
mb-03258,train,2.2278867,2.2073212,1.845098,1.7925597
mb-04095,train,2.0128372,1.9795759,1.5563025,1.5692775
mb-02380,train,2.5250447,2.3806589,2.2855573,2.0917687
mb-01642,train,1.8808136,1.849431,1.5314789,1.5439959
mb-02584,train,1.5682017,1.5671556,1.447158,1.4361058
mb-04310,train,1.8633229,1.8903484,1.60206,1.5512359
mb-08804,train,1.5563025,1.6332617,1.146128,1.2091308
mb-09971,train,2.045323,2.0861819,1.8129133,1.8357747
mb-09894,train,1.9190781,1.9058299,1.6812413,1.6203029
mb-07039,train,1.8920946,1.9552342,1.6720978,1.7130839
mb-07203,train,1.9395192,1.8887568,1.6434526,1.6039383
mb-06301,train,1.9590415,1.9283018,1.4313638,1.3870219
mb-05911,train,1.9542426,1.8835913,1.5682018,1.5058949
mb-06289,train,2.2855573,2.258931,1.9542425,1.8751869
mb-03497,train,1.9777236,1.9061248,1.8325089,1.7428153
mb-09846,train,1.6720979,1.6717935,1.5682018,1.4918977
mb-00701,train,1.6720978,1.6678953,1.4771212,1.4498132
mb-07738,train,1.3424227,1.3718228,0.9542425,0.9337866
mb-07432,train,1.6812413,1.653672,1.50515,1.4713362
mb-09457,train,1.8976271,1.909656,1.50515,1.4436599
mb-04328,train,2.2148438,2.2181554,1.3424227,1.3328277
mb-04035,train,2.3159704,2.3369794,1.9138138,1.9746454
mb-08040,train,2.0043213,2.0974293,1.770852,1.7970296
mb-02317,train,1.4313637,1.5655161,1.0791812,1.1765813
mb-00330,train,1.5051501,1.570619,1.2787536,1.2436653
mb-03205,train,1.8512584,1.8289157,1.5440681,1.5371695
mb-00090,train,2.2576787,2.247913,2.0413928,1.9857348
mb-07296,train,1.6232493,1.5723445,1.230449,1.1843219
mb-04366,train,2.1105897,2.133629,1.9912261,2.062101
mb-00881,train,1.5682018,1.5241365,1.20412,1.2301626
mb-00755,train,2.025306,2.0336924,1.7075702,1.7172239
mb-04746,train,1.6334684,1.6865423,1.3617278,1.4196601
mb-08694,train,2.240549,2.1746387,1.5797836,1.398383
mb-04509,train,1.1760913,1.1518176,0.60206,0.579424
mb-10033,train,2.2380462,2.053974,1.9138138,1.7938385
mb-07784,train,2.1238515,2.0844471,1.8388491,1.848876
mb-07949,train,1.69897,1.6711905,1.3802112,1.3309896
mb-09587,train,1.748188,1.8672708,1.6434526,1.6834065
mb-02827,train,2.303196,2.3447635,1.9637878,1.9595118
mb-06847,train,1.763428,1.7202513,1.447158,1.4421558
mb-07048,train,1.6232493,1.7944311,1.39794,1.4898322
mb-09663,train,2.2576785,2.2028866,1.8633229,1.7829854
mb-04700,train,1.9590414,1.9928927,1.763428,1.7158264
mb-01871,train,2.1903317,2.2241533,1.7558749,1.734898
mb-02676,train,1.39794,1.4676875,1.0413927,1.0690413
mb-07538,train,2.1461282,2.212155,1.7993406,1.851359
mb-08261,train,2.0,1.9975868,0.30103,0.28046823
mb-08880,train,2.0863597,2.121358,1.6720978,1.7943853
mb-08552,train,2.50515,2.4911087,2.3324385,2.1647882
mb-06621,train,1.39794,1.3234864,1.0,0.9184049
mb-06442,train,2.3424225,2.336867,2.0334237,2.0315204
mb-06908,train,1.4149734,1.511666,1.5185139,1.570807
mb-04412,train,1.9138138,1.9180139,1.7403626,1.7490529
mb-08487,train,2.025306,1.9719192,1.5682018,1.5380696
mb-02742,train,1.5185139,1.3469949,1.0791812,0.9350623
mb-05455,train,2.0293837,2.1051884,1.690196,1.762224
mb-05452,train,1.6989701,1.779275,1.4913617,1.4898554
mb-03045,train,2.230449,2.215934,1.908485,1.9012139
mb-09603,train,1.8325089,1.803508,1.4771212,1.54817
mb-07733,train,2.0791812,2.196543,1.6232493,1.6703092
mb-02360,train,1.7160034,1.8948731,1.5682018,1.6910789
mb-09769,train,1.5051501,1.4649413,0.90309,0.8702373
mb-01731,train,1.8864907,1.826179,1.2552725,1.2087477
mb-08086,train,2.0211892,2.0616603,1.7853298,1.8501999
mb-04753,train,1.5563025,1.5048091,1.146128,1.0756332
mb-01418,train,1.4313638,1.5552707,1.1760913,1.2786198
mb-01393,train,1.748188,1.8643634,1.5185139,1.5654687
mb-10623,train,1.6127839,1.5984262,0.90309,0.89845085
mb-10464,train,1.8388492,1.8088863,1.4313638,1.4175591
mb-05215,train,1.8195438,1.852504,1.5797836,1.5936282
mb-09551,train,2.2787538,2.2953694,2.178977,2.2004795
mb-01024,train,1.6812413,1.8691432,1.2787536,1.4948621
mb-03909,train,1.8864908,1.9207041,1.5682018,1.6136358
mb-04813,train,1.0791812,1.1459353,0.845098,0.84982413
mb-07023,train,1.8976271,1.9221814,1.6532125,1.6788903
mb-03933,train,2.4871385,2.4720793,2.3304138,2.145496
mb-03962,train,1.9867717,1.8870156,1.6720978,1.6153336
mb-08207,train,1.819544,1.7493238,1.5185139,1.4993464
mb-05058,train,2.220108,2.2006502,1.6720978,1.7857329
mb-08106,train,1.9084849,1.987734,1.7323937,1.6992385
mb-02940,train,1.4913617,1.5060763,1.2787536,1.2848014
mb-03468,train,1.9777236,2.0066023,1.8388491,1.8840675
mb-04516,train,2.1003704,2.1068761,1.69897,1.7086562
mb-07704,train,2.1172712,2.1413846,1.60206,1.6410309
mb-10789,train,2.120574,2.0233514,1.6627579,1.6112975
mb-03996,train,1.9242793,1.9340546,1.7075702,1.6609828
mb-00641,train,1.0413927,1.1569419,0.845098,0.9660655
mb-01087,train,1.0791812,1.0720959,0.69897,0.6838389
mb-04148,train,2.0374265,2.0456576,1.6232493,1.6349424
mb-04986,train,1.8195438,1.8098047,1.5797836,1.5059412
mb-07997,train,1.5440681,1.4889092,1.2787536,1.1930127
mb-02984,train,2.3117537,2.22508,2.0293837,1.9465971
mb-02639,train,2.2671716,2.2068348,2.0043213,1.9557792
mb-05615,train,2.2227166,2.0833378,1.9395193,1.8177501
mb-07541,train,1.4471581,1.4962496,0.9542425,1.0345588
mb-10129,train,1.9867717,1.9374335,1.7323937,1.6636739
mb-04822,train,0.0,-0.106607676,0.0,-0.082582116
mb-01623,train,2.2576785,2.195468,2.09691,2.0314722
mb-05850,train,1.7781513,1.783141,1.4313638,1.4683126
mb-08094,train,1.8512583,1.8112102,1.4771212,1.451229
mb-06870,train,1.0,1.0172365,0.60206,0.63341826
mb-09301,train,2.1367207,2.2138934,1.5910646,1.6664112
mb-08265,train,1.6127839,1.6020806,1.3802112,1.3718035
mb-10491,train,1.8750613,1.9577686,1.3617278,1.4852455
mb-10137,train,2.206826,2.1536822,2.0086002,1.9901947
mb-00017,train,1.50515,1.5572629,1.146128,1.1379516
mb-10139,train,2.307496,2.3235831,1.968483,2.0420818
mb-08112,train,1.9444827,2.038491,1.819544,1.8048856
mb-03755,train,0.9542425,0.9648854,0.60206,0.46670365
mb-10511,train,1.6127839,1.570667,1.2787536,1.2674176
mb-02938,train,1.6232493,1.6626034,1.3222193,1.3129153
mb-01508,train,2.10721,2.050777,1.7075702,1.7020421
mb-01042,train,2.2855573,2.2840385,2.0569048,1.9774411
mb-01476,train,1.6720979,1.659841,0.90309,0.9113091
mb-07336,train,2.2900345,2.352703,1.90309,2.0064945
mb-03135,train,1.5185139,1.5543916,1.30103,1.3453779
mb-04237,train,1.9637878,1.9405112,1.7558749,1.7061989
mb-06105,train,2.146128,2.137421,1.5185139,1.5795357
mb-04247,train,1.9956353,2.0138814,1.3802112,1.4237223
mb-07379,train,1.5185139,1.5868393,1.3617278,1.3385283
mb-08672,train,1.7634281,1.7757772,1.4313638,1.451711
mb-07837,train,2.25042,2.226205,1.6434526,1.6523222
mb-02609,train,1.968483,1.8504928,1.5440681,1.4495264
mb-09491,train,1.7323937,1.6790802,1.5563025,1.5431455
mb-00654,train,1.5563024,1.5516846,1.3222193,1.3762376
mb-03968,train,2.2253094,2.2776165,1.8573325,1.9189631
mb-00533,train,1.0791813,1.1514053,0.9542425,0.987025
mb-06300,train,1.5797836,1.4918442,1.3222193,1.2723736
mb-01736,train,2.0,1.989919,1.8692317,1.785573
mb-08677,train,2.064458,2.0291843,1.7242758,1.7460285
mb-10887,train,2.075547,2.0321765,1.5682018,1.5364825
mb-03034,train,2.25042,2.2984438,1.90309,1.9358289
mb-05157,train,1.6434526,1.6322687,1.4771212,1.4952227
mb-08456,train,2.0043213,2.105528,1.5682018,1.6100538
mb-07530,train,2.0253057,2.0385797,1.69897,1.7214367
mb-03181,train,0.47712123,0.50413036,1.1139433,1.220432
mb-04264,train,1.9637878,1.9422448,1.4149734,1.4917003
mb-07335,train,2.1003706,1.9800289,1.6532125,1.5942724
mb-05559,train,2.1731863,2.1809716,1.8808136,1.9284104
mb-03092,train,2.1818435,2.1744566,1.8750613,1.8296502
mb-03734,train,2.0569048,2.0409198,1.5797836,1.5413222
mb-10241,train,2.217484,2.1682563,1.845098,1.8774714
mb-04634,train,1.3222193,1.2454419,1.0413927,0.97268283
mb-10834,train,2.0211892,2.0700147,1.60206,1.6422759
mb-07129,train,1.763428,1.7077693,1.447158,1.4198253
mb-06613,train,1.770852,1.7489961,1.3802112,1.4063392
mb-00623,train,1.7708521,1.7450113,1.5440681,1.5504631
mb-01987,train,2.1238515,2.1128473,1.8129133,1.7786558
mb-00864,train,1.6127838,1.6046486,1.447158,1.4705932
mb-00261,train,2.0170333,2.0394602,0.9542425,0.9215648
mb-08722,train,2.3117537,2.3101733,1.7781513,1.7000339
mb-08026,train,1.7160034,1.7621632,0.69897,0.77569276
mb-06079,train,1.80618,1.734075,1.3617278,1.3068452
mb-07639,train,1.8129134,1.816247,1.462398,1.4998775
mb-09319,train,1.6232493,1.6453611,1.50515,1.525261
mb-08071,train,1.3010299,1.3033575,1.0791812,1.0507772
mb-04046,train,1.7853298,1.7981989,1.3424227,1.3394561
mb-05197,train,2.39794,2.3183663,2.2600713,2.237795
mb-02262,train,1.6720979,1.6756182,1.2552725,1.2513715
mb-00589,train,1.8388492,1.8840609,1.4313638,1.4486333
mb-05910,train,1.7853299,1.7295673,1.6334685,1.5546789
mb-02623,train,1.9912261,2.0469737,1.3617278,1.3757601
mb-03075,train,2.217484,2.222424,1.9344984,1.9357218
mb-09605,train,2.075547,1.9225781,1.39794,1.3179779
mb-02922,train,1.60206,1.5287472,1.3617278,1.3728331
mb-08753,train,2.1139433,2.0750167,1.8573325,1.7823435
mb-08126,train,1.3802112,1.3522047,1.230449,1.1706796
mb-03208,train,2.4913616,2.3697028,2.2479732,2.073469
mb-09767,train,1.3010299,1.5281497,1.0791812,1.2636981
mb-03085,train,2.2718418,2.3153448,2.1367207,2.1473334
mb-03365,train,2.1271048,2.1327007,1.690196,1.6434205
mb-05528,train,1.8976271,1.9108438,1.4913617,1.4893677
mb-04031,train,2.2787535,2.3393548,1.690196,1.8708445
mb-02673,train,2.1139433,2.1735363,1.7558749,1.8828651
mb-00710,train,2.2227163,2.1547012,1.8573325,1.8383163
mb-08406,train,1.5051501,1.508559,1.230449,1.2378387
mb-01186,train,1.8692317,1.8280241,1.30103,1.2931646
mb-03148,train,1.4913617,1.9267277,1.462398,1.5778561
mb-05905,train,1.1760913,1.393668,1.20412,1.3006599
mb-04182,train,2.198657,2.2520287,2.164353,2.162931
mb-06248,train,1.763428,1.7225596,1.447158,1.4233673
mb-08211,train,2.0934217,2.0797298,1.763428,1.7978975
mb-02215,train,2.0086002,1.9818492,1.0791812,1.0577745
mb-07700,train,1.5910647,1.5736474,1.1760913,1.1633972
mb-08225,train,1.9344985,2.0548909,1.6532125,1.6920527
mb-07359,train,1.9294189,1.9588653,1.748188,1.7386115
mb-08598,train,2.0086002,2.0316331,1.7242758,1.7403204
mb-10547,train,1.9956352,1.9053246,1.7853298,1.7082292
mb-10107,train,2.146128,2.1763005,1.770852,1.8941687
mb-07520,train,1.7993406,1.8215115,1.5440681,1.5697472
mb-00774,train,2.2504199,2.254828,2.0791812,2.0452497
mb-07488,train,1.5682018,1.5287236,1.30103,1.2868357
mb-05703,train,1.4313637,1.468907,1.0791812,1.1413383
mb-03123,train,2.4871383,2.3353195,2.2600713,2.0858772
mb-07021,train,1.8976271,1.9220896,1.80618,1.7869828
mb-03963,train,1.6627578,1.6005496,1.5910646,1.5225118
mb-08673,train,1.8573326,1.8382931,1.5440681,1.5467473
mb-07318,train,1.50515,1.3866571,1.0791812,1.0037764
mb-05768,train,1.9395193,1.8738279,1.30103,1.2643094
mb-05860,train,1.518514,1.5413864,1.462398,1.3785089
mb-09592,train,2.1583624,2.1782515,1.5910646,1.5901875
mb-08451,train,2.475671,2.3386393,2.3242824,2.2089267
mb-06897,train,2.2648177,2.1761768,1.9956352,1.8562385
mb-05549,train,1.8260747,1.7961922,1.5910646,1.5595099
mb-07250,train,0.47712126,0.491086,0.30103,0.29283178
mb-00167,train,1.763428,1.7699065,1.4771212,1.459697
mb-08621,train,1.9822712,1.9710763,1.2552725,1.2712197
mb-04402,train,2.025306,1.8713889,1.4913617,1.4247824
mb-01806,train,1.7403626,1.7684821,1.5797836,1.6238365
mb-02751,train,1.146128,1.1546508,1.146128,1.160716
mb-05638,train,1.7403628,1.7960961,1.6532125,1.5398202
mb-00977,train,2.2304487,2.2175145,2.0863597,2.1005735
mb-01592,train,1.6532125,1.6756107,1.230449,1.2538689
mb-02069,train,2.0791812,2.1049442,1.7853298,1.7834916
mb-01026,train,0.90309,0.99047637,0.60206,0.65651363
mb-03540,train,1.7242758,1.7109013,1.5314789,1.5071874
mb-01971,train,2.2988532,2.2262585,1.8325089,1.8022871
mb-06779,train,1.4149734,1.460845,0.90309,1.0085132
mb-05520,train,1.146128,0.9978883,1.146128,1.0292052
mb-09462,train,2.149219,2.149608,1.7853298,1.7628423
mb-05898,train,1.763428,1.7439038,1.230449,1.2137632
mb-06589,train,2.143015,2.13219,1.9777236,1.9409586
mb-04195,train,1.968483,1.9496996,1.7993406,1.7458404
mb-03912,train,1.7781513,1.7128189,1.6627579,1.5684155
mb-03370,train,2.1430147,2.0585978,1.7403626,1.6140902
mb-01245,train,1.1760912,1.024289,1.0,0.86733663
mb-09855,train,2.0827854,2.1316123,1.4149734,1.4827564
mb-02465,train,2.2455127,2.2424066,1.7781513,1.7873156
mb-04721,train,1.8129134,1.8012147,1.4913617,1.4870546
mb-01351,train,2.3424227,2.3886528,1.8633229,1.8665938
mb-06828,train,1.7075702,1.6215448,1.3617278,1.3546697
mb-09543,train,1.544068,1.6342903,1.4771212,1.5143733
mb-00334,train,1.929419,1.9086051,1.6627579,1.6204995
mb-10417,train,2.0170333,2.0194168,1.447158,1.455437
mb-08545,train,2.20412,2.2302876,1.8129133,1.8570598
mb-04141,train,2.0492182,2.0643587,1.4149734,1.461785
mb-01888,train,1.4913617,1.3119918,1.3617278,1.1928904
mb-10577,train,1.7708521,1.8053057,1.4913617,1.443652
mb-06436,train,2.1702619,2.1301188,1.9190781,1.9335363
mb-01454,train,1.9493899,1.896214,1.4771212,1.4644777
mb-00647,train,1.80618,1.7943718,1.0791812,1.0380559
mb-02155,train,2.4969296,2.5124097,2.2648177,2.186753
mb-09850,train,1.3424227,1.5230017,0.90309,1.0670599
mb-01813,train,1.3010299,1.4427757,1.0413927,1.1081535
mb-08244,train,1.6334685,1.6879816,1.230449,1.3125296
mb-07255,train,2.2253094,2.2172046,1.8692317,1.850438
mb-01861,train,2.264818,2.361976,1.9242793,2.0271356
mb-03375,train,2.5477746,2.4106069,2.3541083,2.0782757
mb-05826,train,2.1731863,2.1354702,1.5910646,1.6380099
mb-08515,train,2.0043213,1.923416,1.60206,1.6454844
mb-10645,train,2.303196,2.1501138,1.8692317,1.8613361
mb-02883,train,1.5440681,1.5451965,1.230449,1.2123377
mb-05245,train,2.045323,2.0156746,1.8260748,1.7891061
mb-08196,train,1.8976271,1.9197624,0.9542425,0.96264774
mb-08541,train,1.9542425,2.2402985,1.9822712,2.161905
mb-01160,train,2.2922559,2.2307491,2.0863597,1.9064388
mb-08770,train,1.230449,1.142662,1.0,0.8049106
mb-06720,train,1.4149734,1.4456038,1.230449,1.2017251
mb-01534,train,2.0934217,2.1045847,1.8260748,1.7748439
mb-06145,train,2.2479734,2.226785,1.8512584,1.8428998
mb-07953,train,2.120574,2.1433988,1.7923917,1.7791926
mb-10081,train,2.1613681,2.204339,2.1003706,2.127209
mb-03668,train,1.146128,1.560397,1.3424227,1.4094603
mb-06357,train,1.0791812,1.0674359,0.69897,0.6910805
mb-07741,train,2.1760912,2.1013613,1.8573325,1.8292753
mb-03094,train,2.1702619,2.1378026,1.90309,1.8846372
mb-07900,train,2.2855573,2.3290718,1.9956352,2.0385864
mb-02038,train,1.6232493,1.6445869,1.5440681,1.4716996
mb-10067,train,1.4913617,1.5128258,1.146128,1.1566658
mb-05577,train,1.6232493,1.6339053,1.20412,1.2492188
mb-07802,train,2.4248815,2.3467147,2.3483047,2.1769884
mb-02784,train,2.133539,2.205584,1.845098,1.9298029
mb-04019,train,1.8692317,1.8749366,1.5314789,1.5779843
mb-07809,train,1.7558749,1.7255431,1.4313638,1.4286733
mb-09192,train,2.1105897,2.1134605,1.6232493,1.7062534
mb-06699,train,2.3304136,2.2856987,2.2718415,2.2382715
mb-05300,train,2.423246,2.3888638,2.09691,2.0585947
mb-00402,train,1.897627,1.9423411,1.6720978,1.690732
mb-07628,train,2.372912,2.395583,2.071882,2.0820522
mb-09807,train,1.2552725,1.1642427,1.1139433,1.1013968
mb-06259,train,2.045323,2.105425,1.462398,1.4990544
mb-04456,train,0.845098,0.7807304,0.30103,0.19719219
mb-03599,train,1.3424227,1.3845118,1.1139433,1.1621401
mb-03583,train,2.3242824,2.3209524,2.139879,2.212378
mb-04704,train,1.3424227,1.3661523,1.1760913,1.2138027
mb-06650,train,2.1760912,2.163737,1.9190781,1.9437208
mb-04786,train,1.6434526,1.7152156,1.4149734,1.4972216
mb-07292,train,2.0,2.0609393,1.8325089,1.8203893
mb-00700,train,2.075547,2.1142166,1.770852,1.8232772
mb-06453,train,2.1875207,2.1822069,1.763428,1.7282585
mb-01601,train,1.3010299,1.3996028,1.1139433,1.2067907
mb-10202,train,1.146128,1.0456275,1.146128,1.001973
mb-00280,train,1.6434526,1.6827093,1.2552725,1.2789096
mb-05609,train,2.4828737,2.4629467,2.1673174,2.132926
mb-05522,train,2.1760912,2.3309362,1.968483,1.9754671
mb-10385,train,1.7923917,1.9123384,1.4771212,1.6687605
mb-07619,train,1.5563025,1.5459249,1.3424227,1.2963699
mb-07268,train,1.7242758,1.7188921,1.39794,1.3614575
mb-08763,train,1.6232493,1.6071079,1.20412,1.0947562
mb-02960,train,1.8808136,1.9011775,1.6720978,1.6345657
mb-01217,train,2.064458,2.0206456,1.845098,1.7142318
mb-07818,train,1.146128,1.9065702,1.1760913,1.1006885
mb-07313,train,2.1818435,2.105796,1.7853298,1.7066629
mb-08834,train,2.3117537,2.2489712,2.2552724,2.1847134
mb-01128,train,1.4313638,1.5385149,0.90309,1.0265807
mb-01743,train,1.5440681,1.6497967,1.4313638,1.5220698
mb-03434,train,1.6334685,1.7580223,1.5563025,1.635787
mb-00041,train,1.0791812,1.1708593,0.69897,0.76839805
mb-07583,train,2.2764618,2.2222214,1.8808136,1.7483412
mb-04192,train,2.1398792,2.1418307,1.968483,2.0450568
mb-02831,train,2.0492182,2.0400038,1.8260748,1.8278996
mb-02111,train,1.5185139,1.5469843,1.3617278,1.4102705
mb-08938,train,1.8573325,1.8244615,1.20412,1.193841
mb-10652,train,1.9344984,1.9223244,1.7403626,1.7773461
mb-10249,train,1.7781513,1.808995,1.6127839,1.5989678
mb-02962,train,1.9493899,1.954578,1.0,1.0439273
mb-07283,train,2.0293837,2.2903159,1.763428,1.9174951
mb-04683,train,1.90309,1.8734171,1.4913617,1.4627985
mb-06389,train,1.9444828,1.9716995,1.4313638,1.4423434
mb-01340,train,2.130334,2.032508,1.819544,1.7799451
mb-05551,train,2.4116197,2.3528662,1.9731278,2.00141
mb-02867,train,1.4149734,1.5785412,1.3802112,1.4350553
mb-05727,train,1.6627578,1.624682,1.447158,1.3755914
mb-07865,train,1.9444826,1.9826293,1.5797836,1.6061437
mb-04745,train,2.0086002,2.0267599,1.690196,1.6634068
mb-05601,train,1.5563025,1.6029565,1.3802112,1.414715
mb-01220,train,2.1522884,2.0806613,1.80618,1.7841257
mb-03013,train,2.0606978,2.0244946,1.748188,1.8001056
mb-06414,train,2.3483047,2.4247708,2.0170333,2.0874443
mb-02256,train,1.0791813,1.2651429,0.7781513,0.933039
mb-09205,train,1.7075702,1.7813615,1.2552725,1.3438449
mb-09584,train,1.6627579,1.6957529,1.3424227,1.3790009
mb-01963,train,1.3222193,1.4848737,1.3222193,1.0855212
mb-09441,train,2.307496,2.268053,2.0211892,2.0463614
mb-09047,train,1.3802112,1.3659726,1.1139433,1.1457208
mb-01532,train,1.7708521,1.8791267,1.6532125,1.64495
mb-06003,train,1.9395193,1.8941331,1.4913617,1.4910251
mb-02358,train,1.230449,1.1396042,0.9542425,1.0426813
mb-03277,train,2.303196,2.3286717,1.9444827,1.9961224
mb-04864,train,1.7853298,1.8711966,1.4913617,1.6316007
mb-02320,train,2.0569048,2.112389,1.9344984,1.9343044
mb-06504,train,1.4913617,1.5964824,1.0413927,1.149581
mb-04030,train,2.071882,2.032292,1.8573325,1.7875247
mb-03480,train,1.9444827,1.9014323,1.4771212,1.4577793
mb-09343,train,2.283301,2.2886457,2.1238515,2.1956458
mb-03463,train,2.252853,2.2444034,1.748188,1.6851907
mb-10590,train,2.071882,2.1693459,1.6232493,1.6582228
mb-07320,train,2.2068257,2.3303652,1.9344984,2.0210464
mb-05942,train,2.0086002,2.0360951,1.0413927,1.1038363
mb-02487,train,1.2552725,1.296623,0.90309,0.920817
mb-07781,train,2.230449,2.1405544,1.845098,1.7863306
mb-08391,train,2.1003704,2.1036267,1.7323937,1.7253212
mb-01621,train,1.748188,1.7489522,1.2552725,1.2465717
mb-05427,train,2.3636122,2.3297658,1.8512584,1.9396244
mb-06680,train,1.8512584,1.8728642,1.6627579,1.6858236
mb-06196,train,2.025306,2.0093846,1.6127839,1.58974
mb-05336,train,2.1172712,2.231133,1.9590414,2.1493938
mb-06088,train,1.9912261,1.9818014,1.39794,1.3825917
mb-01711,train,1.6720979,1.7252125,1.3617278,1.4322052
mb-02221,train,0.30103,0.3954164,0.0,0.12076199
mb-10024,train,0.0,0.020737857,0.0,0.021259189
mb-07372,train,1.5440681,1.6088989,1.230449,1.3350586
mb-03003,train,1.4913617,1.4645813,1.3424227,1.2354945
mb-08019,train,1.518514,1.4710195,1.1760913,1.2016175
mb-01271,train,2.2718415,2.2399635,1.8573325,1.8196545
mb-04010,train,1.748188,1.6921655,1.5440681,1.5271281
mb-05125,train,2.1818435,2.193168,1.9138138,1.9316876
mb-02741,train,2.307496,2.2568512,1.7558749,1.7096423
mb-05594,train,2.2966652,2.337331,1.9777236,2.010706
mb-05928,train,1.462398,1.5970502,1.39794,1.4495696
mb-10418,train,1.9344985,1.934098,1.5682018,1.5763073
mb-06260,train,2.2624512,2.310894,1.8573325,1.9041564
mb-02184,train,2.149219,2.1211421,1.5682018,1.4507902
mb-07677,train,2.146128,2.1680522,1.5797836,1.6640209
mb-07963,train,1.7160034,1.740243,1.30103,1.3428113
mb-02254,train,1.4471581,1.3766098,1.20412,1.1702785
mb-02876,train,2.09691,2.0244582,1.6720978,1.6287836
mb-01318,train,1.6720978,1.6920321,1.50515,1.5685629
mb-09100,train,2.198657,2.2740343,2.0128372,1.9970219
mb-06507,train,2.1846914,2.2086124,2.0043213,2.0130951
mb-04638,train,2.0899053,2.1393855,1.6334685,1.6369182
mb-09433,train,1.9637878,1.985563,1.39794,1.4267557
mb-00032,train,1.8864908,1.9017771,1.5440681,1.5566688
mb-01275,train,2.3820171,2.3624907,2.0827854,2.0123484
mb-01373,train,1.4913617,1.3936585,0.9542425,0.87369967
mb-07995,train,1.8325089,1.7906117,1.60206,1.5847582
mb-10913,train,2.2253094,2.162548,1.5910646,1.6050197
mb-03534,train,2.243038,2.2757897,2.0128372,1.9665291
mb-00174,train,1.7853298,1.822326,1.4313638,1.4977137
mb-10526,train,1.8573325,1.9221139,1.6720978,1.6548517
mb-08353,train,2.2648177,2.3272817,1.9542425,1.9903953
mb-00535,train,1.90309,2.0298958,1.8388491,1.8921957
mb-10921,train,1.3979399,1.3174636,1.0791812,1.0234225
mb-04775,train,1.9731278,2.0400357,1.7853298,1.8108752
mb-05067,train,1.2552724,1.2473066,1.0791812,1.0196706
mb-00658,train,1.0791813,1.0987072,0.7781513,0.7858303
mb-03288,train,2.2227166,2.1118526,1.9242793,1.856275
mb-07717,train,1.7403628,1.7452714,1.4149734,1.3805166
mb-01832,train,2.3996737,2.394084,2.10721,2.047105
mb-00500,train,2.1430147,2.1287973,1.770852,1.7025225
mb-09819,train,2.2966652,2.331733,1.9294189,1.9808136
mb-10287,train,1.3802112,1.3742985,1.146128,1.1311653
mb-10203,train,2.0,1.961942,1.7993406,1.7232491
mb-05456,train,2.1702616,2.248485,1.845098,1.9410567
mb-07458,train,2.252853,2.1436446,1.7403626,1.5993454
mb-06991,train,1.8750613,1.8350484,1.50515,1.4592943
mb-08736,train,2.220108,2.1535375,1.8129133,1.7657726
mb-02348,train,1.9912261,1.9705772,1.6232493,1.5546573
mb-10250,train,1.8512584,1.8385549,1.6232493,1.5793861
mb-05605,train,1.0791812,1.0565575,0.845098,0.77115583
mb-04189,train,2.1003706,2.04609,1.8750613,1.7599521
mb-05652,train,2.161368,2.1312206,1.7075702,1.6500591
mb-06013,train,2.1303337,2.155425,1.7403626,1.7528619
mb-04901,train,1.2041199,1.2626982,1.1139433,1.085345
mb-10673,train,1.146128,1.1517537,1.0,1.0259755
mb-01027,train,1.8808136,1.8550649,1.447158,1.4736403
mb-09277,train,2.1760912,2.1974652,1.6434526,1.6513857
mb-01391,train,1.5314789,1.5245245,0.90309,0.8845901
mb-09373,train,1.7853299,1.8708762,1.5440681,1.6161532
mb-04241,train,1.9542426,1.9472477,1.6532125,1.6374027
mb-10803,train,1.9542425,2.051967,1.0413927,1.1390637
mb-09169,train,1.7323939,1.6437379,1.4313638,1.2837687
mb-01979,train,1.7403628,1.7178663,1.6334685,1.5784645
mb-00550,train,1.6434526,1.6091952,1.2552725,1.2331719
mb-01001,train,1.0413927,1.0899854,0.845098,0.8767393
mb-03576,train,2.1139433,2.1564214,1.9344984,1.9211656
mb-00798,train,2.033424,2.0469384,1.7781513,1.7194021
mb-07256,train,2.1139433,2.2260115,1.30103,1.4312412
mb-00975,train,1.90309,1.916261,1.7075702,1.7071707
mb-04557,train,1.8260747,1.7453489,1.447158,1.3791789
mb-02627,train,1.7781513,1.7595711,1.4313638,1.4399164
mb-04808,train,1.819544,1.7964916,1.462398,1.4724863
mb-08661,train,2.178977,2.2008522,1.8750613,1.8921999
mb-01594,train,1.2041199,1.2409135,0.69897,0.7560926
mb-00279,train,1.30103,1.276156,0.9542425,0.93362385
mb-07046,train,2.2787535,2.1789978,1.7323937,1.8261855
mb-01985,train,2.1367207,2.1159449,1.8388491,1.8334274
mb-04656,train,1.8388491,1.8258059,1.4149734,1.4264892
mb-07142,train,1.8573326,1.8437848,1.5563025,1.4865586
mb-02386,train,2.3579347,2.3275828,2.0681858,2.0906906
mb-00144,train,1.30103,1.2286533,1.146128,1.1936808
mb-04773,train,2.4132998,2.39349,2.09691,2.0750232
mb-09585,train,2.2355285,2.276116,2.0,1.9814031
mb-05199,train,1.94939,1.9445435,1.6532125,1.6953095
mb-03010,train,1.0,1.5434184,1.20412,1.236039
mb-09666,train,2.3673558,2.341326,1.9542425,2.013029
mb-08276,train,1.6627579,1.613596,1.30103,1.3050921
mb-10564,train,1.6334684,1.7717643,1.4771212,1.6226394
mb-01051,train,1.7323937,1.7126625,1.0,1.0343933
mb-00546,train,2.1038036,2.152358,1.5314789,1.5765942
mb-00513,train,1.9637878,2.0547931,1.5910646,1.6516352
mb-00503,train,1.9344984,1.8506191,1.80618,1.7356086
mb-10625,train,2.1398792,2.1138868,1.6532125,1.6483747
mb-04222,train,1.9344984,1.9595286,1.6232493,1.6496496
mb-08685,train,2.1038036,2.0242388,1.9344984,1.8334775
mb-00348,train,1.7075703,1.7446826,1.1760913,1.182275
mb-09876,train,1.9444826,1.9669449,1.5797836,1.6287476
mb-10528,train,1.3222193,1.3486743,1.1139433,1.1583216
mb-09906,train,1.7403626,1.7235366,1.4771212,1.5046935
mb-01634,train,2.0374265,1.9760659,1.7558749,1.670502
mb-00765,train,1.9493899,1.9355695,1.7323937,1.677665
mb-04514,train,2.149219,2.2861662,2.1172712,2.2361631
mb-06885,train,2.0043213,1.9873263,1.7853298,1.7567956
mb-01368,train,1.69897,1.7044795,1.447158,1.4298518
mb-01617,train,2.4313638,2.3180637,2.0170333,1.9538782
mb-07100,train,1.7075703,1.7727485,1.1760913,1.2662339
mb-05581,train,1.7993405,1.8178943,1.50515,1.5489266
mb-09411,train,2.3344538,2.2243195,1.9190781,1.8768219
mb-02477,train,1.5910646,1.5776008,1.3617278,1.3147486
mb-02595,train,2.1931245,2.291146,2.1105897,2.1619248
mb-03240,train,2.045323,2.0189965,1.6627579,1.6693944
mb-04723,train,2.0569048,2.0760756,1.7323937,1.7666482
mb-02287,train,2.3710678,2.3892589,2.10721,2.0734777
mb-07631,train,2.133539,2.1468718,1.7242758,1.7676268
mb-10458,train,2.1172714,2.157772,1.7075702,1.7554667
mb-04411,train,1.5797837,1.654213,1.30103,1.3839991
mb-10531,train,1.4149734,1.5244939,1.0413927,1.1655252
mb-02354,train,1.7558749,1.6657321,1.4913617,1.4683374
mb-08291,train,1.7160034,1.7004757,1.20412,1.216299
mb-04073,train,2.3856063,2.4412975,2.045323,2.1138246
mb-02197,train,2.0791812,2.149527,1.9395193,1.9562235
mb-03659,train,1.4623979,1.36872,1.0791812,0.99404293
mb-09961,train,1.9731278,2.08872,1.6434526,1.7077601
mb-04937,train,2.0530784,1.9987608,1.8512584,1.8560514
mb-08581,train,1.6532125,1.6810734,1.30103,1.3011253
mb-10949,train,2.2552724,2.2520678,2.0606978,2.1024442
mb-02442,train,1.9493899,1.9171143,1.6232493,1.654009
mb-02478,train,1.8573325,1.8118817,1.30103,1.2498243
mb-07242,train,2.1583624,2.1879895,1.8573325,1.8813133
mb-09410,train,2.2576785,2.258759,2.0,1.9879344
mb-02347,train,1.8129133,1.9165189,1.60206,1.6599504
mb-03861,train,2.4014006,2.3574245,1.8808136,1.9461746
mb-00479,train,2.120574,2.067671,1.7075702,1.7253675
mb-01855,train,1.6020601,1.5577246,1.39794,1.3112575
mb-03231,train,2.5132174,2.4635513,2.243038,2.1360486
mb-09557,train,1.968483,1.945572,1.39794,1.431177
mb-05459,train,1.6434526,1.5405923,1.5314789,1.3629673
mb-00332,train,1.968483,1.9722235,1.5440681,1.5255067
mb-04129,train,1.6532125,1.633585,1.30103,1.321296
mb-01539,train,1.7853298,1.7595272,1.4313638,1.355332
mb-04500,train,1.8325089,1.8226466,1.5314789,1.5419337
mb-09614,train,1.748188,1.6846352,1.39794,1.3867406
mb-06108,train,1.8325089,1.8552263,1.4771212,1.5028198
mb-03169,train,1.9731278,1.9632316,1.69897,1.6528056
mb-00816,train,1.9138138,1.9797943,1.6720978,1.7060078
mb-09700,train,2.1072102,2.1606052,1.7993406,1.8446552
mb-04352,train,2.232996,2.1802232,1.8808136,1.787038
mb-01550,train,2.033424,1.9747859,1.6127839,1.6086622
mb-00472,train,0.9542425,0.9098389,0.60206,0.62234175
mb-10085,train,2.0128372,1.9522038,1.4149734,1.3624591
mb-04902,train,1.7558749,1.7090782,1.1139433,1.0744753
mb-03060,train,1.3802112,1.34042,1.0413927,0.99587387
mb-01022,train,2.1003706,1.9897683,1.819544,1.7051435
mb-05454,train,1.8573325,1.884373,1.50515,1.4867903
mb-01530,train,2.2013972,2.2504814,2.0530784,2.1294894
mb-05018,train,1.9867717,2.0130312,1.7558749,1.7799034
mb-05813,train,2.3304138,2.3694427,1.9444827,2.0501962
mb-08970,train,1.4471581,1.5065106,0.69897,0.7841649
mb-05143,train,2.1903317,2.1519637,2.0606978,1.9545447
mb-04168,train,2.1238518,2.2362304,1.6627579,1.8361408
mb-10404,train,2.1238518,2.1227996,1.8750613,1.9109217
mb-03149,train,0.90309,0.9789777,0.69897,0.744226
mb-01464,train,2.1903317,2.226042,1.8633229,1.826179
mb-06804,train,2.252853,2.2781246,1.8750613,1.7866902
mb-03904,train,1.9444827,1.9210992,1.80618,1.7851589
mb-09079,train,0.8450981,0.88638747,0.60206,0.61219513
mb-00181,train,2.045323,1.9666057,1.50515,1.4439293
mb-07391,train,2.20412,2.1008682,1.69897,1.6636559
mb-03514,train,2.2648177,2.3378046,1.9731278,2.0024269
mb-01078,train,2.2148438,2.219871,1.8864907,1.8293678
mb-07665,train,2.378398,2.3520892,2.0334237,2.0004
mb-03106,train,2.149219,2.1454642,1.7323937,1.7427964
mb-03619,train,1.8325089,1.7927119,1.7323937,1.6905968
mb-10746,train,1.1760912,1.2101701,1.0,1.0052179
mb-00543,train,1.4149734,1.5407473,1.462398,1.4180876
mb-01327,train,1.9867718,2.0452893,1.6334685,1.7328498
mb-02970,train,2.369216,2.3050869,1.9731278,1.9431968
mb-06663,train,2.3304136,2.285848,2.2718415,2.2375627
mb-02654,train,1.5682017,1.6194469,1.5910646,1.5779749
mb-00715,train,2.1583626,2.0731907,2.0086002,1.9738837
mb-03464,train,2.3324385,2.3728437,2.1105897,2.0408497
mb-09449,train,1.8129133,1.944179,1.5185139,1.6909261
mb-10551,train,2.0413928,1.9824991,1.819544,1.7992129
mb-10443,train,1.7923917,1.8465075,1.50515,1.5444332
mb-10303,train,1.7323939,1.6509532,1.5440681,1.4852326
mb-10694,train,2.1673174,2.1653857,1.6434526,1.6966575
mb-00068,train,1.5910647,1.6093706,1.39794,1.4307194
mb-07930,train,2.0827854,2.0726907,1.3802112,1.3156334
mb-01383,train,2.0293837,1.9503832,1.690196,1.6111296
mb-08823,train,1.6127838,1.5961819,1.0791812,1.085109
mb-03439,train,1.4913617,1.5737929,1.2787536,1.3130708
mb-06367,train,1.7993405,1.7846771,1.3802112,1.3697387
mb-04552,train,2.0934217,2.1068192,1.770852,1.7833666
mb-03677,train,1.9190781,1.874325,1.462398,1.4561702
mb-09763,train,2.0413926,2.1004252,1.5910646,1.6143328
mb-08769,train,1.6232493,1.6046717,1.3424227,1.3288976
mb-08849,train,2.1583626,2.245064,1.8512584,1.9935071
mb-03616,train,2.09691,2.2055357,1.9777236,2.1084588
mb-04685,train,1.2787536,1.2630798,0.9542425,0.9464229
mb-05012,train,2.1731863,2.1874905,1.6232493,1.6965579
mb-01593,train,2.1398792,2.1159945,1.7993406,1.8541849
mb-06188,train,1.748188,1.7371306,1.50515,1.4286021
mb-08692,train,1.9190781,1.8986042,1.4313638,1.4639955
mb-02977,train,1.8920946,1.9100935,1.447158,1.4669092
mb-07304,train,0.9542425,0.87678355,0.69897,0.6852925
mb-00124,train,1.80618,1.7605503,1.5440681,1.4820875
mb-06094,train,1.8920946,1.8945545,1.6627579,1.68631
mb-06335,train,2.133539,2.180883,1.6812413,1.7230397
mb-07682,train,1.361728,1.359043,1.20412,1.1463002
mb-08399,train,2.0899053,2.095696,1.8512584,1.8359022
mb-05446,train,2.3344536,2.3043094,2.1038036,2.0607784
mb-08081,train,1.7781512,1.7465206,1.447158,1.4065701
mb-06648,train,2.3483047,2.3982358,1.8808136,1.952477
mb-10018,train,2.0530784,1.9936892,1.8808136,1.8195829
mb-07942,train,1.9444826,1.9509368,1.447158,1.4226633
mb-05162,train,1.8325089,1.7758019,1.4149734,1.3179847
mb-09770,train,1.4313638,1.4152199,1.146128,1.1568382
mb-08420,train,1.90309,1.8506762,1.748188,1.6982614
mb-03474,train,2.1903317,2.1626177,1.763428,1.6930852
mb-02034,train,1.8260748,1.7734894,1.4149734,1.4073687
mb-04550,train,2.2430382,2.159236,1.94939,1.7979386
mb-01352,train,2.3560257,2.2565532,2.045323,1.9881148
mb-01858,train,1.1760912,1.1055739,0.845098,0.7804135
mb-02939,train,2.3053513,2.316639,1.9344984,1.9771115
mb-03895,train,1.9731278,1.9796317,1.748188,1.7741601
mb-01523,train,2.0569048,2.054821,1.8976271,1.8263152
mb-09252,train,2.2253094,2.1458647,2.071882,2.0421221
mb-01815,train,2.350248,2.3318298,2.0934217,2.0510983
mb-07434,train,1.9637879,1.9708532,1.6627579,1.6755927
mb-09733,train,1.9344984,1.9494772,1.7160033,1.6563784
mb-04525,train,1.1760913,1.2629976,0.90309,0.9908903
mb-05123,train,2.220108,2.1766894,1.60206,1.5928833
mb-08289,train,1.5797837,1.5691524,1.39794,1.4070637
mb-02885,train,2.09691,1.9877684,1.8325089,1.713722
mb-03298,train,1.1760912,2.0602307,1.6720978,1.8175735
mb-06157,train,1.5910647,1.6336358,1.4913617,1.4834583
mb-03623,train,1.9777236,1.9652507,1.7160033,1.6997092
mb-03477,train,1.763428,1.8505557,1.7323937,1.6322314
mb-09288,train,1.5682018,1.6681346,1.146128,1.2976692
mb-04498,train,2.09691,2.036931,1.9344984,1.8531629
mb-01860,train,1.4771212,1.6125897,1.3802112,1.4688827
mb-01779,train,1.929419,1.9751337,1.3424227,1.376514
mb-01055,train,2.292256,2.2301512,2.0827854,1.9436107
mb-06529,train,2.1271048,2.1030912,1.7160033,1.7397082
mb-07888,train,1.4771212,1.4275739,1.447158,1.3709155
mb-08916,train,2.1931245,2.1521437,1.8633229,1.7767755
mb-02260,train,1.1139433,1.1407433,0.69897,0.8103746
mb-04739,train,1.30103,1.3536782,0.69897,0.7499492
mb-06558,train,1.8512584,1.9178907,1.30103,1.3565791
mb-01692,train,1.6127839,1.6207838,1.4913617,1.4387832
mb-00467,train,1.8450981,1.8926494,1.5682018,1.6161033
mb-02481,train,1.6532125,1.6247988,1.4313638,1.4482921
mb-02683,train,1.3802112,1.3382728,1.1139433,1.0984236
mb-03612,train,2.3324385,2.3176858,2.049218,2.0592372
mb-09612,train,2.3053513,2.2815208,1.9956352,2.0055723
mb-09238,train,2.133539,2.0193324,1.6812413,1.579706
mb-08861,train,1.6720978,1.6103896,1.5185139,1.4758778
mb-03378,train,1.2552725,1.4660685,1.146128,1.2785362
mb-10560,train,2.2121875,2.1311488,1.8864907,1.8337564
mb-09991,train,1.8129134,1.7134067,1.5440681,1.5738912
mb-01293,train,2.0530784,2.131471,1.3802112,1.4613792
mb-05328,train,1.6334684,1.6207345,1.5185139,1.5053145
mb-07523,train,2.1139433,2.0832841,1.90309,1.8892903
mb-02921,train,1.763428,1.7367551,1.4149734,1.5024031
mb-02904,train,2.390935,2.2651982,1.6434526,1.8844357
mb-10518,train,2.0170333,2.2099795,1.3424227,1.5072237
mb-06437,train,2.1003706,2.1250107,1.9294189,1.9196489
mb-00079,train,2.071882,2.1283731,1.8750613,1.8438202
mb-04276,train,1.6334685,1.6637015,1.4149734,1.4252764
mb-08298,train,1.8920946,1.929078,1.6434526,1.6957031
mb-02153,train,2.3747482,2.3989062,1.819544,1.8384069
mb-06997,train,1.9344984,2.0365305,1.8129133,1.8148396
mb-00027,train,2.2552724,2.2009254,1.7075702,1.6118547
mb-06719,train,2.0211892,2.038457,1.0413927,1.0297372
mb-04003,train,1.531479,1.599934,1.20412,1.2846742
mb-09043,train,2.0128372,2.0026019,1.7923917,1.7612756
mb-02431,train,1.1139433,1.222758,1.1139433,1.1021718
mb-09101,train,2.143015,2.0382903,1.7075702,1.5206997
mb-03122,train,1.845098,1.8218096,1.50515,1.4808528
mb-05764,train,2.4297523,2.3175924,2.0043213,2.0110753
mb-01425,train,1.4471581,1.4200765,1.146128,1.1002854
mb-04281,train,1.8808136,1.8813965,1.6334685,1.5458457
mb-00997,train,2.390935,2.3547766,2.0293837,1.9832388
mb-01221,train,2.3283796,2.3103414,1.9395193,1.9369802
mb-04313,train,2.2227163,2.1426315,1.9867717,1.8612227
mb-09350,train,1.4771212,1.4391663,1.1139433,1.0855203
mb-09657,train,1.763428,1.7640746,1.4149734,1.416426
mb-10665,train,1.9637878,1.931294,1.146128,1.1138657
mb-05474,train,1.9190781,1.9192266,1.6127839,1.5932848
mb-06418,train,2.4065402,2.3660984,2.049218,2.0243354
mb-06296,train,1.90309,1.8782399,1.7403626,1.7177541
mb-10857,train,1.8750613,1.8460997,1.30103,1.2459656
mb-01094,train,2.075547,2.05513,1.9138138,1.8487754
mb-01199,train,1.8920946,1.9586704,1.462398,1.5078034
mb-08031,train,2.1760912,2.120185,2.0374265,1.9419322
mb-01305,train,1.39794,1.4908026,1.1760913,1.1851763
mb-02761,train,1.1760913,1.134044,0.69897,0.68448454
mb-05156,train,2.075547,2.042335,1.6532125,1.571927
mb-05730,train,1.9344984,1.9303372,1.50515,1.4416891
mb-07445,train,1.9822713,2.124901,1.8260748,1.88366
mb-10534,train,1.5682018,1.4895973,1.1139433,1.0441921
mb-04898,train,1.7781512,1.7746471,1.447158,1.4103864
mb-02789,train,2.3747482,2.3740194,2.064458,2.042758
mb-00061,train,1.7242758,1.6315049,1.447158,1.3541082
mb-01881,train,2.0086002,1.9905969,1.8512584,1.7808115
mb-02067,train,1.9444826,1.8614573,1.5314789,1.5055605
mb-07535,train,2.1038036,2.0115027,1.60206,1.5309163
mb-04602,train,2.1398792,2.218804,1.30103,1.3628438
mb-06215,train,1.763428,1.7984904,1.39794,1.4093337
mb-05576,train,2.1367207,1.9915503,1.690196,1.61852
mb-10071,train,1.6532125,1.721437,1.39794,1.5117621
mb-05111,train,1.7403626,1.6915114,1.60206,1.5368611
mb-00934,train,1.6127839,1.517329,1.230449,1.131578
mb-03728,train,1.9138138,1.9193692,1.6434526,1.6182802
mb-08723,train,1.3222193,1.2554953,1.0413927,1.0428145
mb-05803,train,2.3483047,2.2654822,2.0863597,2.0076036
mb-08719,train,2.1818435,2.2611244,1.8864907,1.8757249
mb-08200,train,1.6434528,1.5890218,1.20412,1.1928464
mb-03184,train,2.045323,2.047951,1.845098,1.781465
mb-10723,train,1.8325089,1.9516141,1.7242758,1.8068843
mb-06023,train,1.90309,2.0759,1.7993406,1.7727518
mb-03587,train,1.7558749,1.7678978,1.5682018,1.5754195
mb-01538,train,2.1303337,2.0986454,1.7323937,1.748701
mb-09290,train,1.6532125,1.7330668,1.20412,1.3170551
mb-00829,train,2.1522884,2.1383228,1.7923917,1.6348952
mb-07757,train,2.143015,2.1038399,1.8512584,1.8474499
mb-07384,train,2.3010302,2.3048525,1.7558749,1.7708269
mb-09626,train,2.2041202,2.227726,1.4313638,1.5255182
mb-06524,train,2.2253094,2.2394114,1.8920946,1.8811738
mb-01235,train,1.6720979,1.7044964,1.39794,1.4719379
mb-06201,train,1.8920946,1.8823838,1.845098,1.636747
mb-07436,train,1.763428,1.7932019,1.4913617,1.5384285
mb-03467,train,2.1172714,2.1004052,1.7075702,1.6843903
mb-01467,train,1.69897,1.7222162,1.50515,1.5074164
mb-03592,train,1.9912262,1.9378424,1.5440681,1.4897538
mb-08812,train,2.0827854,2.0182714,1.60206,1.6477973
mb-02709,train,2.0,1.9768627,1.5563025,1.5180703
mb-07222,train,1.5682018,1.588599,1.1139433,1.1672412
mb-00620,train,2.149219,2.1125617,1.9294189,1.9486382
mb-03892,train,1.7323937,1.6588535,1.5910646,1.4852228
mb-07585,train,1.7403628,1.8213812,1.4913617,1.5433497
mb-07607,train,2.3053513,2.2273815,1.690196,1.6352353
mb-09445,train,1.7323937,1.6119354,1.20412,1.1730689
mb-05643,train,1.0791812,1.1060827,0.90309,0.92471623
mb-09744,train,1.9242793,2.0313745,1.146128,1.2406092
mb-02865,train,1.8692317,1.7111249,1.6720978,1.5553758
mb-00739,train,1.6627579,1.7432237,1.0413927,1.1386448
mb-10127,train,2.3222194,2.307956,1.968483,2.0047674
mb-04630,train,1.7708521,2.0833654,1.5682018,1.7193097
mb-08863,train,1.39794,1.3864968,0.90309,0.9015347
mb-03077,train,1.69897,1.7756586,1.50515,1.5907232
mb-10455,train,2.2988532,2.279335,1.8692317,1.8526063
mb-05288,train,2.1903317,2.1892042,1.8260748,1.8351271
mb-07666,train,2.2121878,2.249535,1.5682018,1.5946326
mb-02691,train,1.5440681,1.6851492,1.4149734,1.4550161
mb-00069,train,1.5910647,1.6468775,1.4149734,1.4576445
mb-03033,train,1.5563024,1.5964438,1.3222193,1.37049
mb-04006,train,1.6989701,1.6876947,1.0413927,1.0371766
mb-08237,train,2.2922559,2.2309628,2.064458,2.0432413
mb-09395,train,2.155336,2.1087732,1.8388491,1.7981404
mb-02588,train,1.0791812,1.0787029,0.69897,0.66005623
mb-06672,train,2.1172714,2.1687458,1.6232493,1.6412526
mb-06545,train,1.748188,1.8305186,1.1760913,1.2609662
mb-08331,train,2.303196,2.281152,1.9956352,1.9780171
mb-08509,train,1.7160034,1.7446468,1.39794,1.4492099
mb-00208,train,1.4913617,1.4157071,1.3424227,1.3040782
mb-03143,train,1.80618,1.7624612,1.6334685,1.6024971
mb-05792,train,1.6020601,1.6288986,1.462398,1.4811869
mb-10343,train,1.3979399,1.376119,1.1139433,1.095877
mb-02678,train,2.4313638,2.3551626,2.09691,2.029565
mb-06478,train,2.0934217,2.0616238,1.6627579,1.6091684
mb-08739,train,1.5682018,1.5724566,1.30103,1.3283081
mb-02330,train,2.3222191,2.3633041,2.20412,2.1212964
mb-03069,train,1.8388491,1.930266,1.6812413,1.6670092
mb-03193,train,2.3159702,2.3156817,2.2479732,2.2076554
mb-06888,train,2.2329962,2.1369758,2.0086002,1.8760352
mb-08375,train,1.4771214,1.5420136,0.9542425,1.0097945
mb-05428,train,1.8388491,1.7738348,1.30103,1.2579881
mb-09735,train,1.5314789,1.5600775,1.0,1.1551929
mb-08318,train,1.9637879,1.9647994,1.5563025,1.5698333
mb-10409,train,0.90309,0.94438016,0.60206,0.65391177
mb-01168,train,2.1818435,2.083864,1.8633229,1.8226137
mb-05041,train,1.968483,1.9150591,1.3802112,1.4186468
mb-09324,train,1.5051501,1.6774482,1.4313638,1.3687652
mb-04098,train,1.9956353,1.9971023,1.7781513,1.7476414
mb-02956,train,1.5314789,1.4893926,1.39794,1.3165758
mb-03779,train,1.8573325,1.8737165,1.50515,1.5322169
mb-03950,train,2.0606978,1.9828942,1.6334685,1.5188189
mb-04580,train,1.9444827,1.9284151,1.6232493,1.6427848
mb-10768,train,2.303196,2.2626853,1.30103,1.2659997
mb-01578,train,2.2095149,2.177129,2.089905,2.0106719
mb-04162,train,2.243038,2.2333872,1.9777236,1.9726186
mb-05467,train,1.9822712,1.980495,1.7403626,1.7228673
mb-10354,train,2.0791812,2.0683327,1.6812413,1.7197067
mb-00520,train,2.1702616,2.187222,1.9590414,1.9571826
mb-05190,train,2.045323,2.022785,1.8260748,1.8915429
mb-06934,train,2.1398792,2.0764558,1.908485,1.8108413
mb-10367,train,2.0128372,2.1827564,1.6627579,1.7946272
mb-09422,train,1.230449,1.2032161,0.90309,0.9035238
mb-10901,train,2.2355285,2.1912513,1.90309,1.9021182
mb-04894,train,2.1818435,2.2483177,2.0934217,2.11972
mb-01392,train,2.1072102,2.1496205,1.5563025,1.5675259
mb-09749,train,2.161368,2.1329486,1.770852,1.7656379
mb-02145,train,1.8808136,1.9388312,1.7160033,1.7606943
mb-08843,train,2.3364596,2.3129518,1.8976271,1.8833575
mb-02440,train,2.0,1.9948382,1.4313638,1.4073055
mb-08874,train,2.20412,2.1801212,1.8260748,1.8313495
mb-00296,train,2.1238515,2.18114,2.0170333,2.0440204
mb-01918,train,2.1003704,2.0194573,1.845098,1.7653795
mb-02157,train,1.2552725,1.2414446,0.845098,0.8357371
mb-00759,train,1.9731278,2.019158,1.748188,1.7528373
mb-10047,train,2.2671719,2.2174969,1.4913617,1.4520442
mb-04930,train,1.8450981,1.81427,1.6127839,1.5856304
mb-00311,train,1.8325089,1.813037,1.6127839,1.5971043
mb-10738,train,1.748188,1.6904311,1.2787536,1.288162
mb-02705,train,2.0,1.8188541,1.60206,1.4620222
mb-10861,train,1.3617278,1.3452765,0.47712126,0.37566507
mb-03745,train,1.6812412,1.6084521,1.3222193,1.3118078
mb-08846,train,1.8260748,1.7124144,1.5682018,1.5079536
mb-06460,train,1.50515,1.5644796,1.3222193,1.3630323
mb-10302,train,0.845098,0.8408872,1.0791812,1.1088159
mb-05096,train,1.3222194,1.3552938,0.90309,0.94464535
mb-10309,train,1.8808136,2.0286314,1.3802112,1.4740161
mb-01488,train,1.9493899,1.9210181,1.690196,1.6431553
mb-00393,train,1.8573325,1.8141643,1.69897,1.7054281
mb-05187,train,2.0043213,1.981979,1.5563025,1.4743617
mb-10045,train,2.0128372,1.9824734,1.748188,1.723114
mb-05072,train,1.8808136,1.8906274,1.2787536,1.26296
mb-05380,train,1.763428,1.71747,1.447158,1.4157956
mb-06421,train,2.133539,2.1632762,1.7160033,1.7248695
mb-10057,train,2.1105897,2.1069856,1.9190781,1.8687884
mb-06098,train,1.7403626,1.7209002,1.3617278,1.4023678
mb-03382,train,1.9590415,1.9335341,1.6334685,1.6489639
mb-10644,train,1.5440681,1.4857091,1.0413927,0.9794209
mb-10427,train,2.25042,2.2080407,1.7853298,1.7500885
mb-10824,train,1.8325089,1.8416438,1.0,1.0076396
mb-08926,train,2.409933,2.4275908,2.0086002,2.100503
mb-03841,train,2.133539,2.1428752,1.690196,1.644238
mb-08486,train,1.5440681,1.2842463,1.2787536,1.0276325
mb-01230,train,1.5797837,1.5807253,1.39794,1.4076781
mb-08288,train,2.220108,2.093092,1.770852,1.6810865
mb-02453,train,1.6812413,1.6884179,1.0413927,1.0765424
mb-10589,train,1.6720979,1.766151,1.39794,1.5124781
mb-01044,train,1.690196,1.7065958,1.4771212,1.4910321
mb-06977,train,1.7242758,1.6176957,1.5314789,1.389108
mb-05649,train,1.7853298,1.734994,1.2787536,1.2723099
mb-09165,train,1.146128,1.2283937,0.845098,0.909551
mb-09636,train,1.968483,1.982602,1.69897,1.6899058
mb-01544,train,2.2855573,2.3169715,2.045323,2.0480175
mb-04130,train,2.0606978,2.0856848,1.6232493,1.6237599
mb-04469,train,0.9542425,0.9966816,0.69897,0.73971516
mb-04307,train,2.252853,2.2381616,1.4149734,1.4174798
mb-07474,train,1.94939,1.9059391,1.5563025,1.4889662
mb-02641,train,1.6901962,1.595454,1.4313638,1.3031737
mb-09985,train,2.1271048,2.1240199,1.8512584,1.8333496
mb-07614,train,1.9138138,1.9168226,1.4149734,1.4230099
mb-05924,train,1.5314789,1.5521923,1.1139433,1.1591996
mb-04085,train,2.4313638,2.3726048,2.120574,2.049909
mb-03146,train,1.4149734,1.3286779,1.1139433,1.0585604
mb-09977,train,2.1398792,2.0877037,1.3617278,1.5030979
mb-08961,train,2.1303337,2.1130586,1.770852,1.7434294
mb-04279,train,2.243038,2.1927345,1.845098,1.8103921
mb-07257,train,1.9190781,1.885437,1.6627579,1.6130661
mb-02999,train,1.60206,1.6646633,0.47712126,0.5353217
mb-10624,train,2.0,2.2552207,1.7781513,1.8948592
mb-03372,train,1.7160034,1.6350418,1.30103,1.2807208
mb-05112,train,1.0791812,1.1531774,0.90309,0.9011023
mb-06726,train,1.3979399,1.4810569,1.0791812,1.1855928
mb-04626,train,1.6232493,1.752357,1.2787536,1.3413174
mb-00325,train,1.60206,1.6487784,1.447158,1.483874
mb-04920,train,2.0253057,2.0376594,1.5314789,1.6374911
mb-03012,train,1.9344984,1.9385931,1.447158,1.4519813
mb-09992,train,1.7323937,1.6923387,1.50515,1.4058893
mb-06043,train,1.8633229,1.8021004,1.3617278,1.3592345
mb-10084,train,2.30103,2.2240481,1.8808136,1.8372914
mb-05386,train,1.4313638,1.5084221,1.20412,1.2390237
mb-05477,train,2.10721,2.090392,1.7323937,1.6848161
mb-03022,train,1.7242758,1.7564821,1.4771212,1.406416
mb-07528,train,2.1367207,2.1556637,1.7558749,1.7577195
mb-06608,train,2.0569048,2.0222561,1.690196,1.6704761
mb-10068,train,2.39794,2.3020823,2.0606978,2.0200932
mb-02924,train,1.146128,1.5083615,1.4149734,1.3743964
mb-02902,train,2.045323,2.0750573,1.8976271,1.8483132
mb-04395,train,2.0293837,2.0105457,1.8633229,1.8718247
mb-01608,train,1.1760912,1.0780089,1.0413927,0.96749496
mb-07957,train,1.5314789,1.5639243,1.0413927,1.0874059
mb-06173,train,1.6334684,1.6103235,1.3222193,1.3150884
mb-05858,train,1.7160034,1.6932634,1.2787536,1.2808867
mb-05403,train,1.763428,1.7958105,1.3617278,1.4329548
mb-01034,train,2.1846914,2.2318678,1.5440681,1.6719301
mb-01272,train,1.4313638,1.4796047,0.845098,0.89631575
mb-00665,train,1.9294189,1.8434584,1.5185139,1.4911995
mb-08294,train,1.8260748,1.870158,1.5563025,1.6475314
mb-03801,train,2.0606978,2.131035,1.7075702,1.7539773
mb-06074,train,1.531479,1.6012504,1.462398,1.4972167
mb-06125,train,1.748188,1.6844472,1.2552725,1.2620426
mb-06815,train,1.146128,1.1747942,0.69897,0.75446683
mb-10925,train,1.8129134,1.7430303,1.5682018,1.5210404
mb-02073,train,2.307496,2.0366538,1.9542425,1.80319
mb-03160,train,2.1846914,2.2507582,1.9822712,2.1005907
mb-03238,train,2.0253057,1.9866495,1.69897,1.6742415
mb-02362,train,1.7075702,1.7401686,1.5185139,1.5244324
mb-07729,train,1.6434528,1.676581,1.4913617,1.5100052
mb-09158,train,1.770852,1.870031,1.770852,1.7522898
mb-09869,train,2.1522884,2.0230029,1.9344984,1.8617347
mb-07036,train,1.8633229,1.8327423,1.60206,1.5669322
mb-02697,train,0.69897,0.59288424,0.30103,0.28319347
mb-09554,train,2.1430147,2.1294167,1.690196,1.6691717
mb-08009,train,1.146128,1.1839036,0.7781513,0.7441818
mb-03551,train,1.7558749,1.7863619,1.5682018,1.5697464
mb-09362,train,1.1760912,1.1715273,0.845098,0.8467383
mb-08292,train,1.8692317,1.8759686,1.1139433,1.109767
mb-01401,train,2.1702616,2.1979523,1.8692317,1.909403
mb-02887,train,1.9912261,1.9801599,1.5314789,1.5670822
mb-06992,train,2.2121875,2.2113466,1.8808136,1.8292227
mb-06952,train,1.3010299,1.3399818,0.845098,0.8663108
mb-06700,train,2.029384,2.0298448,1.30103,1.3096719
mb-04368,train,1.5563024,1.5318673,1.0791812,1.0824267
mb-08282,train,1.6127839,1.6021366,0.90309,0.9259397
mb-08218,train,1.5563025,1.5801554,1.2787536,1.4863621
mb-10420,train,1.9590414,2.0165582,1.748188,1.7625209
mb-09303,train,1.9294189,1.9232569,1.7403626,1.7663413
mb-04581,train,2.1139433,2.1215863,1.7160033,1.8055607
mb-08832,train,1.7242758,1.7478485,1.39794,1.4765464
mb-02631,train,2.08636,2.0835466,1.8260748,1.8402579
mb-10198,train,1.6232493,1.615734,1.230449,1.229898
mb-10864,train,1.8195438,1.855513,1.5314789,1.6385555
mb-09731,train,2.2013972,2.177041,1.6627579,1.5996343
mb-07976,train,1.863323,1.9349597,1.4313638,1.5031178
mb-06247,train,2.3344536,2.3952224,2.0211892,2.0634966
mb-07438,train,1.7558749,1.7055774,1.4913617,1.546391
mb-08297,train,1.3222193,1.2736728,0.845098,0.8116552
mb-01314,train,1.20412,1.1857288,0.7781513,0.7555205
mb-06496,train,2.4313638,2.3472009,2.075547,2.035834
mb-07539,train,2.09691,2.102487,1.462398,1.3495259
mb-04326,train,1.7923917,1.784533,1.3802112,1.3843327
mb-09174,train,1.7075702,1.668725,1.146128,1.1175026
mb-01253,train,1.8692317,1.7967827,1.2787536,1.2225224
mb-05404,train,1.9444827,1.9995005,1.230449,1.3066441
mb-10049,train,1.6989701,1.6593094,1.146128,1.1743419
mb-00650,train,1.9637878,1.9415958,1.6720978,1.6223632
mb-09297,train,2.20412,2.08605,1.8976271,1.8147427
mb-06050,train,1.8325089,1.7908618,1.3802112,1.3456509
mb-10797,train,2.1238515,2.1604404,1.8808136,1.9735082
mb-05196,train,1.4313638,1.3636208,1.1139433,1.073536
mb-00192,train,2.0606978,1.808325,1.5910646,1.3985654
mb-03316,train,1.748188,1.7722064,1.20412,1.268961
mb-05487,train,1.2787536,1.2724421,1.30103,1.2525476
mb-01817,train,2.2355285,2.1228268,1.9344984,1.8507733
mb-08761,train,2.326336,2.3461053,2.075547,2.0747764
mb-08380,train,2.0334237,2.0565846,1.8325089,1.8506652
mb-05781,train,2.2013972,2.2284951,1.8325089,1.9071109
mb-06383,train,1.7558749,1.7446988,1.1760913,1.2679403
mb-07889,train,1.5314789,1.4203284,1.2552725,1.1908805
mb-02195,train,1.5563024,1.5944812,1.4771212,1.4389544
mb-09902,train,1.4771214,1.5524857,1.20412,1.2798847
mb-02135,train,1.3222194,1.3760586,1.230449,1.2480791
mb-10599,train,1.6020601,1.6158328,1.30103,1.3419693
mb-00702,train,2.1673174,2.0778677,1.748188,1.6866791
mb-04974,train,2.243038,2.1567647,2.0,1.984822
mb-07669,train,1.361728,1.4384248,1.1760913,1.2157849
mb-09982,train,1.90309,2.0060544,1.6812413,1.7616463
mb-00257,train,2.2479732,2.2452455,2.0681858,2.0597014
mb-05322,train,2.0934217,2.0872784,1.7993406,1.7712015
mb-01163,train,0.0,-0.07851577,0.0,-0.038876057
mb-08772,train,2.298853,2.1736305,2.0043213,1.8490722
mb-00869,train,1.9190781,1.8726273,1.7558749,1.6886094
mb-00813,train,2.30103,2.323916,1.8920946,1.974222
mb-08523,train,1.9242793,1.8840604,1.5440681,1.5615847
mb-10003,train,2.0128372,2.069848,1.5563025,1.610104
mb-00287,train,1.94939,1.9722135,1.7075702,1.6205437
mb-05998,train,1.60206,1.753356,1.0791812,1.2261249
mb-06876,train,1.6532124,1.6566596,1.3222193,1.2902045
mb-04230,train,2.1003706,2.0806026,1.6627579,1.6228987
mb-00062,train,1.8512583,1.807464,1.4771212,1.4537245
mb-02140,train,1.6812412,1.6438823,1.5314789,1.4679892
mb-08134,train,0.90309,0.8975154,0.69897,0.6659094
mb-02227,train,1.7403628,1.6568902,1.4149734,1.2325928
mb-04062,train,2.1367204,2.1165457,2.0293837,2.0227737
mb-03023,train,1.3979399,1.4096564,1.0791812,1.1041763
mb-08759,train,2.1105897,2.0966065,1.9294189,1.9161835
mb-00872,train,1.230449,1.1392097,1.1760913,1.082717
mb-04938,train,1.90309,1.9968498,1.3424227,1.4544356
mb-03395,train,2.390935,2.3995335,2.0569048,2.0699058
mb-05550,train,2.0086002,2.0265737,1.4313638,1.4474186
mb-03924,train,2.0791812,2.1063592,1.7923917,1.8343594
mb-03533,train,1.7558749,1.7370371,1.5563025,1.5411679
mb-02468,train,1.7242758,1.7240168,1.2552725,1.2446864
mb-09956,train,1.8450981,2.3609493,2.0086002,2.0946755
mb-06202,train,1.6901962,1.7245811,1.4313638,1.545032
mb-10982,train,1.7781513,1.6759204,1.4149734,1.4075363
mb-03387,train,1.6434526,1.6995583,1.5797836,1.5795832
mb-10882,train,1.6334685,1.4819304,1.39794,1.3013592
mb-06158,train,1.8808136,1.9283001,1.230449,1.3048501
mb-09758,train,1.8750613,1.7968892,1.6434526,1.5523401
mb-08852,train,0.60206,0.5962543,0.30103,0.32067287
mb-06181,train,2.3541086,2.2990084,1.9242793,1.8257022
mb-05836,train,2.350248,2.3295681,1.90309,1.8958765
mb-07515,train,2.0827854,2.0820904,1.7993406,1.7957604
mb-10393,train,1.9637878,2.0425282,1.462398,1.5382059
mb-02373,train,2.1931245,2.2175999,1.845098,1.9158858
mb-01039,train,0.60206,0.6422795,0.30103,0.3642342
mb-05964,train,1.6532124,1.676493,1.447158,1.4498186
mb-09124,train,2.1238518,2.117239,1.4149734,1.4821012
mb-02569,train,1.30103,1.2409687,1.0,0.95160866
mb-09154,train,1.8864907,2.0588384,1.6434526,1.7894819
mb-10310,train,1.7403628,1.7272941,1.3424227,1.3642523
mb-10130,train,1.9590414,1.9784468,1.3617278,1.3254725
mb-03883,train,1.94939,1.9287807,1.6532125,1.738072
mb-07791,train,2.1139433,2.0939941,1.7781513,1.7460715
mb-08388,train,1.9956352,1.9661293,1.5314789,1.5400919
mb-03692,train,1.5185139,1.4618976,1.30103,1.2422341
mb-05822,train,2.2944663,2.3310962,1.9590414,1.9775279
mb-07744,train,1.845098,1.8262341,1.6532125,1.6046362
mb-06584,train,2.4727564,2.3329973,2.133539,2.0032427
mb-02642,train,2.1673174,2.174781,1.1760913,1.1930737
mb-03059,train,2.2148438,2.1722183,2.0,1.9071475
mb-01161,train,1.0791813,1.1684079,0.7781513,0.8352215
mb-07172,train,1.7558749,1.7355105,1.30103,1.3409119
mb-09420,train,0.0,-0.11429769,0.0,-0.08604276
mb-03798,train,1.9138138,1.9093385,1.7323937,1.7394729
mb-08332,train,2.2855573,2.2516828,1.4313638,1.4928929
mb-06835,train,1.39794,1.3550187,0.7781513,0.7507218
mb-04623,train,1.8325089,1.9134543,1.2787536,1.3691528
mb-02288,train,2.155336,2.09379,2.0681858,1.9869841
mb-06692,train,1.3424227,1.3390937,1.1139433,1.1385909
mb-07670,train,1.9242793,1.870158,1.1760913,1.1391629
mb-05514,train,1.8388492,1.8531613,1.6127839,1.6189342
mb-00952,train,1.9542425,1.9717658,1.5185139,1.5775939
mb-06768,train,2.1003704,1.9855511,1.8864907,1.7719346
mb-08604,train,1.5797836,1.5885395,1.3802112,1.3651731
mb-07324,train,1.39794,1.4402907,1.39794,1.296373
mb-02932,train,1.5910646,1.7015738,1.3617278,1.448988
mb-06415,train,2.3283796,2.3345518,1.94939,1.9711636
mb-00840,train,1.7160033,1.7696953,1.4771212,1.5109109
mb-08700,train,2.0569048,2.0920455,1.748188,1.8035277
mb-09591,train,1.6334685,1.6740865,1.4313638,1.5239522
mb-02598,train,0.7781513,0.82013196,0.90309,0.9065942
mb-05362,train,1.9822713,1.9757533,1.5440681,1.5704966
mb-03435,train,1.5682018,1.572038,1.3424227,1.3641336
mb-07173,train,2.2600713,2.2301574,1.9444827,1.8886445
mb-05518,train,1.6812413,1.6860913,1.3802112,1.4262036
mb-09070,train,1.4913617,1.4881065,1.4149734,1.465618
mb-04372,train,1.6127839,1.6183751,1.4149734,1.363242
mb-01615,train,1.8129134,1.7811337,1.2552725,1.2104437
mb-05700,train,2.1105897,2.0680788,1.7323937,1.6317751
mb-03847,train,1.6434526,1.6473234,1.3617278,1.4423352
mb-05804,train,2.1398792,2.1445765,1.5682018,1.6221492
mb-03519,train,1.7558749,1.7294079,1.5314789,1.5127188
mb-00708,train,1.30103,1.4797311,1.3617278,1.3492526
mb-04823,train,2.320146,2.344588,2.049218,2.036355
mb-03063,train,1.7075702,1.7298125,1.0413927,1.1041082
mb-03246,train,2.214844,2.1902983,1.9242793,1.9130045
mb-06092,train,2.0791812,2.0339913,1.6627579,1.6429663
mb-07160,train,1.30103,1.5386302,1.5440681,1.6010573
mb-10112,train,1.9637879,1.9026871,1.5682018,1.6147428
mb-03151,train,1.8573325,1.7816024,1.447158,1.3867129
mb-07772,train,1.5682018,1.5619016,1.1139433,1.0674326
mb-04903,train,1.9395193,1.8774744,1.7323937,1.7447263
mb-04639,train,0.9542425,0.9791652,0.69897,0.6980198
mb-06945,train,1.80618,1.809545,1.6532125,1.6097393
mb-08913,train,1.8325088,1.8181452,1.447158,1.3920301
mb-01991,train,2.133539,2.161971,1.6627579,1.6697301
mb-01996,train,1.9912261,1.9810187,1.9242793,1.8938396
mb-03837,train,1.80618,1.8670775,1.50515,1.5851765
mb-09185,train,1.7853298,1.8355398,1.2552725,1.2849802
mb-10898,train,2.243038,2.2022336,2.0128372,2.0370767
mb-10847,train,2.033424,1.9657184,1.4313638,1.4119941
mb-06810,train,2.363612,2.3443813,2.0863597,1.9713621
mb-10650,train,2.4683473,2.3745391,2.252853,2.0858593
mb-00446,train,2.3502479,2.3445032,2.146128,2.129743
mb-05314,train,2.283301,2.2470193,2.0043213,1.9292763
mb-00519,train,1.8920946,1.9684194,1.6627579,1.6738064
mb-04034,train,1.748188,1.7469743,1.3802112,1.3626947
mb-08965,train,1.9344985,2.0639734,1.6812413,1.8212943
mb-05441,train,1.230449,1.3194623,0.90309,1.0051658
mb-00447,train,2.3783977,2.3465185,2.146128,2.1486197
mb-03708,train,2.20412,2.1957767,1.9395193,1.8734082
mb-01618,train,1.6334684,1.7159978,1.5185139,1.5877768
mb-01462,train,2.382017,2.2944021,1.9956352,1.9622467
mb-07655,train,1.146128,1.1673827,0.845098,0.8300214
mb-03290,train,1.770852,1.8010229,1.5910646,1.4981136
mb-09458,train,0.30103,0.3849148,0.0,0.06275773
mb-08395,train,1.9777236,1.9641982,1.50515,1.5265429
mb-08491,train,2.0827854,1.9513421,1.7993406,1.7231762
mb-08988,train,2.1105897,2.1080441,1.7993406,1.7594266
mb-01626,train,2.3283796,2.2931361,2.09691,2.0459049
mb-05496,train,2.2966652,2.309405,2.0,1.9865344
mb-09191,train,1.6127839,1.6193974,1.5440681,1.4051893
mb-09255,train,1.9590414,2.0162098,1.5314789,1.6237365
mb-02760,train,1.908485,1.9003322,1.462398,1.4496044
mb-01280,train,1.863323,1.8436906,1.6127839,1.6177802
mb-04755,train,1.9867717,1.9999341,1.50515,1.5723784
mb-08314,train,1.5910647,1.5794508,1.30103,1.3005384
mb-09825,train,2.2741578,2.31173,1.9867717,1.9743679
mb-04294,train,1.7993405,1.8221834,1.4771212,1.5327951
mb-07969,train,1.8573325,1.8508782,1.60206,1.613347
mb-09703,train,1.9590414,1.928478,1.6532125,1.6668456
mb-07090,train,1.5563025,1.6561966,1.3802112,1.4738091
mb-03126,train,1.4771212,1.43876,1.1139433,1.0750492
mb-10278,train,2.220108,2.2375245,1.8692317,1.9526246
mb-00300,train,2.133539,2.1893334,1.8692317,1.9268131
mb-03226,train,2.4899585,2.5579762,2.209515,2.2334292
mb-00842,train,0.90309,0.9999606,0.60206,0.6946057
mb-04722,train,2.0043213,2.0042384,1.6720978,1.6869116
mb-06347,train,1.80618,1.5381955,1.2552725,1.0561223
mb-07972,train,1.7403628,1.7494414,1.3424227,1.4359429
mb-09694,train,1.4149734,1.4956475,1.2552725,1.3173108
mb-03710,train,2.0374265,2.0585737,1.5440681,1.5659478
mb-07273,train,1.1760913,1.3199542,1.146128,1.1175927
mb-09168,train,1.39794,1.3630797,1.0,0.9484605
mb-04742,train,1.0413927,1.1488187,0.47712126,0.5553613
mb-02191,train,1.968483,1.8777168,1.7323937,1.6769212
mb-00108,train,1.90309,1.8145283,1.6334685,1.5612795
mb-02809,train,1.7853298,1.7560518,1.50515,1.4990337
mb-08738,train,2.3096302,2.209735,1.7781513,1.7537754
mb-06773,train,1.3617278,1.2795033,1.39794,1.3300042
mb-01212,train,2.0863597,2.1505902,1.7242758,1.7766371
mb-09344,train,1.7323937,1.7463379,1.230449,1.2156062
mb-08278,train,1.9637878,1.886459,1.5910646,1.5690218
mb-01676,train,2.3521824,2.3687625,1.9822712,2.034749
mb-06622,train,1.845098,1.8608465,1.30103,1.3189244
mb-02208,train,1.7853298,1.8325285,1.5185139,1.4994351
mb-04381,train,1.7403628,1.8040826,1.6812413,1.6841741
mb-06311,train,2.0128372,1.8429799,1.0791812,0.9682883
mb-04929,train,2.120574,2.1931188,1.9731278,2.0867803
mb-05430,train,2.049218,2.1596227,1.9542425,1.9728289
mb-08372,train,1.9912261,2.1416883,1.845098,1.9233373
mb-01489,train,2.2068257,2.1933093,1.6434526,1.5805286
mb-05304,train,2.3617277,2.1824055,1.9344984,1.8201042
mb-04605,train,1.9542425,1.9641622,1.690196,1.6353087
mb-01966,train,2.0569048,2.0186412,1.690196,1.6213198
mb-00227,train,0.60206,0.61945313,0.47712126,0.4778173
mb-07883,train,1.9190781,1.8780758,1.8388491,1.7684363
mb-00173,train,1.9344984,1.9420657,1.6232493,1.7182506
mb-07506,train,2.350248,2.3830636,2.075547,2.0517538
mb-10337,train,2.1003704,2.1416135,1.6720978,1.7511303
mb-06800,train,1.9590414,1.8855884,1.3617278,1.315111
mb-09225,train,1.968483,2.0304744,1.7323937,1.7325802
mb-04187,train,1.146128,1.6550691,1.3617278,1.3900481
mb-07840,train,2.029384,1.9864205,1.8325089,1.8053133
mb-03182,train,1.7242758,1.7069635,1.0,1.0139282
mb-00471,train,1.5797837,1.5446897,1.39794,1.341931
mb-01937,train,1.7781513,1.8019156,1.3802112,1.4097111
mb-05098,train,2.3324385,2.3124905,2.0334237,1.9837112
mb-02548,train,1.518514,1.6340773,1.4313638,1.4705513
mb-02718,train,2.3117537,2.2695947,1.9822712,1.9754462
mb-05269,train,1.9867718,1.8266419,1.7993406,1.5534017
mb-06412,train,2.1367207,2.1436384,1.7853298,1.7696106
mb-00839,train,2.2552724,2.236786,2.1271048,2.1182644
mb-09401,train,1.6334685,1.5596045,1.230449,1.1736314
mb-05453,train,2.0791812,2.0879028,2.0,1.909713
mb-02484,train,1.80618,1.8203297,1.3802112,1.3892225
mb-05071,train,2.2405493,2.2272296,1.845098,1.6872706
mb-00893,train,2.2148438,2.191584,2.10721,2.0566168
mb-05683,train,2.2121878,2.1477418,1.3424227,1.2693545
mb-07191,train,2.09691,2.0813189,1.3424227,1.4563001
mb-01947,train,1.6901962,1.6928855,1.2787536,1.3128338
mb-02698,train,1.6720978,1.639883,1.5797836,1.4923902
mb-01602,train,2.1731863,2.176515,1.5314789,1.5474838
mb-10718,train,1.6127839,1.7164227,1.39794,1.4040811
mb-07199,train,1.6812413,1.7660154,1.1139433,1.2248119
mb-07416,train,1.770852,1.840256,1.3222193,1.4729949
mb-07764,train,1.9822712,2.02068,1.60206,1.6265554
mb-04861,train,2.1731863,2.1019926,1.9242793,1.9103936
mb-08097,train,1.8573325,1.7496526,1.5797836,1.488548
mb-05107,train,1.8750613,1.8007195,1.7242758,1.68718
mb-03360,train,1.6720979,1.5714071,1.4313638,1.3633784
mb-00238,train,1.8750613,1.7679696,1.6232493,1.5125597
mb-08183,train,1.6627579,1.613317,1.30103,1.3030945
mb-02344,train,0.60206,0.5381166,0.30103,0.22427976
mb-08231,train,0.30103,0.31477827,0.0,0.012863994
mb-10804,train,1.7075702,1.7315068,1.39794,1.4508202
mb-03917,train,1.7160034,1.6829377,1.6812413,1.5600892
mb-10704,train,2.0043213,2.1627572,1.7558749,1.8941834
mb-06429,train,1.7242758,1.7581441,1.4149734,1.4650636
mb-08481,train,1.9684829,1.9991713,1.7403626,1.7954938
mb-01891,train,1.724276,1.793854,1.5563025,1.5513451
mb-08421,train,1.8692317,1.9145453,1.3802112,1.4322947
mb-06120,train,1.5910647,1.6893902,1.39794,1.4186065
mb-00756,train,2.3443923,2.375347,1.9590414,2.024212
mb-01465,train,2.120574,2.1571136,1.7242758,1.7566216
mb-02270,train,2.1875207,2.2292337,1.8864907,1.9337106
mb-05872,train,1.3222194,1.4638132,1.39794,1.36311
mb-03642,train,1.9822712,1.9990636,1.8573325,1.8701875
mb-03006,train,2.25042,2.3312743,1.908485,1.9329221
mb-00637,train,2.3344536,2.3496697,2.0334237,1.9844519
mb-05933,train,2.0791812,2.1051013,1.39794,1.4211689
mb-03923,train,2.429752,2.4256053,2.0863597,2.056007
mb-05218,train,2.143015,2.1255898,1.763428,1.627041
mb-07603,train,2.3344536,2.3329954,2.161368,2.1338522
mb-02692,train,1.5563025,1.4836502,1.146128,1.0676315
mb-03718,train,1.9242792,1.9292471,1.447158,1.4738685
mb-06391,train,2.2988532,2.237918,1.8750613,1.8099347
mb-10423,train,1.770852,1.7406943,1.7323937,1.6070907
mb-07557,train,1.5051501,1.5087535,1.2787536,1.23736
mb-06673,train,2.3283796,2.285838,2.2718415,2.2376814
mb-07103,train,1.9138138,1.8051891,1.3617278,1.2511573
mb-08049,train,2.0086002,1.9755199,1.6627579,1.6859231
mb-06688,train,2.25042,2.258027,1.8808136,1.8521249
mb-04867,train,1.7993406,1.7516983,1.5440681,1.5346537
mb-00243,train,1.6334684,1.5978687,1.447158,1.4392657
mb-00322,train,1.8864907,1.8124573,1.69897,1.5288337
mb-02251,train,1.7075701,1.7889268,0.845098,0.85259277
mb-02813,train,1.3617278,1.281712,1.230449,1.2570156
mb-08899,train,2.1553361,2.1107242,1.3424227,1.3886817
mb-10258,train,1.5682017,1.5698558,1.3222193,1.2950983
mb-04978,train,2.3324385,2.318246,1.8976271,1.8748751
mb-01234,train,1.1760913,1.2932103,0.7781513,0.9268189
mb-03371,train,1.1760912,1.2463357,1.0,1.0721312
mb-09921,train,1.7160033,1.7462368,1.3802112,1.3781246
mb-03332,train,2.2764618,2.3141985,1.9590414,2.005424
mb-07594,train,1.6232493,1.7010899,1.3617278,1.478684
mb-03827,train,1.90309,1.7882295,1.763428,1.6756289
mb-09635,train,1.2041199,1.2130101,1.0413927,1.0231558
mb-01820,train,1.2041199,1.2537875,1.0791812,1.0897291
mb-07799,train,2.0606978,2.0738544,1.9395193,1.896067
mb-10092,train,2.1731863,2.210816,1.8692317,1.8592938
mb-07792,train,2.274158,2.1670072,1.8512584,1.8040996
mb-00511,train,2.198657,2.1773148,1.7075702,1.7009879
mb-03272,train,1.6127839,1.622765,1.2552725,1.3291514
mb-03973,train,2.0681858,2.0617478,1.0,0.95163584
mb-04725,train,1.80618,1.785533,1.60206,1.5792258
mb-00051,train,1.968483,1.9586229,1.7242758,1.7124057
mb-04272,train,1.5440681,1.5254936,1.2787536,1.2394404
mb-09752,train,2.0043216,2.08001,1.462398,1.5345076
mb-09054,train,1.9242793,1.7937464,1.5440681,1.4190166
mb-07959,train,1.9912262,2.009998,1.7993406,1.8189976
mb-03031,train,2.1367207,2.1984842,1.94939,1.9548023
mb-03669,train,1.8864908,1.876544,1.5440681,1.5604315
mb-00741,train,2.2552724,2.3223364,1.8864907,1.9807407
mb-05294,train,1.4313638,1.370543,1.2552725,1.2337055
mb-01821,train,1.9590414,1.9706367,1.8129133,1.8326118
mb-05969,train,1.4771214,1.4226948,1.20412,1.2268802
mb-01672,train,0.90309,0.9755906,0.69897,0.7528101
mb-08316,train,1.5051501,1.5224032,1.1760913,1.1860936
mb-04511,train,1.1760912,1.2281404,0.845098,0.8834799
mb-05013,train,2.3560257,2.3103123,1.7853298,1.7734501
mb-06632,train,0.30103,0.28390485,0.0,-0.022891283
mb-00670,train,1.7781513,1.7811244,1.6812413,1.6254036
mb-02379,train,1.7160034,1.6231947,1.462398,1.457178
mb-08726,train,2.1003706,2.1059413,1.6127839,1.674521
mb-08490,train,1.748188,1.7019329,1.230449,1.1816359
mb-03989,train,1.8976271,1.8411258,1.80618,1.6951153
mb-04537,train,2.580925,1.8041208,1.4913617,1.3152938
mb-04023,train,2.303196,2.2520492,2.363612,2.242893
mb-04140,train,2.025306,2.07483,1.7075702,1.7418177
mb-03823,train,2.3304138,2.329124,1.9956352,2.0173318
mb-06314,train,1.6532125,1.6563296,1.4771212,1.5198638
mb-02565,train,2.064458,2.0610473,1.8325089,1.7981975
mb-06482,train,1.462398,1.4000086,1.2787536,1.2485697
mb-06646,train,2.178977,2.2431135,1.770852,1.8418007
mb-01436,train,2.1702619,2.1034517,1.6127839,1.5924174
mb-10774,train,0.30103,0.32847166,0.30103,0.35064673
mb-03457,train,2.363612,2.3757715,2.0569048,2.0430498
mb-06785,train,1.6127839,1.7123199,1.462398,1.5427128
mb-02663,train,1.0413927,1.052313,0.7781513,0.8280763
mb-07593,train,2.0606978,2.0808616,1.3222193,1.3323987
mb-00944,train,1.8325089,1.9309766,1.9138138,1.5559943
mb-02994,train,2.10721,2.124001,1.690196,1.6994858
mb-08810,train,2.0170333,2.1544027,1.6627579,1.836063
mb-02231,train,2.1522884,2.089234,1.5682018,1.5367308
mb-00198,train,1.8573325,1.83463,1.4913617,1.4414017
mb-09771,train,1.6720979,1.6912014,1.3424227,1.3408529
mb-04664,train,2.1238518,2.174848,1.80618,1.8256137
mb-04829,train,1.9542425,1.854535,1.748188,1.6923184
mb-04907,train,2.1003706,2.1524065,1.9395193,1.9413856
mb-07464,train,2.0644581,2.0621514,1.7993406,1.8207175
mb-06901,train,1.3617278,1.407578,1.146128,1.1678579
mb-10090,train,2.045323,2.0569901,1.447158,1.5216535
mb-02501,train,2.0569048,2.023555,1.69897,1.7161424
mb-10552,train,1.9867717,1.9669472,1.6720978,1.6321957
mb-09166,train,0.845098,0.8497511,1.0413927,1.0259407
mb-02214,train,2.1673174,2.0736456,1.8864907,1.8901606
mb-10009,train,0.30103,0.25806051,0.30103,0.28599572
mb-06025,train,1.4149734,1.3673937,1.0413927,0.9844167
mb-05665,train,1.8325088,1.7884011,1.3222193,1.2984085
mb-00495,train,1.7781513,1.736617,1.4771212,1.4919049
mb-03025,train,0.7781513,0.7916268,0.69897,0.79916483
mb-09118,train,2.1673174,2.2120905,1.9242793,1.9412904
mb-00677,train,2.3222194,2.276904,1.8808136,1.8040581
mb-05916,train,2.2988532,2.3610916,2.0170333,2.0398118
mb-01025,train,1.9395193,1.9486506,1.6627579,1.5687263
mb-10729,train,2.25042,2.3531764,1.9867717,2.0804477
mb-08171,train,2.198657,2.1455946,1.770852,1.6848601
mb-02037,train,1.8692317,1.8375306,1.748188,1.7359549
mb-00487,train,1.4471581,1.4438757,1.20412,1.2161682
mb-07584,train,1.7160034,1.6950879,1.4149734,1.3528289
mb-01512,train,1.9294188,1.888506,1.6720978,1.6157112
mb-07911,train,1.6232493,1.6225567,0.845098,0.8354789
mb-02901,train,2.045323,2.0177174,1.7242758,1.7336881
mb-03941,train,1.7075702,1.834329,1.5440681,1.6116368
mb-07356,train,1.763428,1.79374,1.5185139,1.5072272
mb-09717,train,2.4297523,2.3759215,2.1367207,2.1022487
mb-00288,train,1.1139433,1.2372103,1.0791812,1.2132013
mb-07872,train,2.1958995,2.1711335,1.9956352,2.0322504
mb-02537,train,2.20412,2.1987405,1.8808136,1.8621364
mb-08919,train,2.30103,2.1153316,1.9777236,1.7310847
mb-03404,train,1.6812413,1.7077353,1.50515,1.5535318
mb-05023,train,2.071882,2.0238514,1.8808136,1.8005109
mb-09671,train,2.1105897,2.1096168,1.7558749,1.7262526
mb-06805,train,2.3802114,2.3125114,2.09691,2.0462732
mb-00516,train,1.9190781,1.8588068,1.2787536,1.2941573
mb-01479,train,1.5797836,1.8841112,1.3802112,1.6085167
mb-01752,train,2.1583624,2.1536055,1.9138138,1.8673933
mb-03888,train,2.4265113,2.3574166,2.198657,2.0702085
mb-04681,train,1.5185139,1.4066974,1.1139433,1.0048327
mb-06706,train,1.2552725,1.1231982,1.1139433,1.0167851
mb-03601,train,2.164353,2.1247246,1.8573325,1.820816
mb-04121,train,1.9637879,1.9282935,1.4913617,1.4737422
mb-00203,train,1.5910647,1.6208832,1.30103,1.3068175
mb-06163,train,2.2355285,2.2675831,1.9395193,1.9080895
mb-03487,train,1.9867717,1.9163051,1.8808136,1.8029599
mb-04016,train,2.1931245,2.2234912,1.7558749,1.7902896
mb-05298,train,2.2148438,2.2416255,1.9138138,1.8766854
mb-01972,train,2.369216,2.3719099,2.1105897,2.0393083
mb-08113,train,2.3424225,2.3496716,2.049218,2.0540166
mb-00166,train,1.1760913,1.1707844,1.146128,1.0838306
mb-08936,train,2.1731863,2.1743512,1.7242758,1.7307739
mb-07990,train,1.9395193,2.0988498,1.7993406,1.8304164
mb-01197,train,0.90309,0.8928696,0.69897,0.63464963
mb-07198,train,1.8260748,1.7200577,1.6127839,1.4526558
mb-03475,train,1.7160034,1.7621707,1.4149734,1.4483656
mb-04052,train,1.9912261,2.0657127,1.80618,1.8278927
mb-08882,train,1.5185139,1.6515408,1.447158,1.4115198
mb-02127,train,2.2966652,2.3095446,1.9242793,1.9223412
mb-01046,train,2.1038036,2.0589428,1.763428,1.6794647
mb-10469,train,1.8750613,1.863631,1.5797836,1.5772432
mb-07401,train,1.8260748,1.7992451,1.20412,1.2193767
mb-08895,train,1.5314789,1.571045,0.90309,0.9233999
mb-00971,train,1.90309,1.9700067,1.6627579,1.6786714
mb-08102,train,1.8976271,1.966265,1.7853298,1.8253106
mb-04184,train,2.0128374,1.9805665,1.5440681,1.5685447
mb-00848,train,2.0863597,2.0595741,1.8750613,1.8267621
mb-06802,train,2.1003704,1.9449906,1.447158,1.3772166
mb-10884,train,2.61066,2.6937351,2.363612,2.3712397
mb-01844,train,1.9242792,1.6705202,1.69897,1.370363
mb-02281,train,1.748188,1.8022525,1.3617278,1.411983
mb-01103,train,1.6334685,1.5907233,1.39794,1.3521377
mb-02420,train,1.3802112,1.4348047,1.4913617,1.5228348
mb-07144,train,1.8260748,1.8018394,1.462398,1.4718461
mb-02571,train,2.1105897,2.1904254,1.845098,1.7921455
mb-02858,train,2.346353,2.3321145,1.9637878,1.9555287
mb-10416,train,2.1038036,2.1210713,1.69897,1.678191
mb-02375,train,1.9684829,1.9268041,1.6720978,1.6523722
mb-02583,train,1.5440681,1.7076384,1.2787536,1.4250642
mb-00752,train,1.9242793,1.8328329,1.6232493,1.6167297
mb-08778,train,1.845098,1.782315,1.2552725,1.1865904
mb-03875,train,1.9242793,1.8935102,1.20412,1.2190341
mb-07702,train,2.3579347,2.353613,2.0128372,2.0075607
mb-10078,train,2.240549,2.2129912,1.9867717,1.9763477
mb-10503,train,2.230449,2.1841824,1.90309,1.8967211
mb-04136,train,2.1038036,2.1389773,1.8750613,1.9119111
mb-06961,train,2.2648177,2.2540913,1.9344984,1.9019128
mb-07753,train,2.220108,2.2400193,1.8920946,1.871964
mb-08067,train,1.9242793,1.7767872,1.6334685,1.566889
mb-01684,train,2.232996,2.2619286,1.9138138,1.9482509
mb-10637,train,1.6532125,1.7215066,1.4149734,1.5147727
mb-05876,train,1.9344985,1.9812915,1.5682018,1.5775168
mb-07649,train,1.7781513,1.8123103,1.5440681,1.5465934
mb-07739,train,1.8864907,1.8885454,1.7923917,1.7559717
mb-03071,train,1.9344984,2.0639315,1.447158,1.5729859
mb-02915,train,1.9956352,1.9140288,1.7242758,1.6618949
mb-00438,train,1.7323937,1.714263,1.4149734,1.3983536
mb-08721,train,0.60206,0.7151234,0.30103,0.36982274
mb-00693,train,1.7993406,1.9295095,1.5563025,1.6312591
mb-08128,train,1.5051501,1.5570925,1.2787536,1.3321563
mb-10550,train,1.9242792,1.9783708,1.7242758,1.739053
mb-06933,train,1.2552725,1.2259859,0.90309,0.89921606
mb-10504,train,2.075547,2.0088518,1.770852,1.6943705
mb-02389,train,1.2041199,1.2107327,0.69897,0.6991719
mb-00565,train,2.029384,2.054393,1.6532125,1.696882
mb-00347,train,2.298853,2.142932,1.7853298,1.766825
mb-10519,train,1.6334685,1.6644785,1.146128,1.1706355
mb-01606,train,2.220108,2.2188566,1.845098,1.8428484
mb-03416,train,2.3096302,2.2779698,2.064458,1.9853035
mb-09644,train,2.161368,2.0524414,1.7781513,1.7018268
mb-04693,train,2.363612,2.2828503,1.8633229,1.7576518
mb-05739,train,1.9444828,1.9913502,1.1760913,1.2290721
mb-05696,train,1.8388491,1.8067183,1.5314789,1.5064017
mb-05579,train,2.326336,2.3706312,2.0211892,2.0934534
mb-02607,train,1.3617278,1.3213775,1.0413927,0.99554473
mb-06127,train,2.1760912,2.1517248,1.5682018,1.6476408
mb-00420,train,2.4712915,2.36104,2.252853,2.1225727
mb-01658,train,2.1038036,2.1107512,1.8750613,1.7945153
mb-01547,train,1.90309,1.8670098,1.4313638,1.366605
mb-08731,train,1.39794,1.4409325,1.20412,1.2130027
mb-04625,train,1.9637878,1.9919194,1.3424227,1.2845678
mb-10251,train,2.3521824,2.3220847,2.1303337,2.0167725
mb-05908,train,2.1172712,2.117012,1.6434526,1.6155658
mb-07793,train,1.7323939,1.7414562,1.4313638,1.4775639
mb-07333,train,2.0086002,2.0066993,1.8750613,1.8844652
mb-06989,train,2.1139433,2.0840971,1.8325089,1.8221879
mb-05883,train,2.1958997,2.2869365,1.8388491,1.9222167
mb-01984,train,1.9822713,2.0924442,1.6127839,1.7443228
mb-09533,train,2.08636,2.0747862,1.7075702,1.6530828
mb-05121,train,1.7558749,1.7455214,1.2787536,1.3021718
mb-06500,train,1.9242792,1.9406488,1.2552725,1.2218478
mb-03276,train,1.8325089,1.7305064,1.4149734,1.340928
mb-00058,train,0.9542425,1.0078915,0.0,-0.1367712
mb-02404,train,1.0,1.0718755,0.60206,0.7391226
mb-08776,train,2.2227166,2.2667637,1.819544,1.879291
mb-08960,train,2.120574,2.1728692,1.7993406,1.8502958
mb-02805,train,2.0374265,2.0778909,1.6334685,1.6525676
mb-10276,train,2.1818435,2.1725173,1.7558749,1.8262527
mb-02778,train,2.029384,2.0868187,1.7075702,1.7213713
mb-06769,train,2.3979402,2.3957264,2.075547,2.070477
mb-09242,train,1.9190781,1.8025918,1.3222193,1.2736388
mb-06480,train,1.8260748,1.7211065,1.3222193,1.231267
mb-09623,train,2.1702616,2.1951632,1.60206,1.5877151
mb-06657,train,2.120574,2.125339,1.60206,1.6111132
mb-04190,train,1.863323,1.9235718,1.5440681,1.5523585
mb-08813,train,1.5185139,1.6251478,1.4149734,1.5208869
mb-02103,train,1.30103,1.3229922,0.90309,0.92745304
mb-04015,train,1.6127838,1.6134127,1.4771212,1.4786171
mb-05173,train,1.6720978,1.6465824,1.50515,1.4697889
mb-10339,train,2.1522884,2.1803925,1.8573325,1.7990336
mb-01501,train,1.897627,1.9107368,1.7160033,1.6164554
mb-10183,train,1.690196,1.6964283,1.3802112,1.3528249
mb-03593,train,1.9395192,1.9630978,1.7403626,1.7324492
mb-10986,train,1.9542425,2.0015192,1.69897,1.7069682
mb-07209,train,1.4149734,1.6620483,1.146128,1.2863529
mb-07522,train,1.2041199,1.2119485,1.0413927,1.0263638
mb-03575,train,2.1731863,2.1705513,1.9637878,1.9114947
mb-09327,train,1.724276,1.5630416,1.1760913,1.0677286
mb-06547,train,1.69897,1.6479061,1.3802112,1.3213326
mb-01696,train,1.7242758,1.7311201,1.4149734,1.4510169
mb-03813,train,1.6127839,1.7041495,1.20412,1.3253227
mb-10020,train,2.4132998,2.3571346,2.1760912,2.1102424
mb-00960,train,2.0606978,2.0778522,1.8573325,1.874569
mb-06842,train,1.748188,1.5910827,1.462398,1.2626827
mb-10698,train,2.3201463,2.3858104,2.0606978,2.0486588
mb-03256,train,2.075547,2.1284127,1.7558749,1.7820234
mb-03284,train,1.7323937,1.7613549,1.230449,1.2720128
mb-01873,train,2.1673174,2.1283138,1.8573325,1.8129895
mb-05261,train,1.7923917,1.717786,1.3802112,1.3136828
mb-09768,train,2.5010593,2.3727174,2.2624512,2.1054711
mb-05263,train,2.2552724,2.208618,1.9822712,1.9198173
mb-03729,train,2.0606978,2.0401566,1.7853298,1.7558416
mb-04785,train,1.9867718,1.9481883,1.6627579,1.6043445
mb-05529,train,2.298853,2.288838,2.0293837,2.0627947
mb-01903,train,2.178977,2.1524096,1.819544,1.8121016
mb-04144,train,2.0374265,1.9958488,1.69897,1.6977526
mb-02149,train,2.3324385,2.3138423,1.770852,1.7358097
mb-06760,train,2.1271048,2.1411965,1.9777236,1.9708968
mb-10561,train,1.4471581,1.3980421,1.2552725,1.0559067
mb-05437,train,2.2855573,2.3060985,1.80618,1.8393304
mb-04953,train,1.5051501,1.5588387,1.4313638,1.4108981
mb-05357,train,2.0934217,2.0613656,1.8692317,1.7338604
mb-00267,train,1.3010299,1.4278568,1.1139433,1.1613139
mb-02821,train,2.2148438,2.2175832,1.8750613,1.9114797
mb-03815,train,1.7403628,1.6908239,1.5563025,1.5680407
mb-00578,train,1.9344984,1.9336176,1.6232493,1.67558
mb-10369,train,1.6232493,1.8564667,1.50515,1.6090941
mb-06998,train,2.20412,2.1669915,1.908485,1.8221146
mb-05753,train,2.2329962,2.1774468,1.7558749,1.8208354
mb-00344,train,2.075547,2.148454,1.770852,1.7857744
mb-04952,train,1.90309,1.8949821,1.7781513,1.7003067
mb-08806,train,1.6334684,1.7478468,1.1139433,1.1927818
mb-01700,train,0.8450981,0.92478794,0.60206,0.60154617
mb-05264,train,2.2576785,2.2287326,1.8976271,1.8502328
mb-04733,train,1.819544,1.8607948,1.5185139,1.5404752
mb-10558,train,1.9912261,1.9805336,1.2552725,1.1988907
mb-01270,train,2.0681858,2.0730174,1.69897,1.7220441
mb-03806,train,1.6720978,1.7941461,1.4771212,1.5315944
mb-06075,train,1.7993406,1.7726603,1.2787536,1.2184236
mb-04924,train,1.6334684,1.5942827,1.0791812,1.0520282
mb-07647,train,1.5563025,1.5739957,1.0,1.0270944
mb-07951,train,1.94939,2.0361543,1.6334685,1.7386003
mb-10696,train,2.08636,2.1052074,1.39794,1.439788
mb-04108,train,2.269513,2.2599328,2.0128372,2.0211043
mb-02147,train,2.1367204,2.2130628,2.1818435,2.1188502
mb-09679,train,1.146128,1.1244385,1.146128,1.1786005
mb-07816,train,2.2833014,2.2065358,1.50515,1.4743037
mb-08860,train,1.60206,1.613538,1.2552725,1.2339393
mb-01705,train,1.7160033,1.7065114,1.4771212,1.5089034
mb-09790,train,2.1846914,2.1661263,1.9444827,1.887872
mb-10676,train,0.0,0.92963123,1.0791812,1.0055268
mb-05265,train,1.4149734,1.3754821,1.1760913,1.1645281
mb-05598,train,2.3926969,2.412929,1.690196,1.7919552
mb-10730,train,1.4471581,1.5555916,0.9542425,1.053872
mb-03333,train,2.3201463,2.3459048,1.9956352,1.9996767
mb-05059,train,2.2648177,2.225721,1.7323937,1.7602901
mb-02405,train,0.30103,0.22520381,0.30103,0.24318957
mb-00489,train,2.2227166,2.1938505,1.9731278,1.8626906
mb-05411,train,2.2764618,2.27972,1.8692317,1.8542206
mb-04906,train,0.90309,0.9457232,0.69897,0.7832096
mb-00083,train,2.2855573,2.197232,1.8129133,1.7751383
mb-01643,train,2.1789768,2.1434317,2.049218,2.036569
mb-04932,train,2.149219,2.205113,2.0,2.0260725
mb-02743,train,0.60206,0.6136434,0.47712126,0.49047947
mb-06440,train,2.1003706,2.0941672,1.6127839,1.5897913
mb-06307,train,2.0128372,2.040721,1.447158,1.4281845
mb-09549,train,1.968483,1.9830159,1.690196,1.7095784
mb-00263,train,1.4313637,1.5074787,1.5314789,1.579152
mb-09856,train,2.0,2.0410218,1.6127839,1.6895887
mb-01650,train,0.9542425,1.0283984,0.69897,0.732626
mb-06004,train,1.8864908,1.9212356,1.4313638,1.4597139
mb-09702,train,1.3802112,1.1736505,1.2787536,1.0827205
mb-06242,train,2.4440448,2.3769462,2.1003706,2.0304828
mb-03338,train,1.5797836,1.5617739,1.3617278,1.303478
mb-07769,train,1.7708521,1.800724,1.3424227,1.3980787
mb-01494,train,1.6127838,1.68387,1.3222193,1.3774073
mb-00820,train,2.0170333,2.0906591,1.7323937,1.7508973
mb-03253,train,1.690196,1.7418882,1.3617278,1.4641733
mb-05163,train,2.2810333,2.2426002,1.8325089,1.8964981
mb-09544,train,1.7781513,1.7731225,1.3424227,1.3069334
mb-06431,train,2.3856063,2.364238,2.0253057,2.0300748
mb-01739,train,1.690196,1.6694611,1.5185139,1.5341285
mb-01783,train,0.69897,0.82578474,0.30103,0.38460743
mb-02246,train,1.9084849,1.9256938,1.4771212,1.4649649
mb-09386,train,1.5797837,1.6615285,1.3424227,1.4316335
mb-01311,train,1.1139433,1.1169252,0.69897,0.6653522
mb-03455,train,2.2741578,2.308933,2.0374265,2.1154802
mb-04169,train,1.9344985,1.850747,1.5563025,1.541678
mb-08805,train,2.283301,2.2521973,1.690196,1.7369001
mb-02943,train,1.7075701,1.7530547,1.1139433,1.1143758
mb-05785,train,2.0334237,1.9270834,1.7323937,1.6358001
mb-07640,train,2.146128,2.1377487,1.8808136,1.9052019
mb-08824,train,2.1702616,2.0914288,1.770852,1.7425216
mb-00833,train,1.8129134,1.8244097,1.2787536,1.3206799
mb-04885,train,1.90309,1.8764343,1.4771212,1.4565907
mb-02775,train,1.8692317,1.8660662,1.4771212,1.4617941
mb-09857,train,1.5314789,1.5454121,1.2787536,1.2960004
mb-09935,train,1.9731278,1.9985251,1.6127839,1.7235826
mb-07779,train,1.5910647,1.5771435,1.4313638,1.4350848
mb-07116,train,0.95424247,0.97705406,0.30103,0.4636246
mb-04066,train,2.456366,2.36251,2.2253094,2.1273117
mb-09187,train,2.1461282,2.1428838,1.8260748,1.826231
mb-00196,train,1.5563025,1.6092932,1.2552725,1.3256421
mb-04103,train,2.1038039,2.2465565,2.1553361,2.1694882
mb-08923,train,1.1139433,1.1142828,0.90309,0.88518316
mb-07681,train,2.143015,2.1311822,1.8633229,1.846354
mb-00186,train,1.6127839,1.6473897,1.30103,1.357795
mb-04224,train,1.8512583,1.9084499,1.5797836,1.6409272
mb-01031,train,2.20412,2.166427,1.763428,1.7506261
mb-10170,train,1.4149734,1.4610404,0.9542425,0.9698586
mb-00884,train,1.9590414,1.9491206,1.690196,1.6980038
mb-04769,train,1.5910647,1.5131061,1.4149734,1.3692064
mb-01320,train,1.8976271,1.8914938,1.5440681,1.515147
mb-10608,train,2.4149733,2.3090978,2.2355285,2.1829078
mb-07259,train,2.1238515,2.1716297,1.770852,1.8184128
mb-00875,train,2.049218,1.9390206,1.8692317,1.7505984
mb-04309,train,2.0530784,2.0314589,1.763428,1.7141294
mb-01954,train,1.146128,1.4069813,0.90309,1.1225436
mb-07512,train,2.2878017,2.2839863,2.1139433,2.0475516
mb-08045,train,2.232996,2.1943672,1.690196,1.7507218
mb-01746,train,1.3222193,1.3588287,0.845098,0.8698259
mb-10268,train,1.9242792,1.9109981,1.447158,1.4429557
mb-09212,train,1.7558749,1.7864887,1.4771212,1.4774985
mb-03891,train,2.2878017,2.3244636,1.8976271,1.9341335
mb-06707,train,1.832509,1.8881161,0.69897,0.69750774
mb-04604,train,2.232996,2.1805873,1.8920946,1.9042836
mb-10041,train,2.1522884,2.1874774,1.9395193,1.8422872
mb-05697,train,2.071882,2.037817,1.6720978,1.6346442
mb-08833,train,2.217484,2.1816952,1.9138138,1.8867472
mb-00149,train,2.2576785,2.1885047,1.9637878,1.8997228
mb-05395,train,1.4913617,1.4949461,1.146128,1.1229916
mb-06422,train,2.4248817,2.313621,1.9294189,1.8776972
mb-06461,train,2.1271048,2.089479,1.9190781,1.8483307
mb-00873,train,1.5051501,1.5471572,1.4313638,1.4182948
mb-08752,train,2.4377506,2.4461656,2.089905,2.1147919
mb-02661,train,1.146128,1.1670829,0.9542425,0.98381656
mb-08568,train,2.139879,2.1127243,1.7323937,1.6828446
mb-07092,train,1.5563025,1.5551934,1.3617278,1.3024906
mb-09958,train,2.3201463,2.286868,1.9542425,1.9236108
mb-04329,train,2.1367207,2.181628,1.908485,1.9464121
mb-08971,train,2.0606978,2.0757725,2.0293837,1.9918355
mb-05532,train,2.2878017,2.2816753,2.0791812,1.9776695
mb-09648,train,1.5314789,1.6373615,0.7781513,0.895515
mb-01074,train,1.8129133,1.9539875,1.7160033,1.748478
mb-08879,train,2.2988532,2.3392246,1.8808136,1.9163398
mb-02102,train,2.269513,2.2571998,1.9590414,1.9297338
mb-02439,train,1.0791813,0.97703195,1.230449,1.110312
mb-05339,train,2.3222194,2.2251847,1.7853298,1.7385364
mb-01244,train,2.3654878,2.3037038,2.0293837,1.9072266
mb-10263,train,2.0934217,2.076127,1.7853298,1.8011603
mb-06001,train,1.9138138,1.9196112,1.4771212,1.4500089
mb-09739,train,2.38739,2.3013258,1.94939,1.9783374
mb-07403,train,2.2718415,2.2475977,2.0934217,2.1206994
mb-05526,train,1.4913617,1.5012763,1.3617278,1.3615128
mb-02495,train,1.3802112,1.3903654,0.69897,0.7214442
mb-06223,train,1.8864907,1.8241297,1.5797836,1.5033649
mb-04343,train,1.9190781,1.8804115,1.4771212,1.4455779
mb-01535,train,2.2764618,2.2845368,2.0170333,1.9875772
mb-00474,train,1.544068,1.5781348,1.0791812,1.0988519
mb-06539,train,1.4913617,1.4116652,1.230449,1.1406571
mb-05979,train,2.1731863,2.1500127,1.8260748,1.7752906
mb-04975,train,1.6720979,1.65698,1.3424227,1.3184508
mb-00509,train,2.139879,2.1500063,1.8692317,1.8789321
mb-07018,train,1.5797837,1.6927371,1.39794,1.2908509
mb-02890,train,2.2479734,2.1863284,1.9242793,1.8881925
mb-08730,train,1.2787536,1.3377781,1.0,1.0781507
mb-03479,train,2.421604,2.3029974,2.2944663,2.2704763
mb-09234,train,2.178977,2.1788821,1.20412,1.3745208
mb-00433,train,1.4471581,1.4472451,1.146128,1.1384306
mb-10013,train,1.9138138,1.8877747,1.447158,1.43028
mb-00694,train,1.3222194,1.3037155,0.9542425,1.0282835
mb-06557,train,1.8260748,1.7874084,1.20412,1.1986219
mb-03053,train,1.4313638,1.4822595,1.230449,1.2175659
mb-01570,train,1.9344984,1.9244171,1.763428,1.7726843
mb-08192,train,1.5440681,1.6543651,1.1139433,1.1908164
mb-05011,train,2.1271048,2.0943751,1.9542425,1.8787471
mb-00938,train,1.5682018,1.564622,1.3424227,1.4352597
mb-01964,train,1.7923917,1.7439286,1.3222193,1.2985955
mb-07699,train,2.269513,2.215427,1.9956352,1.8676708
mb-04410,train,2.3242824,2.3068109,2.30103,2.2247326
mb-00240,train,1.7403626,1.7990851,1.3802112,1.4404527
mb-07386,train,1.1760912,1.2120197,1.0,1.0197781
mb-06778,train,2.033424,2.0387158,0.845098,0.8627206
mb-03565,train,2.1238518,2.1597874,1.819544,1.775864
mb-08933,train,1.6720979,1.6551323,1.39794,1.3634646
mb-08430,train,1.7558749,1.7890384,1.3222193,1.4428067
mb-08572,train,1.819544,1.8886524,1.5440681,1.6929619
mb-02366,train,1.7923917,1.8120053,1.50515,1.5107645
mb-02031,train,1.8388491,1.7966118,1.4913617,1.4214743
mb-09508,train,2.09691,2.111723,1.5185139,1.5410366
mb-05032,train,2.1105897,2.0721285,1.9242793,1.9052074
mb-04749,train,1.447158,1.4803672,1.0791812,1.1088582
mb-03885,train,2.045323,2.0563962,1.60206,1.6170555
mb-03977,train,1.7853299,1.8175608,1.6334685,1.6406364
mb-06377,train,2.2966652,2.2517354,1.7853298,1.8121827
mb-05840,train,2.326336,2.2659245,1.968483,1.8906518
mb-01616,train,1.9731278,1.9470369,1.50515,1.5123647
mb-00053,train,1.9242793,1.9911529,1.7075702,1.7227271
mb-07131,train,1.7558749,1.6947228,1.4149734,1.415505
mb-04354,train,1.7853298,1.807881,1.50515,1.5476731
mb-06684,train,2.2878017,2.2399437,1.9138138,1.9769754
mb-04448,train,2.178977,2.1580544,1.690196,1.7463477
mb-01870,train,1.462398,1.6010752,1.146128,1.2432892
mb-07303,train,2.0569048,2.1022072,1.80618,1.8396524
mb-01896,train,1.3617278,1.3804177,1.0413927,1.0934399
mb-06205,train,1.7242758,1.7477455,1.0413927,1.1125935
mb-03915,train,1.8864907,1.8690538,1.6720978,1.6834002
mb-00356,train,1.5682018,1.6358973,1.20412,1.2500536
mb-10810,train,2.4857216,2.36584,2.2764618,2.1238294
mb-03400,train,1.9242792,1.8568484,1.5185139,1.4936546
mb-04783,train,2.0211892,1.9504123,1.69897,1.6799619
mb-09589,train,1.3424227,1.379522,1.0413927,1.0917296
mb-05956,train,2.378398,2.403028,1.9542425,2.0720837
mb-08495,train,2.340444,2.357786,1.9542425,2.0640013
mb-03366,train,2.0492182,2.068718,1.6334685,1.6531186
mb-06455,train,1.7403628,1.6882659,1.3424227,1.351294
mb-09917,train,2.2988532,2.3448763,1.9444827,1.9968381
mb-06601,train,1.7708521,1.8419075,1.4913617,1.5408154
mb-05695,train,2.161368,2.1731877,1.4771212,1.5036992
mb-06607,train,1.4771214,1.5253427,1.20412,1.281324
mb-07637,train,2.1702616,2.1824632,1.8388491,1.802459
mb-09835,train,2.1702619,2.2275672,1.20412,1.250208
mb-03197,train,1.9912262,2.00438,1.4313638,1.413358
mb-09387,train,2.1238515,2.094092,1.9294189,1.8351889
mb-00868,train,1.8750613,1.8023592,1.6812413,1.6377128
mb-08364,train,1.20412,1.0893385,0.9542425,0.8445319
mb-00129,train,2.2787535,2.3175461,1.9956352,2.0701747
mb-07053,train,2.1583626,2.219912,1.908485,1.8891603
mb-09654,train,1.20412,1.2560003,0.7781513,0.8500715
mb-02088,train,1.3802112,1.4682806,0.9542425,1.0666326
mb-09782,train,1.6812413,1.664264,1.1139433,1.0764917
mb-04568,train,1.8976271,1.8765924,1.4771212,1.5083364
mb-03484,train,1.6334684,1.6732994,1.4771212,1.5122101
mb-08075,train,1.7781513,1.7307329,1.5797836,1.5731512
mb-09443,train,1.8450981,1.915839,1.6334685,1.6479962
mb-03658,train,1.6627579,1.602996,1.5563025,1.4374857
mb-00465,train,2.25042,2.1924798,1.8976271,1.7516258
mb-04663,train,2.029384,2.0199308,1.6334685,1.6934481
mb-06582,train,2.0128372,1.9539382,1.7558749,1.7171366
mb-02013,train,2.2430382,2.249238,1.9190781,1.8768804
mb-10567,train,2.25042,2.309242,1.8808136,1.9446276
mb-09082,train,2.252853,2.2433515,1.8920946,1.89809
mb-01336,train,0.90309,0.8662572,0.60206,0.5378356
mb-03866,train,2.220108,2.209374,1.5797836,1.5813688
mb-01851,train,2.09691,2.1158657,1.6627579,1.733268
mb-04747,train,2.3783977,2.4205084,2.1172712,2.0910099
mb-10952,train,1.0,1.0479461,0.47712126,0.52922964
mb-00065,train,2.283301,2.1870112,1.845098,1.7931175
mb-04536,train,2.0334237,2.018147,1.8692317,1.8087865
mb-06282,train,1.6627579,1.7369479,1.462398,1.543709
mb-09265,train,1.7242758,1.6899289,1.3802112,1.3467088
mb-06175,train,1.8129134,1.8397865,1.2787536,1.3069432
mb-08856,train,2.133539,2.1043863,1.690196,1.6071868
mb-07882,train,2.0043213,2.0644062,1.770852,1.8567413
mb-10272,train,2.0,2.1586564,1.6434526,1.7509167
mb-03721,train,1.845098,1.8213747,1.6627579,1.6452017
mb-10981,train,1.8512583,1.8664842,1.6720978,1.7355151
mb-03980,train,1.230449,1.2838855,0.7781513,0.8120065
mb-04933,train,2.4927604,2.3682714,2.220108,2.1092272
mb-02629,train,2.3096302,2.2669687,2.0681858,2.0522857
mb-08156,train,1.7558749,1.7877209,1.462398,1.4760543
mb-06011,train,1.9493899,1.920802,1.3802112,1.423208
mb-05737,train,1.763428,1.8287622,1.0413927,1.1194139
mb-10039,train,1.5797836,1.6638515,1.1139433,1.193026
mb-02021,train,1.5797837,1.6158948,1.39794,1.3215842
mb-10514,train,2.198657,2.1506813,1.6627579,1.7902215
mb-10706,train,2.0086002,2.0635448,1.5797836,1.6524554
mb-08603,train,2.2900345,2.1956456,2.0827854,1.9929664
mb-06747,train,1.5563025,1.4463711,1.230449,1.1053655
mb-05259,train,2.0827854,2.1098354,1.4149734,1.4669219
mb-01557,train,2.220108,2.2317786,1.9344984,1.9291339
mb-02318,train,1.5682018,1.565602,1.2552725,1.2308484
mb-06382,train,1.80618,1.784954,1.2787536,1.3028079
mb-08550,train,1.9912261,2.0693178,1.6812413,1.776596
mb-10412,train,1.2787536,1.2994015,0.9542425,0.9871486
mb-09754,train,2.2648177,2.2031307,1.7923917,1.7948738
mb-10900,train,0.845098,0.83459854,0.69897,0.706706
mb-08326,train,1.3802112,1.5376688,1.3802112,1.423198
mb-10224,train,2.1846914,2.201073,1.6127839,1.6363866
mb-01143,train,0.60206,0.61898696,0.30103,0.3050313
mb-04730,train,0.7781513,0.8892519,0.7781513,0.84926665
mb-09966,train,1.6434526,1.6183112,1.230449,1.2330335
mb-01471,train,1.20412,1.1932664,0.9542425,0.90668
mb-03544,train,1.7993406,1.7933731,1.6334685,1.6168458
mb-00421,train,2.20412,2.1497283,1.8633229,1.8808689
mb-05308,train,2.220108,2.1990845,1.908485,1.8872703
mb-02001,train,2.164353,2.1551125,1.8920946,1.7819852
mb-05275,train,2.2878017,2.3454757,2.0293837,2.0378535
mb-03820,train,1.9242792,1.8307918,1.5314789,1.4588865
mb-04661,train,1.9294189,1.9759855,1.7853298,1.787543
mb-01110,train,1.8808136,1.833304,1.763428,1.6822172
mb-00807,train,2.2900345,2.3068016,2.2355285,2.2183821
mb-01701,train,2.0,2.0232253,1.5314789,1.5113969
mb-03910,train,2.049218,1.9637048,1.7558749,1.7185973
mb-09929,train,1.845098,1.8069658,1.50515,1.5017053
mb-00156,train,1.6532125,1.7135167,1.30103,1.4075396
mb-09665,train,1.9867718,2.175755,1.6334685,1.8229082
mb-06096,train,2.2405493,2.2838132,1.8920946,1.8936843
mb-07456,train,2.155336,2.2328901,2.045323,2.1156526
mb-03567,train,2.0334237,2.071448,1.6720978,1.6792052
mb-03869,train,1.9190781,1.9337167,1.748188,1.7593682
mb-09075,train,2.2648177,2.2295237,1.7853298,1.7887447
mb-02213,train,1.230449,1.3016958,0.7781513,0.8075458
mb-04862,train,2.0530784,2.0661955,1.690196,1.7575591
mb-03473,train,1.8388491,1.8103502,1.7323937,1.6432475
mb-05481,train,1.7993406,1.9007109,1.5682018,1.6923352
mb-01210,train,2.0791812,2.135066,1.8325089,1.932935
mb-03896,train,1.6627579,1.6398627,1.20412,1.3374499
mb-00724,train,2.1003704,2.083693,1.7853298,1.8239332
mb-10798,train,1.5797837,2.2401843,1.9190781,1.9704766
mb-01190,train,2.2718415,2.1540024,2.0293837,1.8784825
mb-08530,train,1.7075702,1.8156419,1.5185139,1.631823
mb-00273,train,1.9637878,1.8860847,1.6532125,1.5894717
mb-06424,train,2.0128372,1.9746506,1.6532125,1.5933999
mb-07754,train,2.1846914,2.1453397,1.7403626,1.7671028
mb-02860,train,2.2405493,2.0184703,1.968483,1.8007075
mb-06380,train,2.1398792,2.10228,1.7075702,1.600661
mb-03011,train,2.0170333,2.064727,1.447158,1.4867715
mb-05372,train,1.4149734,1.4966835,1.20412,1.242874
mb-05974,train,1.8129133,1.8423097,1.50515,1.5890763
mb-01961,train,1.7160034,1.7863938,1.5563025,1.5285075
mb-08640,train,1.5910647,1.5445235,1.20412,1.1691611
mb-01983,train,2.0,2.0235214,1.9294189,1.93557
mb-02075,train,1.7853298,1.7890863,1.50515,1.4838595
mb-07331,train,1.4313638,1.4526974,1.230449,1.2155173
mb-08720,train,2.075547,2.044608,1.20412,1.2026137
mb-05282,train,1.9542425,1.8712239,1.6232493,1.606784
mb-09559,train,0.7781513,1.0708382,1.0,1.0286508
mb-07644,train,1.9822712,2.1206455,1.4771212,1.5781815
mb-08655,train,2.2718415,2.3027422,1.8573325,1.9735763
mb-09720,train,1.7075702,1.6288533,1.4313638,1.4777452
mb-09753,train,1.0,1.2587117,0.60206,0.8249652
mb-02364,train,1.7853299,1.7392778,1.6127839,1.5798602
mb-04418,train,1.9138138,1.870616,1.5797836,1.53225
mb-05145,train,2.3159704,2.270301,1.9822712,1.912289
mb-08354,train,1.6812413,1.6356732,1.4913617,1.4440986
mb-04886,train,1.518514,1.527252,1.462398,1.4083483
mb-03524,train,1.8750613,1.8071289,1.60206,1.5344609
mb-10108,train,1.6020601,1.6823115,1.2787536,1.1845566
mb-05385,train,1.724276,1.7418443,1.30103,1.3330028
mb-04918,train,1.6127839,1.5904171,1.3617278,1.45709
mb-10546,train,1.9637878,1.8390208,1.7853298,1.6250076
mb-03421,train,1.4771214,1.4717233,1.30103,1.321573
mb-06845,train,1.4771212,1.5452087,1.3222193,1.4402722
mb-08697,train,1.6020601,1.7393687,1.146128,1.2513157
mb-08744,train,1.3979399,1.5162815,1.1139433,1.1974552
mb-02840,train,1.8976271,1.8696659,1.4149734,1.40145
mb-00112,train,1.230449,1.2967379,0.845098,0.88139206
mb-09897,train,2.1003706,2.144162,1.462398,1.470187
mb-06194,train,1.7923918,1.7085617,1.20412,1.1498125
mb-09791,train,1.6532125,1.7739102,1.5440681,1.5930774
mb-00648,train,1.3424227,1.4050077,1.1139433,1.1598563
mb-02225,train,1.7781513,1.7460573,1.30103,1.284772
mb-09919,train,1.748188,1.8592205,1.5910646,1.6514719
mb-00678,train,1.146128,1.1781101,0.9542425,0.9423552
mb-02280,train,1.4471581,1.3924093,1.30103,1.2850716
mb-06739,train,1.7323937,1.681463,1.4913617,1.4690474
mb-00134,train,2.2787535,2.2747834,1.90309,1.8546342
mb-02338,train,1.845098,1.7832153,1.5185139,1.5141504
mb-02372,train,1.544068,1.5278528,1.0791812,1.0507102
mb-09669,train,2.139879,2.151312,1.7923917,1.8415425
mb-00969,train,1.4913616,1.4437405,1.3222193,1.3090076
mb-09396,train,2.232996,2.1973462,1.9590414,1.9585795
mb-03880,train,2.0253057,2.0142622,1.8692317,1.8083162
mb-10757,train,1.9542425,1.8249195,1.4771212,1.4114132
mb-07766,train,1.968483,2.0717175,0.845098,0.9300584
mb-04086,train,1.3979399,1.3801414,1.0791812,1.0318084
mb-01111,train,1.531479,1.5660712,1.230449,1.2227539
mb-07195,train,1.724276,1.7335483,1.2787536,1.2586588
mb-02409,train,2.1172714,2.0187123,1.7781513,1.684499
mb-08059,train,2.1271048,2.2236679,1.6334685,1.738514
mb-00416,train,1.9084849,1.8872557,1.69897,1.6268852
mb-07895,train,2.0569048,2.038081,1.7923917,1.8298504
mb-02459,train,2.0,1.979528,1.7403626,1.644073
mb-02655,train,2.1139433,2.126116,1.690196,1.7072443
mb-03737,train,1.3222194,1.4352837,1.30103,1.3116596
mb-09810,train,2.0492182,2.0071862,1.7781513,1.7802511
mb-04115,train,2.0413926,1.8951145,1.7403626,1.6125784
mb-06523,train,2.2121878,2.1762543,1.4149734,1.381715
mb-01944,train,1.9444827,1.9390256,1.8388491,1.7913527
mb-10639,train,2.2148438,2.2228508,1.5185139,1.4839005
mb-08361,train,1.462398,1.4161992,1.20412,1.1769166
mb-02919,train,2.1461282,2.1522946,1.6532125,1.6689789
mb-02526,train,2.2121875,2.1907067,1.845098,1.8539741
mb-02836,train,1.50515,1.5411279,1.0,1.0514758
mb-05457,train,1.9590414,1.9712368,1.60206,1.5924424
mb-04137,train,2.120574,2.0736783,1.7853298,1.7516011
mb-10754,train,2.2810333,2.2912,2.071882,2.17209
mb-06243,train,1.863323,1.8483126,1.230449,1.244995
mb-01669,train,1.146128,1.245433,1.0,1.0448934
mb-07475,train,2.1303337,2.0344224,1.690196,1.6410644
mb-00044,train,2.133539,2.0472317,1.7993406,1.6698059
mb-00887,train,2.369216,2.2876313,1.7853298,1.8140007
mb-04113,train,2.209515,2.18772,1.8573325,1.8395097
mb-04439,train,1.8325089,1.694773,1.6532125,1.537453
mb-08566,train,1.9190781,1.5661489,1.5185139,1.2292571
mb-03928,train,1.8325089,1.8201321,1.50515,1.5136584
mb-06369,train,1.690196,1.7257996,0.845098,0.95761204
mb-02845,train,2.2121878,2.2220035,2.209515,2.1664538
mb-00316,train,2.0791812,2.0458536,1.748188,1.7965682
mb-08283,train,1.146128,1.182673,0.845098,0.8706729
mb-08270,train,0.90309,0.9670578,0.60206,0.70971674
mb-10509,train,2.1172712,2.3123772,2.0827854,1.9804058
mb-03349,train,2.149219,2.1739368,1.6627579,1.6281211
mb-01506,train,1.9590414,1.9532284,1.6232493,1.6235507
mb-09022,train,2.4265113,2.3987532,2.0827854,2.07293
mb-04717,train,1.1139433,1.234963,0.7781513,0.95226455
mb-03852,train,2.1367207,2.1030164,1.9190781,1.9049451
mb-00746,train,2.1303337,2.157927,1.9637878,1.9896228
mb-06177,train,1.7853298,1.7884806,1.2787536,1.2903291
mb-04960,train,2.371068,2.3060756,1.9242793,1.8033305
mb-00157,train,1.3802112,1.3554832,1.230449,1.2016572
mb-06572,train,2.2787538,2.3318138,1.8976271,1.9885212
mb-00431,train,1.3424227,1.347943,1.0,1.0413249
mb-00847,train,2.09691,2.1316867,1.690196,1.6676373
mb-01434,train,1.8808136,1.8443557,1.146128,1.1824726
mb-09730,train,2.2741578,2.2478049,1.8573325,1.8661505
mb-03543,train,2.1613681,2.1197524,1.968483,1.8614204
mb-00047,train,2.2718415,2.265481,1.9444827,1.9516834
mb-09625,train,1.690196,1.7880138,1.50515,1.5512294
mb-07120,train,1.8388491,1.819722,1.5185139,1.5121018
mb-00319,train,1.4149734,1.388434,1.0,0.94862425
mb-02823,train,2.3324385,2.2707202,1.908485,1.9070885
mb-09552,train,2.230449,2.2654586,1.6812413,1.7287409
mb-04104,train,1.4149734,1.3810267,1.1139433,1.1068527
mb-03647,train,2.0,1.8821281,1.2552725,1.1821862
mb-05599,train,2.4031205,2.4817755,2.161368,2.1547246
mb-04238,train,2.0413926,2.1568744,1.8864907,1.9966322
mb-02314,train,2.220108,2.274992,1.9956352,1.9974835
mb-09641,train,1.7993406,1.7635572,1.20412,1.2041235
mb-00611,train,2.075547,2.1024456,1.8512584,1.9086037
mb-06702,train,1.7558749,1.751305,1.0791812,1.1176815
mb-05316,train,2.025306,2.0941446,1.90309,1.9089587
mb-08460,train,0.845098,0.89578414,0.47712126,0.5743514
mb-00434,train,1.3617278,1.3621678,1.146128,1.1678522
mb-03552,train,2.0086002,2.0065398,1.770852,1.7882057
mb-03614,train,2.064458,2.0316484,1.770852,1.7367615
mb-00745,train,1.39794,1.447222,1.0,1.1179204
mb-10702,train,1.9542426,1.9323372,1.6532125,1.531948
mb-06757,train,1.8512583,1.8337171,1.50515,1.5107285
mb-07146,train,1.6334685,1.6403022,1.39794,1.3416435
mb-07396,train,1.3222194,1.3189424,0.9542425,0.95005363
mb-01282,train,0.47712126,0.61627287,0.0,-0.0070774555
mb-08432,train,2.2552724,2.2541268,1.9138138,1.8484584
mb-10578,train,1.4913617,1.4880142,1.0,1.044594
mb-08136,train,2.155336,2.16218,1.8864907,1.8491105
mb-07076,train,2.2227166,2.182294,1.968483,1.9424367
mb-10790,train,2.0128372,1.9769139,1.5185139,1.5500044
mb-08975,train,1.6232493,1.581179,1.3222193,1.2643906
mb-06020,train,1.5682017,1.5459381,1.3222193,1.2885032
mb-09661,train,1.8325089,1.7162648,1.5314789,1.2972435
mb-00259,train,1.9777236,2.0055203,1.7242758,1.7571199
mb-06499,train,1.7853298,1.7101271,1.60206,1.5673648
mb-01879,train,1.7558749,1.7826282,1.3617278,1.399004
mb-09159,train,1.8512584,1.974043,1.4313638,1.6635649
mb-07944,train,2.0334237,2.1526368,1.5797836,1.6988481
mb-08425,train,1.9731278,2.0584176,1.5797836,1.6446961
mb-10596,train,1.5910647,1.6469029,1.1760913,1.2245612
mb-08166,train,2.0128374,1.877058,1.4913617,1.3745388
mb-02864,train,1.7993406,1.7878045,1.5682018,1.5787613
mb-09532,train,1.90309,1.8271029,0.69897,0.624721
mb-01836,train,1.447158,1.3308259,1.1139433,1.0582166
mb-07223,train,1.7558749,1.7833381,1.3424227,1.3150799
mb-03261,train,2.149219,2.0928226,1.763428,1.7451814
mb-04074,train,1.5563025,1.5755905,1.3617278,1.3807845
mb-04992,train,2.1003706,2.0444736,1.9190781,1.8569493
mb-02436,train,1.9190781,1.9081577,1.6127839,1.6354489
mb-10956,train,2.1673174,2.25598,1.7160033,1.8198576
mb-07706,train,1.8750613,1.8220958,1.5185139,1.4658568
mb-03952,train,1.9190781,1.9172091,1.3802112,1.4322867
mb-01889,train,2.143015,2.1723225,2.0170333,2.048874
mb-07207,train,2.1875207,2.1210916,1.94939,1.9077181
mb-02146,train,1.6127839,1.6677983,1.30103,1.3461058
mb-06995,train,1.8864908,1.9423668,1.5682018,1.5600041
mb-08153,train,1.7923918,1.8112969,1.4149734,1.4967448
mb-05918,train,1.7403626,1.6165042,1.50515,1.319692
mb-06686,train,1.0413927,1.0030564,0.90309,0.89252913
mb-04004,train,1.7558749,1.7445139,1.5797836,1.5982419
mb-04275,train,1.7403628,1.7378328,1.20412,1.1972489
mb-04678,train,2.4517865,2.498369,2.120574,2.1722298
mb-00964,train,2.2810335,2.2464657,2.1522884,2.0627823
mb-01655,train,1.230449,1.1297133,1.0,0.9427832
mb-10707,train,2.1731863,2.073708,1.7403626,1.6142232
mb-06518,train,2.292256,2.3041034,1.9444827,1.9378008
mb-01133,train,1.462398,1.3020512,1.0,0.89055777
mb-05094,train,2.0086002,1.9451525,1.50515,1.4403017
mb-06825,train,2.2648177,2.252736,1.9637878,1.9385531
mb-05875,train,2.1583624,2.126755,1.69897,1.6985445
mb-04575,train,0.9542425,0.9773735,0.69897,0.703505
mb-09148,train,2.217484,2.2070918,1.7923917,1.8375204
mb-07853,train,1.0791812,1.0554497,0.69897,0.77621067
mb-05502,train,1.9777236,1.8625188,1.6812413,1.5669954
mb-05682,train,2.3838153,2.2492218,1.7853298,1.7455801
mb-08419,train,1.6127839,1.5906389,1.3802112,1.3473697
mb-02012,train,2.2624512,2.2629209,1.9294189,1.8995535
mb-05506,train,1.3222193,1.2872312,1.0413927,1.0016787
mb-04248,train,1.7323937,1.74119,1.5910646,1.5829743
mb-02781,train,2.060698,2.0896335,1.5440681,1.5587431
mb-04102,train,2.25042,2.2634053,2.0934217,2.1270878
mb-10853,train,1.8129134,1.8085622,1.4913617,1.4917328
mb-04718,train,1.7853299,1.8099871,1.5440681,1.5712991
mb-01526,train,2.0413928,2.0240958,1.8512584,1.8596829
mb-04520,train,2.025306,1.9135927,1.6532125,1.5176613
mb-05060,train,1.7323937,1.734009,1.2552725,1.2927988
mb-00906,train,2.2966652,2.3294063,2.045323,2.1089523
mb-00857,train,1.3222194,1.2557912,1.146128,1.1018618
mb-07038,train,1.9190781,1.9497259,1.6434526,1.721404
mb-10167,train,1.9956352,1.8641902,1.50515,1.3984935
mb-07731,train,1.8692317,1.9177561,1.5314789,1.6136374
mb-07463,train,1.8573325,1.6641533,1.5910646,1.3548753
mb-02874,train,2.0334237,2.0726788,1.6720978,1.792421
mb-07552,train,1.9956352,2.0353005,1.50515,1.4904757
mb-10874,train,1.7708521,1.6087589,1.4313638,1.2665839
mb-02682,train,1.819544,1.7899334,1.4313638,1.4131366
mb-07836,train,1.69897,1.7213385,1.3617278,1.373816
mb-09627,train,1.2552725,1.3148541,0.90309,0.9398659
mb-04562,train,1.845098,1.859625,1.6232493,1.6274151
mb-04204,train,2.232996,2.2527049,2.049218,2.024573
mb-10814,train,0.69897,0.5128535,0.69897,0.50413895
mb-03118,train,1.690196,1.5986049,1.3617278,1.187307
mb-04384,train,2.346353,2.354601,2.0413928,2.0077987
mb-06041,train,1.5314789,1.4966078,1.0413927,1.0417973
mb-10386,train,2.4183013,2.401899,2.1522884,2.0742035
mb-10776,train,1.8512584,1.8032061,1.2787536,1.2792411
mb-05620,train,1.146128,1.2105765,0.90309,0.91826224
mb-10154,train,2.064458,2.1495476,1.50515,1.5245838
mb-04771,train,2.3180633,2.2482095,2.0606978,2.011796
mb-02173,train,1.6434528,1.6096556,1.462398,1.4389899
mb-03428,train,2.1398792,2.1726642,1.7075702,1.7229546
mb-02651,train,1.8573325,1.8815101,1.6812413,1.6834354
mb-07078,train,1.8864907,1.8770348,1.5185139,1.5168966
mb-09738,train,2.1139433,2.0984447,1.7160033,1.779816
mb-00270,train,1.7323937,1.7464122,1.39794,1.4517273
mb-00248,train,1.929419,1.9024258,1.4913617,1.4619632
mb-02700,train,1.7923918,1.8443362,1.4313638,1.5507808
mb-07362,train,1.9444827,1.9715438,1.6532125,1.6557803
mb-01713,train,2.5453072,2.5534801,2.2855573,2.2287903
mb-09034,train,1.6232493,1.6241407,1.230449,1.3340425
mb-06109,train,2.0086002,2.0311186,1.6232493,1.6183456
mb-07524,train,2.2095149,2.2315342,1.8129133,1.8328981
mb-03196,train,1.845098,1.8584582,1.146128,1.156533
mb-02506,train,2.08636,2.082013,1.9395193,1.9663256
mb-08088,train,0.90309,0.8939594,0.47712126,0.55203843
mb-08034,train,1.9444827,1.9452276,1.1139433,1.1403712
mb-08431,train,1.7993405,1.8362463,1.5314789,1.6316769
mb-00308,train,1.7993406,1.7716116,1.6532125,1.6350079
mb-05397,train,2.1003706,2.1134071,1.9294189,1.831494
mb-07768,train,1.3222194,1.2822638,0.7781513,0.79291964
mb-08871,train,1.4771212,1.749368,1.4149734,1.4406288
mb-07931,train,1.8573325,1.7371825,1.146128,1.0717905
mb-06472,train,2.1818435,2.222771,1.9731278,1.9484707
mb-02912,train,1.8195438,1.7551389,1.447158,1.435344
mb-08536,train,2.1038036,2.0864332,1.8260748,1.7907733
mb-07897,train,1.4149734,1.4048274,1.146128,1.2150732
mb-00528,train,2.2741578,2.2458663,1.9444827,1.9105453
mb-01703,train,2.1875207,2.1766498,2.0,1.9274762
mb-02795,train,2.1172712,2.145115,1.7923917,1.8911846
mb-07497,train,1.80618,1.8333088,1.6434526,1.647188
mb-06426,train,1.6532125,1.6265619,1.3424227,1.355362
mb-08931,train,2.0293837,2.0222082,1.6720978,1.6657103
mb-07850,train,1.9956353,2.0209992,1.6627579,1.668729
mb-05080,train,2.2900345,2.3237011,1.9777236,2.0101533
mb-09228,train,1.4913617,1.5089384,1.146128,1.239125
mb-03207,train,2.1038036,2.1707647,1.6720978,1.7118691
mb-05279,train,2.1522884,2.0848198,1.7323937,1.7390131
mb-02801,train,2.2405493,2.2538903,1.8864907,1.9298108
mb-03602,train,2.3201463,2.3127508,2.1958997,2.2303615
mb-09798,train,2.25042,2.2717795,1.94939,1.958226
mb-06750,train,1.30103,1.222923,1.39794,1.310571
mb-05277,train,1.7993406,1.8035768,1.6127839,1.5730501
mb-07798,train,2.38739,2.3805509,2.1139433,2.0872436
mb-06425,train,1.6020601,1.5180393,0.30103,0.20002282
mb-08851,train,1.9777236,1.9427242,1.7242758,1.7240226
mb-04900,train,2.3201463,2.2275746,1.968483,1.922842
mb-07801,train,1.4313638,1.3533777,1.30103,1.2082686
mb-07485,train,1.7323937,1.6935524,1.4913617,1.4481629
mb-06916,train,1.90309,1.896704,1.7242758,1.702467
mb-03328,train,2.1038036,2.0909655,1.690196,1.6994308
mb-07487,train,1.6532125,1.7133214,1.5563025,1.5791157
mb-05874,train,2.0086002,1.9483914,1.4149734,1.2990246
mb-04029,train,2.409933,2.4531977,2.1958997,2.1257958
mb-08748,train,2.274158,2.1909888,1.8260748,1.863591
mb-07871,train,1.3424227,1.1799357,1.230449,1.0363767
mb-02104,train,1.361728,1.5281093,1.1760913,1.3117687
mb-09804,train,2.1003704,2.1195147,1.770852,1.8487267
mb-06759,train,1.845098,1.8546535,1.5563025,1.5533607
mb-03408,train,1.94939,1.967585,1.6127839,1.5514532
mb-08022,train,2.143015,2.1492035,2.071882,2.0791225
mb-06195,train,2.2253094,2.1601205,1.6532125,1.6022234
mb-08076,train,1.90309,1.9086279,1.7075702,1.702157
mb-10520,train,1.39794,1.6754051,1.20412,1.4268728
mb-09699,train,2.133539,2.1388566,1.9444827,1.9756445
mb-03403,train,1.7708521,1.7553467,1.5440681,1.4752591
mb-07579,train,2.25042,2.2268567,1.9444827,1.8453892
mb-06234,train,2.3096302,2.2855287,1.9637878,1.8933309
mb-03270,train,2.2600713,2.2457356,2.09691,1.9978375
mb-06165,train,1.763428,1.8154956,1.2787536,1.3282322
mb-06419,train,1.3424227,1.3801914,1.2787536,1.2565551
mb-03429,train,1.8920946,1.8173025,1.7323937,1.6469301
mb-10974,train,1.7323937,1.7142019,1.2552725,1.2459613
mb-00720,train,2.0,1.9193872,1.7242758,1.6439387
mb-08904,train,0.69897,0.7970684,0.47712126,0.5287658
mb-02413,train,1.7558749,1.7605357,1.50515,1.4945308
mb-01677,train,1.6627579,1.755804,1.2787536,1.3630702
mb-01156,train,1.9294189,1.8562043,1.6434526,1.5313922
mb-08889,train,2.356026,2.28706,1.9294189,1.9616973
mb-05930,train,1.9731278,1.9898387,1.5563025,1.5787296
mb-10859,train,2.5010593,2.31694,2.1139433,2.0086834
mb-06967,train,2.025306,2.015711,1.7993406,1.7070519
mb-04209,train,1.90309,2.1190927,1.6434526,1.848315
mb-00603,train,1.5797837,1.6004518,1.3424227,1.4581416
mb-10907,train,2.3838153,2.2357078,1.8808136,1.835563
mb-02138,train,1.763428,1.7909136,1.39794,1.4423336
mb-01112,train,2.1731863,2.1423442,1.8129133,1.8423398
mb-03608,train,2.4132998,2.36745,2.1139433,2.0563772
mb-04594,train,1.9444827,2.1178544,1.5440681,1.7536497
mb-01127,train,1.9190781,1.8979095,1.5185139,1.5393406
mb-09772,train,2.0043213,1.9913032,1.5314789,1.5886904
mb-08108,train,2.0128372,2.0315733,1.60206,1.5794208
mb-04457,train,2.0791812,2.0659437,1.6812413,1.7266672
mb-07782,train,1.9242793,2.0132012,1.6627579,1.7320746
mb-02018,train,2.39794,2.3684812,2.0,2.0333936
mb-01339,train,1.6434526,1.553856,1.4149734,1.3144584
mb-10301,train,1.4771212,1.5647635,1.3802112,1.394793
mb-05970,train,2.178977,2.2328773,1.7923917,1.8667495
mb-08116,train,1.8750613,1.8476944,1.4913617,1.4162477
mb-03768,train,2.029384,1.9973837,1.7075702,1.6742476
mb-10529,train,2.1673174,2.1795123,1.3222193,1.351097
mb-07243,train,1.7403626,1.7489852,1.1139433,1.120927
mb-09186,train,1.8512583,1.8283906,1.5185139,1.5529361
mb-03469,train,2.3483047,2.3357933,2.0606978,1.9878317
mb-08578,train,1.6127839,1.6131662,1.3424227,1.3249447
mb-01374,train,1.5797836,1.4064233,1.5910646,1.3176029
mb-08011,train,1.6989701,1.7096674,1.4313638,1.4528825
mb-08051,train,1.6020601,1.7275058,1.146128,1.3096554
mb-08450,train,2.292256,2.1958163,2.1846914,2.0686176
mb-03039,train,1.748188,1.8348697,1.0413927,1.1154728
mb-04314,train,1.5910646,1.6270521,1.2552725,1.2853469
mb-08280,train,1.929419,1.9468019,1.6627579,1.7010858
mb-04816,train,0.0,0.04537201,0.0,0.036030054
mb-08246,train,2.363612,2.3642695,2.045323,2.0248687
mb-02515,train,2.164353,2.1610723,2.0530784,2.057351
mb-08725,train,1.5051501,1.3650179,1.30103,1.1345571
mb-01139,train,1.7323937,1.7564363,1.4771212,1.3763678
mb-01777,train,2.1583624,2.1667192,1.8976271,1.9179223
mb-05152,train,2.4014006,2.3406568,1.968483,1.99389
mb-05573,train,2.0863597,2.1309896,2.20412,2.0243258
mb-08995,train,1.763428,1.9494485,1.7160033,1.7637537
mb-06636,train,2.2430382,2.308468,2.1673174,2.1752574
mb-07847,train,2.0413926,1.76844,1.60206,1.4165508
mb-08897,train,1.5440681,1.5421472,1.2552725,1.2860751
mb-06427,train,2.5575073,2.5001762,2.2966652,2.1739142
mb-08139,train,2.3944516,2.40617,2.0211892,2.0806718
mb-02854,train,2.1105897,2.0964615,1.7781513,1.6396326
mb-03422,train,1.9493899,2.0317163,1.2552725,1.3477088
mb-02168,train,2.071882,2.0963202,1.8129133,1.8329947
mb-03176,train,1.8388491,1.7671995,1.6720978,1.6124178
mb-03096,train,2.3159704,2.3300388,1.8573325,1.9330822
mb-04814,train,1.2552725,1.3042367,1.1760913,1.1964188
mb-04382,train,1.6627578,1.6633104,1.5910646,1.5355506
mb-02513,train,1.7853298,1.7933685,1.3424227,1.3972068
mb-04934,train,2.1931248,2.191488,1.8512584,1.8740005
mb-02928,train,1.20412,1.2661836,0.90309,0.9391095
mb-00019,train,1.0413927,1.0521723,0.69897,0.71890736
mb-03105,train,2.1038036,2.15863,1.8573325,1.9031808
mb-08402,train,2.2878017,2.2346563,2.1303337,2.0197742
mb-00751,train,2.071882,2.0949752,1.9294189,1.8534007
mb-02391,train,2.0253057,2.024117,1.748188,1.7539556
mb-05687,train,2.0934217,2.1483812,1.5440681,1.6218011
mb-09419,train,2.2966652,2.2894762,1.7403626,1.7036699
mb-06839,train,1.5314789,1.60124,1.3222193,1.3517265
mb-02238,train,1.770852,1.7516248,1.4771212,1.4864129
mb-08771,train,2.1172714,2.1556778,1.6627579,1.6978084
mb-04756,train,2.2479732,2.1996598,1.7923917,1.7588899
mb-06662,train,2.0374265,2.1220474,1.4913617,1.5478125
mb-05426,train,1.8692317,1.8426502,1.447158,1.3943046
mb-08628,train,1.7160034,1.8439425,1.5563025,1.6672071
mb-05267,train,1.8129134,1.8585488,1.30103,1.343499
mb-05869,train,1.968483,1.9742094,1.4149734,1.4356698
mb-08574,train,2.045323,2.0504599,1.8692317,1.8903852
mb-08994,train,2.149219,2.2086508,1.7323937,1.8001674
mb-02258,train,1.7993406,1.754111,1.5440681,1.4979508
mb-05436,train,1.1760912,1.1600122,0.845098,0.83869106
mb-01902,train,2.220108,2.2279258,1.9590414,1.9818633
mb-09152,train,1.9344984,1.8584485,1.4771212,1.4176605
mb-10598,train,2.2944663,2.2782865,1.8808136,1.8932015
mb-09535,train,2.1038036,2.0781531,1.39794,1.3560983
mb-05026,train,2.2041202,2.2698774,1.7993406,1.7356206
mb-10304,train,2.4683473,2.3513463,2.2671716,2.0516505
mb-09745,train,2.3304138,2.3011215,2.0413928,2.0131814
mb-08943,train,1.8260748,1.702796,1.3424227,1.2363755
mb-10155,train,2.1003706,2.1212864,1.7993406,1.8229787
mb-07746,train,1.7781513,1.7717235,1.4771212,1.4609141
mb-02959,train,2.232996,2.1573985,1.9294189,1.9828509
mb-01379,train,1.7403626,1.7303247,1.0,0.97438055
mb-02833,train,2.1673174,2.2310984,1.8976271,1.8743867
mb-04391,train,1.7993405,1.7015074,1.447158,1.3901515
mb-10714,train,2.365488,2.2323117,1.6532125,1.5860692
mb-08222,train,2.3053513,2.220108,2.0170333,1.9163345
mb-09011,train,2.0530784,2.0887263,1.94939,1.9978418
mb-05367,train,0.8450981,0.8142651,0.60206,0.5855287
mb-03957,train,2.2648177,2.2007844,2.0253057,1.910481
mb-06968,train,1.8920946,1.8622191,1.447158,1.4026692
mb-05438,train,2.0569048,1.9796172,1.5682018,1.5478348
mb-04125,train,2.0253057,2.0257115,1.7242758,1.7110003
mb-00253,train,2.0530784,2.044203,1.7993406,1.7369552
mb-03846,train,2.0606978,2.0215547,1.6127839,1.5963601
mb-07135,train,2.1238515,2.0840268,1.763428,1.749285
mb-02250,train,2.2227166,2.2209673,1.6334685,1.6447242
mb-02444,train,2.164353,2.133498,1.9637878,1.9117016
mb-03381,train,1.9294189,1.9385861,1.5797836,1.5450808
mb-04174,train,2.089905,2.1266258,1.5910646,1.6121798
mb-10318,train,1.9590414,1.9826512,1.230449,1.2786674
mb-07322,train,2.3424227,2.3653972,2.0,2.0301785
mb-09346,train,2.20412,2.188732,1.9294189,1.9571388
mb-06065,train,1.5682018,1.5745947,1.230449,1.2040416
mb-04836,train,1.9190781,2.0651555,1.7853298,1.7937176
mb-10740,train,1.763428,1.8082008,1.4149734,1.4757009
mb-05662,train,1.9822713,2.0108151,1.5682018,1.6079769
mb-10941,train,1.4149734,1.4996047,1.230449,1.2907408
mb-00354,train,1.30103,1.5033346,1.1760913,1.3560071
mb-02374,train,1.7323937,1.7340702,1.230449,1.2816573
mb-00440,train,1.0791812,1.393587,1.0,1.277688
mb-00171,train,1.5440681,1.5054041,1.1760913,1.1331627
mb-00360,train,1.7403628,1.8105047,1.4313638,1.464757
mb-00180,train,1.90309,1.8854983,0.30103,0.4952551
mb-00310,train,1.6334685,1.6458262,1.4913617,1.5089085
mb-00789,train,2.1583626,2.241202,1.9395193,1.9468529
mb-01005,train,1.7558749,1.725324,1.230449,1.2057316
mb-02126,train,1.3424227,1.2853438,1.146128,1.1722485
mb-00239,train,2.0211892,1.9402125,1.690196,1.6294973
mb-03491,train,1.6434526,1.68348,1.2552725,1.2446699
mb-06083,train,2.0170333,2.0086827,1.6334685,1.6561334
mb-03204,train,2.298853,2.2781835,2.064458,1.9938713
mb-10042,train,1.7923918,1.6395459,1.5440681,1.4757226
mb-04226,train,2.0530784,2.0597892,1.763428,1.7029927
mb-08293,train,1.5910646,1.5434465,1.3222193,1.2633266
mb-00169,train,1.9344984,1.8976674,1.5314789,1.5494229
mb-09345,train,1.7923917,1.5773084,1.5185139,1.4987978
mb-09055,train,1.9590414,2.1156874,1.845098,1.8932546
mb-06517,train,2.071882,1.9503545,1.7160033,1.6010362
mb-05900,train,1.80618,1.8426206,1.3222193,1.3802109
mb-01516,train,2.1522882,2.0622888,2.0211892,1.9420238
mb-10244,train,1.8808136,1.9827696,1.5797836,1.7152109
mb-01785,train,2.120574,2.0772116,1.7160033,1.7506299
mb-10424,train,1.5910646,1.6160291,1.3802112,1.2822826
mb-07933,train,1.763428,1.7612565,1.4149734,1.4236869
mb-10212,train,2.0170333,2.0011396,1.5797836,1.5911779
mb-06203,train,1.7923917,1.8140041,1.3222193,1.3412077
mb-01738,train,2.146128,2.096279,1.7853298,1.8603388
mb-03098,train,1.819544,1.814744,1.3802112,1.3797284
mb-09213,train,2.033424,2.052395,1.6812413,1.7098668
mb-03764,train,2.243038,2.2456903,2.0128372,2.0134683
mb-03498,train,1.9542425,2.003427,1.690196,1.6717544
mb-00859,train,1.8920946,1.9084151,1.4313638,1.4780904
mb-04635,train,1.462398,1.4868798,0.90309,0.9262988
mb-10576,train,1.7923917,1.6479514,1.5797836,1.5239091
mb-07709,train,1.4771214,1.4604408,1.230449,1.3103799
mb-01740,train,2.0374265,2.0479703,1.7403626,1.8269353
mb-09121,train,2.209515,2.1739314,1.7160033,1.8004329
mb-06216,train,2.1172712,2.1996632,1.69897,1.7595477
mb-02170,train,2.0374265,2.0268576,1.9138138,1.8601505
mb-04549,train,1.9444826,1.9759321,1.5797836,1.5480598
mb-06844,train,2.1172712,2.1579497,1.770852,1.7480296
mb-02531,train,2.2121875,2.222366,1.8573325,1.9173154
mb-05723,train,2.1003704,2.1104584,2.045323,2.0225072
mb-00029,train,1.763428,1.7626718,1.4149734,1.3504317
mb-03078,train,1.8808136,1.9418693,1.5910646,1.5382586
mb-09471,train,1.0,1.0850134,0.60206,0.6735679
mb-03857,train,1.3424227,1.3407024,1.0,0.9931281
mb-10862,train,2.10721,2.127487,1.8864907,1.933229
mb-08404,train,2.3521824,2.3431683,1.9590414,1.9043702
mb-10877,train,2.6394866,2.2955809,2.7160034,2.254745
mb-07032,train,1.9637878,1.9898603,1.5797836,1.6251419
mb-01511,train,1.9956353,1.9737236,1.6812413,1.6876522
mb-07055,train,1.1760912,1.2120329,1.0,1.0198784
mb-02118,train,2.20412,2.11915,2.0,1.9665825
mb-00544,train,1.0,1.0228274,0.69897,0.71126366
mb-03339,train,2.0,1.9745355,1.690196,1.6524
mb-09306,train,2.2013972,2.1954849,1.8976271,1.8130765
mb-09944,train,1.6127839,1.6119848,1.30103,1.297288
mb-04985,train,1.9956352,1.9432203,1.7853298,1.7610416
mb-02725,train,1.8129134,1.7640913,1.30103,1.2290314
mb-01573,train,1.8450981,1.760272,1.4313638,1.381945
mb-10320,train,2.4593923,2.4408147,2.0334237,2.1039264
mb-06137,train,1.6232493,1.6717982,1.1139433,1.1537287
mb-07020,train,2.340444,2.3961565,1.968483,2.0661838
mb-02485,train,2.2900345,2.304052,1.9542425,1.9249108
mb-07169,train,1.748188,1.7530336,1.2552725,1.2512546
mb-10927,train,1.60206,1.6655648,1.3617278,1.3686448
mb-01451,train,1.6334684,1.593761,1.5185139,1.3890513
mb-03548,train,1.7558749,1.701473,1.5910646,1.551054
mb-07884,train,1.748188,1.8315039,1.3424227,1.35285
mb-06239,train,1.6334684,1.6471044,1.0791812,1.0897288
mb-02339,train,1.2787536,1.3693478,1.0,1.091078
mb-09464,train,1.8325089,1.8445299,1.39794,1.4249899
mb-07936,train,1.8388491,1.8214558,1.5185139,1.5122877
mb-00615,train,1.462398,1.3322858,0.90309,0.82639575
mb-09800,train,0.7781513,0.8233692,0.47712126,0.52597654
mb-07033,train,2.2355285,2.178358,1.9344984,1.8313262
mb-00582,train,1.30103,1.5363443,1.230449,1.4164224
mb-09586,train,1.6720978,1.7273622,1.3222193,1.3892235
mb-07752,train,1.6989701,1.6735742,0.9542425,0.9405346
mb-01211,train,1.2552725,1.3763896,0.845098,0.9665296
mb-01003,train,2.4014006,2.3594687,2.1038036,2.0452638
mb-09959,train,2.2878017,2.1812422,1.8750613,1.8081633
mb-07229,train,1.7075702,1.7400068,1.2787536,1.281039
mb-00080,train,2.0043213,2.0511687,1.7242758,1.8221025
mb-09378,train,2.30103,2.2329993,1.5910646,1.5371215
mb-10674,train,1.9912261,1.9766252,1.7323937,1.6950573
mb-00573,train,1.3424227,1.4443971,1.230449,1.3361094
mb-07216,train,1.60206,1.5898306,1.3802112,1.3674299
mb-10158,train,1.6434526,1.7102306,1.3617278,1.4142059
mb-00584,train,2.4698222,2.365144,2.0086002,2.0363495
mb-01574,train,2.0934217,2.1437962,1.8692317,1.8895261
mb-06398,train,1.9395193,1.9369603,1.5682018,1.533577
mb-03994,train,2.2227163,2.2029932,2.1818435,2.1238415
mb-03946,train,1.462398,1.5186007,1.3617278,1.3724976
mb-00118,train,1.7323937,1.6758502,1.5185139,1.4997264
mb-07284,train,2.2278867,2.1627266,1.5682018,1.6201595
mb-08359,train,2.1931245,2.2015896,1.763428,1.8049781
mb-09215,train,1.90309,1.9122342,1.5440681,1.5497792
mb-00228,train,1.908485,1.9575074,1.6334685,1.639495
mb-00398,train,1.5682018,1.6173146,1.230449,1.2798629
mb-07765,train,2.480007,2.5282888,2.149219,2.2030401
mb-02273,train,1.4913617,1.5791832,1.4149734,1.4123704
mb-03886,train,1.5563025,1.5575624,1.39794,1.387808
mb-04161,train,1.94939,1.9478141,1.6812413,1.7101645
mb-07759,train,2.217484,2.1965766,1.5910646,1.600801
mb-00351,train,1.6989701,1.6358144,1.4149734,1.3661665
mb-10771,train,1.6720978,2.026716,1.9867717,1.8898445
mb-02816,train,2.2878017,2.26966,2.143015,2.1336908
mb-03084,train,1.8750613,1.8843541,1.5185139,1.5306829
mb-07978,train,2.252853,2.2751446,1.8325089,1.9043736
mb-06925,train,0.7781513,0.8112701,0.47712126,0.51347435
mb-06536,train,2.1760912,2.2109573,1.8129133,1.8430613
mb-08346,train,1.9731278,1.9845726,1.6434526,1.652698
mb-07139,train,1.9956352,2.0082583,1.8129133,1.8186986
mb-00704,train,2.0253057,1.966454,1.8325089,1.7586471
mb-08349,train,1.6989701,1.696481,1.5440681,1.565013
mb-09861,train,1.9956352,1.9649119,1.6434526,1.6490531
mb-06820,train,1.6812412,1.7107692,1.3222193,1.3602926
mb-00216,train,2.3747482,2.4205477,2.0293837,2.088556
mb-07503,train,2.1903317,2.16662,1.5910646,1.5413154
mb-04155,train,2.049218,2.0612435,1.9190781,1.9210824
mb-03951,train,2.2944663,2.3219988,1.8692317,1.9532568
mb-06277,train,2.2810335,2.2857974,1.94939,1.9003848
mb-01441,train,1.3617278,1.2714891,1.230449,1.1984049
mb-07265,train,1.5910647,1.6439564,1.30103,1.3429333
mb-04734,train,1.8512583,1.8675572,1.5797836,1.5928286
mb-04442,train,2.0253057,2.0247917,1.5910646,1.5929222
mb-01507,train,1.9542426,1.9496115,1.6127839,1.6206777
mb-05201,train,1.80618,1.8034884,1.39794,1.4524108
mb-02264,train,1.5797837,1.540895,1.3424227,1.3894188
mb-04027,train,2.3180633,2.3767972,1.9242793,2.051602
mb-04679,train,2.149219,2.1815586,1.7781513,1.820533
mb-05983,train,2.303196,2.3235166,1.9867717,1.9813694
mb-04291,train,1.8808136,1.8590757,1.7323937,1.669487
mb-02407,train,2.2479732,2.219912,1.8573325,1.8565975
mb-08039,train,1.9242792,1.8342654,1.8864907,1.7200779
mb-10465,train,2.2479732,2.2854044,1.968483,1.9873475
mb-08198,train,1.9912261,2.0392132,1.2552725,1.357985
mb-08516,train,1.9777236,2.0539446,1.6434526,1.8081474
mb-07770,train,2.045323,2.1099172,1.7323937,1.8021693
mb-00205,train,2.2528532,2.2127452,1.6812413,1.6563543
mb-03984,train,2.0086002,1.9702215,1.4771212,1.4623935
mb-03392,train,1.9294189,1.9346173,1.69897,1.6804137
mb-03889,train,2.0170333,2.0467215,1.4913617,1.5048513
mb-01317,train,1.2787535,1.289053,1.0791812,1.1112658
mb-04774,train,2.1003706,2.146185,1.6127839,1.6488186
mb-05632,train,1.6127839,1.5978945,1.4313638,1.4345689
mb-00794,train,0.7781513,0.790782,0.47712126,0.46708488
mb-01406,train,1.2787536,1.1358395,1.0413927,0.9161401
mb-07716,train,2.230449,2.2368948,1.9777236,1.8525969
mb-09818,train,2.0413928,2.0406556,1.748188,1.6166989
mb-06690,train,2.0211892,2.0416987,1.6532125,1.7170757
mb-06575,train,1.9590414,1.9951931,1.6232493,1.693833
mb-05814,train,2.1038036,2.1156065,1.447158,1.4458678
mb-06366,train,1.6020601,1.6474247,1.3424227,1.3431051
mb-01662,train,1.8512583,1.8353796,1.69897,1.6858279
mb-03014,train,1.9294189,1.8371762,1.770852,1.6770842
mb-10922,train,1.9395193,1.9366858,1.4149734,1.3955829
mb-09172,train,1.5185139,1.5851895,1.2787536,1.3866585
mb-00843,train,1.3222193,1.4959198,1.0,1.1495818
mb-04653,train,2.313867,2.3056924,1.9294189,1.8546573
mb-00895,train,2.3521826,2.3054729,2.3283796,2.2687626
mb-06957,train,2.326336,2.2598941,1.7075702,1.723508
mb-02395,train,1.6720978,1.6315541,1.447158,1.414994
mb-03306,train,1.763428,1.7608777,1.3424227,1.3468802
mb-04429,train,1.8129134,1.8422718,1.462398,1.5254331
mb-02687,train,1.4913617,1.5499305,1.30103,1.205863
mb-00696,train,1.6720979,1.6859666,1.1139433,1.1217889
mb-03578,train,2.2900348,2.2166057,1.7075702,1.734521
mb-06696,train,2.1818438,2.2251408,1.8260748,1.8445406
mb-09616,train,1.6812413,1.7641463,1.30103,1.335031
mb-07680,train,1.1760913,1.2037554,0.9542425,1.0037439
mb-09926,train,2.3483047,2.2441504,1.9542425,1.8729722
mb-07224,train,2.2922559,2.199044,1.7403626,1.7748343
mb-05651,train,1.8864907,1.8458875,1.5910646,1.550744
mb-09279,train,2.2121875,2.1609669,1.7558749,1.6865608
mb-00307,train,2.3096302,2.2696786,1.9956352,1.9791751
mb-00132,train,1.7403628,1.7517424,1.6127839,1.637474
mb-07249,train,1.9294189,1.919061,1.5185139,1.5822937
mb-06152,train,2.2810333,2.3212683,1.845098,1.9608934
mb-04660,train,0.69897,0.68640965,0.30103,0.35228336
mb-01781,train,2.0,2.0169697,1.80618,1.8593589
mb-02086,train,2.2405493,2.2558162,2.0,1.9569737
mb-05679,train,2.363612,2.3874624,2.0128372,2.0530992
mb-06252,train,2.2855573,2.2998521,1.9190781,1.9083743
mb-10958,train,1.5910647,1.5489076,1.30103,1.3041811
mb-10708,train,1.7781513,1.7566983,1.1139433,1.1030654
mb-10816,train,2.269513,2.2225761,1.8692317,1.8950611
mb-10214,train,2.0681858,2.1434393,1.4771212,1.5190413
mb-00766,train,2.0899053,2.1172934,1.6532125,1.6317395
mb-01805,train,1.7993406,1.7397151,1.3424227,1.2598307
mb-03990,train,2.298853,2.1738074,2.1760912,2.1085465
mb-05246,train,2.502427,2.4303536,1.8573325,1.8728286
mb-06101,train,1.7242758,1.8079543,0.90309,1.0104978
mb-07171,train,2.1335387,2.0449529,1.8129133,1.7408549
mb-00093,train,1.3424227,1.2429856,1.1760913,1.0593052
mb-00314,train,1.4149734,1.3334595,1.0,0.9482221
mb-02328,train,1.3802112,1.4683526,1.1139433,1.1559715
mb-10747,train,1.7323937,1.8280361,1.3222193,1.5240512
mb-07862,train,2.1583624,2.1478126,1.4771212,1.4542923
mb-02052,train,2.3159702,2.2756286,2.0211892,1.9952477
mb-03482,train,2.1398792,2.187053,1.5440681,1.5631275
mb-04982,train,2.143015,2.1070313,1.8512584,1.7919681
mb-00397,train,1.5910646,1.5861274,1.3617278,1.4262822
mb-01369,train,1.4313638,1.4864274,1.30103,1.2696335
mb-06291,train,2.149219,2.1606114,1.80618,1.776048
mb-02769,train,1.9395192,1.9560119,1.770852,1.7879498
mb-02019,train,1.7075701,1.614953,1.1139433,1.0213342
mb-05471,train,1.6627579,1.6602945,1.3802112,1.3834219
mb-01699,train,1.6232493,1.562004,1.230449,1.1764455
mb-09887,train,1.9777236,1.9919785,1.1139433,1.1525888
mb-05873,train,1.5440681,1.5889152,1.30103,1.3691458
mb-10366,train,2.2148438,2.1568477,2.0863597,1.9557526
mb-10452,train,2.1875207,2.1110473,2.089905,1.9705505
mb-08131,train,1.7993405,1.830764,1.5314789,1.5224369
mb-05213,train,2.480007,2.3056524,2.30103,2.2696514
mb-10169,train,0.7781513,0.91425467,0.60206,0.68640393
mb-07382,train,1.3617278,1.4079419,0.90309,0.9152665
mb-05171,train,1.3222193,1.1960378,1.0,1.0470457
mb-02412,train,1.20412,1.2832456,0.9542425,1.0465124
mb-01187,train,1.3979399,1.3980992,1.1139433,1.1142812
mb-03508,train,2.4248817,2.3151329,2.3283796,2.256404
mb-04587,train,1.230449,1.29144,0.90309,0.9431529
mb-01146,train,1.146128,1.0590537,0.90309,0.83939564
mb-04690,train,2.2068257,2.1782968,1.9138138,1.7168077
mb-04696,train,2.0170333,2.1185942,1.3617278,1.4432356
mb-07808,train,1.5563025,1.6135882,1.146128,1.1750038
mb-03794,train,1.7558749,1.837456,1.462398,1.5142663
mb-03016,train,2.389166,2.4958034,2.1367207,2.1696005
mb-02600,train,0.7781513,0.76233566,0.60206,0.58127064
mb-07645,train,1.6434528,1.5545522,1.4313638,1.3649044
mb-07058,train,2.0413928,2.0199893,1.7993406,1.7919596
mb-01905,train,2.1875207,2.1086335,1.968483,1.9342518
mb-00318,train,2.2121875,2.1878543,2.161368,2.0987523
mb-10655,train,2.2695131,2.2997622,1.5440681,1.6547841
mb-03703,train,2.2227166,2.2087429,2.0413928,2.0146656
mb-03742,train,1.8920946,1.8769605,1.3802112,1.3973362
mb-03948,train,1.8260748,1.8414321,1.4771212,1.474464
mb-03251,train,1.8920946,1.8337667,1.462398,1.4105595
mb-01458,train,1.724276,1.6773168,1.30103,1.3010607
mb-08678,train,1.7558749,1.7607607,1.230449,1.278166
mb-08605,train,1.6627579,1.8890184,1.5563025,1.5763532
mb-03139,train,2.139879,1.9961948,2.0791812,1.7894609
mb-08416,train,2.0170333,1.9775677,1.7853298,1.7384448
mb-10334,train,1.8573325,1.762048,1.5185139,1.4284708
mb-04851,train,2.0569048,1.8184313,1.770852,1.6733078
mb-00429,train,2.3096302,2.242231,1.7403626,1.7320483
mb-01204,train,2.143015,2.1151452,1.9731278,1.8325762
mb-09993,train,2.0334237,2.4166932,1.845098,2.088295
mb-00327,train,2.0253057,2.0625558,1.6720978,1.7477851
mb-00577,train,1.690196,1.7666976,1.3802112,1.4890498
mb-10787,train,1.4471581,1.698367,1.230449,1.4487829
mb-00972,train,1.7160034,1.7453138,1.4913617,1.5097857
mb-04879,train,2.08636,2.1018677,1.3424227,1.4098095
mb-03609,train,2.2787538,2.3351843,1.94939,1.9595991
mb-09565,train,2.0681858,2.3125343,1.9731278,2.0586963
mb-01188,train,2.209515,2.1613815,1.908485,1.8591068
mb-02877,train,2.3180633,2.1445646,1.4313638,1.4554294
mb-05886,train,2.357935,2.31427,1.908485,1.849142
mb-09363,train,1.39794,1.461957,0.90309,0.9731184
mb-04791,train,1.9294189,1.9289119,1.6812413,1.7286932
mb-03966,train,1.9242792,1.9522511,1.763428,1.7759194
mb-03999,train,2.0413928,2.020833,1.6627579,1.6135526
mb-00937,train,1.6020601,1.5659815,1.4149734,1.4058776
mb-02944,train,2.363612,2.3508122,1.9731278,1.9639301
mb-00947,train,2.120574,2.174347,1.80618,1.819092
mb-07828,train,1.30103,1.3067304,1.146128,1.175357
mb-00596,train,2.075547,2.120169,1.8692317,1.90245
mb-07281,train,2.1903317,2.1786327,1.9344984,1.9467328
mb-08758,train,2.0644581,2.0287642,1.5682018,1.5776976
mb-08614,train,1.5440681,1.4765933,1.2552725,1.1035945
mb-05399,train,2.2121878,2.137505,1.6127839,1.6458875
mb-06332,train,2.0,2.0186377,1.6720978,1.6895981
mb-06983,train,1.9637878,1.8998915,1.80618,1.6889187
mb-01661,train,2.0863597,2.0697758,1.763428,1.753947
mb-02771,train,1.5682018,1.6281313,1.462398,1.5139362
mb-01533,train,1.6532125,1.6142616,1.0791812,1.1109686
mb-10689,train,1.5682018,1.6143676,1.3424227,1.4907855
mb-00373,train,1.50515,1.5837035,1.447158,1.4783033
mb-08295,train,1.9777236,1.9838369,1.6334685,1.6502004
mb-02680,train,1.7558749,1.7025752,1.447158,1.3984503
mb-07918,train,1.9344984,1.9004241,1.60206,1.4797324
mb-09097,train,0.9542425,0.98413634,0.69897,0.71756953
mb-03650,train,1.80618,1.7868114,1.5314789,1.4858388
mb-02370,train,2.1072102,2.06247,1.7993406,1.7244208
mb-05167,train,1.20412,1.2498991,0.7781513,0.8026168
mb-06204,train,1.9444827,1.979841,1.4149734,1.3976209
mb-04706,train,0.60206,0.65644896,0.60206,0.59124184
mb-08817,train,1.6334685,1.595315,1.4149734,1.3856968
mb-09900,train,2.3222194,2.351918,1.8750613,1.9337221
mb-07947,train,2.2329962,2.1912954,2.143015,2.117098
mb-00532,train,2.0606978,1.9277847,1.1139433,1.0117934
mb-10017,train,2.045323,2.11381,1.4771212,1.5239334
mb-01710,train,1.2552725,1.230835,0.90309,0.8893394
mb-07365,train,1.6812412,2.2502022,1.9542425,1.9753938
mb-05630,train,1.5314789,1.5049884,1.3222193,1.3374729
mb-03660,train,1.6334685,1.6909673,1.20412,1.30205
mb-09803,train,1.748188,1.8238225,1.3802112,1.4624172
mb-04240,train,1.7403626,1.7889919,1.4771212,1.5194523
mb-04069,train,1.5051501,1.4536266,1.30103,1.2818104
mb-09839,train,2.1522882,2.102425,1.8129133,1.794668
mb-04438,train,2.3747482,2.466554,2.0863597,2.138135
mb-02223,train,1.819544,1.799021,1.5682018,1.5454061
mb-07592,train,2.029384,2.0153844,1.9190781,1.8686919
mb-07448,train,2.064458,2.111479,1.7403626,1.7717746
mb-07204,train,2.2624512,2.2152183,1.8808136,1.8384656
mb-04463,train,2.064458,2.0005808,1.7323937,1.6798973
mb-08724,train,1.4471581,1.6943114,1.462398,1.4241041
mb-08241,train,1.6720978,1.6531487,1.447158,1.4383377
mb-05847,train,2.075547,2.1068158,1.5440681,1.5148029
mb-09479,train,1.6989701,1.6380106,1.5563025,1.5193676
mb-02755,train,1.6232493,1.6324954,1.20412,1.2092636
mb-06182,train,1.90309,1.9398084,1.5797836,1.6756829
mb-08454,train,1.8129134,1.7503152,1.462398,1.415275
mb-04667,train,1.447158,1.4665434,1.1139433,1.1154809
mb-09829,train,1.9138138,2.0782382,1.7160033,1.7611995
mb-02949,train,1.9294189,1.99315,1.3802112,1.4322877
mb-05968,train,2.1731863,2.0605214,1.39794,1.282726
mb-00579,train,1.2787535,1.1801767,1.4771212,1.1955726
mb-01505,train,2.3873897,2.3784037,2.0681858,2.068098
mb-10841,train,1.8388491,1.9866134,1.763428,1.70204
mb-08497,train,2.4668674,2.3794146,2.149219,2.081685
mb-00278,train,2.243038,2.1908457,1.8692317,1.8269877
mb-03044,train,1.3979399,1.3995621,1.0791812,1.0807321
mb-07006,train,2.2576785,2.275577,2.0681858,2.052644
mb-03448,train,1.9731278,1.8871044,1.7403626,1.7131612
mb-08263,train,1.8388491,1.843477,1.39794,1.4245142
mb-05034,train,2.1430147,2.0514781,1.7923917,1.7123194
mb-06297,train,2.0128372,2.037131,1.5797836,1.6053425
mb-04847,train,2.1461282,2.1505656,1.8976271,1.8895862
mb-02578,train,1.462398,1.4675148,1.230449,1.2588881
mb-06312,train,2.2671716,2.2610095,2.0211892,1.9952018
mb-05166,train,0.7781513,0.8442712,0.30103,0.35007322
mb-01480,train,2.1398792,2.1317,1.8512584,1.8929827
mb-03424,train,2.307496,2.3383286,1.9822712,2.011993
mb-01415,train,1.3222194,1.3821391,1.1760913,1.256733
mb-10710,train,1.7781513,1.8082085,1.5682018,1.5088873
mb-02536,train,2.0827854,2.0960934,1.8692317,1.8083937
mb-02277,train,1.8325089,1.693853,1.5314789,1.3945951
mb-08560,train,2.0413926,2.0575883,1.845098,1.7908758
mb-02337,train,2.1875207,2.1853387,1.7403626,1.8540585
mb-00736,train,2.049218,2.2130456,1.9637878,2.073518
mb-01857,train,1.4471581,1.5452045,1.39794,1.4089105
mb-08144,train,1.6812413,1.7643027,1.50515,1.5737275
mb-03379,train,2.3117537,2.2356784,1.8573325,1.8652598
mb-05444,train,2.2764618,2.2031033,1.8573325,1.8261008
mb-10938,train,1.4913617,1.5318415,1.0413927,1.1462266
mb-01363,train,1.60206,1.739439,1.3617278,1.4601355
mb-06858,train,1.8129134,1.7969737,1.3617278,1.3520386
mb-07338,train,0.90309,0.9029449,0.60206,0.60358334
mb-06384,train,2.3324385,2.3394983,2.0043213,1.9572653
mb-04588,train,2.252853,2.3037424,1.0413927,1.1344917
mb-00643,train,2.120574,2.0630531,1.845098,1.7536991
mb-03571,train,1.7558749,1.7320696,1.5563025,1.5146132
mb-08622,train,1.770852,1.8433154,1.3222193,1.4795961
mb-05552,train,1.8129134,1.8144363,1.6232493,1.602048
mb-07886,train,2.1105897,2.0917587,1.4313638,1.3664408
mb-06473,train,1.6901962,1.8879471,1.230449,1.3505903
mb-04878,train,1.3222194,1.299967,0.90309,0.88388014
mb-02110,train,1.9493899,2.0074167,1.7242758,1.7925307
mb-04405,train,1.4149734,1.3639369,1.146128,1.094235
mb-04871,train,2.3304138,2.2522838,2.269513,2.2070246
mb-09779,train,1.7323937,1.7353537,1.146128,1.190693
mb-04105,train,2.0791812,2.0645013,1.9444827,1.9109845
mb-04540,train,1.9242792,1.7849841,1.6720978,1.641616
mb-06064,train,2.252853,2.1436548,1.845098,1.796974
mb-01498,train,2.146128,2.266925,2.1818435,2.2142086
mb-07068,train,1.7160034,1.7525928,1.2787536,1.297024
mb-08479,train,1.4313638,1.4713776,1.3617278,1.3483816
mb-08151,train,1.8325089,1.7752672,1.3802112,1.3273296
mb-01487,train,1.913814,1.9081353,1.6127839,1.4728616
mb-08858,train,2.3710678,2.2829313,1.9822712,1.9935343
mb-07659,train,2.2624512,2.2619221,1.7403626,1.6893716
mb-05838,train,1.8692317,1.8700466,1.3424227,1.3660743
mb-00313,train,1.3424227,1.3106804,0.9542425,0.92597693
mb-05169,train,2.2380462,2.2883937,2.0569048,2.075983
mb-03050,train,1.6812413,1.7180551,1.1760913,1.2506456
mb-05702,train,2.3541083,2.3293092,1.9822712,1.9709927
mb-03826,train,2.133539,2.1388552,1.9822712,1.921377
mb-01569,train,2.1038036,2.130788,1.6434526,1.7151344
mb-01794,train,1.6532125,1.6045375,1.20412,1.1748397
mb-03821,train,1.8864908,1.9244645,1.6812413,1.6733224
mb-05103,train,1.8808136,1.9341509,1.7075702,1.7149596
mb-05586,train,2.0334237,2.0547788,1.748188,1.760213
mb-05708,train,1.763428,1.7743454,1.2787536,1.2761004
mb-10206,train,1.9637878,1.9412568,1.462398,1.4470879
mb-02522,train,2.3856063,2.3816006,2.09691,2.0499015
mb-01258,train,1.1139433,1.132668,0.60206,0.63048965
mb-10603,train,2.2227166,2.1042485,1.9294189,1.8431062
mb-05829,train,1.748188,1.8867873,1.462398,1.3672562
mb-05846,train,2.1875207,2.2793107,1.7923917,1.8813522
mb-03418,train,2.243038,2.298983,2.1038036,2.0174878
mb-00245,train,1.7993406,1.8263636,1.20412,1.2431428
mb-10646,train,1.1139433,1.1544753,0.90309,0.9231618
mb-08575,train,1.8512583,1.9147062,1.4771212,1.6216444
mb-04207,train,2.1038036,2.1094065,1.90309,1.9276356
mb-02664,train,1.8976271,1.9170475,1.7323937,1.7077649
mb-03447,train,1.5051501,1.5890728,1.2787536,1.3209988
mb-00617,train,2.25042,2.3050153,1.8692317,1.935276
mb-07213,train,2.1522884,2.1322942,1.6812413,1.6524886
mb-08344,train,2.0934217,2.099644,1.50515,1.534926
mb-02644,train,2.178977,2.1079946,1.9912261,1.9625858
mb-03518,train,1.5185139,1.4485619,1.3424227,1.2902188
mb-05217,train,2.2227166,2.3003817,1.8750613,1.9762368
mb-08098,train,2.0530784,2.0548034,1.7993406,1.7953051
mb-02552,train,2.220108,2.1837611,1.80618,1.8061858
mb-04692,train,2.4857213,2.3522215,2.2718415,2.1420653
mb-01203,train,1.5440681,1.5771931,1.39794,1.412101
mb-06832,train,2.1702616,2.1619039,1.6720978,1.4962406
mb-00494,train,1.7403628,1.7687755,1.4313638,1.4284393
mb-06562,train,1.8976271,1.8395147,1.6127839,1.5732918
mb-07621,train,1.8129134,1.7231472,1.4149734,1.3808028
mb-10484,train,2.08636,2.1354659,1.7075702,1.7639676
mb-10456,train,1.9731278,1.9375304,1.80618,1.7686067
mb-05212,train,2.075547,2.0516825,1.8573325,1.8352312
mb-08437,train,2.0606978,1.9060788,1.8388491,1.6778586
mb-04145,train,1.230449,1.1923672,1.0,1.0090461
mb-01910,train,2.0374265,2.0528688,1.908485,1.9012078
mb-02445,train,2.1760912,2.141302,1.9542425,1.8792462
mb-07305,train,1.5797836,1.4862486,1.2552725,1.174341
mb-06459,train,2.1398792,2.1821678,1.6627579,1.6954517
mb-02952,train,1.544068,1.6371858,1.4771212,1.367146
mb-00594,train,2.1931245,2.2257233,1.9912261,1.9414551
mb-03058,train,2.1875207,2.183083,1.8388491,1.8820587
mb-06030,train,2.0086002,1.9215063,1.6627579,1.5842361
mb-03570,train,1.9084849,1.8291569,1.5314789,1.4610091
mb-04007,train,2.2148438,1.8813162,1.845098,1.5393084
mb-00247,train,1.6812413,1.7209246,1.4913617,1.5539727
mb-09143,train,1.5797836,1.5331236,1.3802112,1.3822695
mb-09074,train,1.8750613,1.7189518,1.5440681,1.3991894
mb-06751,train,2.1731863,2.1627321,1.690196,1.6732786
mb-03019,train,1.80618,1.7597991,1.60206,1.568891
mb-07290,train,2.3283796,2.3424435,1.9777236,1.9796269
mb-00563,train,1.8512584,1.7904123,1.462398,1.5007601
mb-09469,train,1.9242793,1.9267771,1.39794,1.4092419
mb-05033,train,1.146128,1.1466849,0.9542425,0.957888
mb-05509,train,2.089905,2.1028824,1.690196,1.6276093
mb-06798,train,2.269513,2.3544009,1.819544,1.9778674
mb-10889,train,1.9822712,2.0280569,2.0,1.9077766
mb-08887,train,1.4471581,1.597498,1.30103,1.4394724
mb-09853,train,1.690196,1.6630856,1.0413927,1.0216844
mb-00050,train,1.447158,1.4449646,1.0791812,1.117335
mb-00837,train,2.0681858,2.1850035,1.8976271,2.0384393
mb-09732,train,2.1303337,2.1394067,1.7160033,1.6620555
mb-05519,train,1.6812413,1.621527,1.39794,1.3892938
mb-00176,train,2.232996,2.2410526,2.09691,2.0751863
mb-03844,train,2.0086002,2.0538802,1.3802112,1.4459127
mb-10440,train,1.6532125,1.6837128,1.50515,1.4753172
mb-03749,train,1.6532125,1.6481094,1.5563025,1.4961174
mb-07080,train,2.2552724,2.3099277,2.045323,2.0507722
mb-05712,train,2.2380462,2.2884638,1.8920946,1.9648972
mb-07431,train,2.0863597,2.0549846,1.3617278,1.3011048
mb-08768,train,1.9395192,1.9368823,1.6434526,1.6741157
mb-01756,train,2.0086002,2.0310452,1.9190781,1.9428487
mb-09742,train,1.20412,1.1560957,0.9542425,0.924503
mb-01157,train,1.5682018,1.6098839,1.3617278,1.4001825
mb-02518,train,2.348305,2.3841314,2.0413928,2.049604
mb-05852,train,1.6334685,1.617599,1.1760913,1.1685345
mb-08983,train,2.2253094,2.2421694,1.8692317,1.9169993
mb-08671,train,2.2966652,2.3220706,1.8633229,1.9091189
mb-00120,train,1.9731278,1.975705,1.6812413,1.7386594
mb-06598,train,1.7242758,1.7012,1.39794,1.3904213
mb-06192,train,1.8864907,1.7800934,1.7160033,1.6343362
mb-05038,train,2.049218,2.0672297,1.5314789,1.562177
mb-00773,train,1.6720979,1.662957,1.3617278,1.3679445
mb-09599,train,1.0791812,1.0892373,0.845098,0.83431923
mb-02846,train,2.3384566,2.2510872,2.230449,2.198163
mb-06358,train,1.7853298,1.7878811,1.3424227,1.3010936
mb-04357,train,2.5276299,2.522325,2.2741578,2.1969028
mb-04740,train,2.217484,2.183172,1.6627579,1.6593088
mb-08281,train,2.10721,1.9963448,1.6532125,1.5935137
mb-02061,train,1.9542425,1.9415642,1.770852,1.6896828
mb-05020,train,1.8573325,1.8468608,1.5185139,1.5778868
mb-03250,train,2.0,1.9734931,1.5910646,1.559104
mb-03076,train,2.1818435,2.1635554,1.8633229,1.8690207
mb-05538,train,1.8061799,1.7439668,1.6720978,1.5798993
mb-01911,train,2.0791812,1.9845515,1.9344984,1.8454186
mb-09893,train,1.7708521,1.8103932,1.6127839,1.6087654
mb-01260,train,2.1731863,2.1642509,1.7923917,1.8577046
mb-00712,train,1.3222194,1.3937564,1.146128,1.2089186
mb-01599,train,1.9242792,1.9922558,1.7160033,1.7142621
mb-06691,train,2.10721,2.0144897,1.50515,1.414318
mb-05049,train,1.60206,1.5597041,1.3222193,1.20672
mb-09150,train,1.6334685,1.5266945,1.230449,1.1531844
mb-07011,train,2.1271048,2.1786933,1.6627579,1.7201662
mb-08922,train,2.2479732,2.2760854,1.6434526,1.7396665
mb-08062,train,2.1172712,2.1084716,1.9590414,1.8661143
mb-04476,train,1.8388491,1.7822139,1.6232493,1.5901564
mb-10539,train,1.9867718,2.0219426,1.3424227,1.4419029
mb-04233,train,2.0253057,1.9046891,1.7160033,1.6151321
mb-03894,train,2.0043213,1.9962925,1.7323937,1.7617669
mb-09660,train,2.3541083,2.3774176,1.9138138,2.0673952
mb-10468,train,2.143015,2.1764998,1.1760913,1.2327275
mb-00221,train,2.1846914,2.181178,1.9242793,1.8589431
mb-06973,train,1.0791812,1.0236387,0.90309,0.8767867
mb-08814,train,2.3117537,2.365574,2.0128372,2.1151044
mb-10422,train,1.6901962,1.499755,1.3424227,1.384579
mb-05227,train,2.0043213,1.9540284,1.5185139,1.5185176
mb-10947,train,1.6232493,1.6872021,1.5185139,1.5435829
mb-02992,train,1.0791813,1.0610793,0.60206,0.59304917
mb-10421,train,2.164353,2.1316714,1.7323937,1.647366
mb-06454,train,1.5682018,1.5388479,1.6334685,1.4565493
mb-00014,train,1.8129134,1.7518263,1.146128,1.0938289
mb-06510,train,1.7781513,1.7718849,1.2787536,1.3172357
mb-01718,train,1.770852,1.7452142,1.3222193,1.3528638
mb-02650,train,1.0791813,1.109973,0.47712126,0.53379226
mb-09659,train,1.6334684,1.6397033,1.0,1.0120945
mb-02570,train,2.064458,2.0938,1.8976271,1.9079604
mb-08658,train,1.9912261,2.0074797,1.845098,1.8661234
mb-09737,train,1.4471581,1.4407475,1.146128,1.1800317
mb-05364,train,0.90309,0.8838991,1.146128,1.249819
mb-06266,train,2.1958997,2.2016225,1.9138138,1.8090094
mb-09673,train,2.164353,2.1288638,1.8260748,1.8221807
mb-10818,train,1.6232493,1.6126865,1.30103,1.2877488
mb-09812,train,1.5797836,1.4861773,1.0791812,0.9915474
mb-06994,train,2.0211892,2.0043235,1.8325089,1.8360212
mb-09137,train,2.075547,1.9627421,1.6627579,1.5745702
mb-01554,train,2.2671716,2.2022357,2.0374265,1.9223697
mb-00337,train,2.3820171,2.339164,1.9777236,2.0322008
mb-04002,train,1.3979399,1.5698034,1.3222193,1.381991
mb-00477,train,2.252853,2.1691837,1.770852,1.6242791
mb-09161,train,2.0086002,2.0611503,1.6532125,1.768862
mb-08634,train,2.0374265,2.0221136,1.7323937,1.7244787
mb-05943,train,1.968483,1.9405873,1.462398,1.4193269
mb-06594,train,2.1731863,2.1701183,1.8512584,1.8633486
mb-05216,train,1.0791812,1.0715604,0.845098,0.7429785
mb-01583,train,1.6627579,1.6296185,1.30103,1.3003391
mb-06520,train,1.6232493,1.6747975,1.2787536,1.3212323
mb-05378,train,2.2455127,2.1762252,1.80618,1.7352364
mb-09536,train,1.6532125,1.9302529,1.39794,1.6199524
mb-06217,train,2.2576785,2.1821733,2.0253057,1.9124981
mb-09393,train,2.3560257,2.3473518,2.1238515,2.119734
mb-08840,train,2.0043213,1.9707024,1.5797836,1.5115476
mb-05748,train,2.2741578,2.2731986,1.90309,1.8830976
mb-06147,train,1.8260748,1.7939153,1.5440681,1.5269698
mb-08565,train,1.3222194,1.2388546,1.146128,1.1363108
mb-10180,train,1.447158,1.5504798,1.3222193,1.2617822
mb-08546,train,1.90309,1.9124737,1.6232493,1.6181577
mb-03865,train,1.8325089,1.868134,1.4913617,1.4700713
mb-10535,train,2.4487064,2.385786,2.1903317,2.054274
mb-09036,train,2.2944663,2.336905,1.8808136,2.0084434
mb-09793,train,1.5682018,1.6511819,1.1760913,1.2439107
mb-09658,train,1.5185139,1.5651885,1.30103,1.1635191
mb-00336,train,1.20412,1.212333,0.9542425,0.96389025
mb-00233,train,1.9084849,1.8552449,1.60206,1.588445
mb-00444,train,1.973128,2.0698273,1.7993406,1.7415165
mb-04647,train,1.7242758,1.7721169,1.447158,1.47342
mb-02566,train,2.1238518,2.2153575,1.9190781,1.9523807
mb-10448,train,1.5314789,1.5677323,1.146128,1.2110752
mb-04607,train,0.60206,0.63024026,0.30103,0.2933383
mb-08018,train,1.8864908,1.7899125,1.230449,1.2242858
mb-09511,train,1.9956353,1.9443477,1.7558749,1.7068359
mb-05210,train,1.3617278,1.3498253,1.2552725,1.2064815
mb-06568,train,2.2878017,2.2790556,2.0086002,2.0345964
mb-00212,train,2.143015,2.0955184,1.5682018,1.5389016
mb-04797,train,1.2787536,1.3264172,1.1760913,1.1294293
mb-08396,train,2.3324385,2.3134465,1.50515,1.4402958
mb-06189,train,1.8750613,1.8659788,1.1139433,1.1287766
mb-03759,train,1.819544,1.7839302,1.4313638,1.4253964
mb-10780,train,2.3304138,2.3683884,1.9590414,1.9686911
mb-07095,train,1.5440681,1.6120129,1.2787536,1.3331698
mb-07367,train,1.5682018,1.6210816,1.20412,1.2347207
mb-02582,train,1.3222194,1.2558318,0.9542425,0.8701631
mb-09787,train,1.7853299,1.6616445,1.5682018,1.4607972
mb-07081,train,1.90309,1.8683591,1.5797836,1.5293337
mb-10216,train,2.4471579,2.3203554,2.1172712,2.0143425
mb-09802,train,2.3201463,2.1989143,2.0606978,1.9737834
mb-03346,train,1.7160034,1.7455622,1.462398,1.5238531
mb-09976,train,1.3802112,1.3946409,1.146128,1.1469973
mb-03325,train,2.3443923,2.2603428,2.2013972,2.1017783
mb-04800,train,1.9242793,1.9989855,1.6532125,1.7045176
mb-07460,train,2.2013972,2.1870136,1.9822712,1.9437673
mb-08030,train,1.9956353,2.0305705,1.7558749,1.7054982
mb-06067,train,2.3010302,2.2497213,1.94939,1.8676584
mb-06851,train,2.0413926,2.0352643,1.8692317,1.8476124
mb-00742,train,1.9956352,1.9947064,1.9444827,1.8850044
mb-06784,train,2.1818438,2.1277847,1.94939,1.9293187
mb-04850,train,2.1105897,2.0692735,1.8325089,1.8072859
mb-10138,train,2.390935,2.2241688,2.0681858,1.9763284
mb-00183,train,1.7558749,1.731353,1.39794,1.3760383
mb-03218,train,1.5797837,1.5361216,1.2787536,1.2037374
mb-00449,train,1.3617278,1.3918647,1.1139433,1.1798728
mb-03412,train,2.376577,2.3855214,2.0791812,2.0387383
mb-04919,train,2.1760912,2.1499095,2.09691,2.0038745
mb-07928,train,2.0413926,2.1360345,1.69897,1.8457472
mb-02906,train,1.6812413,1.649613,1.4149734,1.3603431
mb-02296,train,2.075547,2.1135645,1.9344984,1.9520144
mb-10934,train,1.7242758,1.711579,1.6232493,1.604271
mb-09564,train,1.7075702,1.7551941,1.5563025,1.5869241
mb-00136,train,2.1702619,2.1690378,1.8976271,1.8713056
mb-05521,train,1.9138138,1.9170796,1.8920946,1.6875106
mb-09931,train,1.6720979,1.7018788,1.1760913,1.2105392
mb-06821,train,1.9822712,1.9764926,1.8976271,1.8875501
mb-00800,train,1.991226,2.0777674,1.6720978,1.7674558
mb-02178,train,2.220108,2.2298179,1.9294189,1.9221196
mb-00008,train,2.320146,2.344003,2.0211892,2.0732405
mb-06987,train,2.0606978,1.9546282,1.763428,1.7189748
mb-06929,train,1.7781513,1.7348876,1.5682018,1.5547705
mb-07275,train,1.6627579,1.6735015,1.39794,1.3809018
mb-03505,train,2.1271048,2.1238146,1.5185139,1.5580091
mb-04305,train,1.4771214,1.487246,1.20412,1.2022617
mb-08826,train,1.6434526,1.5891564,1.60206,1.5383224
mb-01129,train,1.7323937,1.7035708,1.60206,1.5250734
mb-00835,train,2.2355282,2.2999597,2.0253057,2.0150838
mb-05747,train,1.6434528,1.6392239,1.20412,1.2040559
mb-08423,train,1.9190781,1.9438251,1.5314789,1.6640196
mb-09251,train,1.3222193,1.3649027,1.1139433,1.1564548
mb-08950,train,1.8512583,1.8571467,1.3802112,1.4378607
mb-10581,train,1.462398,1.3368188,1.2552725,1.1249479
mb-06553,train,1.863323,1.8324823,1.6127839,1.5760283
mb-09681,train,1.5682018,1.5546777,1.4149734,1.3934662
mb-05981,train,2.0086002,2.0165124,1.2552725,1.2691681
mb-07532,train,1.8260748,1.801053,1.3802112,1.3097752
mb-06618,train,2.1271048,2.0726175,1.763428,1.7298344
mb-02310,train,1.39794,1.522092,1.30103,1.3595393
mb-08742,train,1.7993405,1.6878321,1.5797836,1.523488
mb-01147,train,0.47712126,0.42138588,0.30103,0.2282362
mb-08275,train,2.0170333,2.092056,1.7781513,1.8527936
mb-07932,train,2.3053513,2.2619457,1.90309,1.9370377
mb-00361,train,1.2552725,1.2809327,0.9542425,1.0067953
mb-00407,train,2.0293837,2.00155,1.7242758,1.6629153
mb-09713,train,2.1105897,2.1014202,1.60206,1.8475966
mb-07624,train,2.0,2.0751839,1.748188,1.8096462
mb-10387,train,1.763428,1.775589,1.447158,1.443741
mb-02129,train,2.0043213,1.9938678,1.8808136,1.7667474
mb-02617,train,2.064458,2.0734134,1.6532125,1.7169926
mb-00978,train,2.4082398,2.33744,2.139879,2.0714798
mb-10580,train,1.30103,1.4204264,1.0,1.1549397
mb-05030,train,2.143015,2.0739086,1.9294189,1.9094737
mb-02614,train,1.9190781,1.9192522,1.6434526,1.7589598
mb-09642,train,2.2764618,2.225058,1.8808136,1.8654451
mb-07472,train,1.6334685,1.6428545,1.3424227,1.3062277
mb-01079,train,1.8920946,1.8223138,1.5440681,1.5436481
mb-08315,train,2.1818438,2.185046,1.6627579,1.7268316
mb-02500,train,1.1760913,1.391269,0.90309,1.0729551
mb-08940,train,2.0606978,1.8751926,1.7242758,1.6112146
mb-00602,train,2.0827854,2.0572398,1.8325089,1.7837597
mb-10406,train,1.6434526,1.5758874,1.447158,1.3853174
mb-06715,train,2.1553361,2.1856022,1.9444827,1.9406792
mb-03213,train,2.3222194,2.3688302,2.0681858,2.0577028
mb-04834,train,1.5563024,1.6408693,1.5185139,1.5118278
mb-01357,train,2.2966652,2.306273,2.0530784,1.9721682
mb-06403,train,2.0170333,2.00787,1.6720978,1.7097974
mb-03944,train,1.7403626,1.789561,1.6720978,1.6674203
mb-01437,train,2.1038036,2.1396308,1.8573325,1.8760957
mb-01575,train,2.146128,2.1799388,1.8573325,1.9006639
mb-04802,train,1.8260748,1.8476385,1.5185139,1.4892229
mb-06112,train,2.0530784,2.0547564,1.9395193,1.9504204
mb-07826,train,1.6627579,1.7818197,1.3617278,1.4602827
mb-03282,train,1.9030899,1.8636079,1.6720978,1.7017488
mb-03501,train,1.763428,1.7578063,1.3802112,1.4016666
mb-06458,train,1.5682018,1.6320668,1.230449,1.3008695
mb-02544,train,1.9731278,1.9728472,1.5682018,1.5958674
mb-05809,train,2.2671716,2.2734878,1.8692317,1.956277
mb-03685,train,2.3053513,2.3035188,2.0128372,1.9884307
mb-05800,train,2.240549,2.1554313,2.0606978,2.048425
mb-03352,train,1.9731278,1.7832258,1.462398,1.3275948
mb-01432,train,0.7781513,0.82978654,0.30103,0.31735694
mb-02759,train,2.1038036,2.064741,1.6720978,1.636449
mb-09617,train,2.064458,2.139693,1.5797836,1.6909312
mb-02080,train,0.4771213,0.7137996,0.60206,0.80982834
mb-08441,train,2.2355282,2.237024,2.0253057,2.0273209
mb-00731,train,2.1172714,2.1446733,1.7075702,1.7366337
mb-04017,train,2.0569048,2.1063533,1.2552725,1.2782423
mb-06481,train,2.10721,2.1194637,1.8129133,1.8084698
mb-03397,train,2.3996737,2.2935753,2.3838153,2.2758446
mb-09814,train,1.4913617,1.6469648,1.4149734,1.5452217
mb-04993,train,2.2988532,2.237208,1.8260748,1.73631
mb-00655,train,2.143015,2.1655228,1.6532125,1.6860569
mb-00049,train,2.1846914,2.107835,1.7242758,1.7200615
mb-08583,train,2.0334237,2.0451574,1.6232493,1.753037
mb-06394,train,2.346353,2.1707282,2.0413928,1.8570683
mb-01527,train,0.9542425,1.0042324,0.7781513,0.80489624
mb-05186,train,2.217484,2.194806,1.690196,1.753064
mb-01833,train,2.0211892,2.073695,1.6532125,1.6497117
mb-08256,train,1.3010299,1.2617629,1.0791812,1.0730045
mb-03918,train,1.6720979,1.7178766,1.2552725,1.3350799
mb-04848,train,2.1958995,2.2147582,1.9542425,1.9192009
mb-08982,train,1.4913617,1.5191097,1.2787536,1.2648543
mb-08617,train,2.133539,2.1821094,1.8808136,1.9715271
mb-08993,train,2.3364596,2.1693304,1.6434526,1.5496703
mb-04081,train,1.8129134,1.8920678,1.5440681,1.6263536
mb-09939,train,1.4149733,1.3376534,1.0791812,1.0404153
mb-09436,train,2.1818435,2.1797013,1.8750613,1.8599815
mb-02363,train,1.7708521,1.7549055,1.3424227,1.3569936
mb-08635,train,2.1731863,2.1627586,1.5682018,1.5624564
mb-05076,train,1.20412,1.1596676,0.60206,0.5635736
mb-06326,train,2.1673174,2.1673925,1.7323937,1.7072009
mb-02144,train,1.3222194,1.3884596,0.7781513,0.8517377
mb-02553,train,1.5682018,1.5458736,1.3617278,1.3202944
mb-00188,train,1.5682018,1.6433904,1.2787536,1.3271506
mb-03731,train,1.8573325,1.8647186,1.7160033,1.6754247
mb-09231,train,1.7323937,1.7300441,1.3222193,1.3525767
mb-09693,train,2.3838153,2.5297642,2.0211892,2.2043867
mb-05155,train,1.7323937,1.636539,1.3222193,1.3221487
mb-00999,train,1.6989701,1.6855145,1.2552725,1.2344362
mb-04843,train,1.5440681,1.6911926,1.462398,1.5527592
mb-01438,train,2.3384564,2.273755,1.9731278,1.8961565
mb-03329,train,2.510545,2.339991,2.3324385,2.1322894
mb-08602,train,2.0211892,2.0510144,1.7075702,1.8777006
mb-10083,train,2.2718415,2.282692,1.8260748,1.967845
mb-03129,train,2.264818,2.1442194,1.6127839,1.5650574
mb-01075,train,2.1731863,2.2525525,1.8388491,1.9664296
mb-01755,train,1.90309,1.8896616,1.5797836,1.5690148
mb-04110,train,1.763428,1.7505267,1.50515,1.4968375
mb-01402,train,1.7403626,1.7574439,1.447158,1.4946327
mb-04256,train,1.9731278,1.9716818,1.845098,1.7712559
mb-05417,train,2.064458,2.0582616,1.845098,1.8661959
mb-02133,train,1.7853298,1.7752072,1.5185139,1.54503
mb-02163,train,1.8129134,1.8094611,1.5563025,1.5307709
mb-07237,train,2.198657,2.2096198,1.8573325,1.8567765
mb-01350,train,0.845098,0.821229,0.69897,0.6396107
mb-01962,train,1.5910647,1.6684351,1.3424227,1.4310408
mb-04128,train,2.1367207,2.0635548,1.819544,1.7532165
mb-04913,train,1.7323937,1.739243,1.146128,1.1986575
mb-08643,train,2.3673558,2.3989022,1.9822712,2.021834
mb-06830,train,1.8260748,1.79989,1.5185139,1.4724634
mb-08847,train,2.292256,2.3149967,2.2380462,2.1787453
mb-10480,train,1.6334684,1.7193143,0.9542425,1.0343099
mb-04694,train,1.724276,1.6381437,1.5682018,1.5121195
mb-08676,train,1.9084849,1.8919196,1.447158,1.4917512
mb-03689,train,2.307496,2.2949364,2.0606978,2.091378
mb-02576,train,2.2787535,2.3018904,1.9867717,1.993434
mb-02820,train,1.8388491,1.7864759,1.3802112,1.3076775
mb-00506,train,2.143015,2.18621,1.6334685,1.6638985
mb-05973,train,2.0934217,2.0934181,1.7075702,1.6761304
mb-05566,train,1.6127839,1.6669643,1.230449,1.2850915
mb-05544,train,2.0211895,2.0258684,1.6127839,1.5813019
mb-03620,train,1.230449,1.2413216,1.0,1.034712
mb-10923,train,2.0606978,2.0896597,1.8573325,1.8383275
mb-03746,train,1.7403626,1.6775095,1.6232493,1.5283866
mb-07578,train,1.3802112,1.4041857,0.9542425,0.9096061
mb-01732,train,2.0043216,2.0398326,1.462398,1.4477035
mb-04353,train,1.8808136,1.8707076,1.462398,1.4559083
mb-04990,train,2.0334237,2.0760198,1.8864907,1.8448602
mb-01758,train,2.0253057,2.0160995,1.845098,1.8298721
mb-09686,train,2.1931248,2.173822,1.8512584,1.830326
mb-09548,train,1.9444827,1.9160072,1.7323937,1.6725179
mb-01417,train,2.3117537,2.2865632,1.80618,1.8006318
mb-08488,train,2.1139433,2.1172023,1.7853298,1.7732567
mb-00411,train,1.3802112,1.5419954,1.39794,1.4055326
mb-03433,train,1.80618,1.8841026,1.4149734,1.4210228
mb-00066,train,1.6532125,1.638533,1.5185139,1.5152931
mb-09978,train,0.47712126,0.49435395,0.0,-0.00621891
mb-06930,train,1.7993405,1.7680132,1.6720978,1.6365664
mb-03274,train,2.1903317,2.222234,1.8129133,1.7848891
mb-05756,train,1.462398,1.4424466,1.3617278,1.3280448
mb-00217,train,2.1430147,2.093355,1.9590414,1.9555814
mb-01153,train,1.1760912,1.3220518,1.0791812,1.1695284
mb-06434,train,2.292256,2.3143628,1.9395193,1.9488814
mb-02165,train,1.9344984,1.9219944,1.6434526,1.5870544
mb-07439,train,1.146128,1.2853255,0.69897,0.82918906
mb-02298,train,1.968483,1.9373112,1.2552725,1.293396
mb-03975,train,2.3324385,2.2645986,1.908485,1.8772191
mb-01839,train,1.9542425,1.9002962,1.4149734,1.4258915
mb-09117,train,1.4913617,1.304882,1.2552725,1.0806239
mb-06346,train,2.4361625,2.364069,2.089905,2.000856
mb-04702,train,2.0530784,2.0053773,1.8388491,1.7377322
mb-01263,train,1.8633229,1.9031265,1.4149734,1.4173424
mb-04013,train,1.6720978,1.6227653,1.5314789,1.4860648
mb-03870,train,1.9777236,1.8333231,1.7923917,1.6122426
mb-02657,train,2.357935,2.2979348,1.8976271,1.935265
mb-09941,train,2.2810333,2.2616744,1.8864907,1.941414
mb-06169,train,2.3673558,2.2651305,1.9867717,1.9236385
mb-05508,train,1.9542425,1.976724,1.6434526,1.6227406
mb-08327,train,2.569374,2.6580217,2.3138673,2.3351665
mb-07885,train,1.0,0.91969204,0.60206,0.5296186
mb-05719,train,1.60206,1.4906445,1.3802112,1.3139188
mb-06428,train,1.5440681,1.7292323,1.3802112,1.4153521
mb-03811,train,1.462398,1.4385903,1.30103,1.311773
mb-02729,train,0.30103,0.36216483,0.0,0.037708163
mb-08386,train,1.8808136,1.877536,1.0,0.99479693
mb-06604,train,1.90309,1.9238559,1.6532125,1.7135689
mb-01395,train,1.4313638,1.3484684,1.230449,1.1522334
mb-09942,train,2.0334237,1.918843,1.5185139,1.4127506
mb-09884,train,1.4913617,1.5825713,1.3802112,1.2955277
mb-06693,train,0.845098,0.91733,0.47712126,0.5471078
mb-03142,train,1.0,1.1140897,0.9542425,0.9949204
mb-10961,train,1.9294189,2.1125746,1.69897,1.8072667
mb-00335,train,1.8633229,1.8170688,1.60206,1.6077837
mb-01200,train,1.1760913,1.2384496,0.69897,0.7599357
mb-04936,train,1.462398,1.4217134,1.230449,1.183099
mb-10275,train,2.209515,2.1308186,1.8573325,1.7854353
mb-00018,train,1.9138138,2.0247471,1.6434526,1.757089
mb-06447,train,1.5314789,1.5572522,1.3222193,1.3626261
mb-09568,train,1.9867717,2.0582612,1.748188,1.786913
mb-05890,train,2.39794,2.3025641,1.9912261,1.9902532
mb-04715,train,2.0,1.9913703,1.7323937,1.7925534
mb-00722,train,1.9344984,1.8366275,1.6232493,1.5480297
mb-02316,train,1.690196,1.6915008,1.4771212,1.4736329
mb-01371,train,2.1760912,2.145154,1.6232493,1.6570215
mb-02058,train,0.90309,0.96854895,0.9542425,0.91936433
mb-02486,train,2.1702616,2.2107131,1.8573325,1.901228
mb-05627,train,2.2552726,2.2258494,1.8512584,1.8311032
mb-01737,train,2.0170333,2.058402,1.5314789,1.5780365
mb-04551,train,1.8260747,1.7627842,1.7160033,1.6217413
mb-08014,train,1.6812413,1.6978688,1.3617278,1.3657712
mb-06364,train,2.2855573,2.3197708,1.9344984,1.945755
mb-01915,train,2.1673174,2.1722763,1.6812413,1.72
mb-03100,train,1.9777236,1.9895145,1.8692317,1.7897085
mb-10937,train,2.2405493,2.2489533,2.0413928,2.044522
mb-08240,train,1.7403628,1.664284,1.2787536,1.182433
mb-10617,train,2.198657,2.034416,1.6232493,1.6045157
mb-03289,train,1.7160033,1.676579,1.0791812,1.0609746
mb-09329,train,2.2405493,2.1713243,1.968483,1.8677862
mb-10811,train,1.4471581,1.4502562,1.1760913,1.1203561
mb-07756,train,1.9242793,1.897789,1.4913617,1.5158309
mb-00691,train,1.8976271,1.8677579,1.50515,1.5256301
mb-07945,train,1.30103,1.3077313,0.9542425,0.9524193
mb-09502,train,1.2552725,1.2015082,1.0,0.92585814
mb-07444,train,1.8976271,1.9968026,1.6232493,1.7016368
mb-08802,train,2.178977,2.2321424,1.5910646,1.5492178
mb-02927,train,2.3031962,2.304701,1.8260748,1.8293982
mb-07864,train,1.5314789,1.4658883,1.2787536,1.1927015
mb-07750,train,1.6127838,1.6008421,1.447158,1.3205478
mb-05398,train,1.6020601,1.617967,1.2787536,1.2345641
mb-07481,train,2.1003706,2.0749214,1.8750613,1.7939738
mb-10510,train,2.1818438,2.0320227,1.4313638,1.4214717
mb-04306,train,1.8808136,1.8267167,1.7160033,1.6512218
mb-00805,train,2.1038036,1.9976188,1.7403626,1.6589887
mb-09049,train,1.908485,1.971189,1.4913617,1.542858
mb-09239,train,2.2810333,2.2186189,1.8920946,1.8572772
mb-05183,train,1.8864908,1.8248886,1.4913617,1.4967192
mb-00811,train,2.09691,2.1738534,1.8260748,1.9046191
mb-10638,train,2.2944663,2.2386103,2.0374265,1.8784066
mb-01764,train,2.0606978,2.0176806,1.8692317,1.8045728
mb-03509,train,2.2878017,2.3666885,1.9190781,2.032233
mb-02452,train,1.7781513,1.6747868,1.5797836,1.4972975
mb-03851,train,0.0,1.6334071,1.3222193,1.3750144
mb-02024,train,2.4183013,2.3885162,2.1139433,2.0511467
mb-04504,train,0.90309,0.88906896,0.60206,0.5621156
mb-08188,train,1.3424227,1.3953711,1.50515,1.4509416
mb-02646,train,2.1172714,2.168322,1.6127839,1.6389899
mb-04245,train,1.80618,1.8088076,1.4313638,1.5299084
mb-09892,train,1.968483,2.0213165,1.7160033,1.6777514
mb-01697,train,2.161368,2.1700602,1.763428,1.7956779
mb-06782,train,1.6812413,1.6533252,1.5185139,1.4776968
mb-06948,train,1.9867717,1.9147562,1.3802112,1.3231969
mb-05451,train,2.269513,2.272483,2.0374265,2.0054388
mb-04870,train,1.7403626,1.672514,1.60206,1.5724797
mb-10856,train,2.0374265,1.989882,1.7075702,1.7071356
mb-08878,train,1.6127839,1.5999787,1.3424227,1.3869077
mb-02686,train,2.2121875,2.1809745,1.8692317,1.7785336
mb-04138,train,1.8388491,1.8575938,1.3617278,1.3630377
mb-08542,train,1.5440681,1.5872221,1.4149734,1.4600507
mb-08588,train,2.133539,2.1153593,1.90309,1.8389785
mb-05677,train,2.3802114,2.3757513,2.09691,2.0453393
mb-07148,train,1.9956353,1.9463284,1.5563025,1.5292681
mb-02879,train,1.9822712,1.9389596,1.50515,1.5021
mb-02094,train,1.9242792,1.9638456,1.763428,1.7474996
mb-08821,train,1.60206,1.6132833,1.3802112,1.3757575
mb-01319,train,1.5682018,1.6049515,1.3802112,1.4796851
mb-10630,train,2.120574,2.1701734,1.9777236,1.8873258
mb-08693,train,1.5563025,1.4871237,1.3424227,1.3068813
mb-07025,train,2.230449,2.1795318,1.8692317,1.8266954
mb-10001,train,2.243038,2.2348595,2.0170333,2.097759
mb-08165,train,2.0043213,2.003241,1.4771212,1.4589733
mb-04292,train,1.0,1.0770801,0.90309,0.9590594
mb-00748,train,1.4913617,1.5658395,1.20412,1.2517123
mb-04880,train,1.9590414,1.8620663,1.5797836,1.4486172
mb-01444,train,1.6812413,1.6425817,1.3802112,1.3317573
mb-04584,train,2.1038039,2.074716,1.8512584,1.8180541
mb-08337,train,1.6127839,1.6862876,1.230449,1.3314862
mb-01552,train,2.1875207,2.1777277,1.8920946,1.8476754
mb-02095,train,2.2121875,2.1759064,1.7558749,1.7084668
mb-08698,train,1.724276,1.7569468,1.1760913,1.2919127
mb-09534,train,2.0128374,1.9910092,1.4313638,1.4350994
mb-00795,train,2.0170333,1.9474692,1.748188,1.6692426
mb-02900,train,2.2148438,2.2392135,1.6532125,1.7159553
mb-03038,train,1.9138138,1.9809612,1.80618,1.8348695
mb-00797,train,2.230449,2.109363,1.7993406,1.7347258
mb-08504,train,2.2121875,2.2453036,1.7558749,1.7504606
mb-04881,train,1.2041199,1.1418389,1.0413927,1.024719
mb-00801,train,1.6812412,1.693985,1.3222193,1.3211545
mb-05045,train,2.0492182,2.075387,1.7781513,1.8624386
mb-02971,train,2.4487062,2.3519504,2.0128372,2.0463612
mb-09230,train,2.3283796,2.2907958,1.90309,1.9275049
mb-06521,train,1.5797837,1.5463016,1.30103,1.2625848
mb-02995,train,1.763428,1.7413852,1.4771212,1.4556513
mb-00246,train,1.5440681,1.5777912,1.39794,1.4359667
mb-04539,train,2.2430382,2.331015,1.9242793,1.875823
mb-00799,train,2.045323,2.1613462,1.4913617,1.5585282
mb-01791,train,1.4913616,1.5656679,1.0791812,1.1791502
mb-03413,train,2.4248815,2.4552896,2.1818435,2.1283007
mb-00633,train,1.8325089,1.8543745,1.146128,1.148251
mb-10114,train,1.9242792,1.9673362,1.690196,1.6777242
mb-06836,train,1.748188,1.7961602,1.447158,1.4884284
mb-09171,train,2.1139433,2.315039,1.8512584,1.940119
mb-10153,train,1.5682018,1.9535115,1.462398,1.7226384
mb-03168,train,1.6334685,1.599441,1.462398,1.441334
mb-03520,train,2.307496,2.347613,2.1105897,2.1157775
mb-05763,train,1.60206,1.7212529,1.3802112,1.526842
mb-04983,train,2.1003706,2.0361133,1.908485,1.8767476
mb-01090,train,1.5314789,1.4793571,1.2552725,1.1605389
mb-09198,train,1.9822713,1.987476,1.6812413,1.6806026
mb-02930,train,1.9344985,1.978768,1.6127839,1.6910272
mb-08531,train,2.0791812,2.1464117,1.748188,1.7884507
mb-03115,train,1.1760912,0.9416348,1.0413927,0.7699829
mb-00675,train,1.5682018,1.5480498,1.3617278,1.3024601
mb-05478,train,0.8450981,0.8502686,0.60206,0.57906723
mb-04572,train,1.8692317,1.8868179,1.5440681,1.5544784
mb-01076,train,1.7993405,1.7425015,1.2552725,1.2412989
mb-00059,train,1.8129134,1.7281135,1.5563025,1.52844
mb-02093,train,2.0,2.0235825,1.8750613,1.9168632
mb-07346,train,1.5563024,1.5991331,1.3222193,1.3411638
mb-00531,train,1.0,1.1378086,0.7781513,0.8487305
mb-05733,train,1.94939,1.9237062,1.4913617,1.4620436
mb-04613,train,2.064458,2.115336,1.9190781,1.9973745
mb-00779,train,2.1583624,2.0290062,1.8808136,1.8133821
mb-10966,train,1.763428,1.8183671,1.50515,1.5077379
mb-00753,train,1.6627579,1.7825657,1.5440681,1.6201191
mb-00681,train,1.7323937,1.5883691,1.447158,1.3130592
mb-08426,train,1.9444828,1.9771143,1.3424227,1.3574172
mb-02397,train,1.9190781,2.0140362,1.2787536,1.4079353
mb-09734,train,2.1335387,2.1374576,1.3222193,1.3248314
mb-03334,train,2.178977,2.0657506,2.075547,1.9431617
mb-01091,train,1.2552725,1.3518741,1.1139433,1.1645793
mb-08093,train,1.1139433,1.3189739,0.845098,0.9468437
mb-03739,train,1.7558749,1.7120591,1.5682018,1.5639331
mb-09645,train,1.5440681,1.4629955,1.3802112,1.3374374
mb-08161,train,1.544068,1.6573756,1.5185139,1.5202864
mb-05371,train,1.748188,1.6968449,1.3617278,1.3450884
mb-07855,train,1.4623979,1.4946953,1.6434526,1.4604212
mb-07821,train,1.230449,1.2314893,0.90309,0.9051856
mb-06322,train,1.8692317,1.8058879,1.690196,1.6233149
mb-00435,train,1.69897,1.7462257,1.4771212,1.5398109
mb-10563,train,1.80618,1.8909843,1.3802112,1.4654655
mb-07675,train,1.6532125,1.6134359,1.462398,1.4405543
mb-06883,train,1.7323937,1.761037,1.3617278,1.417946
mb-08641,train,1.748188,1.7902052,1.4771212,1.4745601
mb-09293,train,2.10721,2.2546148,1.5797836,1.6723604
mb-09809,train,2.269513,2.1941097,1.9777236,1.8815198
mb-07085,train,2.0413928,2.0463026,1.5185139,1.5164452
mb-00792,train,1.8573326,1.8979226,1.5563025,1.5968755
mb-05688,train,1.7160034,1.7429061,1.1139433,1.1123132
mb-08235,train,2.1522884,2.1145158,1.8573325,1.8415729
mb-00303,train,2.1702619,2.1395674,1.8260748,1.8240372
mb-09262,train,2.209515,2.2636545,1.9395193,1.8948816
mb-05376,train,2.3521824,2.2534416,2.049218,1.9348891
mb-09608,train,2.0170333,2.0511165,1.3222193,1.4216758
mb-03715,train,1.1139433,1.198704,1.0413927,1.0757287
mb-09842,train,1.6532125,1.5757759,1.2552725,1.2027018
mb-02853,train,2.2121878,2.1555781,1.908485,1.9201547
mb-04274,train,2.220108,2.2936852,1.8750613,1.9326091
mb-02187,train,2.1238515,2.1240857,1.845098,1.8057379
mb-08046,train,1.8325089,1.8218005,1.3802112,1.374073
mb-04348,train,2.0413928,2.1159441,1.6627579,1.7298402
mb-05340,train,2.326336,2.2840815,1.690196,1.6787091
mb-09103,train,1.3424227,1.3632307,0.90309,0.9154304
mb-10850,train,1.4771214,1.586279,1.2787536,1.3176107
mb-10758,train,2.3159704,2.3335319,1.8512584,1.9081018
mb-07197,train,2.499687,2.2722263,2.4653828,2.21833
mb-06390,train,1.7708521,1.7566143,1.230449,1.1859974
mb-08148,train,2.2944663,2.2377632,1.8573325,1.8208117
mb-09008,train,1.9637879,1.9322968,1.6334685,1.5754422
mb-05206,train,1.20412,1.267088,0.9542425,1.049768
mb-06209,train,2.1931245,2.1520905,1.8920946,1.8079721
mb-01613,train,2.139879,2.2933679,2.1760912,2.2550473
mb-10247,train,1.7853298,1.8631475,1.3617278,1.4085577
mb-01385,train,1.6812413,1.6883384,1.4313638,1.3866235
mb-07107,train,2.045323,2.137229,1.447158,1.515914
mb-10149,train,2.0043213,2.0513291,1.6532125,1.7603229
mb-01769,train,1.7993406,1.8242028,1.6334685,1.619273
mb-09725,train,1.7075702,1.7660371,1.3617278,1.4251696
mb-07194,train,2.4424796,2.3074799,2.4116197,2.2495017
mb-09796,train,1.6020601,1.5837005,1.1760913,1.1691287
mb-07634,train,2.0128372,2.1010585,1.8260748,1.8605995
mb-06623,train,2.0253057,1.9329381,1.7323937,1.6992439
mb-01551,train,1.5563024,1.5987556,1.4771212,1.4684232
mb-02636,train,2.2810335,2.3067312,1.908485,1.8634305
mb-07262,train,1.80618,1.7856109,1.39794,1.3598839
mb-05244,train,1.4149734,1.4775548,0.90309,0.94889015
mb-03029,train,2.2355285,2.3629096,2.0530784,2.0376332
mb-05648,train,1.8750613,1.9402767,1.30103,1.3715276
mb-09602,train,2.2355285,2.178216,1.7923917,1.7452115
mb-00492,train,1.8129134,1.8105341,1.4149734,1.3877456
mb-01463,train,1.94939,1.9818454,1.6532125,1.6634345
mb-10809,train,1.9344985,1.926965,1.4149734,1.4418457
mb-04981,train,2.3304138,2.2316828,1.94939,1.8473699
mb-00426,train,2.2479732,2.254546,2.146128,2.062973
mb-07342,train,1.6532124,1.5919728,1.3222193,1.308852
mb-10544,train,2.0681858,2.1826167,1.690196,1.8156519
mb-02271,train,2.3521826,2.2953377,2.2013972,2.083581
mb-04487,train,2.5051498,2.3621407,2.2278867,2.096259
mb-06253,train,2.060698,2.0744133,1.4913617,1.4991332
mb-10166,train,2.2764618,2.275425,2.09691,1.996939
mb-01807,train,1.8920946,1.9016405,1.6232493,1.6441022
mb-10572,train,1.5314789,1.510408,1.146128,1.1883874
mb-01114,train,1.2552725,1.2001774,0.845098,0.79405284
mb-04922,train,1.9444827,1.7996906,1.6334685,1.5030066
mb-03263,train,1.9590414,1.9258927,1.6720978,1.6565782
mb-10545,train,1.6232493,1.9392182,1.447158,1.6883293
mb-06838,train,1.6232493,1.6764259,1.447158,1.499688
mb-10685,train,2.3443923,2.2146995,2.0170333,1.9525344
mb-04466,train,2.0934217,2.1057272,1.4771212,1.5239478
mb-08068,train,2.1958995,2.2143295,1.690196,1.7227472
mb-09195,train,1.39794,1.4478003,1.146128,1.1683195
mb-01029,train,1.80618,1.7914195,1.2787536,1.2598133
mb-04373,train,1.7242758,1.6762626,1.4771212,1.4747574
mb-08522,train,1.5910646,1.5660384,1.3802112,1.4484432
mb-03686,train,1.7242758,1.7865524,1.4771212,1.5284567
mb-10043,train,2.2671719,2.303822,1.9395193,1.945909
mb-01250,train,1.0791813,1.0883111,0.7781513,0.8312646
mb-06725,train,1.9190781,1.992625,1.8325089,1.8612411
mb-09226,train,1.6334685,1.6141646,1.230449,1.1359419
mb-00498,train,1.9242792,1.907938,1.50515,1.4977064
mb-01866,train,2.2253094,2.213729,1.8692317,1.8635831
mb-02592,train,2.0334237,2.0596147,1.6720978,1.6845981
mb-03383,train,1.6020601,1.6143273,1.4149734,1.4003474
mb-06180,train,1.7708521,1.7552896,1.5563025,1.552109
mb-06695,train,1.3010299,1.3095543,1.0413927,0.97210145
mb-03495,train,2.029384,2.0017705,1.94939,1.8443518
mb-06258,train,2.0791812,2.0246537,1.7403626,1.6988258
mb-03532,train,1.8512583,1.873196,1.690196,1.6893843
mb-01586,train,1.0,0.9925793,0.7781513,0.78202343
mb-08042,train,1.9395192,1.9245012,1.6720978,1.6739928
mb-00483,train,2.071882,2.0145895,1.7923917,1.807698
mb-09415,train,2.240549,2.2794645,1.9956352,1.9618337
mb-06474,train,1.6901962,1.6855869,1.2787536,1.3414167
mb-05044,train,1.7923917,1.8131212,1.6720978,1.6843085
mb-02182,train,2.033424,1.9670612,1.6127839,1.6126672
mb-00732,train,2.0374265,2.056199,1.6627579,1.718324
mb-10035,train,2.164353,2.2478526,1.8808136,1.9699452
mb-05851,train,1.4313637,1.4099507,1.0791812,1.0440531
mb-01208,train,1.9542426,1.9136256,1.5563025,1.4611486
mb-04365,train,2.7101173,2.7539802,1.6127839,1.6623114
mb-08000,train,1.3979399,1.3067043,1.1139433,1.0513394
mb-02042,train,2.2878017,2.2609167,2.0374265,1.8877429
mb-05816,train,1.845098,1.8711462,1.3617278,1.345268
mb-07856,train,2.1238518,2.1457703,1.6812413,1.7346337
mb-10794,train,1.9344984,2.032489,1.8325089,1.8068722
mb-04379,train,2.1522882,2.1027484,1.6720978,1.6188568
mb-02299,train,1.7160033,1.7427891,1.4771212,1.4961281
mb-02519,train,2.38739,2.381519,2.0170333,2.0459864
mb-00003,train,2.1172714,2.0996547,1.7075702,1.6714545
mb-08193,train,1.7558749,1.8119704,1.3802112,1.4473001
mb-07435,train,1.0,1.068732,0.7781513,0.8543854
mb-06264,train,2.30103,2.1889048,2.1931245,2.1259398
mb-05003,train,2.1105897,2.0478706,1.763428,1.7151566
mb-05274,train,1.724276,1.6794572,1.3424227,1.2990621
mb-00428,train,2.1553361,2.0173082,1.9912261,1.8567201
mb-00534,train,1.7160034,1.5753511,1.5563025,1.4413412
mb-08978,train,2.10721,2.0972323,1.9542425,2.0251389
mb-09413,train,2.1818435,1.8779275,1.8750613,1.6037664
mb-02451,train,2.0170333,1.995463,1.845098,1.7917756
mb-03130,train,1.819544,1.8113674,1.4313638,1.4250314
mb-05562,train,1.4313638,1.4659774,1.146128,1.2429982
mb-08201,train,1.9637879,1.882096,1.4913617,1.5241795
mb-10670,train,2.130334,2.0969796,1.8976271,1.7820163
mb-09355,train,1.90309,1.8633058,1.4771212,1.457132
mb-03312,train,1.7242758,1.7654862,1.1139433,1.168707
mb-03838,train,1.1760913,1.1827244,1.2787536,1.2685002
mb-08757,train,2.1553361,2.146654,1.7558749,1.7985255
mb-06976,train,1.6901962,1.6449853,1.3424227,1.3686875
mb-06349,train,1.6127839,1.5858333,1.2552725,1.2726814
mb-02132,train,1.5185139,1.562025,1.2552725,1.2989324
mb-03817,train,1.7993405,1.9624586,1.7242758,1.8509926
mb-05396,train,1.9590415,1.9989723,1.5563025,1.6560438
mb-03937,train,1.9822712,1.8965633,1.690196,1.6484026
mb-04534,train,2.1903317,2.1133485,1.8512584,1.7844645
mb-04303,train,1.748188,1.7205987,1.2552725,1.2667255
mb-03438,train,1.462398,1.487517,1.30103,1.2942548
mb-01670,train,2.1673174,2.1140862,1.9242793,1.8858902
mb-03405,train,1.819544,1.894672,1.5185139,1.6208208
mb-02762,train,1.4149734,1.414916,1.20412,1.1774931
mb-07034,train,1.5440681,1.583753,1.3424227,1.3104609
mb-00592,train,1.361728,1.4060432,1.1760913,1.1598885
mb-03871,train,2.1367207,2.1577535,1.6812413,1.6902766
mb-02209,train,1.8920946,1.8682835,1.4149734,1.4067254
mb-09684,train,2.1673174,2.1605482,1.7075702,1.7379764
mb-10660,train,2.311754,2.2610588,1.94939,1.8978162
mb-07178,train,2.0606978,2.0276036,1.7160033,1.7371086
mb-02684,train,1.5797836,1.5611444,1.3222193,1.3183492
mb-00957,train,1.146128,1.230104,0.90309,0.9854295
mb-08615,train,1.6720978,1.7754347,1.5185139,1.6034529
mb-10361,train,1.9637879,2.1449904,1.7993406,1.9491843
mb-00305,train,1.3617278,1.299248,1.0413927,1.0376797
mb-07466,train,2.0530784,1.8517381,1.6532125,1.5804689
mb-04905,train,2.3673558,2.2115276,2.075547,1.8792439
mb-10876,train,2.5465426,2.5441666,2.243038,2.2191257
mb-01408,train,1.1139433,1.4334722,1.146128,1.2179663
mb-00388,train,2.3502479,2.2716887,2.0211892,1.8693013
mb-09278,train,1.2787536,1.3528084,1.20412,1.1802183
mb-04651,train,1.8388491,1.8151969,1.6232493,1.6459414
mb-06061,train,1.7634281,1.7940035,1.5563025,1.5352747
mb-01992,train,1.7558749,1.784364,1.462398,1.4958159
mb-10541,train,1.5910646,1.5703027,1.2552725,1.2381368
mb-02128,train,1.9444827,1.870026,1.5185139,1.4640882
mb-06232,train,1.447158,1.4476726,1.3222193,1.3405949
mb-01725,train,1.8633229,1.8820164,1.39794,1.4061368
mb-00114,train,2.1702616,2.1677163,1.748188,1.8128173
mb-04672,train,1.230449,1.1747819,0.90309,0.8315216
mb-07516,train,1.7242758,1.7130585,1.2552725,1.2421261
mb-10181,train,2.0043213,2.0451164,1.447158,1.4945891
mb-04096,train,1.9731278,1.9196869,1.5440681,1.5261341
mb-08839,train,1.8260747,1.7126417,1.447158,1.410116
mb-06476,train,2.5365584,2.4126759,2.089905,2.0878186
mb-08299,train,2.30103,2.3413022,2.0374265,2.073991
mb-04396,train,2.1238515,2.0782447,1.7923917,1.7133253
mb-04185,train,1.6127839,1.69598,1.146128,1.2263201
mb-10521,train,2.2253094,2.218433,2.0374265,2.077145
mb-07477,train,1.8260747,1.8036058,1.5910646,1.5658889
mb-08373,train,1.6720979,1.8070502,1.30103,1.4526527
mb-00683,train,2.1003706,2.0628774,1.6532125,1.6042082
mb-01468,train,2.0211892,2.1390302,1.90309,1.8652189
mb-06379,train,1.5185139,1.3937869,1.3424227,1.2078344
mb-09322,train,2.340444,2.327227,2.0569048,2.0395856
mb-00409,train,1.7923918,1.7066814,1.3424227,1.2547973
mb-05153,train,1.3802112,1.4837643,1.0,1.095568
mb-04126,train,2.0530784,2.103621,1.9344984,1.938073
mb-01426,train,2.161368,2.2240355,1.9637878,1.9939104
mb-10293,train,2.120574,2.2386885,1.9344984,1.8944526
mb-10036,train,2.3443923,2.345466,2.1673174,2.1750855
mb-07812,train,1.763428,1.6325405,1.6532125,1.4883021
mb-06495,train,1.8864908,1.9252819,1.2787536,1.3115042
mb-01706,train,1.9912261,1.9918654,1.7075702,1.7505628
mb-06603,train,2.0043213,2.0938327,1.8976271,1.9235264
mb-06559,train,2.3541083,2.35812,2.064458,1.9935677
mb-08370,train,1.9637878,1.9542426,1.462398,1.4809399
mb-08400,train,1.8512583,1.9220426,1.5797836,1.6857401
mb-03902,train,1.968483,2.0075712,1.7781513,1.8039802
mb-08127,train,1.3424227,1.2034152,0.90309,0.772641
mb-02035,train,2.2648177,2.221558,1.8692317,1.7617542
mb-00128,train,2.2013972,2.2182944,1.9542425,1.9374045
mb-00992,train,1.6627578,1.6500041,1.3222193,1.3434691
mb-10113,train,2.0681858,1.946203,1.4771212,1.4154881
mb-05100,train,2.25042,2.2618103,1.9138138,1.8957827
mb-10980,train,1.819544,2.0888627,1.8388491,1.9231753
mb-09581,train,2.1760912,2.185361,1.7853298,1.8517734
mb-10648,train,2.08636,2.0803869,1.9242793,1.8549988
mb-03358,train,2.357935,2.3604512,1.908485,1.9529237
mb-00595,train,2.0413928,1.9968826,1.8633229,1.7589428
mb-04767,train,1.0791813,1.1077054,0.7781513,0.7941805
mb-04428,train,0.69897,0.8330582,0.47712126,0.60400033
mb-00776,train,2.2253094,2.1328027,1.9777236,1.8581506
mb-09558,train,2.1271048,2.1131477,1.8808136,1.8769908
mb-05384,train,1.8388491,1.7944291,1.5910646,1.5340873
mb-00883,train,2.2278867,2.1950808,2.1038036,2.0624683
mb-03790,train,2.139879,2.1529484,1.763428,1.7819009
mb-09512,train,1.8692317,1.7816994,1.4149734,1.3169191
mb-00010,train,1.8864907,1.9703151,1.770852,1.8456247
mb-06754,train,2.2380462,2.2871177,1.8864907,1.9378887
mb-00043,train,1.9294189,1.9090407,1.5797836,1.5945756
mb-04720,train,2.029384,2.0047257,1.8750613,1.8289461
mb-09432,train,1.5797837,1.5806606,0.9542425,0.96578443
mb-10918,train,2.120574,2.2014706,1.8512584,1.8954413
mb-07388,train,1.9731278,1.9944334,1.5185139,1.5680499
mb-08822,train,1.5910647,1.5534781,1.1760913,1.1479063
mb-09928,train,1.8129134,1.7975296,1.4149734,1.3882895
mb-04970,train,2.3031962,2.3136992,1.4313638,1.4296927
mb-09060,train,2.3096302,2.1941738,1.908485,1.8237128
mb-09898,train,1.763428,1.5991085,1.4913617,1.2754409
mb-07834,train,1.9444827,1.9097533,1.6812413,1.6525434
mb-10869,train,2.2741578,2.3106756,1.845098,1.9644794
mb-08455,train,2.0374265,2.0518093,1.5314789,1.5030938
mb-01657,train,2.1903317,2.1683397,1.9294189,1.8964899
mb-09518,train,1.4313638,1.4872706,1.1760913,1.2207751
mb-00012,train,1.3222193,1.3313742,1.0791812,1.0664141
mb-02749,train,2.133539,2.2048726,1.9867717,2.06889
mb-03751,train,1.6532125,1.588484,1.462398,1.4019198
mb-05511,train,1.2552725,1.4121218,0.9542425,1.1170204
mb-01101,train,1.544068,1.5435406,1.3222193,1.3376197
mb-00439,train,2.0863597,2.147912,1.5797836,1.6341962
mb-10569,train,1.9956353,1.9133656,1.3802112,1.3500264
mb-09376,train,2.4771214,2.3449907,2.2944663,2.172662
mb-05606,train,2.2878017,2.2463598,1.7923917,1.7349188
mb-09027,train,1.0413927,1.0789019,0.69897,0.72788316
mb-03859,train,0.9542425,1.0067312,0.7781513,0.8277034
mb-05831,train,1.7323937,1.6784382,1.3424227,1.3410133
mb-09868,train,1.4913617,1.4731944,1.2552725,1.2125449
mb-10388,train,1.8633227,1.8648717,1.447158,1.4657423
mb-01562,train,2.25042,2.2050502,1.8808136,1.8020382
mb-04556,train,1.8573325,1.8668859,1.230449,1.266012
mb-05365,train,1.9294189,1.9396232,1.7323937,1.7129759
mb-02435,train,2.209515,2.2005095,1.7075702,1.7175205
mb-10438,train,2.3944516,2.313049,2.0606978,1.9697732
mb-01053,train,1.6020601,1.49414,1.39794,1.3450278
mb-08377,train,0.60206,0.60175014,0.0,-0.009760857
mb-07964,train,2.1760912,2.2051277,1.447158,1.4862292
mb-00427,train,1.0413927,1.2612212,0.9542425,1.0694997
mb-02947,train,2.1172712,2.2136228,2.0791812,2.1225796
mb-05634,train,1.4149734,1.4244593,1.1760913,1.2517283
mb-10285,train,2.146128,2.1759713,1.50515,1.5772413
mb-03252,train,1.8808136,2.0338273,1.3802112,1.4453441
mb-05307,train,0.7781513,0.78992975,0.47712126,0.49110603
mb-07658,train,1.6812412,1.7089328,1.447158,1.4944932
mb-02812,train,1.748188,1.7271426,1.3617278,1.357337
mb-02685,train,1.9444827,2.0368114,1.6532125,1.7226377
mb-09774,train,1.8573325,1.8498534,1.3617278,1.3472915
mb-01649,train,1.3617278,1.3035873,0.47712126,0.2709186
mb-07428,train,1.2552725,1.4116111,0.90309,0.9931626
mb-10951,train,1.6989701,1.7191525,1.1139433,1.1284621
mb-06593,train,2.0530784,2.039075,1.819544,1.8062049
mb-01951,train,1.6127839,1.5665973,1.30103,1.285191
mb-04202,train,1.7323937,1.7159353,1.30103,1.3420476
mb-06713,train,2.09691,2.0830393,1.3802112,1.3823899
mb-03431,train,2.1038036,2.128604,2.0211892,2.021893
mb-06153,train,1.8260748,1.8713961,1.50515,1.5467975
mb-00812,train,2.133539,2.1564326,1.60206,1.6400756
mb-10069,train,1.748188,1.6377779,1.7242758,1.4519585
mb-03919,train,2.283301,2.3241286,1.9867717,1.9900749
mb-09081,train,2.049218,2.0885034,1.690196,1.717624
mb-08980,train,1.7781513,1.8612967,1.5797836,1.7066923
mb-05231,train,1.763428,1.764155,1.447158,1.4576995
mb-09776,train,1.6627579,1.6889887,1.1760913,1.2156103
mb-01232,train,1.0,1.0021213,0.69897,0.6842106
mb-02036,train,1.8260748,1.7221737,1.3617278,1.2889107
mb-09714,train,2.2810333,2.1868634,1.8864907,1.8882332
mb-06199,train,2.3521824,2.3532603,1.9637878,1.9319237
mb-07775,train,1.6232493,1.6126125,1.4149734,1.4136244
mb-01548,train,0.30103,0.3576902,0.0,0.0447309
mb-04196,train,2.1038036,2.1669242,1.7853298,1.838192
mb-09257,train,2.0827854,2.076307,1.819544,1.7472067
mb-09132,train,2.049218,1.8941797,1.447158,1.3110782
mb-09527,train,2.049218,2.0555553,1.8633229,1.9097493
mb-02815,train,1.2552725,1.2872583,0.9542425,1.0300694
mb-03590,train,1.9190781,1.9112914,1.6812413,1.6593924
mb-08729,train,1.5797837,1.5658662,1.30103,1.3094063
mb-06580,train,1.5440681,1.6408002,1.462398,1.3588483
mb-01193,train,2.075547,2.121513,1.7993406,1.8856966
mb-05466,train,1.9542426,1.8620126,1.6334685,1.4920112
mb-02586,train,1.80618,1.6461658,1.3617278,1.2362297
mb-10217,train,2.4149733,2.3674524,2.1139433,2.0449836
mb-04040,train,1.9138138,1.8751454,1.50515,1.4571878
mb-06433,train,2.209515,2.242548,1.9138138,1.934214
mb-09973,train,1.6720979,1.680092,1.2552725,1.2502812
mb-09002,train,1.3010299,1.1964197,1.1139433,1.0423999
mb-09320,train,2.2966652,2.297445,1.8976271,1.9615844
mb-03206,train,2.089905,2.0862267,1.9294189,1.870515
mb-08968,train,1.8260748,1.8107679,1.4913617,1.5023764
mb-00023,train,1.50515,1.5598006,1.3617278,1.3914022
mb-09032,train,2.311754,2.3077667,2.133539,2.1350827
mb-06824,train,2.2576785,2.317048,1.9190781,1.9852302
mb-07493,train,2.1903317,2.169374,1.9138138,1.9840387
mb-04371,train,2.0681858,2.0321915,1.7923917,1.7031194
mb-04403,train,2.0569048,2.0759907,1.690196,1.7344257
mb-10681,train,2.4502492,2.2776532,1.5563025,1.3919802
mb-05035,train,2.4440448,2.385276,2.1105897,2.0482664
mb-09724,train,2.2878017,2.2154841,1.9590414,1.9115998
mb-09295,train,1.8920946,1.8586934,1.6232493,1.5446426
mb-01273,train,1.9444826,1.8987882,1.447158,1.409028
mb-01835,train,2.363612,2.4252985,2.0530784,2.0984154
mb-06860,train,2.1818435,2.2261877,1.5797836,1.6015826
mb-04472,train,2.0453231,2.0749662,1.7993406,1.8486023
mb-06085,train,2.146128,2.2141418,1.7403626,1.7692039
mb-00486,train,1.8325089,1.8895669,1.50515,1.5485605
mb-09677,train,2.307496,2.299539,1.763428,1.7984846
mb-07074,train,2.25042,2.1885648,1.9242793,1.8929554
mb-09995,train,2.230449,2.2040539,1.3617278,1.3509194
mb-07737,train,2.0334237,2.0772557,1.6720978,1.6798451
mb-06330,train,2.0293837,1.9859054,1.5797836,1.5890714
mb-00496,train,2.1673174,2.179278,1.80618,1.828981
mb-04762,train,2.220108,2.2812502,2.139879,2.114845
mb-09129,train,1.6232493,1.490479,1.20412,1.1390675
mb-04510,train,1.9867718,1.9711843,1.7781513,1.7484562
mb-02523,train,2.243038,2.2477183,2.0374265,1.9885502
mb-10349,train,2.1038036,2.0965297,1.69897,1.7335672
mb-00372,train,1.7242758,1.715874,1.4771212,1.5499429
mb-03526,train,2.1702619,2.271976,1.9242793,1.992162
mb-01598,train,1.5051501,1.4481533,1.30103,1.2939128
mb-08992,train,2.1461282,2.152622,1.5563025,1.5728767
mb-10832,train,2.2253094,2.3155558,1.9637878,2.0270076
mb-00073,train,1.6020601,1.6400856,1.4913617,1.483825
mb-02770,train,1.50515,1.5427955,1.1139433,1.1472027
mb-07807,train,2.075547,2.096557,1.6812413,1.6499367
mb-05965,train,1.7558749,1.7806643,1.3424227,1.3139299
mb-00298,train,2.4265113,2.375237,2.1522884,2.057961
mb-09672,train,2.0043213,2.0034232,1.50515,1.4834259
mb-03320,train,1.9912261,1.9870747,1.6812413,1.6545749
mb-04601,train,1.3802112,1.5665883,0.9542425,1.0888693
mb-02222,train,2.0128372,1.8764788,1.69897,1.6063329
mb-01890,train,2.3692157,2.3691468,2.0293837,2.0262804
mb-10319,train,1.9444827,1.8523428,1.7075702,1.607217
mb-00809,train,2.0569048,2.0092027,1.8512584,1.7841306
mb-02473,train,0.4771213,1.1908249,1.146128,1.1010232
mb-01057,train,0.60205996,1.0101817,1.0,0.95550764
mb-01268,train,1.9444827,1.8840103,1.50515,1.586844
mb-03942,train,2.2600715,2.2639797,1.8976271,1.9420447
mb-06914,train,1.7923918,1.8423676,1.30103,1.3490249
mb-04955,train,1.1760912,1.1890489,0.845098,0.88593084
mb-02561,train,1.7558749,1.763014,1.447158,1.4684694
mb-09886,train,1.9731278,1.900173,1.7075702,1.6324279
mb-03603,train,2.060698,2.187915,1.462398,1.6091433
mb-04595,train,2.0530784,2.0732746,1.6720978,1.7689338
mb-01659,train,1.30103,1.1093354,1.4149734,1.2643971
mb-02123,train,2.20412,2.270757,1.8976271,2.010452
mb-02628,train,2.346353,2.3195171,1.9822712,1.9311613
mb-01926,train,1.4771214,1.2915846,1.7993406,1.2223171
mb-07787,train,2.0413928,2.0116968,1.7993406,1.7677802
mb-03095,train,1.8388492,1.8413188,1.462398,1.4829988
mb-10835,train,2.0211892,2.053011,1.690196,1.7161517
mb-02882,train,2.2430382,2.1714888,1.9190781,1.8793311
mb-09837,train,1.7075701,1.7399837,1.447158,1.4446652
mb-07915,train,2.2576785,2.307907,2.1875207,2.2124023
mb-06792,train,0.60206,0.5474111,0.30103,0.26661646
mb-02236,train,2.2121875,2.2155125,1.8808136,1.8410686
mb-03927,train,2.0,2.1655927,1.7923917,1.9053931
mb-00782,train,2.264818,2.2534685,2.143015,2.1324253
mb-04479,train,2.3384564,2.302906,1.9912261,1.9910593
mb-03663,train,2.0086002,2.1403513,1.7558749,1.8823777
mb-07924,train,0.60205996,0.9722576,0.90309,0.9655533
mb-05228,train,1.8512583,1.8505702,1.4771212,1.5881845
mb-00339,train,2.2405493,2.2176418,1.7853298,1.7853132
mb-10008,train,1.9344985,1.8747344,1.462398,1.3825821
mb-07316,train,2.0569048,2.1071868,1.3617278,1.4126865
mb-03254,train,1.8512583,1.8930597,1.60206,1.7449677
mb-03046,train,2.220108,2.22371,1.8976271,1.926843
mb-06877,train,1.230449,1.2844012,1.0413927,1.1244434
mb-02909,train,2.139879,2.1652393,2.064458,2.0755162
mb-09845,train,1.7160033,1.6168995,1.3802112,1.2407831
mb-03995,train,2.071882,2.054166,1.5563025,1.493061
mb-04427,train,1.6020601,1.311456,1.3424227,1.1098964
mb-02608,train,1.819544,1.8083708,1.4771212,1.4579233
mb-09475,train,2.2648177,2.250594,1.8692317,1.8792961
mb-03624,train,1.6532125,1.7693539,1.146128,1.2211505
mb-03001,train,2.1818438,2.2038326,1.8260748,1.8873053
mb-00056,train,2.0934217,2.0470958,1.9542425,1.9060143
mb-01194,train,1.50515,1.5027925,1.3222193,1.3603902
mb-09028,train,1.9190781,1.8286519,1.5797836,1.4834723
mb-10467,train,2.2174838,2.2326703,2.0211892,2.0870686
mb-00150,train,1.5314789,1.5720088,1.4771212,1.4707422
mb-10588,train,1.8920946,1.8792846,1.6627579,1.6402656
mb-02290,train,2.3521824,2.349923,2.0293837,2.0353732
mb-09726,train,1.3979399,1.3613316,0.845098,0.81208944
mb-09688,train,1.5797837,1.5248888,1.39794,1.2897142
mb-01453,train,2.049218,2.009508,1.7923917,1.7093523
mb-05464,train,2.0569048,2.0243914,1.69897,1.6653967
mb-02601,train,1.4313638,1.4550865,1.0413927,1.0596675
mb-09773,train,2.1903317,2.1732678,2.0,1.9524586
mb-00237,train,1.968483,1.9788222,1.5440681,1.5437617
mb-01597,train,1.5440681,1.4779878,1.3424227,1.3121645
mb-09219,train,2.1818435,2.1428258,1.7558749,1.7187617
mb-05135,train,1.763428,1.7732425,1.3222193,1.3867861
mb-02499,train,2.3053513,2.2621615,1.9190781,1.8764833
mb-04989,train,1.3617278,1.30479,0.845098,0.8203883
mb-03557,train,2.3560257,2.3151956,2.243038,2.2420218
mb-10736,train,1.6334684,1.6368294,1.3617278,1.338573
mb-06126,train,2.2900348,2.2579083,1.94939,1.9062045
mb-04724,train,1.8864908,1.9602581,1.7993406,1.856137
mb-03219,train,1.8195438,1.8991846,1.5314789,1.5924962
mb-10215,train,1.6232493,1.8177447,1.4913617,1.6016772
mb-08414,train,1.8808136,1.8291917,1.4771212,1.442011
mb-05019,train,2.133539,2.1351523,1.6434526,1.5200626
mb-05921,train,1.60206,1.6731148,1.1139433,1.1768938
mb-10559,train,1.8260748,1.7656935,1.7323937,1.626624
mb-07252,train,1.5185139,1.5072285,1.2787536,1.402005
mb-07632,train,1.8808136,1.8400358,1.39794,1.4104816
mb-10647,train,0.845098,0.8460962,0.69897,0.6653629
mb-09266,train,1.8325089,1.8970554,1.50515,1.5601189
mb-06843,train,2.1583624,2.1934032,1.69897,1.7129314
mb-07796,train,1.8808136,1.8030788,1.7075702,1.6246216
mb-04099,train,2.1846914,2.1532187,1.8692317,1.7723659
mb-04022,train,2.3201463,2.3268602,1.7323937,1.810342
mb-02803,train,1.4313638,1.36804,1.1760913,1.2070432
mb-07905,train,1.80618,1.8333685,1.6812413,1.6589028
mb-01326,train,1.5440681,1.5441628,1.4913617,1.407544
mb-04688,train,1.462398,1.5193619,1.1139433,1.1690785
mb-10903,train,1.8920946,1.9432467,1.4913617,1.4934003
mb-09833,train,1.9084849,1.8564053,1.4771212,1.4625473
mb-05582,train,2.2600713,2.2278078,1.8692317,1.9069549
mb-10605,train,0.30102992,1.5821217,1.5185139,1.4564927
mb-09481,train,1.9395192,1.891145,1.50515,1.4382932
mb-05825,train,2.2148438,2.2006316,1.690196,1.7048898
mb-02997,train,1.230449,1.2762116,1.0413927,1.0662102
mb-06270,train,1.146128,1.2194052,0.7781513,0.83628136
mb-06906,train,1.7075702,1.6908427,1.230449,1.2306361
mb-09263,train,2.2068257,2.2316647,1.2552725,1.2799847
mb-08663,train,2.3541086,2.3234391,2.1003706,2.0117416
mb-10971,train,2.1038036,2.1543162,1.8808136,1.769435
mb-02425,train,1.9956352,2.0500667,1.690196,1.670545
mb-04824,train,2.0899053,2.1226664,1.8260748,1.807548
mb-01119,train,1.5563025,1.5817035,1.30103,1.3759003
mb-06221,train,1.1760913,1.1923932,0.90309,0.9201947
mb-01372,train,1.8692317,1.8947462,1.30103,1.3140227
mb-05290,train,2.2329962,2.201294,2.120574,2.0997634
mb-07349,train,1.8864908,1.8940992,1.5440681,1.5770639
mb-01541,train,1.6627579,1.527466,1.4149734,1.4019316
mb-05130,train,2.161368,2.1543856,1.7781513,1.7332805
mb-01032,train,2.149219,2.1663768,1.5563025,1.5651785
mb-09562,train,1.4313638,1.4642695,1.146128,1.1662782
mb-05077,train,1.7853298,1.8171954,1.0,1.0548532
mb-05871,train,2.423246,2.3597162,2.0606978,2.008516
mb-05297,train,1.8129133,1.8440576,1.5910646,1.5886843
mb-00764,train,1.94939,1.9036148,1.30103,1.159585
mb-04570,train,2.238046,2.2801437,2.139879,2.122111
mb-06526,train,2.089905,2.0044842,1.770852,1.6720767
mb-01109,train,1.7075701,1.6217735,1.447158,1.4094174
mb-07553,train,2.1430147,2.1906784,2.1139433,2.1177623
mb-02295,train,2.0043213,1.9689023,1.60206,1.5054187
mb-08204,train,1.8573325,1.8427594,1.3424227,1.3857347
mb-08367,train,1.7558749,1.7778528,1.20412,1.3180568
mb-02072,train,1.9294189,1.9606649,1.8325089,1.8323455
mb-05131,train,1.9956352,2.011026,1.7403626,1.7914141
mb-05272,train,2.0043213,2.0593042,1.50515,1.4871854
mb-00265,train,2.1139433,2.132515,1.8388491,1.8778019
mb-02226,train,0.90309,0.98174286,0.69897,0.7439864
mb-03805,train,1.6127839,1.5679231,1.3424227,1.3252354
mb-05414,train,1.9242792,1.9494328,1.2552725,1.2650815
mb-07859,train,1.8388491,1.8831877,1.50515,1.5805376
mb-10553,train,2.0170333,2.0131428,1.6627579,1.6785966
mb-02732,train,2.0791812,2.06382,1.8750613,1.8467689
mb-06596,train,1.6434526,1.7015347,1.2787536,1.3443972
mb-04459,train,2.0606978,2.0090656,1.908485,1.8556476
mb-10616,train,1.7558749,1.6841489,1.39794,1.3664515
mb-09088,train,2.232996,2.1065443,2.049218,1.9520234
mb-04441,train,2.127105,2.1130972,2.0413928,2.0298753
mb-02637,train,1.5682018,1.5973574,1.2787536,1.291886
mb-00737,train,1.9542425,1.9729671,1.7558749,1.7053435
mb-07910,train,1.60206,1.5621909,1.50515,1.4446113
mb-02826,train,1.4149734,1.3291279,1.20412,1.0499136
mb-06875,train,2.3304138,2.257849,2.0,1.934131
mb-06649,train,2.232996,2.2530098,1.9822712,1.9024595
mb-00598,train,1.20412,1.1644518,0.9542425,0.93139786
mb-02799,train,1.9956352,2.1387937,1.845098,1.8904696
mb-10500,train,2.269513,2.2714372,1.8692317,1.884392
mb-04089,train,1.80618,1.7582726,1.3617278,1.2692301
mb-08271,train,2.2479732,2.192327,1.8129133,1.8138251
mb-05138,train,2.3159702,2.3022738,2.2787535,2.263053
mb-04092,train,2.1105897,2.114482,1.5910646,1.6049099
mb-07332,train,2.2900345,2.235457,1.770852,1.7461512
mb-08651,train,1.6989701,1.666467,1.4313638,1.4137549
mb-03048,train,1.9822713,1.924465,1.5682018,1.5830978
mb-02275,train,1.8808136,1.8781385,1.4913617,1.486595
mb-01631,train,2.10721,2.044731,1.845098,1.7874228
mb-09353,train,1.9542425,2.0786712,1.8573325,1.9533428
mb-08951,train,2.3159704,2.3151734,2.1731863,2.1956792
mb-04600,train,2.143015,2.1491287,1.7323937,1.7231163
mb-08069,train,1.6720979,1.5027045,1.3424227,1.1810468
mb-01225,train,2.209515,2.2054424,1.9344984,1.9816217
mb-10178,train,2.0827854,2.081748,1.6812413,1.7544254
mb-10954,train,1.7781513,1.856349,1.5440681,1.6176871
mb-07210,train,1.4313638,1.4711907,0.9542425,1.03809
mb-07925,train,2.2455127,2.223066,1.7558749,1.7629442
mb-00562,train,2.230449,2.2389464,1.7558749,1.8261025
mb-08670,train,2.1038036,2.1714103,1.5682018,1.6041594
mb-03458,train,2.2253094,2.2480679,1.819544,1.7771538
mb-04112,train,1.7242758,1.7433845,1.5314789,1.5363532
mb-08513,train,2.1760912,2.1888375,1.80618,1.8198986
mb-09615,train,1.1760913,1.3614429,0.7781513,0.9386513
mb-06129,train,1.9637879,2.0639853,1.6334685,1.7799622
mb-08689,train,1.1139433,1.1490657,1.0,0.9989476
mb-10379,train,2.1461282,2.2074587,1.6627579,1.7314496
mb-06324,train,1.6627579,1.6615374,1.3617278,1.3669561
mb-10290,train,2.0293837,2.0382285,1.5314789,1.5064458
mb-04325,train,2.1613681,2.21618,1.908485,1.9400395
mb-05689,train,2.1731863,2.1111155,1.7323937,1.7018046
mb-07286,train,1.7403626,1.7321426,1.230449,1.2566518
mb-07411,train,1.5314789,1.5616744,1.1139433,1.1265097
mb-06033,train,2.2405493,2.2624094,1.9344984,1.8970215
mb-05754,train,2.346353,2.3561816,1.9822712,1.9769256
mb-01399,train,1.0791813,1.1146566,0.7781513,0.8387215
mb-04676,train,2.0,2.0064197,1.3617278,1.3798716
mb-05775,train,1.7558749,1.7480705,1.60206,1.6115952
mb-06053,train,1.7403628,1.7871507,1.3424227,1.387506
mb-00586,train,1.7160034,1.6952195,1.2787536,1.2902553
mb-00548,train,1.3222193,1.3748243,1.0,1.0523646
mb-10806,train,1.8388492,1.8743997,1.462398,1.4731547
mb-08991,train,2.2741578,2.2278478,1.9590414,1.8918294
mb-05253,train,1.7853298,1.7451282,1.50515,1.4557452
mb-09340,train,1.4771212,1.5186341,1.39794,1.3964529
mb-09033,train,2.264818,2.2404943,1.9242793,1.8464291
mb-03150,train,0.9542425,1.0413791,0.60206,0.71216494
mb-08807,train,1.4313638,1.5722456,1.20412,1.343245
mb-09571,train,2.0681858,1.8789747,1.6532125,1.5377362
mb-10392,train,2.0863597,2.2067285,1.770852,2.1271942
mb-00505,train,2.0211892,2.1337245,1.60206,1.8328037
mb-07510,train,2.206826,2.2600384,1.9294189,1.8863077
mb-02378,train,1.6334684,1.6665529,1.0791812,1.1283104
mb-03555,train,1.7853298,1.7563463,1.60206,1.5488025
mb-07127,train,1.8976271,1.9032437,1.5563025,1.5407265
mb-07890,train,2.2988532,2.2296126,1.6232493,1.5882057
mb-10890,train,1.832509,1.899157,0.69897,0.7828694
mb-02556,train,1.8388491,1.8237073,1.5185139,1.5512499
mb-04629,train,1.462398,1.5462904,1.1760913,1.2550967
mb-09883,train,2.5599065,2.5442863,2.269513,2.2182612
mb-01883,train,1.6812413,1.6513406,1.3802112,1.3374246
mb-05421,train,1.3617278,1.4452418,1.3802112,1.302352
mb-02965,train,2.0899053,2.1233895,1.5563025,1.6006237
mb-03786,train,1.7923917,1.893038,1.748188,1.7078048
mb-01020,train,1.8260748,1.8208776,1.230449,1.2425926
mb-08001,train,2.2624512,2.1178732,1.9867717,1.9722612
mb-01543,train,2.3180633,2.303976,2.0334237,2.0025558
mb-05028,train,2.326336,2.297862,1.8976271,1.8810468
mb-09440,train,0.30103,0.35651407,0.0,0.034430623
mb-07040,train,1.7781513,1.7719635,1.3424227,1.3448206
mb-08304,train,2.3283796,2.2839787,1.9731278,1.940173
mb-01082,train,2.1105897,2.1624563,1.7853298,1.8332995
mb-08696,train,2.0253057,2.0296824,1.8388491,1.8558228
mb-09189,train,2.0681858,2.0613737,1.4913617,1.5167397
mb-03789,train,2.217484,2.219043,1.968483,1.9374065
mb-06758,train,1.845098,1.8210689,1.5314789,1.5124543
mb-04339,train,1.770852,1.7646716,1.3617278,1.3266525
mb-10498,train,1.6627579,1.7023449,0.90309,0.9169746
mb-04842,train,2.2355285,2.263989,2.0211892,2.0743945
mb-09490,train,1.0791813,1.170542,0.7781513,0.8421834
mb-09870,train,1.8512583,1.7612569,1.2552725,1.3028505
mb-09797,train,1.9777236,1.9299141,1.4313638,1.4046197
mb-10904,train,1.9294189,1.9168335,1.5185139,1.6129849
mb-02415,train,1.6532125,1.6445533,1.4149734,1.4040759
mb-02589,train,1.8808136,1.8059602,1.7160033,1.6295679
mb-10632,train,1.9242793,1.9097931,1.4913617,1.4893082
mb-04483,train,2.0681858,2.0736346,1.690196,1.6644275
mb-02580,train,1.518514,1.5854582,1.20412,1.3036262
mb-07602,train,1.7923918,1.743931,1.462398,1.4205953
mb-09202,train,2.0413928,2.0005145,1.8750613,1.8231547
mb-00463,train,2.1038036,2.0856752,1.819544,1.8466549
mb-09570,train,2.3117537,2.1842556,1.8325089,1.691696
mb-10669,train,1.6989701,1.7707366,1.4149734,1.4668655
mb-07698,train,2.2671716,2.2457519,2.0334237,1.9818828
mb-09507,train,1.7923918,1.8668346,1.146128,1.3986001
mb-05718,train,1.2041199,1.3616698,1.0,1.0959226
mb-00570,train,1.8195438,1.798826,1.5797836,1.5529114
mb-05583,train,1.9731278,1.9774718,1.8692317,1.8505222
mb-04210,train,2.1702616,2.205144,1.8325089,1.8384347
mb-06814,train,1.531479,1.4756029,1.30103,1.2842033
mb-09059,train,1.447158,1.4815577,1.1139433,1.1700548
mb-01504,train,1.94939,1.899568,1.6127839,1.5705413
mb-06498,train,1.9867718,1.9887569,1.4913617,1.5239836
mb-10886,train,1.6434526,1.5911722,1.230449,1.1338464
mb-07722,train,2.3856063,2.293133,1.9395193,1.9565884
mb-07361,train,1.6232493,1.6386682,1.3222193,1.351577
mb-02753,train,1.5682017,1.5803523,1.5314789,1.4606297
mb-08117,train,2.232996,2.256473,1.8573325,1.8666196
mb-02480,train,2.0211892,1.8123527,1.7853298,1.5802352
mb-00424,train,1.6532125,1.7250558,1.3424227,1.3712511
mb-04038,train,1.763428,1.8094715,1.2552725,1.2373828
mb-03649,train,2.3283796,2.1977699,1.763428,1.8763851
mb-08650,train,1.748188,1.4255322,1.5563025,1.2365906
mb-07797,train,1.7075702,1.6852343,1.4771212,1.5168483
mb-08740,train,1.6812412,1.6159599,1.447158,1.3762934
mb-06746,train,2.209515,2.1907892,1.6434526,1.6872879
mb-01953,train,2.164353,2.109229,1.8808136,1.8721402
mb-03442,train,1.8920946,1.8808839,1.447158,1.4070568
mb-10883,train,1.8976271,2.0009012,1.7558749,1.7646399
mb-07300,train,1.5797836,1.662482,1.447158,1.4824653
mb-08132,train,2.0128372,2.0736575,1.5797836,1.7267103
mb-08252,train,2.240549,2.1739213,1.5910646,1.5651941
mb-07402,train,1.6020601,1.6266949,1.2787536,1.2982533
mb-05483,train,1.7242758,1.8084444,1.39794,1.5057298
mb-00652,train,1.7923918,1.7640251,1.3424227,1.3271013
mb-05755,train,1.5563024,1.4843788,1.447158,1.3840199
mb-06275,train,2.217484,2.181203,1.908485,1.7931534
mb-03136,train,2.161368,2.1134715,1.9731278,1.9116836
mb-02091,train,2.0791812,2.1982143,1.7993406,1.8767471
mb-04335,train,2.130334,2.1574001,1.4313638,1.4290031
mb-05007,train,2.2148438,2.1810684,1.80618,1.688928
mb-04751,train,2.2944663,2.2731717,1.8633229,1.8262321
mb-03771,train,1.90309,1.8259921,1.7242758,1.6764702
mb-03882,train,2.0293837,2.063455,1.6434526,1.6538917
mb-09743,train,2.2966652,2.355158,1.9590414,2.0088608
mb-05082,train,2.3324385,2.2652335,2.0253057,1.943281
mb-04866,train,1.9344985,1.6286565,1.5440681,1.2783325
mb-03164,train,1.6627578,1.5904377,1.3222193,1.286658
mb-02268,train,1.5797836,1.3597512,1.2552725,1.1571481
mb-09402,train,2.2833014,2.2684872,1.8512584,1.9043491
mb-03887,train,1.7853298,1.8228812,1.20412,1.2679236
mb-00178,train,2.2718415,2.299319,1.9242793,1.9644351
mb-10728,train,1.8195438,1.9211926,1.6434526,1.651997
mb-05331,train,2.1038039,2.0270176,1.6334685,1.4833452
mb-03305,train,0.9542425,0.9732643,0.7781513,0.75414985
mb-06149,train,2.2148438,2.291752,1.8388491,1.8753798
mb-02575,train,1.4913616,1.5167785,1.447158,1.4650847
mb-10479,train,1.8325089,1.8622175,1.6127839,1.6683974
mb-01315,train,1.9395192,1.9182609,1.5797836,1.6122018
mb-05787,train,1.8633229,1.8567145,1.6532125,1.5906609
mb-04668,train,1.8450981,2.0137136,1.462398,1.591218
mb-02252,train,1.8129134,1.8568602,1.5440681,1.5893415
mb-04193,train,1.9777236,1.9834675,1.5185139,1.5463952
mb-01310,train,1.9242792,1.9686286,1.50515,1.5091445
mb-08489,train,2.029384,2.1136816,1.5682018,1.6809219
mb-01773,train,2.1139433,2.0547476,1.819544,1.8029323
mb-00844,train,1.4471581,1.3934355,1.0413927,1.002267
mb-04792,train,1.94939,1.9546719,1.5682018,1.5003536
mb-06005,train,1.9867717,2.0319266,1.5797836,1.5784227
mb-05119,train,1.6532125,1.5780565,1.3802112,1.2727606
mb-02818,train,2.1139433,2.1045077,1.7403626,1.7772565
mb-02917,train,1.9777236,1.9367476,1.4771212,1.4600613
mb-09160,train,1.9912261,1.9440358,1.6434526,1.5815071
mb-07106,train,2.0086002,2.1461666,1.6232493,1.7511328
mb-08563,train,1.763428,1.7925853,1.2787536,1.2767996
mb-05812,train,2.2648177,2.27039,1.8920946,1.9104433
mb-09711,train,2.2648177,2.2439733,1.7558749,1.8744452
mb-05537,train,1.2787536,1.3072193,1.0413927,1.0958127
mb-03617,train,2.252853,2.2871284,2.0293837,2.0823271
mb-05553,train,1.9444827,1.8950105,1.3617278,1.3725213
mb-01475,train,1.819544,1.7861439,1.2552725,1.2083364
mb-05497,train,2.340444,2.415683,2.09691,2.09185
mb-00328,train,2.2121875,2.1094856,1.80618,1.70152
mb-08403,train,2.1238515,1.5585194,1.7323937,1.5230262
mb-10762,train,2.4899585,2.5936425,2.269513,2.2697396
mb-07482,train,2.2966652,2.2381327,1.8750613,1.8165143
mb-09889,train,1.9731278,2.065207,1.7323937,1.6915817
mb-01784,train,1.94939,1.9507152,1.5563025,1.5861557
mb-06878,train,0.7781513,0.81152576,0.47712126,0.51309407
mb-04455,train,1.7403628,1.670812,1.5440681,1.499864
mb-09157,train,1.6812413,1.5818428,1.30103,1.3104635
mb-01105,train,2.1139433,2.0322456,1.8325089,1.7818781
mb-07162,train,2.1367207,2.093713,1.447158,1.4125283
mb-07831,train,1.5797836,1.5367584,1.3617278,1.2733583
mb-08121,train,1.3617278,1.3336767,1.0,0.98974204
mb-00346,train,2.1702616,2.2600253,1.9956352,2.051136
mb-03459,train,1.6127838,1.6942312,1.447158,1.5222162
mb-01182,train,2.1731863,2.1404366,1.8808136,1.8826102
mb-04250,train,1.968483,1.9873704,1.748188,1.727816
mb-05608,train,2.252853,2.2676866,1.4771212,1.4922523
mb-05425,train,2.071882,2.0348294,1.690196,1.5614569
mb-02230,train,1.0,0.99891686,0.69897,0.716918
mb-06871,train,1.80618,1.8029667,1.20412,1.3701817
mb-02025,train,2.1673174,2.1772363,1.9294189,1.974592
mb-08101,train,2.2253094,2.2142596,1.8573325,1.8254015
mb-09389,train,1.8920946,2.2276168,1.5910646,1.8469166
mb-10322,train,2.2405493,2.279252,1.30103,1.3535473
mb-09698,train,1.5910647,1.7252203,1.4149734,1.5248677
mb-04477,train,2.1003706,2.1479065,1.7075702,1.7673007
mb-05834,train,1.8633229,1.8095183,1.39794,1.35001
mb-02848,train,1.7781513,1.8195037,1.5440681,1.5525336
mb-10030,train,1.8129134,1.9694424,1.5440681,1.6624209
mb-08937,train,2.155336,2.207356,2.049218,2.0730002
mb-02253,train,1.8260747,1.7996869,1.5797836,1.535757
mb-05351,train,1.8260747,1.7909043,1.5797836,1.50945
mb-06786,train,1.4771212,1.4421977,1.146128,0.99574167
mb-03465,train,2.2455127,2.2009733,1.6232493,1.5695503
mb-02862,train,1.9731278,2.1477377,1.5797836,1.6942253
mb-05802,train,2.1172712,2.0720632,1.7242758,1.7063429
mb-05751,train,1.518514,1.6279342,1.462398,1.418029
mb-05090,train,2.198657,2.252602,1.9867717,2.0292182
mb-03393,train,1.8808136,1.8691908,1.748188,1.6930447
mb-08482,train,2.30103,2.2799268,1.8692317,1.8418334
mb-06138,train,2.3891659,2.3827329,2.089905,2.0544653
mb-10436,train,2.4871383,2.3463151,2.3096302,2.1489697
mb-08791,train,1.5910646,1.4911358,1.3222193,1.2427696
mb-00220,train,1.8750613,1.8295974,1.7075702,1.6780396
mb-05470,train,2.09691,2.105013,1.770852,1.8588544
mb-08109,train,1.7242758,1.735594,1.5185139,1.545268
mb-00400,train,1.0791812,1.1626844,0.845098,0.8867862
mb-02910,train,2.029384,2.054903,1.4913617,1.4722365
mb-10920,train,2.1003704,2.0856514,1.748188,1.8824632
mb-10032,train,2.0530784,2.1150715,1.8808136,1.9203207
mb-09119,train,2.1931245,2.1005373,2.0,1.943433
mb-03849,train,2.164353,2.2115812,1.8573325,1.856157
mb-07086,train,1.8388491,1.8205297,1.5185139,1.5123783
mb-10006,train,2.164353,2.168962,1.7781513,1.8407071
mb-02616,train,2.0681858,1.8724529,1.6334685,1.483868
mb-08446,train,0.0,1.2829287,0.90309,1.0360477
mb-10848,train,2.2833014,2.280978,1.9190781,1.9119346
mb-05174,train,2.2552724,2.2680633,2.0791812,2.051626
mb-07971,train,2.1875207,2.1923325,2.0128372,1.96271
mb-01803,train,2.307496,2.1907604,1.8325089,1.7279689
mb-00000,train,1.7075701,1.7004645,1.447158,1.4896219
mb-10110,train,1.69897,1.6473866,1.0791812,1.0311465
mb-06532,train,2.1931245,2.2379742,1.7323937,1.7758921
mb-09067,train,2.3283796,2.2856576,2.2718415,2.2383146
mb-07642,train,1.690196,1.6945858,1.447158,1.4741045
mb-06790,train,2.2380462,2.1786122,2.0413928,1.9189495
mb-00625,train,2.0863597,2.0414102,1.69897,1.7337123
mb-04436,train,2.2355285,2.2271366,1.819544,1.8278092
mb-07660,train,2.0374265,2.0448222,1.0413927,1.0785406
mb-04231,train,2.075547,2.037352,1.770852,1.6792117
mb-05515,train,1.90309,1.8425674,1.146128,1.1015761
mb-10358,train,1.50515,1.592489,1.146128,1.240206
mb-09026,train,1.5185139,1.5201136,0.69897,0.71980596
mb-08556,train,1.690196,1.7031097,0.845098,0.8432278
mb-08147,train,1.3222194,1.3069425,0.9542425,0.9661431
mb-02715,train,1.531479,1.6841328,1.20412,1.3325242
mb-01515,train,1.8325089,1.7649565,1.6232493,1.581328
mb-02873,train,2.3324385,2.2651548,2.1105897,2.0043616
mb-06964,train,1.80618,1.72632,1.39794,1.2681434
mb-08735,train,1.4771214,1.7035049,1.30103,1.2923071
mb-03113,train,2.2878017,2.2874918,1.9956352,2.065218
mb-02369,train,0.8450981,1.4530765,1.4149734,1.3336437
mb-05746,train,1.5797837,1.5853577,1.462398,1.4433497
mb-01299,train,2.1038036,2.1272657,1.9822712,1.9783239
mb-03279,train,1.9444827,1.904083,1.7993406,1.7022762
mb-00170,train,1.5563025,1.4371523,1.4149734,1.3444858
mb-05329,train,1.748188,1.7922609,1.39794,1.411805
mb-09451,train,2.2278867,2.2366457,1.908485,1.8841684
mb-01730,train,2.0827854,2.0896533,1.845098,1.828659
mb-05202,train,2.0128372,2.0558956,1.9190781,1.9365442
mb-10851,train,1.7634281,1.9084942,1.6334685,1.6404849
mb-07201,train,2.1903317,2.1853821,1.9294189,1.9103217
mb-00958,train,1.9912262,1.9383703,1.7993406,1.7426152
mb-09316,train,1.8573325,1.8724539,0.90309,0.8697573
mb-03652,train,2.0413926,2.0549836,1.7242758,1.7067914
mb-10609,train,1.9444828,1.9426692,1.3424227,1.4809608
mb-00590,train,2.033424,2.0323453,1.5440681,1.5516496
mb-01922,train,1.7075701,1.6304747,1.5797836,1.4984051
mb-00460,train,2.1553361,2.1958435,1.819544,1.8299147
mb-00949,train,2.376577,2.3795373,1.9956352,2.0446632
mb-02406,train,2.382017,2.3853774,2.0791812,2.088636
mb-09610,train,1.690196,1.5920737,1.5797836,1.40863
mb-09542,train,1.968483,2.0070696,1.462398,1.4530674
mb-00370,train,1.7403626,1.688662,1.3802112,1.3418028
mb-09133,train,2.1583624,2.0809827,1.7403626,1.7262708
mb-10843,train,1.819544,1.8520101,1.50515,1.5452853
mb-03037,train,1.7323937,1.7686441,1.462398,1.4902676
mb-08898,train,1.6020601,1.5970879,1.0,1.0020756
mb-05790,train,1.6232493,1.6283748,1.3617278,1.3235428
mb-03939,train,1.230449,1.2590004,0.7781513,0.8192124
mb-05127,train,1.819544,1.8324455,1.5563025,1.6021093
mb-07405,train,2.045323,2.0787647,1.30103,1.3652914
mb-06017,train,2.2810333,2.2694318,1.8808136,1.9404848
mb-03905,train,1.80618,1.7403426,1.6232493,1.5512314
mb-01030,train,2.3598354,2.341265,1.9956352,2.0112832
mb-04890,train,1.8976271,1.8299615,1.770852,1.7127228
mb-10891,train,1.5682018,1.5956316,1.0,1.0967555
mb-01491,train,1.9395193,1.8720354,1.6812413,1.6524088
mb-07263,train,2.3242824,2.1747472,1.9822712,1.8751721
mb-00996,train,1.8388491,1.8051326,1.3617278,1.314998
mb-05230,train,1.8325089,1.8118627,1.7242758,1.7045583
mb-05128,train,2.045323,2.1076522,1.4913617,1.5460025
mb-02543,train,0.90309,0.9763328,0.60206,0.6554135
mb-05262,train,2.133539,2.1448631,1.69897,1.7139966
mb-08394,train,1.1760913,1.2337091,1.1760913,1.1152972
mb-10332,train,1.8864907,1.7975663,1.5314789,1.3609334
mb-03722,train,2.0899053,2.1282587,1.7993406,1.7679384
mb-04529,train,2.356026,2.3445506,2.1139433,2.0980835
mb-06502,train,2.2227166,2.260356,1.8920946,1.8508666
mb-06590,train,1.30103,1.3218309,0.9542425,0.98690116
mb-07582,train,1.0791813,1.0329398,0.7781513,0.7659539
mb-04750,train,2.3617277,2.2398167,1.9912261,1.866194
mb-04390,train,2.1003704,2.242087,2.1583624,2.1865206
mb-06106,train,2.3838153,2.2911248,1.9190781,1.953342
mb-06479,train,1.8388491,1.7577583,1.1139433,1.0754745
mb-07819,train,1.7923917,1.7726326,1.447158,1.4221702
mb-05955,train,1.7923918,1.8181051,1.20412,1.2834953
mb-00734,train,2.0170333,1.9862064,1.763428,1.7309469
mb-00870,train,1.90309,1.8438714,1.5563025,1.55338
mb-06550,train,1.9956353,1.970101,1.4313638,1.4409423
mb-02935,train,1.8388491,1.9217341,1.7853298,1.7645282
mb-06749,train,1.9867717,2.1245942,1.7403626,1.882705
mb-03681,train,1.8750613,1.8811361,1.60206,1.5800353
mb-02181,train,1.8864908,1.8920677,1.6127839,1.6264892
mb-05837,train,1.7708521,1.7912318,1.5440681,1.5342301
mb-09517,train,1.9542426,1.8646331,1.5440681,1.4807099
mb-09927,train,2.1105897,2.0315144,1.8808136,1.8646636
mb-03032,train,2.033424,2.092547,1.39794,1.4560592
mb-05819,train,1.6232493,1.6601833,1.39794,1.4103324
mb-10400,train,2.2121878,2.197176,1.6127839,1.8064454
mb-04091,train,2.39794,2.3065653,1.9637878,1.9160378
mb-02615,train,1.0791813,1.1269536,0.9542425,1.0451438
mb-06146,train,2.3820171,2.3920703,2.0934217,2.0637367
mb-08559,train,1.69897,1.707412,1.3802112,1.3403163
mb-10378,train,2.0934217,2.049836,1.50515,1.4893649
mb-04965,train,1.845098,1.8499382,1.6434526,1.6812897
mb-09153,train,2.075547,2.1640618,1.9731278,2.0659273
mb-00028,train,1.724276,1.7227583,1.3424227,1.3709515
mb-01982,train,1.9867717,2.017713,1.9138138,1.924922
mb-07310,train,1.544068,1.5591915,1.447158,1.434067
mb-00383,train,1.7993405,1.8197529,1.5185139,1.5013869
mb-08929,train,1.690196,1.7099941,0.90309,0.9364486
mb-09031,train,2.0211892,2.0744476,1.6812413,1.7439983
mb-03816,train,2.0530784,2.0992491,1.690196,1.7451926
mb-02276,train,1.8260748,1.7704698,1.462398,1.4298773
mb-03410,train,1.4771214,1.4992747,1.2787536,1.3275523
mb-06113,train,1.3424227,1.2943089,0.845098,0.83489263
mb-10649,train,2.1846914,2.1860635,1.20412,1.2024702
mb-01285,train,0.69897,0.64799327,0.60206,0.5382209
mb-02954,train,1.6334684,1.7605698,1.5797836,1.5574224
mb-02707,train,1.2552725,1.2344269,0.90309,0.8778796
mb-02843,train,1.7558749,1.7346054,1.3617278,1.377547
mb-10390,train,1.9590415,1.9503709,1.1760913,1.1628386
mb-09903,train,1.6232493,1.5895627,1.3617278,1.3380843
mb-03322,train,1.690196,1.6654794,1.39794,1.3935194
mb-01603,train,2.0086002,1.9980797,1.5185139,1.554086
mb-09501,train,2.1238515,2.1191616,1.4771212,1.4827377
mb-09841,train,2.38739,2.3088577,1.94939,1.982014
mb-07132,train,2.2833014,2.2751791,1.7323937,1.7090124
mb-08143,train,2.2624512,2.2782116,2.075547,1.9902773
mb-10777,train,1.8512584,1.7688115,1.146128,1.1103172
mb-01620,train,1.7853298,1.7588592,1.6434526,1.6070395
mb-09821,train,2.064458,2.065756,1.6434526,1.6609536
mb-09145,train,1.991226,1.9331458,1.6720978,1.7276402
mb-05561,train,1.8633229,1.8320273,1.7075702,1.7011521
mb-05205,train,1.7075702,1.7238268,1.5563025,1.6502848
mb-01180,train,2.3944516,2.3505492,2.064458,1.9728642
mb-01747,train,1.8692317,1.8329763,1.1760913,1.1415379
mb-01302,train,2.209515,2.3696866,1.8864907,2.0282958
mb-10061,train,2.1271048,2.1639485,1.8388491,1.8076764
mb-03651,train,2.3384564,2.3203745,2.2741578,2.1740365
mb-03362,train,2.164353,2.1791964,1.7993406,1.7946832
mb-02574,train,1.1760913,1.0846227,1.146128,1.0474902
mb-06733,train,2.143015,2.1184359,1.819544,1.7865913
mb-02399,train,1.7323937,1.7267749,1.3802112,1.366104
mb-09425,train,1.5185139,1.4903181,1.2787536,1.2209387
mb-05009,train,1.90309,1.7923914,1.7323937,1.6247052
mb-08948,train,2.089905,2.123774,1.7160033,1.8198692
mb-05234,train,2.3560257,2.3645134,1.9956352,2.0220203
mb-01236,train,2.3201463,2.290698,2.230449,2.2030497
mb-00304,train,2.1238515,2.0918698,1.8129133,1.8407834
mb-08507,train,2.3692157,2.329049,2.064458,1.9800098
mb-06853,train,1.7075702,1.6761229,1.30103,1.308375
mb-05963,train,2.089905,2.0798857,1.763428,1.7902608
mb-05920,train,1.770852,1.6895483,1.447158,1.3117535
mb-06249,train,2.2741578,2.299973,1.8129133,1.9084008
mb-10924,train,2.2900345,2.30147,2.0043213,1.9901836
mb-05180,train,2.3222194,2.3088815,1.8864907,1.9063473
mb-05758,train,1.7923918,1.7781641,1.30103,1.3120298
mb-01152,train,1.90309,1.8733214,1.50515,1.4349418
mb-07873,train,2.089905,1.9900762,1.9444827,1.8047773
mb-00588,train,2.1038036,2.1209083,1.6232493,1.7608054
mb-05740,train,1.5185139,1.5480152,1.2552725,1.3209741
mb-10298,train,1.9242792,1.9080949,0.845098,0.82630247
mb-00517,train,1.6232493,1.5971831,1.30103,1.294552
mb-04319,train,2.463893,2.3298352,2.292256,2.1415381
mb-10126,train,1.9637878,2.0504348,1.7242758,1.8589356
mb-01553,train,1.7923918,1.7428097,1.3424227,1.3740753
mb-02701,train,2.2329962,2.174647,2.0086002,1.8667742
mb-05706,train,2.164353,2.1310902,1.7160033,1.6086435
mb-00430,train,2.0492182,2.000927,1.6627579,1.636181
mb-06651,train,2.0827854,2.0224342,1.6812413,1.7018328
mb-08012,train,1.819544,1.8090702,1.462398,1.4557652
mb-05465,train,2.2405493,2.2206602,1.8808136,1.9347429
mb-01164,train,2.292256,2.3360982,1.9867717,1.984422
mb-03074,train,2.155336,2.2187681,1.2552725,1.3486468
mb-00113,train,1.4313638,1.4570504,0.47712126,0.5050237
mb-02335,train,2.2671716,2.3228989,2.0334237,2.0542269
mb-10446,train,1.7403626,1.8206632,1.3802112,1.3992056
mb-02392,train,1.4913617,1.5856584,1.20412,1.3060167
mb-10939,train,1.7993405,1.9913266,1.50515,1.6146489
mb-10667,train,2.198657,2.0572662,1.80618,1.6725721
mb-10371,train,1.7160033,1.6614438,1.0791812,1.0673041
mb-06641,train,2.1522884,2.2435737,1.9637878,2.0479789
mb-04754,train,1.3979399,1.3307601,1.0791812,0.9896014
mb-03127,train,1.8750613,1.9195487,1.770852,1.7855734
mb-06308,train,2.033424,2.0936887,1.6627579,1.5893093
mb-07168,train,1.447158,1.4784304,1.3802112,1.3650208
mb-02166,train,2.2013972,2.1288147,1.9138138,1.8437414
mb-06039,train,2.20412,2.208909,2.0827854,2.042178
mb-07150,train,2.0374265,2.024624,1.7993406,1.7510306
mb-05491,train,1.6127839,1.9121153,1.6232493,1.7203329
mb-07364,train,2.2479732,2.2645621,2.0170333,2.0747213
mb-07478,train,1.7558749,1.8069963,1.5314789,1.5599924
mb-02161,train,1.6532125,1.6267791,1.2552725,1.2743222
mb-03287,train,2.5774918,2.6052148,2.3856063,2.2815204
mb-01144,train,1.0,1.0599941,0.845098,0.8846054
mb-09696,train,2.3010302,2.283203,1.7075702,1.7286012
mb-01384,train,1.3010299,1.302436,1.0791812,1.0692147
mb-01047,train,1.0,1.028698,0.9542425,0.9559605
mb-08061,train,2.2624512,2.1755793,1.9731278,1.8787395
mb-03026,train,2.303196,2.221455,1.763428,1.7599157
mb-05893,train,1.8920946,1.8811381,1.50515,1.4463015
mb-08654,train,1.8692317,1.9143728,1.50515,1.5423012
mb-09227,train,2.2900345,2.1684153,1.6434526,1.6584345
mb-09999,train,2.3180633,2.1576855,1.8633229,1.7660102
mb-07143,train,1.5682018,1.5945799,1.30103,1.3373753
mb-05783,train,2.2855573,2.2628791,1.94939,1.8985859
mb-01989,train,2.3053515,2.367479,1.968483,2.0202954
mb-08610,train,1.8633229,1.8366619,1.770852,1.6773376
mb-06231,train,1.9956352,2.1075287,1.4771212,1.6043189
mb-02002,train,2.2278867,2.2543218,1.8633229,1.876658
mb-09836,train,2.0170333,2.0747247,1.690196,1.6625798
mb-02417,train,1.9822713,1.8751578,1.6812413,1.5886282
mb-07289,train,2.146128,2.1097121,1.9542425,1.9486132
mb-02881,train,2.075547,2.038473,1.8129133,1.8011686
mb-00585,train,1.9777236,2.077456,1.4313638,1.4396739
mb-08157,train,1.6127839,1.6095589,1.0413927,1.0572522
mb-07061,train,2.1430147,2.1219258,1.7923917,1.8495915
mb-05040,train,1.6532125,2.033793,1.7923917,1.7891735
mb-04860,train,2.146128,2.144606,1.9344984,1.9013397
mb-03992,train,1.6720979,1.6113658,1.39794,1.4475437
mb-09934,train,2.1903317,2.1948948,1.770852,1.7693503
mb-05247,train,1.748188,1.7466757,1.230449,1.2665455
mb-01741,train,2.1875207,2.2235818,1.9590414,1.9349394
mb-04266,train,2.3324385,2.3426304,1.9395193,1.9491303
mb-05050,train,2.2013972,2.1737425,1.80618,1.7831707
mb-06911,train,1.4149734,1.4682748,1.1760913,1.2675735
mb-05664,train,2.346353,2.3356369,2.1367207,2.0305026
mb-01799,train,2.243038,2.1953275,1.8129133,1.7300172
mb-00290,train,1.7242758,1.7090464,1.60206,1.5847883
mb-06714,train,0.60206,0.6659576,0.47712126,0.4976337
mb-09891,train,2.133539,2.1474302,1.90309,1.9020728
mb-04542,train,1.3617278,1.4259228,1.2552725,1.3026811
mb-09073,train,2.1553361,2.225916,1.8808136,1.8728034
mb-00865,train,1.5051501,1.3716061,1.230449,1.0718524
mb-09282,train,2.0413926,2.0507398,1.8388491,1.81777
mb-01346,train,2.2810333,2.3270667,1.8325089,1.876461
mb-07383,train,1.6627579,1.4546356,1.5440681,1.3970908
mb-10384,train,2.09691,2.1355743,1.4149734,1.4892098
mb-02006,train,1.724276,1.6851707,1.4913617,1.4592736
mb-02438,train,1.913814,1.9620076,1.7993406,1.843739
mb-06849,train,2.4955444,2.533104,2.3096302,2.2077847
mb-04362,train,2.161368,2.093038,1.9590414,1.8497884
mb-05312,train,1.9777236,1.8789214,1.30103,1.2492219
mb-01085,train,2.075547,2.0937295,1.8864907,1.9235886
mb-07319,train,2.463893,2.3762121,2.149219,2.073348
mb-08090,train,2.206826,2.2150493,1.39794,1.4539458
mb-10896,train,1.6720978,1.6248419,1.0791812,1.1138229
mb-00086,train,1.20412,1.2253033,0.7781513,0.7777568
mb-02534,train,2.2253094,2.1806405,1.9138138,1.7916983
mb-08257,train,1.5910647,1.7050848,1.5682018,1.5460292
mb-09237,train,1.8388492,1.8089972,1.5682018,1.5685868
mb-07912,train,1.9242792,1.9359536,1.60206,1.6085954
mb-01095,train,1.770852,1.9061667,1.50515,1.6230035
mb-02602,train,2.0086002,2.0755348,1.80618,1.8225045
mb-05235,train,2.1271048,2.1314018,1.7923917,1.7694167
mb-02830,train,1.7993406,1.8015419,1.20412,1.2114576
mb-02662,train,2.38739,2.3592105,2.0170333,1.9870318
mb-07049,train,1.7558749,1.8085752,1.230449,1.3076811
mb-04553,train,2.198657,2.2201896,2.049218,2.087237
mb-10059,train,2.243038,2.233567,1.845098,1.8440846
mb-00803,train,2.0863597,2.0357273,1.770852,1.7891016
mb-06423,train,1.6720979,1.641433,1.1760913,1.1686193
mb-02312,train,2.0899053,2.1200855,1.4149734,1.4618857
mb-00490,train,1.5910646,1.6662916,1.3802112,1.4418843
mb-01893,train,1.5797837,1.5988884,1.39794,1.2244638
mb-07671,train,1.7634281,1.7466843,1.6127839,1.53131
mb-03350,train,2.0170333,1.9665226,1.819544,1.7476393
mb-04345,train,1.6989701,1.6425695,1.4313638,1.3949188
mb-08328,train,1.3802112,1.2262616,1.1139433,0.9897105
mb-10688,train,1.5682017,1.6229153,1.0791812,1.1165494
mb-04446,train,1.5563024,1.5379658,1.3222193,1.3168921
mb-10294,train,1.7781513,1.8187249,1.5314789,1.5765917
mb-01096,train,2.1731863,2.1785746,1.8864907,1.9130565
mb-01213,train,2.2552724,2.2217877,2.064458,1.9909947
mb-02710,train,1.5563024,1.7651775,1.0791812,1.2770786
mb-06100,train,2.240549,2.090338,1.770852,1.6597147
mb-00101,train,1.4913617,1.452351,1.30103,1.2824839
mb-06734,train,2.0211892,1.9962002,1.4149734,1.4084746
mb-08969,train,1.531479,1.5411955,1.1760913,1.1518414
mb-07829,train,2.4409091,2.3754,2.0170333,2.0439403
mb-01714,train,2.230449,2.2325573,1.9190781,1.9289074
mb-06072,train,1.9493899,1.9591233,1.5314789,1.514212
mb-03776,train,1.9542425,1.9429134,1.3802112,1.3658415
mb-00143,train,2.0253057,2.016013,1.748188,1.7418439
mb-01486,train,2.045323,2.1053,0.90309,0.943675
mb-08682,train,2.1583624,2.2548952,1.8573325,1.8813932
mb-02077,train,2.3560257,2.3010554,1.9956352,1.9164037
mb-01825,train,1.4313638,1.5350261,1.4149734,1.3830082
mb-03824,train,2.1583624,2.3020477,1.8129133,1.9681879
mb-02669,train,2.2944663,2.2683766,1.8864907,1.8595489
mb-01775,train,1.7075702,1.7555674,1.39794,1.4417603
mb-03357,train,2.4132996,2.3375149,2.2552724,2.1569023
mb-05669,train,1.8750613,1.8987939,1.2552725,1.2885389
mb-03698,train,1.908485,1.9446965,1.6812413,1.7226934
mb-02456,train,1.8864907,1.8498665,1.7558749,1.7483706
mb-03303,train,2.0086002,2.0049553,1.6812413,1.6899421
mb-02447,train,1.531479,1.5040458,1.20412,1.1712061
mb-10880,train,1.7781513,1.918094,1.39794,1.5124316
mb-06533,train,2.3222194,2.3398507,1.94939,1.98456
mb-10866,train,2.525045,2.518827,2.1139433,2.1910844
mb-02993,train,2.3579347,2.3623095,2.0530784,1.990381
mb-00210,train,2.1038036,2.1552713,1.5910646,1.5335339
mb-01226,train,2.3180633,2.3790946,1.9822712,2.0545027
mb-03369,train,2.456366,2.3111088,2.3820171,2.2713468
mb-02101,train,2.292256,2.2717876,1.819544,1.7926106
mb-01155,train,1.2552725,1.1896919,1.0,0.803911
mb-06121,train,1.6127839,1.6225487,1.3617278,1.3245277
mb-09775,train,1.9637878,1.9188439,1.7242758,1.5463204
mb-01151,train,2.311754,2.3463175,1.8512584,1.9262189
mb-08369,train,1.7403628,1.7403258,1.5682018,1.5159723
mb-03183,train,2.2013972,2.2198198,1.90309,1.8279457
mb-09223,train,1.5440681,1.3644286,1.6627579,1.513946
mb-09538,train,1.5563025,1.6716835,1.30103,1.4777316
mb-09531,train,2.120574,2.0980482,1.6812413,1.707831
mb-10439,train,2.1702619,2.2220669,1.7781513,1.9478464
mb-07182,train,2.1760912,2.1503704,1.8633229,1.8234746
mb-02410,train,1.30103,1.4183447,1.0,1.0634505
mb-00037,train,1.7160034,1.695056,1.39794,1.3274131
mb-08158,train,1.7075701,1.6504749,1.5314789,1.4714866
mb-05666,train,1.9242792,1.9304667,1.5314789,1.5028614
mb-00802,train,1.9777236,1.9453453,1.8260748,1.7155795
mb-05027,train,1.9867717,1.9578254,1.763428,1.7784278
mb-09946,train,1.9822712,1.9724108,1.5185139,1.5510182
mb-02974,train,1.5682018,1.5418811,1.4313638,1.3945836
mb-00877,train,2.2278867,2.1999018,1.8976271,1.8919388
mb-01520,train,1.3802112,1.3875513,0.90309,0.9398265
mb-10601,train,1.8864908,1.9950426,1.5440681,1.6624646
mb-08745,train,2.1238518,2.1342154,1.7781513,1.7708716
mb-10232,train,2.178977,2.1608872,1.770852,1.7670354
mb-00607,train,2.0569048,2.0897787,1.5440681,1.5730369
mb-06531,train,1.8920946,1.9558921,1.3617278,1.3954166
mb-08342,train,1.7160034,1.6936387,1.4913617,1.4663635
mb-07299,train,1.2552724,1.283435,1.0791812,1.1233001
mb-01361,train,2.3710678,2.366084,2.071882,2.0648634
mb-09593,train,1.1760913,1.2383676,0.90309,0.97330105
mb-00219,train,2.0569048,1.9555731,1.7323937,1.6466545
mb-03080,train,2.232996,2.0211978,2.045323,1.7630258
mb-08005,train,1.6434528,1.6764901,1.4313638,1.4738747
mb-00380,train,1.7160034,1.7435476,1.5563025,1.572157
mb-00609,train,1.9444826,1.990179,1.7403626,1.7253726
mb-05868,train,1.6812413,1.7027967,1.462398,1.5196908
mb-10374,train,1.6020601,1.8596344,1.462398,1.6852452
mb-02218,train,1.8388491,1.8446312,1.3424227,1.3502429
mb-04217,train,1.8573325,1.8500574,1.5185139,1.4570096
mb-04868,train,2.1038036,2.102076,1.7323937,1.7120593
mb-00940,train,1.9493899,1.92843,1.5314789,1.475096
mb-10711,train,2.045323,2.1297016,1.8692317,1.8956802
mb-02908,train,1.5563025,1.5091515,1.2552725,1.2239287
mb-09880,train,2.209515,2.1884518,1.4913617,1.509315
mb-05972,train,1.6532125,1.6191604,1.30103,1.2971563
mb-07844,train,1.3222193,1.3338867,1.0791812,1.0696726
mb-02802,train,2.146128,2.20192,1.447158,1.4339
mb-00926,train,1.9395193,1.9234917,1.7558749,1.6824648
mb-03262,train,2.2576785,2.180099,1.6334685,1.5889069
mb-07254,train,2.146128,2.0793533,1.7160033,1.7027062
mb-01067,train,2.2227166,2.2156107,1.8512584,1.8662298
mb-04415,train,1.8260748,1.8139602,1.5185139,1.5144104
mb-08620,train,2.0791812,1.9185998,1.6232493,1.5581428
mb-07841,train,2.146128,2.0327184,1.7853298,1.6738665
mb-02861,train,1.1760913,1.2259377,0.69897,0.74346256
mb-04157,train,2.178977,2.1485264,1.7923917,1.804842
mb-05158,train,1.9956352,1.9269339,1.6434526,1.5542611
mb-04287,train,2.209515,2.1915228,1.770852,1.7881732
mb-02423,train,2.0253057,2.054699,1.7403626,1.8011289
mb-02109,train,1.9444827,1.9987049,1.60206,1.7211335
mb-01978,train,2.2966652,2.3599863,2.075547,2.0894356
mb-00983,train,2.1931245,2.1347475,1.447158,1.3956367
mb-08607,train,2.0253057,1.9849051,1.845098,1.768602
mb-06698,train,1.7923918,1.8353357,1.5440681,1.4895638
mb-00911,train,1.913814,1.9057143,1.5440681,1.6306736
mb-01632,train,2.09691,2.1306307,1.80618,1.8682289
mb-08242,train,1.80618,1.8250096,1.5682018,1.6115559
mb-01831,train,2.3117537,2.246282,1.80618,1.8628525
mb-03079,train,2.2576785,2.186686,2.0374265,2.0358267
mb-05241,train,1.7993406,1.9168859,1.462398,1.5258857
mb-01681,train,1.7403628,1.7351898,1.39794,1.4035163
mb-08452,train,1.8633229,1.906939,1.50515,1.5262929
mb-00777,train,1.9956353,2.008456,1.4313638,1.4820586
mb-05795,train,1.9912261,1.986764,1.5797836,1.5782475
mb-03367,train,2.4955442,2.3552387,2.3242824,2.0889375
mb-03407,train,1.9637878,1.9499704,1.5314789,1.5402709
mb-04302,train,2.0863597,2.1189816,1.8325089,1.832325
mb-07381,train,2.2900345,2.235522,1.770852,1.7419076
mb-09375,train,1.6627578,1.6553218,1.3222193,1.3179295
mb-10693,train,1.30103,1.3413355,1.20412,1.2509117
mb-00151,train,2.1875207,2.1121728,1.9444827,1.8410927
mb-08092,train,1.763428,1.7710836,1.3802112,1.3803853
mb-10536,train,1.94939,1.9552027,1.4913617,1.5076514
mb-07854,train,1.5563025,1.6120257,1.2787536,1.3399781
mb-07591,train,1.908485,1.9144062,1.5682018,1.588127
mb-02776,train,0.90309,0.96108305,0.7781513,0.8148575
mb-00642,train,1.20412,1.253649,0.90309,0.9302975
mb-09718,train,2.0827854,2.0502105,1.7242758,1.6782225
mb-04160,train,2.25042,2.1951137,1.8864907,1.814394
mb-09173,train,1.8061799,1.9255753,1.7403626,1.8282865
mb-04315,train,1.8325089,1.7227458,1.6334685,1.5175962
mb-04731,train,1.8920946,1.8264047,1.7403626,1.6304729
mb-03235,train,1.748188,1.7557151,1.4313638,1.4509419
mb-06522,train,1.748188,1.7162886,1.3617278,1.3546708
mb-09390,train,1.9731278,1.9857111,1.7323937,1.738515
mb-08639,train,1.5797836,1.5531278,1.3222193,1.2992748
mb-10885,train,2.5740314,2.4719307,2.178977,2.1442466
mb-10111,train,2.2121878,2.2440045,1.30103,1.397522
mb-01049,train,1.230449,1.2798654,0.60206,0.6672794
mb-02716,train,0.60205996,0.9402478,0.90309,0.9202507
mb-00740,train,2.2405493,2.2011104,1.763428,1.6671848
mb-00099,train,2.0492182,2.0222063,1.6812413,1.7009337
mb-10223,train,2.2718415,2.2659175,1.8920946,2.0048394
mb-10054,train,1.6127839,1.6505198,1.30103,1.2920675
mb-02400,train,0.90309,0.89487547,0.60206,0.5835087
mb-04855,train,1.60206,1.7253206,1.0791812,1.1821314
mb-07225,train,1.6334685,1.6461045,1.3424227,1.2464614
mb-09270,train,1.90309,1.8271201,1.4313638,1.3907877
mb-03188,train,1.9190781,1.9839076,1.819544,1.8334326
mb-09598,train,2.3579347,2.261181,1.9956352,1.937596
mb-01955,train,1.8976271,1.8285887,1.5314789,1.5342168
mb-06861,train,1.6627579,1.7603843,1.20412,1.3338686
mb-00184,train,0.7781513,0.7486875,0.47712126,0.4503044
mb-02855,train,2.0253057,2.049715,1.69897,1.7287116
mb-07763,train,2.164353,2.157401,1.5440681,1.5033525
mb-00627,train,1.0413927,1.0502883,0.60206,0.64143777
mb-10892,train,2.3856063,2.302372,2.206826,2.1971898
mb-09351,train,1.6232493,1.5961972,1.5314789,1.4506706
mb-07760,train,2.269513,2.2270622,2.0043213,1.9393146
mb-02291,train,2.1931248,2.2306135,1.6812413,1.5190077
mb-00499,train,2.1958997,2.1701722,1.7993406,1.7543697
mb-09216,train,2.1958997,2.2132218,1.20412,1.2516359
mb-09764,train,2.1760912,2.1964064,1.7923917,1.7868038
mb-00981,train,1.6901962,1.6662632,1.462398,1.4311122
mb-00175,train,1.8260748,1.8451929,1.60206,1.6311816
mb-09199,train,2.1903317,2.1465576,1.447158,1.4122256
mb-10517,train,1.763428,2.0782702,1.3802112,1.7059344
mb-10764,train,2.3521824,2.2425742,2.0,1.9189149
mb-00576,train,2.155336,2.2994704,1.9731278,2.045912
mb-01789,train,2.1931245,2.1366699,1.9138138,1.894948
mb-03245,train,1.69897,1.8203351,1.4771212,1.5901568
mb-08593,train,1.1139433,1.2009349,0.9542425,1.1333525
mb-01255,train,1.6989701,1.7559209,1.2552725,1.1949317
mb-00096,train,1.146128,1.24296,0.9542425,0.9978479
mb-00821,train,2.1958997,2.2748427,1.9294189,2.0084007
mb-07615,train,2.3996737,2.4864635,2.1958997,2.1545458
mb-04768,train,1.3979399,1.3046014,1.1139433,1.0612454
mb-07708,train,1.8976271,1.8534914,1.5563025,1.5230786
mb-08301,train,1.9542426,2.134444,1.8260748,1.9019558
mb-00510,train,1.9242792,1.9770448,1.690196,1.7269211
mb-06697,train,1.230449,1.3006281,0.90309,0.88832915
mb-01175,train,1.80618,1.7811284,1.3617278,1.3614542
mb-04077,train,2.4248817,2.4369164,2.1271048,2.1058903
mb-09020,train,1.7075702,1.7172409,1.3424227,1.365652
mb-10165,train,1.8573325,1.7707857,1.4913617,1.4526122
mb-07228,train,2.0170333,1.8678904,1.690196,1.6119859
mb-00757,train,2.0827854,1.9915197,1.7923917,1.6166683
mb-09318,train,1.60206,1.5361203,1.1139433,1.0747699
mb-04219,train,2.1172712,2.0823836,1.7923917,1.7931966
mb-03978,train,1.8573326,1.8191028,1.6627579,1.6511333
mb-09896,train,1.6232493,1.639083,1.4149734,1.4482955
mb-07220,train,1.6989701,1.5044689,1.462398,1.3529841
mb-01973,train,1.6434528,1.6037352,1.30103,1.2946836
mb-01092,train,1.845098,1.8252254,1.447158,1.4115124
mb-05512,train,1.763428,1.6696019,1.0791812,1.013746
mb-03613,train,1.0791812,1.0877458,0.69897,0.702311
mb-04695,train,2.089905,2.102217,1.8692317,1.9084572
mb-10739,train,2.1038036,2.1597068,1.7558749,1.7915341
mb-01174,train,1.8633229,1.8115035,1.6812413,1.6027725
mb-06128,train,2.1583624,2.2828064,1.8325089,1.8583187
mb-03406,train,2.365488,2.301649,1.8512584,1.904368
mb-09369,train,2.3096302,2.158627,1.9822712,1.8442135
mb-10097,train,2.4471579,2.304255,2.146128,2.0274115
mb-03979,train,1.8750613,1.824676,1.6720978,1.6581509
mb-00015,train,2.2648177,2.2963288,1.8750613,1.9202211
mb-00254,train,1.7160033,1.671184,1.5797836,1.502357
mb-00194,train,1.8692317,1.841744,1.4771212,1.4431652
mb-03024,train,2.1818435,2.1348822,1.7781513,1.7633191
mb-05961,train,1.7160033,1.6911201,1.3802112,1.4075134
mb-10735,train,1.30103,1.3263699,0.7781513,0.8129834
mb-08890,train,2.0,1.985331,1.5314789,1.5369178
mb-10845,train,1.9395193,1.9733557,1.6232493,1.6868042
mb-01295,train,1.39794,1.2049944,1.2552725,1.0847086
mb-02514,train,2.0530784,2.0353289,1.763428,1.8052905
mb-05741,train,1.690196,1.6967423,1.3617278,1.3207517
mb-08866,train,1.8864907,2.1580079,1.9867717,2.0180259
mb-03881,train,1.9395192,1.9261019,1.3802112,1.4754298
mb-08233,train,1.9777236,1.9075232,1.6720978,1.5764395
mb-00567,train,1.3424227,1.3645395,1.0413927,1.0510654
mb-03278,train,2.217484,2.2680225,1.8512584,1.9927974
mb-07315,train,1.748188,1.7652591,1.4149734,1.4593904
mb-07134,train,1.8129134,1.747687,1.6334685,1.5370263
mb-10622,train,2.1760912,2.117751,1.6812413,1.6996242
mb-08243,train,1.7853298,1.8076563,1.1760913,1.2330369
mb-09423,train,1.908485,1.8955865,1.6334685,1.6830766
mb-02063,train,1.8450981,1.907522,1.5682018,1.6250463
mb-05667,train,2.033424,2.090075,1.4313638,1.4835039
mb-10663,train,2.269513,2.2208266,1.50515,1.4505062
mb-04087,train,1.90309,1.8932456,1.6334685,1.6669781
mb-00399,train,1.3617278,1.3178992,1.146128,1.1764616
mb-06135,train,1.8633227,1.8474438,1.0791812,1.0605894
mb-05209,train,2.3242824,2.3116238,1.8864907,1.8860799
mb-09875,train,2.3138673,2.277461,1.8808136,1.9047046
mb-00177,train,1.5440681,1.5815434,1.3802112,1.4722385
mb-01298,train,1.0,1.0894475,0.845098,0.8992012
mb-08448,train,2.089905,1.9688611,1.4771212,1.3941592
mb-07288,train,2.376577,2.3154593,2.0934217,2.042199
mb-10944,train,2.09691,2.08132,1.9138138,1.9088266
mb-06058,train,2.2455127,2.2688034,1.94939,1.9872994
mb-03569,train,1.6989701,1.6198002,1.462398,1.4404343
mb-04619,train,2.146128,2.1434798,1.845098,1.8338939
mb-07440,train,1.897627,1.9248693,1.6720978,1.7185715
mb-07596,train,1.2787536,1.2480686,0.7781513,0.7836779
mb-10597,train,2.25042,2.2113223,1.0,0.935915
mb-07688,train,2.5453072,2.5349422,2.2741578,2.2098582
mb-04565,train,1.7708521,1.6856458,1.39794,1.3582789
mb-03227,train,1.9542426,1.9962643,1.5563025,1.580993
mb-09141,train,2.294466,2.2488046,2.045323,1.9542197
mb-06060,train,2.462398,2.3329544,2.1105897,2.0160494
mb-00020,train,1.5440681,1.4930105,1.3424227,1.3507537
mb-06298,train,1.7403628,1.7325478,1.2787536,1.287742
mb-03047,train,2.2121875,2.1759005,1.8920946,1.8469052
mb-08253,train,1.361728,1.3593965,1.1760913,1.1758561
mb-09938,train,2.133539,2.1696248,1.7558749,1.7960306
mb-02228,train,1.1760913,1.2603763,0.90309,0.9596117
mb-09997,train,1.6127839,1.6093907,1.30103,1.3215737
mb-07822,train,1.6989701,1.7058631,1.4913617,1.4632206
mb-00075,train,2.1731863,2.1510906,2.0211892,2.0570664
mb-08095,train,2.340444,2.3272076,2.220108,2.1117387
mb-06375,train,1.9590414,1.9710844,1.5185139,1.5226821
mb-06448,train,1.6532125,1.7474178,1.4313638,1.4391451
mb-08594,train,2.2479732,2.2559676,1.819544,1.8812044
mb-09910,train,1.9344985,1.98089,1.4149734,1.3779513
mb-04054,train,1.6812412,1.7103333,1.5314789,1.4753605
mb-05612,train,1.4149734,1.2880015,1.0413927,1.0030856
mb-04657,train,0.7781513,0.76063544,0.47712126,0.4648428
mb-00484,train,2.2380462,2.189752,1.763428,1.7376838
mb-03753,train,2.206826,2.1716468,2.120574,2.0375814
mb-06032,train,1.770852,1.8071142,0.0,-0.039461613
mb-04833,train,1.724276,1.6948291,1.30103,1.323739
mb-01691,train,2.2355285,2.175518,1.8692317,1.8247206
mb-04874,train,1.3802114,1.3871917,0.7781513,0.7996756
mb-02724,train,2.432969,2.3837388,2.139879,2.0989664
mb-10565,train,1.0791812,1.0528574,0.845098,0.8405312
mb-04316,train,2.2355285,2.2199872,1.8512584,1.8296785
mb-08910,train,2.2013972,2.190205,2.0128372,2.1134505
mb-08216,train,1.7242758,1.7408898,1.4771212,1.4265689
mb-01215,train,1.7993405,1.7836056,1.3222193,1.3367993
mb-09247,train,2.3521824,2.3214846,1.8633229,2.0263195
mb-08956,train,2.2329962,2.2467358,1.9444827,1.9727733
mb-02791,train,2.1271048,2.0995765,1.6532125,1.6856861
mb-06178,train,2.0374265,2.0228841,1.5314789,1.5622
mb-10091,train,2.1522884,2.1498604,1.6434526,1.8130677
mb-04280,train,1.724276,1.7871134,1.4313638,1.4353834
mb-06682,train,1.7993406,1.7265639,1.5682018,1.532688
mb-10775,train,1.8864908,1.7830372,1.5682018,1.5503447
mb-08083,train,1.6020601,1.6779503,1.2787536,1.3731791
mb-03161,train,2.0170333,2.1346123,1.819544,1.819236
mb-04341,train,1.4771212,1.4923564,1.2552725,1.2303557
mb-09476,train,1.6334685,1.5435649,1.1760913,1.1149303
mb-06010,train,1.30103,1.3192911,0.7781513,0.8017845
mb-10472,train,2.0374265,2.0244415,1.4913617,1.5285035
mb-05848,train,2.3384564,2.2962484,1.9912261,1.9334733
mb-05504,train,2.2600713,2.3601499,1.9956352,2.057135
mb-08911,train,1.6127839,1.6190306,1.39794,1.4315369
mb-10788,train,2.2552724,2.2733624,1.8388491,1.8887079
mb-05204,train,2.376577,2.3000314,2.3541083,2.270687
mb-09826,train,1.929419,1.9005668,1.4313638,1.3849566
mb-04386,train,2.3242826,2.332524,2.0413928,1.9648521
mb-05960,train,2.10721,2.0796046,1.690196,1.6557115
mb-10767,train,1.6720979,1.6448679,1.1139433,1.1000457
mb-02888,train,2.1105897,2.0791292,1.8573325,1.7955484
mb-01424,train,1.8388491,1.9385147,1.5797836,1.6700128
mb-03688,train,2.3222191,2.2974937,2.149219,2.0921822
mb-01149,train,0.0,0.015115738,0.0,0.029367447
mb-07934,train,1.690196,1.69393,1.2552725,1.2675302
mb-01398,train,2.089905,2.0199318,1.90309,1.8319535
mb-04618,train,1.462398,1.3630041,1.146128,1.0898513
mb-03364,train,2.372912,2.2952662,2.2552724,2.1961746
mb-03945,train,1.3802112,1.4332757,1.0413927,1.1117684
mb-10007,train,1.9956352,2.023348,1.9637878,1.882398
mb-06329,train,1.6127839,1.5667226,1.146128,1.1160771
mb-00979,train,2.1105897,2.1366708,1.9242793,1.9364092
mb-00553,train,1.4471581,1.5819454,1.4313638,1.4456278
mb-04047,train,1.8573325,1.8861766,1.50515,1.524877
mb-03347,train,1.7558749,1.7476797,1.39794,1.3935393
mb-01513,train,2.3765771,2.292451,2.1367207,2.130498
mb-01142,train,1.8129133,1.8022985,1.5797836,1.587639
mb-04821,train,2.146128,2.2146523,1.8129133,1.8509308
mb-04369,train,2.4329693,2.536203,2.10721,2.2109103
mb-04404,train,2.139879,2.140929,1.7853298,1.7814696
mb-00628,train,1.7160034,1.6428304,1.2787536,1.2032919
mb-01590,train,1.8750613,1.837359,1.5910646,1.5443598
mb-01934,train,2.0211892,2.0183043,1.80618,1.7826679
mb-10690,train,2.1673174,2.158458,1.5563025,1.5611756
mb-02535,train,1.9294189,1.8988053,1.5185139,1.4755538
mb-04321,train,1.9030899,1.884182,1.6720978,1.7274173
mb-04925,train,2.0791812,2.1016126,1.462398,1.4715532
mb-03315,train,2.340444,2.3407078,2.1271048,2.1414204
mb-06932,train,1.9731278,1.955879,1.7781513,1.7743578
mb-10140,train,1.724276,1.7169144,1.5563025,1.5672563
mb-01894,train,1.7853298,1.740265,1.3617278,1.3436208
mb-01694,train,1.531479,1.5140826,1.4313638,1.4054313
mb-08741,train,1.5314789,1.64032,1.50515,1.5086331
mb-02758,train,2.3263357,2.29329,2.1238515,2.12679
mb-06560,train,1.6020601,1.6070273,1.20412,1.2145619
mb-09951,train,1.9395192,1.9793956,1.4771212,1.5022354
mb-03450,train,1.5563025,1.7243553,1.5440681,1.6502204
mb-04877,train,2.1958997,2.160499,1.5563025,1.5012385
mb-04131,train,2.1139433,2.167716,1.5910646,1.663194
mb-00230,train,2.0606978,2.0315716,1.763428,1.7460864
mb-04684,train,1.8808136,1.8689182,1.7075702,1.6620928
mb-05843,train,2.10721,2.159446,1.6627579,1.7088869
mb-09254,train,2.307496,2.3515854,1.9590414,2.067987
mb-04522,train,1.462398,1.4655951,1.1760913,1.1617858
mb-09418,train,2.3180633,2.355835,2.0827854,2.0906508
mb-06211,train,1.8864907,1.8096337,1.7075702,1.6298865
mb-05266,train,2.2355285,2.2764351,1.8692317,1.8290799
mb-07189,train,2.0492182,2.148488,1.7993406,1.874659
mb-05363,train,2.045323,2.0985658,2.071882,2.0190582
mb-07958,train,2.2648177,2.3294814,1.90309,1.9893395
mb-03299,train,1.770852,1.8548962,1.6434526,1.7311543
mb-04518,train,2.1172712,2.1309,1.763428,1.7614326
mb-03997,train,2.3521824,2.3331256,1.9138138,1.9435811
mb-03528,train,2.2900345,2.2545695,2.0530784,1.988759
mb-09638,train,1.9444826,2.1300611,1.6720978,1.8382916
mb-10919,train,1.6627578,1.5865945,1.3222193,1.4612608
mb-03217,train,2.08636,2.1642892,1.6127839,1.7063074
mb-08997,train,1.2552725,1.3287454,1.146128,1.1434078
mb-07567,train,1.7923917,1.9300444,1.5185139,1.5275886
mb-09313,train,1.8512583,1.7339005,1.3222193,1.2705276
mb-05289,train,1.8512583,1.8079036,1.60206,1.5643443
mb-08485,train,2.2253094,2.0944433,1.5682018,1.488828
mb-05368,train,2.1731863,1.6683805,1.6232493,1.1277695
mb-06378,train,2.033424,1.9768697,1.6532125,1.5353543
mb-01580,train,2.10721,2.1412725,1.6812413,1.7288716
mb-06044,train,1.6232493,1.6418562,1.2552725,1.3331282
mb-05296,train,1.3010299,1.3084387,1.0413927,1.0090473
mb-06552,train,2.2878017,2.2524786,1.908485,1.8135709
mb-10396,train,1.0,1.0392917,0.69897,0.729594
mb-09808,train,2.2944663,2.3092794,1.9912261,1.9481678
mb-01612,train,1.7323937,1.7369013,1.30103,1.3210133
mb-02303,train,1.748188,1.708415,1.690196,1.571788
mb-01859,train,1.9777236,1.9145702,1.5563025,1.56063
mb-05849,train,2.1038036,2.0574136,1.5910646,1.5671688
mb-06062,train,2.2278867,2.2726324,2.0606978,2.048173
mb-08184,train,1.7558749,1.7840579,1.0,1.0902871
mb-01780,train,2.1367207,2.083169,1.9138138,1.896502
mb-08347,train,1.4771214,1.5235734,1.20412,1.3132583
mb-08249,train,1.7403628,1.7041097,1.30103,1.3506844
mb-08934,train,1.60206,1.6229663,1.3802112,1.4041377
mb-01923,train,2.130334,2.0769763,1.8976271,1.8669105
mb-00871,train,2.1398792,2.0788832,1.8750613,1.7989197
mb-04502,train,2.389166,2.3293233,1.9444827,1.9541835
mb-08585,train,2.049218,2.0700421,1.763428,1.8076785
mb-06077,train,1.7403628,1.8525841,1.3424227,1.4336561
mb-10931,train,2.1583624,2.1537068,1.7923917,1.8184036
mb-06186,train,1.908485,1.9333353,1.5682018,1.5599394
mb-07465,train,1.8573325,1.8505906,1.3617278,1.3856603
mb-09246,train,2.0863597,2.120296,1.6720978,1.7127595
mb-00561,train,0.90309,1.5787644,1.39794,1.375718
mb-10761,train,1.6989701,1.5416012,1.30103,1.2219403
mb-03172,train,1.6127839,1.6925395,1.2552725,1.3450825
mb-05654,train,1.690196,1.7101038,1.2552725,1.2870885
mb-04961,train,2.049218,2.0334666,1.9867717,1.9292159
mb-08918,train,2.164353,2.1644769,1.5440681,1.5396576
mb-03678,train,1.9590414,1.9633626,1.447158,1.4514071
mb-05517,train,1.9344985,1.8483169,1.462398,1.4032624
mb-06134,train,2.3344536,2.3425655,2.0569048,2.0202243
mb-06599,train,2.1846914,2.1980698,2.1271048,2.0962842
mb-01209,train,0.90309,0.96461,0.60206,0.69567114
mb-04355,train,2.2810333,2.2847314,2.2878017,2.2283404
mb-02850,train,2.3283796,2.2858458,2.2718415,2.2377105
mb-09851,train,1.9344984,1.9136329,1.7075702,1.758137
mb-03128,train,2.155336,2.1696296,1.7323937,1.6957707
mb-06080,train,2.252853,2.215083,2.161368,2.0853848
mb-07060,train,1.7403628,1.9229354,1.39794,1.5390623
mb-03836,train,1.8692317,1.7677071,1.3617278,1.2232207
mb-02304,train,1.0,1.0717328,0.47712126,0.5466871
mb-04582,train,1.3010299,1.2165354,1.1139433,1.0303378
mb-10770,train,2.7596679,2.8181348,1.230449,1.165912
mb-09010,train,1.6532124,1.6059201,1.3222193,1.2919147
mb-04106,train,2.3673558,2.351338,1.8750613,1.8458452
mb-04123,train,2.4065404,2.4297953,2.143015,2.1031506
mb-06399,train,1.90309,1.9262621,1.5185139,1.4508998
mb-03066,train,1.6720979,1.5967375,1.20412,1.12552
mb-09901,train,1.6901962,1.7250955,1.20412,1.3055121
mb-06483,train,2.4361625,2.3908994,2.146128,2.0673943
mb-07563,train,1.5797837,1.6839136,1.3424227,1.4115963
mb-04967,train,1.6020601,1.9767027,1.4149734,1.6542431
mb-01630,train,2.1583624,2.096348,1.8864907,1.7585531
mb-06969,train,1.9395193,1.8945018,1.4313638,1.3950033
mb-06485,train,2.3856063,2.356734,2.1139433,1.9949541
mb-08957,train,2.0530784,2.0887914,1.9444827,1.9978683
mb-06179,train,2.2764618,2.2758229,1.60206,1.5956845
mb-09014,train,2.2355285,2.1432412,1.90309,1.8117377
mb-06034,train,1.819544,1.9056729,1.462398,1.5158571
mb-04394,train,1.9242793,1.9724647,1.8512584,1.7938944
mb-03386,train,2.0606978,1.98708,1.6434526,1.5254205
mb-05323,train,1.748188,1.7726403,1.3802112,1.4078312
mb-00507,train,2.0170333,1.9683442,1.6812413,1.6544889
mb-00312,train,1.7160034,1.7001143,1.39794,1.3970695
mb-07308,train,1.8864907,1.9172701,1.7781513,1.7832474
mb-00088,train,1.462398,1.5100002,1.20412,1.2313762
mb-05865,train,2.09691,2.1068006,1.6627579,1.668267
mb-07545,train,1.1760912,1.3283554,1.0413927,1.1723483
mb-01117,train,0.8450981,0.84260666,0.60206,0.56481004
mb-06489,train,2.029384,2.0550292,1.6127839,1.674978
mb-08072,train,1.5797836,1.5018036,1.1139433,1.0472553
mb-00994,train,1.6127839,1.6302145,1.20412,1.2365257
mb-09566,train,2.1238515,2.1416535,1.8129133,1.7997909
mb-09430,train,1.6232493,1.5971785,1.3424227,1.2902853
mb-00815,train,1.8512584,1.9468892,1.2787536,1.3779082
mb-01924,train,1.20412,1.5048724,1.4313638,1.3648413
mb-06577,train,1.7993405,1.7437481,1.60206,1.5947062
mb-01277,train,1.462398,1.3789871,1.2787536,1.1210444
mb-03622,train,1.90309,1.8912387,1.690196,1.6292604
mb-00297,train,1.7403628,1.5782363,1.5563025,1.4237356
mb-04170,train,1.690196,1.6554362,1.5185139,1.5224736
mb-06022,train,1.90309,1.9565263,1.3424227,1.4057958
mb-02346,train,1.2304488,1.5742608,1.3222193,1.4044974
mb-01362,train,1.462398,1.5797501,1.2552725,1.3261701
mb-08894,train,2.2695131,2.2714524,2.1367207,2.0411372
mb-09984,train,2.1303337,2.1023088,1.7323937,1.7184604
mb-09123,train,1.3802112,1.3918544,1.146128,1.1596804
mb-07420,train,2.252853,2.2169743,1.763428,1.8398368
mb-02263,train,1.8195438,1.8093467,1.5314789,1.506446
mb-07874,train,2.1172714,2.1467822,1.6127839,1.615593
mb-04351,train,1.6989701,1.6632278,1.5440681,1.5351378
mb-10636,train,2.10721,2.1768787,1.4149734,1.4906472
mb-06984,train,2.39794,2.362317,2.0,2.0248682
mb-10836,train,1.80618,1.6873056,1.146128,1.0942403
mb-08027,train,2.1931245,2.1868978,1.9912261,1.9434209
mb-04951,train,2.1172714,2.102174,1.6127839,1.4756848
mb-08873,train,1.5440681,1.5825995,1.3617278,1.3897557
mb-05980,train,1.7781513,1.7687792,1.3222193,1.3394986
mb-01892,train,2.1522884,2.112018,1.7781513,1.7511475
mb-00787,train,2.0530784,2.0580199,1.6127839,1.6633478
mb-08444,train,2.4166405,2.2969294,2.3802114,2.238492
mb-00323,train,1.8750613,1.7959108,1.7242758,1.599481
mb-04828,train,1.6020601,1.5738277,1.0,0.9864558
mb-03082,train,1.4313638,1.323327,1.1139433,1.054832
mb-03341,train,2.2878017,2.2862217,1.9867717,2.0398524
mb-04111,train,1.8129134,1.8137336,1.6627579,1.6495013
mb-06143,train,2.283301,2.2884507,1.9138138,1.9165653
mb-06208,train,1.80618,1.8008862,1.3424227,1.3810383
mb-03255,train,1.6434526,1.8101807,1.4149734,1.5716563
mb-05381,train,2.0043213,1.9794685,1.5314789,1.5363468
mb-06386,train,1.8260748,1.8335426,1.462398,1.4482094
mb-07866,train,1.9493899,1.9167767,1.7923917,1.7559586
mb-10801,train,1.230449,1.2622919,0.9542425,0.97908497
mb-03873,train,2.252853,2.1923666,1.9912261,1.9487282
mb-08300,train,2.0569048,2.0582705,1.50515,1.5083964
mb-07306,train,1.230449,1.252585,1.0413927,1.07881
mb-10121,train,2.209515,2.2193027,1.2552725,1.2821455
mb-07536,train,2.1271048,2.3236434,1.9590414,2.117128
mb-08510,train,2.0293837,1.9791917,1.447158,1.4518399
mb-00889,train,2.09691,1.9961917,1.8129133,1.7531719
mb-01412,train,1.20412,1.1692934,0.90309,0.8575869
mb-02619,train,2.0170333,2.0216656,1.60206,1.5740925
mb-02714,train,0.9542425,0.92745274,0.69897,0.66263086
mb-09381,train,1.5797837,1.6054296,1.146128,1.1646466
mb-00455,train,1.9138138,1.8758683,1.7323937,1.7083408
mb-06333,train,1.9912261,2.008239,1.5797836,1.6236035
mb-08903,train,1.5910646,1.6401335,1.3617278,1.3936808
mb-09965,train,2.1430147,2.1472359,1.8129133,1.8270054
mb-08374,train,1.6720979,1.6841512,1.462398,1.4476008
mb-06879,train,2.1818435,2.2728348,2.071882,2.1861296
mb-08209,train,2.240549,2.229009,1.9590414,1.9596682
mb-02464,train,2.0086002,1.9651517,1.3222193,1.2735729
mb-07163,train,1.2787536,1.2811605,1.0,0.9782332
mb-07205,train,2.1958995,2.2224178,1.690196,1.7377777
mb-00808,train,1.9084849,1.9423187,1.6434526,1.7105074
mb-05039,train,2.1958997,2.109682,1.8920946,1.8042381
mb-09243,train,1.763428,1.9108537,1.4149734,1.5595942
mb-09037,train,1.6901962,1.664549,1.2787536,1.2651525
mb-02492,train,2.4927604,2.3501225,2.30103,2.16718
mb-03326,train,2.1105897,2.1652994,1.69897,1.7602608
mb-00501,train,1.1139433,1.1505046,0.9542425,0.96272326
mb-00916,train,1.9444827,1.9673961,1.6232493,1.6554196
mb-10786,train,2.0413928,1.9930022,1.50515,1.4870986
mb-08035,train,2.064458,2.0293164,1.8129133,1.8381292
mb-09482,train,2.3838153,2.2920048,2.0827854,2.020543
mb-05912,train,1.5440681,1.5527061,1.230449,1.2571545
mb-00967,train,2.1139433,2.093803,1.6627579,1.7116892
mb-10592,train,1.2787535,1.3858463,1.0791812,1.2124535
mb-07433,train,1.9344985,1.9524212,1.4149734,1.4247093
mb-05317,train,1.6020601,1.6621807,1.30103,1.3408192
mb-05389,train,2.2878017,2.332443,1.9590414,1.9763653
mb-00349,train,1.6127839,1.7086325,1.4313638,1.4902151
mb-00082,train,1.5314789,1.6136183,1.3222193,1.3431189
mb-03295,train,1.7160033,1.7884473,1.5910646,1.6435018
mb-02237,train,1.9190781,1.9351492,1.6532125,1.6179562
mb-02525,train,2.3802114,2.3802888,2.09691,2.049965
mb-07894,train,2.2148438,2.2008703,1.763428,1.857829
mb-00836,train,1.3222193,1.313564,0.845098,0.869395
mb-02003,train,1.9344984,1.9158341,1.3617278,1.3265245
mb-00146,train,2.3541083,2.3648775,2.0569048,1.9987429
mb-04515,train,1.8260748,1.8273758,1.146128,1.1161047
mb-06723,train,2.120574,2.0179327,1.748188,1.6620826
mb-08323,train,0.9542425,0.9858839,0.60206,0.6270985
mb-06338,train,2.3242824,2.3324864,1.9294189,1.9219338
mb-04298,train,1.9912261,2.0153072,1.6532125,1.6479874
mb-03566,train,2.133539,2.0659986,1.845098,1.7722529
mb-08137,train,2.2121875,2.1543522,2.0293837,1.9242148
mb-05271,train,1.6812412,1.7192664,1.5314789,1.5499935
mb-00491,train,1.9138138,1.9489055,1.2787536,1.2819309
mb-08902,train,2.1003704,2.12928,1.4771212,1.5235716
mb-01776,train,1.7853298,1.8001735,1.7075702,1.6789263
mb-05694,train,1.5185139,1.5950019,1.230449,1.2746146
mb-10799,train,1.90309,1.9235816,1.6127839,1.6584574
mb-02579,train,2.2671716,2.1931129,1.9344984,1.9135036
mb-03461,train,1.7853298,1.7519233,1.5563025,1.5222036
mb-04633,train,1.748188,1.7200698,1.30103,1.2829057
mb-07620,train,2.2455127,2.2848673,1.8976271,2.0308867
mb-08296,train,1.6720979,1.6463827,1.4913617,1.4918971
mb-06947,train,2.0211892,2.0356536,1.7558749,1.7911634
mb-02656,train,2.3692157,2.3647697,2.0791812,2.076705
mb-07938,train,2.2174838,2.2890794,2.0211892,2.005069
mb-04958,train,2.1003704,2.056635,1.7403626,1.655948
mb-03929,train,2.0374265,2.0278866,1.50515,1.4216532
mb-02301,train,1.1760913,1.244266,0.9542425,1.0071511
mb-01052,train,2.4593925,2.2088606,1.9444827,1.7991284
mb-00684,train,0.69897,0.7704083,0.30103,0.39198315
mb-08579,train,2.1522884,2.176977,1.819544,1.8151641
mb-07571,train,1.3424227,1.4946169,1.3802112,1.3850062
mb-05692,train,2.2624512,2.3372364,1.7781513,1.8954179
mb-04331,train,1.5797836,1.494499,1.3617278,1.2559605
mb-07328,train,1.39794,1.5549157,1.4913617,1.6212292
mb-03293,train,2.423246,2.4754379,2.0681858,2.1488342
mb-07743,train,2.2013972,2.2227616,1.8692317,1.8475138
mb-09981,train,1.518514,1.7040055,1.5440681,1.5845944
mb-04781,train,2.240549,2.2754517,1.7323937,1.8178873
mb-06405,train,1.5314789,1.4782382,1.0,0.9581249
mb-10837,train,2.1038036,2.1425607,1.7242758,1.7853798
mb-02677,train,1.5185139,1.4916177,1.146128,1.1097205
mb-05332,train,2.1522884,2.1710334,1.7323937,1.7665147
mb-08777,train,2.0086002,2.002222,1.748188,1.7083651
mb-09597,train,1.2552725,1.1292733,1.1760913,0.7439106
mb-03757,train,1.5185139,1.6162341,1.2787536,1.3768646
mb-05480,train,2.1583626,2.1806588,1.94939,1.9331181
mb-00834,train,1.8388491,1.8832275,1.4149734,1.4753107
mb-10755,train,2.3117537,2.3081188,2.089905,2.1310258
mb-00104,train,1.8573325,1.8597075,1.4771212,1.4594285
mb-03589,train,1.5682018,1.5728335,1.2552725,1.2344313
mb-06762,train,1.9444827,1.8540423,1.6434526,1.5692331
mb-03247,train,2.2380462,2.1891065,1.8388491,1.7960232
mb-07219,train,1.6532125,1.6421185,1.3424227,1.3397418
mb-06501,train,2.0569048,2.0334268,1.6720978,1.6360462
mb-08063,train,1.6627579,1.7452574,1.2552725,1.3618814
mb-05587,train,2.0530784,1.9814543,1.8573325,1.7297267
mb-05327,train,2.2600713,2.285691,1.8920946,1.9240683
mb-03454,train,1.0,1.0264702,0.60206,0.6414974
mb-08149,train,2.0530784,2.1245534,1.7323937,1.82748
mb-05379,train,2.365488,2.3263094,1.9242793,1.9206184
mb-03597,train,1.908485,1.9805033,1.4149734,1.4926261
mb-10034,train,2.2430382,2.2864478,1.8512584,1.9573046
mb-04765,train,1.9294188,1.88408,1.6720978,1.6899105
mb-01121,train,1.90309,1.8797233,1.7075702,1.7131639
mb-01822,train,1.4771212,1.5913323,1.3222193,1.3974755
mb-09520,train,1.9395193,1.8397012,1.2787536,1.1544454
mb-10524,train,2.571709,2.314274,2.5831988,2.2454376
mb-03958,train,2.143015,2.2247784,1.8920946,2.0435336
mb-05198,train,1.8920946,1.9346688,1.6812413,1.7032957
mb-05168,train,1.8325089,1.7881067,1.50515,1.4243872
mb-05406,train,2.0043213,2.0329816,1.7242758,1.742335
mb-00034,train,1.3424227,1.3608283,1.0413927,1.0725365
mb-00915,train,2.071882,2.0764096,1.763428,1.8433583
mb-10192,train,2.0863597,1.9347813,1.8129133,1.6317486
mb-02613,train,2.045323,2.0470707,1.6627579,1.6948853
mb-10897,train,2.4712918,2.338805,2.1139433,2.1039283
mb-08972,train,2.149219,2.1645033,1.5440681,1.630003
mb-01744,train,1.6901962,1.7094984,1.5563025,1.5159726
mb-05794,train,2.1931245,2.2547135,1.8692317,1.8898162
mb-06624,train,2.0293837,2.047699,1.748188,1.8302242
mb-02315,train,1.7075702,1.7709336,1.5185139,1.5351919
mb-08775,train,1.3222193,1.3867905,1.0,0.88209915
mb-10830,train,1.230449,1.6632588,1.3424227,1.5015862
mb-01116,train,1.5563025,1.5873544,1.1139433,1.1748314
mb-09621,train,1.8692318,2.026203,1.5682018,1.7880894
mb-08277,train,2.1303337,2.121902,1.5910646,1.5957385
mb-06909,train,1.763428,1.7716687,1.4913617,1.5595219
mb-09848,train,0.9542425,0.80948627,1.0,0.97636586
mb-00092,train,1.8325089,1.793966,1.60206,1.6446654
mb-08877,train,1.7403626,1.7721246,1.146128,1.1898408
mb-10076,train,2.0211892,2.0480833,1.7075702,1.7327098
mb-08279,train,2.1760912,2.1158009,1.7781513,1.7652128
mb-08660,train,1.7403628,1.7377437,1.2787536,1.367475
mb-04078,train,1.7075703,1.6756486,1.20412,1.2232686
mb-03666,train,1.2552725,1.291162,0.90309,0.8701658
mb-00063,train,2.454845,2.383625,2.164353,2.0386927
mb-08023,train,1.80618,1.8545349,1.462398,1.5295557
mb-06862,train,2.120574,2.0446494,1.50515,1.4745039
mb-06193,train,2.303196,2.287692,1.5910646,1.5850092
mb-09220,train,1.6532125,1.6298759,1.0791812,1.0598397
mb-03921,train,1.8808136,1.8719244,1.5797836,1.6105139
mb-01901,train,2.0827854,1.9049305,1.69897,1.5235155
mb-05388,train,2.1172714,2.1128812,1.8808136,1.7766839
mb-10330,train,1.7853298,1.8684591,1.4313638,1.5098872
mb-01113,train,1.5910646,1.5239322,1.3617278,1.2488403
mb-04252,train,1.7708521,1.748773,1.2787536,1.2949466
mb-01496,train,1.3802114,1.4065193,1.20412,1.2264394
mb-07298,train,2.10721,2.142884,1.8388491,1.9047709
mb-10355,train,1.3617278,1.4420494,1.0,1.087792
mb-01818,train,2.0,1.9614189,1.8692317,1.6985527
mb-09741,train,1.9084849,1.890406,1.770852,1.647062
mb-10051,train,1.7403626,1.7888849,0.845098,0.87458843
mb-02076,train,1.9822712,1.9893168,1.3802112,1.4151714
mb-03185,train,1.845098,1.8301904,1.5185139,1.4588776
mb-02542,train,2.0170333,1.9624095,1.763428,1.6827881
mb-06226,train,2.3926969,2.3429165,1.9867717,1.973235
mb-07663,train,1.146128,1.0704021,0.7781513,0.70863134
mb-03503,train,2.340444,2.3530052,2.064458,2.0044243
mb-01014,train,1.8750613,1.9513297,1.80618,1.8415592
mb-02119,train,2.0827854,2.0945702,1.5682018,1.5815508
mb-02652,train,1.5910647,1.6911982,1.39794,1.4509349
mb-02963,train,2.283301,2.248372,1.770852,1.7427669
mb-01473,train,2.2068257,2.2181764,1.7853298,1.7599192
mb-06084,train,1.4771214,1.4661133,1.2787536,1.2729883
mb-02766,train,2.120574,2.201646,1.7558749,1.858465
mb-01414,train,1.5797837,1.4776273,1.462398,1.3127569
mb-10441,train,1.7993406,2.3383787,1.8920946,2.1096296
mb-07260,train,1.3222193,1.3004682,0.845098,0.8392773
mb-03618,train,1.9867717,1.8999299,1.7558749,1.6407995
mb-00885,train,2.0,1.9429059,1.6334685,1.6929761
mb-03268,train,2.5051498,2.4911013,2.269513,2.1647525
mb-01722,train,2.3961995,2.3378727,2.1875207,2.1436076
mb-04852,train,2.089905,2.1693845,1.9190781,1.965085
mb-05087,train,2.1367207,2.0656977,1.8976271,1.8449999
mb-05558,train,2.0827854,2.147822,1.5682018,1.5905795
mb-09046,train,0.7781513,0.743572,0.47712126,0.47122824
mb-06554,train,1.8325089,1.8870125,1.2552725,1.3371625
mb-09759,train,2.1958995,2.0607111,1.7242758,1.6018883
mb-07977,train,1.7853298,1.7347515,1.1760913,1.1343932
mb-06597,train,1.9190781,1.9451932,1.7781513,1.734501
mb-06200,train,2.1522884,2.131517,1.7323937,1.6891217
mb-06250,train,2.2013972,2.3178935,2.0,1.9908522
mb-03964,train,1.9242793,1.9162654,1.6812413,1.7458825
mb-06170,train,2.2479732,2.160474,1.8129133,1.7093501
mb-09245,train,2.0086002,1.9018508,1.60206,1.525079
mb-07248,train,2.0,2.1320138,1.9956352,2.0406802
mb-07590,train,1.6989701,1.6625582,1.4913617,1.5301287
mb-00165,train,1.5440681,1.5639799,1.3617278,1.4033887
mb-02880,train,2.1903317,2.1512158,1.8864907,1.8603086
mb-07502,train,1.30103,1.3111033,0.47712126,0.54545116
mb-06829,train,2.1702616,2.1621363,1.7323937,1.6898379
mb-04622,train,1.968483,1.9381552,1.60206,1.4816046
mb-10106,train,1.7160034,1.9155949,1.462398,1.5489091
mb-07110,train,1.7558749,1.5776904,1.1760913,1.0866475
mb-10340,train,1.5185139,1.6896265,1.230449,1.3315208
mb-01448,train,1.4313638,1.3901106,1.20412,1.2052162
mb-03662,train,1.5910646,1.5995506,1.2552725,1.3665814
mb-06569,train,1.8808136,1.8901104,1.447158,1.4543447
mb-09193,train,1.0,1.1304394,0.69897,0.8322482
mb-00107,train,1.4771212,1.594043,1.3802112,1.4659898
mb-09434,train,1.462398,1.4598572,1.0,0.9938515
mb-05556,train,2.4456043,2.3536193,1.9912261,1.9518335
mb-01490,train,1.4471581,1.5184631,1.2552725,1.3342249
mb-08417,train,1.7781513,1.9686968,1.7558749,1.8448108
mb-00558,train,2.0170333,1.8887943,1.6334685,1.4953018
mb-09624,train,2.2810333,2.3103006,1.9956352,1.9879376
mb-02737,train,1.9294189,1.8864113,1.4771212,1.4560915
mb-05589,train,1.1139433,1.1505947,0.7781513,0.8197507
mb-01941,train,1.6989701,1.6724322,1.462398,1.4147124
mb-10255,train,1.146128,1.1314343,0.69897,0.69009405
mb-09218,train,1.0413927,1.1256156,0.845098,0.9023952
mb-01322,train,1.9344984,1.9325802,1.5910646,1.6551851
mb-05239,train,2.3242824,2.315029,2.10721,2.0038168
mb-01009,train,1.8260747,1.8510886,1.447158,1.3973835
mb-05255,train,1.6232493,1.618133,1.230449,1.2612736
mb-10327,train,1.9395193,2.0193763,1.7323937,1.7968097
mb-05939,train,1.7708521,1.7389,1.30103,1.2406843
mb-05642,train,2.3483047,2.3761415,2.089905,2.081028
mb-03679,train,2.356026,2.2181277,2.3159704,2.1526763
mb-08267,train,2.25042,2.2553935,1.6627579,1.7003766
mb-03680,train,2.2787535,2.261466,1.9867717,1.9907955
mb-03504,train,2.10721,2.1091797,1.763428,1.7409874
mb-09142,train,2.064458,2.134121,1.8573325,2.0065508
mb-00070,train,1.0791812,1.1275301,0.845098,0.836786
mb-10281,train,1.6532125,1.7541126,1.20412,1.3020895
mb-07598,train,1.0,1.0203271,0.47712126,0.51140606
mb-02893,train,2.2355285,2.0081773,1.8976271,1.6777523
mb-03940,train,2.3443923,2.35638,2.049218,2.063975
mb-08043,train,1.80618,1.816416,1.4913617,1.5107886
mb-07495,train,1.6232493,1.6579083,1.3222193,1.3691057
mb-09704,train,1.80618,1.8178333,1.5440681,1.5252386
mb-06939,train,1.845098,1.8207816,1.5185139,1.5124459
mb-02533,train,2.3283796,2.2686675,1.447158,1.419399
mb-04122,train,1.6720979,1.6213093,1.2552725,1.2189473
mb-10700,train,1.5797836,1.6524823,1.1139433,1.1877695
mb-04273,train,1.4771212,1.4808054,1.0413927,1.0563886
mb-09530,train,1.7558749,1.8163464,1.1760913,1.2422849
mb-01145,train,2.0170333,2.0620441,1.908485,1.9651186
mb-03340,train,1.8692317,1.795991,1.7923917,1.6547054
mb-01965,train,2.120574,2.1565077,1.748188,1.8113762
mb-08949,train,1.7075702,1.6574041,1.4313638,1.3474865
mb-04322,train,2.161368,2.185611,1.9777236,2.0071294
mb-04228,train,2.1003706,2.090541,1.8512584,1.7930598
mb-10523,train,2.3802114,2.3349612,2.206826,2.0539184
mb-00601,train,1.3010299,1.4538784,0.845098,1.0105381
mb-10742,train,1.6127838,1.6592292,1.3222193,1.3005428
mb-00719,train,2.0827854,2.072889,1.80618,1.8580137
mb-08305,train,1.7323937,1.774842,1.5910646,1.5692962
mb-02509,train,2.1003706,2.1054926,1.6127839,1.600446
mb-00738,train,2.0211892,1.9184165,1.7403626,1.6480821
mb-01786,train,1.8750613,1.8858893,1.69897,1.6873692
mb-09308,train,1.8388491,1.7904005,1.50515,1.4276708
mb-00591,train,1.230449,1.1710489,0.845098,0.77208453
mb-07533,train,1.819544,1.9004084,1.5682018,1.6158137
mb-07703,train,1.4623979,1.324293,1.5314789,1.347495
mb-05151,train,2.2576785,2.2262235,1.748188,1.7912637
mb-05715,train,2.1238515,2.032969,1.9542425,1.7934257
mb-03359,train,1.9777236,2.0206213,1.4913617,1.5416956
mb-01904,train,0.8450981,0.8610804,0.60206,0.60571545
mb-07653,train,1.929419,1.9184363,1.6334685,1.6305099
mb-06006,train,2.0086002,2.0824919,1.3802112,1.3862606
mb-06685,train,1.5440681,1.5321022,1.2787536,1.2664024
mb-03862,train,1.9190781,1.9421616,1.8260748,1.7925597
mb-06740,train,1.8195438,1.7107402,1.5314789,1.4154978
mb-04963,train,1.5440681,1.5328656,1.3802112,1.3391652
mb-08411,train,2.1583626,2.1539183,1.9395193,1.937965
mb-07050,train,1.7160034,1.7560027,1.3424227,1.3609368
mb-09590,train,2.1583626,2.1601405,1.94939,1.9231763
mb-02825,train,2.1522882,2.1783314,1.8129133,1.8363223
mb-00368,train,1.2552725,1.360482,1.0,1.105681
mb-06009,train,1.8633229,1.6840217,1.50515,1.295701
mb-00469,train,1.819544,1.7857051,1.5440681,1.5346249
mb-06886,train,2.0863597,2.0892236,1.9822712,1.9980413
mb-05721,train,1.7160034,1.6658056,1.39794,1.346755
mb-10437,train,2.1238515,2.111554,1.7853298,1.7817962
mb-05637,train,2.303196,2.3620856,1.968483,2.0221705
mb-10098,train,1.9637878,1.936763,1.7781513,1.7067451
mb-07581,train,1.8750613,1.8147264,1.462398,1.4524379
mb-09994,train,1.7853298,1.8529482,1.3424227,1.4015111
mb-06319,train,1.6334685,1.6517922,1.39794,1.4371262
mb-00403,train,1.4313638,1.3765657,1.3617278,1.173075
mb-07907,train,1.30103,1.308552,1.146128,1.1801177
mb-02401,train,2.2833014,2.2432725,1.8976271,1.8836288
mb-09267,train,0.7781513,0.7007613,1.0413927,1.0379158
mb-00139,train,1.6720979,1.5652318,1.3424227,1.2487522
mb-08037,train,2.209515,2.168381,1.90309,1.8696244
mb-05106,train,2.071882,2.0752366,1.748188,1.8194655
mb-00897,train,1.8573325,1.8354524,1.4149734,1.4607823
mb-09114,train,1.6434526,1.7262628,1.3617278,1.407144
mb-08048,train,2.2576785,2.225768,1.6532125,1.6118221
mb-04956,train,2.0128374,2.017835,1.30103,1.3494344
mb-05074,train,1.230449,1.260515,0.9542425,0.9984983
mb-03949,train,2.4065402,2.3170743,1.968483,1.9849523
mb-05170,train,2.1583624,2.1645432,1.7781513,1.8136233
mb-05640,train,1.9294188,1.8740256,1.3222193,1.2928977
mb-09048,train,2.0934217,2.0533175,1.7075702,1.7359321
mb-04701,train,1.30103,1.3845174,1.1760913,1.1818857
mb-03257,train,2.421604,2.5017228,2.133539,2.175656
mb-00744,train,2.0043213,2.0405064,1.90309,1.8971989
mb-07514,train,2.365488,2.4053404,2.0128372,2.0793028
mb-09296,train,1.9242792,1.8687185,1.60206,1.4765693
mb-10277,train,1.2787536,1.2869968,1.1760913,1.1238182
mb-08701,train,2.1522884,2.1618643,1.9731278,2.014112
mb-05611,train,1.9731278,1.9634781,1.5314789,1.5510298
mb-03934,train,1.8633229,1.8375831,1.4771212,1.5063685
mb-01334,train,1.5797836,1.6256814,1.50515,1.5121979
mb-08180,train,1.7781513,1.8470047,1.5314789,1.4959447
mb-05953,train,2.4065402,2.3504293,2.0606978,2.0051405
mb-10292,train,1.6720979,1.5771661,1.39794,1.356189
mb-01010,train,0.69897,0.6297773,0.47712126,0.4044943
mb-00389,train,1.748188,1.7815558,1.2787536,1.3462805
mb-09050,train,2.1271048,2.1183674,1.968483,1.9312888
mb-07302,train,2.0453231,2.0442002,1.5682018,1.5808495
mb-00241,train,1.8692317,1.8716525,1.69897,1.6245744
mb-10557,train,2.0934217,2.185875,1.9242793,2.1124067
mb-08099,train,1.968483,2.0578418,1.6812413,1.7925488
mb-02332,train,2.2227166,2.1784582,1.7781513,1.7443413
mb-03301,train,1.9912261,2.0516868,1.7558749,1.7172858
mb-00284,train,1.8325088,1.7938492,1.3222193,1.3441849
mb-07747,train,1.5797837,1.5584207,1.1760913,1.1532251
mb-05805,train,2.161368,2.2405024,1.90309,1.9741116
mb-10055,train,2.269513,2.1600823,2.0791812,2.0349886
mb-05584,train,1.6989701,1.6787065,1.5440681,1.4375278
mb-05260,train,1.8388491,1.8433797,1.3222193,1.3909407
mb-06363,train,1.9444827,1.9647418,1.2787536,1.2857292
mb-09716,train,1.5797837,1.6421165,1.39794,1.3778117
mb-08330,train,2.2121878,2.0856495,1.6532125,1.549019
mb-09525,train,1.8325089,1.8280431,1.6627579,1.6710559
mb-04084,train,1.5682018,1.5562603,1.3617278,1.3286494
mb-06630,train,1.763428,1.7536418,1.3617278,1.4395809
mb-09980,train,2.0293837,2.124724,1.770852,1.8431479
mb-09740,train,1.7323937,1.5739837,1.3424227,1.1801462
mb-01345,train,2.2121878,2.215072,1.5682018,1.6654043
mb-05081,train,2.4149733,2.372669,2.1238515,2.101593
mb-07369,train,1.7558749,1.7250377,1.39794,1.3953519
mb-00102,train,1.8388491,1.8015565,1.3617278,1.3696089
mb-02022,train,2.292256,2.2593937,1.8976271,1.883536
mb-07185,train,1.748188,1.7457567,1.5910646,1.5342214
mb-09697,train,1.6627579,1.642633,1.2552725,1.2874951
mb-04707,train,1.8750613,1.89745,1.5682018,1.5948663
mb-08765,train,1.8388491,1.8027737,1.5185139,1.497244
mb-03281,train,1.6434526,1.69291,1.2552725,1.275581
mb-10373,train,0.8450981,0.90767455,0.60206,0.6254673
mb-04065,train,2.0934217,2.102328,1.8633229,1.9405556
mb-07108,train,1.8512584,1.8108749,1.5563025,1.5624764
mb-07425,train,1.4149734,1.3609604,0.90309,0.8706444
mb-02068,train,0.47712135,1.574532,1.4913617,1.433757
mb-10177,train,1.9190781,1.9388722,1.4913617,1.5077937
mb-04501,train,1.8573325,1.8127902,1.5797836,1.5481924
mb-07960,train,2.3242824,2.3124852,1.8976271,1.9582807
mb-06464,train,1.9956353,2.015543,1.30103,1.3262172
mb-10574,train,1.94939,2.1050377,2.0086002,1.9655945
mb-02653,train,2.3283796,2.3706942,1.9590414,1.87215
mb-08104,train,1.6812413,1.6550258,1.3617278,1.3713574
mb-06705,train,1.7558749,1.7462311,1.4771212,1.4542111
mb-05882,train,1.7558749,1.7501934,1.5185139,1.5553396
mb-05418,train,2.390935,2.3532314,1.9637878,1.9875909
mb-01812,train,2.2600713,2.2392864,1.819544,1.8942823
mb-03879,train,1.819544,1.8034265,1.50515,1.4564677
mb-09539,train,1.3617278,1.3313528,1.0413927,1.0543306
mb-04001,train,2.209515,2.1575108,1.9444827,1.9201021
mb-08835,train,1.6720979,1.6426086,1.4149734,1.4231696
mb-01107,train,1.39794,1.4227501,1.146128,1.1052052
mb-09727,train,2.198657,2.0968328,1.770852,1.7178936
mb-08600,train,1.8388491,1.8076665,1.230449,1.280847
mb-10270,train,1.763428,1.6970506,1.3802112,1.362348
mb-04541,train,2.0681858,1.9991965,1.690196,1.6805494
mb-08302,train,1.9294189,1.9670339,1.6232493,1.4969817
mb-07145,train,1.60206,1.6351483,1.0791812,1.1625878
mb-00109,train,1.0,1.0694883,0.7781513,0.81533444
mb-09405,train,2.049218,2.0628004,1.7242758,1.6683356
mb-09601,train,1.6434528,1.4561582,1.20412,1.1742412
mb-03777,train,2.1172712,2.230078,2.0827854,2.1603053
mb-07251,train,1.7323937,1.753709,1.3424227,1.3700005
mb-08675,train,2.1139433,2.156115,1.763428,1.7767073
mb-07600,train,1.5440681,1.406925,1.1760913,1.0998065
mb-02388,train,2.3598356,2.2995813,2.3304138,2.2432604
mb-04589,train,1.8920946,1.8809488,1.5797836,1.6052747
mb-05338,train,1.863323,1.8696309,1.4313638,1.4920895
mb-07917,train,2.2600713,2.2216778,1.690196,1.6701808
mb-04308,train,1.6720979,1.6019418,1.5440681,1.4284997
mb-09574,train,2.2148438,2.2608728,1.8633229,1.9194114
mb-09497,train,1.7160034,1.7512469,0.9542425,0.95843524
mb-07635,train,2.045323,2.0128782,1.7781513,1.8339164
mb-04464,train,1.3617277,1.3716804,1.0791812,1.0956163
mb-07236,train,1.7075702,1.7079391,1.230449,1.2279996
mb-10208,train,2.0170333,2.097799,1.7323937,1.7320452
mb-04056,train,1.7323937,1.753919,1.5314789,1.596628
mb-09359,train,2.1903317,2.221414,1.50515,1.523935
mb-00033,train,1.1760913,1.204509,0.90309,0.9491976
mb-03209,train,2.033424,1.9818387,1.5440681,1.4495614
mb-03409,train,1.9956353,1.880468,1.5563025,1.5849524
mb-02057,train,1.5440681,1.5225561,0.9542425,0.9401739
mb-09494,train,1.6627579,1.6359743,1.30103,1.2834048
mb-04235,train,1.8573325,1.8304874,1.6532125,1.6196966
mb-03269,train,1.8573325,1.9206624,1.60206,1.7452016
mb-03550,train,2.2355285,2.2212405,1.7923917,1.7889597
mb-07852,train,2.0128372,2.098467,1.6627579,1.7699995
mb-10142,train,2.045323,2.0492406,1.80618,1.7994418
mb-08336,train,2.1105897,2.1720903,1.7923917,1.8197778
mb-00160,train,1.7075701,1.7073703,1.5797836,1.5708119
mb-08055,train,2.0128372,2.0439582,1.7160033,1.7153352
mb-04420,train,2.2552726,2.250986,1.7993406,1.8250339
mb-02458,train,1.968483,1.9578856,1.7853298,1.7972288
mb-10299,train,2.0170333,2.0695672,1.60206,1.6767708
mb-04759,train,1.690196,1.6479576,1.4149734,1.3989433
mb-01083,train,2.1818435,2.1818507,2.064458,1.9815357
mb-10593,train,2.0863597,2.143078,1.7323937,1.7628934
mb-03203,train,1.8864907,1.8093255,1.7323937,1.7217999
mb-06343,train,2.2833014,2.2118745,1.80618,1.766193
mb-07707,train,1.863323,1.817124,1.6127839,1.5848544
mb-01242,train,1.7558749,1.7195216,1.39794,1.4075638
mb-02640,train,2.0334237,2.058342,1.447158,1.4929678
mb-02498,train,1.0,1.0479326,0.845098,0.8984251
mb-03260,train,2.326336,2.373327,1.9590414,2.0315738
mb-05022,train,2.0086002,1.9608954,1.763428,1.7954391
mb-08732,train,1.6127839,1.5094042,1.4149734,1.275337
mb-00566,train,1.30103,1.2815721,0.7781513,0.7530795
mb-07500,train,1.748188,1.7127788,1.230449,1.1867799
mb-03396,train,1.8061799,1.8274647,1.7403626,1.7158182
mb-00680,train,1.8388491,1.789449,1.3617278,1.3725207
mb-08653,train,1.748188,1.7819697,1.2787536,1.3230289
mb-00036,train,1.5185139,1.4719803,1.146128,1.1621878
mb-01499,train,1.69897,1.7025133,1.4771212,1.5407022
mb-08199,train,1.90309,1.9034653,1.4313638,1.4368823
mb-00762,train,1.7160033,1.7206148,1.5314789,1.5150142
mb-08169,train,1.6812413,1.5116521,1.5563025,1.3631165
mb-05613,train,1.6127839,1.621314,1.30103,1.2832767
mb-09211,train,2.340444,2.291555,1.7403626,1.7724471
mb-00890,train,2.0863597,2.180841,1.845098,1.8980951
mb-10643,train,2.2355285,2.249324,1.968483,1.968979
mb-05225,train,1.4913617,1.5718571,1.3802112,1.4314083
mb-01292,train,1.3222193,1.3049116,1.0,0.9695
mb-09780,train,0.90309,0.9832689,0.90309,0.8955504
mb-04173,train,2.2944663,2.3111422,1.8976271,1.938031
mb-07985,train,2.4149733,2.3528872,1.845098,1.9856608
mb-10763,train,1.6334685,1.5693495,1.230449,1.4397439
mb-05807,train,2.3201463,2.3677268,1.9344984,2.02894
mb-09000,train,1.3424227,1.3041523,1.1139433,1.1961027
mb-00456,train,1.94939,1.9324872,1.7558749,1.8050213
mb-10911,train,1.7853298,1.7891395,1.2787536,1.2919046
mb-02084,train,2.033424,2.0278177,1.8260748,1.7831954
mb-08596,train,2.1003706,2.0962605,2.217484,1.8428237
mb-01254,train,2.2041202,2.1738229,1.6812413,1.7149078
mb-06822,train,1.39794,1.3663083,1.230449,1.2308309
mb-05375,train,1.845098,1.6664014,1.60206,1.529048
mb-04503,train,2.0,1.9656531,1.7075702,1.71536
mb-04409,train,1.929419,1.8350219,1.20412,1.1484313
mb-03411,train,1.6127839,1.5447907,1.20412,1.144
mb-00363,train,1.5440681,1.5562155,1.230449,1.2986288
mb-03664,train,1.1139433,1.5602305,1.4771212,1.4023812
mb-01688,train,1.3010299,1.2926731,1.0413927,0.981958
mb-03131,train,2.0293837,1.9991008,1.8388491,1.7762685
mb-02112,train,2.164353,2.199113,2.120574,2.0309145
mb-09838,train,2.0606978,2.0374806,1.6127839,1.6441422
mb-05678,train,1.748188,1.7400427,1.3424227,1.340114
mb-06237,train,1.7403628,1.7787232,1.1760913,1.2560744
mb-09453,train,1.30103,1.6490142,1.30103,1.3340068
mb-05909,train,1.4149734,1.410392,1.20412,1.2436051
mb-04939,train,2.0374265,2.1475368,1.6334685,1.6860418
mb-06494,train,2.2833014,2.3078113,2.0170333,2.012241
mb-08239,train,1.8976271,1.8986095,1.5314789,1.563902
mb-10099,train,2.1673174,2.163412,1.9190781,1.8795044
mb-07149,train,2.0086002,2.1221216,1.7993406,1.8883034
mb-05862,train,2.3710678,2.3982787,2.089905,2.0654323
mb-07118,train,2.3364596,2.2205849,1.7075702,1.7435834
mb-08119,train,1.6434528,1.5299212,1.30103,1.2266525
mb-05780,train,1.7075702,1.7049098,1.230449,1.2788676
mb-01716,train,1.845098,1.8971875,1.447158,1.490485
mb-03194,train,2.1673174,2.1309004,1.770852,1.7030392
mb-01566,train,2.1172712,2.0970316,1.6720978,1.655329
mb-05710,train,2.3483047,2.2782366,2.0170333,1.9137632
mb-09289,train,2.2278867,2.227848,1.6812413,1.7303835
mb-09578,train,2.0374265,2.0219097,1.8260748,1.7574005
mb-05820,train,2.1367207,2.2046843,1.819544,1.8800902
mb-05659,train,1.544068,1.5420182,1.3222193,1.3553331
mb-03706,train,1.8450981,1.7874093,1.5682018,1.548221
mb-01033,train,1.6627579,1.6788836,1.3802112,1.3882267
mb-03743,train,1.9867717,1.9991581,1.763428,1.6883217
mb-08160,train,1.5682018,1.5134697,1.39794,1.1975449
mb-10312,train,2.164353,2.0779421,1.60206,1.6202557
mb-08141,train,1.230449,1.2880528,0.845098,0.8553404
mb-03065,train,1.230449,1.0624452,1.1139433,0.98898274
mb-07556,train,2.0791812,2.011788,1.690196,1.6147221
mb-02183,train,2.1673174,2.080557,1.9242793,1.8394421
mb-00831,train,2.2329962,2.2318447,1.9242793,1.9297416
mb-09962,train,2.2405493,2.1696405,1.7558749,1.6661308
mb-01123,train,1.9084849,1.8219075,1.763428,1.6328251
mb-08803,train,1.2552725,1.1419107,1.0,0.9001125
mb-06681,train,2.2944663,2.240231,2.0043213,1.9764876
mb-01472,train,2.049218,1.9756047,1.7242758,1.675726
mb-08290,train,1.748188,1.7830315,1.3617278,1.349491
mb-07017,train,0.845098,0.81245106,0.69897,0.63302726
mb-04631,train,1.8633229,1.8573501,1.748188,1.727526
mb-06689,train,1.2041199,1.2147143,0.845098,0.8675949
mb-00274,train,2.1139433,2.1782725,1.69897,1.7966495
mb-09253,train,2.0374265,2.0103307,1.7403626,1.6692151
mb-01261,train,2.2479732,2.24354,2.0827854,1.9841219
mb-02945,train,1.7558749,1.7312748,1.447158,1.3982749
mb-01849,train,2.10721,2.123957,1.7558749,1.7977006
mb-08809,train,1.3222194,1.2642903,1.20412,1.1570091
mb-01654,train,2.4132998,2.3205485,2.1367207,2.0222387
mb-08410,train,1.6720979,1.6581476,1.39794,1.4048376
mb-03758,train,1.3424227,1.2089612,1.230449,1.0749267
mb-07549,train,2.1643527,2.1822908,2.1303337,2.076442
mb-02474,train,1.8920946,1.8775593,1.6127839,1.647014
mb-00367,train,1.1760913,1.272908,0.7781513,0.8803984
mb-06978,train,2.3010302,2.2621558,1.9242793,1.8869442
mb-07908,train,2.1522884,2.079115,1.845098,1.825145
mb-03585,train,2.164353,2.195259,1.7923917,1.8050544
mb-09371,train,1.5563025,1.2052908,1.5682018,1.1855057
mb-01115,train,1.5797837,1.5866644,1.30103,1.3035898
mb-00810,train,2.0170333,2.0310175,1.8808136,1.8362768
mb-03377,train,1.146128,1.2403955,1.1139433,1.1286459
mb-04205,train,1.9867717,1.8325152,1.5314789,1.412193
mb-10159,train,2.1172714,1.9849535,1.8512584,1.6576259
mb-06160,train,2.2671716,2.3404682,1.9956352,2.0199835
mb-05492,train,1.9395193,1.9289615,1.6127839,1.6494719
mb-01862,train,1.90309,1.8472121,1.3802112,1.4046026
mb-01485,train,2.130334,2.1838949,1.7558749,1.732942
mb-07447,train,0.9542425,0.9220669,0.7781513,0.74015015
mb-00071,train,1.3424227,1.4999611,1.146128,1.2982898
mb-06661,train,2.0128372,1.9814167,1.7993406,1.8118498
mb-01421,train,1.9542425,2.028257,1.7242758,1.7254481
mb-04398,train,1.4771214,1.4318378,1.2787536,1.252929
mb-07732,train,1.6020601,1.4641292,1.230449,1.1697034
mb-04375,train,1.6020601,1.640386,1.4149734,1.4910979
mb-08013,train,2.209515,2.2864444,1.90309,1.9779168
mb-06222,train,2.1673174,2.2469697,1.7993406,1.800708
mb-01420,train,1.7323937,1.7322454,1.447158,1.4825844
mb-10863,train,1.9956353,1.9899831,1.3617278,1.386697
mb-07529,train,1.7323939,1.7366829,1.5440681,1.5514289
mb-09486,train,1.60206,1.607323,1.2552725,1.2431056
mb-07623,train,1.9867717,2.0459287,1.50515,1.5679526
mb-06462,train,1.8692317,1.8907224,1.7160033,1.6856261
mb-10687,train,1.7160034,1.6875165,1.146128,1.1511486
mb-01690,train,2.071882,2.0995255,1.7923917,1.7738302
mb-04159,train,1.6812412,1.6498176,1.447158,1.4391751
mb-05302,train,2.1903317,2.1409616,1.8388491,1.7628456
mb-02323,train,1.8750613,1.8215811,1.5185139,1.4927586
mb-10062,train,1.3424227,1.5850325,1.20412,1.4020722
mb-03539,train,2.178977,2.169142,1.90309,1.8830867
mb-07337,train,2.033424,2.0260527,1.908485,1.859657
mb-09068,train,1.9344984,1.8772714,1.5185139,1.4602908
mb-00452,train,2.2148438,2.2528102,1.9637878,1.9272317
mb-04385,train,1.8512584,1.7984694,1.4913617,1.5267365
mb-00718,train,1.4771214,1.4737085,1.20412,1.1775854
mb-08024,train,2.2855573,2.2436278,2.0530784,2.0324173
mb-02041,train,1.6127839,1.8454504,1.4149734,1.5239735
mb-09325,train,2.198657,2.1747859,1.763428,1.7244667
mb-07946,train,2.5327544,2.360691,2.269513,2.1636488
mb-06922,train,2.0606978,2.142716,1.770852,1.8941938
mb-07633,train,1.4771212,1.39523,1.1139433,1.0589354
mb-03187,train,2.3443923,2.2931752,2.0934217,2.0903332
mb-03116,train,1.9242793,1.9691393,1.6334685,1.6917676
mb-05283,train,1.6127838,1.564322,1.4771212,1.431967
mb-09051,train,1.4623979,1.4620264,1.0791812,1.0693882
mb-02249,train,2.045323,2.0567892,1.8808136,1.82845
mb-10815,train,0.9542426,1.6632593,1.30103,1.4201844
mb-01056,train,1.146128,1.2170489,0.69897,0.77256066
mb-08376,train,1.5910647,1.7159343,1.4313638,1.4778526
mb-06051,train,2.198657,2.2241478,1.7781513,1.7790899
mb-09701,train,2.1731863,2.0068226,1.6812413,1.6124873
mb-06452,train,2.3443923,2.3304791,1.9190781,1.9830394
mb-07413,train,1.146128,1.2094331,1.0413927,1.0951871
mb-09854,train,1.80618,1.786379,1.5563025,1.5615715
mb-05434,train,2.075547,2.0615253,1.8976271,1.8740791
mb-02722,train,2.2833014,2.1719344,1.6812413,1.64402
mb-10063,train,2.1875207,2.2276783,1.7558749,1.7830275
mb-06537,train,2.3364599,2.2746394,1.94939,1.8970232
mb-08520,train,2.2810333,2.1694381,1.8920946,1.7730136
mb-06923,train,2.0827854,2.130244,1.9731278,1.9600731
mb-02099,train,1.80618,1.8484216,1.462398,1.5021793
mb-08624,train,2.029384,2.0156703,1.8512584,1.8380601
mb-03901,train,1.6989701,1.5667905,1.3424227,1.1684718
mb-05853,train,2.3820171,2.3997078,2.1105897,2.0813847
mb-05628,train,1.531479,1.6112212,1.3424227,1.4361845
mb-01102,train,1.4471581,1.6358595,1.4913617,1.5152551
mb-10658,train,2.0791812,2.1319847,1.3802112,1.4548548
mb-03109,train,2.2430382,2.1764827,1.8512584,1.7254853
mb-08054,train,1.7923917,1.8055973,1.5797836,1.6312337
mb-02488,train,1.6720979,1.7124676,1.146128,1.2641749
mb-04764,train,2.209515,2.1589165,1.7993406,1.7528919
mb-00250,train,1.8976271,1.9156917,1.7075702,1.6755393
mb-00903,train,1.929419,1.8901821,1.462398,1.4271163
mb-09058,train,1.8692317,1.9317725,1.4913617,1.6135457
mb-01647,train,0.9542425,0.9154445,0.69897,0.6839988
mb-06029,train,2.4199557,2.3552754,2.0681858,2.0148604
mb-09465,train,1.2304488,1.3155841,1.0791812,1.121803
mb-00508,train,1.5185139,1.5528976,1.3424227,1.3817201
mb-06951,train,2.4361627,2.4081101,2.0934217,2.06286
mb-02302,train,1.1139433,1.1571249,0.69897,0.7456724
mb-03091,train,2.0492182,2.0827305,1.7993406,1.7744501
mb-04376,train,1.5910647,1.6828624,1.4149734,1.5058821
mb-07846,train,1.5797836,1.6042465,1.3617278,1.3726935
mb-09283,train,1.9822712,1.9342179,1.6720978,1.6659741
mb-01935,train,2.2227163,2.1799643,1.6232493,1.5955596
mb-04416,train,1.8573326,1.8227832,1.5563025,1.5617285
mb-02234,train,2.0492182,2.0401793,1.4149734,1.4057186
mb-05743,train,1.863323,1.803354,1.4313638,1.4138649
mb-01600,train,1.8573325,1.9018658,1.6232493,1.6721448
mb-02735,train,2.0681858,2.0262375,1.908485,1.7746058
mb-04327,train,1.6020601,1.5297376,1.4913617,1.4185655
mb-01064,train,1.6989701,1.7479331,1.5440681,1.5722152
mb-05993,train,1.5563025,1.5828971,1.1760913,1.2063137
mb-10722,train,1.8808136,1.9547863,1.4149734,1.4042462
mb-00415,train,2.363612,2.352746,1.8976271,1.9470217
mb-04068,train,1.4913617,1.4518361,1.2787536,1.3059047
mb-09003,train,1.4913617,1.6764942,0.9542425,1.0929872
mb-10496,train,1.50515,1.5394622,1.0413927,1.0738636
mb-00515,train,1.9867718,1.9675395,1.30103,1.2712636
mb-05770,train,1.7923917,1.8021603,1.3222193,1.3109419
mb-04444,train,2.0606978,2.0056868,1.8325089,1.78659
mb-10731,train,2.1271048,2.1709373,1.8260748,1.7362565
mb-04649,train,1.9822712,1.9611198,1.6232493,1.5928203
mb-02647,train,1.8633229,1.8358626,1.5185139,1.5413092
mb-09065,train,1.7708521,1.8267493,1.3424227,1.4393237
mb-10172,train,2.2355285,2.240811,1.9395193,1.8930348
mb-04067,train,1.7993405,1.8160267,1.4771212,1.5450143
mb-08312,train,2.303196,2.2079425,2.0128372,1.9532036
mb-05224,train,1.7323937,1.6284789,1.3802112,1.2931391
mb-10368,train,1.8976271,1.8007965,1.6812413,1.6171043
mb-04872,train,2.0606978,2.0673604,1.7242758,1.7761803
mb-00387,train,1.8692317,1.8021934,1.6812413,1.5973862
mb-07689,train,2.2380462,2.1847608,1.7242758,1.7451898
mb-03222,train,1.6434526,1.646259,1.0413927,1.0590713
mb-00231,train,2.0128372,2.0495968,1.7323937,1.7486899
mb-07811,train,1.3802114,1.3439527,1.20412,1.1908922
mb-05646,train,1.819544,1.7925438,0.90309,0.9067899
mb-03673,train,2.0606978,2.1235642,1.8750613,1.9204627
mb-06856,train,2.3283796,2.2859268,2.2718415,2.2373345
mb-05902,train,2.0569048,2.0553412,1.3424227,1.35433
mb-00451,train,2.1846914,2.1775358,1.90309,1.9315138
mb-03767,train,1.4471581,1.4474655,0.47712126,0.48734236
mb-05676,train,2.1003706,2.168867,1.30103,1.3723794
mb-03317,train,2.149219,2.1888294,2.0043213,2.0329628
mb-10444,train,2.2380462,2.264187,1.60206,1.6961856
mb-10086,train,2.2718415,2.331529,2.064458,2.1394892
mb-05944,train,1.8388491,1.8665878,1.1760913,1.2462132
mb-04414,train,2.1903317,2.2593303,1.7403626,1.7873074
mb-09988,train,2.2671716,2.2555661,1.6434526,1.7113879
mb-01848,train,1.5797836,1.3020005,1.0791812,0.87408555
mb-05595,train,2.6031444,2.686642,2.4132998,2.3640714
mb-09029,train,1.8573325,1.9123614,1.7558749,1.6683284
mb-00856,train,1.146128,1.2310266,1.0413927,1.035664
mb-06913,train,2.1522884,2.1607625,1.3222193,1.358025
mb-08360,train,1.8450981,1.9712669,1.462398,1.4328713
mb-07047,train,1.9190781,1.938239,1.6127839,1.6680924
mb-06449,train,2.155336,2.1685524,1.0413927,1.0489926
mb-06867,train,1.6627579,1.6887063,1.4313638,1.4769205
mb-01452,train,2.198657,2.2473302,2.0170333,2.0636373
mb-05505,train,1.8260747,1.7772596,1.69897,1.6293335
mb-07347,train,1.6434528,1.5536478,1.20412,1.2094679
mb-09609,train,1.3617278,1.639473,1.2552725,1.2483721
mb-01018,train,1.50515,1.4303675,1.2552725,1.2358544
mb-02350,train,2.303196,2.294092,2.0293837,2.0413952
mb-10471,train,2.1172714,2.2733388,2.1003706,2.2387671
mb-03560,train,2.1038036,2.108324,1.748188,1.8448744
mb-07371,train,1.5797837,1.5863976,1.2787536,1.2969534
mb-04561,train,2.0043213,1.8948452,1.39794,1.3412334
mb-01183,train,2.1271048,2.2165706,1.8260748,1.8797224
mb-03546,train,1.80618,1.8027834,1.4313638,1.4664806
mb-09595,train,1.5440681,1.484325,1.0,1.0490346
mb-08382,train,1.8920946,1.8578042,1.4771212,1.4657769
mb-06156,train,2.0413928,2.0369174,1.6812413,1.6752354
mb-04505,train,1.748188,1.7900003,1.4149734,1.4698143
mb-04397,train,1.7160034,1.6289158,1.146128,1.0995371
mb-00350,train,2.2787538,2.2906733,1.908485,1.90918
mb-07348,train,1.819544,1.8764908,1.5682018,1.5806848
mb-08642,train,1.462398,1.3916528,1.2552725,1.1597736
mb-10280,train,1.5797837,1.6486613,1.1760913,1.238466
mb-02804,train,1.9444827,1.9727573,1.748188,1.7043183
mb-05226,train,1.9590414,1.9817917,1.7853298,1.8396213
mb-04290,train,1.8976271,1.892359,1.5910646,1.5544719
mb-04598,train,1.8129134,1.7459288,1.3617278,1.2903523
mb-02329,train,1.763428,1.8002551,1.50515,1.4815457
mb-00179,train,1.462398,1.3868461,1.2552725,1.1770219
mb-06866,train,1.7558749,1.7706155,1.3617278,1.3382891
mb-09683,train,1.968483,1.9413102,1.7160033,1.7545104
mb-00042,train,1.1760913,1.1726128,0.69897,0.6862965
mb-06975,train,2.2624512,2.2649617,1.9444827,2.0266972
mb-06306,train,2.3598354,2.3519673,2.0043213,1.9880066
mb-05857,train,2.2576785,2.264667,1.9242793,1.9224646
mb-07452,train,1.7781513,1.7561495,1.30103,1.2947348
mb-05507,train,1.2787536,1.3108988,1.20412,1.2118295
mb-09794,train,1.845098,1.8589127,0.7781513,0.8269167
mb-02611,train,1.5185139,1.5567766,1.39794,1.3679479
mb-06666,train,1.2787536,1.3685681,1.0413927,1.1186992
mb-07540,train,1.1139433,1.197659,1.0413927,1.1227784
mb-07785,train,2.0043213,1.9740139,1.7853298,1.7214566
mb-09480,train,2.2855573,2.116025,1.8260748,1.7746488
mb-05987,train,1.748188,1.5528384,1.462398,1.3757936
mb-05766,train,2.0863597,2.11918,1.6232493,1.7131093
mb-01837,train,1.7853298,1.8488071,1.690196,1.6993084
mb-09972,train,1.8573325,1.8609087,1.2787536,1.2291796
mb-06534,train,2.049218,1.991992,1.5797836,1.5512472
mb-07104,train,1.6720979,1.7273109,1.0413927,1.112559
mb-05633,train,1.770852,1.8010223,1.50515,1.4833442
mb-06110,train,2.2810333,2.3539143,1.9542425,2.0137825
mb-03264,train,1.6127839,1.7638808,1.39794,1.4489554
mb-05990,train,1.9637879,2.0037084,1.6334685,1.5951215
mb-05489,train,1.8260748,1.9939091,1.6627579,1.7202241
mb-07727,train,1.748188,1.7667834,1.462398,1.4606905
mb-04827,train,1.9344985,1.8343897,1.5563025,1.487212
mb-07325,train,1.724276,1.6412656,1.4913617,1.439187
mb-04533,train,0.7781513,0.773524,0.60206,0.67354923
mb-09250,train,1.8976271,1.9006283,1.0,1.0275581
mb-08558,train,2.1818435,2.1776137,1.6232493,1.3769789
mb-08303,train,2.378398,2.2609918,1.9867717,1.9796927
mb-04201,train,2.143015,2.1844184,1.80618,1.777214
mb-04793,train,1.7993406,1.8651053,1.4913617,1.5672058
mb-07376,train,1.8260748,1.7480297,1.4771212,1.4459063
mb-08573,train,1.8450981,1.8204463,1.5440681,1.4696592
mb-07013,train,2.0043213,1.9899803,1.770852,1.8327351
mb-07211,train,1.6434528,1.6767793,1.4313638,1.5004753
mb-09495,train,1.4771214,2.014908,1.3424227,1.6717653
mb-07454,train,2.0413928,1.9323102,1.8512584,1.7367904
mb-08025,train,2.348305,2.3672972,1.9242793,1.9620137
mb-08343,train,2.1818438,2.2202585,1.146128,1.189904
mb-02837,train,1.763428,1.6849008,1.230449,1.1877658
mb-01084,train,2.376577,2.3044424,2.0681858,1.99835
mb-08057,train,2.3820171,2.3884041,2.0413928,2.056859
mb-03799,train,2.1818435,2.116425,1.9637878,1.8994877
mb-04471,train,2.1846914,2.111718,1.968483,1.8781477
mb-01765,train,2.1673174,2.1209435,1.8388491,1.7281812
mb-10664,train,1.20412,1.1323318,0.7781513,0.7732639
mb-02174,train,1.39794,1.4451357,1.20412,1.321385
mb-07153,train,1.6020601,1.6365033,0.9542425,1.0259757
mb-08345,train,1.5314789,1.5870079,1.3802112,1.4602104
mb-00908,train,2.0827854,2.103877,1.6532125,1.6727757
mb-03842,train,2.2380462,2.232547,1.8573325,1.8206077
mb-05996,train,2.1303337,2.1704068,1.6434526,1.6375978
mb-08015,train,1.6532125,1.6552414,1.3802112,1.344569
mb-09099,train,2.209515,2.158696,1.8573325,1.741644
mb-04962,train,1.6989701,1.7838544,1.146128,1.248759
mb-06864,train,2.1238515,2.1755395,1.5910646,1.6284616
mb-04434,train,1.6127839,1.5583347,1.4149734,1.315111
mb-06027,train,2.2855573,2.1122875,1.8512584,1.696221
mb-08365,train,2.1238515,2.1860533,2.1760912,2.0936916
mb-01957,train,2.3384564,2.3413358,1.8692317,1.8534524
mb-00555,train,2.1105897,2.032006,1.60206,1.5547088
mb-04032,train,2.2405493,2.3084846,2.1673174,2.175272
mb-08674,train,2.198657,2.2671263,1.8692317,1.9152076
mb-01278,train,2.1760912,2.108122,1.8388491,1.7770681
mb-06817,train,2.3926969,2.4015057,2.09691,2.0758235
mb-05284,train,2.220108,2.1778884,1.7923917,1.7778763
mb-02528,train,2.1818435,2.1973786,1.7923917,1.7737538
mb-02131,train,1.544068,1.495094,1.0791812,1.0604682
mb-04507,train,2.120574,2.0854394,1.8633229,1.8008938
mb-05888,train,1.50515,1.5543433,1.3617278,1.4050801
mb-06848,train,2.2576785,2.3255873,1.9542425,2.0585458
mb-06683,train,1.7708521,1.7035208,1.4313638,1.4293286
mb-10004,train,1.8260748,1.8205326,1.20412,1.3060633
mb-02503,train,1.7403626,1.7503289,1.50515,1.5300283
mb-06912,train,1.20412,1.1819835,0.7781513,0.79883665
mb-02100,train,2.2600713,2.2396383,1.8325089,1.8476418
mb-10795,train,2.2227166,2.3051844,1.8750613,1.9548649
mb-09952,train,2.217484,2.1604738,1.7781513,1.6973684
mb-10044,train,2.2121878,2.0354943,1.7993406,1.7549392
mb-06896,train,2.0569048,2.2144868,1.9822712,1.9996228
mb-03090,train,2.09691,2.12632,1.7242758,1.7412493
mb-00927,train,2.2671719,2.2627888,1.8512584,1.7322149
mb-00664,train,1.6532125,1.6377388,1.3802112,1.3925275
mb-01808,train,1.90309,1.8220983,1.5185139,1.4350045
mb-02245,train,2.463893,2.3749952,2.139879,2.0808415
mb-00743,train,1.1139433,1.0914448,0.90309,0.9003191
mb-03853,train,1.1760912,1.0763426,1.0791812,0.97986835
mb-02308,train,2.2121875,2.182108,2.0863597,2.079686
mb-00618,train,1.6627579,1.6160764,1.4913617,1.4159113
mb-03470,train,2.1003706,2.1161978,1.7558749,1.6653972
mb-01885,train,2.1105897,2.079988,1.7993406,1.8392498
mb-03783,train,1.69897,1.8416706,1.4771212,1.5982695
mb-02434,train,1.8388491,1.8969536,1.6232493,1.613977
mb-05321,train,1.3617277,1.3706024,1.0791812,1.151087
mb-06586,train,1.8864907,1.9199078,1.5314789,1.5377125
mb-00320,train,2.049218,2.190868,1.763428,1.9222146
mb-07334,train,2.3053513,2.3000405,1.8325089,1.896851
mb-01942,train,1.94939,1.9897307,1.230449,1.2583638
mb-05610,train,1.6127839,1.6337606,1.4149734,1.3777543
mb-03563,train,1.6532125,1.6543763,1.5185139,1.5155088
mb-02351,train,1.8129134,1.8917267,1.3617278,1.4205394
mb-09682,train,1.8573325,2.0085144,1.230449,1.3199431
mb-08547,train,2.3384564,2.2728755,2.0374265,1.90426
mb-01158,train,0.8450981,0.75289416,0.60206,0.48337805
mb-01546,train,1.146128,1.1223167,0.7781513,0.77901304
mb-01675,train,1.447158,1.7934653,1.60206,1.635872
mb-05129,train,1.8573325,1.8403711,1.7403626,1.6935098
mb-09748,train,1.6434528,1.6041212,1.1760913,1.1805899
mb-00076,train,1.690196,1.6814591,1.5910646,1.5467232
mb-09515,train,1.361728,1.5218762,1.20412,1.2189946
mb-01912,train,2.2552724,2.2420316,1.8920946,1.8483937
mb-03856,train,1.3424227,1.3247788,1.0,0.9646331
mb-09372,train,2.0934217,2.1484692,1.6532125,1.7401896
mb-05824,train,2.372912,2.4229648,2.049218,2.0966496
mb-03986,train,1.8864907,1.9357384,1.5314789,1.5899293
mb-05707,train,2.3541083,2.2629972,1.80618,1.7110798
mb-05967,train,1.3617278,1.3705739,0.7781513,0.793373
mb-03214,train,1.9493899,1.9130921,1.8573325,1.7645668
mb-01748,train,2.2121875,2.1958017,2.0043213,1.9185436
mb-06772,train,1.819544,1.8389645,1.7075702,1.6954906
mb-09577,train,1.8808136,1.9150233,1.6232493,1.6595343
mb-07019,train,1.8692318,2.0303607,1.6334685,1.713675
mb-02892,train,2.3096302,2.3719656,1.9637878,2.0430899
mb-03481,train,2.1931245,2.1866317,1.7160033,1.7052236
mb-00437,train,1.7993405,1.7896309,1.60206,1.6536368
mb-04564,train,1.9777236,1.9822137,1.4771212,1.4304826
mb-04450,train,2.2787535,2.1702564,1.845098,1.7658786
mb-08683,train,1.8388491,2.1647632,1.4913617,1.6321658
mb-02929,train,1.9637878,1.9881208,1.6532125,1.7078995
mb-09217,train,1.6334685,1.6296588,1.4913617,1.521709
mb-05762,train,2.161368,2.1638267,1.7558749,1.747705
mb-06615,train,1.5563025,1.5635763,1.3802112,1.3942893
mb-08637,train,1.9777236,1.9981675,1.6434526,1.602011
mb-03646,train,1.7993405,1.9711444,1.5910646,1.7022128
mb-08206,train,1.2787536,1.2260585,1.3424227,1.2884076
mb-06915,train,2.298853,2.2501333,2.0043213,1.9859685
mb-01422,train,1.7781513,1.7469735,1.4149734,1.4446748
mb-00783,train,1.3222194,1.365518,1.1760913,1.1744707
mb-09947,train,2.146128,2.1370883,1.6434526,1.6191021
mb-09461,train,2.2380462,2.234467,1.8573325,1.8434129
mb-09429,train,1.4471581,1.7070544,1.230449,1.455521
mb-05617,train,1.4771214,1.4341404,0.90309,0.9092322
mb-08474,val,1.991226,1.8666543,1.447158,1.4199648
mb-05757,val,2.2855573,2.353672,1.5797836,2.0098865
mb-10684,val,1.4313638,1.652074,1.2787536,1.1647047
mb-00123,val,1.6627579,1.6688929,1.6127839,1.5499327
mb-10963,val,1.6812413,1.5592724,1.3617278,1.4208586
mb-03291,val,2.4517863,2.506461,2.243038,2.1803012
mb-05008,val,2.045323,2.0801802,1.5910646,1.6309439
mb-10398,val,2.2253094,2.1799474,1.8633229,1.917662
mb-01198,val,1.94939,2.083397,1.8633229,2.0448713
mb-04258,val,1.3802112,1.2512548,1.1139433,0.7930952
mb-07736,val,1.5314789,1.4930727,1.2787536,1.1767964
mb-08458,val,1.7323937,1.8715624,1.3617278,1.6561382
mb-00482,val,2.269513,2.2144244,1.8260748,1.8419775
mb-09936,val,2.217484,2.2175796,1.8325089,1.7221293
mb-07622,val,1.968483,1.935322,1.6127839,1.4188128
mb-07950,val,1.5563025,1.5824373,1.3424227,1.3344196
mb-06710,val,1.6812413,1.7683809,1.0791812,1.2132051
mb-01898,val,2.2671716,2.2110076,1.9294189,1.8401402
mb-08606,val,1.8512584,1.8600816,1.5563025,1.6379201
mb-08473,val,1.8750613,2.0933938,1.5185139,1.7445476
mb-10527,val,1.8692318,1.8899972,1.6334685,1.7130818
mb-00987,val,1.9344984,2.1381805,1.5797836,1.6067731
mb-09015,val,2.1583624,2.1746917,1.7403626,1.6616302
mb-08478,val,1.6720979,1.6727402,0.845098,0.8883226
mb-02359,val,1.6627579,1.7501674,1.4313638,1.3758049
mb-05879,val,2.0374265,2.108458,1.39794,1.32404
mb-03665,val,1.9731278,1.9950695,1.4771212,1.7080555
mb-07054,val,1.4149733,1.5102742,1.0791812,1.3134168
mb-00097,val,1.908485,1.7805356,1.6532125,1.5186155
mb-01909,val,2.161368,1.9919508,1.7558749,1.6977082
mb-04654,val,1.2552725,1.1875994,0.845098,0.8093087
mb-10316,val,2.1760912,2.112651,1.908485,1.856045
mb-03965,val,1.6434528,1.5962042,1.3424227,1.3356698
mb-04699,val,1.9493899,1.9830153,1.7323937,1.607064
mb-07226,val,1.6901962,1.675235,1.230449,1.2573597
mb-09751,val,1.8808136,1.7576411,1.6720978,1.5260165
mb-06040,val,1.6127839,1.5564063,1.1139433,0.9925308
mb-02757,val,2.198657,2.2015276,1.8864907,1.8683894
mb-01610,val,1.6127839,1.4261757,1.146128,1.3043238
mb-04732,val,2.209515,2.3031976,1.7853298,2.0369604
mb-00264,val,2.3117537,2.246074,2.089905,2.0325835
mb-02023,val,1.3802112,1.2713015,1.2787536,1.2486968
mb-06279,val,2.3180633,2.2431288,1.8129133,1.8935958
mb-03752,val,1.8129134,1.745845,1.7075702,1.572357
mb-00909,val,1.6434526,2.029497,1.908485,1.8035406
mb-08595,val,2.1238518,2.0937898,1.9190781,1.8442415
mb-09840,val,2.146128,1.988577,1.69897,1.659122
mb-10228,val,2.232996,2.1655798,1.7323937,1.8367099
mb-00024,val,1.5910647,1.625491,1.2787536,1.3637533
mb-03052,val,1.6127839,1.5410646,1.39794,1.2518357
mb-05752,val,2.313867,2.3271081,1.9731278,1.9345042
mb-06880,val,1.3424227,1.2865425,1.146128,1.0040529
mb-09448,val,2.3521826,2.307349,2.0086002,2.1301472
mb-06012,val,2.0043213,1.9634472,1.5563025,1.6036183
mb-06144,val,2.1958997,2.1513982,1.9242793,1.8208923
mb-09421,val,1.9344984,2.083127,1.8388491,1.7934015
mb-00882,val,1.9637878,1.9596796,1.6812413,1.7215286
mb-04118,val,1.7075702,1.6892087,1.5440681,1.5366274
mb-05291,val,2.30103,2.2359195,1.8325089,1.8147862
mb-07909,val,2.2504199,2.239258,2.0293837,2.0451317
mb-05571,val,1.60206,1.5191776,1.447158,1.2447824
mb-01674,val,2.4297523,2.3025775,2.340444,2.2711208
mb-06290,val,2.1958997,2.2352972,1.7853298,1.7818787
mb-01627,val,1.7923918,1.8960121,1.6532125,1.6975412
mb-04935,val,1.3010299,1.3901901,1.0413927,1.028327
mb-10661,val,2.133539,2.1477494,1.2552725,1.7219595
mb-00007,val,1.9912262,1.882876,1.30103,1.386602
mb-00234,val,1.60206,1.7124985,1.3802112,1.0915074
mb-04624,val,2.3053513,2.3106043,1.8633229,1.9433483
mb-09499,val,2.0681858,2.0701048,1.2787536,1.355115
mb-04285,val,0.8450981,1.1329002,0.60206,0.86856794
mb-09680,val,1.6020601,1.5442994,1.146128,1.143391
mb-00470,val,1.4313638,1.8185619,1.4313638,1.4988242
mb-08876,val,1.1760912,1.2068704,1.0413927,1.077679
mb-03727,val,2.4132996,2.489715,2.0211892,2.1607935
mb-03236,val,2.0,1.9885794,1.69897,1.7614782
mb-00910,val,2.20412,2.2329485,2.045323,2.053021
mb-02530,val,2.1760912,2.0975125,1.5797836,1.786258
mb-09746,val,2.071882,1.9365139,1.7923917,1.7367805
mb-08438,val,1.9542426,1.8785923,1.6334685,1.6747365
mb-01196,val,1.7075702,1.7563931,1.6127839,1.487693
mb-06770,val,2.0681858,2.04286,1.8864907,1.9161077
mb-02416,val,1.8633229,1.8340391,1.3617278,1.303606
mb-04674,val,1.5051501,1.5833235,1.20412,1.3030536
mb-08466,val,2.3384564,2.3844764,2.0,2.0516934
mb-06477,val,1.9242793,1.8978863,1.2787536,1.2870544
mb-08553,val,1.6232493,1.660588,1.20412,1.4223826
mb-06164,val,1.69897,1.7162402,1.60206,1.5682834
mb-01274,val,1.819544,1.8758796,1.6627579,1.5497923
mb-02422,val,1.748188,1.8005548,1.4149734,1.359176
mb-10530,val,1.8260748,1.8581462,1.5185139,1.4808251
mb-01946,val,2.25042,2.1800086,1.8692317,1.8859737
mb-06566,val,2.1731863,2.2011673,1.770852,1.7832303
mb-00874,val,2.1038036,2.0632691,1.9138138,1.894175
mb-01080,val,1.9867717,1.9160088,1.7242758,1.6772192
mb-08785,val,2.3364596,2.0854812,2.0253057,1.7636214
mb-10269,val,1.748188,1.7756193,1.3617278,1.3987296
mb-10566,val,1.8750613,2.005483,1.3222193,1.3647008
mb-07451,val,1.7160034,1.7636807,1.4313638,1.4085778
mb-09632,val,1.7075702,1.7257156,1.3424227,1.4507325
mb-03292,val,2.4533184,2.4025297,2.1760912,2.0643604
mb-03220,val,2.3996737,2.1606266,1.7558749,1.8739718
mb-09493,val,1.8976271,1.9801533,1.230449,1.4552095
mb-08644,val,1.7558749,1.7748796,1.3617278,1.5070945
mb-10846,val,1.50515,1.6663922,1.39794,1.3973198
mb-01134,val,1.8573326,1.6560012,1.4313638,1.4129658
mb-01787,val,2.214844,2.229865,2.178977,2.1018145
mb-10488,val,2.120574,2.2216372,1.8388491,1.8525159
mb-06610,val,2.1003706,2.0149858,1.7558749,1.7785997
mb-01939,val,1.9242793,1.91161,1.6627579,1.6914244
mb-03331,val,1.7923918,1.7844566,1.4313638,1.4108677
mb-03730,val,2.0128374,2.1865532,1.462398,1.7614589
mb-07181,val,2.0530784,1.9743026,1.7853298,1.7704494
mb-09139,val,1.0791813,0.98238206,0.7781513,0.7167503
mb-08599,val,1.39794,1.467853,1.20412,1.1798879
mb-05054,val,1.9190781,1.8047217,1.690196,1.5046712
mb-01715,val,1.6812413,1.666311,1.5185139,1.5231668
mb-03654,val,1.690196,1.5957131,1.3617278,1.201939
mb-10344,val,2.1958995,2.0706897,1.60206,1.740304
mb-03878,val,2.3579347,2.359717,2.0530784,2.0290442
mb-04615,val,2.0,1.9495759,1.7403626,1.7047611
mb-02634,val,1.3802112,1.3995345,1.0413927,1.0755689
mb-10769,val,1.5797837,1.239378,1.30103,1.023977
mb-06246,val,2.357935,2.303525,1.80618,1.947468
mb-00040,val,1.4149734,1.6500018,1.462398,1.5012926
mb-07378,val,1.8692317,1.9183431,1.50515,1.6098751
mb-01525,val,2.1367207,2.156399,1.6627579,1.6684701
mb-02365,val,1.6020601,1.6332308,1.5440681,1.4882946
mb-04592,val,2.348305,2.3357778,2.1105897,2.1031654
mb-10765,val,2.2253094,2.229425,2.0374265,1.9945673
mb-03674,val,1.6989701,1.6513426,1.1139433,1.1697432
mb-00727,val,2.2013972,2.176545,1.8976271,1.912017
mb-06337,val,2.0681858,2.07171,1.50515,1.4590276
mb-03726,val,1.7242758,1.7440357,1.3802112,1.3373679
mb-09964,val,1.8864907,1.9969282,1.60206,1.7140063
mb-07961,val,1.5185139,1.3567833,1.0413927,0.7164017
mb-01179,val,2.356026,2.3470228,2.0,1.9726686
mb-02015,val,2.1003704,2.1093948,1.748188,1.762201
mb-09113,val,2.220108,2.1858575,1.8260748,1.7566035
mb-04945,val,2.060698,2.095665,1.462398,1.461383
mb-00894,val,1.5682018,1.6774886,1.3424227,1.3819823
mb-04941,val,1.845098,1.8653964,1.2787536,1.4769919
mb-01048,val,1.7323939,1.671385,1.5682018,1.4876639
mb-10516,val,1.5910647,1.574876,1.3424227,1.4544251
mb-09125,val,2.1931245,2.1400664,1.7160033,1.5361971
mb-10072,val,1.518514,1.273347,1.20412,1.0931797
mb-09096,val,1.4149734,1.4703434,1.20412,1.1545608
mb-09923,val,2.230449,2.213595,1.9294189,1.8967898
mb-06381,val,1.447158,1.3407891,1.1139433,0.97917163
mb-09885,val,2.1038036,2.0793304,1.7403626,1.7552812
mb-09412,val,1.90309,1.940926,1.50515,1.6562282
mb-08681,val,1.9294189,1.9693646,1.5185139,1.6527709
mb-08686,val,2.2148438,2.214837,1.7323937,1.7549974
mb-00905,val,0.9542425,1.294589,0.69897,1.0145938
mb-01138,val,1.4149734,1.1503323,1.1139433,0.9684704
mb-05906,val,1.9956352,2.015349,1.7403626,1.6696317
mb-03112,val,1.2552725,1.3123267,0.90309,1.0353112
mb-10662,val,2.0374265,2.1011744,1.5440681,1.7828476
mb-02785,val,1.9777236,2.0056503,1.39794,1.5367166
mb-04440,val,2.1172712,2.092162,1.8864907,1.831499
mb-02461,val,1.5797836,1.5421606,1.4771212,1.4259418
mb-00141,val,0.90309,1.1535978,0.7781513,0.7757465
mb-08656,val,1.6532125,1.6862947,1.2787536,1.3291404
mb-01587,val,2.3521824,2.3390002,2.0128372,1.9539914
mb-07345,val,1.8129134,1.7759603,1.3802112,1.3111935
mb-10317,val,1.9777236,1.9889886,1.845098,1.8319979
mb-05482,val,1.7708521,1.7156293,1.6334685,1.5697366
mb-07175,val,0.60206,0.5371414,0.30103,0.2618388
mb-08844,val,1.7923918,1.7216575,1.4913617,1.4236772
mb-00685,val,2.08636,2.1296604,1.462398,1.6435292
mb-10259,val,2.09691,2.1409502,1.8325089,1.9543778
mb-05525,val,1.8388491,1.8419623,1.5797836,1.5871093
mb-06068,val,1.9867717,1.9439766,1.60206,1.5370883
mb-05827,val,1.8195438,1.8068817,1.3222193,1.2777002
mb-02241,val,1.90309,1.8704417,1.5563025,1.5493798
mb-06048,val,2.2148438,2.1513937,1.80618,1.7881691
mb-05101,val,1.7853298,1.8191495,1.30103,1.3292656
mb-01058,val,2.0086002,1.965282,1.819544,1.6237476
mb-08447,val,2.089905,2.0687268,1.8573325,1.7657281
mb-06542,val,1.7160034,1.6704148,1.462398,1.464528
mb-01778,val,1.9590415,2.0104792,1.8260748,1.7966264
mb-02767,val,1.7160033,1.428734,1.447158,1.2294453
mb-10284,val,2.089905,2.0488455,1.7242758,1.634235
mb-01846,val,1.1760913,1.2990066,0.9542425,0.95211035
mb-01316,val,2.3053515,2.2483819,1.819544,1.8755298
mb-04741,val,1.3617278,1.1235898,0.47712126,0.93477887
mb-09756,val,2.340444,2.3165133,2.0043213,2.0226715
mb-07193,val,1.3802112,1.3223435,1.0791812,0.90392476
mb-01668,val,1.230449,1.291362,0.7781513,0.91850334
mb-03230,val,1.80618,1.7907128,1.1139433,1.4078988
mb-02044,val,2.1367207,2.0788424,1.7323937,1.6754745
mb-01089,val,1.5314789,1.690465,1.0,1.2102996
mb-10929,val,1.7993406,1.7938753,1.30103,1.6096908
mb-09867,val,1.968483,1.9730694,1.7558749,1.708606
mb-04728,val,1.9822712,1.9337344,1.7160033,1.6629316
mb-06868,val,1.748188,1.7877133,1.2552725,1.3489175
mb-04200,val,1.2041199,1.6033792,1.0,1.2180109
mb-00818,val,2.2121875,2.2228584,1.9444827,1.9556786
mb-05280,val,1.6627579,1.5234683,1.4313638,1.2139916
mb-08570,val,2.161368,2.119627,1.8573325,1.8197614
mb-10403,val,2.217484,2.2597504,1.6334685,1.4994136
mb-04481,val,2.0,2.011595,1.8325089,1.72269
mb-05132,val,2.230449,2.2830734,1.845098,1.9514061
mb-07851,val,2.5611014,2.5501108,2.2227166,2.2244205
mb-05772,val,2.0492182,2.0381186,1.6812413,1.6479934
mb-02978,val,1.7323937,1.7005882,1.20412,1.1545466
mb-04585,val,1.748188,1.7775829,1.230449,1.336077
mb-03732,val,2.3324385,2.3098807,1.9395193,1.8890836
mb-02158,val,2.0934217,2.0406492,1.5563025,1.6665853
mb-10946,val,2.4814425,2.3804834,2.20412,2.055416
mb-05238,val,1.8864908,1.8652365,1.4149734,1.3845223
mb-08664,val,2.0128374,2.2448664,1.30103,1.5970379
mb-06755,val,1.4149734,1.3997536,1.0413927,1.0376914
mb-03967,val,2.071882,2.094096,1.8573325,1.9484732
mb-00052,val,1.5185139,1.6126182,1.2787536,1.3311361
mb-07426,val,1.6532125,1.6553589,1.462398,1.5151727
mb-02342,val,0.60206,0.9422073,0.47712126,0.690714
mb-08329,val,2.1139433,2.0800197,1.69897,1.8093135
mb-06834,val,1.748188,1.7747777,1.3617278,1.4506382
mb-06642,val,2.3304136,2.2858644,2.2718415,2.2374077
mb-05947,val,1.6232493,1.5457706,1.39794,1.1959554
mb-08859,val,0.845098,1.2509445,1.0,1.1269846
mb-10701,val,1.5563025,2.2160711,1.8512584,1.8700331
mb-00656,val,2.2013972,2.0911176,1.7075702,1.7115195
mb-09957,val,2.201397,2.1630702,1.6720978,1.7491847
mb-02279,val,1.8692317,1.8702427,1.5563025,1.5581052
mb-01689,val,1.3222193,1.5550902,0.845098,0.90755713
mb-04437,val,2.1105897,2.0777369,1.9444827,1.9045496
mb-10296,val,2.346353,2.2349575,2.0043213,1.9209874
mb-03893,val,1.3222194,1.3008155,0.7781513,0.82048994
mb-02090,val,2.0334237,2.0984612,1.6720978,1.7292482
mb-04875,val,2.1673174,2.0166993,2.0413928,1.8545564
mb-05777,val,2.3159702,2.231012,2.045323,1.8313453
mb-07010,val,2.2900345,2.2306948,1.9956352,1.8923842
mb-07005,val,0.47712126,0.6958436,0.47712126,0.47259438
mb-10914,val,2.1903317,1.6808759,0.30103,0.92057693
mb-10060,val,2.0334237,1.993864,1.9590414,1.8205266
mb-06555,val,1.6989701,1.7584932,1.4913617,1.509552
mb-06570,val,1.7323937,1.6439991,1.5910646,1.4838691
mb-01207,val,1.9190781,1.8605037,1.3802112,1.4791795
mb-03471,val,2.0043213,2.1189616,1.7403626,1.8662031
mb-05810,val,1.8129134,1.8066223,1.5440681,1.4822441
mb-05774,val,2.3053515,2.31854,1.6627579,1.8788722
mb-08935,val,1.8808136,1.7468383,1.2552725,1.007936
mb-01522,val,2.292256,2.351821,2.0086002,2.053141
mb-01767,val,1.897627,1.8764216,1.69897,1.639788
mb-01826,val,1.763428,1.7355474,1.230449,1.3347808
mb-08544,val,1.5051501,1.5868175,1.230449,1.4109439
mb-08963,val,1.9777236,1.9420773,1.6532125,1.6566093
mb-08475,val,2.3961995,2.352967,1.9190781,1.9830562
mb-06218,val,2.0934215,2.1453397,2.0253057,2.043363
mb-07656,val,2.3222194,2.3405108,1.94939,1.9871337
mb-02475,val,1.4471581,1.3762411,1.0,1.1583959
mb-01012,val,2.149219,2.2103608,1.908485,1.9801872
mb-01169,val,2.2148438,2.198218,1.819544,1.822904
mb-06362,val,1.5185139,1.3825842,0.9542425,1.1920682
mb-04163,val,1.6127838,1.6659759,1.447158,1.4678197
mb-09357,val,2.2121875,2.234054,1.763428,1.7978845
mb-02324,val,1.8388491,1.7797543,1.3617278,1.404879
mb-07986,val,2.2355285,2.2108974,1.8573325,1.8212268
mb-08321,val,0.90309,1.1815265,0.69897,0.8933347
mb-07697,val,1.94939,1.9237499,1.5563025,1.5086128
mb-04790,val,2.143015,2.3459878,1.8750613,2.0216296
mb-07227,val,1.39794,1.4257393,1.230449,1.1861439
mb-02597,val,1.8750613,1.7966318,1.5910646,1.556941
mb-05110,val,2.361728,2.3272026,1.94939,1.9677423
mb-10878,val,2.2278867,2.1268394,1.8920946,1.7721589
mb-01936,val,1.9344985,2.0090485,1.6532125,1.8337058
mb-03831,val,2.0170333,2.1017597,1.39794,1.6205615
mb-03489,val,2.155336,2.1934757,1.69897,1.7111378
mb-08947,val,1.5185139,1.5829457,1.447158,1.474535
mb-00541,val,1.462398,1.5796201,1.39794,1.344319
mb-03537,val,2.1931245,2.2027318,1.9444827,1.8517458
mb-04669,val,2.1238518,1.9545724,1.8750613,1.7298297
mb-05036,val,2.1846914,2.161153,1.5563025,1.5415992
mb-07504,val,1.6989701,1.802001,1.4313638,1.5591986
mb-05184,val,1.3222193,1.2453368,1.0413927,1.0465038
mb-07097,val,1.6127839,1.4728403,0.7781513,1.3347461
mb-02964,val,1.4313638,1.495502,1.30103,1.2933576
mb-00392,val,2.2479732,2.2594948,1.8325089,1.8493088
mb-07788,val,1.2041199,1.2298592,1.0413927,0.9928501
mb-03699,val,2.3096302,2.2960358,2.089905,2.0664597
mb-05887,val,1.6232493,1.586242,1.5314789,1.4775519
mb-07373,val,1.5682018,1.5685215,1.4313638,1.4401146
mb-06401,val,2.0043213,2.0981503,1.8808136,1.9222772
mb-09399,val,1.9731278,1.978744,1.6720978,1.6183944
mb-05835,val,1.863323,1.8194844,1.6127839,1.481633
mb-07321,val,1.7160033,1.7567619,1.60206,1.5980093
mb-10022,val,2.1818435,2.220333,1.9294189,1.8319913
mb-08797,val,1.230449,1.0245357,0.7781513,0.6957517
mb-08611,val,1.8512583,1.8167695,1.5910646,1.550711
mb-08133,val,1.9777236,2.2126126,1.50515,1.6517924
mb-00891,val,1.9395192,2.028744,1.6720978,1.7995192
mb-02171,val,1.7853298,1.8042202,1.5797836,1.582139
mb-10333,val,2.0934217,2.1532588,1.8920946,1.9998481
mb-09866,val,1.5051501,1.5567816,1.20412,1.2586602
mb-06228,val,2.2278867,2.1739688,1.69897,1.6324551
mb-02092,val,2.0934217,2.0298514,1.6812413,1.498752
mb-02046,val,1.462398,1.4365647,1.2787536,1.2754805
mb-02071,val,1.690196,1.640019,0.845098,1.1978133
mb-10213,val,0.99999994,1.5653341,1.0791812,1.170613
mb-02078,val,2.0934217,2.0571685,1.8512584,1.8024741
mb-06207,val,2.1958997,2.200696,1.8573325,1.8151492
mb-09689,val,2.1553361,2.2177248,1.8750613,1.928356
mb-05219,val,1.897627,1.857752,1.447158,1.3633999
mb-01856,val,2.0170333,2.0430346,1.7923917,1.6377286
mb-07496,val,0.9542426,1.7522192,1.1760913,1.256628
mb-03750,val,2.1271048,2.2421796,1.8692317,2.1696763
mb-01742,val,2.3096302,2.3557935,1.9731278,1.9788215
mb-07122,val,2.1846914,2.2737048,1.748188,1.9197013
mb-01999,val,1.748188,1.6548482,1.6127839,1.532655
mb-00989,val,2.2944663,2.2988062,1.90309,1.9615101
mb-02356,val,2.164353,2.1624792,1.6720978,1.6907233
mb-03259,val,1.4623979,1.543827,1.0791812,1.1482501
mb-10712,val,1.5682018,1.7098734,1.3617278,1.3819437
mb-09131,val,1.9242793,1.8776417,1.30103,1.3794141
mb-03390,val,2.3873897,2.3482647,2.0334237,2.0123906
mb-09317,val,1.8976271,1.925443,1.5440681,1.6311793
mb-08706,val,1.5682018,1.7808411,1.2787536,1.4328132
mb-08892,val,2.2479732,2.2997618,1.9294189,2.016612
mb-10543,val,1.7634281,1.7492839,1.5563025,1.4559591
mb-06411,val,1.8633227,1.9111096,1.0791812,1.4176793
mb-03825,val,2.2013972,2.1724834,1.0,1.7008144
mb-09364,val,2.1139433,2.1532252,1.9344984,2.0571666
mb-09312,val,2.0086002,1.7737155,1.60206,1.3304813
mb-04008,val,1.9294189,1.9766192,1.770852,1.7896483
mb-09408,val,1.5051501,1.6106153,1.462398,1.4203839
mb-09607,val,2.3673558,2.363227,2.0374265,1.9596488
mb-05891,val,2.313867,2.217421,1.60206,1.7431097
mb-06274,val,2.3598354,2.358077,1.8692317,2.032162
mb-08234,val,2.252853,2.2815998,2.0170333,2.1089735
mb-05472,val,1.2787536,1.3719817,1.0,1.0650675
mb-03959,val,2.0530784,2.1155741,1.763428,1.8873891
mb-00147,val,2.1702616,2.1231325,2.071882,2.0405638
mb-01228,val,2.2552724,2.2715783,2.064458,2.0841625
mb-06787,val,2.1522884,2.1853895,1.6532125,1.6616747
mb-08584,val,2.220108,2.1553626,1.8976271,1.806783
mb-04578,val,1.9542425,1.9507484,1.690196,1.7573532
mb-04424,val,1.6989701,1.7776703,1.4313638,1.5782282
mb-02819,val,1.8808136,1.8025886,1.50515,1.4352586
mb-01588,val,2.0569048,2.0902393,1.80618,1.8134595
mb-08703,val,2.2504199,2.3396323,2.0569048,2.0274725
mb-02113,val,1.8920946,1.9668031,1.690196,1.617582
mb-03935,val,2.2013972,2.1944568,1.7160033,1.7240871
mb-04650,val,1.6127839,1.6579586,1.3424227,1.2985761
mb-01177,val,1.0413927,1.0724647,0.7781513,0.76624525
mb-06268,val,2.155336,2.2132974,1.8129133,1.7764702
mb-08687,val,1.9138138,1.8581873,1.39794,1.4397223
mb-00256,val,1.30103,1.411955,0.9542425,0.9563309
mb-01712,val,1.518514,1.5747361,1.5563025,1.4387993
mb-00193,val,1.5440681,1.5285933,1.3802112,1.4065543
mb-05510,val,1.7923918,1.7953721,1.6627579,1.5755157
mb-03384,val,1.8808136,1.7897329,1.20412,1.3304089
mb-06602,val,2.1139433,2.2030408,1.763428,1.8051575
mb-03953,val,1.845098,1.8450435,1.5563025,1.6584456
mb-04044,val,1.9138138,1.9275559,1.7160033,1.7178077
mb-09368,val,1.8692317,1.8422384,1.748188,1.7319783
mb-01011,val,1.7323937,1.6382703,0.9542425,1.1587263
mb-03976,val,2.3856063,2.3107355,2.0863597,1.8608209
mb-07202,val,2.313867,2.3541021,2.089905,2.08049
mb-02567,val,2.3579347,2.185734,1.9822712,1.9350592
mb-05248,val,2.0374265,2.0025573,1.5440681,1.4722022
mb-06675,val,1.230449,0.98213136,1.1139433,1.0868316
mb-07461,val,2.0934217,2.148329,1.8920946,2.0359042
mb-07618,val,2.2600713,2.1459985,1.748188,1.6319778
mb-09509,val,2.025306,2.0499914,1.5682018,1.6193554
mb-01303,val,2.09691,2.052449,1.90309,1.8714461
mb-03630,val,1.9542426,1.9117051,1.6627579,1.6015701
mb-08944,val,1.146128,1.1734034,0.845098,1.0794399
mb-00780,val,1.4149734,1.5628867,1.0,1.2912823
mb-01266,val,1.7853298,1.6306001,1.146128,1.3202182
mb-02242,val,1.8920946,1.7040908,1.4313638,1.2912326
mb-01948,val,1.1760912,1.2939832,0.845098,0.92756045
mb-09788,val,1.90309,1.9761107,1.5682018,1.7123761
mb-01497,val,1.7993406,1.7925582,1.462398,1.4496222
mb-04652,val,1.146128,1.8566353,1.6532125,1.6731867
mb-04283,val,1.9493899,1.9280231,1.7160033,1.6645726
mb-05668,val,1.80618,1.7704371,1.4149734,1.5277963
mb-02672,val,1.6627578,1.590334,1.60206,1.4897789
mb-00888,val,1.4913617,1.6103123,1.30103,1.4081081
mb-06046,val,2.3541083,2.1640859,1.5185139,1.7059382
mb-09164,val,2.209515,2.1116128,1.845098,1.7639846
mb-10353,val,1.6989701,1.6526883,1.230449,1.3661468
mb-08021,val,1.5185139,1.8966502,1.5185139,1.6597277
mb-08613,val,2.2430382,2.1238036,1.8260748,1.7815877
mb-10533,val,1.5314789,1.3311589,0.845098,1.0025785
mb-06780,val,0.60206,0.5515039,0.30103,0.26762462
mb-08885,val,2.4653828,2.3379645,2.2355285,2.0649393
mb-09909,val,1.8573326,1.8873688,1.4313638,1.4425555
mb-07899,val,1.6532125,1.6287966,1.39794,1.4070766
mb-10372,val,1.8976271,1.9271746,1.7323937,1.8089414
mb-05897,val,1.8260747,1.6920226,1.6434526,1.524543
mb-09110,val,2.1903317,2.265659,2.0863597,2.0208557
mb-01884,val,2.0530784,2.0521054,1.819544,1.7722449
mb-05624,val,1.9912261,1.94541,1.4149734,1.500672
mb-08459,val,1.7708521,1.8275709,1.6127839,1.6070095
mb-02671,val,2.217484,2.2828102,2.0043213,1.9601333
mb-06721,val,1.4149734,1.3713663,1.2552725,1.2342551
mb-00929,val,1.8864907,1.9637892,1.4771212,1.5823969
mb-05448,val,2.2787535,2.2858925,1.8808136,1.8931807
mb-01403,val,1.6020601,1.4981768,1.3424227,1.3591417
mb-03348,val,2.4983106,2.3883817,2.307496,2.0767038
mb-02494,val,1.9590414,1.8427508,1.146128,1.3130921
mb-00207,val,2.1398792,2.1216538,1.9242793,1.8239496
mb-02702,val,1.50515,1.3999063,1.1139433,1.0623662
mb-06441,val,2.2355285,2.3211403,1.8260748,1.9018533
mb-10070,val,1.7558749,1.6066629,1.4313638,1.3738194
mb-02137,val,1.9637878,1.9298929,1.8129133,1.7748075
mb-09115,val,1.8692317,2.053398,1.3222193,1.6365488
mb-01653,val,1.1139433,1.1428381,0.47712126,0.77261084
mb-03119,val,2.2479732,2.2122738,1.9138138,1.8201069
mb-09197,val,2.217484,2.2596717,1.9867717,1.9933442
mb-00458,val,2.049218,2.098784,1.7242758,1.9276162
mb-09019,val,1.7160033,1.6125265,1.5797836,1.4890897
mb-03747,val,2.2855573,2.3290875,2.1105897,2.1410463
mb-10425,val,2.1367207,2.2476094,1.80618,1.7564802
mb-00913,val,1.50515,1.3185064,1.1139433,0.97962976
mb-05443,val,1.8633229,1.7667929,1.3802112,1.4266748
mb-08170,val,0.99999994,1.0605882,1.0791812,0.9680674
mb-00902,val,2.2900345,2.3510423,2.0530784,2.010763
mb-02953,val,1.8325089,1.7643884,1.7403626,1.6584347
mb-00342,val,1.90309,1.9508888,1.4313638,1.3870386
mb-00669,val,2.1702616,2.1203687,1.9777236,1.9080799
mb-06299,val,1.9138138,1.9075742,0.845098,1.3038418
mb-00204,val,1.7403628,1.83773,1.462398,1.6352918
mb-01863,val,1.0413927,1.0962498,0.69897,0.60332114
mb-10356,val,2.0413928,2.0776055,1.5682018,1.657631
mb-02665,val,1.9084849,1.6119676,1.2552725,1.118194
mb-06519,val,1.9542425,1.9762592,1.6232493,1.5279169
mb-02643,val,2.149219,2.1371017,2.0569048,2.000133
mb-06687,val,1.6627579,1.6256098,1.6232493,1.4984378
mb-06789,val,1.0791813,1.1743339,0.7781513,0.75905174
mb-00011,val,1.1139433,1.1836605,0.7781513,0.872908
mb-04221,val,2.1760912,2.1621325,2.0334237,2.050198
mb-06527,val,2.0791812,2.0213237,1.5185139,1.5254979
mb-10005,val,2.133539,2.0979066,1.8633229,1.9257118
mb-00660,val,1.6812413,1.6455517,1.3617278,1.4697351
mb-01106,val,0.90309,1.1249856,0.60206,0.6387057
mb-08496,val,1.6232493,1.9147975,1.462398,1.7749364
mb-01140,val,2.2380462,2.174033,2.0170333,1.983407
mb-01343,val,1.8976271,1.7526329,1.7853298,1.6409619
mb-09695,val,1.8129133,1.492669,1.5185139,1.1957843
mb-08883,val,1.9867718,2.0238693,1.6127839,1.6586939
mb-06807,val,1.3802112,1.4075035,1.146128,1.2164805
mb-07705,val,1.8864907,1.7272916,1.5797836,1.4087114
mb-01286,val,2.089905,2.0866718,1.770852,1.8220495
mb-00266,val,2.1522884,2.076332,1.9138138,1.8692973
mb-06304,val,1.7993405,1.7891166,1.5910646,1.5482395
mb-03453,val,1.4771212,1.5759572,1.2552725,1.2919208
mb-10868,val,1.8633229,1.7719179,1.5314789,1.3578141
mb-07742,val,2.0791812,2.1914196,1.80618,1.8179994
mb-10182,val,1.6627579,1.658911,1.4149734,1.2770219
mb-08429,val,2.0086002,2.1991074,1.8808136,1.9995269
mb-07183,val,1.8864907,1.8895366,1.447158,1.3819485
mb-10823,val,1.9822712,1.8474025,1.690196,1.6316918
mb-08946,val,1.5797837,1.9012173,1.4313638,1.6582329
mb-10381,val,2.0128374,2.1322498,1.5682018,1.4243433
mb-08264,val,2.209515,2.1215525,1.9542425,1.8821814
mb-04837,val,2.139879,2.1540701,1.9344984,1.9910269
mb-07921,val,1.39794,1.279755,1.2787536,1.229979
mb-08710,val,1.6989701,1.7291461,1.2552725,1.3707435
mb-08551,val,1.6532125,1.712382,1.462398,1.5742518
mb-05543,val,2.243038,2.2347555,2.0211892,1.9968421
mb-03835,val,2.220108,2.2244067,1.845098,1.7292539
mb-08186,val,1.9637878,1.9721556,1.7403626,1.8057442
mb-08636,val,1.6532125,1.7790163,1.3424227,1.312271
mb-03363,val,2.2355285,2.3020275,1.7993406,1.7675815
mb-10820,val,2.198657,2.1256824,1.5910646,1.9678221
mb-04666,val,1.230449,1.26284,0.7781513,1.005755
mb-10066,val,1.9395192,1.9817066,1.690196,1.7510904
mb-00587,val,1.3222193,1.0211667,0.845098,0.6611732
mb-03097,val,2.1702619,2.2369275,1.908485,1.9884298
mb-07052,val,1.8388491,1.8206937,1.5185139,1.5124412
mb-07397,val,1.0413927,1.0634606,0.7781513,0.77665925
mb-03754,val,1.7923917,1.7279679,1.3617278,1.3109446
mb-05985,val,1.9867717,2.1266503,1.5185139,1.557297
mb-09404,val,1.0791812,1.0770768,0.69897,0.7238898
mb-02547,val,1.8260748,1.7600152,1.5185139,1.3591648
mb-08591,val,1.3222194,1.3739167,0.90309,1.0779586
mb-01589,val,2.0413926,1.9313322,1.5797836,1.727342
mb-01054,val,2.029384,2.0352108,1.80618,1.8319247
mb-09392,val,2.1731863,2.084158,1.7993406,1.7337815
mb-06171,val,2.1238518,2.032084,1.6334685,1.6407562
mb-10808,val,1.5797836,1.6412697,1.3802112,1.2675197
mb-10717,val,1.7160034,1.7521746,1.2552725,1.3653133
mb-05154,val,2.064458,1.9006361,1.748188,1.6210595
mb-03243,val,1.8976271,1.9812065,1.3424227,1.4937316
mb-01577,val,2.209515,2.1680381,1.9344984,1.7771493
mb-07133,val,1.6127838,1.6237601,1.3222193,1.3418994
mb-02841,val,1.4313638,1.4421217,1.0413927,1.0303605
mb-01749,val,1.7160033,1.7150981,1.3617278,1.3314724
mb-01013,val,1.8750613,1.9638261,1.5910646,1.6815923
mb-03426,val,1.9493899,1.9175365,1.8129133,1.6683156
mb-10513,val,2.2013972,2.2171488,1.8388491,1.8823318
mb-00610,val,1.5563025,1.5006738,1.4149734,1.3549584
mb-05435,val,1.2552725,1.3774709,0.69897,0.8830469
mb-09904,val,1.908485,1.8108499,1.6627579,1.5676633
mb-01727,val,1.9590414,1.9483489,1.6720978,1.6519147
mb-04072,val,1.5051501,1.5354006,1.3424227,1.3551269
mb-03983,val,1.5314789,1.4662627,1.3222193,1.1932905
mb-01325,val,2.3364596,2.3203092,2.0211892,1.8822163
mb-05808,val,1.5797837,1.5235658,1.20412,1.2197591
mb-00405,val,2.2227163,2.1662292,1.9344984,1.822773
mb-01932,val,2.269513,2.185133,1.8692317,1.8255408
mb-10261,val,2.5224442,2.3967257,2.2278867,2.0613568
mb-10313,val,2.0934217,2.1018372,1.7781513,1.7683089
mb-07154,val,1.845098,1.8971956,1.4771212,1.3647324
mb-07758,val,1.2787536,1.3549306,0.90309,0.88619906
mb-10591,val,1.6127839,1.4847159,1.3424227,1.2575021
mb-07269,val,1.7323937,1.5324485,1.230449,1.2071543
mb-10620,val,2.232996,2.1584787,1.5185139,1.4571218
mb-08855,val,1.7853298,1.971138,1.748188,1.8119612
mb-06099,val,1.0,1.3458402,1.1760913,1.0410925
mb-09676,val,2.071882,2.0772448,1.7323937,1.7007942
mb-10975,val,1.60206,1.7676936,1.3802112,1.5034794
mb-05037,val,1.2041199,1.1533487,1.0413927,0.9849938
mb-09116,val,2.1105897,1.9256251,1.845098,1.6103805
mb-09258,val,1.4471581,1.962624,0.9542425,1.3504357
mb-02326,val,1.7075702,1.6967708,1.5185139,1.5146773
mb-03897,val,1.230449,1.3290225,0.90309,1.0580446
mb-08688,val,2.075547,1.9519159,1.8512584,1.699407
mb-02247,val,1.90309,1.9231795,1.690196,1.6444134
mb-08789,val,2.3673558,2.350565,2.0170333,1.9524667
mb-01178,val,2.075547,2.1924949,1.69897,1.8714141
mb-06294,val,2.2552724,2.2937927,1.8920946,1.9310505
mb-06344,val,1.5440681,1.473304,1.3617278,1.351665
mb-09924,val,2.2253094,2.204554,1.819544,1.8267907
mb-02524,val,2.1367207,2.1296296,1.748188,1.7895288
mb-04211,val,1.7075702,1.5243567,1.2552725,1.1668227
mb-10522,val,2.363612,2.2700202,2.161368,2.041153
mb-02990,val,2.5051498,2.3560703,2.243038,2.0527673
mb-01227,val,1.5797836,1.5300292,1.3802112,1.3764884
mb-03586,val,1.9242792,1.7986478,1.5797836,1.5397512
mb-09801,val,1.6127839,1.5787203,1.1760913,1.1539669
mb-00630,val,2.230449,2.17451,1.7781513,1.7642446
mb-07151,val,1.544068,1.6085674,1.3222193,1.3305696
mb-06139,val,2.4048338,2.3660915,1.9956352,2.0379198
mb-03702,val,1.7323939,1.6271477,1.5440681,1.3756986
mb-01474,val,0.90309,1.000368,0.30103,0.8282117
mb-09933,val,1.5910647,1.472277,1.39794,1.1349655
mb-03237,val,2.0334237,1.8670225,1.8692317,1.5755789
mb-09569,val,2.071882,2.0590274,1.8633229,1.7890321
mb-02958,val,2.4232457,2.3915455,2.1238515,2.0617173
mb-02496,val,2.2718415,2.2037292,2.0681858,1.890007
mb-10915,val,1.6434526,1.6088054,1.2552725,1.2052
mb-06450,val,2.133539,2.1155024,1.7781513,1.6951799
mb-00078,val,1.8808136,1.9352485,1.6334685,1.681729
mb-03988,val,1.4313638,1.3758581,1.2552725,1.2316823
mb-07166,val,2.1172712,2.140614,2.0211892,2.0188277
mb-10827,val,2.143015,2.229341,1.8976271,1.9415486
mb-09881,val,2.2576785,2.1997988,1.8750613,1.8537049
mb-09180,val,2.149219,2.1873264,1.9444827,1.9799681
mb-09573,val,0.8450981,1.1906455,0.60206,0.8474255
mb-02430,val,1.845098,1.8410993,1.447158,1.3455993
mb-00612,val,1.6334685,1.6848539,1.5682018,1.5329233
mb-04888,val,1.9867717,1.9156625,1.8388491,1.6958356
mb-03634,val,1.9590414,2.0313299,1.748188,1.7887017
mb-02014,val,1.0,1.2436095,1.1760913,1.1094196
mb-03216,val,2.2528532,2.308253,1.9242793,1.8660022
mb-09761,val,1.7323937,1.3786507,1.1139433,1.2451915
mb-07551,val,1.462398,1.5591484,1.3424227,1.3202438
mb-01735,val,1.748188,1.6852576,1.4313638,1.4688182
mb-09651,val,1.5440681,1.5604243,1.2787536,1.2062249
mb-00976,val,1.7075702,1.7107234,1.3424227,1.2939682
mb-10942,val,2.6394866,2.296008,2.7185018,2.254978
mb-00514,val,1.9138138,1.8163458,1.7075702,1.5544506
mb-08405,val,1.9956353,1.9221897,1.819544,1.7115368
mb-08718,val,1.8512584,1.9430991,1.4313638,1.3862519
mb-04082,val,2.10721,2.0192277,1.4771212,1.7683387
mb-05744,val,1.9542425,1.9869578,1.3222193,1.24858
mb-09813,val,2.3344536,2.299894,2.064458,2.0222194
mb-04005,val,2.1271048,2.070995,1.8750613,1.7963047
mb-06091,val,1.7993406,1.7507846,1.39794,1.3604791
mb-08259,val,1.748188,1.3533044,1.462398,1.1834041
mb-08618,val,1.5314789,1.3446013,1.0413927,1.0619003
mb-00340,val,1.2552725,1.2089612,0.845098,0.8709967
mb-01382,val,1.4149734,1.3564894,1.1139433,1.073377
mb-02311,val,1.9731278,1.9750375,1.5185139,1.3623168
mb-01751,val,2.238046,2.3082585,2.0211892,2.0624986
mb-08449,val,2.2787535,2.1801531,2.045323,1.9099753
mb-06823,val,1.9542425,2.0122936,1.60206,1.6431857
mb-06928,val,1.146128,1.10752,0.7781513,0.6113246
mb-00155,val,1.6901962,1.64038,1.3424227,1.3277843
mb-03716,val,1.6434526,1.7146751,1.1139433,1.346827
mb-01878,val,1.3010299,1.1372933,1.1139433,1.1444352
mb-08746,val,2.164353,2.0840673,1.69897,1.581575
mb-07121,val,2.0934217,2.0949538,1.447158,1.4212406
mb-00187,val,1.3424227,1.3263611,1.0,1.0301001
mb-07691,val,1.8808136,1.8051987,1.1760913,1.3460659
mb-10328,val,1.8920946,1.958345,1.4313638,1.6586117
mb-00355,val,1.50515,1.3840616,1.0791812,1.1390309
mb-05203,val,1.3802114,1.3651826,1.1760913,1.1858878
mb-10703,val,2.3283796,2.396719,2.0827854,2.06324
mb-02005,val,1.3424227,1.3414898,0.90309,0.8522056
mb-06285,val,2.307496,2.3035495,1.9956352,1.9614275
mb-03175,val,1.3222194,1.5699219,1.39794,1.2380351
mb-08657,val,1.5314789,1.3481694,1.2552725,1.2508087
mb-02834,val,1.8920946,1.7838066,1.4913617,1.5402967
mb-08601,val,2.089905,1.9657489,1.8633229,1.8007245
mb-06999,val,1.8573325,1.7058105,1.5185139,1.4078188
mb-07569,val,1.968483,1.7909995,1.2787536,1.4166919
mb-10512,val,2.5037906,2.3563247,2.243038,2.1353247
mb-02257,val,2.230449,2.1958983,1.5440681,1.7227447
mb-08590,val,1.8129134,1.7982807,1.462398,1.4647012
mb-00697,val,1.9444827,1.8250251,1.6434526,1.4633102
mb-08627,val,2.0934217,2.1730986,1.5563025,1.6050652
mb-05355,val,1.230449,1.1671606,0.90309,0.843693
mb-06354,val,1.7075702,1.7704642,1.5440681,1.5217519
mb-08999,val,1.5185139,1.5531396,1.3424227,1.2717481
mb-09979,val,1.819544,1.8483145,1.462398,1.4965283
mb-07684,val,2.4899583,2.3497877,2.2810333,2.1683354
mb-08100,val,1.1760912,1.1845492,1.0791812,1.184012
mb-04443,val,2.378398,2.3514154,2.206826,2.1465793
mb-03906,val,1.9294189,1.9238237,1.8129133,1.7850608
mb-01376,val,1.7923918,1.7227485,1.2787536,1.2520063
mb-09450,val,1.94939,1.9046168,1.4313638,1.705803
mb-06036,val,1.3010299,1.2706394,1.0791812,1.1149731
mb-10218,val,2.071882,2.096637,1.7403626,1.7325658
mb-06574,val,1.8692318,1.8846233,1.5682018,1.671938
mb-09009,val,1.9294189,1.6470926,1.3802112,1.279432
mb-10812,val,1.4471581,1.5176783,1.146128,1.2642366
mb-03081,val,1.5797837,1.6607568,1.3424227,1.0487993
mb-01753,val,2.3159704,2.2020617,2.2380462,2.1259775
mb-04358,val,2.4265113,2.43094,2.2624512,2.1014938
mb-04882,val,2.346353,2.3244104,1.8976271,1.9680933
mb-08665,val,0.90309,0.9650297,0.69897,0.57375026
mb-04236,val,2.40824,2.2805345,2.2988532,2.216693
mb-00703,val,2.209515,2.2075603,1.9190781,1.7538471
mb-10109,val,2.1583624,2.1202135,1.7242758,1.7986315
mb-03714,val,2.0086002,2.0516255,1.5440681,1.5521146
mb-05093,val,1.5682017,1.6514857,1.3222193,1.4141815
mb-00442,val,2.3138673,2.3094094,2.075547,2.0853107
mb-01842,val,1.991226,2.002397,1.8129133,1.8218795
mb-04959,val,1.9344984,1.8722031,1.0,1.19153
mb-01348,val,2.3117537,2.2736397,1.9956352,1.9107958
mb-09613,val,1.7708521,1.8478398,1.39794,1.4001243
mb-04576,val,1.462398,1.463146,1.20412,1.3404994
mb-05476,val,1.8512583,1.8013831,1.5797836,1.523125
mb-01124,val,1.9395192,1.9253726,1.690196,1.6530254
mb-03867,val,1.7781513,1.8054714,1.462398,1.5141273
mb-05832,val,1.7781513,1.7428992,1.30103,1.2298355
mb-06236,val,1.8325089,1.7846043,1.3802112,1.3092662
mb-02563,val,1.8388491,1.8431115,1.6627579,1.6735541
mb-10184,val,1.6720979,1.32929,0.845098,0.7784269
mb-08649,val,1.8692317,1.8950728,1.0,1.049023
mb-03180,val,2.217484,2.1468933,1.7853298,1.7504396
mb-06174,val,1.9867718,1.9603628,1.39794,1.3150415
mb-06993,val,2.1702616,2.1297557,1.8129133,1.699861
mb-05413,val,2.2329962,2.2556827,1.8976271,1.8793354
mb-07696,val,1.8864907,1.9590038,1.690196,1.6926856
mb-08103,val,1.7075702,1.6990837,1.2787536,1.3679783
mb-09221,val,1.908485,1.9929765,1.39794,1.4242218
mb-01798,val,2.0211895,1.8872,1.7993406,1.6310058
mb-02606,val,2.1367207,2.111276,1.6232493,1.6905315
mb-07595,val,1.7708521,1.6326892,1.462398,1.3401077
mb-05693,val,2.10721,2.0400796,1.94939,1.7665598
mb-00867,val,1.8633229,1.7527583,1.6434526,1.5627835
mb-09095,val,1.845098,1.7769393,1.5185139,1.399422
mb-10970,val,1.6020601,1.6277411,0.7781513,1.2542632
mb-02740,val,1.462398,1.5085843,1.30103,1.2957017
mb-01708,val,1.8976271,1.7988081,1.5563025,1.3901578
mb-07161,val,1.8864907,1.8930149,1.60206,1.6578939
mb-01125,val,1.5563024,1.6120846,1.5314789,1.4521583
mb-09620,val,2.045323,2.0521674,1.6812413,1.7287574
mb-10791,val,2.1271048,2.2058191,1.8512584,1.9294019
mb-01000,val,2.307496,2.3187966,2.1367207,2.1166902
mb-10825,val,1.6812413,1.7189354,1.3424227,1.092952
mb-02490,val,1.4149734,1.8865798,1.2787536,1.3463317
mb-05546,val,2.262451,2.2117517,2.198657,2.1562967
mb-07896,val,2.1105897,2.1976736,1.9731278,1.901607
mb-07170,val,1.60206,1.5481169,1.3617278,1.33481
mb-04743,val,2.2068257,2.180727,1.9138138,1.8799905
mb-04583,val,1.4771212,1.1760404,1.0413927,0.9107937
mb-05925,val,2.4199557,2.368321,2.10721,2.015187
mb-08381,val,2.0791812,2.146245,1.8864907,2.0462158
mb-04523,val,1.7323939,1.7308283,1.6127839,1.4082696
mb-01185,val,1.8976271,1.9129672,1.2787536,1.3945355
mb-06781,val,2.3242824,2.2856061,2.2718415,2.238699
mb-03162,val,1.6720978,1.5436456,1.3222193,1.2838279
mb-00785,val,2.2600713,2.2534099,2.1038036,2.1211908
mb-08652,val,1.9590414,1.8173157,1.5314789,1.3095303
mb-10151,val,1.6434526,1.6932445,1.2787536,1.3643178
mb-06417,val,1.748188,1.7607332,1.4913617,1.5517812
mb-03178,val,1.9867717,2.1236982,1.6232493,1.8904619
mb-03970,val,2.075547,2.0095823,1.7075702,1.6734062
mb-05923,val,2.4248815,2.3289504,2.1931245,2.1446877
mb-04260,val,1.7403628,1.7357109,1.39794,1.3460261
mb-09249,val,1.2041199,1.2832302,0.69897,0.96293294
mb-07003,val,1.5682018,1.5965314,1.20412,1.1957802
mb-02649,val,2.0334237,1.8736806,1.60206,1.4523237
mb-01300,val,1.3802114,1.4337763,1.1760913,1.125679
mb-01455,val,1.8388491,1.7953407,1.5563025,1.5185617
mb-02800,val,2.064458,2.1194983,1.69897,1.732635
mb-03553,val,2.146128,2.0822282,1.9344984,1.8882364
mb-07380,val,1.7160033,1.7328303,1.3222193,1.3712524
mb-05394,val,1.690196,1.7101128,1.3802112,1.3793226
mb-10719,val,2.164353,2.2336185,1.94939,1.9527267
mb-07979,val,2.1271048,1.9564677,1.7323937,1.4886777
mb-07902,val,1.8195438,1.8233385,1.447158,1.4076227
mb-00021,val,2.2810333,2.3403916,2.0,2.030694
mb-09498,val,2.0530784,2.1829362,1.7323937,1.8308668
mb-04713,val,1.7403626,1.7073394,1.2552725,1.3062645
mb-01442,val,1.6812413,1.7048563,1.3802112,1.3957388
mb-01938,val,1.6901962,1.615874,1.5440681,1.2955163
mb-05243,val,2.3304138,2.312951,2.0530784,1.9889477
mb-05330,val,1.9590415,1.9094646,1.5563025,1.5107847
mb-01428,val,1.20412,0.9461975,0.9542425,0.6130111
mb-07088,val,2.230449,2.1639938,1.968483,1.9478748
mb-08727,val,1.7781513,1.7843165,1.230449,1.3505355
mb-00593,val,1.770852,1.7588352,1.3802112,1.5152678
mb-04255,val,2.0128374,2.0872626,1.5682018,1.4683906
mb-03839,val,2.1303337,2.0824025,1.9777236,1.9111567
mb-01478,val,1.7323937,1.7333753,1.3802112,1.3851997
mb-04088,val,2.0413928,2.0820692,1.6232493,1.5667995
mb-00796,val,1.9493899,1.9989741,1.69897,1.7610042
mb-02448,val,2.232996,2.1571517,2.1172712,1.9240378
mb-07789,val,2.209515,2.2300763,1.8808136,1.7164723
mb-08435,val,1.8976271,1.465836,1.146128,1.1721358
mb-02658,val,1.8864907,1.7407379,1.5910646,1.4922829
mb-09783,val,2.0863597,2.0975952,1.748188,1.7844954
mb-04449,val,1.90309,1.8924968,1.5185139,1.5392388
mb-01809,val,2.146128,2.161199,1.90309,1.8368863
mb-09967,val,1.5563025,1.3317809,1.3424227,1.3378597
mb-02341,val,2.269513,2.2317674,1.690196,1.7399071
mb-05701,val,1.7993405,1.8195888,1.5910646,1.5865884
mb-02920,val,0.60206,0.45968592,0.30103,0.2695341
mb-00365,val,2.0293837,1.9879798,1.4771212,1.7517998
mb-02297,val,1.3617277,1.2064667,1.0791812,0.9383481
mb-06284,val,2.09691,1.968958,1.447158,1.6420745
mb-06251,val,1.9395192,1.9563066,1.7160033,1.6461494
mb-05252,val,1.748188,1.7628777,1.2787536,1.2854285
mb-04677,val,1.90309,1.8317603,1.7323937,1.7280762
mb-03740,val,1.9444827,2.1287339,1.8260748,1.814343
mb-02624,val,1.9590414,1.9462276,1.6434526,1.639316
mb-10252,val,2.5340261,2.3433056,2.38739,2.1191373
mb-02527,val,1.8129134,1.7941985,1.3802112,1.1841184
mb-07394,val,1.7160034,1.7033589,1.2787536,1.2492266
mb-06318,val,1.6627578,1.6958768,1.3222193,1.314859
mb-02376,val,1.0,0.9998496,0.69897,0.5814781
mb-09785,val,2.3159704,2.2721279,1.7781513,1.9018214
mb-08941,val,2.045323,1.9962342,1.6720978,1.7197299
mb-10116,val,1.9777236,1.9325136,1.6720978,1.4250296
mb-09400,val,1.8808136,2.0259569,1.770852,1.7684706
mb-06793,val,2.2741578,2.0218852,1.9822712,1.8440089
mb-04152,val,2.298853,2.2832205,1.7923917,1.8425682
mb-08501,val,1.39794,1.4505261,1.1760913,1.0027483
mb-06445,val,1.763428,1.7627506,1.2552725,1.2164345
mb-08505,val,2.0492182,2.1093495,1.8260748,1.9043871
mb-04114,val,1.7075702,1.750126,1.230449,1.2148435
mb-10415,val,1.9395192,1.8789631,1.3617278,1.5325347
mb-08287,val,2.1038036,2.1459355,1.845098,1.8949654
mb-03559,val,1.4771212,1.7964315,1.60206,1.1555445
mb-03466,val,2.361728,2.3694725,2.1105897,1.9798555
mb-01264,val,2.0606978,2.0203733,1.9590414,1.8840765
mb-09470,val,2.075547,2.0622692,1.7242758,1.7347249
mb-05542,val,1.5185139,1.4473765,1.4149734,1.3319825
mb-05105,val,1.4913617,1.5992151,1.4149734,1.3132322
mb-07355,val,1.8808136,1.9060432,1.5185139,1.6021013
mb-01549,val,1.7403626,1.8046515,1.447158,1.3789665
mb-04318,val,2.025306,1.9460994,1.4313638,1.557831
mb-06056,val,2.0934217,2.1285098,1.4771212,1.4956918
mb-05223,val,2.0170333,2.0362067,1.462398,1.5410763
mb-07664,val,1.6812413,1.6685802,1.5185139,1.470072
mb-07735,val,2.2741578,2.327631,1.9294189,1.9719241
mb-08284,val,2.178977,2.18047,1.763428,1.809197
mb-08528,val,2.075547,2.046235,1.50515,1.4736459
mb-07616,val,1.9912261,2.0475147,1.8512584,1.7902242
mb-07898,val,2.0086002,2.192896,1.8260748,1.87259
mb-10969,val,1.8633229,2.1786654,1.7075702,1.8540655
mb-02367,val,2.2878017,2.336793,1.9822712,2.0009181
mb-01439,val,1.748188,1.8009427,1.3222193,1.5427002
mb-07000,val,0.90309,0.932353,0.60206,0.61200595
mb-07468,val,1.2787535,1.5251507,1.4771212,1.5709338
mb-08862,val,1.690196,1.6268551,1.1139433,0.962951
mb-09298,val,2.2528532,2.2148037,1.8976271,1.8908653
mb-07471,val,2.1613681,2.1676145,1.462398,1.8093264
mb-01958,val,1.5314789,1.446259,1.39794,1.1327783
mb-10152,val,1.9867717,2.1402333,1.7323937,1.7889388
mb-00269,val,2.1702616,2.18954,1.7853298,1.7872086
mb-01572,val,1.6532125,1.7354275,1.5185139,1.096647
mb-03488,val,2.4683473,2.455091,2.209515,2.1203141
mb-06525,val,2.1875207,2.222019,1.9867717,1.8991456
mb-07294,val,1.5563025,1.6373959,1.230449,1.3362206
mb-10454,val,2.2552724,2.1523497,1.9822712,1.8756521
mb-10079,val,2.0374265,2.0698597,1.7075702,1.7553579
mb-00406,val,2.243038,2.1951137,1.9590414,1.7835821
mb-04517,val,1.9190781,2.0449347,1.3802112,1.7648296
mb-05823,val,1.8808136,1.8371295,1.7160033,1.6709244
mb-04257,val,1.39794,1.3710865,0.90309,1.063934
mb-03271,val,1.6812412,1.545015,1.3222193,1.2028556
mb-03808,val,2.071882,1.8481184,1.5185139,1.433012
mb-03249,val,2.1105897,2.1115878,1.6627579,1.7258167
mb-07870,val,1.7403626,1.7168472,1.447158,1.5210215
mb-10604,val,1.5563024,1.2971791,1.0791812,1.191016
mb-03736,val,2.4031205,2.3500583,2.2764618,2.1712134
mb-06775,val,2.1875207,2.1607594,1.763428,1.6969452
mb-01900,val,1.146128,1.3413908,0.845098,1.0474942
mb-10408,val,1.69897,1.9822634,1.748188,1.7651803
mb-10482,val,2.2355285,2.240943,1.9542425,1.9710507
mb-09755,val,1.20412,1.2325312,0.9542425,0.98032147
mb-07650,val,1.5563025,1.7649434,1.3802112,1.501667
mb-04526,val,2.089905,2.0419488,1.69897,1.7153646
mb-10101,val,1.724276,1.7085565,1.30103,1.3935966
mb-08266,val,1.6812413,1.7057594,1.0791812,1.3318516
mb-09259,val,2.1702616,2.0821571,1.447158,1.8256059
mb-03638,val,2.232996,2.1361065,2.089905,1.9133115
mb-02426,val,2.3096302,2.220346,1.8512584,1.7585447
mb-10273,val,1.6020601,1.513248,1.4313638,1.2006395
mb-00281,val,1.8195438,1.78993,1.6434526,1.5295244
mb-00159,val,2.20412,2.2248073,1.9395193,1.9201877
mb-03828,val,1.6232493,1.5708417,1.3222193,1.2692728
mb-03655,val,2.209515,2.1752276,1.690196,1.7879236
mb-09052,val,2.1818435,2.1371489,1.6232493,1.5966945
mb-02349,val,1.3424227,1.1861793,1.0413927,1.0027437
mb-09447,val,1.908485,2.132984,1.9777236,1.9435747
mb-05469,val,2.1367204,2.1311429,2.0606978,2.0269754
mb-00226,val,1.8129133,1.6925205,1.3222193,1.3726102
mb-06744,val,1.7993406,2.2322097,1.6812413,1.9716177
mb-02309,val,1.5440681,1.1942382,1.230449,0.9557818
mb-01072,val,2.0681858,2.0581062,1.7853298,1.8114796
mb-07115,val,1.5682018,1.5872964,1.30103,1.3272915
mb-08462,val,2.1702619,2.1483366,1.6627579,1.5936711
mb-09108,val,1.748188,1.8042152,1.2787536,1.4545592
mb-08608,val,1.9777236,2.029598,1.69897,1.7316496
mb-01130,val,1.819544,1.794228,1.5563025,1.5279256
mb-04378,val,1.9822712,1.96302,1.50515,1.5776443
mb-04020,val,1.8750613,1.8172674,1.5910646,1.4748284
mb-09526,val,2.1702619,2.2351093,1.6627579,1.981672
mb-02070,val,1.3424227,1.2971848,1.1760913,1.1416451
mb-03796,val,2.2253094,2.1363087,1.9190781,1.720096
mb-10785,val,1.968483,1.9386363,1.3802112,1.3690125
mb-01974,val,2.1522884,2.1744246,1.8750613,1.7478603
mb-09264,val,2.3201463,2.1315198,2.0413928,1.78683
mb-08197,val,1.5910646,1.442343,1.2552725,1.0814323
mb-06276,val,2.217484,2.229937,1.94939,1.7491511
mb-05880,val,2.2552724,2.301175,1.8864907,1.9103942
mb-00946,val,1.462398,1.5966955,1.39794,1.5341955
mb-10955,val,2.2833014,2.2898374,1.8920946,1.9187562
mb-07718,val,1.9395192,1.9570106,1.3617278,1.1962636
mb-07042,val,2.09691,2.0172508,1.8129133,1.729828
mb-06511,val,1.9344985,1.9010066,1.5440681,1.4673482
mb-08597,val,2.0128372,1.9978026,1.60206,1.4872499
mb-10407,val,1.7923918,1.7242168,1.30103,1.3457271
mb-00475,val,2.3159702,2.2723167,2.0791812,2.0585623
mb-07519,val,2.1846914,2.21517,1.80618,1.9555299
mb-08320,val,1.819544,1.7770902,1.462398,1.4681044
mb-03134,val,1.9242792,2.0110803,1.7323937,1.6658045
mb-04117,val,1.8864907,1.8705797,1.4771212,1.4595431
mb-00072,val,1.6989701,1.6951579,1.5563025,1.5594808
mb-05901,val,1.968483,1.9763298,1.5185139,1.5523361
mb-00661,val,1.8864907,1.9380138,1.748188,1.754881
mb-03864,val,2.3096302,2.3736868,1.9956352,2.043269
mb-08704,val,1.8750613,2.0088458,1.5910646,1.7290018
mb-04445,val,1.4913617,1.507788,1.20412,1.1578131
mb-08286,val,2.4653828,2.3958602,2.0791812,2.0600386
mb-00163,val,2.0,2.042067,1.6434526,1.7800994
mb-05661,val,2.372912,2.362059,2.0681858,2.0161953
mb-01241,val,1.3222193,1.3426316,1.1139433,1.23456
mb-04172,val,1.6901962,1.6173642,1.3424227,1.2688951
mb-00955,val,1.7558749,1.6828015,1.30103,1.4142276
mb-00942,val,1.8129134,1.9185476,1.230449,1.0419514
mb-10157,val,1.8129134,1.9126236,1.230449,1.192028
mb-00006,val,1.9956353,1.9665027,1.4913617,1.5427322
mb-09349,val,1.7558748,1.6727171,1.6720978,1.5365243
mb-01367,val,1.5682018,1.4833422,1.1139433,0.92218536
mb-05495,val,2.38739,2.3858151,2.075547,2.047338
mb-04599,val,2.0413926,2.0739956,1.8573325,1.7890389
mb-05055,val,2.2878017,2.2574022,2.0863597,2.0458052
mb-07016,val,2.1105897,2.2298465,1.690196,1.8171382
mb-07548,val,1.9637878,1.9467698,1.770852,1.7759124
mb-03807,val,2.1613681,2.168807,1.9190781,1.9461828
mb-05976,val,2.0934217,2.0823357,1.7558749,1.7105007
mb-07123,val,1.7403628,1.7517345,1.4149734,1.4086494
mb-06404,val,1.6127839,1.6888971,1.4149734,1.4162098
mb-08498,val,1.8808136,1.9458876,1.7993406,1.8019512
mb-09305,val,2.38739,2.3265302,2.25042,2.1633275
mb-00687,val,1.8388491,1.8946656,1.5563025,1.5984137
mb-05607,val,2.4771214,2.5290265,2.1522884,2.2038014
mb-09983,val,2.0293837,2.0770073,1.4771212,1.4266365
mb-09004,val,2.133539,2.0722141,1.9344984,1.807342
mb-00998,val,1.6020601,1.6180954,1.3424227,1.3084728
mb-06656,val,1.3424227,1.3386438,1.0,0.95371
mb-00986,val,1.3617278,1.6287124,1.0413927,1.2018182
mb-00448,val,1.8692317,1.9983004,1.5185139,1.7289333
mb-04697,val,2.38739,2.3888211,2.0827854,2.067253
mb-07695,val,1.770852,1.8358996,1.50515,1.5238348
mb-04815,val,2.0569048,2.0382075,1.6627579,1.7433726
mb-04628,val,2.3838153,2.3444223,1.9344984,1.8963819
mb-05962,val,1.5797837,1.4401358,1.4313638,1.3387171
mb-02587,val,2.1958995,2.143347,1.9956352,1.9768724
mb-01019,val,1.4771214,1.6024964,1.5440681,1.4806749
mb-05978,val,2.2013972,2.2229085,1.6627579,1.8046176
mb-02151,val,1.9956353,1.98276,1.5682018,1.5925455
mb-05002,val,1.8750613,1.7981975,1.5185139,1.4241382
mb-01800,val,1.7160034,1.7008766,1.20412,1.241611
mb-09294,val,1.9590414,1.999108,1.6532125,1.6634152
mb-08853,val,1.3222193,1.3980755,1.1139433,1.1678934
mb-07638,val,1.6020601,1.4433806,1.146128,0.99391234
mb-10185,val,1.7781513,1.7440735,1.5797836,1.5553755
mb-07993,val,0.845098,0.8329609,0.47712126,0.5744895
mb-09177,val,1.9867718,1.9736125,1.4149734,1.5698563
mb-07285,val,1.230449,1.3839078,0.90309,1.0028313
mb-06133,val,1.7853298,1.6730465,1.2552725,1.3541057
mb-06629,val,1.6020601,1.625144,1.462398,1.4691842
mb-10321,val,2.0170333,2.0364835,1.6812413,1.7128913
mb-10103,val,2.1958997,2.2106247,1.9395193,1.9058069
mb-03036,val,2.2013972,2.208414,2.0827854,2.0725923
mb-05178,val,2.2068257,2.2007732,1.8692317,1.8680073
mb-00115,val,1.5797836,1.6470363,1.3222193,1.3835193
mb-01394,val,2.1105897,2.080562,1.6334685,1.6887815
mb-09545,val,2.2810333,2.1680908,2.0128372,1.8785853
mb-04406,val,1.9084849,1.8727934,1.7403626,1.699904
mb-06089,val,2.3159704,2.1896482,1.9590414,1.8172282
mb-00855,val,2.2900345,2.2908823,2.071882,1.8540317
mb-00436,val,2.3159702,2.2782092,2.0253057,1.9733177
mb-10629,val,2.049218,2.1277568,1.6720978,1.7897284
mb-08078,val,2.133539,2.0570517,1.8388491,1.76365
mb-10910,val,2.1702619,2.1409414,1.819544,1.763085
mb-01440,val,0.30103,0.24948466,0.0,0.18662941
mb-03211,val,1.6720979,1.6788145,1.39794,1.4493291
mb-05631,val,2.3483047,2.3209848,1.9731278,1.9131072
mb-08333,val,2.0569048,2.075393,1.8864907,1.7460469
mb-02194,val,1.8129133,1.7596034,1.5314789,1.4990716
mb-08210,val,2.3304138,2.3410752,2.0043213,1.935512
mb-06813,val,1.7323937,1.8244152,1.447158,1.5728761
mb-02668,val,1.3424227,1.3359531,1.0,0.88934696
mb-06115,val,1.5797837,1.518139,1.39794,1.3314227
mb-02520,val,1.5682018,1.67618,1.6127839,1.1409239
mb-05929,val,2.3344536,2.3434706,2.0569048,1.9910682
mb-01307,val,2.357935,2.2935886,2.0,2.0388844
mb-08087,val,1.6127839,1.6184021,1.39794,1.411701
mb-03158,val,1.4771212,1.5825772,1.0791812,1.2390134
mb-10705,val,1.0,1.2021654,0.69897,0.9367187
mb-05439,val,2.2900345,2.2025285,1.8633229,1.7474251
mb-04009,val,1.9956353,1.9167924,1.7781513,1.6893283
mb-10807,val,1.5797837,1.5869199,1.230449,1.3175662
mb-02875,val,2.133539,2.0078142,1.7558749,1.6907523
mb-09811,val,2.198657,2.1596854,2.075547,2.0073009
mb-03829,val,1.2552725,1.2994124,1.1139433,1.139318
mb-09170,val,1.7853298,1.7102424,1.5185139,1.4255891
mb-07117,val,1.5563024,1.5545135,1.3222193,1.2845316
mb-09882,val,2.1903317,2.0905843,1.8129133,1.7344052
mb-04259,val,1.94939,1.9213098,1.6532125,1.6816045
mb-02384,val,2.1139433,2.2105644,1.9242793,2.1012287
mb-08535,val,1.80618,1.7946992,1.5185139,1.3540744
mb-10266,val,1.4913616,1.6659749,1.0791812,1.2840433
mb-09729,val,2.2013972,2.1252544,1.80618,1.7051538
mb-03800,val,1.9444827,1.9310768,1.60206,1.6056409
mb-05242,val,1.5910646,1.6733546,1.2552725,1.354862
mb-05946,val,1.845098,1.7939069,1.4771212,1.4194868
mb-03273,val,2.2600713,2.2936182,1.9294189,1.9394073
mb-09241,val,1.6434528,1.6531461,1.3424227,1.3104059
mb-08325,val,1.6901962,1.5954167,1.5563025,1.4276874
mb-02822,val,2.1958997,2.1730132,1.9590414,1.9260962
mb-09406,val,1.6812413,1.7317189,1.50515,1.4628962
mb-07604,val,1.0,1.2055994,0.845098,0.91857857
mb-00631,val,1.9444827,1.9957893,1.6434526,1.7132955
mb-02694,val,1.8573325,1.779314,1.50515,1.4625311
mb-03525,val,2.120574,2.1448345,1.7242758,1.7374758
mb-00575,val,1.3222193,1.2549429,1.0413927,0.9277285
mb-07329,val,0.9542425,1.3187968,0.90309,1.1803498
mb-06900,val,0.90309,0.8498333,0.47712126,0.3588121
mb-00557,val,0.845098,1.5041342,1.146128,1.451572
mb-05498,val,1.9138138,1.8688892,1.0791812,1.3423462
mb-09487,val,1.0413927,1.2032136,0.69897,0.8663435
mb-04596,val,2.1958995,2.1906064,1.6434526,1.7725836
mb-09356,val,2.3560257,2.3801527,1.9542425,2.0789678
mb-00299,val,2.0128372,1.9205507,1.7923917,1.7039328
mb-08424,val,1.8129134,1.8584077,1.5682018,1.6365008
mb-06652,val,1.7781512,1.8437935,1.447158,1.4899292
mb-05867,val,2.2900345,2.3524268,2.0334237,1.9846754
mb-05432,val,2.1461282,2.1215801,1.9190781,1.8739907
mb-07531,val,1.5563025,1.6402223,1.39794,1.140301
mb-03523,val,1.9493899,1.8692236,1.6434526,1.5639806
mb-01804,val,2.4361625,2.439219,2.064458,2.1090078
mb-10164,val,2.269513,2.1860042,2.0827854,1.9897567
mb-03200,val,1.4313638,1.4931259,1.0413927,1.2090194
mb-01137,val,0.69897,0.70859843,0.47712126,0.30415797
mb-03858,val,2.2671716,2.246226,2.220108,2.16763
mb-06583,val,2.25042,2.3049586,1.9542425,2.0057936
mb-09424,val,2.469822,2.3745105,2.1139433,2.0444841
mb-06701,val,1.4913617,1.3619114,1.146128,1.1395727
mb-07842,val,1.7323939,1.688226,1.5682018,1.562282
mb-05686,val,1.9190781,1.8919185,1.6812413,1.6089381
mb-07525,val,1.6334684,1.6263413,1.447158,1.4489465
mb-08648,val,1.8388491,1.680341,1.6232493,1.3698208
mb-10231,val,2.6106603,2.314316,2.5728717,2.2450554
mb-07353,val,1.5440681,1.5018791,1.1139433,1.1195407
mb-10515,val,2.2833014,2.1333916,1.146128,1.7271188
mb-00013,val,2.3201463,2.246646,2.071882,2.018462
mb-01628,val,1.8976271,1.9518951,1.6627579,1.6174127
mb-04399,val,2.2380462,2.2025113,1.7853298,1.5934045
mb-06397,val,1.1139433,1.3119931,0.845098,0.89525384
mb-10179,val,1.9912261,1.942096,1.7242758,1.6005263
mb-00413,val,1.7075702,1.7176408,1.462398,1.5070994
mb-04916,val,2.2227163,2.283255,2.0128372,2.0391424
mb-08219,val,2.2764618,2.3148367,2.0530784,2.2059166
mb-10656,val,2.0170333,1.9479865,1.8692317,1.771235
mb-10940,val,1.4771214,1.28565,1.230449,1.1180446
mb-00306,val,1.4913617,1.4261388,1.230449,1.257898
mb-10080,val,1.7558749,1.8035021,1.4771212,1.4904641
mb-10840,val,1.9242793,2.2224145,1.819544,1.9198041
mb-03321,val,1.6434526,1.6796482,1.4771212,1.5016878
mb-03398,val,2.1702616,2.1541903,2.071882,1.9516015
mb-01629,val,2.1903317,2.219854,1.9294189,1.9138167
mb-06230,val,1.6989701,1.6803786,1.146128,1.2304575
mb-03516,val,1.7323937,1.8704001,1.4771212,1.5833434
mb-10692,val,1.518514,1.4152018,1.20412,1.255192
mb-06631,val,0.0,0.30403462,0.0,0.08989167
mb-07835,val,2.1673174,2.1343818,1.7558749,1.8293959
mb-00689,val,1.8573326,1.99155,1.6334685,1.713873
mb-09537,val,2.049218,2.1594095,1.8388491,1.9062054
mb-01827,val,2.264818,2.1882455,1.5682018,1.8278338
mb-06980,val,1.6127839,1.5515883,1.30103,1.291058
mb-01635,val,1.3617278,1.4324477,1.146128,1.1825013
mb-06985,val,1.9637878,1.9406686,1.819544,1.7068979
mb-09094,val,2.143015,2.232783,1.7075702,1.8493918
mb-03192,val,1.90309,1.950986,1.7853298,1.7639787
mb-06660,val,2.139879,2.1356874,2.049218,2.0256283
mb-00963,val,2.0530784,2.061225,1.7853298,1.5422611
mb-10842,val,1.763428,1.9303429,1.3222193,1.607003
mb-05047,val,2.133539,2.1047344,1.5314789,1.4177922
mb-09276,val,2.217484,2.280151,1.8920946,2.0754364
mb-00845,val,1.6127839,1.6215214,1.146128,1.1678138
mb-10613,val,2.3747485,2.3414161,2.2329962,2.0411232
mb-02097,val,1.8750613,1.837198,1.69897,1.6508787
mb-03670,val,2.1172712,2.041915,1.8692317,1.7378192
mb-09667,val,1.462398,1.4449682,1.146128,1.1932311
mb-02852,val,1.5314789,1.5232048,1.2552725,1.2164743
mb-06846,val,1.30103,1.5155983,1.0,0.9639111
mb-09890,val,1.7242758,1.8884437,1.5314789,1.5964154
mb-00695,val,2.240549,2.228404,2.220108,2.1550727
mb-10579,val,2.2787538,2.1744394,1.8976271,1.739283
mb-10088,val,2.2810335,2.2861035,1.9242793,1.9141452
mb-02529,val,2.045323,2.0153785,1.5440681,1.5815465
mb-05793,val,2.3909352,2.3878136,1.968483,2.0656815
mb-07927,val,1.2041199,1.2772126,0.845098,1.025209
mb-10633,val,2.274158,2.209078,1.94939,1.7659131
mb-04154,val,1.230449,1.8394156,1.4771212,1.45879
mb-05208,val,2.0374265,2.037815,1.770852,1.8089596
mb-09092,val,1.9867718,1.8418757,1.6127839,1.3983907
mb-06563,val,1.6532124,1.5813315,1.3222193,1.280008
mb-05771,val,2.3820171,2.3671107,1.9395193,2.0215628
mb-03536,val,2.0569048,2.0062895,1.8692317,1.7717428
mb-07096,val,1.8260748,1.8146261,1.4313638,1.519702
mb-03713,val,1.8692317,1.8892119,1.5185139,1.4944285
mb-01257,val,1.908485,1.9139953,1.7075702,1.6287305
mb-03690,val,2.3304138,2.314581,1.8808136,1.6853632
mb-00968,val,2.071882,2.0739849,1.690196,1.6764069
mb-02408,val,2.164353,2.1716506,1.819544,1.7948225
mb-02274,val,1.1139433,1.1565471,0.9542425,0.9125924
mb-00632,val,2.1958997,2.26438,1.845098,1.9608996
mb-02007,val,2.1958997,2.192055,1.7923917,1.7517698
mb-04364,val,1.9444827,1.9433951,1.60206,1.6511285
mb-03179,val,1.3802112,1.7023757,1.2552725,1.3321677
mb-00276,val,1.1760912,1.259917,1.0,1.0977526
mb-06140,val,1.9395192,1.8230703,1.4771212,1.4637845
mb-01100,val,1.9956353,1.9856056,1.7558749,1.7873712
mb-01377,val,1.6127839,1.7186383,1.4313638,1.528257
mb-06548,val,2.3856063,2.3093765,2.0791812,1.9356492
mb-09038,val,2.045323,1.9831047,1.3424227,1.50663
mb-01246,val,1.2041199,1.2361962,1.0,0.97198004
mb-06488,val,2.2900348,2.3375916,1.94939,1.9550208
mb-09229,val,1.4149734,1.5276614,1.2787536,1.1976211
mb-06643,val,1.4913617,1.5473653,1.30103,1.2938619
mb-01829,val,2.283301,2.3063881,1.9344984,2.0046034
mb-02169,val,1.8260748,1.7636569,1.5563025,1.5154243
mb-08632,val,2.161368,2.1226964,1.7242758,1.7177671
mb-03822,val,1.9731278,1.954506,1.6434526,1.652757
mb-08105,val,1.2787536,1.2277203,0.9542425,1.0795895
mb-10962,val,2.2355285,2.1350708,1.8129133,1.668946
mb-04839,val,1.8388491,1.8234267,1.5910646,1.575773
mb-03712,val,1.9822712,1.8823079,1.50515,1.4751132
mb-08122,val,2.130334,2.1656778,1.4913617,1.5882798
mb-09269,val,2.049218,2.0830991,1.4771212,1.6715181
mb-09849,val,1.819544,1.7515633,1.3802112,1.4502121
mb-10331,val,2.2741578,2.3326247,1.8633229,1.9755392
mb-10784,val,1.3617278,1.7318605,1.3424227,1.5781473
mb-07177,val,1.5563025,1.6086545,1.3424227,1.3252245
mb-02224,val,1.763428,1.8041039,1.5314789,1.4872856
mb-02828,val,1.9590414,1.999074,1.6812413,1.7155516
mb-06716,val,2.130334,2.1563509,1.6627579,1.6682978
mb-08020,val,2.1958997,2.2476127,1.8808136,1.978217
mb-01249,val,1.6901962,1.7739816,1.2787536,1.2571396
mb-06674,val,2.3283796,2.2858448,2.2718415,2.2377067
mb-07904,val,2.120574,2.0692065,1.80618,1.7604175
mb-01461,val,1.8129133,1.8123095,1.5797836,1.6333252
mb-04912,val,2.3560257,2.343784,2.161368,1.9818097
mb-08734,val,1.9344985,1.9466488,1.6627579,1.6951308
mb-08616,val,2.372912,2.326872,2.0530784,2.0554025
mb-01667,val,1.20412,1.3121244,1.146128,1.2037234
mb-06262,val,2.071882,2.058624,1.69897,1.671437
mb-08555,val,2.0,1.9604074,1.5440681,1.5128658
mb-09044,val,2.1846914,2.1179588,1.7075702,1.6863316
mb-06907,val,2.0334237,2.1508405,1.7323937,1.8400649
mb-01510,val,1.8920946,1.9537984,1.69897,1.6814767
mb-06538,val,2.3483047,2.359497,1.9590414,2.006491
mb-07427,val,1.908485,2.007944,0.90309,1.3849051
mb-05141,val,1.6627579,1.6566827,1.3424227,1.2298737
mb-01238,val,1.2552725,1.3584311,0.69897,0.8970256
mb-00817,val,2.0681858,2.0706496,1.9294189,1.8877656
mb-03427,val,1.7323937,1.8606652,1.60206,1.5293777
mb-09200,val,2.2576785,2.150735,1.8573325,1.8315305
mb-03062,val,1.6127839,1.6439488,1.146128,1.2067211
mb-07230,val,1.8864907,1.9074363,1.7160033,1.6322324
mb-00525,val,1.8864908,1.5512626,1.6532125,1.4337423
mb-03926,val,1.724276,1.7927315,1.1760913,1.323547
mb-05347,val,1.4771214,1.4399221,1.230449,1.2738194
mb-06471,val,1.6989701,1.7158542,1.462398,1.4678113
mb-08779,val,2.1875207,2.160749,1.9242793,1.9056132
mb-07165,val,2.0086002,2.0739217,1.6812413,1.680506
mb-04810,val,1.6020601,1.4744763,1.462398,1.3127085
mb-06549,val,2.2121878,2.2380095,1.9242793,1.9636075
mb-07327,val,1.5910647,1.5881163,1.230449,1.2283511
mb-01772,val,1.3617278,1.2000722,0.90309,0.8316199
mb-03711,val,1.3617278,1.4597478,1.1139433,1.1961277
mb-03414,val,1.8388491,1.8262681,1.39794,1.3059428
mb-08379,val,2.033424,1.9880563,1.6627579,1.6428725
mb-06052,val,1.8260748,1.7909573,1.3424227,1.3887136
mb-10246,val,1.8750613,1.8085651,1.6532125,1.6614158
mb-01088,val,1.5440681,1.632885,1.1760913,1.2266665
mb-07179,val,1.1139433,1.5373085,0.90309,1.3413459
mb-00285,val,2.130334,2.1806335,1.1760913,1.2563094
mb-02460,val,2.0170333,1.7902997,1.6434526,1.4525304
mb-07462,val,1.2552725,1.1908383,0.9542425,0.95684433
mb-07867,val,1.7242758,2.198508,1.8573325,1.8719941
mb-06578,val,1.9138138,1.8517419,1.2552725,1.1784626
mb-10194,val,2.252853,2.0653255,1.8692317,1.8675582
mb-10363,val,2.2405493,2.1992884,1.968483,2.0344734
mb-04135,val,2.0293837,1.927731,1.7403626,1.6771332
mb-06816,val,1.7708521,1.8182981,1.4313638,1.4189532
mb-09222,val,1.968483,1.9270158,1.6434526,1.6376987
mb-06633,val,2.4409091,2.4347138,2.3820171,2.1165266
mb-00016,val,1.447158,1.4376112,1.0791812,1.000331
mb-08123,val,1.5440681,1.525178,1.20412,1.2399644
mb-09431,val,1.9542425,1.9725871,1.4771212,1.5618438
mb-06142,val,2.0374265,2.17229,1.6434526,1.7524369
mb-07527,val,1.4149734,1.3513745,1.0413927,0.97078896
mb-05574,val,1.462398,1.6479019,1.1139433,1.1343764
mb-01378,val,1.832509,1.9638801,1.462398,1.4828044
mb-05108,val,2.033424,2.030541,1.6532125,1.7231803
mb-09285,val,1.8388491,2.003798,1.5910646,1.3326049
mb-07167,val,1.518514,1.623453,1.20412,1.0465429
mb-09300,val,2.3304138,2.2465155,1.9190781,1.8814414
mb-01774,val,1.3802112,1.4309521,1.0,1.043171
mb-03648,val,1.7993405,1.7191288,1.3222193,1.2675922
mb-00258,val,1.3617278,1.4038382,1.0413927,0.8290305
mb-03830,val,2.075547,1.9956331,1.9344984,1.7540852
mb-03173,val,1.7853298,1.6710367,1.3424227,1.201087
mb-03637,val,2.2430382,2.2382305,1.8920946,1.8372939
mb-07480,val,2.5440679,2.3965316,2.1172712,2.0805476
mb-02334,val,2.0827854,2.0234373,1.7993406,1.72696
mb-08503,val,2.0,2.0658069,1.80618,1.9402317
mb-07446,val,1.7160033,1.7945836,1.690196,1.6702074
mb-06591,val,1.146128,1.2719733,1.0,1.1305342
mb-02160,val,1.2787536,1.2898912,0.9542425,0.9309934
mb-02863,val,2.1335387,2.0831947,1.6720978,1.78006
mb-08872,val,2.230449,2.121248,1.8512584,1.6888242
mb-06049,val,1.6720979,1.7148571,0.60206,1.1462826
mb-05189,val,1.230449,1.2539091,0.845098,0.7814411
mb-03171,val,2.326336,2.3315089,1.9867717,1.9785509
mb-05010,val,1.919078,1.9236428,1.6720978,1.6754009
mb-05590,val,2.539076,2.6927664,2.3364596,2.370274
mb-07848,val,1.9395192,1.8990036,1.0791812,1.5054389
mb-05995,val,1.7075701,1.6419914,1.3222193,1.2999315
mb-10595,val,1.748188,1.8747796,1.3802112,1.5661739
mb-00771,val,0.60206,0.6018678,0.30103,0.3231082
mb-05889,val,2.2479732,2.2777991,1.8573325,1.8965498
mb-10125,val,1.7923918,1.6900291,1.5563025,1.5160848
mb-02211,val,2.164353,2.221038,1.9395193,1.9403632
mb-06007,val,1.819544,1.8841052,1.2787536,0.88926
mb-01529,val,1.7403628,1.7955934,1.39794,1.508582
mb-05113,val,2.2764618,2.3255637,2.0170333,2.0552273
mb-06579,val,1.7558749,1.7437035,1.50515,1.3882787
mb-06979,val,1.9867718,1.9627137,1.8260748,1.7212756
mb-08679,val,1.5797837,1.6387076,1.39794,1.3379599
mb-06430,val,1.6334685,1.632152,1.1760913,1.1856494
mb-03336,val,2.2455127,2.2786329,1.8260748,2.0370305
mb-03083,val,1.8512584,1.8703305,1.5440681,1.4955423
mb-01449,val,2.1583624,2.205183,1.7160033,1.8119088
mb-05251,val,1.9867717,1.9387969,1.447158,1.4674431
mb-06796,val,0.9542425,0.94115543,0.7781513,0.6419635
mb-07429,val,2.0827854,2.1571558,1.5682018,1.6781471
mb-10860,val,1.6627579,1.7510927,1.2787536,1.3029375
mb-01431,val,1.4313638,1.4445566,1.1760913,1.2506957
mb-03302,val,2.1139433,2.0969343,1.9395193,1.7186447
mb-10308,val,2.0934217,2.0893683,1.763428,1.6884564
mb-00138,val,1.6812413,1.7004101,1.462398,1.5702994
mb-01447,val,1.845098,1.8024988,1.5910646,1.564841
mb-05185,val,1.8633229,1.8221905,1.5910646,1.6419127
mb-09799,val,1.3617278,0.96152234,0.9542425,0.87257826
mb-09618,val,2.139879,2.1914015,1.9444827,2.0371025
mb-09178,val,1.9777236,2.0666082,1.690196,1.7592912
mb-00488,val,1.7242758,1.6268632,1.5185139,1.4710349
mb-04644,val,2.0934217,2.1098535,1.7923917,1.7214073
mb-08125,val,2.0934217,2.1583948,1.5682018,1.5063484
mb-08227,val,1.6812412,1.8760401,1.5797836,1.749149
mb-07057,val,1.9777236,2.0627427,1.763428,1.8219512
mb-10779,val,1.6434526,1.6187531,1.50515,1.4663773
mb-05904,val,1.6127838,1.7128577,1.3222193,1.3520386
mb-09414,val,1.690196,1.7236878,1.447158,1.5695523
mb-02610,val,1.5910646,1.6447922,1.3222193,1.4435761
mb-04778,val,1.8864908,1.5813596,1.4313638,1.4150485
mb-09489,val,1.462398,1.7501533,1.230449,1.4262799
mb-07295,val,1.4913617,1.6191802,1.3617278,1.4748926
mb-01037,val,1.7853298,1.7709824,1.2787536,1.2658566
mb-01968,val,2.1003706,2.095159,1.90309,1.8823676
mb-03631,val,1.9637878,1.927476,1.462398,1.6006249
mb-06257,val,1.1760913,1.2169034,0.9542425,1.0201318
mb-04558,val,1.0791813,1.1805921,0.7781513,0.7498515
mb-10641,val,2.507856,2.4115324,2.1875207,2.0818179
mb-03568,val,2.0492182,2.0322874,1.6627579,1.739888
mb-10953,val,1.2041199,1.3354558,0.69897,0.95163274
mb-09244,val,1.3010299,1.3276114,1.0413927,1.1641954
mb-04458,val,2.3053515,2.258922,2.075547,2.0468216
mb-01023,val,2.2355285,2.2405612,2.0043213,1.9715736
mb-08480,val,2.143015,2.169995,1.2787536,1.4434698
mb-01237,val,1.8325089,1.7789993,1.6127839,1.4746823
mb-04616,val,2.206826,2.291925,2.209515,2.26747
mb-10410,val,2.149219,2.1933346,1.8976271,1.8408959
mb-09063,val,1.8061799,1.8670453,1.69897,1.6621476
mb-10029,val,1.8325089,1.8161929,1.5563025,1.4512622
mb-07457,val,2.3201463,2.3172376,1.94939,1.8871078
mb-02235,val,1.9822712,2.0225997,1.7403626,1.819848
mb-08737,val,1.7993406,1.8469183,1.3424227,1.3120714
mb-00358,val,1.8129134,1.8245745,1.30103,1.229339
mb-07728,val,1.80618,1.950983,1.50515,1.537028
mb-00022,val,1.9731278,1.9460741,1.6812413,1.6252487
mb-10205,val,1.929419,1.7835542,1.5563025,1.5399148
mb-00529,val,1.8260747,1.9443069,1.447158,1.4823132
mb-06317,val,2.120574,2.070231,1.770852,1.652001
mb-06626,val,1.9190781,1.972837,1.4149734,1.5270818
mb-10542,val,2.2121875,2.1686807,1.7853298,1.873531
mb-06936,val,0.9542425,0.94533086,0.69897,0.66335064
mb-00441,val,1.9867717,1.9449577,1.7160033,1.6772753
mb-00560,val,1.7160034,1.7025068,1.39794,1.3315028
mb-04895,val,1.7403628,1.7491552,1.2787536,1.2049779
mb-02261,val,1.230449,1.6528102,0.845098,1.0890387
mb-05335,val,2.4082398,2.327413,2.045323,2.0220222
mb-06895,val,1.7323937,1.7913964,1.2787536,1.3674129
mb-05147,val,2.071882,2.0438352,1.4771212,1.5265439
mb-02857,val,1.4471581,1.429528,1.0,1.0185306
mb-04940,val,1.763428,1.8424858,1.748188,1.5965253
mb-02352,val,1.7923917,1.6218684,1.50515,1.4159755
mb-09496,val,1.60206,1.4231124,0.845098,1.0149548
mb-01960,val,2.0413926,2.0476623,1.8129133,1.8409815
mb-09736,val,1.6532124,1.6358808,1.447158,1.4169457
mb-09056,val,2.3304136,2.2856796,2.2718415,2.2382996
mb-10844,val,1.8260747,1.8358377,1.447158,1.4992843
mb-07537,val,2.1846914,2.1733005,1.8920946,1.8468852
mb-06788,val,1.4771214,1.3662561,1.230449,1.1647341
mb-06638,val,1.3424227,1.0586376,1.1760913,0.9369535
mb-06352,val,1.60206,1.5306265,1.0791812,0.8908437
mb-09895,val,1.929419,1.9315448,1.462398,1.3956017
mb-07264,val,2.1271048,2.0203905,1.7403626,1.6651975
mb-00767,val,2.178977,2.17696,1.690196,1.6311985
mb-09380,val,1.5314789,1.6379161,1.0,1.2396564
mb-05671,val,2.3180633,2.3110034,1.9777236,1.8264915
mb-05717,val,2.2966652,2.3514354,1.9731278,2.0647783
mb-00140,val,1.0413927,1.1012504,0.47712126,0.82732093
mb-00923,val,2.2479732,2.3351536,1.9294189,2.004915
mb-07084,val,1.4149734,1.5710815,1.0413927,1.2396532
mb-00331,val,1.3424227,1.317466,1.0,0.9929643
mb-08848,val,1.8750613,1.8627503,1.4771212,1.4503827
mb-07544,val,1.20412,1.6064674,0.9542425,1.4068327
mb-08203,val,0.69897,1.7069488,1.2552725,1.1622367
mb-10375,val,2.463893,2.367321,2.075547,2.0881467
mb-05907,val,2.2718415,2.273541,1.9190781,2.0299377
mb-04928,val,1.8864908,2.0105488,1.4149734,1.4088795
mb-07430,val,2.378398,2.3754518,2.178977,2.0732777
mb-02361,val,2.2900345,1.6936275,1.7403626,1.3249564
mb-06272,val,1.763428,1.7328455,1.30103,1.3203962
mb-04293,val,2.1271048,2.092105,1.9138138,1.8693738
mb-07031,val,2.0211892,1.8134632,1.748188,1.55383
mb-10058,val,1.9822712,2.0741143,1.5797836,1.7811838
mb-02172,val,1.8692318,1.9496405,1.5682018,1.6547728
mb-07875,val,1.7403628,1.7029886,1.4913617,1.5407617
mb-08561,val,2.346353,2.3231132,1.9731278,1.9828799
mb-02159,val,2.0530784,2.1624353,1.8750613,2.0229073
mb-10291,val,2.1522884,2.1435952,1.6334685,1.9311367
mb-02723,val,1.3617278,1.4271225,1.230449,1.147198
mb-00359,val,2.1303337,2.138601,1.8129133,1.8594339
mb-04109,val,2.0334237,2.0647502,1.8388491,1.9168065
mb-04648,val,1.30103,1.4816775,1.3617278,1.3413067
mb-10141,val,1.8260747,1.8647908,1.5797836,1.5152245
mb-02660,val,2.198657,2.0760555,2.0253057,1.9425265
mb-10242,val,1.8260748,1.6579626,1.5185139,1.351116
mb-10906,val,2.0086002,1.9687715,1.7075702,1.7606093
mb-09786,val,2.1238515,2.0583296,1.7403626,1.683967
mb-02394,val,1.9956352,1.7739487,1.4771212,1.3511803
mb-08467,val,1.6812413,1.5289612,1.3617278,1.2772317
mb-10283,val,2.3242824,2.2504702,1.7781513,1.8234819
mb-01229,val,1.1760913,1.3213373,0.60206,0.6538656
mb-01556,val,1.7923918,1.7844709,1.39794,1.4113865
mb-00148,val,2.0128374,2.0043335,1.6127839,1.8366592
mb-05789,val,2.1139433,2.035735,1.462398,1.7259499
mb-06659,val,2.3283796,2.2858493,2.2718415,2.2376277
mb-06468,val,1.5185139,1.6171814,1.5314789,1.4777817
mb-00935,val,1.8864907,1.8277745,1.5185139,1.4729561
mb-03814,val,0.90309,0.9439447,0.69897,0.4887035
mb-03607,val,1.3617278,1.3082328,1.0,1.1477396
mb-04904,val,2.3483047,2.3309534,1.9590414,1.9725766
mb-00572,val,1.8920946,1.423713,1.60206,1.198358
mb-08714,val,1.7781513,1.5381538,1.5314789,1.2297751
mb-08564,val,1.819544,1.94855,1.5563025,1.545559
mb-01141,val,1.462398,1.5440633,1.1760913,1.2090906
mb-02659,val,1.968483,1.9669328,1.6812413,1.7630725
mb-02011,val,1.9190781,1.739479,1.6334685,1.4467001
mb-09646,val,1.4913617,1.467728,0.7781513,0.9848289
mb-01819,val,2.209515,2.2102818,1.9444827,1.8982257
mb-03191,val,2.089905,2.079718,1.748188,1.7321777
mb-04340,val,1.9542425,1.9078953,1.5314789,1.6151781
mb-04909,val,1.6901962,1.515718,1.5682018,1.3666672
mb-06764,val,2.0128372,2.0066621,1.8750613,1.8843088
mb-04727,val,2.025306,2.0263586,1.7993406,1.8081684
mb-00948,val,1.9190781,1.8681707,1.5682018,1.4365337
mb-08422,val,2.252853,2.2259264,1.7242758,1.7926288
mb-03604,val,2.1139433,2.0404775,1.7923917,1.7377362
mb-06356,val,1.9637879,1.9001422,1.4313638,1.60515
mb-08927,val,2.313867,2.2352972,2.064458,1.9990222
mb-06097,val,2.0569048,1.559764,1.5185139,0.93112844
mb-00522,val,1.20412,0.88131976,0.7781513,0.8287783
mb-05086,val,2.262451,2.1956644,2.045323,2.095745
mb-10745,val,1.5797837,1.6816671,1.20412,1.3395725
mb-02780,val,1.5051501,1.4343336,1.1760913,1.0004051
mb-04917,val,1.908485,1.8825004,1.748188,1.7575836
mb-04531,val,2.155336,2.1883805,1.8633229,1.9174141
mb-05670,val,2.3521824,2.3403528,1.9637878,1.9464028
mb-00200,val,1.4149734,1.3707265,1.20412,1.114505
mb-03167,val,1.9444827,1.8737799,1.7075702,1.5859687
mb-05926,val,1.7993405,1.7859085,1.146128,1.3133379
mb-06894,val,1.7323937,2.0862374,1.7323937,1.7832088
mb-08790,val,1.230449,1.3456149,1.0,1.0174692
mb-07568,val,1.531479,1.4865618,1.3424227,1.2138059
mb-02817,val,1.146128,1.3886857,0.9542425,0.93710196
mb-04577,val,2.164353,2.2067997,1.9444827,1.9352297
mb-01724,val,1.5563025,1.5768378,1.2787536,1.2179387
mb-01967,val,2.029384,1.9974545,1.7781513,1.7418516
mb-08174,val,1.8129134,1.7891296,1.4913617,1.6006191
mb-05845,val,1.5797837,1.0005829,0.60206,0.41636062
mb-00597,val,1.8061799,1.6620033,1.447158,1.334615
mb-02130,val,2.4377506,2.4357314,1.9822712,2.1065826
mb-01356,val,1.1139433,1.4481995,0.845098,0.8861619
mb-07470,val,2.0827854,2.1615217,1.5682018,1.6258094
mb-07611,val,1.60206,1.5874066,1.3617278,1.2895632
mb-05621,val,1.8864908,1.7570035,1.146128,1.3085072
mb-02278,val,0.69897,0.48624653,0.47712126,0.29164505
mb-02285,val,1.5797837,1.5947872,1.4149734,1.454398
mb-08667,val,1.5797837,1.5507143,1.2787536,1.2691448
mb-00629,val,1.6232493,1.3647937,1.2787536,1.1358808
mb-00182,val,1.9731278,2.0994985,1.8976271,1.863915
mb-08569,val,1.8750613,1.8757174,1.7075702,1.6677715
mb-04943,val,2.2552726,2.2380357,2.1875207,2.15301
mb-07351,val,1.5797836,1.4128239,1.50515,1.1592011
mb-08900,val,2.2855573,2.295139,1.9867717,2.08971
mb-10221,val,2.161368,2.036342,1.9731278,1.8097353
mb-04183,val,2.0863597,2.0851932,1.748188,1.6929853
mb-00619,val,1.7781513,1.6841738,1.4913617,1.465846
mb-00423,val,1.8450981,1.9424192,1.5682018,1.6967099
mb-08955,val,1.4913617,1.6212902,1.146128,1.4400438
mb-08493,val,2.1583624,2.1174538,1.770852,1.7766485
mb-07880,val,2.0530784,1.9886825,1.60206,1.5302635
mb-07340,val,1.7075702,1.6355437,1.60206,1.526028
mb-06116,val,2.0043213,2.0320349,1.8633229,1.8624163
mb-03234,val,2.0934217,2.0939624,1.8388491,1.8596628
mb-02497,val,2.0681858,2.0487952,1.69897,1.6238551
mb-06812,val,1.8260748,2.1274652,1.3802112,1.576178
mb-01638,val,1.6627579,1.6459091,1.230449,1.3566378
mb-07156,val,1.7075702,1.7384365,1.230449,1.2396257
mb-05782,val,2.3996737,2.3470852,2.049218,2.0152938
mb-08977,val,2.2966652,2.3002005,1.6232493,1.6847434
mb-03683,val,1.7781512,1.8119599,1.690196,1.6927762
mb-04966,val,1.8808136,2.0578015,1.5563025,1.5778326
mb-02196,val,2.143015,2.1370683,1.9242793,1.8743321
mb-05416,val,2.0569048,1.9991047,1.8633229,1.7807841
mb-04356,val,2.4913619,2.4711633,2.2405493,2.1443243
mb-02390,val,1.462398,1.4604769,1.230449,1.2623832
mb-01560,val,2.1522884,2.1590118,1.9777236,1.9536796
mb-02203,val,1.9590414,1.9520835,1.7558749,1.6817975
mb-05433,val,2.1731863,2.192287,1.8325089,1.8885242
mb-03500,val,2.4393325,2.3737774,2.1303337,2.0313935
mb-07710,val,1.3222193,1.2479117,1.1139433,1.0424953
mb-05139,val,1.6720978,1.755116,1.3222193,1.3582108
mb-03628,val,2.064458,2.0902946,1.8750613,1.8784318
mb-10082,val,1.913814,1.937999,1.5682018,1.6879025
mb-07815,val,1.748188,1.716858,1.0413927,1.0333865
mb-06361,val,1.9395193,1.9763974,1.4149734,1.664736
mb-03225,val,2.4727566,2.443119,2.2380462,2.1113079
mb-00454,val,2.3996737,2.4315841,2.0043213,2.1029356
mb-09519,val,1.7923918,1.7293422,1.230449,1.2649682
mb-00781,val,2.0934217,2.0383687,1.8692317,1.7593924
mb-06078,val,2.303196,2.3106194,1.9344984,2.0293262
mb-03140,val,1.8325089,1.8354776,1.748188,1.6879666
mb-10893,val,1.6434526,1.745404,1.2552725,1.1380653
mb-04897,val,2.264818,2.1302888,1.80618,1.8202355
mb-04349,val,1.531479,1.535486,1.30103,1.3011546
mb-05672,val,2.0374265,2.1366162,1.462398,1.4922905
mb-00707,val,1.60206,1.3934373,1.1139433,0.5496596
mb-07029,val,2.292256,2.349029,1.9395193,2.0077193
mb-04998,val,2.1003704,2.1796832,1.6434526,1.7047025
mb-07232,val,2.0681858,2.095108,1.1760913,1.314819
mb-01845,val,2.0606978,2.1118016,1.6232493,1.7340453
mb-05842,val,1.8573326,1.8063078,1.462398,1.4518507
mb-05410,val,2.283301,2.2779324,2.09691,1.861439
mb-01239,val,1.20412,1.3659492,0.9542425,1.074856
mb-06063,val,2.423246,2.2604494,2.0530784,1.8340337
mb-08841,val,2.0530784,1.9748126,1.7923917,1.6171408
mb-07761,val,2.0043213,2.0625734,1.5185139,1.5437315
mb-10053,val,2.064458,2.0930533,1.770852,1.8334576
mb-02186,val,0.0,0.26681465,0.0,0.13219225
mb-03311,val,2.3598354,2.364123,2.0681858,2.0189772
mb-07967,val,2.283301,2.3070998,1.8864907,1.8956347
mb-03456,val,1.819544,1.8655207,1.2552725,1.1329969
mb-02016,val,1.9637878,1.7707918,1.50515,1.46969
mb-06406,val,2.30103,2.2600396,1.8750613,1.842798
mb-06763,val,2.2253094,2.223617,2.0086002,2.0213025
mb-07398,val,1.7160034,1.8279362,1.462398,1.5249916
mb-07358,val,2.149219,2.202466,1.748188,1.8487948
mb-05091,val,2.5340261,2.361034,2.292256,2.1629949
mb-10240,val,2.0293837,2.0860648,1.763428,1.7764146
mb-00282,val,2.298853,2.2865295,1.9867717,2.0120938
mb-05175,val,2.2855573,2.2487538,2.0086002,1.8498464
mb-08461,val,1.5563025,1.6199344,1.0413927,1.306501
mb-08774,val,1.6232493,1.6090156,1.3617278,1.3434633
mb-08850,val,2.2810335,2.2604992,1.9395193,1.8618442
mb-09188,val,2.2648177,2.1867309,1.9444827,1.8730204
mb-02289,val,1.724276,1.6799893,1.2787536,1.1943684
mb-02951,val,1.7853298,1.8719838,1.6232493,1.6187105
mb-01283,val,2.164353,2.1833017,1.8633229,1.8953887
mb-03492,val,2.0530784,1.9080193,1.0,0.90468115
mb-10721,val,1.6127839,1.7118706,1.3617278,1.39039
mb-10732,val,2.1172712,2.1498463,1.7323937,1.8761135
mb-01519,val,1.7781513,1.8426005,1.462398,1.5474544
mb-05673,val,1.9395192,1.8032593,1.7242758,1.5018102
mb-07045,val,2.0569048,2.09775,1.8750613,1.8832425
mb-08080,val,1.2552725,1.2350335,0.90309,1.0152097
mb-07547,val,1.69897,1.8656933,0.845098,1.157741
mb-06564,val,2.1702616,2.1688612,1.8864907,1.8782542
mb-03920,val,1.845098,1.8564559,1.39794,1.3323406
mb-09042,val,2.064458,1.9212778,1.6434526,1.4418769
mb-02188,val,1.7634281,1.8486655,1.5440681,1.5778441
mb-00352,val,1.6532125,1.7081394,1.146128,1.0726533
mb-05409,val,1.30103,1.2063706,1.0,0.9626034
mb-08387,val,1.7781512,1.8556155,1.447158,1.5179235
mb-09513,val,2.1271048,2.0826724,1.8129133,1.859956
mb-00201,val,2.1702619,2.2116003,1.7993406,1.7773563
mb-04045,val,1.8633229,1.9162536,1.5910646,1.6410407
mb-08829,val,2.0827854,2.0196064,1.69897,1.689632
mb-04761,val,1.230449,1.3480564,1.0413927,1.0422437
mb-01969,val,1.39794,1.3858274,0.90309,1.2205572
mb-00521,val,1.7558749,1.6148193,1.3802112,1.423522
mb-07823,val,2.164353,2.0942376,1.8512584,1.7607983
mb-05194,val,2.1038036,2.003134,1.8633229,1.8087682
mb-05374,val,1.146128,1.2682607,0.90309,1.1331998
mb-03899,val,2.0374265,2.0111632,1.6232493,1.6646665
mb-02721,val,1.9395192,1.9407185,1.690196,1.7851633
mb-06841,val,2.4608977,2.3363633,2.2671716,2.118227
mb-02437,val,1.9242792,1.8735256,1.60206,1.6014986
mb-02307,val,2.155336,2.1955948,1.7923917,1.772131
mb-10449,val,1.7853298,1.6452439,1.3222193,1.4549819
mb-02282,val,2.274158,2.1846523,1.8260748,1.7485403
mb-05656,val,1.8864908,1.8273647,1.20412,0.7886009
mb-01651,val,1.8325089,1.8074147,1.6434526,1.4764646
mb-10095,val,2.0681858,2.1603336,1.690196,1.7290345
mb-05017,val,2.2576785,2.2997854,1.8573325,1.8723671
mb-07521,val,1.146128,0.85436416,0.845098,0.7263938
mb-07094,val,1.4313638,1.5300359,1.39794,1.4234638
mb-09647,val,2.252853,2.1945806,1.50515,1.846684
mb-08925,val,2.7363966,2.4831054,1.9822712,2.0304701
mb-05075,val,2.201397,2.2038567,1.8129133,1.7289504
mb-04796,val,1.7781512,1.6897558,1.447158,1.3649315
mb-10102,val,2.0492182,2.0451481,1.4913617,1.516882
mb-07062,val,2.2253094,2.2809615,1.9731278,1.8996601
mb-02355,val,2.0569048,2.0000095,1.5797836,1.4663819
mb-09013,val,2.2121875,2.309565,1.9637878,2.0026288
mb-08825,val,2.3424227,2.2539194,1.8633229,1.9109343
mb-04703,val,1.7853299,1.7382008,1.5682018,1.5112144
mb-01381,val,1.1139433,1.056473,0.90309,0.78829956
mb-09596,val,2.0170333,2.1292567,1.6532125,1.6828499
mb-10466,val,2.0,2.1222343,1.8260748,1.8295755
mb-09416,val,2.1583624,2.0458686,1.7403626,1.597118
mb-09072,val,2.243038,2.198749,2.049218,1.9210715
mb-10978,val,2.206826,2.0822167,1.7781513,1.92076
mb-08796,val,2.2528532,2.0803697,1.8260748,1.7500429
mb-03137,val,1.8750613,1.7839355,1.5314789,1.4044505
mb-00158,val,1.39794,1.3432314,1.20412,1.0775399
mb-05647,val,1.462398,1.5832117,1.230449,1.2082019
mb-00357,val,1.4313638,1.4858829,1.230449,1.3050374
mb-07929,val,2.4771214,2.3947334,1.9444827,2.0674567
mb-08189,val,1.7403628,1.8734734,1.5682018,1.2954364
mb-02555,val,1.3617278,1.3954532,1.0413927,1.0946236
mb-07128,val,1.6020601,1.6123538,1.3424227,1.3367846
mb-02591,val,1.9731278,1.9336423,1.7403626,1.6827242
mb-03802,val,2.2253094,2.2080832,1.8976271,1.8664502
mb-05004,val,2.4377506,2.3029878,2.2966652,2.2698174
mb-01492,val,2.2944663,2.2131002,1.9590414,1.9819195
mb-03606,val,1.0,0.858935,0.7781513,0.6748764
mb-08179,val,1.146128,1.3775984,1.0413927,1.1935291
mb-07155,val,2.4014006,2.297609,2.149219,2.028495
mb-10760,val,1.9242792,2.0368047,1.3617278,1.2686684
mb-06093,val,2.378398,2.3453221,2.049218,1.9614911
mb-08453,val,1.8864907,1.9459548,1.770852,1.7112836
mb-04545,val,1.832509,1.8647864,1.462398,1.5181702
mb-01517,val,2.3117537,2.1656466,1.9731278,1.709658
mb-01171,val,2.130334,2.0620298,1.9190781,1.8354113
mb-02989,val,2.2855573,2.3290427,1.80618,1.9129833
mb-04744,val,2.0170333,2.062134,1.7403626,1.7832874
mb-00386,val,2.0374265,2.0325034,1.8129133,1.7493016
mb-01159,val,1.9444827,1.9224856,1.7993406,1.7637153
mb-10264,val,1.9084849,2.1035943,1.7323937,1.7805289
mb-09463,val,2.0374265,2.0490134,1.6532125,1.732022
mb-10050,val,1.8808136,1.7736655,1.6127839,1.6179214
mb-01388,val,2.0043213,1.9380668,1.60206,1.543328
mb-07661,val,1.50515,1.8105997,1.0413927,1.1914812
mb-08562,val,1.2041199,1.1902523,0.845098,0.84041345
mb-05704,val,2.08636,2.1223567,1.1760913,1.6377873
mb-10461,val,2.164353,2.1791358,1.3424227,1.3525443
mb-04798,val,2.0681858,2.04005,1.8750613,1.7904541
mb-09256,val,2.3053515,2.237277,1.80618,1.8546879
mb-07999,val,1.3424227,1.6324232,1.1139433,1.224896
mb-05024,val,2.149219,2.2093215,1.7923917,1.795097
mb-00396,val,1.819544,1.8470256,1.5185139,1.5484002
mb-08784,val,1.8920946,2.0893323,1.8325089,1.8403671
mb-09291,val,1.5051501,1.5519929,1.2787536,1.27624
mb-03591,val,2.220108,2.177394,2.075547,2.0949254
mb-10772,val,2.1367207,2.1528287,1.5910646,1.5514917
mb-03040,val,1.7403628,1.7663081,1.5563025,1.5619118
mb-07843,val,1.8976271,1.8769056,1.5563025,1.5673243
mb-01927,val,2.1673174,2.1134021,1.6232493,1.6344873
mb-05078,val,2.3364596,2.2445905,1.9542425,1.8732512
mb-02179,val,2.376577,2.3195882,2.0934217,2.0568771
mb-07922,val,2.149219,2.233467,1.69897,1.8503667
mb-05099,val,1.5185139,1.5495455,1.3617278,1.3246262
mb-10256,val,2.130334,2.0863738,1.8512584,1.7532892
mb-05738,val,2.2405493,2.175068,1.9138138,1.5632716
mb-03874,val,1.8976271,1.891426,1.6532125,1.6388781
mb-10075,val,0.7781513,1.3130641,0.30103,0.7301917
mb-09336,val,1.6232493,1.5181446,1.3424227,1.4070115
mb-06267,val,2.3541083,2.3067565,2.064458,1.8425322
mb-09604,val,1.845098,1.8704793,1.6627579,1.6897199
mb-09190,val,1.20412,1.1685581,0.7781513,0.8912748
mb-10672,val,2.1038036,2.152279,1.1760913,1.7105631
mb-06581,val,2.2013972,2.2479131,1.8325089,1.9745843
mb-03415,val,2.3364596,2.3499413,1.8808136,1.7913063
mb-10659,val,1.3222194,1.649228,1.20412,1.3007048
mb-09691,val,2.033424,2.1154437,1.4149734,1.5763098
mb-05220,val,1.7160034,1.7557333,1.1139433,1.1891716
mb-00973,val,2.5237465,2.610824,2.3096302,2.2872543
mb-06919,val,2.1367204,2.1389697,2.0606978,2.0430577
mb-00939,val,1.8808136,1.8412812,1.7075702,1.6024914
mb-01929,val,2.1931245,2.184875,1.9395193,1.9060858
mb-02493,val,2.2741578,2.3439775,2.045323,2.0478039
mb-04037,val,2.2810333,2.1859367,1.90309,1.7447485
mb-08033,val,2.0681858,2.0613782,1.462398,1.5985774
mb-10445,val,1.3617278,1.3382607,1.0413927,1.0108284
mb-09832,val,1.8633229,1.9347308,1.1139433,1.3748993
mb-05548,val,2.2855573,2.251846,1.7993406,1.7708886
mb-06963,val,1.748188,1.8227282,1.3424227,1.3614138
mb-08385,val,1.9542425,2.0381184,1.3617278,1.3731694
mb-00236,val,1.9395192,1.8686464,1.69897,1.5640858
mb-06990,val,1.7075702,1.7447438,1.146128,1.1946869
mb-05784,val,1.9138138,2.0435903,1.7853298,1.8708354
mb-10871,val,1.6127839,1.5954704,1.20412,1.1390721
mb-09426,val,2.217484,2.14687,1.8573325,1.6378793
mb-02979,val,1.6232493,1.5377511,1.5314789,1.4198465
mb-03725,val,2.3909352,2.2776217,2.2624512,2.034022
mb-06551,val,2.120574,2.1691477,1.7781513,1.7904049
mb-09061,val,2.1931245,2.137918,2.064458,1.888371
mb-04431,val,1.748188,1.7664618,1.1760913,1.2256448
mb-04470,val,0.9542425,1.1361964,0.69897,0.860443
mb-04857,val,2.0413928,2.0717874,1.4313638,1.4024327
mb-08534,val,2.120574,2.180274,1.447158,1.6276343
mb-01035,val,2.2479732,2.2633393,1.8920946,2.023133
mb-07597,val,1.2041199,1.6187133,1.0,1.3297714
mb-06370,val,2.2479732,2.3016315,1.80618,2.095426
mb-03493,val,2.0128372,2.11087,1.690196,1.6913834
mb-09315,val,1.9590415,1.9967235,1.5682018,1.5860262
mb-09600,val,2.311754,2.254694,1.7993406,1.6132679
mb-10146,val,2.421604,2.3430676,1.9822712,2.0391936
mb-06416,val,1.748188,1.746802,0.90309,1.2735693
mb-05724,val,2.232996,2.1575067,1.9590414,1.9836786
mb-05341,val,2.3747482,2.4058785,2.0374265,2.07944
mb-03198,val,1.9344985,2.0147698,1.39794,1.5522703
mb-00581,val,1.690196,1.5373547,1.4149734,1.3257598
mb-00899,val,2.2253094,2.2287028,2.0086002,2.0224934
mb-08713,val,1.3979399,1.0066161,0.845098,0.98916876
mb-02096,val,1.8633229,1.8275638,1.1139433,1.2422683
mb-08906,val,2.1172714,2.2445276,1.8920946,1.9687867
mb-10618,val,2.4014006,2.3650055,2.1731863,2.0725799
mb-02066,val,1.3222193,1.3664249,1.0791812,1.1336315
mb-10037,val,2.217484,2.0189166,1.6720978,1.691976
mb-10010,val,1.30103,1.3906459,1.0,1.190422
mb-00382,val,1.7075701,1.7320979,1.447158,1.5416675
mb-03868,val,1.4913617,1.4916209,1.4313638,1.3664694
mb-07374,val,2.3242824,2.3306994,1.8920946,1.9626232
mb-07137,val,1.908485,1.8805258,1.5440681,1.2776489
mb-02788,val,1.4313638,1.4591458,1.0413927,1.0796986
mb-08998,val,2.0086002,2.01968,1.4913617,1.5599474
mb-04987,val,2.4712915,2.3109498,2.3180633,2.2639832
mb-00374,val,2.164353,2.2233865,1.9956352,2.0245917
mb-09394,val,2.3117537,2.1565807,1.9867717,1.8471354
mb-10414,val,0.9542425,0.97060513,0.60206,0.6161697
mb-07473,val,2.0413926,2.1443412,1.690196,1.7803321
mb-08439,val,1.929419,2.1445868,1.4913617,1.6100774
mb-04646,val,1.7853298,1.6948385,1.4913617,1.3631332
mb-00162,val,1.2041199,1.3828864,1.1139433,1.2050897
mb-06465,val,1.5314789,1.5334555,1.4771212,1.4198205
mb-00646,val,1.2787536,1.5880976,1.20412,1.4539406
mb-08384,val,1.8388491,1.5066421,1.20412,1.2006023
mb-05000,val,2.1583624,2.1759012,1.7781513,1.726405
mb-08974,val,1.6020601,1.6201837,1.4313638,1.4648939
mb-06628,val,2.0606978,2.0658145,1.748188,1.7732567
mb-05149,val,2.2355285,2.1785498,1.9395193,1.8310028
mb-10634,val,0.90309,1.2269466,0.60206,0.99249995
mb-07940,val,2.10721,1.9777048,1.690196,1.6791626
mb-06869,val,1.7781513,1.7298365,1.3802112,1.3458763
mb-09553,val,2.369216,2.3304079,2.2227166,2.1379776
mb-09975,val,2.120574,2.0519505,1.3802112,1.7440765
mb-05591,val,1.146128,1.1723285,0.60206,0.86533475
mb-01537,val,2.4116197,2.3211029,2.0863597,2.0433214
mb-10570,val,2.0043213,1.9934266,1.7403626,1.5633514
mb-01309,val,2.1903317,2.1874678,1.8976271,1.8609986
mb-02010,val,2.2148438,2.3130755,1.9344984,1.9768962
mb-07180,val,1.8976271,1.9139333,1.6812413,1.6981109
mb-03361,val,2.392697,2.3095145,2.1522884,2.1683455
mb-10600,val,2.120574,2.0693817,1.7923917,1.7462721
mb-02293,val,1.763428,1.6853037,1.3424227,1.2973852
mb-06256,val,1.845098,1.8661832,1.7075702,1.6638414
mb-04760,val,1.5563024,1.4777366,1.3222193,1.2591627
mb-05001,val,2.2600713,2.249663,1.845098,1.783789
mb-00459,val,2.1846914,2.201163,2.0170333,2.0583825
mb-08036,val,1.8750613,1.7809161,1.3424227,1.4593312
mb-01390,val,0.95424247,1.2551622,0.845098,0.9057847
mb-02810,val,1.6627578,1.7025046,1.5314789,1.449803
mb-10585,val,2.230449,2.11201,1.8129133,1.5683141
mb-10118,val,2.0334237,1.9269776,1.6434526,1.7447672
mb-05160,val,1.9344985,2.0100682,1.462398,1.6948686
mb-07857,val,2.120574,2.128716,1.7558749,1.8107929
mb-08140,val,1.30103,1.2721179,1.0,0.9805363
mb-08212,val,1.7403628,1.6219094,1.5563025,1.4813815
mb-03138,val,2.1367207,2.1497853,2.09691,1.902489
mb-06509,val,1.763428,1.7514378,1.3802112,1.3904706
mb-09326,val,1.3424227,1.2966577,1.1139433,1.0609171
mb-05806,val,2.1958997,2.2108316,1.9294189,1.9505464
mb-02772,val,2.025306,2.127802,1.819544,1.9618634
mb-09996,val,2.10721,2.0646708,1.7242758,1.7119298
mb-07064,val,1.7923918,1.7725459,1.230449,1.4002948
mb-09140,val,2.206826,2.1794763,1.80618,1.6768844
mb-04492,test,1.8195438,1.8251545,1.5797836,1.5649151
mb-03354,test,1.5440681,1.6577804,1.2787536,1.2886053
mb-01633,test,1.90309,1.8498291,1.6127839,1.5824168
mb-04218,test,2.09691,2.0822175,1.7923917,1.7872299
mb-06265,test,1.6532124,1.8335905,1.7160033,1.3416092
mb-10813,test,1.9242792,1.9164612,1.5910646,1.7265884
mb-01333,test,1.8129134,1.7473812,1.6334685,1.6189343
mb-10782,test,1.6532125,1.6105536,1.30103,1.1657984
mb-10038,test,2.1003704,1.9820797,1.8692317,1.7264977
mb-07350,test,2.2833014,2.1827822,1.9190781,1.8285913
mb-05222,test,1.90309,1.9541903,1.7403626,1.7835793
mb-06960,test,1.724276,1.7356169,1.230449,1.2610465
mb-05585,test,1.7708521,1.7407109,1.6532125,1.6131008
mb-08154,test,2.3242824,2.2384276,1.9867717,1.9887822
mb-00137,test,2.0569048,2.0703616,1.7781513,1.6965951
mb-05592,test,1.4313637,1.5285981,1.3802112,1.3792092
mb-04312,test,1.7853298,1.7807899,1.2787536,1.3589382
mb-07486,test,2.0827854,2.1061437,1.6720978,1.7088757
mb-04286,test,1.8864907,1.8481497,1.447158,1.4459068
mb-10048,test,1.6127839,1.5162722,0.90309,1.037106
mb-07667,test,2.0530784,2.0961874,1.7558749,1.8711938
mb-00009,test,1.845098,1.8566642,1.6812413,1.6201354
mb-05951,test,1.968483,1.9254549,1.5682018,1.5037408
mb-01120,test,2.075547,2.1266925,1.8325089,1.6557773
mb-00523,test,2.1731863,2.1293442,1.8325089,1.8191668
mb-10175,test,2.075547,2.1205795,1.7160033,1.7934601
mb-03564,test,1.5682018,1.6609012,1.1760913,1.2781695
mb-08322,test,2.340444,2.3211796,1.9395193,2.0462828
mb-05539,test,0.69897,0.6903403,0.47712126,0.41030955
mb-10016,test,1.7160034,1.7354646,1.230449,1.4605612
mb-06353,test,2.283301,2.3295856,1.9542425,1.9885658
mb-08477,test,1.447158,1.5977514,1.1139433,1.3456106
mb-08705,test,2.045323,2.072359,1.80618,1.7702761
mb-02599,test,2.0681858,1.3443098,1.6434526,1.3851506
mb-01353,test,1.4149733,1.3266436,1.0791812,1.0610673
mb-02125,test,2.1003706,2.0253742,1.7075702,1.795015
mb-06540,test,1.968483,1.7954713,1.6812413,1.6014298
mb-05179,test,2.0128374,2.0567534,1.6127839,1.5606431
mb-04360,test,1.90309,1.8551387,1.4771212,1.4315573
mb-02047,test,2.1271048,2.0992475,1.8864907,1.8239869
mb-00105,test,1.9344984,1.9082817,1.8129133,1.756358
mb-06172,test,1.6434528,1.7138991,1.4913617,1.2307515
mb-08914,test,2.1105897,2.0791852,1.7853298,1.6783757
mb-04719,test,2.2576785,2.2557003,2.1038036,2.0409641
mb-02433,test,1.3222193,1.3563943,1.0791812,1.0545734
mb-02573,test,2.0681858,2.0312092,1.6127839,1.6488413
mb-04784,test,1.8864907,1.8720362,1.7323937,1.6638715
mb-09138,test,2.1903317,2.190884,2.1238515,2.021974
mb-10626,test,1.9138138,1.9373996,1.6627579,1.7124797
mb-10724,test,2.09691,2.2133896,1.7242758,1.9674194
mb-04853,test,1.8692317,1.6959195,1.5910646,1.5272657
mb-01148,test,1.462398,1.9735832,1.4313638,1.4949096
mb-06544,test,2.0934217,2.0180051,1.8325089,1.3704486
mb-06943,test,2.3856063,2.3792605,2.149219,2.0428545
mb-04413,test,2.421604,2.3665445,1.8129133,2.0240004
mb-01341,test,1.6334684,1.7214583,0.69897,1.1044264
mb-09041,test,2.0606978,1.9955454,1.6532125,1.5670975
mb-08915,test,1.2552725,1.9022672,1.3617278,1.6337148
mb-06059,test,1.7403626,1.7223259,1.146128,1.2564356
mb-09328,test,2.4297523,2.1790154,1.8633229,1.8304596
mb-08586,test,1.7075701,1.6187534,1.5314789,1.4850415
mb-10188,test,1.9344984,1.9332824,1.7403626,1.6611758
mb-04433,test,2.2624512,2.283886,1.908485,1.8264291
mb-04199,test,1.8692317,1.8314276,1.690196,1.6906759
mb-04388,test,2.3384566,2.2406712,2.1367207,1.8869747
mb-03368,test,1.39794,1.5065091,1.2552725,1.2630134
mb-06941,test,1.5563025,1.5585344,1.1760913,1.1494191
mb-01466,test,2.045323,1.9300393,1.4913617,1.3765087
mb-07543,test,2.0681858,2.1477716,1.7242758,1.8564335
mb-08338,test,2.3673558,2.3153846,2.303196,2.2387261
mb-02914,test,1.90309,1.9372915,1.5797836,1.5006315
mb-09017,test,2.3483047,2.1426847,2.0374265,1.7933707
mb-07648,test,1.6627579,1.5259765,1.3802112,1.180302
mb-05258,test,1.8260747,1.8605554,1.447158,1.3961568
mb-08308,test,1.7558749,1.8267509,1.39794,1.4202584
mb-10447,test,1.8573325,1.7984786,1.20412,1.1678088
mb-05919,test,2.2878017,2.3596244,1.9731278,1.9961486
mb-04780,test,2.307496,2.0746896,1.9822712,1.796406
mb-01059,test,2.3765771,2.2886815,2.1553361,2.085672
mb-01913,test,2.2966652,2.267385,1.9912261,1.8951881
mb-07725,test,2.3364596,2.302268,2.0530784,1.7875185
mb-06614,test,1.462398,1.5901651,1.30103,1.3968613
mb-00892,test,1.9542426,1.9211502,1.6127839,1.4991423
mb-03925,test,1.5051501,1.4786011,1.230449,1.1811274
mb-10027,test,2.2787538,2.2706892,2.1003706,1.9937226
mb-02568,test,1.8750613,1.8605756,1.6627579,1.5812473
mb-03845,test,1.748188,1.7608564,1.50515,1.4663639
mb-02193,test,1.3802112,1.595388,1.3617278,1.4414021
mb-01312,test,2.1139433,2.0969713,1.8864907,1.6283278
mb-05776,test,2.2528532,2.2397993,1.80618,1.8039948
mb-03343,test,1.9867717,2.0032167,1.6720978,1.7204434
mb-03741,test,1.4149734,1.3236147,1.230449,1.1918223
mb-04297,test,1.9294189,1.9613084,1.7558749,1.7560924
mb-09474,test,1.6232493,1.618384,1.30103,1.4504985
mb-01693,test,2.2833014,2.2992272,1.80618,1.8501357
mb-04524,test,0.30103,0.6998607,0.30103,0.376948
mb-07483,test,1.6020601,1.6148152,1.4149734,1.4017509
mb-06801,test,2.029384,2.0088527,1.6532125,1.5371776
mb-01016,test,1.5440681,1.6025109,1.3802112,1.345039
mb-01868,test,2.0530784,1.9493332,1.845098,1.7350038
mb-07790,test,2.164353,2.1138825,1.9190781,1.9095337
mb-01028,test,1.6127839,1.5775385,1.30103,1.286129
mb-08433,test,2.311754,2.2383797,1.6127839,1.6462396
mb-05116,test,1.991226,2.0114756,1.7403626,1.6826532
mb-03511,test,1.8388492,1.8734592,1.5440681,1.7877841
mb-07241,test,2.1613681,2.1600518,1.462398,1.6886345
mb-06082,test,1.9344985,1.8957427,1.230449,1.4454992
mb-00235,test,1.9731278,1.8695077,1.5910646,1.3272157
mb-08155,test,2.3673558,2.3101223,1.9867717,1.9176831
mb-01796,test,1.80618,1.8646219,1.30103,1.2922809
mb-10209,test,1.1760912,1.1904398,0.845098,0.9213519
mb-04496,test,2.2227166,2.1586435,1.9777236,1.9134967
mb-02000,test,1.9444827,1.4422219,1.1139433,1.0970719
mb-10748,test,1.7708521,1.8252598,1.5682018,1.4138347
mb-06002,test,2.1846914,2.115787,1.69897,1.6705458
mb-08808,test,2.2671716,2.2503302,1.60206,1.8160903
mb-00545,test,1.9242792,1.6079423,1.4771212,1.1907922
mb-07312,test,2.2528532,2.2715213,2.1105897,2.0761123
mb-05068,test,2.09691,2.1535988,1.748188,1.8282362
mb-10682,test,2.3242824,2.2843719,1.9344984,1.9178344
mb-09828,test,1.2787536,1.15196,1.0,0.8797296
mb-04835,test,2.1583624,2.1258657,1.770852,1.7312117
mb-04070,test,2.029384,1.9565861,1.7781513,1.6738033
mb-07419,test,1.1760913,1.4970082,0.9542425,1.2580051
mb-09179,test,2.1367207,2.1061168,1.8512584,1.7793188
mb-01925,test,1.7558749,1.8252208,1.3617278,1.3303365
mb-08258,test,1.7781513,1.7298126,1.5440681,1.500436
mb-09492,test,2.0606978,1.8979551,1.7242758,1.5466796
mb-08220,test,2.4814425,2.3511744,2.252853,2.170926
mb-10391,test,1.6127839,1.7047963,1.1760913,1.3089287
mb-00988,test,2.2600713,2.2343752,1.8573325,1.8888953
mb-07806,test,1.3802112,1.4133952,1.146128,1.2095525
mb-06731,test,1.7323937,1.8174497,1.3424227,1.4415267
mb-01679,test,1.146128,1.3360937,0.7781513,0.8220906
mb-10972,test,1.6020601,1.6164275,1.4313638,1.4972984
mb-06042,test,2.372912,2.347621,2.1038036,2.0632207
mb-07270,test,1.6232493,1.610928,1.0791812,1.1345444
mb-05565,test,1.6532125,1.673904,1.2787536,1.1775932
mb-05301,test,1.5797836,1.7837425,1.6720978,1.6376824
mb-04757,test,1.0413927,1.3406917,0.60206,0.9487008
mb-04547,test,1.6020601,1.6055262,1.2787536,1.3043246
mb-10345,test,2.0253057,1.9977337,1.6434526,1.5909414
mb-06490,test,2.09691,2.1119838,1.5797836,1.5437007
mb-03911,test,2.0530784,1.9613609,1.845098,1.8164706
mb-09823,test,2.1430147,2.2260656,1.7160033,1.7776201
mb-07215,test,1.7558749,1.779901,1.462398,1.5030583
mb-04451,test,1.5910646,1.9252559,1.2552725,1.4273446
mb-06238,test,1.8976271,1.8866234,1.39794,1.2198976
mb-06704,test,1.8388492,1.6819152,1.4313638,1.3383672
mb-07330,test,1.2787535,1.3576277,0.845098,0.8746348
mb-04014,test,2.178977,2.2074218,1.9637878,1.9456997
mb-03462,test,2.5092025,2.5475266,2.2600713,2.2228036
mb-07832,test,1.7708521,1.8282908,1.2787536,1.4554019
mb-02050,test,2.2148438,2.2012784,1.8260748,1.7926736
mb-08580,test,1.7993405,1.844919,1.5314789,1.6551237
mb-09907,test,2.2430382,2.1970303,1.80618,1.913013
mb-04544,test,1.5185139,1.6529664,1.30103,1.393111
mb-10239,test,1.90309,1.9387887,1.30103,1.4228047
mb-02635,test,1.5910647,1.5265175,1.39794,1.3556268
mb-03376,test,2.2787535,2.260351,1.8692317,1.9009199
mb-06212,test,1.9242793,2.0232399,1.7781513,1.8837775
mb-00823,test,1.6627579,1.7169385,1.2787536,1.1690745
mb-05408,test,2.1522884,2.0983512,1.7853298,1.6800394
mb-08801,test,1.9912261,1.9909825,1.3617278,1.3563029
mb-00663,test,1.5682017,1.6192255,1.447158,1.4600575
mb-08306,test,2.0253057,2.076921,1.60206,1.6453487
mb-02739,test,1.6989701,1.7093499,1.3424227,1.2772638
mb-04018,test,2.0086002,1.9951108,1.8692317,1.841526
mb-07287,test,2.0043213,1.9633639,1.7403626,1.7115558
mb-09765,test,1.8260748,1.7605958,1.3424227,1.3271222
mb-08662,test,1.9242792,1.9281275,1.7242758,1.6453984
mb-08623,test,1.9242792,1.9323721,1.763428,1.693073
mb-01184,test,2.1875207,2.1439931,1.8976271,1.8169777
mb-08659,test,2.2787538,2.263004,1.7558749,1.7342263
mb-03507,test,1.9395192,1.9354182,1.2552725,1.3118768
mb-02969,test,1.770852,1.6231313,1.447158,1.3856053
mb-03972,test,1.819544,1.8254418,1.4149734,1.3328123
mb-07996,test,2.0374265,2.0320878,1.6334685,1.6051838
mb-02844,test,2.4361625,2.309361,2.149219,1.9421287
mb-08050,test,1.6434526,1.7045884,1.146128,1.1540401
mb-09467,test,1.7242758,1.8052104,1.3222193,1.3324745
mb-01823,test,1.929419,1.9341807,1.6334685,1.7100729
mb-03072,test,2.143015,2.1516232,1.7075702,1.5932493
mb-00928,test,1.9395193,1.9586487,1.6812413,1.7054259
mb-09374,test,2.0374265,2.0898814,1.6532125,1.8695586
mb-07555,test,1.9777236,2.0404038,1.80618,1.790777
mb-02136,test,1.2552725,1.175474,1.0413927,0.8800809
mb-05442,test,2.2380462,2.2235427,1.8573325,1.8155863
mb-08238,test,1.8864907,1.8585429,1.447158,1.5268849
mb-03310,test,1.544068,1.6027225,1.3222193,1.4031682
mb-02674,test,1.4771212,1.449456,1.2552725,1.2512584
mb-07554,test,1.7993406,1.7711284,1.4913617,1.4325718
mb-09670,test,1.6232493,1.5932683,1.2787536,1.2825949
mb-01648,test,2.0253057,1.8426166,1.7403626,1.5897866
mb-07987,test,2.2671716,2.299494,2.0681858,2.2588253
mb-09987,test,1.6720979,1.6059947,1.20412,0.990177
mb-05256,test,2.0681858,2.063214,1.690196,1.6904624
mb-09126,test,2.209515,2.239971,1.8808136,1.945026
mb-04361,test,1.7323937,2.1372194,1.748188,1.8429542
mb-05855,test,1.544068,1.4835032,1.0791812,1.2135038
mb-01686,test,2.2253094,2.2074711,1.5797836,1.7015169
mb-00294,test,1.7708521,1.8037404,1.4313638,1.5262849
mb-06565,test,2.0043213,1.967273,1.6434526,1.6716319
mb-08702,test,2.149219,2.16719,1.7558749,1.7446822
mb-09005,test,2.0827854,1.9764401,1.5440681,1.676384
mb-07694,test,1.8808136,2.0092378,1.6232493,1.7182243
mb-09204,test,2.133539,2.1221354,1.9822712,1.9329381
mb-02141,test,1.7160033,1.7695191,1.447158,1.4588225
mb-03144,test,2.1303337,2.1333578,1.770852,1.7984116
mb-07989,test,2.09691,2.0453298,1.9344984,1.84768
mb-03581,test,2.243038,2.2815266,2.0253057,1.9968767
mb-05618,test,1.4771214,1.2531812,1.20412,0.9896699
mb-09127,test,1.6627579,1.6668433,1.1760913,1.2867647
mb-02105,test,2.1139433,2.1945057,1.8129133,1.8578092
mb-10160,test,1.9294189,1.8423064,1.3802112,1.3879372
mb-09062,test,1.230449,1.6596353,0.90309,1.2560203
mb-02382,test,1.4471581,1.4772421,1.146128,1.1148126
mb-01687,test,1.3222194,1.5203525,1.146128,1.3865108
mb-02511,test,2.2552724,2.3827946,2.0606978,2.078515
mb-00635,test,1.2552725,0.7810848,1.0413927,0.6455499
mb-00954,test,1.4313638,1.3721404,1.1139433,1.0069333
mb-08194,test,1.4771214,1.5910537,1.30103,1.343084
mb-09310,test,1.9493899,1.898827,1.7853298,1.6728045
mb-00189,test,1.9912261,2.03458,1.7923917,1.7800019
mb-08533,test,1.6127839,1.6056161,1.4149734,1.4295673
mb-01707,test,2.0170333,2.102981,2.0043213,1.9904965
mb-10364,test,1.6434526,1.7698748,1.230449,1.4742337
mb-01854,test,1.7923917,1.8444539,1.6434526,1.603033
mb-07141,test,1.4471581,1.5268581,1.1760913,1.2645164
mb-02368,test,1.4149734,1.5166218,1.39794,1.46556
mb-07221,test,1.8692317,1.7440827,1.4149734,1.3035581
mb-03141,test,1.9731278,1.9775169,1.4771212,1.4772185
mb-04869,test,2.206826,2.181422,1.8633229,1.8105862
mb-10450,test,2.0569048,2.1072092,1.6232493,1.4791324
mb-05016,test,1.39794,1.8748095,1.4313638,1.6139218
mb-00338,test,2.2479732,2.225821,1.7403626,1.7082183
mb-07479,test,1.6334685,1.6164172,1.3424227,1.322866
mb-09111,test,0.90309,0.96795845,0.69897,0.76558924
mb-02891,test,2.0569048,2.1297796,1.770852,1.8155541
mb-05959,test,2.0,2.0011382,1.5314789,1.4948168
mb-07860,test,1.5682018,1.5425425,1.3617278,1.2864475
mb-04910,test,2.3856063,2.3242514,1.8920946,1.9623662
mb-08508,test,2.2148438,2.2076948,1.968483,1.9754413
mb-02551,test,2.1958997,2.2294502,1.90309,1.9027803
mb-09503,test,1.8633229,1.9269649,1.39794,1.5403255
mb-08684,test,2.2787535,2.2882519,1.9637878,1.9447918
mb-06852,test,1.230449,1.193016,0.69897,0.82522434
mb-01252,test,2.0899053,2.0817363,1.4149734,1.4519173
mb-00876,test,2.1303337,2.1253228,1.9637878,1.9726654
mb-03067,test,2.0492182,2.1447692,1.6127839,1.6654353
mb-06102,test,1.4149734,1.5486952,1.20412,1.2933244
mb-02419,test,2.161368,1.9941213,1.8129133,1.5672618
mb-06528,test,1.0791813,1.0609576,0.7781513,0.84530085
mb-08577,test,2.1238515,2.1208906,1.7853298,1.7808851
mb-07827,test,2.0934217,2.052473,1.7403626,1.6971245
mb-04249,test,1.9777236,1.992865,1.5440681,1.4022118
mb-01906,test,2.075547,2.0869145,1.819544,1.8318474
mb-06891,test,2.2787535,2.3120646,1.60206,1.9227159
mb-00830,test,2.0170333,1.974622,1.8750613,1.7712817
mb-10031,test,2.1731863,2.1048198,1.7160033,1.6560072
mb-04346,test,1.6127839,1.7282457,1.39794,1.3256985
mb-07651,test,1.9542425,1.9759436,1.30103,1.542724
mb-09098,test,2.045323,1.947269,1.3424227,1.4521004
mb-08954,test,0.47712126,0.48032042,0.30103,0.20149016
mb-07326,test,1.763428,1.769092,1.3617278,1.4197252
mb-04179,test,1.6434528,1.8367016,1.3424227,1.3431122
mb-06833,test,2.0086002,2.0201247,1.7993406,1.7866213
mb-01865,test,1.9190781,2.0387712,1.8573325,1.9032403
mb-10741,test,2.5465426,2.3776693,2.3384564,2.059081
mb-05348,test,1.7242758,1.6393143,1.0,1.2606927
mb-01895,test,2.1105897,2.053663,1.9395193,1.8461393
mb-02116,test,0.0,-0.032944232,0.0,-0.28434575
mb-02343,test,1.146128,1.000298,1.146128,1.039603
mb-00924,test,1.4149734,1.814748,1.0,1.1831685
mb-10582,test,1.845098,2.159228,1.5797836,1.8702686
mb-02711,test,1.7403628,1.8472964,1.30103,1.4243488
mb-04494,test,1.9637878,1.9736603,1.6434526,1.7057202
mb-00726,test,2.3324385,2.2637532,2.0863597,2.06998
mb-02479,test,2.1105897,2.066748,1.7993406,1.7464631
mb-01685,test,1.5563025,1.6230346,1.30103,1.3289137
mb-05232,test,1.5682018,1.6215832,1.4313638,1.4682148
mb-08319,test,1.5910647,1.7168102,1.146128,1.2699101
mb-06949,test,1.4471581,1.3593166,0.7781513,0.7540009
mb-06283,test,1.7993406,1.8879845,1.6532125,1.566659
mb-05352,test,1.7923918,1.7879633,1.5440681,1.5107311
mb-03596,test,2.1038036,2.0877905,1.5797836,1.6304066
mb-10677,test,2.262451,2.2442448,2.0253057,2.0722194
mb-04777,test,1.748188,1.8171189,1.5185139,1.5348624
mb-04493,test,2.220108,2.1901317,1.7403626,1.8553916
mb-05541,test,2.2855573,2.346767,2.0211892,1.966512
mb-02838,test,1.7781513,1.852664,1.4913617,1.3377182
mb-08053,test,0.60206,0.5919397,0.30103,-0.013315558
mb-01636,test,1.9084849,2.0316014,1.3222193,1.7093409
mb-01481,test,2.0374265,2.071541,1.69897,1.70563
mb-00666,test,1.3010299,1.330682,1.0413927,1.1918277
mb-06541,test,2.1818438,2.1201959,1.30103,1.5701457
mb-09506,test,1.5797837,1.6140983,1.2787536,1.3036953
mb-07311,test,1.7853298,1.716719,1.5185139,1.4924841
mb-05895,test,1.4313638,1.5872531,0.90309,0.9064334
mb-09333,test,1.80618,1.9262297,1.5185139,1.542596
mb-06737,test,1.146128,1.0974985,0.9542425,0.9425313
mb-06514,test,1.7993406,1.7695305,1.5563025,1.5730109
mb-08162,test,1.9637879,1.984376,1.5682018,1.5853692
mb-07892,test,2.0413926,2.0512426,1.5314789,1.5522978
mb-03486,test,2.09691,2.1165006,1.8864907,1.8454221
mb-00145,test,2.0293837,2.0302973,1.6232493,1.7287796
mb-07190,test,2.3263357,2.285839,2.2671716,2.2374587
mb-04926,test,1.832509,1.8852143,1.30103,0.66482395
mb-02469,test,2.3201463,2.1526787,1.7403626,1.5434248
mb-09937,test,1.748188,1.8559263,1.3424227,1.3556671
mb-02871,test,2.0374265,1.9403151,1.6532125,1.496877
mb-01581,test,2.2355285,2.1956615,2.0413928,1.9240288
mb-01386,test,2.3201463,2.2413905,2.0170333,1.9146085
mb-01622,test,2.120574,2.0997007,1.8573325,1.8139913
mb-01435,test,2.3856063,2.2238488,2.146128,1.8910875
mb-08190,test,1.6232493,1.6751359,1.39794,1.3785433
mb-06667,test,2.562293,2.5528455,2.2380462,2.227291
mb-08363,test,2.3053513,2.2238061,1.9731278,1.9105633
mb-04311,test,2.0128372,1.9917266,1.69897,1.7016959
mb-01591,test,1.8388491,1.8378047,1.3617278,1.165312
mb-07004,test,2.2253094,2.2624998,1.6434526,1.7690268
mb-01640,test,2.120574,1.9381894,1.6532125,1.5550796
mb-07849,test,2.311754,2.2245772,2.0086002,1.9396951
mb-10819,test,1.462398,1.6125047,1.30103,1.3031161
mb-00846,test,1.8512583,1.7628009,1.6720978,1.6156484
mb-08002,test,1.4913616,1.3497431,1.1139433,0.9707174
mb-00769,test,2.120574,2.0740464,1.8129133,1.725716
mb-07941,test,1.7075702,1.8308898,1.50515,1.5804586
mb-07891,test,1.7323937,1.6086291,1.3222193,1.3573909
mb-04892,test,1.4471581,1.3967148,1.230449,1.2753996
mb-08815,test,1.819544,1.5990618,1.3617278,1.2898824
mb-00054,test,1.9138138,1.9941761,1.69897,1.7379981
mb-04142,test,2.2944663,2.2821488,1.9395193,1.9005224
mb-08228,test,2.2787535,2.2445512,1.819544,1.900241
mb-03719,test,2.178977,2.1979153,1.9822712,1.9385823
mb-04488,test,2.2013972,2.0531135,1.8573325,1.6637173
mb-09076,test,1.8633229,1.78503,1.6627579,1.5683011
mb-10495,test,2.0086002,2.0010576,1.20412,1.713278
mb-05449,test,2.09691,2.1082673,1.9294189,1.8957113
mb-08038,test,2.08636,1.9852334,1.8260748,1.695347
mb-10131,test,2.3201463,2.2592516,1.8920946,1.8779039
mb-04788,test,1.7242758,1.7001638,1.50515,1.4507477
mb-10377,test,1.6232493,1.7716756,1.5185139,1.6814547
mb-03327,test,2.4031205,2.306091,2.4031205,2.2706225
mb-06190,test,1.8920946,1.9100975,1.3424227,1.4775002
mb-04206,test,1.9912261,1.9408662,1.7853298,1.795058
mb-00419,test,1.7242758,1.7016685,1.50515,1.4468668
mb-06493,test,2.1367207,2.1633983,1.6334685,1.7132151
mb-00953,test,2.4031205,2.3735704,2.0569048,2.0237901
mb-08172,test,2.164353,2.1536314,1.690196,1.6773431
mb-01887,test,1.6812412,1.6593031,1.3222193,1.3385048
mb-06546,test,1.8388491,1.8306172,1.146128,1.2738454
mb-05954,test,2.3201463,2.1757631,1.9344984,1.7342647
mb-07196,test,1.6627578,1.8698869,1.6720978,1.3135666
mb-00001,test,1.6334684,1.5816451,1.5185139,1.452474
mb-01664,test,1.4623979,1.6100864,1.3222193,1.4770031
mb-03073,test,1.8388491,1.8967637,1.4149734,1.6034496
mb-06617,test,1.9190781,1.5910387,1.4149734,1.2285302
mb-05984,test,2.1731863,2.1598437,1.6334685,1.6969005
mb-03444,test,1.748188,1.7048608,1.5563025,1.5736625
mb-05913,test,2.3283796,2.288859,1.819544,1.9088298
mb-02048,test,2.1846914,2.173508,1.7923917,1.6605293
mb-05691,test,1.7923918,1.6710156,1.2787536,1.3310244
mb-00004,test,1.690196,1.6339715,1.60206,1.5035659
mb-07184,test,1.7242758,1.7137401,1.2552725,1.2762508
mb-04171,test,2.269513,2.28651,2.1139433,2.155719
mb-08967,test,1.9395192,2.1579192,1.5185139,1.7950623
mb-07804,test,2.064458,2.1035397,1.7853298,1.7712731
mb-06988,test,1.9590415,1.9574704,1.6127839,1.5427636
mb-01154,test,2.0,2.0334077,1.763428,1.7313474
mb-02472,test,1.5797836,1.4447315,1.447158,1.365875
mb-03572,test,1.8864907,1.7596571,1.6232493,1.5592564
mb-03584,test,1.9190781,1.9092225,1.60206,1.6150762
mb-01682,test,1.9867717,1.84028,1.8129133,1.7077552
mb-10173,test,1.908485,2.1719162,1.94939,1.8319663
mb-09087,test,2.1702616,2.20151,1.7323937,1.7428821
mb-10015,test,1.9395193,1.9279734,1.5440681,1.7006769
mb-02204,test,2.294466,2.2988255,2.2648177,2.240381
mb-03335,test,1.6627579,1.6620475,1.4913617,1.4435607
mb-08436,test,2.2148438,2.1546562,1.9138138,1.8545434
mb-08780,test,1.4149734,1.6221379,1.20412,1.2009406
mb-08554,test,0.7781513,1.045779,0.47712126,0.5382074
mb-09439,test,1.845098,1.6513463,1.3802112,1.0197563
mb-07715,test,2.0170333,1.9738024,1.7781513,1.6991136
mb-07657,test,1.7558749,1.492202,1.3802112,1.26793
mb-03766,test,2.089905,2.1196296,1.8692317,1.9460989
mb-04261,test,2.1903317,2.2169878,2.1003706,2.1542244
mb-05177,test,1.748188,1.7252936,1.50515,1.3685424
mb-02489,test,2.071882,2.1596627,1.5185139,1.5994455
mb-09184,test,2.3443923,2.291209,1.968483,1.931196
mb-07674,test,1.5910646,1.5988048,1.3802112,1.4178112
mb-05124,test,2.2201083,2.2190711,2.0413928,2.0498855
mb-02681,test,1.7781513,1.7339549,1.3802112,1.3038317
mb-06819,test,1.845098,1.8206924,1.5185139,1.5123665
mb-04175,test,2.3944516,2.3256848,2.089905,1.9037701
mb-03810,test,2.3096302,2.2815533,1.94939,1.5101991
mb-01757,test,1.90309,1.8687775,1.5314789,1.4504068
mb-04735,test,2.1522884,2.2639797,1.94939,1.98719
mb-04804,test,0.90309,0.9225703,0.60206,0.6095138
mb-05311,test,1.4623979,1.5632244,1.0791812,1.1972713
mb-02878,test,1.9822713,1.9782432,1.5440681,1.5640401
mb-09007,test,2.4593925,2.317735,2.0413928,1.9583894
mb-05690,test,1.9444827,2.0192308,1.7923917,1.8842584
mb-03266,test,1.7323937,1.8488073,1.3424227,1.3053278
mb-03636,test,2.2944663,2.3095865,2.1931245,2.2151287
mb-05864,test,1.4313638,1.0981486,0.9542425,0.7449897
mb-05675,test,1.6127839,1.4507523,1.3424227,1.2977257
mb-00686,test,1.3802112,1.5141386,0.9542425,1.1412168
mb-04243,test,2.0253057,1.9817448,1.6720978,1.4965079
mb-05083,test,2.4361625,2.3700378,2.0681858,2.037197
mb-07409,test,2.08636,2.1588366,1.5682018,1.6814202
mb-01734,test,2.146128,2.115073,1.90309,1.8304565
mb-03452,test,1.1760913,0.8631306,0.9542425,0.7136289
mb-00064,test,1.6434526,1.6688288,1.3222193,1.3169923
mb-07560,test,1.7242758,1.5998971,1.3802112,1.3129722
mb-00098,test,2.133539,2.091152,1.9344984,1.9422226
mb-01265,test,2.1003704,2.0418372,1.8573325,1.7582121
mb-06446,test,0.7781513,0.94685584,0.30103,0.6840621
mb-02336,test,2.3304138,2.3053558,2.0,1.923872
mb-05791,test,1.8920946,1.7657466,1.1139433,1.1571391
mb-05287,test,2.2479732,2.2758968,1.9590414,1.9936643
mb-04566,test,2.1875207,2.1925838,1.8388491,1.7843143
mb-05240,test,2.367356,2.314227,2.164353,2.1023066
mb-08135,test,1.8573325,1.8176237,1.4149734,1.3675661
mb-08669,test,1.8195438,1.7726481,1.6720978,1.5685767
mb-06694,test,2.320146,2.3118508,2.1238515,2.0673754
mb-09576,test,1.8920946,1.7709846,1.39794,1.3426803
mb-06600,test,1.30103,1.3710114,0.9542425,1.0682123
mb-07214,test,1.5563025,1.6678159,1.20412,1.3898228
mb-00860,test,2.0211892,2.108594,1.7160033,1.6667707
mb-07863,test,1.6812413,1.6322434,1.462398,1.4413798
mb-10325,test,2.09691,2.003755,1.5797836,1.6147356
mb-07511,test,2.3961995,2.4162025,2.164353,2.0785198
mb-09834,test,1.7403626,1.8232371,1.4771212,1.5956166
mb-07714,test,2.230449,2.2713833,1.7323937,1.6738927
mb-02371,test,1.6232493,1.5759766,1.4149734,1.4012806
mb-10274,test,2.2380462,2.3511865,1.8129133,1.8907924
mb-10917,test,2.0681858,2.1491838,1.7781513,1.654329
mb-09521,test,0.90309,0.6877233,0.60206,0.45477974
mb-08592,test,2.1702619,2.1319587,1.6627579,1.5510371
mb-02243,test,2.2855573,2.282873,2.1271048,2.1204028
mb-07491,test,1.7075702,1.7707475,1.2552725,1.472489
mb-10120,test,2.4014006,2.3189108,2.2624512,2.2333372
mb-05109,test,2.1673174,2.0189931,1.5682018,1.4561769
mb-06305,test,2.376577,2.3398044,1.9344984,2.0130432
mb-00917,test,2.2833014,2.3039594,1.9912261,1.980499
mb-06799,test,2.243038,2.3041878,1.9822712,2.0995812
mb-03186,test,1.724276,1.6867644,1.1760913,1.1690956
mb-00814,test,1.8633229,1.9486564,1.4771212,1.57358
mb-02200,test,1.968483,1.441097,1.5910646,1.236315
mb-10621,test,2.120574,2.221521,1.6812413,1.9793541
mb-07041,test,2.0086002,2.0041375,1.819544,1.747812
mb-02043,test,2.1367207,2.0782619,1.6812413,1.6282182
mb-01495,test,1.8808136,1.8988279,1.5682018,1.5327504
mb-08442,test,2.0,1.9494781,1.4913617,1.4849508
mb-10195,test,1.8750613,1.9288603,1.7403626,1.6833354
mb-08800,test,2.2148438,2.2408156,1.690196,1.7759721
mb-08465,test,2.1818438,2.174323,1.4913617,1.5795201
mb-08795,test,1.845098,1.8677292,1.5563025,1.6875181
mb-10858,test,2.357935,2.244314,1.9731278,1.8955189
mb-09323,test,1.69897,1.7013104,1.3222193,1.2385633
mb-08945,test,2.3222191,2.285159,2.0253057,1.9729937
mb-07138,test,2.2878017,2.2538888,1.6232493,1.9405262
mb-01521,test,1.69897,1.6645579,1.3802112,1.4070573
mb-00822,test,2.143015,2.1036344,1.7853298,1.8088344
mb-09163,test,2.1818435,2.1719263,1.7558749,1.7725418
mb-07570,test,2.0530784,2.0719624,1.6720978,1.4236236
mb-01045,test,1.8573325,1.8170801,1.5185139,1.537915
mb-05052,test,2.1367204,2.1550877,2.049218,1.9919713
mb-00390,test,1.7403628,1.7624805,1.39794,1.3463621
mb-10805,test,2.1367207,2.1954079,1.1760913,1.6191938
mb-02428,test,2.0827854,2.0166292,1.69897,1.6785206
mb-01279,test,2.206826,2.2194784,1.8325089,1.812104
mb-01816,test,2.0043213,1.9399005,1.5314789,1.5278907
mb-00645,test,1.5185139,1.5738015,1.3617278,1.2732285
mb-06295,test,2.3222194,2.3520093,1.968483,1.9922755
mb-10189,test,2.3304138,2.2969573,1.8325089,1.9785309
mb-03840,test,1.7075702,1.6521534,1.4771212,1.3693149
mb-09561,test,2.133539,2.1929758,1.845098,1.5585474
mb-03041,test,2.0170333,2.065938,1.7160033,1.8944032
mb-06469,test,1.8573325,1.8004074,1.4913617,1.4563264
mb-03004,test,1.9444827,1.9161458,1.80618,1.673195
mb-08407,test,1.5910647,1.5023253,1.146128,1.2421579
mb-01792,test,2.3053513,2.4152422,2.0128372,2.0911794
mb-06971,test,1.690196,1.7446173,1.2552725,1.2628694
mb-07805,test,1.5797837,1.7366081,1.4313638,1.671193
mb-02219,test,1.1760912,1.1153486,0.845098,0.92057276
mb-01296,test,2.1172712,2.122004,1.7403626,1.8025237
mb-10323,test,2.0293837,2.0357556,1.6434526,1.6231403
mb-01762,test,2.2764618,2.289229,1.968483,2.0214143
mb-03242,test,1.819544,1.9158014,1.6127839,1.7017517
mb-05604,test,1.5797836,1.5838299,1.3222193,1.2770407
mb-06233,test,1.7558749,1.6940495,1.3617278,1.2872536
mb-09862,test,0.69897,0.7116693,0.47712126,0.45794177
mb-01997,test,1.8388491,1.8274978,1.50515,1.4942873
mb-01065,test,2.1139433,2.0166826,1.6127839,1.5315206
mb-06722,test,2.120574,2.1231735,1.9294189,1.9611714
mb-00922,test,2.2671716,2.2813902,1.8388491,1.8048155
mb-06316,test,1.7781513,1.7656643,1.1760913,1.2143427
mb-05415,test,1.8633229,1.7634861,1.5185139,1.3349591
mb-07192,test,1.763428,1.7429726,1.2787536,1.2721155
mb-03738,test,1.4913617,1.4498062,1.2787536,1.2418343
mb-00055,test,1.90309,1.9502224,1.6812413,1.6793846
mb-05915,test,2.0043213,1.987595,1.7075702,1.668918
mb-08006,test,2.3384566,2.3185508,1.7558749,1.9129997
mb-08924,test,1.6127839,1.6083927,1.5563025,1.3240244
mb-08755,test,1.8129133,1.781306,1.6720978,1.6181751
mb-08232,test,1.7242758,1.8175647,1.39794,1.580878
mb-08502,test,2.1583626,2.2273386,1.9242793,1.9695048
mb-05122,test,2.3344538,2.22008,1.9395193,1.8483744
mb-04177,test,2.149219,2.2418165,1.968483,2.0473197
mb-01256,test,1.230449,1.2585665,0.90309,0.9220815
mb-09181,test,1.3222193,1.2452872,1.1139433,1.1769081
mb-08202,test,1.6434526,1.6795431,1.230449,1.138771
mb-03788,test,2.161368,2.1281245,1.69897,1.7240106
mb-03147,test,1.8750613,1.9645631,1.80618,1.8408636
mb-00005,test,2.0606978,2.030182,1.845098,1.8540298
mb-03644,test,1.6334685,1.7346073,1.5563025,1.562961
mb-07368,test,1.9590414,1.947345,1.230449,0.8823132
mb-10462,test,1.3222194,1.6224909,0.9542425,1.1991162
mb-03020,test,1.6720979,2.0126739,1.39794,1.7288847
mb-02898,test,2.367356,2.2987478,2.120574,2.06103
mb-01625,test,1.7160034,1.7175696,1.4913617,1.4635582
mb-00038,test,2.2855573,2.2572732,2.0606978,2.0040236
mb-00571,test,1.9444827,2.0304623,1.748188,1.7705415
mb-08010,test,1.9344984,2.0915372,1.7075702,1.7946869
mb-06530,test,1.770852,1.7583972,1.50515,1.3824766
mb-10191,test,2.206826,2.2180297,1.462398,1.7817919
mb-10161,test,1.0413927,1.1450036,0.7781513,0.87570155
mb-05136,test,2.0530784,2.030794,1.5797836,1.5103434
mb-03380,test,1.748188,1.5749023,1.50515,1.4921949
mb-06809,test,1.5185139,1.4950238,1.0791812,1.0606685
mb-06413,test,1.5797837,1.500266,1.0,1.1356499
mb-07546,test,2.0863597,2.125946,1.8388491,1.850923
mb-08691,test,1.3222193,1.6848464,1.3802112,1.300295
mb-05429,test,2.0128374,1.9937379,1.4313638,1.2913702
mb-04465,test,1.4471581,1.4645567,1.146128,1.0490592
mb-07561,test,2.3222194,2.3056965,1.50515,1.603664
mb-01899,test,1.0413927,1.2044113,0.69897,0.8962643
mb-09358,test,1.9242792,2.1232698,1.7160033,1.9245496
mb-04389,test,1.6232493,1.609962,1.3802112,1.4566123
mb-09555,test,2.0170333,1.8691044,1.6532125,1.5954224
mb-07421,test,1.3222193,1.2037578,0.845098,0.7505876
mb-10433,test,1.9542425,1.93453,1.6720978,1.5954802
mb-05299,test,2.1731863,2.2082672,2.075547,2.0920718
mb-10262,test,1.4771214,1.3222584,0.90309,0.9476
mb-08110,test,2.3242824,2.2469127,1.9822712,1.9190667
mb-03030,test,1.9912262,2.0050077,1.5440681,1.481379
mb-00539,test,2.0211892,1.5874193,1.2552725,1.3459874
mb-06456,test,1.8633229,1.8014467,1.7403626,1.6821399
mb-02027,test,2.2810335,2.344289,1.9190781,2.0016463
mb-04432,test,1.80618,1.6733835,1.3802112,1.3515652
mb-07114,test,1.2787536,1.3670323,0.9542425,1.0240786
mb-10793,test,1.1139433,1.6161774,1.0791812,1.2320843
mb-07878,test,1.763428,1.742122,1.3617278,1.3559613
mb-03177,test,1.6627579,1.6155392,1.39794,1.3641624
mb-08792,test,2.2648177,2.2765143,1.9956352,2.0538564
mb-09299,test,2.356026,2.2896173,2.25042,2.1998127
mb-02558,test,1.4313638,1.3189709,1.20412,1.1691439
mb-10936,test,2.269513,2.0241714,1.5910646,1.6383618
mb-05126,test,2.3138673,2.3010192,1.94939,1.9362516
mb-07776,test,1.3979399,1.4733863,1.0791812,1.1658981
mb-03304,test,1.8325089,1.2667906,1.2787536,1.323731
mb-05383,test,2.0899053,2.086999,1.6532125,1.681543
mb-10148,test,1.6020601,1.5944042,1.2787536,1.193217
mb-01524,test,2.220108,2.2159405,1.8512584,1.8365728
mb-07186,test,1.6720979,1.6850233,1.3424227,1.2549977
mb-00918,test,2.209515,2.1822705,2.0934217,2.0350356
mb-03640,test,1.9912261,1.8848181,1.5185139,1.4648933
mb-03943,test,1.3802114,1.6468971,1.1760913,1.0866096
mb-00161,test,1.230449,1.158206,0.9542425,0.8198538
mb-05870,test,1.6020601,1.5019336,1.2787536,1.2715666
mb-04178,test,2.3096302,2.1262517,1.9395193,1.8978457
mb-00153,test,1.9344985,1.907825,1.6334685,1.591431
mb-10935,test,2.2855573,2.253225,2.0374265,2.047451
mb-09650,test,2.1760912,2.2169516,1.763428,1.7711185
mb-08571,test,2.0086002,2.00489,1.60206,1.6914272
mb-05765,test,1.845098,2.0327935,1.3424227,1.2389121
mb-02745,test,1.0413927,1.0137733,0.845098,0.47762787
mb-04806,test,1.748188,1.3912039,1.3222193,1.0345771
mb-06320,test,2.149219,2.1310873,1.5910646,1.435742
mb-07253,test,2.0128372,2.113646,1.6232493,1.750796
mb-03228,test,2.4969296,2.6386502,2.2552724,2.3155267
mb-08357,test,1.8692317,1.8892561,1.7160033,1.6552243
mb-04809,test,2.2278867,2.185243,1.7075702,1.7144804
mb-05188,test,2.0827854,2.1728196,1.6812413,1.7772139
mb-07943,test,2.1139433,2.0894554,1.6812413,1.6882943
mb-06229,test,2.1038036,1.9701104,1.6434526,1.5890923
mb-07009,test,2.2787535,2.3311944,2.0863597,2.0357177
mb-07643,test,2.3053513,2.3552704,1.9542425,2.03656
mb-08905,test,2.2253094,2.2708883,1.9242793,1.9655688
mb-03300,test,2.071882,2.074239,1.8864907,1.7471795
mb-07239,test,1.5910647,1.2185391,1.3424227,1.031407
mb-05150,test,1.9637878,1.9695594,1.6720978,1.758317
mb-02062,test,2.0681858,2.029974,1.7075702,1.7410195
mb-08782,test,2.2253094,2.2339046,1.9777236,1.9641184
mb-07973,test,1.9242792,1.9129297,1.447158,1.3491106
mb-02712,test,2.269513,2.3300364,1.9822712,1.9834859
mb-05997,test,1.9777236,2.0059967,1.6127839,1.6240573
mb-07424,test,1.7242758,1.6657116,1.4149734,1.3656428
mb-04555,test,1.690196,1.6956697,1.3802112,1.4095
mb-03086,test,1.3979399,1.3969184,1.0791812,1.087702
mb-04495,test,1.4771212,1.446268,1.1139433,1.0986997
mb-05734,test,2.292256,2.3102226,1.9731278,1.9434756
mb-05295,test,1.8750613,1.8924763,1.5314789,1.5764773
mb-07956,test,1.6901962,1.6447158,1.1760913,0.9265116
mb-02180,test,2.3138673,2.286762,1.90309,1.9233387
mb-05699,test,1.9444826,1.8973484,1.690196,1.587945
mb-01150,test,1.6627579,1.6162845,1.3424227,1.3221158
mb-05319,test,1.7923918,1.8553317,1.1760913,1.2810897
mb-02612,test,0.60206,0.8735733,0.47712126,0.6611195
mb-06873,test,2.0170333,1.9889712,1.6127839,1.5580384
mb-00512,test,2.0530784,2.0047016,1.8325089,1.7111757
mb-07099,test,2.0086002,1.9854778,1.7781513,1.7172228
mb-09637,test,1.0,1.0760524,1.146128,0.76459503
mb-06185,test,2.4471579,2.355124,2.049218,2.0328417
mb-09550,test,1.20412,1.2770257,0.0,0.8346821
mb-09715,test,2.3304138,2.2604103,2.0043213,1.9239372
mb-00556,test,2.363612,2.179798,1.9590414,1.8262801
mb-05760,test,2.2810335,2.3390865,1.908485,1.9933275
mb-08056,test,1.80618,1.7154814,1.4771212,1.4872824
mb-02703,test,1.0791812,1.1663479,1.1139433,0.71713126
mb-00126,test,1.7403628,1.7896229,1.4313638,1.4362401
mb-10265,test,1.9777236,2.0156024,1.39794,1.4473977
mb-10300,test,1.6334684,1.6321012,1.4771212,1.5017664
mb-06585,test,2.1553361,2.219952,1.5440681,1.80555
mb-03610,test,1.8920946,2.0418591,1.5563025,1.5888456
mb-07056,test,1.6812413,1.6670344,1.3424227,1.271827
mb-09018,test,2.08636,2.0667186,1.6334685,1.6839005
mb-07980,test,1.748188,1.8740128,1.50515,1.5776182
mb-06677,test,1.8864907,1.7852483,1.50515,1.404728
mb-10538,test,1.146128,1.3618934,0.7781513,0.9603827
mb-04887,test,2.0827854,2.1578736,1.60206,1.6381084
mb-03974,test,1.7781513,1.8047994,1.5440681,1.5416379
mb-06937,test,2.0374265,1.9831362,1.5563025,1.4594748
mb-06035,test,1.9590414,1.925612,1.5314789,1.5369875
mb-10615,test,2.220108,2.2082622,1.7075702,1.5803115
mb-10912,test,0.0,1.0644546,0.0,0.81341493
mb-10352,test,2.10721,2.1000657,1.6434526,1.6150013
mb-02731,test,1.5563024,1.2814577,1.4771212,1.3580307
mb-00317,test,0.90309,1.2090832,0.7781513,0.96662873
mb-02205,test,2.1613681,2.2011664,1.9395193,1.8645124
mb-01585,test,1.1139433,1.0594088,0.845098,1.0167542
mb-07679,test,1.968483,1.5773357,1.6532125,1.3326921
mb-10773,test,1.5910646,1.7374629,1.2552725,1.458814
mb-02198,test,1.9637878,1.9955058,1.8573325,1.9206963
mb-03356,test,1.6720979,1.651643,1.2787536,1.3131218
mb-02064,test,1.2041199,1.0979238,0.845098,0.6295497
mb-00404,test,1.9542425,1.9505348,1.5314789,1.4783695
mb-04468,test,1.0413927,1.2794281,0.69897,0.86175543
mb-07683,test,1.9084849,1.7178565,1.6434526,1.4998112
mb-04946,test,2.071882,1.9339724,1.9637878,1.7615447
mb-03696,test,2.0530784,2.1622677,1.8129133,1.9091921
mb-03446,test,1.5185139,1.5092099,1.2787536,1.2524673
mb-00791,test,1.8976271,1.9897515,1.7558749,1.7598898
mb-01528,test,1.8573325,1.8578355,1.5314789,1.5781034
mb-06420,test,1.4471581,1.6135265,1.4313638,1.4386501
mb-08041,test,2.450249,2.3717728,2.0128372,2.0584135
mb-10750,test,2.2227163,2.1903467,1.60206,1.8384339
mb-06402,test,1.5185139,1.6163576,1.1139433,1.2702457
mb-01959,test,2.1613681,2.0501056,1.6627579,1.7501901
mb-09721,test,1.6720979,1.9031179,1.4313638,1.5720197
mb-00827,test,2.164353,2.1201174,1.9867717,1.8667617
mb-08213,test,1.5563024,1.8279569,1.447158,1.4251634
mb-05986,test,2.0606978,1.9770348,1.7075702,1.5437592
mb-00094,test,1.9493899,1.8357064,1.5910646,1.5012317
mb-09130,test,1.8512584,1.7209942,1.39794,1.3934524
mb-06166,test,2.1038036,2.100658,1.5797836,1.5762413
mb-02733,test,2.178977,2.2431135,1.770852,1.8418256
mb-10040,test,2.1238518,2.029675,1.3617278,1.646248
mb-01841,test,1.146128,1.2604365,0.90309,0.99164474
mb-07245,test,1.5682018,1.5454869,1.30103,1.2822962
mb-04642,test,1.8633229,1.8206135,1.146128,1.2779199
mb-02106,test,2.1172714,2.0484362,1.39794,1.430526
mb-03108,test,2.382017,2.3776932,2.089905,2.0459912
mb-10822,test,1.5797837,1.7314881,1.2787536,1.4497774
mb-03594,test,2.1172712,2.089436,1.7853298,1.7813532
mb-07437,test,2.1271048,2.1791553,1.7075702,1.7029026
mb-00778,test,2.206826,2.2752223,1.8325089,1.9571881
mb-09860,test,1.8920946,1.9183834,1.763428,1.7430135
mb-02911,test,1.968483,1.9629447,1.6232493,1.5769408
mb-00502,test,1.9542425,2.0498147,1.690196,1.7677355
mb-10257,test,2.1172714,2.1210074,1.6127839,1.6588322
mb-08434,test,2.326336,2.3704028,2.0086002,2.0938878
mb-06136,test,2.307496,2.3354387,1.9912261,2.0090551
mb-01098,test,2.2174838,2.1795168,2.049218,1.9269294
mb-07266,test,1.3617277,1.5863336,1.0791812,1.0688174
mb-08680,test,2.0,2.0718222,1.5682018,1.6261852
mb-00659,test,2.1172714,2.0271783,1.8633229,1.7185361
mb-03496,test,1.9084849,1.8426621,1.3802112,1.2874805
mb-06966,test,1.3424227,1.1958575,1.1760913,0.96496093
mb-07574,test,1.9138138,1.8619231,1.6627579,1.6788179
mb-03239,test,2.178977,2.112987,1.69897,1.6972355
mb-08527,test,2.20412,2.2219567,1.9294189,1.8642955
mb-10505,test,1.6127839,1.6918188,1.1760913,1.1758778
mb-03531,test,1.80618,1.8709046,1.5910646,1.6151702
mb-00089,test,1.361728,1.2981308,1.20412,1.0080233
mb-06635,test,2.2671719,2.2450242,2.1522884,2.1524062
mb-10671,test,2.25042,2.2516987,1.819544,1.9771998
mb-08130,test,2.0170333,2.1266046,1.462398,1.5508049
mb-00260,test,1.9590415,1.8300323,1.5563025,1.4160843
mb-04621,test,1.9777236,2.0700843,1.770852,1.7701641
mb-08930,test,1.8808136,1.8609313,1.0791812,1.184825
mb-09078,test,1.7323937,1.6671994,1.2552725,1.2108076
mb-05575,test,1.230449,1.1761723,0.90309,0.79155236
mb-03104,test,2.440909,1.5337887,1.0,1.0625039
mb-08352,test,1.69897,1.7444906,1.3617278,1.4118301
mb-04971,test,2.064458,1.8132805,1.6532125,1.4478009
mb-09516,test,2.130334,2.0500033,1.7558749,1.7306619
mb-06882,test,1.724276,1.7238791,1.230449,1.2440847
mb-10234,test,2.220108,2.2481172,2.0170333,2.0719223
mb-02806,test,1.6532125,1.7132341,1.39794,1.3949999
mb-02744,test,1.6627579,1.595994,1.4913617,1.4496728
mb-05342,test,2.357935,2.3148212,1.968483,1.9829645
mb-00569,test,1.724276,1.8166183,1.3424227,1.6436621
mb-03224,test,1.7634281,1.89854,1.5563025,1.5664091
mb-08017,test,2.1875207,2.1547866,1.69897,1.7771358
mb-06019,test,1.9395192,1.9714284,1.3802112,1.2392418
mb-06881,test,1.5797836,1.4657599,1.447158,1.3517966
mb-10984,test,1.3424227,1.3244748,1.0,0.9364876
mb-08392,test,1.3424227,1.5958047,1.39794,1.1826451
mb-05073,test,2.274158,2.0172255,1.5563025,1.7901545
mb-04278,test,1.9444827,1.9353683,1.5563025,1.4977922
mb-01917,test,0.90309,0.96204984,0.60206,0.68253475
mb-01365,test,1.0,0.9601977,0.69897,0.64811265
mb-01763,test,2.143015,2.1196592,1.7853298,1.8233895
mb-06269,test,1.7781513,1.7369179,1.39794,1.3689137
mb-10502,test,2.2013972,2.1444669,1.6434526,1.7034117
mb-06806,test,1.4771212,1.3350106,1.146128,1.0789263
mb-04497,test,2.217484,2.2960932,1.9344984,1.9262131
mb-10555,test,2.2380462,2.2128932,1.908485,1.8350942
mb-08717,test,2.3283796,2.2535133,2.0211892,1.7904522
mb-03093,test,2.3996737,2.4901009,2.1038036,2.1585886
mb-02557,test,2.149219,2.2105699,1.8512584,1.8437952
mb-06893,test,2.3463528,2.33233,2.0211892,2.0444205
mb-04000,test,1.2041199,1.3554987,1.0791812,1.1759152
mb-02811,test,1.7853299,1.7869473,1.6334685,1.6661781
mb-02049,test,2.1760912,1.9834977,1.7993406,1.6545954
mb-03863,test,2.363612,2.3914669,1.9867717,2.0567489
mb-07982,test,1.544068,1.5678098,1.3222193,1.2224822
mb-07083,test,1.4913617,1.4435147,1.20412,1.1173553
mb-08609,test,1.9912261,2.0702431,1.6627579,1.6874683
mb-10895,test,1.146128,1.2565426,1.0,1.1091062
mb-06736,test,1.90309,1.8461827,1.39794,1.3961159
mb-04061,test,1.8976271,1.8798777,1.6627579,1.6626916
mb-02720,test,2.269513,2.2991667,2.0863597,2.2572258
mb-10210,test,1.6127839,1.6187268,1.3802112,1.2785227
mb-06371,test,2.10721,2.1009984,1.7075702,1.5420715
mb-10821,test,1.5563025,1.6525624,1.230449,1.1036906
mb-07455,test,1.8388491,1.8007503,1.3222193,1.2973615
mb-02143,test,1.9912261,1.9957056,1.7323937,1.7622007
mb-04150,test,2.178977,2.137219,1.8129133,1.8050505
mb-00116,test,1.4471581,1.3434075,1.230449,1.2424775
mb-10201,test,2.2552724,2.1518416,1.9867717,1.8776572
mb-10967,test,1.763428,1.7345943,1.5185139,1.4560221
mb-01324,test,2.25042,2.1595364,2.0086002,1.7758887
mb-10346,test,2.0413928,2.0008733,1.6627579,1.7590177
mb-10932,test,1.531479,1.5336461,1.1760913,1.1501645
mb-04452,test,1.7781513,1.6965066,1.6532125,1.5669377
mb-05779,test,2.0413926,2.0438871,1.447158,1.5264455
mb-06619,test,2.2988532,2.2111464,1.8750613,1.8680118
mb-01970,test,2.3384566,2.222296,1.8976271,2.021034
mb-01276,test,1.9294188,1.5932515,1.447158,1.387577
mb-09918,test,1.9542425,1.763845,1.0413927,1.0705968
mb-10315,test,1.3424227,1.4478971,1.1139433,1.1820259
mb-08567,test,1.60206,1.5578022,1.3802112,1.193417
mb-07043,test,1.6720979,1.842889,1.4313638,1.3616961
mb-05600,test,2.4885507,2.5917752,2.2855573,2.2678483
mb-07274,test,1.462398,1.5593469,1.0413927,1.1774136
mb-09086,test,1.763428,1.6404272,1.4771212,1.4663631
mb-04268,test,1.5910646,1.5735595,1.3222193,1.3565478
mb-09911,test,2.2624512,2.2255275,2.0934217,2.0002713
mb-09064,test,1.770852,1.6717232,1.763428,1.4524105
mb-02786,test,2.1760912,2.1947343,1.50515,1.87398
mb-03850,test,1.8388491,1.9172218,1.6627579,1.8119057
mb-04662,test,2.0374265,2.0694082,1.763428,1.8133498
mb-01081,test,2.378398,2.1312387,1.763428,1.6529787
mb-03769,test,1.6812413,1.6637919,1.4313638,1.3565075
mb-10933,test,1.748188,1.7703426,1.6127839,1.5774018
mb-04146,test,2.2013972,2.1356707,2.0128372,1.893168
mb-05971,test,1.7923918,1.7971817,1.4149734,1.4700189
mb-04208,test,1.5051501,1.4240954,1.2787536,1.186013
mb-06655,test,1.748188,2.2284951,1.770852,1.9663167
mb-00074,test,1.7323937,1.7397616,1.5797836,1.6344742
mb-03417,test,1.6812413,1.6857041,1.50515,1.563633
mb-04232,test,2.264818,2.244996,2.1522884,2.1523771
mb-01933,test,2.029384,2.028887,1.5682018,1.6053139
mb-05468,test,1.690196,1.5653453,1.447158,1.2963809
mb-00574,test,2.0043213,1.8388307,1.4913617,1.4794788
mb-05742,test,2.08636,1.9864974,1.6334685,1.5924783
mb-09879,test,1.5563025,1.5253383,1.4149734,1.3336785
mb-10584,test,1.6532125,1.9066455,1.50515,1.7343537
mb-02896,test,1.748188,1.7846726,1.2787536,1.2762852
mb-06970,test,1.50515,1.5221899,0.845098,0.951742
mb-07526,test,1.8512583,1.7902799,1.3617278,1.3383175
mb-06183,test,2.075547,2.1138504,1.7558749,1.8060312
mb-10248,test,2.3838153,2.3423433,1.9637878,2.011652
mb-03056,test,2.164353,2.1899004,1.8260748,1.8726175
mb-02839,test,2.1875207,2.2706423,1.8920946,1.9600458
mb-03476,test,2.0569048,2.03535,1.8573325,1.7115042
mb-02797,test,1.908485,1.997958,1.6812413,1.726278
mb-03042,test,1.146128,1.0978128,1.0413927,0.87732166
mb-02768,test,1.6127839,1.6579535,0.9542425,1.1987063
mb-10457,test,1.7993406,1.631231,1.5440681,1.309316
mb-08942,test,1.94939,1.9726758,1.80618,1.552633
mb-03170,test,2.0086002,2.0541182,1.770852,1.7563095
mb-09361,test,2.1583626,2.1144187,1.7993406,1.7643437
mb-07833,test,1.30103,1.2911854,0.7781513,0.81645316
mb-02808,test,2.2600715,2.1963215,1.94939,2.1009846
mb-03324,test,1.863323,1.8880324,1.5682018,1.5477526
mb-07140,test,1.8692318,1.8817661,1.6334685,1.5552269
mb-01122,test,1.0413927,1.0867893,0.845098,0.7085438
mb-02976,test,2.3579347,2.3292968,2.049218,2.037305
mb-01605,test,2.161368,2.2138684,1.9912261,1.9680777
mb-04212,test,1.9956353,1.9803278,1.7993406,1.7704746
mb-01663,test,1.991226,1.950423,1.7160033,1.7569238
mb-09091,test,1.7558749,1.9538989,1.7075702,1.701216
mb-03987,test,2.294466,2.1773672,2.0863597,1.9927146
mb-06484,test,1.819544,1.8806336,1.0413927,1.3172152
mb-08646,test,2.1903317,2.141073,2.1303337,2.0366907
mb-07994,test,1.8129134,1.8760068,1.3802112,1.3414401
mb-04330,test,2.0170333,1.9074408,1.6532125,1.4809743
mb-01540,test,1.7323937,1.8893594,1.4771212,1.6742011
mb-06783,test,1.146128,1.4349183,1.146128,1.0941112
mb-10583,test,2.2528532,2.1822152,2.0413928,1.969888
mb-07730,test,2.0934217,2.0989375,1.6627579,1.7789629
mb-08393,test,1.6334684,1.5510019,1.4771212,1.3921847
mb-06644,test,1.9684829,1.941662,1.6720978,1.6225514
mb-03385,test,2.1522882,2.1902914,1.69897,1.7979811
mb-07449,test,1.7558749,1.6886071,1.30103,1.2292215
mb-05237,test,2.2455127,2.2192738,1.8976271,1.8491675
mb-08707,test,2.0413928,1.9765574,1.6127839,1.5760978
mb-04729,test,1.9777236,2.0586941,1.6532125,1.7027283
mb-05877,test,1.462398,1.3802763,1.146128,1.0394065
mb-08838,test,2.045323,1.8345928,1.5910646,1.4444674
mb-02667,test,2.1553361,2.1409142,1.9242793,1.94468
mb-05115,test,2.1958997,2.270485,1.8633229,1.9053341
mb-08428,test,1.6232493,1.6825426,1.3617278,1.5360947
mb-04124,test,1.5682018,1.6156571,1.230449,1.218846
mb-01063,test,1.3222194,1.438383,0.9542425,1.046012
mb-09547,test,1.9777236,2.0168426,1.6627579,1.7094799
mb-04911,test,2.1702616,2.0841243,1.8573325,1.7971139
mb-06288,test,2.2121875,2.2920556,1.8864907,1.9821017
mb-01838,test,1.0,1.1285616,0.845098,0.9563115
mb-06612,test,2.1139433,2.0736296,1.690196,1.54271
mb-07916,test,2.292256,2.307913,2.1931245,2.212502
mb-08966,test,2.1818435,2.2289195,1.5797836,1.5499945
mb-10726,test,2.434569,2.3153648,2.0827854,2.0191152
mb-05370,test,2.120574,2.0648866,2.0530784,1.9436991
mb-07158,test,1.7323939,1.650947,1.4313638,1.5385065
mb-03629,test,2.1172714,2.140458,1.9190781,1.8894583
mb-05658,test,2.252853,2.1836731,1.9444827,1.7987113
mb-10686,test,1.5797837,1.583339,1.2787536,1.2683879
mb-04363,test,2.2405493,2.3203042,1.968483,2.0071528
mb-09435,test,2.3283796,2.334235,1.8750613,2.015313
mb-03812,test,1.6334685,1.7712268,1.1760913,1.3636289
mb-01460,test,1.8129134,1.8469929,1.3424227,1.3963978
mb-09706,test,1.230449,1.6066884,1.4771212,1.3811696
mb-07687,test,1.0791813,1.0786331,0.7781513,0.7879349
mb-06374,test,1.7403626,1.8557523,1.4771212,1.3671298
mb-05596,test,1.5682018,1.5974402,1.1139433,0.9906963
mb-09925,test,1.968483,1.6165075,1.7160033,0.9318051
mb-03748,test,2.0086002,1.902286,1.8633229,1.6658347
mb-01389,test,1.4149733,1.1984897,1.0791812,0.97643983
mb-00060,test,1.9084849,1.7967166,1.5797836,1.2020514
mb-08647,test,0.47712126,0.5761457,0.30103,0.3668772
mb-04079,test,2.0827854,2.0749588,1.770852,1.7548027
mb-00716,test,2.3180633,2.189542,2.1931245,2.116675
mb-09888,test,1.690196,1.6668353,1.5314789,1.4542737
mb-09817,test,1.9912262,1.9284469,1.4313638,1.3841313
mb-10383,test,1.968483,1.9328196,1.5440681,1.5549707
mb-07026,test,1.5797836,1.6185967,1.3222193,1.3298893
mb-06359,test,2.2855573,2.3424635,1.8976271,1.9637567
mb-01387,test,1.770852,1.5699428,1.447158,1.2989976
mb-04164,test,2.1673174,2.112461,1.69897,1.6475453
mb-01908,test,2.1760912,2.1332707,1.80618,1.7019863
mb-04931,test,1.4149734,1.5228658,1.2552725,1.1689491
mb-03890,test,2.155336,2.1056612,1.8692317,1.8341857
mb-05276,test,2.1731863,2.2016919,1.80618,1.8027686
mb-04225,test,1.5682018,1.6278836,1.3802112,1.389699
mb-00412,test,1.8808136,1.8537332,1.748188,1.7071362
mb-03633,test,1.50515,1.4611005,1.3617278,1.3064896
mb-05392,test,1.763428,1.8145684,1.3802112,1.369113
mb-05142,test,1.2041199,1.2726467,1.0,1.0602778
mb-04036,test,2.3324385,2.3593254,1.9542425,2.024141
mb-04964,test,2.4698222,2.3263235,2.3521826,2.2319987
mb-02427,test,1.5051501,1.5006565,1.20412,1.163799
mb-02708,test,2.363612,2.3849964,2.0681858,2.0370538
mb-03517,test,2.1553361,2.1434097,1.39794,1.3935328
mb-01205,test,1.7403628,1.7475696,1.5563025,1.5057422
mb-10968,test,1.7075701,1.7345927,1.5797836,1.6213262
mb-01709,test,2.09691,2.1614757,1.9344984,1.9599248
mb-01021,test,1.8692317,1.943218,1.5563025,1.5920922
mb-09998,test,2.3838153,2.1753888,1.845098,1.8606884
mb-06241,test,2.0934217,2.164513,1.3424227,1.1651236
mb-06287,test,1.9138138,1.8068534,1.6434526,1.6310092
mb-03294,test,1.8388492,1.853359,1.6334685,1.6520168
mb-10401,test,1.9190781,1.9140022,1.7242758,1.6551148
mb-04090,test,2.149219,2.2440572,2.1760912,2.1510727
mb-02779,test,1.5185139,1.3402774,1.3424227,1.232875
mb-01165,test,1.8573325,1.7096752,1.6532125,1.5229739
mb-10716,test,1.8976271,1.8553814,1.4149734,1.5190736
mb-01066,test,2.456366,2.3331137,2.146128,1.9846276
mb-03695,test,2.243038,2.2037578,1.9956352,1.9787478
mb-05450,test,0.60206,0.8032717,0.47712126,0.5115527
mb-09583,test,2.1818438,2.1863115,1.6127839,1.629666
mb-10833,test,1.9344984,2.003384,0.90309,1.3387389
mb-06457,test,1.5440681,1.4567233,1.1760913,1.1290532
mb-05977,test,2.1958997,2.211724,1.8512584,1.8387234
mb-08901,test,1.6532125,1.5801256,1.0,0.9597579
mb-06150,test,2.3747482,2.345709,2.0043213,1.9742984
mb-09858,test,1.6232493,1.3561169,1.146128,0.9746712
mb-06944,test,2.3673558,2.2063513,2.071882,1.8724769
mb-07035,test,2.544068,2.389726,2.3802114,2.0738263
mb-04499,test,2.0934217,2.127471,1.7242758,1.7688168
mb-01852,test,2.2671716,2.3195896,1.9542425,1.9822377
mb-04167,test,1.5440681,1.6373374,1.1760913,1.403319
mb-09510,test,2.2787538,2.2816358,1.7781513,1.769711
mb-05134,test,2.4456043,2.3930557,2.1522884,2.0985198
mb-06616,test,2.0899053,2.0971422,1.5682018,1.5781302
mb-06766,test,1.9731278,1.8640258,1.80618,1.7017937
mb-07069,test,2.30103,2.2735603,1.968483,1.9177771
mb-02734,test,1.3424227,1.691742,1.146128,1.1832776
mb-01007,test,1.7993406,1.8137972,1.230449,1.2423589
mb-07721,test,1.7923917,1.825387,1.3222193,1.4359592
mb-06439,test,2.10721,2.0636783,1.748188,1.5963039
mb-01645,test,1.1760913,1.1259303,0.90309,0.6734216
mb-09588,test,1.8195438,1.4791186,1.60206,1.4028462
mb-02421,test,2.2455127,2.2630103,1.8864907,1.987405
mb-09945,test,1.7403626,1.5890751,1.50515,1.2895753
mb-00232,test,1.763428,1.782722,1.3424227,1.3301098
mb-04846,test,2.1553361,1.9836848,1.7781513,1.6730466
mb-00329,test,1.7323937,1.7972214,1.6812413,1.6493373
mb-05797,test,2.206826,2.1722674,1.8920946,1.8739772
mb-05293,test,2.292256,2.2963343,1.9138138,1.8441143
mb-02752,test,1.1760912,1.5137099,0.845098,1.3498902
mb-03797,test,2.3364596,2.359989,1.9637878,2.018667
mb-05645,test,1.7708521,1.7003555,1.3424227,1.3416203
mb-03561,test,1.8260748,1.8283569,1.6627579,1.6325204
mb-10627,test,2.2552726,2.265618,1.6127839,1.8855221
mb-07783,test,1.8129134,1.9652145,1.6627579,1.743197
mb-04748,test,1.6812413,1.6515563,1.3617278,1.3986402
mb-07280,test,1.5797837,1.5901129,1.2787536,1.22922
mb-04242,test,1.6020601,1.612793,1.3424227,1.2387207
mb-08712,test,2.089905,2.1865823,1.9344984,1.9017155
mb-01931,test,0.30103,0.66847503,0.0,0.17146587
mb-03009,test,1.3222194,1.6501905,1.146128,1.3469224
mb-10474,test,1.8573325,1.8866763,1.69897,1.6835269
mb-07723,test,1.6232493,1.6162236,1.1139433,1.4466187
mb-09151,test,2.2671716,2.2426162,2.0128372,1.8703827
mb-05625,test,1.94939,1.9463439,1.3424227,1.3220963
mb-00853,test,1.20412,1.2327218,0.90309,0.8899883
mb-10000,test,2.340444,2.2847867,2.269513,2.2213063
mb-05811,test,2.1903317,2.2147548,1.845098,1.8097335
mb-05796,test,1.8512584,1.8324215,1.4313638,1.4110467
mb-05031,test,1.9242792,1.9115301,1.3222193,1.4323919
mb-10817,test,2.2455127,2.3491905,1.7558749,1.7870404
mb-04227,test,2.0681858,1.9339923,1.8129133,1.6744356
mb-00950,test,1.8976271,1.8708497,1.7323937,1.731682
mb-07992,test,2.4885507,2.3402765,2.243038,2.18733
mb-00851,test,2.1903317,2.2323442,1.8633229,1.8914435
mb-07385,test,2.0681858,2.1452193,1.6532125,1.7046336
mb-05490,test,1.7242758,1.7453506,1.4149734,1.4055994
mb-04632,test,2.0606978,2.0261588,1.8750613,1.8527429
mb-04612,test,1.8260748,1.8825376,1.60206,1.5709369
mb-05346,test,1.7242758,1.751311,1.50515,1.4802612
mb-03778,test,2.1003706,2.0929213,1.6812413,1.6855075
mb-04425,test,2.2329962,2.2165365,2.209515,2.1212323
mb-04021,test,1.4149734,1.6371558,1.3617278,1.2624376
mb-01998,test,1.8750613,1.8711176,1.4913617,1.4297603
mb-06024,test,1.8325088,1.6690159,1.5797836,1.2305386
mb-03330,test,2.4265113,2.1884322,1.7781513,1.650923
mb-02026,test,1.9084849,1.8492303,1.447158,1.48123
mb-04854,test,1.0791813,1.295961,0.7781513,0.98597085
mb-00936,test,1.9084849,1.9486632,1.5314789,1.5364871
mb-03672,test,1.4913617,1.5485135,1.2787536,1.3534302
mb-10402,test,2.20412,2.268587,1.770852,1.6779094
mb-09446,test,1.39794,1.5400012,0.9542425,1.1028711
mb-08245,test,2.3096302,2.3168616,2.0569048,2.05413
mb-10143,test,1.7558749,1.7291002,1.30103,1.382887
mb-08787,test,2.1673174,2.1974866,1.7923917,1.7971939
mb-07777,test,2.217484,2.18934,1.8864907,1.8826844
mb-08150,test,1.7403626,1.7756097,1.447158,1.39431
mb-05854,test,2.269513,2.31528,1.94939,1.9248307
mb-09986,test,1.9084849,2.0388207,1.8573325,1.8294083
mb-09540,test,2.0791812,2.092521,1.7923917,1.7714529
mb-05622,test,1.8512583,1.8427906,1.3222193,1.3273022
mb-06892,test,2.0043213,2.0206604,1.5797836,1.558401
mb-01136,test,1.1760913,1.2449415,0.7781513,0.7556836
mb-00698,test,1.4313638,1.6252887,0.90309,1.4357783
mb-05445,test,2.230449,2.2505877,2.0606978,2.0964997
mb-10011,test,0.4771213,1.11678,0.60206,0.82335275
mb-04859,test,1.819544,1.7487584,1.5682018,1.5288104
mb-07418,test,1.6232493,1.6966137,1.0413927,1.4257957
mb-06235,test,2.2121878,2.0864792,1.6532125,1.8139808
mb-05423,test,1.4771212,1.4001858,1.1139433,1.0837762
mb-02824,test,1.60206,1.5070083,1.2552725,1.1476989
mb-10870,test,2.357935,2.3372297,2.1903317,2.0396686
mb-06342,test,1.7558749,1.7309766,1.146128,1.2169592
mb-00384,test,2.2624512,2.2384121,2.0374265,1.991725
mb-00262,test,2.1461282,2.142146,1.8260748,1.9201604
mb-02950,test,2.1367207,2.012946,1.7558749,1.6893914
mb-07218,test,2.0170333,2.0192556,1.5797836,1.6264731
mb-07734,test,1.6127839,1.4559894,1.2787536,1.3566884
mb-04426,test,1.8976271,1.892316,1.5185139,1.5023363
mb-08356,test,1.9395192,1.8537545,1.5185139,1.4738846
mb-07027,test,2.075547,2.1488574,1.6434526,1.8492419
mb-04435,test,2.0,1.944273,1.447158,1.4956219
mb-01976,test,1.8808136,1.9100161,1.6532125,1.7417058
mb-00959,test,1.8692317,1.827462,1.6127839,1.5849092
mb-05420,test,1.5185139,1.6236585,1.3222193,1.4291945
mb-04143,test,1.6232493,1.6926011,1.2552725,1.4138029
mb-09077,test,1.7242758,1.8395915,1.6232493,1.709298
mb-01304,test,2.2455127,2.0833669,1.9867717,1.8497155
mb-09409,test,2.2227166,2.0858657,1.9444827,1.4371248
mb-02961,test,1.8325089,1.8128272,1.6812413,1.6120039
mb-05029,test,1.0,1.0811296,0.69897,0.8560362
mb-05373,test,1.968483,1.851975,1.7160033,1.5991986
mb-08226,test,1.7993406,1.8284755,1.462398,1.5014285
mb-00634,test,1.6989701,1.6888821,1.30103,1.3390065
mb-08989,test,2.178977,2.1636012,1.7781513,1.8327205
mb-01409,test,1.0791812,1.1470367,0.845098,0.88142973
mb-04107,test,1.3010299,1.3476803,1.0791812,1.1758637
mb-06327,test,1.6127838,1.7490029,1.5185139,1.5554283
mb-00980,test,1.9138138,1.9321597,1.5185139,1.4681864
mb-05393,test,1.832509,1.7281607,1.230449,1.3870895
mb-08472,test,1.60206,1.590643,1.3617278,1.3458029
mb-01015,test,2.0086002,2.0168242,1.5910646,1.5858512
mb-00504,test,1.6812413,1.516749,1.0413927,0.9338919
mb-10879,test,1.819544,1.8495734,1.0,1.4172473
mb-04636,test,2.209515,2.1553106,1.8512584,1.7889938
mb-05535,test,2.161368,2.1827657,1.8633229,1.9641371
mb-10828,test,1.5682018,1.6150385,1.30103,1.2932523
mb-00536,test,1.6720978,1.6177831,1.4771212,1.3463335
mb-10734,test,2.0211892,1.8728325,1.4913617,1.554109
mb-10359,test,0.60206,0.91473925,0.47712126,0.6416983
mb-09949,test,1.690196,1.7264279,1.5185139,1.4785961
mb-10691,test,1.90309,1.6711626,1.6334685,1.4064935
mb-03600,test,2.372912,2.3217921,1.845098,1.9774735
mb-09705,test,1.4771214,1.8077136,1.6627579,1.6702594
mb-00125,test,1.146128,0.849187,0.7781513,0.6368553
mb-02604,test,1.8976271,1.9857984,1.0791812,1.2958059
mb-01240,test,1.1760913,1.3940306,0.90309,0.89134634
mb-09662,test,1.447158,1.4930427,1.447158,1.3939548
mb-08340,test,2.0,1.9212337,1.5682018,1.5715994
mb-04569,test,1.1760913,1.2596279,0.69897,0.84354484
mb-08311,test,1.7993406,1.7071314,1.3424227,1.1972066
mb-05463,test,1.230449,1.3865697,0.90309,0.92877644
mb-07939,test,2.3692157,2.3695343,1.9637878,2.0269973
mb-04944,test,1.2787536,1.5931185,1.0,1.4387451
mb-07984,test,1.8808136,1.8680694,1.5314789,1.599854
mb-07098,test,2.3802114,2.293329,2.2253094,2.2584193
mb-08984,test,2.2253094,2.0944333,1.770852,1.6184472
mb-02466,test,1.7160034,1.751148,1.20412,1.1119155
mb-08058,test,1.763428,1.7405846,1.30103,1.383878
mb-07404,test,1.7403628,1.7433256,1.2787536,1.2820426
mb-10430,test,1.6627579,1.6137886,1.462398,1.2731936
mb-05305,test,1.2041199,1.2862782,1.0,1.1255457
mb-00255,test,2.0681858,2.031899,1.690196,1.6187677
mb-09504,test,1.7403626,1.6239796,1.6232493,1.4626075
mb-04893,test,2.2148438,2.191354,1.8808136,1.7886195
mb-10115,test,1.929419,1.9149609,1.6334685,1.6856241
mb-07668,test,1.7558749,1.7465105,1.4313638,1.5491494
mb-03556,test,1.4313638,1.1454521,1.30103,1.2602198
mb-02539,test,1.7075702,1.9961863,1.60206,1.6463547
mb-05536,test,1.3222193,1.3446779,1.0,0.9828607
mb-06016,test,2.252853,2.235197,1.9138138,1.8123127
mb-04976,test,2.1038036,2.0834687,1.8750613,1.8336035
mb-10174,test,2.2576785,2.0687137,1.7781513,1.6830785
mb-03627,test,0.9542425,1.1925805,0.7781513,0.8956972
mb-05343,test,1.9242793,1.8457096,1.4913617,1.4842749
mb-00943,test,1.3802112,1.2983665,1.0,0.98191524
mb-07119,test,1.3617278,1.2167608,0.90309,1.0015883
mb-00417,test,1.8129133,1.6727628,1.60206,1.4938369
mb-09444,test,1.9395192,2.1553574,1.50515,1.690979
mb-10253,test,2.230449,2.157115,1.6812413,1.7244159
mb-07906,test,2.0,2.0624018,1.462398,1.5241753
mb-08958,test,1.2787536,1.4697218,1.0413927,1.3159728
mb-08549,test,2.3242824,2.3230503,1.9590414,2.023454
mb-00206,test,1.2787535,1.3373189,1.0791812,1.0472369
mb-03687,test,1.9444826,1.9486248,1.5910646,1.4362007
mb-02849,test,2.149219,2.0754776,1.9444827,1.8502327
mb-07059,test,1.3222193,1.5887303,1.1139433,1.2690165
mb-06776,test,2.3673558,2.3737938,2.0253057,2.040413
mb-00277,test,1.69897,1.7027488,1.5797836,1.5903268
mb-09442,test,2.25042,2.1877484,1.8920946,1.7362581
mb-10492,test,1.6127838,1.810449,1.3222193,1.5624714
mb-00301,test,2.25042,2.224383,1.80618,1.8559383
mb-02056,test,1.1760913,1.2531321,0.7781513,0.95612717
mb-06396,test,2.356026,2.2364783,1.9731278,2.0292366
mb-10486,test,2.2479732,2.1762214,1.7558749,1.9251707
mb-04876,test,2.1105897,2.1425734,1.7558749,1.7336159
mb-09831,test,2.0899053,2.208487,1.6127839,1.7204437
mb-00537,test,2.2227163,2.192555,1.8864907,1.9343134
mb-02695,test,2.4683473,2.403889,2.1760912,2.0709221
mb-03549,test,1.8512584,1.8283873,1.6127839,1.5553427
mb-10888,test,2.2380462,2.3240223,1.7323937,1.9721088
mb-02033,test,1.845098,1.8894699,1.4913617,1.5513214
mb-03420,test,1.462398,1.5771049,1.2787536,1.315905
mb-02814,test,1.4771212,1.5717025,1.146128,1.2966452
mb-10501,test,1.7323937,1.6768843,1.4913617,1.4366016
mb-09477,test,1.7160033,1.7053866,1.0791812,1.4161983
mb-08711,test,1.3424226,1.3477013,1.3222193,1.0906204
mb-02060,test,1.5682018,1.5933646,1.30103,1.3058449
mb-03267,test,1.8692318,1.8381042,1.6334685,1.6860107
mb-02079,test,2.5428255,2.686236,2.1903317,2.3636405
mb-08865,test,1.4313637,1.6633031,1.4771212,1.4270573
mb-05619,test,1.3617278,1.5043417,1.2552725,1.2348214
mb-03005,test,2.1105897,2.0407822,1.7853298,1.7452152
mb-03054,test,2.0334237,1.9756225,1.763428,1.6665373
mb-01771,test,1.3802112,1.217879,0.90309,0.7999912
mb-03490,test,1.6532125,1.5610405,1.462398,1.4167657
mb-06038,test,1.9190781,2.0838451,1.69897,1.6131595
mb-04858,test,1.8976271,1.9375641,1.462398,1.3931394
mb-08529,test,2.120574,2.0527825,1.8129133,1.7983582
mb-08120,test,1.6020601,1.7683434,1.1760913,1.4571451
mb-07164,test,1.8260748,1.750088,1.3222193,1.2068388
mb-08164,test,1.8260748,1.865701,1.3802112,1.2947279
mb-00606,test,2.1003704,2.1070015,1.8692317,1.8889823
mb-00583,test,2.198657,2.3016539,1.690196,1.8799816
mb-01167,test,1.8573325,1.8157964,1.8129133,1.7173153
mb-03763,test,1.2552725,1.2836056,1.0,1.0105529
mb-03760,test,2.2878017,2.2888317,2.089905,2.0170746
mb-10695,test,2.120574,2.1735504,1.94939,1.9768369
mb-02967,test,1.6720979,1.6320968,1.5682018,1.493409
mb-09348,test,1.9731278,1.9614601,1.6127839,1.6175506
mb-01531,test,1.60206,1.6736773,1.3617278,1.4292707
mb-07587,test,2.071882,2.0609019,1.690196,1.6300362
mb-02393,test,1.8864908,1.8456655,1.4313638,1.4784181
mb-05334,test,1.8260748,1.8070734,1.39794,1.3559849
mb-08427,test,1.8195438,1.787237,1.5797836,1.6240735
mb-06738,test,2.2600713,2.2206302,1.8864907,1.8293447
mb-10727,test,1.8325088,1.6243045,1.3222193,1.4345776
mb-02192,test,1.1139433,1.186666,1.0413927,1.0759003
mb-04324,test,0.47712123,1.0383451,1.1139433,0.9591466
mb-10295,test,1.9956352,1.830209,1.6434526,1.5726151
mb-00600,test,2.2227163,2.2350612,2.0043213,2.011602
mb-06122,test,2.3053513,2.280451,2.0334237,1.8547565
mb-09274,test,1.8573325,1.8669523,1.4771212,1.4443514
mb-05626,test,1.7558749,1.698997,1.50515,1.4763023
mb-00345,test,1.748188,1.7785441,1.5185139,1.5169785
mb-07002,test,0.9542425,1.3755418,1.4913617,1.4338046
mb-02383,test,1.9822713,2.075356,1.6812413,1.7393588
mb-07390,test,0.90309,0.8126663,0.60206,0.67348725
mb-02717,test,2.120574,2.1546195,1.7993406,1.75877
mb-03440,test,1.5910647,1.7200199,1.4149734,1.5049458
mb-06303,test,2.2878017,2.3048253,2.0293837,1.9338953
mb-05801,test,1.5440681,1.5242431,1.4313638,1.3181411
mb-08378,test,1.7323939,1.8734103,1.5682018,1.6138641
mb-02975,test,1.0791813,1.3032961,1.146128,1.1397676
mb-09766,test,2.1238515,2.1063714,1.748188,1.7249908
mb-07641,test,1.6627579,1.7952809,1.3617278,1.5761713
mb-04116,test,1.724276,1.6883416,1.462398,1.4025941
mb-03391,test,1.9138138,1.8689283,1.770852,1.695055
mb-02322,test,1.9084849,1.8325778,1.6434526,1.5416055
mb-02265,test,1.462398,1.5577425,1.0413927,1.0954449
mb-01704,test,1.7558749,1.7894721,1.4149734,1.3961277
mb-08820,test,1.6334684,1.7736814,1.3802112,0.98871523
mb-07408,test,1.6127839,1.6043832,1.4313638,1.4274421
mb-05315,test,2.049218,1.9971232,1.8976271,1.8161166
mb-04223,test,1.6812413,1.7184937,1.462398,1.3329356
mb-00667,test,1.770852,1.79245,1.1139433,1.2270954
mb-01994,test,2.0043213,1.9747851,1.5910646,1.5987861
mb-08335,test,1.9138138,1.9375981,1.7323937,1.762822
mb-06376,test,2.409933,2.3940983,2.0086002,2.0712063
mb-05084,test,1.94939,2.0056078,1.7558749,1.7471877
mb-01843,test,2.3159704,2.2428892,1.90309,1.7740799
mb-01733,test,1.6020601,1.8978834,1.146128,1.3377943
mb-06573,test,2.2552724,2.254376,1.8920946,1.957711
mb-03432,test,2.269513,2.1984158,1.968483,2.0047784
mb-07970,test,2.1731863,2.1583118,1.8129133,1.8173212
mb-10611,test,2.1172712,2.387365,2.0530784,2.0591488
mb-10614,test,0.845098,0.7636619,0.69897,0.5465144
mb-02738,test,2.3242826,2.2757854,2.143015,1.9819834
mb-10429,test,2.071882,1.889302,1.50515,1.5724211
mb-05401,test,1.748188,1.7246058,1.6127839,1.5557957
mb-05486,test,1.9493899,1.8793882,1.6434526,1.5765334
mb-04795,test,1.908485,2.0069191,1.6532125,1.7077693
mb-05534,test,1.5185139,1.3651209,1.2552725,1.2401164
mb-05713,test,2.2227166,2.199706,1.8512584,1.838162
mb-02679,test,1.8573326,1.8192718,1.4313638,1.4133108
mb-05207,test,2.3996737,2.3534398,2.0934217,2.0056517
mb-01750,test,1.968483,1.9750307,1.7781513,1.7670817
mb-06168,test,1.9777236,1.9560586,1.4771212,1.4678756
mb-01986,test,2.2528532,2.1799188,1.4313638,1.7069931
mb-05726,test,2.1238515,2.1523027,1.447158,1.4491708
mb-07576,test,2.1038036,2.0537958,1.8260748,1.7953324
mb-07629,test,2.2855573,2.2593691,1.9731278,1.989847
mb-03709,test,1.361728,1.4852294,1.20412,1.3594038
mb-00302,test,1.6532125,1.6280887,1.230449,1.2527181
mb-04158,test,1.7634281,1.8909162,1.6334685,1.6908864
mb-04799,test,2.298853,2.2399502,2.2787535,2.0833342
mb-08884,test,1.2041199,1.2776833,0.845098,0.970043
mb-04831,test,1.8388491,1.9120786,1.748188,1.7594818
mb-05567,test,1.4913617,1.5419998,1.2552725,1.4030282
mb-02454,test,1.9395193,1.9705431,1.7323937,1.6835885
mb-05182,test,2.232996,2.2710066,2.1172712,2.0363061
mb-00580,test,1.8260748,1.910609,1.5563025,1.635164
mb-03051,test,1.5563024,1.6714245,1.50515,1.5611684
mb-04033,test,2.4183013,2.3533058,1.8750613,2.0023925
mb-03854,test,2.161368,2.1728835,1.7403626,1.7515044
mb-06368,test,2.326336,2.3210726,1.968483,1.8161259
mb-04282,test,1.6334685,1.6361824,1.30103,1.2290592
mb-04973,test,2.243038,2.1853645,2.0827854,2.0648124
mb-03099,test,0.7781513,0.3592451,0.47712126,0.30890572
mb-02502,test,1.690196,1.561091,1.0791812,0.89330536
mb-10411,test,2.064458,2.0008807,0.845098,1.3060862
mb-08987,test,2.133539,2.1584911,1.770852,1.800451
mb-07575,test,1.7323937,1.707326,1.5563025,1.4462352
mb-06905,test,1.8388491,1.8208767,1.5185139,1.5125195
mb-07577,test,2.3747485,2.2844977,2.075547,1.9131875
mb-09865,test,1.7323937,1.616947,1.4913617,1.4964364
mb-08633,test,1.146128,1.462093,0.7781513,1.2674145
mb-01062,test,1.146128,1.1462941,0.845098,0.8581084
mb-05578,test,1.5682018,1.643357,1.5563025,1.4832915
mb-07014,test,1.9138138,2.0509522,1.770852,1.903244
mb-02082,test,2.1105897,1.6905259,1.69897,1.521627
mb-08920,test,2.232996,2.1325502,1.7075702,1.7105669
mb-02032,test,2.0413928,2.1082525,1.462398,1.4855278
mb-00775,test,2.3201463,2.3116112,2.2944663,2.217324
mb-00133,test,2.0170333,2.0919254,1.7160033,1.8451715
mb-10324,test,1.9777236,2.0192711,1.20412,1.3489196
mb-06898,test,2.2576785,2.2307994,1.8388491,1.6300535
mb-00804,test,2.1583624,2.0781164,1.8573325,1.7921749
mb-02491,test,2.2380462,2.1960843,1.9444827,1.9748992
mb-00552,test,2.0569048,2.21461,1.690196,1.6789705
mb-01542,test,0.90308994,1.0579747,0.845098,0.804979
mb-05085,test,2.4456043,2.3588,2.133539,2.0021117
mb-05088,test,1.7993405,1.8039027,1.5910646,1.6301347
mb-10766,test,1.90309,1.4812999,1.39794,1.0084754
mb-01290,test,2.0827854,2.1180437,1.8573325,1.8516865
mb-07509,test,2.143015,1.8692214,1.60206,1.7313954
mb-01619,test,2.5301998,2.3744617,2.307496,2.1290214
mb-03124,test,2.340444,2.125825,1.94939,1.7558722
mb-07830,test,1.5682018,1.4695265,1.2552725,1.0981199
mb-03843,test,2.2966652,2.2914493,2.0569048,2.0255127
mb-06924,test,2.313867,2.3522592,1.9637878,1.905387
mb-06506,test,2.2148438,2.2104564,1.8920946,1.8441322
mb-09719,test,2.143015,2.1801088,1.7781513,1.7976266
mb-09452,test,1.6334685,1.7390766,1.230449,0.9762985
mb-02396,test,0.69897,0.9644649,0.30103,0.67638457
mb-06748,test,2.045323,1.9300485,1.50515,1.3765268
mb-07490,test,2.0374265,1.9713266,1.7558749,1.8326161
mb-07240,test,2.0569048,2.0613995,1.8260748,1.889255
mb-02923,test,1.0413927,1.5676675,1.3222193,1.4050943
mb-02931,test,1.3424226,1.3345888,1.0791812,1.0092354
mb-09454,test,2.4031205,2.3591962,2.0606978,2.0261207
mb-09847,test,1.6434528,1.777165,1.20412,1.3638434
mb-05881,test,2.143015,2.0201578,1.8633229,1.6756984
mb-02190,test,0.69897,0.756791,0.30103,0.40743375
mb-08476,test,1.9084849,1.8981017,1.5910646,1.4577363
mb-01761,test,2.139879,2.2204714,1.9294189,1.9392023
mb-02255,test,1.80618,1.7962754,1.5563025,1.5219157
mb-02156,test,1.7993405,1.8407418,1.447158,1.4595912
mb-02866,test,1.9590414,1.9249015,1.447158,1.5315509
mb-10594,test,1.8325089,1.8398576,1.3424227,1.241355
mb-10668,test,1.8573325,1.9408689,1.0791812,1.2361677
mb-04186,test,1.9138138,1.8375676,1.7075702,1.522139
mb-05988,test,2.2253094,2.233615,1.7781513,1.7313781
mb-01875,test,1.8512584,1.8242108,1.6627579,1.6458867
mb-05892,test,1.908485,1.9856832,0.845098,1.3019447
mb-03675,test,2.220108,2.2070673,1.819544,1.8389715
mb-10725,test,1.8633229,1.9735316,1.2552725,1.2589389
mb-01077,test,1.6232493,1.6484149,1.1139433,1.0803086
mb-04543,test,1.4313637,1.5866076,1.3222193,1.3498677
mb-01267,test,1.9867718,1.8411288,1.4149734,1.4359972
mb-10964,test,2.1367207,2.1518385,1.5682018,1.4977227
mb-08070,test,1.9190781,2.0149317,1.7853298,1.8011476
mb-01604,test,0.90309,0.9347385,0.69897,0.6039225
mb-10147,test,2.3820171,2.2822683,2.1139433,1.9903922
mb-02139,test,1.8260748,1.8951164,1.5185139,1.4767482
mb-02946,test,1.9344985,2.0163524,1.5440681,1.6846528
mb-04611,test,1.819544,1.7883297,1.6127839,1.6366392
mb-10432,test,2.2741578,2.3166528,1.8633229,1.9619267
mb-02713,test,2.2068257,2.1900187,1.8388491,1.7872182
mb-10973,test,1.6989701,1.645098,1.1139433,1.3310266
mb-00213,test,1.4771214,1.2408102,0.69897,1.0002089
mb-01069,test,1.6627579,1.8075893,1.50515,1.2315042
mb-06132,test,2.350248,2.2457714,1.7075702,1.7326229
mb-04673,test,2.1461282,2.239581,1.230449,1.2605497
mb-00225,test,1.8512583,1.9470347,1.3802112,1.5979575
mb-08837,test,1.4313638,1.4472107,1.146128,1.1627834
mb-02790,test,1.6127839,1.6778873,1.4313638,1.4965128
mb-10470,test,1.6127839,1.6838819,1.4913617,1.4716828
mb-00130,test,1.7993406,1.7885766,1.3424227,1.3418521
mb-06331,test,2.2329962,2.2421446,1.8976271,1.9009227
mb-01331,test,1.9542425,2.0616355,1.7160033,1.6377978
mb-03155,test,1.94939,1.9088613,1.7781513,1.7010729
mb-00638,test,1.5440681,1.4682955,1.30103,1.2509499
mb-08783,test,1.929419,2.0131216,1.4149734,1.7448931
mb-04473,test,0.7781513,0.8084557,0.60206,0.5983819
mb-08096,test,2.0128372,2.1241565,1.7242758,1.9488746
mb-00362,test,1.80618,1.7633979,1.6532125,1.4691367
mb-08445,test,2.1958997,2.132476,1.8976271,1.8204255
mb-09106,test,2.1461282,2.0629373,1.5563025,1.4449518
mb-05387,test,1.7403628,1.6729538,1.5440681,1.5537351
mb-05320,test,1.6720978,1.532175,1.5797836,1.421296
mb-06047,test,2.3053513,2.3095934,2.0374265,1.9444599
mb-03174,test,2.2405493,2.1601026,2.0413928,2.0813112
mb-00271,test,1.9190781,2.036422,1.5797836,1.4772837
mb-05161,test,2.143015,1.922452,1.7993406,1.6487294
mb-03775,test,2.4149733,2.4161716,2.1846914,2.0803785
mb-00825,test,1.724276,1.7858322,1.5563025,1.5703666
mb-05975,test,1.9190781,1.9700018,1.1760913,1.1825485
mb-05063,test,2.064458,2.0496404,1.8129133,1.4268533
mb-04188,test,2.1875207,2.1971936,1.8573325,1.7089964
mb-05051,test,1.9590414,1.9717239,1.1139433,1.0756772
mb-08415,test,1.8260748,1.8495457,1.5563025,1.6420964
mb-00614,test,2.2068257,2.145251,1.8692317,1.8210262
mb-04234,test,1.462398,1.6434149,1.2552725,1.3765486
mb-08867,test,2.130334,2.152361,1.5440681,1.5742428
mb-05644,test,1.8388491,1.860333,1.230449,1.1847217
mb-00341,test,1.6812412,1.678905,1.447158,1.3969384
mb-00768,test,1.9294189,1.9869721,1.6532125,1.7297685
mb-05588,test,1.6334684,1.6727438,1.447158,1.4883205
mb-08619,test,2.2900345,2.338751,1.9590414,2.0129561
mb-00770,test,1.4771214,1.5127572,1.30103,1.2993366
mb-04805,test,1.80618,1.7793994,1.60206,1.5839584
mb-08389,test,1.7323937,1.8198946,1.146128,1.3662888
mb-01571,test,1.7708521,1.7684889,1.4913617,1.3608606
mb-00854,test,1.9590414,1.9791572,1.7242758,1.7165693
mb-09273,test,2.240549,2.1665084,1.7923917,1.8972297
mb-01380,test,1.0791812,1.1935143,0.90309,0.6854805
mb-08896,test,2.5289166,2.3013804,2.376577,2.0768695
mb-01218,test,0.845098,0.7511954,0.69897,0.6231456
mb-07489,test,2.1958997,2.211816,1.8808136,1.8999294
mb-02872,test,1.6334685,1.6511389,1.4913617,1.454772
mb-02065,test,2.303196,2.3017523,2.0128372,2.0704308
mb-01301,test,1.9084849,1.9021556,1.5185139,1.6360848
mb-09437,test,2.2855573,2.353413,1.8633229,1.9954122
mb-04422,test,2.230449,2.2078986,2.1931245,2.1095767
mb-01248,test,2.1903317,2.1159778,1.9542425,1.9106343
mb-03744,test,1.690196,1.8055812,1.5910646,1.498216
mb-05005,test,2.0128372,1.9668188,1.7923917,1.7915231
mb-09093,test,2.1038036,2.0843263,1.968483,1.8909215
mb-06910,test,2.1139433,2.1646614,1.9867717,1.8964907
mb-00806,test,2.2278867,2.2625155,1.8920946,1.9019064
mb-04637,test,1.2787536,1.4234121,1.146128,1.224838
mb-05191,test,1.7853298,1.7457851,1.230449,1.0976685
mb-08766,test,1.80618,1.9841288,1.2787536,1.4898132
mb-01555,test,2.1818435,2.1262314,1.9190781,1.8051643
mb-03930,test,1.9242792,1.8936832,1.690196,1.622773
mb-07858,test,1.8692317,1.8140249,1.6720978,1.4134595
mb-02736,test,1.748188,1.669542,1.3424227,1.2560091
mb-00920,test,1.7923918,1.7854315,1.146128,1.5280147
mb-06028,test,2.0211892,1.9563452,1.5185139,1.5996822
mb-06917,test,1.748188,1.7751536,1.5910646,1.630487
mb-09207,test,2.220108,2.085579,1.94939,1.859452
mb-01306,test,2.2227163,2.1362364,1.9542425,1.8807237
mb-00224,test,1.5682018,1.5149722,1.3424227,1.3279657
mb-10235,test,2.130334,2.1367097,1.5563025,1.7557904
mb-10028,test,1.3617278,1.4373548,1.146128,1.1611974
mb-10854,test,2.2013972,2.0486383,1.8692317,1.7818336
mb-04670,test,1.5563024,1.6296083,1.0791812,1.1102271
mb-01291,test,2.10721,2.0587807,1.8692317,1.7615788
mb-02632,test,2.2878017,2.2162724,2.0863597,2.0198574
mb-07208,test,1.968483,1.9865515,1.7323937,1.760704
mb-09183,test,2.209515,2.1619296,1.6812413,1.7428012
mb-05732,test,1.8388491,1.8170501,1.50515,1.4275529
mb-02482,test,1.5051501,1.4869242,1.1760913,1.1678656
mb-10351,test,2.4014006,2.2496674,1.690196,1.9616704
mb-06015,test,1.7075702,1.6924942,1.4771212,1.3854668
mb-05043,test,2.2121878,2.1717281,1.9242793,1.8727074
mb-07901,test,1.9867717,1.973734,1.8573325,1.8071665
mb-09352,test,2.220108,2.067801,2.0293837,1.861347
mb-06467,test,2.3180633,2.319005,1.39794,1.914202
mb-09167,test,1.4913617,1.9748651,1.462398,1.3506552
mb-03430,test,1.5682018,1.5143003,1.2552725,1.2401303
mb-03756,test,2.1038036,2.0555742,1.9190781,1.9003624
mb-09950,test,2.25042,2.2853746,1.7781513,1.8819041
mb-07102,test,1.2041199,0.7801123,0.845098,0.661327
mb-02051,test,2.2878017,2.3077893,1.763428,1.8181646
mb-03701,test,1.5563025,1.6948692,1.2552725,1.3430352
mb-03676,test,2.209515,2.1805563,1.5682018,1.7229759
mb-07343,test,1.6334685,1.6626308,1.2787536,1.3405077
mb-10119,test,2.2479734,2.239183,2.0086002,2.0327697
mb-03598,test,1.6720979,1.6271808,1.6127839,1.5158507
mb-09708,test,2.161368,2.15994,1.8864907,1.8310046
mb-00671,test,1.2552725,1.3308806,0.60206,1.0811913
mb-00832,test,2.346353,2.2897902,2.2013972,2.1810591
mb-00784,test,2.457882,2.3012,2.2900345,2.2674894
mb-07686,test,1.5563025,1.58556,1.1139433,1.3796189
mb-00077,test,2.161368,2.13379,1.8129133,1.8100052
mb-05104,test,2.5105448,2.6473966,2.3053513,2.3243325
mb-03374,test,2.307496,2.3249793,1.8260748,1.800224
mb-08716,test,2.1238515,1.9802351,1.8129133,1.7844485
mb-07339,test,1.9542425,2.0319133,1.230449,1.3210312
mb-09692,test,2.09691,2.1955035,1.7993406,1.8180319
mb-04430,test,1.5910647,1.5466005,1.230449,1.2507855
mb-09146,test,1.7558749,1.6205968,1.5563025,1.3969104
mb-02869,test,1.8864907,1.8679532,1.5797836,1.4776723
mb-01802,test,1.9867717,1.9224442,1.5185139,1.4912925
mb-10494,test,1.462398,1.2928451,1.230449,1.0763416
mb-01191,test,2.326336,2.315525,2.0569048,2.0360117
mb-09524,test,2.2900345,2.3225267,2.045323,2.147411
mb-03394,test,2.3502479,2.3908355,2.1038036,2.0823617
mb-06197,test,1.6627579,1.5936288,1.4771212,1.4268774
mb-00863,test,1.7160034,1.6906697,1.5682018,1.4970747
mb-09760,test,2.1760912,2.3035636,1.9731278,2.2608786
mb-05560,test,2.089905,2.0970757,1.8864907,1.8713661
mb-06609,test,1.7853298,1.7447377,1.3222193,1.2276678
mb-03510,test,1.8129134,1.8698016,1.20412,1.1672686
mb-05172,test,2.0334237,2.1125705,1.6232493,1.5497308
mb-10602,test,2.0530784,2.1137507,1.5314789,1.5733304
mb-02719,test,1.6720979,1.6987668,1.3802112,1.3873597
mb-10230,test,2.421604,2.3273215,2.0681858,1.9738777
mb-10019,test,1.7853298,1.9939853,1.3424227,1.8793352
mb-01214,test,1.991226,1.998178,1.6720978,1.6910807
mb-08996,test,1.724276,1.7538512,1.5682018,1.5041828
mb-02443,test,2.214844,2.2023642,2.1003706,2.0913453
mb-04300,test,1.9242792,1.9645789,1.7403626,1.6475421
mb-10233,test,2.049218,1.9197905,1.8129133,1.6115807
mb-09874,test,1.8864908,1.7880577,1.4913617,1.4238349
mb-01607,test,2.3483047,2.274104,2.0211892,1.8910916
mb-10867,test,1.8692317,1.838186,0.845098,1.3425785
mb-03993,test,2.1731863,2.138064,1.6232493,1.654864
mb-03152,test,1.6989701,1.7693639,1.230449,1.5655328
mb-00688,test,1.845098,1.9810089,1.6232493,1.6949848
mb-04752,test,1.9822712,2.0077863,1.3802112,1.7727551
mb-03472,test,1.6434528,1.6553391,1.1760913,1.1163179
mb-05745,test,2.025306,2.0657861,1.1760913,1.2802246
mb-00974,test,2.2600715,2.2646627,1.908485,1.8505738
mb-08175,test,2.2810333,2.2918274,1.9912261,2.0634303
mb-04968,test,2.1673174,2.2078936,1.8573325,1.8438853
mb-03876,test,2.5276299,2.348822,2.4313638,2.1648064
mb-08044,test,2.2278867,2.1407828,2.0043213,1.9393287
mb-09339,test,1.6020601,1.5510296,1.230449,1.3370563
mb-07617,test,1.4913616,1.4173976,1.3222193,1.3030561
mb-06665,test,1.9294189,2.044724,1.3802112,1.7656437
mb-03419,test,2.201397,2.1152215,1.5314789,1.4355
mb-01639,test,1.9542426,1.9427943,1.6334685,1.6538721
mb-04289,test,1.3222194,1.2801925,1.230449,1.1497923
mb-06313,test,1.6434526,1.6668031,1.4149734,1.2253044
mb-10123,test,1.7403626,1.5472021,1.50515,1.2704263
mb-06767,test,1.8512584,1.8306261,1.146128,1.009891
mb-07101,test,1.6334685,1.6147119,1.39794,1.2973987
mb-09872,test,2.1003704,1.9972969,1.748188,1.1286727
mb-02074,test,2.0934217,2.0840034,1.9344984,1.8919659
mb-03818,test,2.230449,2.2620497,2.0569048,2.1223836
mb-08073,test,1.968483,1.9238935,1.3424227,1.3804493
mb-09337,test,2.3159704,2.3000531,1.9637878,1.9889505
mb-10756,test,2.4742165,2.4507213,2.1958997,2.118035
mb-02693,test,1.748188,1.6938093,1.4149734,1.3145531
mb-02504,test,2.2624512,1.7818406,1.1139433,1.3481213
mb-05788,test,2.3384564,2.360336,2.045323,2.0133252
mb-07564,test,2.1430147,2.0783134,1.770852,1.8675662
mb-03223,test,1.80618,1.8441699,1.6127839,1.6617384
mb-03117,test,2.049218,1.9959826,1.690196,1.6723357
mb-01949,test,1.908485,1.766743,1.462398,1.232755
mb-03530,test,1.8512583,1.827271,1.5314789,1.6549346
mb-06293,test,2.365488,2.3644466,1.80618,2.0463207
mb-02385,test,2.3159704,2.3418272,2.0,2.0148752
mb-05750,test,2.029384,2.065775,1.2787536,1.4769762
mb-08666,test,2.1673174,2.1730456,1.8388491,1.8172939
mb-00190,test,2.064458,2.0427182,1.8573325,1.9028454
mb-10365,test,1.3010299,1.352588,1.0791812,1.1869502
mb-03342,test,1.9822712,2.0335903,1.6720978,1.7156337
mb-09155,test,2.1931245,2.2027714,1.7558749,1.7808607
mb-00717,test,1.1139433,0.4920822,0.90309,0.43322802
mb-09268,test,1.30103,1.3392965,0.90309,0.8793998
mb-00793,test,1.7993406,1.828816,1.2787536,1.232553
mb-06709,test,2.4440448,2.395509,1.9867717,2.070623
mb-04491,test,1.9731278,1.7619684,1.819544,1.6395339
mb-03028,test,2.3598356,2.2902236,2.164353,1.9972816
mb-07314,test,1.9912261,2.0341413,1.50515,1.5419266
mb-08230,test,1.5051501,1.5079744,1.230449,1.236267
mb-03998,test,1.9637878,1.9528403,1.7558749,1.6728513
mb-00249,test,2.2810335,2.3249977,1.8976271,2.1585982
mb-04737,test,1.8864908,1.9095118,1.2787536,1.3895245
mb-04203,test,1.5440681,1.6286691,1.1760913,1.3245516
mb-03389,test,2.2479732,2.1887617,1.8976271,1.9315746
mb-06588,test,1.6434528,1.7427889,1.462398,1.5592594
mb-00197,test,1.9956352,2.0520673,1.5910646,1.799941
mb-02593,test,2.2552724,2.2219853,2.049218,2.015238
mb-09175,test,2.1105897,2.0778368,1.7242758,1.7284786
mb-00154,test,1.8260748,1.7405448,1.5314789,1.5828087
mb-07513,test,2.0492182,1.9299234,1.462398,1.3763611
mb-02538,test,1.9395193,1.9710586,1.30103,1.307208
mb-01980,test,1.7403628,1.8084157,1.5563025,1.3433437
mb-04873,test,2.2741578,2.1109111,2.0863597,1.9669437
mb-07400,test,2.230449,2.1118267,2.0413928,1.8982017
mb-04380,test,2.0681858,2.1151748,1.8976271,1.9739286
mb-09827,test,2.0569048,1.9591511,1.7993406,1.7127132
mb-10631,test,2.149219,2.1964443,1.8920946,1.8618119
mb-02782,test,2.0170333,2.0298014,1.763428,1.7715625
mb-00984,test,2.3673558,2.3540053,1.9731278,1.9710805
mb-01646,test,1.0413927,1.0516306,0.69897,0.73443395
mb-04820,test,0.30103,-0.081104815,0.0,-0.09224105
mb-04811,test,1.9444827,1.9423578,1.7323937,1.7068887
mb-10065,test,1.3802112,1.4672364,1.230449,1.151801
mb-05569,test,1.9444827,1.9552597,1.3617278,1.4285214
mb-07673,test,1.90309,2.1026733,1.5797836,1.7353942
mb-05989,test,2.2900345,2.3334267,1.9590414,1.9530183
mb-09852,test,1.6627578,1.5948853,1.3222193,1.3289645
mb-05249,test,1.8388492,1.8094051,1.4313638,1.3370149
mb-07126,test,1.3010299,1.7313287,1.1139433,1.2998017
mb-09347,test,1.8325088,1.8249006,1.3222193,1.5161208
mb-05056,test,1.7160034,1.7594533,1.2552725,1.3049548
mb-10628,test,2.2624512,2.0461273,1.5314789,1.5677677
mb-05233,test,2.3483047,2.333268,2.0334237,2.0218904
mb-06254,test,1.8512583,1.8089541,1.0413927,1.1769156
mb-06031,test,1.3222193,1.2778723,1.0,1.0753398
mb-09109,test,2.0043213,1.9958128,1.447158,1.459409
mb-06732,test,1.5563025,1.4019926,1.4313638,1.1865735
mb-05759,test,1.9542425,2.0069783,1.3617278,1.3704805
mb-01050,test,1.6989701,1.6249104,1.2552725,1.1750232
mb-03506,test,0.69897,0.27359995,0.60206,0.07069433
mb-04263,test,2.3838155,2.2477262,2.2380462,2.1787186
mb-06986,test,1.7923918,1.849664,1.2787536,1.4659104
mb-08519,test,2.1105897,1.963173,1.7781513,1.6401974
mb-01678,test,2.1731863,2.161397,1.763428,1.5698951
mb-07357,test,2.2648177,2.2225344,1.9138138,1.8936117
mb-07147,test,0.95424247,0.9586322,0.30103,0.62510234
mb-09208,test,2.0791812,2.0675645,1.5314789,1.5652571
mb-09331,test,2.0413926,2.062607,1.6434526,1.6371174
mb-06640,test,2.3304136,2.2859323,2.2718415,2.237218
mb-04849,test,2.1846914,2.170304,1.8260748,1.8889408
mb-03451,test,1.6127838,1.7309446,1.4771212,1.5727559
mb-02645,test,1.8750613,1.8146019,1.4149734,1.3311892
mb-09580,test,1.230449,1.0757208,0.9542425,0.7839966
mb-00202,test,1.6232493,1.693413,1.2552725,1.3456376
mb-04736,test,2.0086002,2.0471735,1.5440681,1.7227602
mb-02162,test,1.5314789,1.5658576,1.1139433,1.2798707
mb-04530,test,1.8388491,1.791403,1.690196,1.6451688
mb-04548,test,2.3747482,2.3695304,1.7242758,1.9233316
mb-01990,test,1.5440681,1.5506939,1.20412,1.2779937
mb-08004,test,1.7323937,1.7014878,1.3617278,1.3004055
mb-10136,test,1.4913617,1.6070687,0.9542425,1.3250355
mb-00364,test,1.7923917,1.861805,1.5314789,1.4938745
mb-08032,test,1.0413928,1.2501991,1.30103,1.0697391
mb-07079,test,1.4313638,1.2553477,1.1139433,0.93971777
mb-03913,test,2.4048338,2.3717237,2.09691,2.019727
mb-00966,test,2.20412,2.1577573,1.7923917,1.8439518
mb-01828,test,2.3856063,2.444543,2.049218,2.1154938
mb-09822,test,2.1172712,2.1271317,1.7853298,1.847399
mb-08932,test,1.9956353,2.0124142,1.4149734,1.4376487
mb-03900,test,2.1846914,2.1653333,1.8808136,1.8536932
mb-06996,test,1.6812413,1.6749053,1.39794,1.2931592
mb-09789,test,2.045323,1.7857416,1.5910646,1.5198593
mb-00391,test,1.9822712,1.9457703,1.763428,1.6340015
mb-10002,test,1.845098,1.8782544,1.60206,1.4675142
mb-02747,test,1.5563025,1.5899034,1.4313638,1.4667717
mb-07206,test,2.0043213,2.0068784,1.8633229,1.885272
mb-06645,test,1.7853298,2.232972,1.7323937,1.9717876
mb-01500,test,2.4048338,2.3488119,2.0606978,1.9932228
mb-10428,test,1.8388491,1.759621,1.5563025,1.492362
mb-01484,test,2.1731863,2.0575428,1.8129133,1.8032755
mb-02983,test,1.9190781,1.9658085,1.4913617,1.6102166
mb-03373,test,2.2121875,2.2938738,1.7853298,1.9388342
mb-05878,test,2.39794,2.4035134,2.0934217,2.0843751
mb-08195,test,1.5440681,1.5218325,1.2787536,1.2467788
mb-00466,test,2.2552724,2.2743204,1.9138138,1.9447213
mb-10426,test,1.6334684,1.8628633,1.5185139,1.5785259
mb-02832,test,1.8129134,1.5578858,1.5440681,1.1069788
mb-07112,test,2.0211892,2.0689054,1.6812413,1.7607406
mb-06090,test,2.1673174,2.1501431,1.7923917,1.7419748
mb-10802,test,2.2718415,2.3839517,1.6627579,2.082502
mb-00878,test,1.9190781,1.8852304,1.2787536,1.2563471
mb-00728,test,1.8061799,1.6658832,1.447158,1.3879852
mb-09397,test,2.2278867,2.2438064,0.7781513,1.542681
mb-00995,test,2.0827854,1.9609019,1.7781513,1.4906194
mb-06938,test,1.6989701,1.7078671,1.1760913,1.2184312
mb-00824,test,2.2013972,2.2151031,2.1003706,2.080275
mb-00933,test,1.6989701,1.6958807,1.462398,1.3752521
mb-08082,test,1.9777236,1.7872931,1.819544,1.5430714
mb-09963,test,1.9395193,2.0330834,1.30103,1.7210256
mb-10282,test,1.819544,1.7817727,1.3617278,1.2439427
mb-02327,test,1.7781513,1.7985047,1.462398,1.4965616
mb-05475,test,1.9493899,2.0565453,1.69897,1.7397996
mb-09105,test,2.294466,2.247301,2.045323,1.9532131
mb-07124,test,2.0,2.0890145,1.8920946,1.9979581
mb-03157,test,1.0791812,1.0933064,0.90309,0.876809
mb-10176,test,2.1271048,1.9601417,1.5682018,1.59408
mb-04675,test,0.9542425,1.3328707,0.60206,0.841144
mb-05530,test,1.9084849,1.8808688,1.3802112,1.4253914
mb-07693,test,1.6812413,1.7397311,1.5682018,1.6238012
mb-06184,test,1.6434526,1.6686932,1.39794,1.4625136
mb-09685,test,2.313867,2.3708863,2.0791812,2.0733018
mb-02120,test,1.8750613,1.902811,1.230449,1.2957016
mb-08208,test,1.7075701,2.0234118,1.7403626,1.7690748
mb-06668,test,1.3424227,1.219239,1.1760913,1.0239005
mb-00526,test,0.84509796,1.6777602,1.6720978,1.5624888
mb-08512,test,0.9542425,1.2274338,0.9542425,0.9223635
mb-03241,test,2.0374265,2.1188657,1.7075702,1.6577226
mb-03735,test,2.0253057,1.9755373,1.7323937,1.7545152
mb-02560,test,1.8692317,1.8282938,1.3802112,1.4129428
mb-02541,test,2.1522882,2.1144762,1.6720978,1.6613996
mb-01810,test,2.1673174,2.2018738,1.763428,1.7884029
mb-01853,test,2.3201463,2.3566518,1.9395193,2.009358
mb-08173,test,2.20412,1.8417552,1.6434526,1.4419515
mb-08907,test,2.1105897,2.1807144,1.80618,1.4454664
mb-05966,test,2.3384564,2.347999,1.8864907,1.8824933
mb-00760,test,1.9493899,1.9396703,1.7242758,1.6575441
mb-04841,test,2.1430147,2.1685472,1.7160033,1.741922
mb-05655,test,2.161368,2.1771457,1.7242758,1.6728637
mb-01759,test,1.6532125,1.5755448,1.39794,1.1979611
mb-04658,test,2.1038036,2.0675125,1.90309,1.8731273
mb-05390,test,1.8512583,1.8400021,1.5185139,1.5624297
mb-08007,test,1.8129134,1.8611451,1.5440681,1.651983
mb-07291,test,2.2810333,2.2073822,1.90309,1.8611212
mb-04133,test,1.1139433,1.3948783,0.69897,1.0022644
mb-03345,test,1.4149733,1.4651904,0.845098,0.9999572
mb-01308,test,2.10721,1.9782318,1.69897,1.6359051
mb-07813,test,2.0791812,1.9775839,1.5797836,1.4200405
mb-00559,test,1.0791813,1.3689531,0.47712126,0.9002049
mb-01040,test,2.1367207,2.1535783,1.230449,1.4627235
mb-00481,test,1.8388491,1.7010872,1.6232493,1.4543456
mb-03762,test,2.0086002,2.0146842,1.9138138,1.9094214
mb-01060,test,2.0827854,1.8652754,1.819544,1.6061224
mb-04980,test,2.1303337,2.1835814,1.7403626,1.7045722
mb-07392,test,0.7781513,0.99207926,0.47712126,0.64351624
mb-09795,test,2.217484,1.9687217,1.8260748,1.568199
mb-10697,test,1.2552725,1.2638112,1.1139433,1.1430168
mb-06777,test,2.2068257,2.1867461,1.8129133,1.8346357
mb-03579,test,1.9395193,1.8421454,1.4313638,1.480485
mb-02353,test,2.30103,2.2828972,1.9190781,1.810976
mb-07125,test,1.7558749,1.7931856,1.60206,1.6484061
mb-06154,test,2.0086002,2.0035272,1.4149734,1.2430664
mb-00956,test,2.3201463,2.2201881,1.9912261,1.937218
mb-06278,test,2.2355285,2.2900684,1.94939,1.9766226
mb-00699,test,1.7781513,1.7654799,1.6334685,1.5946894
mb-03436,test,2.4409091,2.513218,2.1731863,2.1872928
mb-09687,test,2.1731863,2.1600037,1.39794,1.5806977
mb-05917,test,2.133539,2.1439188,1.6812413,1.717702
mb-10229,test,1.3222193,2.048791,1.7323937,1.716602
mb-09762,test,0.47712126,0.48199487,0.0,0.0066292286
mb-02403,test,1.5440681,1.6323155,1.4149734,1.4969877
mb-08152,test,1.6232493,1.7929127,1.447158,1.3982955
mb-07869,test,1.9777236,1.8628045,1.845098,1.6687962
mb-08754,test,2.4313638,2.348538,2.1958997,2.0306845
mb-07022,test,2.0170333,2.127281,1.8388491,1.8920658
mb-06863,test,2.3344538,2.2909617,1.94939,2.0437465
mb-02590,test,1.9242793,1.7527418,1.3424227,1.2658013
mb-06981,test,1.7781513,1.7775958,1.4149734,1.3595614
mb-01930,test,1.748188,2.1764784,1.8388491,1.9651585
mb-00951,test,1.4471581,1.6697236,1.2787536,1.3802414
mb-10640,test,1.9444827,1.9072647,1.6627579,1.6289958
mb-00117,test,1.6627578,1.611464,1.447158,1.4236466
mb-01202,test,1.1760912,1.456153,1.0791812,1.2656221
mb-05949,test,1.5682018,1.553573,1.2787536,1.1111375
mb-09914,test,2.2405493,2.3408833,2.0170333,2.042867
mb-00395,test,1.4149734,1.395154,1.2552725,1.2902515
mb-01342,test,2.130334,2.1428778,1.9395193,1.9518923
mb-10219,test,2.1398792,2.124085,1.5563025,1.6006148
mb-10150,test,2.1461282,2.1582322,1.6232493,1.8219486
mb-05941,test,2.209515,2.2123337,1.8388491,1.8536577
mb-07494,test,0.90309,1.10585,0.60206,0.9030218
mb-04197,test,2.1903317,2.1247134,1.7160033,1.7730194
