material_id,split,true_log10_K,pred_log10_K,true_log10_G,pred_log10_G
mb-10132,train,2.0530784,2.045521,1.60206,1.5762259
af-0d38a416d508,train,1.7197919,1.7914115,1.2773249,1.1302783
mb-05426,train,1.8692317,1.8727419,1.447158,1.3837961
mb-00990,train,2.130334,2.0333862,1.8920946,1.7858208
mb-10593,train,2.0863597,2.084659,1.7323937,1.704801
af-f89e741dc545,train,1.9544837,1.837743,1.2840583,0.98716366
mb-03555,train,1.7853298,1.8082792,1.60206,1.6232932
mb-09003,train,1.4913617,1.7983868,0.9542425,1.2275233
af-19c353e662a4,train,1.3802112,1.3207194,1.1612332,1.0449624
mb-03650,train,1.80618,1.7244859,1.5314789,1.3738096
mb-09845,train,1.7160033,1.6285307,1.3802112,1.2689708
mb-00096,train,1.146128,1.3384743,0.9542425,1.1030414
mb-09124,train,2.1238518,2.107536,1.4149734,1.5322876
mb-08139,train,2.3944516,2.4202018,2.0211892,2.1477818
mb-00527,train,1.7160033,1.6757402,1.3617278,1.3027856
mb-05470,train,2.09691,2.10423,1.770852,1.8837132
mb-05246,train,2.502427,2.4056988,1.8573325,2.0855339
mb-07288,train,2.376577,1.9796727,2.0934217,1.6865718
mb-00051,train,1.968483,1.9235554,1.7242758,1.6691408
mb-03495,train,2.029384,2.0371847,1.94939,1.8760116
mb-08143,train,2.2624512,2.2469113,2.075547,1.9699062
mb-07194,train,2.4424796,2.4516997,2.4116197,2.3903644
af-c95606e8cb3c,train,1.941401,1.7031193,1.2012441,1.1137533
mb-00023,train,1.50515,1.5412573,1.3617278,1.3982465
mb-00904,train,2.1731863,2.148704,1.9242793,1.8799607
mb-08514,train,2.3117537,2.342801,2.0211892,2.0071867
mb-03919,train,2.283301,2.3146815,1.9867717,1.9805216
mb-02603,train,1.146128,1.1894737,0.7781513,0.7911856
mb-01107,train,1.39794,1.3901832,1.146128,1.0896525
mb-00694,train,1.3222194,1.2563384,0.9542425,1.0253849
mb-10211,train,1.9867718,2.029541,1.7075702,1.7902534
mb-01593,train,2.1398792,2.0478206,1.7993406,1.752784
mb-09425,train,1.5185139,1.1745114,1.2787536,0.8925384
mb-04986,train,1.8195438,1.8177857,1.5797836,1.4984707
mb-03966,train,1.9242792,1.9415818,1.763428,1.7212031
mb-00143,train,2.0253057,1.9953234,1.748188,1.7149875
mb-04985,train,1.9956352,1.9790137,1.7853298,1.780636
mb-06322,train,1.8692317,1.8336623,1.690196,1.673269
mb-07362,train,1.9444827,1.9573846,1.6532125,1.6737242
mb-06301,train,1.9590415,1.934598,1.4313638,1.4129578
mb-07210,train,1.4313638,1.4125315,0.9542425,0.9874321
mb-10864,train,1.8195438,1.985126,1.5314789,1.7321537
af-0d80a637c412,train,0.6494429,1.1658528,0.43504605,0.88131934
mb-03339,train,2.0,2.0009022,1.690196,1.6408389
mb-02858,train,2.346353,2.2009532,1.9637878,1.8140135
mb-07435,train,1.0,1.1017079,0.7781513,0.8225944
mb-09764,train,2.1760912,2.216029,1.7923917,1.8193538
mb-02574,train,1.1760913,1.2267448,1.146128,1.0684674
af-483cf5477e34,train,1.050078,1.1464481,0.6957863,0.83931446
mb-09562,train,1.4313638,1.4528799,1.146128,1.1846652
mb-02500,train,1.1760913,1.5338297,0.90309,1.2196318
mb-04724,train,1.8864908,1.8969202,1.7993406,1.8539635
mb-08246,train,2.363612,2.4169755,2.045323,2.1354203
mb-05938,train,2.2787535,2.2131624,1.9294189,1.8985023
mb-00399,train,1.3617278,1.3286737,1.146128,1.1017648
mb-09505,train,1.8864907,1.9107133,1.690196,1.6904018
mb-03873,train,2.252853,2.1807761,1.9912261,1.862208
mb-00215,train,1.5563025,1.5619965,1.30103,1.269232
mb-10849,train,2.3673558,2.4057152,2.0827854,2.1840487
mb-01407,train,1.7853298,1.720333,1.20412,1.2077922
mb-04323,train,1.5314789,1.5976007,1.3802112,1.4830352
mb-10293,train,2.120574,2.1926522,1.9344984,1.8665649
mb-06060,train,2.462398,2.4123044,2.1105897,2.0956829
mb-08205,train,1.20412,1.3348165,0.90309,0.9890647
mb-05636,train,1.4913617,1.5781295,1.30103,1.4430585
mb-00127,train,2.0934217,2.1737387,2.0,2.098147
mb-04094,train,1.9542425,1.9827077,1.6720978,1.7175051
mb-08161,train,1.544068,1.5721843,1.5185139,1.4232061
mb-09910,train,1.9344985,1.93925,1.4149734,1.3363676
mb-08029,train,1.146128,1.0409586,0.90309,0.81127924
mb-07348,train,1.819544,1.83073,1.5682018,1.5894399
mb-10778,train,0.60205996,1.2397724,1.0,1.1233912
mb-07493,train,2.1903317,2.169613,1.9138138,2.0785246
mb-04721,train,1.8129134,1.8131583,1.4913617,1.4642937
mb-00318,train,2.2121875,2.2623804,2.161368,2.1168795
mb-06502,train,2.2227166,2.265058,1.8920946,1.9514067
mb-10762,train,2.4899585,2.5290685,2.269513,2.236309
mb-10155,train,2.1003706,1.9969062,1.7993406,1.6642863
mb-00087,train,1.6989701,1.5936115,1.39794,1.3291999
mb-05754,train,2.346353,2.3535721,1.9822712,2.0079358
mb-08420,train,1.90309,1.8685606,1.748188,1.6370654
mb-06559,train,2.3541083,2.3722677,2.064458,2.0357904
mb-03938,train,1.7993406,1.8709562,1.3424227,1.2919459
mb-07077,train,1.1760913,1.4250556,0.9542425,1.2060882
mb-01710,train,1.2552725,1.2314432,0.90309,0.90586627
mb-10286,train,2.0681858,1.964256,1.748188,1.6644846
mb-04565,train,1.7708521,1.8054118,1.39794,1.4353209
mb-02901,train,2.045323,1.9555751,1.7242758,1.6572884
mb-01374,train,1.5797836,1.460234,1.5910646,1.405356
mb-10166,train,2.2764618,2.2902107,2.09691,2.0129309
mb-10083,train,2.2718415,2.1701744,1.8260748,1.8618182
mb-03136,train,2.161368,2.1586788,1.9731278,1.9526753
mb-07359,train,1.9294189,1.9490389,1.748188,1.7633333
mb-09977,train,2.1398792,2.0321684,1.3617278,1.5136746
mb-02216,train,1.8864907,2.0921662,1.7160033,1.9237334
af-55d0a6e60c49,train,2.0747726,1.7424281,1.2196761,1.1335465
mb-07879,train,1.4149734,1.5120257,1.20412,1.3426747
mb-10198,train,1.6232493,1.6090363,1.230449,1.2327907
mb-08064,train,1.6812413,1.6479192,1.30103,1.2004651
mb-10348,train,2.2764618,2.1152039,1.8512584,1.6342492
mb-01945,train,1.7781513,1.773967,1.462398,1.4076811
mb-05234,train,2.3560257,2.3520474,1.9956352,2.0122077
mb-06849,train,2.4955444,2.5147154,2.3096302,2.219144
mb-10177,train,1.9190781,1.9723644,1.4913617,1.615449
mb-03888,train,2.4265113,2.3640366,2.198657,2.0454724
mb-01515,train,1.8325089,1.9196445,1.6232493,1.6559457
af-66a8421bcf79,train,2.3998086,2.146696,1.2680933,1.2090517
mb-07139,train,1.9956352,2.0134459,1.8129133,1.8014685
mb-00047,train,2.2718415,2.2438948,1.9444827,1.9598544
mb-03078,train,1.8808136,1.6652409,1.5910646,1.3470075
mb-03107,train,1.7853298,1.7490232,1.5910646,1.4525858
mb-05074,train,1.230449,1.3288499,0.9542425,0.9906256
mb-05414,train,1.9242792,1.94189,1.2552725,1.3427275
mb-09536,train,1.6532125,1.8391255,1.39794,1.4969416
mb-01789,train,2.1931245,2.1768527,1.9138138,1.9128706
mb-08495,train,2.340444,2.3081698,1.9542425,2.0509875
mb-05157,train,1.6434526,1.6540083,1.4771212,1.5304152
mb-07748,train,1.6627579,1.6104022,1.4149734,1.4036323
mb-04885,train,1.90309,1.7876529,1.4771212,1.381816
mb-04042,train,1.60206,1.4409,1.447158,1.306701
mb-04461,train,2.1760912,2.179613,1.8920946,1.8391397
mb-04245,train,1.80618,1.7655442,1.4313638,1.4637719
mb-01681,train,1.7403628,1.7246578,1.39794,1.3357956
af-9ea1dd0d167e,train,1.2320554,1.3096913,0.7818049,0.86753625
mb-02631,train,2.08636,2.0932708,1.8260748,1.8651928
mb-10601,train,1.8864908,1.9610063,1.5440681,1.6478567
mb-09369,train,2.3096302,2.2096803,1.9822712,1.9015768
mb-05551,train,2.4116197,2.3599997,1.9731278,2.0199995
mb-02799,train,1.9956352,2.1501956,1.845098,1.8917984
mb-07603,train,2.3344536,2.2308843,2.161368,2.0710735
mb-04528,train,2.3304138,2.2449229,2.164353,2.0492315
af-90e8a1a980d4,train,2.2220502,1.8835622,1.2331662,1.0890313
mb-10314,train,2.0827854,2.0982885,1.7242758,1.8823066
mb-07132,train,2.2833014,2.202309,1.7323937,1.6364888
af-3a531e5b3aa9,train,1.3204932,1.3285426,1.0965486,1.1210895
af-71a3af02f78e,train,1.4186178,1.4479634,1.2304362,1.091536
mb-06802,train,2.1003704,1.9317224,1.447158,1.4214269
mb-08028,train,1.0791812,1.4293733,1.3617278,1.2385352
af-2122a1339fff,train,1.9614112,1.721381,1.2275165,1.1093745
mb-10539,train,1.9867718,1.8726516,1.3424227,1.3509184
mb-08860,train,1.60206,1.6587898,1.2552725,1.3600017
mb-09976,train,1.3802112,1.4336141,1.146128,1.202753
mb-02933,train,1.361728,1.3778644,1.20412,1.1527009
mb-02730,train,1.8260748,1.6234559,1.4771212,1.2819211
mb-05148,train,2.3222194,2.3030765,1.9344984,1.9733818
mb-07222,train,1.5682018,1.5311139,1.1139433,1.1608937
mb-02104,train,1.361728,1.6808703,1.1760913,1.4191983
mb-07030,train,0.30102998,1.2287667,0.90309,1.091878
mb-01624,train,1.7160034,1.7959113,1.230449,1.3496834
mb-08367,train,1.7558749,1.8039589,1.20412,1.3331867
mb-09681,train,1.5682018,1.5071187,1.4149734,1.4186786
mb-06449,train,2.155336,2.1848829,1.0413927,1.1768056
mb-06372,train,2.3283796,2.3034515,2.0043213,1.9832788
mb-01702,train,2.2855573,2.2801554,1.9956352,2.034339
mb-09677,train,2.307496,2.248647,1.763428,1.7292578
mb-09238,train,2.133539,1.9134338,1.6812413,1.5158559
mb-04779,train,2.326336,2.3011186,2.0934217,2.0245593
mb-03441,train,1.2787536,1.234228,1.1139433,1.0798278
mb-00947,train,2.120574,1.9803619,1.80618,1.6328257
mb-08803,train,1.2552725,1.0972328,1.0,0.84469855
mb-10909,train,2.3521824,2.331075,1.9731278,2.0057817
mb-10484,train,2.08636,2.0942912,1.7075702,1.7561643
mb-09900,train,2.3222194,2.3069663,1.8750613,1.9544427
mb-04064,train,1.6720979,1.6622791,1.5682018,1.5378265
mb-00303,train,2.1702619,2.1186733,1.8260748,1.8015451
mb-06123,train,2.0374265,2.0268922,1.6232493,1.6505316
mb-06138,train,2.3891659,2.372826,2.089905,2.0413153
mb-07624,train,2.0,2.0170233,1.748188,1.68391
mb-06848,train,2.2576785,2.1741393,1.9542425,1.9203873
mb-03994,train,2.2227163,2.2138834,2.1818435,2.0914264
mb-10216,train,2.4471579,2.3915167,2.1172712,2.08358
mb-04130,train,2.0606978,2.0564075,1.6232493,1.5939125
af-55ef006dc02f,train,1.9845526,1.78416,1.1991653,1.0319723
mb-00135,train,0.69897,0.7992468,0.69897,0.6595249
mb-03620,train,1.230449,1.2523117,1.0,1.0865182
mb-02544,train,1.9731278,1.9187974,1.5682018,1.5253333
mb-03399,train,2.0863597,2.0837991,1.8325089,1.7677299
af-8400a768e728,train,1.6300076,1.5778384,1.2137966,1.2384145
mb-03794,train,1.7558749,1.780113,1.462398,1.4058189
mb-07959,train,1.9912262,2.0233624,1.7993406,1.8019985
mb-09688,train,1.5797837,1.5316222,1.39794,1.2665519
mb-03642,train,1.9822712,1.9287798,1.8573325,1.6614405
mb-03718,train,1.9242792,1.964938,1.447158,1.5895581
mb-04418,train,1.9138138,1.8195522,1.5797836,1.4760343
mb-05500,train,0.9542425,0.9884995,0.69897,0.69516295
mb-04627,train,1.7993405,1.8699644,1.3222193,1.4277571
mb-10250,train,1.8512584,1.9122478,1.6232493,1.6099904
mb-02035,train,2.2648177,2.2207568,1.8692317,1.7596314
mb-10089,train,1.6434528,1.6159862,1.30103,1.2354572
mb-04308,train,1.6720979,1.7480932,1.5440681,1.5843843
mb-00662,train,1.7993406,1.8024225,1.4313638,1.4939324
mb-05215,train,1.8195438,1.75447,1.5797836,1.4607402
mb-00900,train,1.4471581,1.3995875,1.1760913,1.123112
mb-09731,train,2.2013972,2.111152,1.6627579,1.6678786
mb-08697,train,1.6020601,1.7049783,1.146128,1.20958
mb-08344,train,2.0934217,2.0653796,1.50515,1.5482165
mb-01911,train,2.0791812,2.0082486,1.9344984,1.7880232
mb-10503,train,2.230449,2.1120784,1.90309,1.8260566
mb-01942,train,1.94939,1.9541925,1.230449,1.2821351
mb-09999,train,2.3180633,2.1352668,1.8633229,1.743546
mb-06095,train,2.2479732,2.1277769,1.8573325,1.712816
af-6c79ab532bba,train,1.4481233,1.3451395,1.0886534,1.0994645
af-075befb960a6,train,1.4106119,1.4277921,1.1668887,1.1143192
mb-03065,train,1.230449,1.1872244,1.1139433,1.0471911
mb-05841,train,2.2787535,2.2908807,2.0,2.1104355
mb-02904,train,2.390935,2.2609994,1.6434526,1.7218887
mb-08129,train,2.2944663,2.1421227,1.9344984,1.8067973
mb-08715,train,2.1522884,2.1848507,1.748188,1.7379647
mb-07369,train,1.7558749,1.7862849,1.39794,1.4329263
mb-08530,train,1.7075702,1.8019247,1.5185139,1.5862585
mb-10877,train,2.6394866,2.260543,2.7160034,2.263564
mb-04710,train,1.0413927,1.1178002,0.69897,0.75743335
af-7096cd471824,train,1.3427049,1.3109133,0.948677,1.0281205
mb-05114,train,1.8260748,1.9022038,1.230449,1.3352749
mb-05388,train,2.1172714,2.0629363,1.8808136,1.7694498
mb-04714,train,1.5185139,1.6331743,1.3222193,1.4127973
mb-02784,train,2.133539,2.127908,1.845098,1.8003018
mb-03505,train,2.1271048,2.0771608,1.5185139,1.5483519
mb-01849,train,2.10721,2.067141,1.7558749,1.7239608
mb-10514,train,2.198657,2.1363926,1.6627579,1.88541
mb-09407,train,1.5682018,1.5650116,1.3802112,1.3575453
mb-04851,train,2.0569048,1.8731024,1.770852,1.6424743
mb-01146,train,1.146128,0.9569243,0.90309,0.7171695
mb-00274,train,2.1139433,2.0394573,1.69897,1.6889167
mb-02329,train,1.763428,1.8358593,1.50515,1.6015729
mb-08060,train,2.2552724,2.1738575,2.0128372,1.869073
mb-00741,train,2.2552724,2.2276232,1.8864907,1.8512805
mb-10192,train,2.0863597,1.8857068,1.8129133,1.6216134
af-5f19656f2db2,train,1.7436343,1.6130931,1.2494576,1.147196
mb-04483,train,2.0681858,2.070764,1.690196,1.7336874
mb-09231,train,1.7323937,1.7018044,1.3222193,1.3371096
mb-05605,train,1.0791812,1.2423182,0.845098,0.94372845
mb-06014,train,2.198657,2.2017846,1.7781513,1.8273839
mb-03082,train,1.4313638,1.4282632,1.1139433,1.1051968
mb-08685,train,2.1038036,2.0590398,1.9344984,1.8686432
mb-07717,train,1.7403628,1.6882179,1.4149734,1.4255066
mb-01491,train,1.9395193,1.9710722,1.6812413,1.7304264
mb-00295,train,2.2648177,2.2289698,1.9590414,1.9096824
mb-10648,train,2.08636,2.0333233,1.9242793,1.7636999
mb-02935,train,1.8388491,1.9386077,1.7853298,1.7638328
mb-02763,train,2.09691,2.0991812,1.9912261,1.9574436
mb-09366,train,1.9395193,1.7572107,1.7853298,1.517749
mb-06451,train,1.7993406,1.8606023,1.462398,1.488523
mb-02698,train,1.6720978,1.7656597,1.5797836,1.6516043
mb-03133,train,2.252853,2.3027232,1.9956352,1.9282103
af-9e183a9afc99,train,1.4385424,1.4104921,1.0980897,1.1076996
mb-04457,train,2.0791812,2.0511568,1.6812413,1.7091403
mb-02330,train,2.3222191,2.3352432,2.20412,2.1803496
mb-09423,train,1.908485,1.9759896,1.6334685,1.78454
mb-03308,train,1.8129134,1.8032408,1.4313638,1.3450204
mb-04302,train,2.0863597,2.0528004,1.8325089,1.8001331
mb-02484,train,1.80618,1.8943807,1.3802112,1.4984475
mb-07047,train,1.9190781,1.8928206,1.6127839,1.6577945
mb-05507,train,1.2787536,1.3942474,1.20412,1.2134242
mb-05167,train,1.20412,1.3207779,0.7781513,0.90712136
mb-05883,train,2.1958997,2.2702687,1.8388491,1.9127965
mb-02154,train,2.149219,2.0967066,1.8260748,1.7053015
mb-04746,train,1.6334684,1.5686088,1.3617278,1.3318974
mb-07481,train,2.1003706,2.1704388,1.8750613,1.9478856
mb-00343,train,1.8388491,1.8607655,1.50515,1.5547812
mb-03410,train,1.4771214,1.5690801,1.2787536,1.3454571
mb-01155,train,1.2552725,1.2897671,1.0,0.9606963
mb-04720,train,2.029384,1.8911953,1.8750613,1.7197312
mb-06158,train,1.8808136,1.9216875,1.230449,1.2982618
mb-07903,train,1.1139433,1.1157848,1.0791812,0.9593529
mb-06554,train,1.8325089,1.8861804,1.2552725,1.3216805
mb-01408,train,1.1139433,1.5061466,1.146128,1.2243234
mb-01430,train,2.382017,2.3643699,2.045323,2.0236685
mb-08768,train,1.9395192,1.9440216,1.6434526,1.6962249
mb-09040,train,2.1172714,2.119372,1.5563025,1.5604491
af-6562be30ba2f,train,0.90397286,1.0160246,0.5170982,0.7244534
mb-09261,train,1.3617278,1.3133564,1.146128,1.1281238
mb-09388,train,1.6627579,1.610395,0.90309,0.8907232
mb-08085,train,1.39794,1.541993,1.2552725,1.3466736
mb-00288,train,1.1139433,1.2671043,1.0791812,1.1057168
af-cf0f068c99c6,train,1.589887,1.4969666,1.2386682,1.1272657
mb-02387,train,1.6232493,1.6461371,1.4313638,1.3757613
mb-05856,train,2.3117537,2.319031,2.0043213,1.962676
mb-01527,train,0.9542425,0.90932685,0.7781513,0.7019812
mb-03229,train,2.5105448,2.4410048,2.3053513,2.1361384
mb-04659,train,0.30103,0.34174165,0.0,0.011649013
mb-02287,train,2.3710678,2.4480863,2.10721,2.1383853
mb-03153,train,1.361728,1.4837062,1.1760913,1.2134919
mb-08816,train,1.690196,1.656311,0.7781513,0.76618874
mb-08635,train,2.1731863,2.0066154,1.5682018,1.5023607
mb-00578,train,1.9344984,1.8549516,1.6232493,1.5724689
mb-06384,train,2.3324385,2.385118,2.0043213,2.057733
mb-04387,train,2.30103,2.2557254,1.8920946,1.8845538
mb-04953,train,1.5051501,1.4889026,1.4313638,1.3697287
mb-06929,train,1.7781513,1.6623462,1.5682018,1.3748854
mb-04507,train,2.120574,2.0658135,1.8633229,1.7701681
mb-06013,train,2.1303337,2.0748272,1.7403626,1.7095842
mb-03838,train,1.1760913,1.4733356,1.2787536,1.4124103
mb-08831,train,1.3802112,1.328544,1.1139433,1.1123843
mb-06503,train,2.1003706,2.0336998,1.6334685,1.6223288
mb-01776,train,1.7853298,1.7750716,1.7075702,1.6214433
mb-00316,train,2.0791812,2.0285203,1.748188,1.7205498
mb-06003,train,1.9395193,1.8769122,1.4913617,1.488609
mb-00351,train,1.6989701,1.6453264,1.4149734,1.3982389
mb-09787,train,1.7853299,1.7487719,1.5682018,1.4753786
mb-07204,train,2.2624512,2.2637827,1.8808136,1.9400641
mb-06149,train,2.2148438,2.2171896,1.8388491,1.8275026
mb-02135,train,1.3222194,1.5288166,1.230449,1.3688931
mb-06054,train,2.2355285,2.2228222,1.8260748,1.8557659
mb-09158,train,1.770852,1.701663,1.770852,1.4694474
mb-06498,train,1.9867718,1.9973958,1.4913617,1.5389571
mb-07375,train,1.845098,1.7866461,1.60206,1.5204426
mb-06391,train,2.2988532,2.2715228,1.8750613,1.8912983
mb-06902,train,2.0569048,2.0246942,1.2787536,1.4037325
af-6f4dc5d55781,train,1.306783,1.3410141,1.1358542,1.0638238
af-846fd722f92a,train,1.6281558,1.5557714,1.2512585,1.1441516
mb-02545,train,1.4471581,1.352171,1.2552725,1.1600349
mb-02735,train,2.0681858,2.047869,1.908485,1.8305773
mb-04093,train,2.1583624,2.0958662,1.5910646,1.5525756
mb-06096,train,2.2405493,2.2641468,1.8920946,1.908993
mb-09673,train,2.164353,2.1005423,1.8260748,1.7064269
af-2f48421ae345,train,1.1535466,1.4440767,0.99521077,1.0697399
af-57881763974b,train,1.6657732,1.742549,1.164088,1.1158355
mb-05112,train,1.0791812,1.1374841,0.90309,0.96636254
mb-00893,train,2.2148438,2.1637268,2.10721,1.9492698
mb-05169,train,2.2380462,2.1512396,2.0569048,1.9674243
mb-08088,train,0.90309,1.0467814,0.47712126,0.7368826
mb-04651,train,1.8388491,1.8116189,1.6232493,1.6034998
mb-00651,train,1.9912262,2.0755112,1.6334685,1.625843
mb-09778,train,1.908485,1.8015386,1.39794,1.3473905
mb-05339,train,2.3222194,2.2693405,1.7853298,1.8373954
mb-02851,train,1.8864908,1.7695892,1.4913617,1.5090219
af-eda3b15c0480,train,1.2568789,1.1902785,0.9668126,0.89031345
mb-01002,train,1.6812413,1.821164,1.3802112,1.3348049
af-90e130206cc7,train,0.94708115,1.0836066,0.6602905,0.7768745
mb-09779,train,1.7323937,1.8000674,1.146128,1.271758
mb-03543,train,2.1613681,2.1048384,1.968483,1.8965266
mb-03340,train,1.8692317,1.8861487,1.7923917,1.7522409
mb-09743,train,2.2966652,2.2907085,1.9590414,1.9272296
mb-10159,train,2.1172714,1.8940015,1.8512584,1.6172104
mb-07255,train,2.2253094,2.1112566,1.8692317,1.7559422
mb-05960,train,2.10721,2.1024458,1.690196,1.7152572
mb-06878,train,0.7781513,0.8590949,0.47712126,0.5714512
mb-06752,train,1.6627579,1.6608391,1.3617278,1.3894631
mb-07836,train,1.69897,1.7472315,1.3617278,1.4160652
mb-08207,train,1.819544,1.7158651,1.5185139,1.481807
mb-02117,train,2.1139433,2.0952973,1.7075702,1.7126291
mb-08776,train,2.2227166,2.3029068,1.819544,1.920973
mb-08414,train,1.8808136,1.8655418,1.4771212,1.4929146
mb-00203,train,1.5910647,1.659385,1.30103,1.3796422
mb-09351,train,1.6232493,1.6018378,1.5314789,1.4006655
mb-06085,train,2.146128,2.150256,1.7403626,1.7334095
mb-02077,train,2.3560257,2.3284364,1.9956352,1.9815688
mb-03296,train,1.748188,1.7170206,1.30103,1.3411825
mb-03269,train,1.8573325,1.8270872,1.60206,1.6228876
mb-09988,train,2.2671716,2.1571884,1.6434526,1.7491686
mb-10959,train,1.1139433,1.0546621,0.845098,0.79193074
mb-00546,train,2.1038036,2.164072,1.5314789,1.6135978
mb-08092,train,1.763428,1.7556725,1.3802112,1.388349
mb-02028,train,1.7160033,1.7661781,1.5314789,1.6486845
mb-02974,train,1.5682018,1.5909147,1.4313638,1.4210153
mb-04560,train,1.69897,1.7966273,1.4771212,1.5677508
mb-09239,train,2.2810333,2.1295505,1.8920946,1.7857885
mb-09669,train,2.139879,2.119653,1.7923917,1.8019147
mb-05440,train,2.20412,2.0315564,1.748188,1.4157017
mb-03922,train,1.9242792,1.8953167,1.2552725,1.2066989
mb-09011,train,2.0530784,1.9866934,1.94939,1.9253626
mb-01637,train,1.6532125,1.671745,1.1760913,1.2277709
mb-00188,train,1.5682018,1.572795,1.2787536,1.3379973
mb-05471,train,1.6627579,1.6660511,1.3802112,1.4115472
mb-06531,train,1.8920946,1.8299124,1.3617278,1.2989286
af-ff083729d37a,train,1.64836,1.2926672,1.2762573,0.9621043
mb-00720,train,2.0,1.9533335,1.7242758,1.6383078
mb-00093,train,1.3424227,1.3246953,1.1760913,1.1333734
af-e47932dc1209,train,1.3847117,1.6029222,1.2928959,1.335578
mb-10619,train,0.90309,0.89105326,0.60206,0.5819161
mb-09350,train,1.4771212,1.3011017,1.1139433,0.9290317
mb-02607,train,1.3617278,1.2705185,1.0413927,0.9512356
af-8fd3a834512e,train,1.4332848,1.2717785,1.2459418,1.0253648
af-758a0eb25149,train,1.7173468,1.6569854,1.2258621,1.1420805
mb-04764,train,2.209515,2.1066256,1.7993406,1.7230622
mb-02226,train,0.90309,0.9817245,0.69897,0.7305118
mb-08351,train,1.7781513,1.8807151,1.6812413,1.611243
mb-04617,train,1.6901962,1.5724852,1.6334685,1.5219399
af-2f276b6fcbc1,train,1.2913933,1.2989345,0.8638027,0.9579076
mb-03039,train,1.748188,1.8929127,1.0413927,1.19857
mb-04597,train,2.3579347,2.3669095,2.0334237,2.0635877
mb-05398,train,1.6020601,1.5259342,1.2787536,1.1769645
mb-06147,train,1.8260748,1.7961613,1.5440681,1.4541094
mb-00434,train,1.3617278,1.2969375,1.146128,1.1145387
mb-05206,train,1.20412,1.2081513,0.9542425,1.0651292
mb-03185,train,1.845098,1.9869837,1.5185139,1.637203
mb-06079,train,1.80618,1.8194377,1.3617278,1.3259355
mb-05503,train,2.1760912,2.0867913,1.9395193,1.8463535
mb-08185,train,1.5440681,1.6099598,1.0,1.1379519
mb-06997,train,1.9344984,2.0989878,1.8129133,1.9130201
mb-01005,train,1.7558749,1.8391597,1.230449,1.2799152
mb-01157,train,1.5682018,1.6203952,1.3617278,1.416018
mb-03651,train,2.3384564,2.273701,2.2741578,2.2167485
mb-05828,train,1.748188,1.7571001,1.4149734,1.3777593
mb-07607,train,2.3053513,2.243605,1.690196,1.6287009
af-83c1aa3f053e,train,1.6200204,1.5748854,0.9223958,1.0929563
mb-01964,train,1.7923917,1.8203278,1.3222193,1.3308011
mb-08552,train,2.50515,2.560767,2.3324385,2.2731164
mb-02570,train,2.064458,2.1199439,1.8976271,1.9781876
mb-05721,train,1.7160034,1.6716486,1.39794,1.3843355
mb-02453,train,1.6812413,1.635107,1.0413927,1.0140725
mb-08689,train,1.1139433,1.1928308,1.0,1.0620106
mb-04482,train,2.1818435,2.109789,1.5797836,1.5170416
mb-01056,train,1.146128,1.0657511,0.69897,0.7026068
mb-02388,train,2.3598356,2.231685,2.3304138,2.1338418
mb-05987,train,1.748188,1.6123253,1.462398,1.3751328
mb-10898,train,2.243038,2.032486,2.0128372,1.85638
mb-09523,train,2.089905,2.1381757,1.8864907,1.93198
mb-10453,train,1.4313638,1.4461076,1.0,1.0427266
af-8d27db05a832,train,1.2521781,1.3505664,1.017167,1.0820683
af-5f8eb52fe2e5,train,1.7160501,1.6885226,1.25869,1.1339515
mb-03573,train,2.198657,2.1862192,1.8808136,1.8566103
mb-09575,train,2.130334,2.0834053,1.8260748,1.7804067
mb-00815,train,1.8512584,1.8593407,1.2787536,1.2891215
mb-00265,train,2.1139433,2.1251714,1.8388491,1.7983823
mb-00028,train,1.724276,1.6503863,1.3424227,1.2714067
mb-03504,train,2.10721,2.0689738,1.763428,1.7171097
mb-08316,train,1.5051501,1.3650731,1.1760913,0.9948868
mb-04690,train,2.2068257,2.1664293,1.9138138,1.7683847
mb-09908,train,1.8692317,1.8211678,1.3222193,1.345337
mb-09157,train,1.6812413,1.6709509,1.30103,1.3638358
mb-07092,train,1.5563025,1.5311409,1.3617278,1.2760274
mb-00017,train,1.50515,1.5388851,1.146128,1.1286968
mb-07974,train,1.7075702,1.8331547,1.4913617,1.5913769
mb-08027,train,2.1931245,2.139147,1.9912261,1.9580133
mb-05890,train,2.39794,2.3211699,1.9912261,2.0360818
mb-00036,train,1.5185139,1.5883907,1.146128,1.1802394
mb-01977,train,2.1003706,2.0272005,1.90309,1.7931712
mb-08833,train,2.217484,2.181298,1.9138138,1.933249
mb-07962,train,2.0934217,2.1425426,1.9542425,1.9795997
mb-07654,train,1.6812412,1.7091724,1.5910646,1.5085435
mb-02256,train,1.0791813,1.2341627,0.7781513,0.90063655
af-3d1c2be85239,train,1.3838153,1.4667399,0.68892145,0.8379638
mb-06839,train,1.5314789,1.6079837,1.3222193,1.3169308
mb-04375,train,1.6020601,1.6685905,1.4149734,1.5198265
mb-10699,train,2.133539,2.0744774,1.462398,1.4564087
mb-03319,train,2.1172712,2.1697814,1.6434526,1.8463039
mb-08318,train,1.9637879,1.8850279,1.5563025,1.5042821
mb-01101,train,1.544068,1.6080558,1.3222193,1.3554437
mb-06959,train,1.0,0.9839611,0.69897,0.6699525
mb-06676,train,2.2405493,2.245659,1.8692317,1.9601687
mb-09912,train,2.209515,2.165326,1.6812413,1.6501684
mb-05872,train,1.3222194,1.5692449,1.39794,1.4081411
mb-09682,train,1.8573325,1.952322,1.230449,1.3596239
mb-06436,train,2.1702619,2.0792773,1.9190781,1.8783716
mb-08180,train,1.7781513,1.8900267,1.5314789,1.5199999
mb-07323,train,1.8633229,1.8160129,1.690196,1.6024345
mb-03852,train,2.1367207,2.046791,1.9190781,1.7411039
mb-01995,train,1.7160033,1.8530226,1.5910646,1.6552558
mb-02236,train,2.2121875,2.2511878,1.8808136,1.868382
mb-04265,train,1.9590414,1.941441,1.7558749,1.6716155
mb-08739,train,1.5682018,1.5340889,1.30103,1.280047
mb-00397,train,1.5910646,1.62419,1.3617278,1.4251041
mb-04334,train,1.5910647,1.6249318,1.462398,1.4718623
mb-10693,train,1.30103,1.4350083,1.20412,1.3711928
mb-10012,train,1.4149733,1.4887565,1.0791812,1.0877486
mb-07965,train,1.7558749,1.7691243,1.447158,1.5293759
mb-09482,train,2.3838153,2.2527256,2.0827854,2.0236568
mb-03277,train,2.303196,2.168483,1.9444827,1.8083912
mb-02414,train,1.5910647,1.591474,1.4149734,1.3974686
mb-06811,train,2.209515,2.1494818,1.50515,1.5311898
mb-06670,train,0.9542425,1.1993883,1.0413927,1.0536344
mb-04304,train,1.845098,1.8640356,1.7323937,1.640598
mb-01831,train,2.3117537,2.1820993,1.80618,1.7741194
mb-05351,train,1.8260747,1.9244133,1.5797836,1.5807292
mb-03047,train,2.2121875,2.1657097,1.8920946,1.8727028
mb-05098,train,2.3324385,2.2883558,2.0334237,1.9925821
mb-02749,train,2.133539,2.1192915,1.9867717,1.9852686
mb-08965,train,1.9344985,2.0247073,1.6812413,1.7822492
af-3dfa4e99c09c,train,1.4689319,1.332891,1.239312,1.0941683
mb-04023,train,2.303196,2.305599,2.363612,2.301835
mb-02751,train,1.146128,1.4477084,1.146128,1.2940863
mb-07778,train,1.7242758,1.7940686,1.0791812,1.1269164
mb-04040,train,1.9138138,1.8457896,1.50515,1.4266133
mb-04512,train,1.1139433,1.1323692,0.845098,0.88248783
mb-04057,train,2.1430147,2.122499,2.0334237,1.9979316
af-b4d0bb1d8131,train,1.0829864,1.2547898,1.0204483,1.1481947
mb-10577,train,1.7708521,1.8399966,1.4913617,1.5183802
mb-04771,train,2.3180633,2.1691399,2.0606978,1.9812028
af-bea65ca25419,train,1.5271283,1.4748433,1.132919,1.1059117
mb-00801,train,1.6812412,1.6798812,1.3222193,1.3320663
mb-06689,train,1.2041199,1.2538464,0.845098,0.86676884
mb-03058,train,2.1875207,2.1389713,1.8388491,1.8434132
mb-05716,train,2.09691,2.097355,1.6720978,1.6931354
mb-00576,train,2.155336,2.257844,1.9731278,1.9766263
mb-10204,train,1.6627579,1.6857598,1.20412,1.2126621
mb-05317,train,1.6020601,1.7427778,1.30103,1.4091762
mb-03587,train,1.7558749,1.8393152,1.5682018,1.5861201
mb-02955,train,2.0253057,2.0938694,1.7323937,1.7191179
mb-03720,train,1.4313638,1.4372048,1.1139433,1.1007297
af-44de732aff90,train,1.1214876,1.1515417,0.8373668,0.86430645
mb-10332,train,1.8864907,1.8188107,1.5314789,1.4453046
mb-07834,train,1.9444827,1.9781997,1.6812413,1.7182765
mb-02523,train,2.243038,2.1824615,2.0374265,1.9434054
mb-08121,train,1.3617278,1.2751219,1.0,0.9160049
mb-10338,train,2.3096302,2.3339903,1.9444827,1.982091
mb-09522,train,2.2479732,2.214868,1.7075702,1.6569353
mb-08312,train,2.303196,2.2088308,2.0128372,1.9773976
mb-04520,train,2.025306,1.9465728,1.6532125,1.5638573
mb-01278,train,2.1760912,2.1689808,1.8388491,1.7842865
mb-09574,train,2.2148438,2.235711,1.8633229,1.8627775
af-0e718cd1dba7,train,1.5897017,1.4544204,1.2186168,1.1154405
mb-00259,train,1.9777236,1.982734,1.7242758,1.7477278
mb-05848,train,2.3384564,2.3401432,1.9912261,1.9961118
mb-05935,train,2.434569,2.3951507,2.1553361,2.068502
mb-01889,train,2.143015,2.1813335,2.0170333,2.1050377
mb-01039,train,0.60206,0.57532007,0.30103,0.3279103
mb-05555,train,2.429752,2.3197975,2.0334237,1.9623861
mb-03123,train,2.4871383,2.366673,2.2600713,2.1049228
mb-03116,train,1.9242793,1.9607582,1.6334685,1.6616762
mb-06572,train,2.2787538,2.3290162,1.8976271,1.9672408
mb-08589,train,1.6720979,1.3698583,1.1139433,0.85004026
mb-00114,train,2.1702616,2.1649687,1.748188,1.845408
mb-04896,train,1.7075701,1.7194488,1.447158,1.3540206
mb-04321,train,1.9030899,1.9379276,1.6720978,1.7702684
mb-07663,train,1.146128,1.0289289,0.7781513,0.6164724
mb-04889,train,1.8512583,1.9247751,1.447158,1.5740995
mb-01318,train,1.6720978,1.7542194,1.50515,1.6017561
mb-04099,train,2.1846914,2.14417,1.8692317,1.6603504
mb-05501,train,1.9242793,1.8888159,1.6627579,1.5227051
mb-01536,train,1.9867718,1.9919537,1.7075702,1.6572629
af-8baa4eb3315d,train,0.8849211,0.9276931,0.67011034,0.6261236
mb-10655,train,2.2695131,2.2235892,1.5440681,1.5984784
mb-05338,train,1.863323,1.8169243,1.4313638,1.4580885
mb-02157,train,1.2552725,1.2297041,0.845098,0.85083485
mb-10153,train,1.5682018,1.7753366,1.462398,1.4768095
mb-00561,train,0.90309,1.5232086,1.39794,1.3873515
mb-05313,train,2.064458,2.0169153,1.6532125,1.6736904
mb-10678,train,1.9731278,1.9459981,1.447158,1.463013
mb-01216,train,1.9822712,1.9517381,1.770852,1.7150319
mb-04281,train,1.8808136,1.9468147,1.6334685,1.6353863
af-239cd1711274,train,1.5319755,1.4402211,1.2015855,1.1327627
mb-02561,train,1.7558749,1.7736375,1.447158,1.5154492
af-a00cc200e41c,train,2.0423117,1.8237463,1.2012004,1.1092758
mb-10907,train,2.3838153,2.1511493,1.8808136,1.7669604
mb-02425,train,1.9956352,2.0237432,1.690196,1.8038328
af-bdab7ec2c162,train,1.7094116,1.7640829,0.57730794,0.7631511
mb-00244,train,1.6334685,1.505138,1.39794,1.3009311
mb-01421,train,1.9542425,1.8329117,1.7242758,1.5781976
mb-07682,train,1.361728,1.3933456,1.20412,1.1591567
mb-07785,train,2.0043213,2.0335734,1.7853298,1.7995073
mb-00836,train,1.3222193,1.2450824,0.845098,0.82188183
mb-02586,train,1.80618,1.770474,1.3617278,1.3886822
mb-04010,train,1.748188,1.7647773,1.5440681,1.5738463
mb-05558,train,2.0827854,2.0564108,1.5682018,1.5335181
mb-00672,train,2.1702616,2.1342905,1.8388491,1.8266238
af-28bd553cc68b,train,0.7524756,1.0011842,0.7545868,0.7703934
af-d6267b9b9147,train,1.4224765,1.2684542,1.1646858,0.9652688
mb-01814,train,1.7558749,1.7626834,1.6334685,1.6593972
af-2b68e406cfa4,train,1.66082,1.4130087,1.2688003,1.065502
mb-10024,train,0.0,-0.04546559,0.0,-0.007584572
mb-08847,train,2.292256,2.2135494,2.2380462,2.1125424
af-c6bc297ce67a,train,1.8596432,1.7841129,1.2320834,1.1661936
mb-01132,train,1.7160034,1.6989697,1.5440681,1.5168964
mb-02418,train,1.6232493,1.6558526,1.5563025,1.5338559
mb-03901,train,1.6989701,1.690768,1.3424227,1.4061288
mb-07292,train,2.0,2.100349,1.8325089,1.8914384
mb-00320,train,2.049218,2.1462433,1.763428,1.9681321
mb-04048,train,2.25042,2.1982255,1.8750613,1.7941892
mb-04100,train,2.2095149,2.141051,2.0791812,1.956777
mb-07131,train,1.7558749,1.6308911,1.4149734,1.3271885
mb-04522,train,1.462398,1.4327772,1.1760913,1.1123292
mb-01253,train,1.8692317,1.8623499,1.2787536,1.3164244
mb-05102,train,2.1398792,2.138892,1.8512584,1.833069
mb-04391,train,1.7993405,1.6788517,1.447158,1.392468
mb-08091,train,2.1673174,2.1078644,1.8750613,1.8465052
mb-07203,train,1.9395192,1.9778593,1.6434526,1.7204599
mb-10290,train,2.0293837,2.0454946,1.5314789,1.5079839
mb-01921,train,2.389166,2.2763846,1.8692317,1.8597205
mb-07212,train,1.447158,1.2946227,1.1139433,0.93096936
mb-10084,train,2.30103,2.2438645,1.8808136,1.8484097
mb-10368,train,1.8976271,1.8908873,1.6812413,1.6242245
mb-10979,train,2.3344538,2.3703809,1.8976271,2.0438766
mb-03834,train,1.9294189,1.961431,1.80618,1.7731202
mb-05372,train,1.4149734,1.457454,1.20412,1.1752377
mb-06822,train,1.39794,1.2664434,1.230449,1.1214163
mb-10985,train,1.770852,1.7104998,1.5797836,1.4978516
mb-06358,train,1.7853298,1.7681938,1.3424227,1.2853805
mb-04050,train,2.3443923,2.3016388,2.0128372,1.996256
mb-03258,train,2.2278867,2.2316418,1.845098,1.8138212
mb-10795,train,2.2227166,2.2757552,1.8750613,1.8834906
mb-02212,train,2.2552724,2.1903007,1.690196,1.6819001
mb-08723,train,1.3222193,1.1657946,1.0413927,0.8935391
mb-06375,train,1.9590414,1.9639392,1.5185139,1.5077491
mb-02637,train,1.5682018,1.5948465,1.2787536,1.2036746
af-51542415c2e7,train,1.6551394,1.5500982,1.1287546,1.1269192
mb-00982,train,2.2764616,2.3983967,2.0293837,2.0728455
mb-03659,train,1.4623979,1.2687538,1.0791812,0.8938078
mb-00107,train,1.4771212,1.5340358,1.3802112,1.3788738
mb-07162,train,2.1367207,2.0538237,1.447158,1.3937259
mb-04466,train,2.0934217,2.012975,1.4771212,1.523893
af-59aa7f06d2a8,train,1.3938786,1.374701,1.1188134,1.0376328
mb-00949,train,2.376577,2.370466,1.9956352,2.0326679
mb-06027,train,2.2855573,2.1301098,1.8512584,1.6504202
mb-09557,train,1.968483,2.0030417,1.39794,1.5077622
mb-00623,train,1.7708521,1.6622899,1.5440681,1.3843518
mb-09383,train,2.4983106,2.3896892,2.2764618,2.2283778
af-16e97ffc13df,train,1.7383842,1.6092446,1.144873,1.0386996
mb-02022,train,2.292256,2.270432,1.8976271,1.9170011
mb-04949,train,2.064458,2.0291429,1.770852,1.7638048
mb-00379,train,1.7781513,1.7385625,1.4313638,1.429321
mb-10680,train,2.2764618,2.210335,1.763428,1.7342685
af-72c858b8c990,train,1.3454522,1.4044071,1.1154208,1.0868295
mb-00311,train,1.8325089,1.7859186,1.6127839,1.5689985
mb-09913,train,2.2810333,2.3042662,1.9867717,1.97148
mb-02488,train,1.6720979,1.6953344,1.146128,1.2715296
mb-08735,train,1.4771214,1.6652215,1.30103,1.2763338
mb-01004,train,1.8450981,1.7904046,1.4313638,1.4255747
af-bdc362fd57f0,train,1.5090466,1.5331904,1.111894,1.0969828
mb-02874,train,2.0334237,2.0599568,1.6720978,1.8189669
mb-08778,train,1.845098,1.855723,1.2552725,1.2932241
mb-05900,train,1.80618,1.7284672,1.3222193,1.278877
mb-00602,train,2.0827854,2.0246172,1.8325089,1.7207276
mb-03889,train,2.0170333,2.0695467,1.4913617,1.5590105
mb-01027,train,1.8808136,1.7828727,1.447158,1.3884894
mb-00425,train,1.9242792,1.9498205,1.7403626,1.8051293
mb-09660,train,2.3541083,2.3451142,1.9138138,2.0804844
mb-04903,train,1.9395193,1.901116,1.7323937,1.7415651
mb-05562,train,1.4313638,1.4086782,1.146128,1.1717494
mb-09240,train,1.5910646,1.5760939,1.0791812,1.1565955
mb-08176,train,1.690196,1.7136352,1.2552725,1.2572343
mb-10330,train,1.7853298,1.794335,1.4313638,1.4520984
mb-02813,train,1.3617278,1.2262628,1.230449,1.092171
mb-09186,train,1.8512583,1.7622564,1.5185139,1.5051314
mb-04672,train,1.230449,1.1541543,0.90309,0.8455061
mb-10343,train,1.3979399,1.4560515,1.1139433,1.2160504
mb-04345,train,1.6989701,1.7404872,1.4313638,1.4320259
mb-02055,train,2.0681858,2.0413156,1.5910646,1.5527852
mb-05090,train,2.198657,2.1515155,1.9867717,1.9643683
af-0a2246974842,train,1.9917859,1.7577869,1.2614199,1.1250333
mb-01311,train,1.1139433,1.1143632,0.69897,0.7074489
mb-08348,train,2.0334237,1.9984342,1.5910646,1.6253868
af-8aebfdbd83ea,train,1.8263204,1.6937022,1.2969348,1.1876737
mb-03429,train,1.8920946,1.7940092,1.7323937,1.5164396
mb-06458,train,1.5682018,1.6775969,1.230449,1.3106678
mb-09656,train,1.7242758,1.6721942,1.146128,1.0701091
af-ddb942512473,train,1.4316099,1.3462281,1.1041422,0.96056
mb-01057,train,0.60205996,1.2715867,1.0,0.985881
af-d71d07cdd5ec,train,1.5933093,1.6068578,1.2838256,1.1914608
mb-10894,train,2.463893,2.3040216,1.8512584,1.9465499
af-00fc9c966a3f,train,1.58371,1.412012,1.2957672,1.033663
mb-06205,train,1.7242758,1.7668743,1.0413927,1.160991
mb-07553,train,2.1430147,2.0800452,2.1139433,2.004201
mb-02525,train,2.3802114,2.335305,2.09691,2.0024989
mb-09707,train,2.155336,2.0855184,1.763428,1.648987
mb-07808,train,1.5563025,1.4298041,1.146128,1.0222521
mb-10605,train,0.30102992,1.6091907,1.5185139,1.4192837
mb-05927,train,1.3979399,1.3982486,0.845098,0.76965904
mb-08675,train,2.1139433,2.1303759,1.763428,1.7565442
mb-05982,train,1.968483,1.9400363,1.4313638,1.4035238
af-7374050d72df,train,1.6037829,1.4366813,1.1885235,1.1378512
mb-08469,train,1.6720979,1.5644238,1.30103,1.1716394
mb-00961,train,1.9294189,1.9207675,1.8573325,1.7526691
mb-03409,train,1.9956353,1.8337619,1.5563025,1.5901258
mb-05087,train,2.1367207,2.1017075,1.8976271,1.8787545
mb-05934,train,2.1238518,2.1000242,1.5682018,1.5739179
mb-04553,train,2.198657,2.1297011,2.049218,1.9902422
mb-10733,train,2.0530784,1.8659016,1.50515,1.6961212
mb-00677,train,2.3222194,2.2394538,1.8808136,1.8505256
mb-06378,train,2.033424,1.9564779,1.6532125,1.6146336
af-338c6b1364ab,train,0.8390555,1.2813487,0.65100163,0.98074734
mb-07051,train,1.9777236,1.8924065,1.5910646,1.512298
mb-10289,train,1.6334685,1.7564133,1.3424227,1.3975962
mb-01984,train,1.9822713,2.1079922,1.6127839,1.7693808
mb-10463,train,1.5682018,1.7449923,1.3424227,1.4984745
mb-05174,train,2.2552724,2.2606592,2.0791812,2.0611014
mb-00330,train,1.5051501,1.5718505,1.2787536,1.2937723
mb-07197,train,2.499687,2.2768948,2.4653828,2.1765432
mb-00507,train,2.0170333,1.9830264,1.6812413,1.6328859
af-7219f844dcd3,train,1.1979777,1.383846,0.893044,1.0919406
mb-03176,train,1.8388491,1.6985831,1.6720978,1.5250796
mb-07254,train,2.146128,2.123426,1.7160033,1.7243649
mb-10556,train,1.9493899,1.9114975,1.5185139,1.5844027
mb-10270,train,1.763428,1.7112684,1.3802112,1.3852793
mb-09206,train,2.3242824,2.2881894,2.0569048,2.0644293
mb-02111,train,1.5185139,1.5475276,1.3617278,1.4009335
mb-05563,train,2.220108,2.1763961,1.763428,1.7580668
mb-10067,train,1.4913617,1.4826617,1.146128,1.1569633
mb-06556,train,2.30103,2.397497,2.0530784,2.072567
mb-05956,train,2.378398,2.3779316,1.9542425,2.059564
mb-06459,train,2.1398792,2.2195911,1.6627579,1.8280522
mb-05380,train,1.763428,1.7313681,1.447158,1.3905116
mb-00067,train,1.6334684,1.6965625,1.0413927,1.21615
mb-08973,train,2.1522884,2.125666,1.9637878,1.901704
mb-03844,train,2.0086002,1.9974388,1.3802112,1.4545578
mb-09968,train,1.3010299,1.3030261,1.0413927,1.0411272
mb-06634,train,2.243038,2.179528,2.146128,2.043026
mb-04539,train,2.2430382,2.251206,1.9242793,1.8554063
mb-00748,train,1.4913617,1.5332638,1.20412,1.1757047
mb-00750,train,1.8633229,1.9631164,1.5314789,1.6727594
mb-07837,train,2.25042,2.2354212,1.6434526,1.7712717
mb-02099,train,1.80618,1.8002149,1.462398,1.461164
mb-04222,train,1.9344984,1.8683228,1.6232493,1.5066912
mb-03084,train,1.8750613,1.9975989,1.5185139,1.6310691
mb-10520,train,1.39794,1.7280492,1.20412,1.4955823
mb-01206,train,0.60206,0.53157705,0.47712126,0.39440882
mb-07623,train,1.9867717,1.9389336,1.50515,1.4815282
mb-02409,train,2.1172714,1.9475899,1.7781513,1.6529874
mb-06706,train,1.2552725,1.2006652,1.1139433,1.0615939
mb-08388,train,1.9956352,1.9320092,1.5314789,1.4809731
mb-01563,train,2.164353,2.1950536,1.90309,1.9252136
mb-07724,train,2.252853,2.110149,1.8808136,1.8199688
mb-03226,train,2.4899585,2.5817575,2.209515,2.2979608
mb-06081,train,2.25042,2.2337897,1.8976271,1.8899889
mb-09971,train,2.045323,2.1393535,1.8129133,1.9480801
af-219d796bee87,train,1.567531,1.4269241,1.20933,1.0958824
mb-08275,train,2.0170333,2.0004513,1.7781513,1.7291121
mb-05834,train,1.8633229,1.8410273,1.39794,1.3710904
mb-02582,train,1.3222194,1.1539087,0.9542425,0.8107203
mb-03947,train,2.3996737,2.2617333,1.819544,1.8245654
mb-08827,train,1.7323937,1.8076434,1.5797836,1.4907241
mb-01785,train,2.120574,2.1103926,1.7160033,1.8221792
mb-08055,train,2.0128372,2.0224948,1.7160033,1.6915454
af-84738cad161f,train,0.90067077,0.9275141,0.5255501,0.6249907
mb-04570,train,2.238046,2.2192857,2.139879,2.0262187
mb-01366,train,1.7923918,1.6863232,1.5440681,1.448869
mb-09189,train,2.0681858,2.059204,1.4913617,1.5460218
af-faa802d7779d,train,1.8381133,1.6661377,1.1904298,1.1192987
af-917b743bc2ff,train,1.3145266,1.5558789,1.1221175,1.06336
mb-05685,train,2.357935,2.2531295,1.8976271,1.867899
mb-04785,train,1.9867718,2.0115476,1.6627579,1.6650056
mb-10796,train,2.2810333,2.2459147,2.071882,1.9882281
af-92d5bfe0c38e,train,0.92599905,0.9640738,0.7088694,0.6563583
mb-02764,train,1.5910647,1.5778133,1.2787536,1.2421465
af-8770a7b53129,train,1.3074961,1.3195064,0.9757038,0.97100013
mb-10851,train,1.7634281,1.8913639,1.6334685,1.6552836
mb-10938,train,1.4913617,1.4459827,1.0413927,1.1096749
mb-04684,train,1.8808136,2.0013857,1.7075702,1.7434819
mb-02471,train,1.8388491,1.8462691,1.7323937,1.7367221
af-d777d711551d,train,1.2137779,1.405715,1.0687163,1.1076214
mb-09460,train,1.6989701,1.8491156,1.4913617,1.630097
mb-05918,train,1.7403626,1.659382,1.50515,1.4488822
mb-07200,train,2.3384564,2.289562,1.9138138,1.9265369
mb-03914,train,1.897627,1.8686152,1.447158,1.4924686
mb-06587,train,1.20412,1.392715,0.9542425,1.0732546
mb-10215,train,1.6232493,1.6890395,1.4913617,1.4794149
mb-02963,train,2.283301,2.2071557,1.770852,1.7733535
mb-09379,train,2.1430147,2.3898675,2.1583624,2.3446016
mb-05438,train,2.0569048,1.8603356,1.5682018,1.5139959
mb-01850,train,1.8750613,1.8471775,1.5910646,1.5141433
mb-09577,train,1.8808136,1.9132029,1.6232493,1.6027629
mb-06606,train,1.3424227,1.1981812,1.0413927,0.9121184
af-e1ae2873e21d,train,1.6839471,1.6807646,1.0552101,1.0479772
mb-08268,train,1.0413927,1.3152543,1.146128,1.125451
mb-03857,train,1.3424227,1.3410262,1.0,1.0762596
mb-09084,train,1.6720978,1.6478099,1.447158,1.400254
mb-01794,train,1.6532125,1.5452385,1.20412,1.1373024
mb-03479,train,2.421604,2.418126,2.2944663,2.3632832
mb-01375,train,2.0374265,2.0272963,1.5682018,1.633701
mb-00447,train,2.3783977,2.3706403,2.146128,2.1206536
af-4990d46926df,train,2.5023208,2.106907,1.2070363,0.8638714
mb-00173,train,1.9344984,1.949446,1.6232493,1.7353426
mb-01413,train,2.0934217,2.0690477,1.9912261,1.8882105
mb-06761,train,1.8129134,1.7819195,1.1760913,1.2502278
mb-05815,train,2.0211892,1.986392,1.4149734,1.4844139
mb-08798,train,1.7708521,1.7838665,1.462398,1.4558904
mb-05314,train,2.283301,2.293049,2.0043213,1.9389794
mb-09497,train,1.7160034,1.6994247,0.9542425,0.8953479
mb-01688,train,1.3010299,1.2359817,1.0413927,0.90078896
mb-03015,train,2.4517865,2.3675823,2.38739,2.2531388
mb-06437,train,2.1003706,2.0960484,1.9294189,1.8933759
mb-05945,train,1.9444827,1.9146428,1.5682018,1.4676064
mb-09560,train,1.146128,0.98391736,0.90309,0.8330094
mb-06426,train,1.6532125,1.6268637,1.3424227,1.339575
mb-03265,train,1.9777236,2.0038483,1.8750613,1.829906
mb-02237,train,1.9190781,2.0085628,1.6532125,1.6447172
mb-10258,train,1.5682017,1.6258165,1.3222193,1.3508161
mb-07420,train,2.252853,2.2209525,1.763428,1.8072604
mb-00321,train,1.748188,1.6857364,1.3222193,1.3253165
mb-07690,train,1.230449,1.1822405,0.845098,0.8140068
mb-03126,train,1.4771212,1.4918785,1.1139433,1.1170534
mb-06069,train,1.748188,1.8313181,1.5440681,1.5730207
mb-01401,train,2.1702616,2.1514525,1.8692317,1.8554233
mb-07402,train,1.6020601,1.5843775,1.2787536,1.2425646
mb-01928,train,1.1760912,1.2498473,1.0,1.0520234
mb-05965,train,1.7558749,1.7286035,1.3424227,1.3246226
mb-03194,train,2.1673174,2.1237526,1.770852,1.724085
mb-07825,train,1.6232493,1.6600568,1.4313638,1.410966
mb-10378,train,2.0934217,2.0178227,1.50515,1.4518255
mb-06487,train,1.90309,1.9025369,1.0413927,1.1489627
mb-09589,train,1.3424227,1.3633584,1.0413927,1.0366387
mb-06408,train,1.6434526,1.8481623,1.5185139,1.5429654
mb-06705,train,1.7558749,1.7629185,1.4771212,1.4440752
mb-04981,train,2.3304138,2.248466,1.94939,1.8574437
mb-07505,train,1.30103,1.4731286,1.3802112,1.3403463
mb-01399,train,1.0791813,1.2574257,0.7781513,0.96744794
mb-08169,train,1.6812413,1.5619798,1.5563025,1.3193369
mb-10797,train,2.1238515,2.123329,1.8808136,2.0741491
mb-07159,train,1.6334685,1.5984739,1.462398,1.379188
mb-01242,train,1.7558749,1.7363282,1.39794,1.4404799
af-58922299f89b,train,1.5384016,1.4329002,1.1495394,1.1077255
mb-02833,train,2.1673174,2.297477,1.8976271,2.016925
mb-01820,train,1.2041199,1.2414199,1.0791812,1.0892719
mb-05400,train,1.832509,1.8625401,1.20412,1.2589738
mb-04942,train,1.7634281,1.774403,1.5563025,1.4750909
mb-05030,train,2.143015,2.1236434,1.9294189,1.9286039
mb-06351,train,2.2329962,2.150581,1.5682018,1.5968748
mb-02900,train,2.2148438,2.1874163,1.6532125,1.6087654
mb-09991,train,1.8129134,1.7144376,1.5440681,1.5656428
mb-08975,train,1.6232493,1.7044165,1.3222193,1.3154558
mb-00177,train,1.5440681,1.545889,1.3802112,1.4097058
mb-08294,train,1.8260748,1.765946,1.5563025,1.5246053
mb-06260,train,2.2624512,2.3028653,1.8573325,1.923677
mb-01729,train,2.1335387,2.1591704,1.8129133,1.8057821
mb-04272,train,1.5440681,1.4598222,1.2787536,1.190874
mb-05419,train,2.029384,2.134903,1.9190781,2.0353475
mb-05020,train,1.8573325,1.8025593,1.5185139,1.5197078
mb-06380,train,2.1398792,2.080082,1.7075702,1.6817943
mb-05261,train,1.7923917,1.7364222,1.3802112,1.3134278
mb-03653,train,1.7923918,1.8673991,1.6334685,1.7164465
mb-10417,train,2.0170333,1.9879818,1.447158,1.4009869
mb-03201,train,1.8450981,1.8418214,1.6334685,1.5773016
mb-03148,train,1.4913617,2.054093,1.462398,1.6520715
mb-08184,train,1.7558749,1.8119068,1.0,1.0835494
mb-00611,train,2.075547,2.0204074,1.8512584,1.763236
mb-07091,train,2.1583624,2.1580825,1.7923917,1.8471004
mb-03068,train,2.1702616,2.1309252,1.4771212,1.6799222
mb-05961,train,1.7160033,1.6573238,1.3802112,1.3054823
mb-06749,train,1.9867717,2.1052952,1.7403626,1.8774838
mb-09564,train,1.7075702,1.6024079,1.5563025,1.4364741
mb-00701,train,1.6720978,1.7539375,1.4771212,1.5000508
mb-03029,train,2.2355285,2.322945,2.0530784,1.9711478
mb-00676,train,2.064458,2.0296378,1.50515,1.5115343
mb-04256,train,1.9731278,1.9894673,1.845098,1.8178073
mb-02651,train,1.8573325,1.7756667,1.6812413,1.5764588
af-13aa186ae78d,train,1.0571791,1.160884,0.7789482,0.877613
mb-09674,train,1.819544,1.8626153,1.3424227,1.4003046
mb-07144,train,1.8260748,1.7669914,1.462398,1.399748
mb-04749,train,1.447158,1.3522191,1.0791812,1.0335956
mb-06994,train,2.0211892,2.006027,1.8325089,1.7881172
mb-01677,train,1.6627579,1.7213312,1.2787536,1.3744698
mb-08375,train,1.4771214,1.493968,0.9542425,1.1536939
mb-09074,train,1.8750613,1.7080903,1.5440681,1.4388208
mb-02846,train,2.3384566,2.336305,2.230449,2.2393265
mb-09457,train,1.8976271,1.8788569,1.50515,1.4275804
mb-00230,train,2.0606978,2.0840268,1.763428,1.7370305
mb-06601,train,1.7708521,1.7897018,1.4913617,1.3823354
mb-03824,train,2.1583624,2.2255924,1.8129133,1.8892343
mb-06741,train,2.2855573,2.1915262,1.819544,1.8886693
mb-05048,train,1.7993406,1.7956239,1.6532125,1.648849
mb-01904,train,0.8450981,0.8751705,0.60206,0.67059183
mb-09712,train,2.0086002,1.9935342,1.4149734,1.4678793
mb-10777,train,1.8512584,1.8770475,1.146128,1.0280783
mb-09073,train,2.1553361,2.148752,1.8808136,1.8164525
mb-07763,train,2.164353,2.087811,1.5440681,1.5290617
mb-02774,train,1.5910647,1.5706965,1.39794,1.3911777
mb-09491,train,1.7323937,1.5797079,1.5563025,1.4439142
mb-07919,train,1.4471581,1.2355024,1.146128,1.0911984
mb-05044,train,1.7923917,1.8132347,1.6720978,1.6445081
mb-06750,train,1.30103,1.3486152,1.39794,1.3187333
mb-01937,train,1.7781513,1.8019797,1.3802112,1.4237901
mb-08830,train,2.2576785,2.0318332,1.8864907,1.6926945
mb-03532,train,1.8512583,1.8942503,1.690196,1.6570015
mb-07586,train,1.3424227,1.5052023,1.2552725,1.2336423
mb-10642,train,2.2718418,2.2180839,1.7993406,1.8965297
mb-10416,train,2.1038036,2.1262481,1.69897,1.7065799
mb-04270,train,2.0170333,2.0235515,1.8260748,1.8147359
mb-01061,train,1.3802112,1.2117114,1.0,0.8226558
mb-04773,train,2.4132998,2.3806977,2.09691,2.0932279
mb-08045,train,2.232996,2.2172055,1.690196,1.79909
mb-05080,train,2.2900345,2.2347045,1.9777236,1.9642296
mb-02308,train,2.2121875,2.168807,2.0863597,1.9751519
mb-06720,train,1.4149734,1.511316,1.230449,1.2630478
mb-09558,train,2.1271048,2.1483073,1.8808136,1.9006891
mb-06797,train,2.1846914,2.1798346,1.9190781,1.9354616
mb-09120,train,2.3521824,2.1434867,2.0569048,1.866179
mb-07968,train,2.2528532,2.3712947,1.94939,2.035524
mb-09982,train,1.90309,1.9609201,1.6812413,1.7110204
mb-00335,train,1.8633229,1.8080782,1.60206,1.5882542
mb-04929,train,2.120574,2.180995,1.9731278,2.0251231
mb-03833,train,1.3617278,1.5220498,1.3617278,1.4754666
mb-07474,train,1.94939,1.9358563,1.5563025,1.540609
af-a5b232f4dd80,train,1.6772016,1.5606487,1.1602974,1.0787652
mb-06103,train,1.3802112,1.4370586,1.146128,1.1541513
mb-09511,train,1.9956353,1.8923805,1.7558749,1.6664376
mb-06795,train,1.5563025,1.5461185,1.4149734,1.3815229
mb-08725,train,1.5051501,1.1523356,1.30103,0.9537502
mb-10008,train,1.9344985,1.834763,1.462398,1.3223817
mb-06073,train,1.80618,1.8296282,1.2552725,1.3406625
mb-00864,train,1.6127838,1.5709944,1.447158,1.4198208
mb-02924,train,1.146128,1.578187,1.4149734,1.4734788
af-4077c8c92097,train,1.4253353,1.4406598,1.1230999,1.0762293
mb-07219,train,1.6532125,1.7025111,1.3424227,1.3220776
mb-10676,train,0.0,1.209374,1.0791812,1.0781126
mb-07997,train,1.5440681,1.5513077,1.2787536,1.2770948
mb-06307,train,2.0128372,2.0053487,1.447158,1.4179713
mb-06186,train,1.908485,1.9409814,1.5682018,1.6942047
mb-07883,train,1.9190781,1.8934139,1.8388491,1.7760739
mb-05069,train,1.4313638,1.5481141,0.845098,0.82068014
mb-08622,train,1.770852,1.8827347,1.3222193,1.5648273
mb-02653,train,2.3283796,2.285536,1.9590414,1.9031818
mb-03782,train,2.0569048,2.0699885,1.9138138,1.8039331
mb-08281,train,2.10721,2.0170646,1.6532125,1.5952117
mb-09230,train,2.3283796,2.2388637,1.90309,1.8706557
mb-06009,train,1.8633229,1.6118817,1.50515,1.2424351
mb-05058,train,2.220108,2.1607246,1.6720978,1.745577
mb-08823,train,1.6127838,1.6241038,1.0791812,1.1107879
mb-00753,train,1.6627579,1.7771186,1.5440681,1.6369902
mb-01411,train,1.2787535,1.2821288,0.845098,0.83118075
af-5ed02d9a45e8,train,1.4487712,1.5174552,1.0563636,1.1007165
mb-01181,train,2.1105897,2.193479,1.69897,1.7893782
mb-02862,train,1.9731278,2.0422165,1.5797836,1.6027786
mb-04519,train,2.10721,2.1101584,1.5185139,1.5392313
mb-01222,train,0.90309,0.9696052,0.69897,0.77741206
mb-07802,train,2.4248815,2.4054177,2.3483047,2.2705035
mb-01614,train,2.307496,2.194815,2.0374265,1.85106
mb-08541,train,1.9542425,1.9868424,1.9822712,1.9527814
mb-01617,train,2.4313638,2.2445211,2.0170333,1.8915261
mb-06926,train,2.3117537,2.2672758,1.763428,1.8262761
mb-05359,train,1.20412,0.96640885,0.90309,0.76189256
mb-09401,train,1.6334685,1.7066299,1.230449,1.355362
mb-06733,train,2.143015,2.0899692,1.819544,1.775912
mb-08158,train,1.7075701,1.6937207,1.5314789,1.4410411
mb-00639,train,0.6989701,1.6490803,1.20412,1.4251499
mb-01574,train,2.0934217,2.1146767,1.8692317,1.8575104
mb-08071,train,1.3010299,1.3181009,1.0791812,1.0999849
af-7b0d1bcbe596,train,1.2016648,1.5427141,1.0579665,1.123141
mb-02276,train,1.8260748,1.7800686,1.462398,1.4124312
mb-09362,train,1.1760912,1.049279,0.845098,0.7390155
mb-08326,train,1.3802112,1.5188361,1.3802112,1.384005
mb-05386,train,1.4313638,1.4299679,1.20412,1.1538992
mb-03400,train,1.9242792,1.9032621,1.5185139,1.4997925
mb-05377,train,1.748188,1.7321035,1.3802112,1.3216928
mb-00655,train,2.143015,2.1186764,1.6532125,1.7095295
mb-07801,train,1.4313638,1.3333238,1.30103,1.0866804
mb-02295,train,2.0043213,1.9767411,1.60206,1.6354612
mb-06692,train,1.3424227,1.2809137,1.1139433,1.103034
mb-10107,train,2.146128,2.1849737,1.770852,1.8771651
mb-06152,train,2.2810333,2.3419337,1.845098,2.011674
mb-00615,train,1.462398,1.2837262,0.90309,0.77327645
mb-08199,train,1.90309,1.7901499,1.4313638,1.3918983
mb-02803,train,1.4313638,1.3882827,1.1760913,1.1810403
mb-08098,train,2.0530784,2.0531013,1.7993406,1.8180745
mb-10036,train,2.3443923,2.4248476,2.1673174,2.236086
mb-09280,train,1.6020601,1.5178165,1.0,0.96231776
af-e52ccf55c807,train,1.6383226,1.6208013,1.2842864,1.0121512
mb-06111,train,1.60206,1.6436242,1.5185139,1.4932481
mb-09290,train,1.6532125,1.7032154,1.20412,1.2756778
mb-10443,train,1.7923917,1.8353541,1.50515,1.5616369
mb-10111,train,2.2121878,2.2005835,1.30103,1.416403
mb-03804,train,1.6334684,1.6814709,1.5185139,1.5196636
mb-01788,train,2.0,2.1830602,1.8864907,2.0078495
mb-06847,train,1.763428,1.7870727,1.447158,1.4913082
mb-10526,train,1.8573325,1.8123162,1.6720978,1.5050734
mb-02748,train,1.3802112,1.4025004,1.0,1.0757829
mb-08377,train,0.60206,0.7980447,0.0,0.19802439
mb-01338,train,1.9242792,1.9680262,1.8129133,1.7989511
mb-07600,train,1.5440681,1.3606228,1.1760913,0.9871133
mb-02766,train,2.120574,2.1228218,1.7558749,1.7949917
mb-09631,train,1.8388491,1.7744939,1.3424227,1.3029321
mb-01509,train,1.6901962,1.8408489,1.2787536,1.340944
mb-04332,train,1.6434528,1.699851,1.5682018,1.5714948
mb-01745,train,2.307496,2.22431,2.0128372,1.8649399
mb-03275,train,2.4593923,2.5121553,2.1583624,2.2181046
mb-08072,train,1.5797836,1.4066066,1.1139433,0.98431563
mb-01991,train,2.133539,2.148206,1.6627579,1.7378149
mb-09718,train,2.0827854,2.0422022,1.7242758,1.669969
af-d3aa24a73078,train,1.5470064,1.4982524,1.0684901,1.1335785
mb-00041,train,1.0791812,1.1636782,0.69897,0.78286576
mb-00510,train,1.9242792,1.9117473,1.690196,1.643165
mb-01053,train,1.6020601,1.4101318,1.39794,1.2797765
af-7599b2827de1,train,1.4230082,1.2356287,1.1512994,1.0177417
mb-04003,train,1.531479,1.604908,1.20412,1.3075346
mb-04759,train,1.690196,1.6517184,1.4149734,1.4189329
mb-07078,train,1.8864907,1.87113,1.5185139,1.4669623
mb-02142,train,2.0374265,2.1210923,1.6127839,1.6982999
mb-02601,train,1.4313638,1.4409753,1.0413927,1.0898311
mb-05800,train,2.240549,2.1114757,2.0606978,1.9000287
mb-09930,train,1.30103,1.498764,1.30103,1.4467357
mb-08939,train,2.08636,1.9911838,1.7558749,1.6481701
mb-00654,train,1.5563024,1.6564372,1.3222193,1.4182076
mb-05417,train,2.064458,2.030339,1.845098,1.8250263
mb-04826,train,2.0086002,2.0029933,1.8325089,1.7993219
mb-06438,train,1.3802112,1.4903984,1.1139433,1.0991015
mb-01251,train,2.0128372,1.944732,1.4771212,1.4594933
mb-01953,train,2.164353,2.076289,1.8808136,1.8355038
mb-07910,train,1.60206,1.4907136,1.50515,1.3895564
mb-04860,train,2.146128,2.1557283,1.9344984,1.9446871
mb-04708,train,2.1702619,2.2189026,1.80618,1.8591387
mb-03142,train,1.0,1.197736,0.9542425,0.855249
mb-02021,train,1.5797837,1.6046114,1.39794,1.3650345
mb-09539,train,1.3617278,1.3605629,1.0413927,1.0345364
mb-10360,train,1.6627579,1.6374607,1.4313638,1.4154445
af-f6fa0908a0c1,train,1.5489345,1.7238679,0.69411445,1.0776936
mb-09683,train,1.968483,2.003615,1.7160033,1.8035412
mb-10754,train,2.2810333,2.2366283,2.071882,1.943974
mb-05227,train,2.0043213,1.9684774,1.5185139,1.5076851
mb-09411,train,2.3344538,2.1599653,1.9190781,1.8673874
mb-05140,train,1.724276,1.7448908,1.3424227,1.3596697
mb-10690,train,2.1673174,2.012564,1.5563025,1.4412639
mb-09100,train,2.198657,2.3229086,2.0128372,2.0390055
mb-06729,train,2.0,1.8500118,1.60206,1.5635989
mb-00915,train,2.071882,2.1100059,1.763428,1.9072909
mb-04694,train,1.724276,1.7343214,1.5682018,1.5058144
mb-01043,train,1.0791812,1.1214371,0.845098,0.8294713
mb-06129,train,1.9637879,1.7932667,1.6334685,1.4866576
af-765c3aff754d,train,1.6344843,1.7052608,1.0994735,1.1276376
mb-00563,train,1.8512584,1.8783703,1.462398,1.5184332
mb-10958,train,1.5910647,1.6021538,1.30103,1.3213767
mb-06127,train,2.1760912,2.160223,1.5682018,1.6041075
mb-02960,train,1.8808136,1.9482489,1.6720978,1.6999414
af-611ceac3a84d,train,1.0707433,1.2175977,0.74429846,0.84008414
mb-01187,train,1.3979399,1.4378325,1.1139433,1.0921795
mb-08952,train,2.1818435,2.173283,1.7853298,1.8170977
mb-10354,train,2.0791812,2.073265,1.6812413,1.7453215
mb-06169,train,2.3673558,2.3406491,1.9867717,2.0373747
mb-02296,train,2.075547,2.050157,1.9344984,1.8863133
mb-09097,train,0.9542425,0.8615889,0.69897,0.5973465
mb-06684,train,2.2878017,2.1906726,1.9138138,1.8887141
mb-03412,train,2.376577,2.3105881,2.0791812,1.9709997
mb-08660,train,1.7403628,1.7803032,1.2787536,1.3427497
af-3a6fa1590482,train,1.3970705,1.4546574,1.2054074,1.1223602
mb-06818,train,2.2833014,2.1901002,1.94939,1.8876809
mb-05389,train,2.2878017,2.3056433,1.9590414,1.9451463
af-bc2372a6d49f,train,1.1409258,1.1797512,0.8602134,0.9029507
mb-02438,train,1.913814,1.9793699,1.7993406,1.8653238
mb-01280,train,1.863323,1.8771646,1.6127839,1.6327765
mb-07713,train,2.2329962,2.1544242,1.968483,1.8437471
mb-03673,train,2.0606978,2.1060433,1.8750613,1.9551045
mb-02915,train,1.9956352,1.9064763,1.7242758,1.6409796
mb-08200,train,1.6434528,1.6822326,1.20412,1.242527
mb-10385,train,1.7923917,2.0199118,1.4771212,1.7859948
af-0132ab6b9cdd,train,1.4088994,1.6281614,1.2725911,0.96222454
mb-08489,train,2.029384,2.1546164,1.5682018,1.7803805
mb-09378,train,2.30103,2.2433343,1.5910646,1.5748295
mb-07533,train,1.819544,1.8506882,1.5682018,1.5144384
mb-03811,train,1.462398,1.4695963,1.30103,1.3245043
mb-06957,train,2.326336,2.2208014,1.7075702,1.7289917
mb-07609,train,1.9777236,1.9934158,1.763428,1.7055608
mb-07302,train,2.0453231,2.0030391,1.5682018,1.627421
mb-10586,train,1.6232493,1.729363,1.2787536,1.4190968
mb-03951,train,2.2944663,2.3120458,1.8692317,1.9516375
mb-06300,train,1.5797836,1.5202264,1.3222193,1.268613
mb-04989,train,1.3617278,1.2400756,0.845098,0.76392454
mb-02687,train,1.4913617,1.5559669,1.30103,1.2159126
mb-06134,train,2.3344536,2.3586557,2.0569048,2.0153625
mb-05931,train,2.149219,2.2937653,1.8260748,1.9359072
mb-03560,train,2.1038036,2.1254363,1.748188,1.8169874
mb-01129,train,1.7323937,1.6547382,1.60206,1.4648949
af-366029818476,train,1.7912084,1.4398599,1.3007585,1.0498755
mb-01448,train,1.4313638,1.4505938,1.20412,1.3092006
mb-08806,train,1.6334684,1.8921586,1.1139433,1.3545468
mb-08615,train,1.6720978,1.7546419,1.5185139,1.5608771
mb-08682,train,2.1583624,2.1868424,1.8573325,1.8070457
mb-01078,train,2.2148438,2.2094295,1.8864907,1.851121
mb-09419,train,2.2966652,2.2204113,1.7403626,1.6563376
mb-08560,train,2.0413926,2.064866,1.845098,1.7997243
af-32e1b4a32d8e,train,1.7025607,1.455262,1.1525024,1.081564
mb-05477,train,2.10721,2.0814314,1.7323937,1.7759669
mb-06685,train,1.5440681,1.5790613,1.2787536,1.2918533
mb-03121,train,1.929419,1.9079574,1.4149734,1.3927424
mb-02467,train,2.2671716,2.107688,2.064458,1.9096379
mb-08229,train,2.1522884,2.139371,2.0170333,1.9478571
mb-10885,train,2.5740314,2.4863365,2.178977,2.2008834
mb-01731,train,1.8864907,1.9340768,1.2552725,1.3037399
mb-09958,train,2.3201463,2.253015,1.9542425,1.8665185
mb-05702,train,2.3541083,2.3190951,1.9822712,1.9577252
mb-10386,train,2.4183013,2.4694037,2.1522884,2.1940904
mb-01557,train,2.220108,2.2241912,1.9344984,1.942266
mb-00239,train,2.0211892,1.9560728,1.690196,1.6613138
mb-03421,train,1.4771214,1.3590552,1.30103,1.1472133
mb-09775,train,1.9637878,1.7459191,1.7242758,1.4327614
mb-09534,train,2.0128374,1.9677577,1.4313638,1.4610776
mb-07983,train,2.2900345,2.270109,1.9344984,1.9018093
mb-09223,train,1.5440681,1.4972515,1.6627579,1.4230368
mb-01886,train,1.3222193,1.3338606,1.0,1.0632268
mb-03964,train,1.9242793,1.9275187,1.6812413,1.701684
mb-09943,train,1.9444828,1.7172905,1.4313638,1.2494551
mb-03770,train,1.3802114,1.365145,1.1760913,1.1340009
mb-05028,train,2.326336,2.265301,1.8976271,1.8424294
mb-08486,train,1.5440681,1.3062036,1.2787536,1.0227368
mb-04861,train,2.1731863,2.0937855,1.9242793,1.8777579
mb-03789,train,2.217484,2.1100123,1.968483,1.8740063
af-6df621acdc60,train,1.7667844,1.6356235,0.8927867,0.96379685
mb-00675,train,1.5682018,1.5497208,1.3617278,1.2873986
mb-07048,train,1.6232493,1.7817044,1.39794,1.493267
mb-07499,train,2.3053513,2.2933626,1.9138138,2.0654752
mb-08516,train,1.9777236,1.9848311,1.6434526,1.5937136
af-55b23f1a73a1,train,1.6300423,1.5780017,1.2113502,1.2385838
mb-02949,train,1.9294189,1.9134188,1.3802112,1.4555795
mb-05549,train,1.8260747,1.7995846,1.5910646,1.5058413
mb-05040,train,1.6532125,1.8073623,1.7923917,1.4936755
mb-09472,train,2.2900345,2.1768613,2.0253057,1.8217885
mb-09456,train,1.5563025,1.9092401,1.3617278,1.6025591
mb-00957,train,1.146128,0.984936,0.90309,0.7192136
af-fee4b1fcda0f,train,1.81534,1.4952147,1.2998624,1.1001871
mb-01520,train,1.3802112,1.5174465,0.90309,1.0043943
mb-04415,train,1.8260748,1.807796,1.5185139,1.4752108
af-92fd352b0aa2,train,1.3374593,1.3246999,0.9825376,0.97299975
mb-08861,train,1.6720978,1.7456381,1.5185139,1.5863893
af-6f7e43222d14,train,1.3736199,1.4139417,1.0227417,1.0760854
mb-00056,train,2.0934217,2.059536,1.9542425,1.8960006
af-460691dc51cf,train,0.85396814,0.9505209,0.51574934,0.7069291
af-b0f14217ea99,train,1.7713015,1.8370826,0.8605692,0.97968704
mb-02640,train,2.0334237,2.0634604,1.447158,1.5314591
mb-07706,train,1.8750613,1.8016996,1.5185139,1.4749572
mb-04343,train,1.9190781,1.8439648,1.4771212,1.454315
af-3a3a58a5748e,train,1.7151204,1.6961055,1.282715,1.1276209
mb-10913,train,2.2253094,2.0810761,1.5910646,1.5798222
mb-10446,train,1.7403626,1.7073802,1.3802112,1.3777201
mb-07716,train,2.230449,2.2610207,1.9777236,1.935872
mb-04712,train,1.7781513,1.7047856,1.4149734,1.3900884
mb-08262,train,2.10721,2.009076,1.6532125,1.588944
mb-04159,train,1.6812412,1.7152622,1.447158,1.4881389
mb-01123,train,1.9084849,1.9401382,1.763428,1.7429175
mb-05156,train,2.075547,2.052034,1.6532125,1.6379187
mb-04696,train,2.0170333,2.0164883,1.3617278,1.3751099
mb-10981,train,1.8512583,1.8754876,1.6720978,1.7580392
mb-00543,train,1.4149734,1.5840992,1.462398,1.4029753
mb-02389,train,1.2041199,1.1769022,0.69897,0.68169814
mb-00457,train,2.0043213,2.0418127,1.845098,1.8716211
mb-06835,train,1.39794,1.3583308,0.7781513,0.7484938
mb-05940,train,2.0334237,2.0035331,2.0170333,1.9438522
mb-04801,train,1.6334685,1.6646028,1.4313638,1.4332637
mb-03166,train,1.8864907,1.8836683,1.5185139,1.4691043
mb-09243,train,1.763428,1.8850111,1.4149734,1.5836606
mb-05718,train,1.2041199,1.3958027,1.0,1.1241591
mb-00653,train,2.1139433,2.0739596,1.8388491,1.8250556
mb-00798,train,2.033424,1.9570777,1.7781513,1.6639448
mb-04280,train,1.724276,1.7617487,1.4313638,1.3835275
mb-10114,train,1.9242792,1.8907008,1.690196,1.5837603
mb-03245,train,1.69897,1.7041863,1.4771212,1.4824102
mb-07502,train,1.30103,1.4221554,0.47712126,0.6155675
mb-06827,train,1.5314789,1.6557506,0.9542425,1.1491106
mb-07510,train,2.206826,2.1966686,1.9294189,1.8865757
mb-05606,train,2.2878017,2.2069044,1.7923917,1.7709826
af-56aa266086fc,train,2.1383216,1.7565519,1.2373527,1.1315247
af-d2bed74bc816,train,1.3766792,1.5651186,0.97667086,0.99401766
mb-08410,train,1.6720979,1.6785771,1.39794,1.4210254
mb-06739,train,1.7323937,1.764601,1.4913617,1.5079429
af-af155c777063,train,1.0755725,1.1562903,0.8124735,0.9199808
mb-06071,train,1.8976271,1.923166,1.2787536,1.3155873
mb-00063,train,2.454845,2.4233348,2.164353,2.1057136
mb-03551,train,1.7558749,1.7643814,1.5682018,1.4969054
mb-04035,train,2.3159704,2.2473454,1.9138138,1.8870027
mb-00491,train,1.9138138,1.9422219,1.2787536,1.3405259
af-23ecd8e48b97,train,1.4616472,1.5648459,1.1494901,1.2294225
mb-05587,train,2.0530784,1.9839667,1.8573325,1.7834834
mb-05462,train,2.0791812,1.9970788,1.819544,1.7872546
mb-09162,train,2.2552726,2.0686517,1.9242793,1.7963421
mb-07820,train,2.0530784,2.085887,1.8750613,1.9468482
mb-03113,train,2.2878017,2.1348665,1.9956352,1.8344522
mb-09051,train,1.4623979,1.437832,1.0791812,1.0936719
mb-09891,train,2.133539,2.0365226,1.90309,1.7877926
mb-09301,train,2.1367207,2.173069,1.5910646,1.568458
mb-01017,train,1.7558749,1.7845042,1.39794,1.4114697
mb-02420,train,1.3802112,1.4759821,1.4913617,1.378671
mb-01427,train,1.3222193,1.4881616,1.0,1.1663871
mb-09353,train,1.9542425,2.003055,1.8573325,1.8109369
mb-07644,train,1.9822712,1.8019955,1.4771212,1.2620665
mb-09279,train,2.2121875,2.1126118,1.7558749,1.642046
mb-09800,train,0.7781513,0.7110132,0.47712126,0.44157767
mb-08612,train,1.9956352,2.0454774,1.60206,1.6933889
mb-07951,train,1.94939,1.978634,1.6334685,1.7004435
mb-10506,train,2.0043213,1.9109737,1.5563025,1.4296665
af-ce610cb49c8c,train,1.6090605,1.365502,1.2422059,1.0222265
mb-05483,train,1.7242758,1.8155956,1.39794,1.539643
af-9a0054fa8058,train,1.7295245,1.587576,1.2680957,1.0533559
mb-08334,train,2.10721,2.1578724,1.6334685,1.7750832
mb-10478,train,1.5314789,1.5568367,1.3802112,1.408418
mb-04794,train,2.4216042,2.3700962,2.1553361,2.1904073
mb-08617,train,2.133539,2.1716928,1.8808136,1.9713967
mb-03991,train,1.7923918,1.7339282,1.6812413,1.5751817
af-884cbe648954,train,1.6976163,1.6987548,1.2588048,1.2368693
mb-01244,train,2.3654878,2.3301678,2.0293837,1.9712639
mb-00937,train,1.6020601,1.5631124,1.4149734,1.3649273
mb-03442,train,1.8920946,1.910841,1.447158,1.4460584
mb-08845,train,2.1553361,1.9511156,1.8920946,1.4715289
mb-04011,train,1.5185139,1.5560719,1.3222193,1.3851986
mb-00877,train,2.2278867,2.2444344,1.8976271,1.8655971
mb-00886,train,2.089905,2.0982764,1.9344984,1.859371
mb-03286,train,1.6434526,1.6256802,1.3222193,1.3269619
mb-06669,train,1.1139433,1.1035058,0.7781513,0.79139245
mb-10098,train,1.9637878,1.9131725,1.7781513,1.6872652
mb-02998,train,1.9637878,2.0277996,1.7558749,1.8213509
mb-02569,train,1.30103,1.2979124,1.0,1.0213104
mb-06679,train,1.3424227,1.2882038,1.1139433,1.1079268
mb-04423,train,2.3324385,2.2775588,2.1238515,2.0642614
mb-09723,train,0.47712126,0.6722065,0.0,0.2452923
af-035c219449ed,train,1.4876883,1.3037561,1.1545122,0.92111605
mb-10926,train,2.064458,2.0611372,1.8920946,1.7444999
mb-08651,train,1.6989701,1.6341473,1.4313638,1.4230679
mb-07722,train,2.3856063,2.299078,1.9395193,1.9328068
mb-00746,train,2.1303337,2.061705,1.9637878,1.8846416
mb-06349,train,1.6127839,1.6427366,1.2552725,1.3400753
mb-08253,train,1.361728,1.280845,1.1760913,1.10902
mb-08756,train,1.8920946,1.9587599,1.6434526,1.7299614
mb-00049,train,2.1846914,2.2216806,1.7242758,1.885523
mb-08374,train,1.6720979,1.7494634,1.462398,1.5534846
mb-10105,train,1.8388491,1.8113093,1.30103,1.3162918
mb-08721,train,0.60206,0.6187072,0.30103,0.3107524
mb-08224,train,2.2648177,2.189905,2.049218,1.9889613
mb-00613,train,1.7708521,1.674343,1.39794,1.383166
af-28b5a7baf331,train,1.1373067,1.25613,0.90181565,1.0295378
mb-05943,train,1.968483,1.8773633,1.462398,1.3903863
mb-06100,train,2.240549,2.0558124,1.770852,1.6287385
af-c47980a1cf32,train,1.655004,1.4058406,1.1526216,0.99207306
mb-02009,train,1.9294189,1.8972802,1.4771212,1.4188112
mb-08693,train,1.5563025,1.5906898,1.3424227,1.4177067
mb-07090,train,1.5563025,1.6485928,1.3802112,1.4310839
mb-09485,train,2.0374265,2.0136933,1.7242758,1.8029737
mb-05060,train,1.7323937,1.7362854,1.2552725,1.282707
mb-01326,train,1.5440681,1.5350908,1.4913617,1.4153962
mb-10546,train,1.9637878,1.7003148,1.7853298,1.5073968
mb-05212,train,2.075547,2.0678961,1.8573325,1.8648244
mb-05998,train,1.60206,1.6909239,1.0791812,1.2089651
mb-10580,train,1.30103,1.4704664,1.0,1.1552243
af-331c44611dec,train,1.6048489,1.5962934,1.2003415,1.1410052
mb-10948,train,1.7708521,1.7152413,1.4149734,1.332811
af-c3a69d5aafb4,train,1.4048918,1.1383373,1.1387604,0.8596507
mb-02202,train,1.8325089,1.8381038,1.5314789,1.5064604
mb-03424,train,2.307496,2.256457,1.9822712,1.9035602
mb-09370,train,2.0530784,2.1268706,1.748188,1.8296279
mb-03207,train,2.1038036,2.124605,1.6720978,1.7132547
mb-07384,train,2.3010302,2.262532,1.7558749,1.7998679
mb-04191,train,1.8808136,1.8773286,1.5563025,1.6519227
mb-01598,train,1.5051501,1.5603312,1.30103,1.3543644
mb-04534,train,2.1903317,2.256735,1.8512584,1.9493331
af-2f2f997069e3,train,1.6896541,1.681509,1.0301178,1.128233
mb-03783,train,1.69897,1.8778585,1.4771212,1.6092317
mb-07814,train,1.7558749,1.8502192,1.230449,1.3521823
mb-09459,train,1.7323937,1.7394087,1.1139433,1.2245036
mb-07342,train,1.6532124,1.6794785,1.3222193,1.3842733
mb-10519,train,1.6334685,1.7604676,1.146128,1.2922194
mb-09142,train,2.064458,1.8467025,1.8573325,1.6912143
af-fdd69cc63d2a,train,1.018817,1.1421428,0.7916577,0.87810266
mb-00819,train,2.3502479,2.360961,2.0253057,2.022258
mb-05751,train,1.518514,1.6442955,1.462398,1.3278118
mb-08054,train,1.7923917,1.7532458,1.5797836,1.5359534
mb-09287,train,1.5185139,1.4118057,1.2552725,1.0804708
af-2d7ebd551d6c,train,1.7399235,1.6092577,1.1441599,1.0386968
mb-07416,train,1.770852,1.8383416,1.3222193,1.4752141
mb-04821,train,2.146128,2.144653,1.8129133,1.8394071
mb-09781,train,2.1583626,2.0168705,1.5440681,1.5177897
mb-03853,train,1.1760912,1.1720492,1.0791812,1.0309708
mb-06080,train,2.252853,2.2233634,2.161368,2.0294757
mb-02840,train,1.8976271,1.8689761,1.4149734,1.4059528
mb-01473,train,2.2068257,2.1945586,1.7853298,1.7978966
mb-06434,train,2.292256,2.2528658,1.9395193,1.902254
mb-06153,train,1.8260748,1.9063873,1.50515,1.6106088
mb-03188,train,1.9190781,1.9267066,1.819544,1.7426378
mb-10976,train,2.217484,2.1760304,1.819544,1.7414067
mb-01204,train,2.143015,2.1060789,1.9731278,1.8750418
mb-08269,train,0.7781513,0.86406183,0.47712126,0.57487696
mb-07278,train,2.2013972,2.1029775,1.8920946,1.8095385
mb-08894,train,2.2695131,2.277088,2.1367207,2.0721402
mb-05755,train,1.5563024,1.4765345,1.447158,1.3824369
mb-09102,train,2.1172714,2.1412048,1.7781513,1.7800549
af-b9fafb23d951,train,1.8740683,1.8028364,1.2213151,1.1438751
mb-00648,train,1.3424227,1.2899015,1.1139433,1.0457805
mb-00564,train,2.029384,2.1225963,1.7075702,1.7962396
mb-08386,train,1.8808136,1.8610356,1.0,1.1367427
mb-02189,train,1.8920946,1.8688649,1.5440681,1.5427091
mb-01487,train,1.913814,1.9088347,1.6127839,1.4935112
mb-06663,train,2.3304136,2.2203102,2.2718415,2.1349208
mb-06594,train,2.1731863,2.139542,1.8512584,1.8686635
mb-01963,train,1.3222193,1.6554353,1.3222193,1.2900133
mb-03652,train,2.0413926,2.022564,1.7242758,1.6801498
mb-01340,train,2.130334,2.0259476,1.819544,1.6939578
mb-06101,train,1.7242758,1.7922518,0.90309,1.0493202
mb-07601,train,1.2552725,1.2407796,1.30103,1.0914726
mb-03467,train,2.1172714,2.123187,1.7075702,1.7226828
mb-04455,train,1.7403628,1.7990394,1.5440681,1.5606579
mb-04251,train,1.9493899,1.9245296,1.60206,1.7007514
mb-06170,train,2.2479732,2.1603642,1.8129133,1.7046875
mb-02880,train,2.1903317,2.1763115,1.8864907,1.8471429
mb-03894,train,2.0043213,1.9719532,1.7323937,1.7274109
mb-04739,train,1.30103,1.3547052,0.69897,0.75113416
mb-04337,train,2.283301,2.2344425,1.7242758,1.8217974
mb-02777,train,1.6989701,1.600997,1.4313638,1.272196
mb-00160,train,1.7075701,1.724059,1.5797836,1.5951028
mb-06476,train,2.5365584,2.4151998,2.089905,2.096538
mb-08460,train,0.845098,0.99540704,0.47712126,0.6747753
mb-00178,train,2.2718415,2.2620635,1.9242793,1.9459882
mb-10178,train,2.0827854,2.0699546,1.6812413,1.7108289
mb-06870,train,1.0,1.035546,0.60206,0.6487023
mb-10563,train,1.80618,1.9232051,1.3802112,1.5712727
af-a92a093ecd79,train,1.5632888,1.3802831,1.1345181,1.0377722
mb-01384,train,1.3010299,1.3081204,1.0791812,1.0932148
mb-06867,train,1.6627579,1.6838063,1.4313638,1.4458746
mb-02492,train,2.4927604,2.4311428,2.30103,2.276587
mb-07765,train,2.480007,2.524284,2.149219,2.231762
mb-04454,train,2.4281347,2.4407098,2.1038036,2.1303926
mb-00706,train,1.544068,1.5240351,1.4771212,1.435341
mb-09878,train,2.143015,2.0569265,1.5797836,1.605641
mb-10298,train,1.9242792,1.8936207,0.845098,0.9628535
mb-05018,train,1.9867717,2.0214558,1.7558749,1.7831601
af-3128a4b9547d,train,1.155673,1.1394808,0.77263486,0.83130336
af-ba487a3251dc,train,1.3398985,1.1882942,0.93877333,0.8732304
mb-08309,train,1.4471581,1.3294345,1.20412,1.1374092
af-08933efb4d32,train,1.0545709,0.97054803,0.7665727,0.66317385
mb-08024,train,2.2855573,2.3059573,2.0530784,2.032786
mb-05874,train,2.0086002,1.9982265,1.4149734,1.3218094
mb-02364,train,1.7853299,1.866181,1.6127839,1.6475343
mb-07272,train,2.1760912,2.0484586,1.8633229,1.7878518
mb-08370,train,1.9637878,1.9143984,1.462398,1.4303528
mb-00073,train,1.6020601,1.7151169,1.4913617,1.5230502
mb-08090,train,2.206826,2.1019955,1.39794,1.2858858
mb-05506,train,1.3222193,1.3073227,1.0413927,1.044447
mb-10440,train,1.6532125,1.8714504,1.50515,1.4787123
mb-07933,train,1.763428,1.794683,1.4149734,1.5262687
mb-10980,train,1.819544,2.0659432,1.8388491,1.7407233
mb-02161,train,1.6532125,1.5542583,1.2552725,1.235019
mb-04838,train,1.7708521,1.7477949,1.230449,1.2309078
mb-10023,train,1.7993406,1.7403376,1.20412,1.2320095
mb-04339,train,1.770852,1.7674677,1.3617278,1.2960994
mb-08047,train,1.2787536,1.423566,0.90309,1.0879562
mb-03477,train,1.763428,1.8966589,1.7323937,1.6810187
mb-05905,train,1.1760913,1.4959643,1.20412,1.3249263
mb-04080,train,2.0334237,1.9902616,1.6720978,1.5777668
mb-00152,train,2.1238515,2.095806,1.7853298,1.8415289
mb-00633,train,1.8325089,1.8385552,1.146128,1.1540208
mb-09154,train,1.8864907,1.96605,1.6434526,1.6849382
mb-02714,train,0.9542425,0.8832208,0.69897,0.60559285
af-1752b7165198,train,1.9863238,1.7458383,1.1748793,1.1320599
mb-06658,train,2.3283796,2.2202826,2.2718415,2.1348467
mb-09617,train,2.064458,2.0036144,1.5797836,1.6591578
mb-07841,train,2.146128,2.0307045,1.7853298,1.6354649
af-d80a8198ef24,train,1.5716298,1.662148,1.0109907,1.1009424
mb-05615,train,2.2227166,2.1657102,1.9395193,1.9221344
mb-00709,train,1.8633229,1.8347428,1.4771212,1.4425352
mb-03787,train,2.1367207,2.0291936,1.8325089,1.7840728
mb-02195,train,1.5563024,1.577016,1.4771212,1.4361165
mb-02519,train,2.38739,2.4129171,2.0170333,2.092788
mb-04913,train,1.7323937,1.7587733,1.146128,1.2339988
mb-00503,train,1.9344984,1.9583824,1.80618,1.7926458
mb-09978,train,0.47712126,0.57726884,0.0,0.14626145
mb-10847,train,2.033424,2.0129154,1.4313638,1.5905651
mb-03963,train,1.6627578,1.6472998,1.5910646,1.5758975
mb-01383,train,2.0293837,2.0394313,1.690196,1.6504382
mb-02973,train,1.60206,1.6056072,1.447158,1.4302778
af-6480d7dbdcd7,train,1.0877423,1.2374837,0.76136017,0.9912402
mb-04441,train,2.127105,2.1156194,2.0413928,2.0320716
mb-02478,train,1.8573325,1.8478991,1.30103,1.2896138
af-89fa2dba4515,train,1.4947125,1.4409101,1.1150244,1.0494573
mb-04190,train,1.863323,1.8203907,1.5440681,1.5080138
af-992e04308e2f,train,1.6096542,1.625115,1.0521474,1.0415041
mb-07145,train,1.60206,1.6139212,1.0791812,1.0868212
mb-10329,train,2.3909352,2.4336977,2.0934217,2.1193323
mb-05452,train,1.6989701,1.7954599,1.4913617,1.5364419
mb-02299,train,1.7160033,1.7329272,1.4771212,1.4603809
mb-04479,train,2.3384564,2.2923005,1.9912261,2.0152807
af-e4dd36659b84,train,1.2638987,1.2938647,0.9930622,0.9857778
mb-01989,train,2.3053515,2.3139281,1.968483,1.9956775
mb-08504,train,2.2121875,2.1417363,1.7558749,1.6930537
mb-07213,train,2.1522884,2.1591809,1.6812413,1.7267166
mb-03521,train,2.3384564,2.5410552,2.198657,2.3738751
af-d01371eb46ec,train,1.3065065,1.3345363,1.0388029,1.0447767
mb-00868,train,1.8750613,1.6880136,1.6812413,1.4408424
mb-00840,train,1.7160033,1.8621289,1.4771212,1.5818154
mb-09046,train,0.7781513,0.72772413,0.47712126,0.46334958
mb-04081,train,1.8129134,1.8896456,1.5440681,1.5604651
mb-10900,train,0.845098,0.9233819,0.69897,0.789672
mb-09757,train,1.5314789,1.5434351,0.845098,0.9994592
af-6a57f72befbe,train,1.6875656,1.3222791,1.2174076,1.0245814
mb-08499,train,1.7708521,1.7942617,1.6627579,1.6498108
mb-09488,train,2.232996,2.1802049,1.8573325,1.8027958
mb-01880,train,1.531479,1.5093718,1.4313638,1.390662
mb-00037,train,1.7160034,1.7533755,1.39794,1.4638996
mb-02134,train,1.5563025,1.6122437,1.4313638,1.4242574
mb-10575,train,1.8864907,2.206219,1.5797836,1.8544741
mb-07387,train,1.7558749,1.7442789,1.5314789,1.492963
mb-05379,train,2.365488,2.3206625,1.9242793,1.959446
mb-05819,train,1.6232493,1.6531345,1.39794,1.4082611
mb-00582,train,1.30103,1.6273193,1.230449,1.4707633
mb-10685,train,2.3443923,2.1231523,2.0170333,1.8009806
mb-07251,train,1.7323937,1.7389671,1.3424227,1.4110041
mb-06637,train,2.120574,2.06855,1.6720978,1.7075897
mb-09016,train,1.39794,1.4213946,0.9542425,1.0418473
mb-10106,train,1.7160034,1.8825463,1.462398,1.483471
mb-06107,train,1.929419,1.8398688,1.5563025,1.4402986
mb-06608,train,2.0569048,1.9405762,1.690196,1.5961839
mb-07463,train,1.8573325,1.8954535,1.5910646,1.6130208
mb-02152,train,1.8692317,1.7781916,1.5440681,1.4468632
mb-06723,train,2.120574,2.0500884,1.748188,1.7453051
mb-05769,train,2.025306,2.066062,1.6334685,1.6939096
mb-08904,train,0.69897,0.6705719,0.47712126,0.50946164
mb-10312,train,2.164353,2.0902932,1.60206,1.7811365
mb-02661,train,1.146128,1.1220896,0.9542425,0.7855558
mb-04619,train,2.146128,2.1119192,1.845098,1.8045108
mb-05007,train,2.2148438,2.1671796,1.80618,1.6883863
mb-07708,train,1.8976271,1.69171,1.5563025,1.3942132
mb-01888,train,1.4913617,1.3932467,1.3617278,1.2373031
mb-01258,train,1.1139433,1.041828,0.60206,0.58756965
af-f757d479791e,train,1.6668296,1.4300028,1.2705368,1.1692033
mb-00350,train,2.2787538,2.3057392,1.908485,1.9746096
mb-01006,train,1.7323937,1.7754105,1.5563025,1.5976176
mb-00835,train,2.2355282,2.2639592,2.0253057,1.9389164
mb-05741,train,1.690196,1.6675129,1.3617278,1.339804
mb-02314,train,2.220108,2.2351255,1.9956352,1.9515657
mb-06066,train,2.376577,2.3049488,1.8976271,1.9455695
mb-10645,train,2.303196,2.1369872,1.8692317,1.8448858
mb-06155,train,1.7708521,1.7800115,1.230449,1.2514352
mb-07508,train,2.1139433,2.1117613,1.5185139,1.5299715
mb-08051,train,1.6020601,1.6714401,1.146128,1.2560405
mb-07988,train,2.0,1.9789095,1.5682018,1.6779948
mb-07819,train,1.7923917,1.7366121,1.447158,1.3946682
mb-03350,train,2.0170333,1.9871566,1.819544,1.7237732
mb-03869,train,1.9190781,2.0544236,1.748188,1.8716161
mb-08908,train,2.10721,2.0031345,1.8692317,1.779001
mb-02864,train,1.7993406,1.8430738,1.5682018,1.5626429
mb-01979,train,1.7403628,1.754174,1.6334685,1.6339872
mb-10249,train,1.7781513,1.6974883,1.6127839,1.4576968
mb-01096,train,2.1731863,2.2444038,1.8864907,1.9665596
mb-03071,train,1.9344984,1.9087958,1.447158,1.565554
mb-02929,train,1.9637878,2.0316308,1.6532125,1.7490203
mb-01957,train,2.3384564,2.2835681,1.8692317,1.8701088
mb-02083,train,1.7160033,1.6554742,1.3802112,1.3285375
mb-05942,train,2.0086002,1.9765866,1.0413927,1.1115512
mb-08629,train,2.2900348,2.2392423,1.7993406,1.8024194
mb-02732,train,2.0791812,2.0375874,1.8750613,1.8421793
mb-05680,train,2.1003704,2.0408196,1.6720978,1.6535562
mb-09002,train,1.3010299,1.2264276,1.1139433,0.93567973
mb-05544,train,2.0211895,2.0298948,1.6127839,1.6172073
mb-04763,train,2.292256,2.2390065,1.770852,1.764398
mb-02268,train,1.5797836,1.5813738,1.2552725,1.3298934
mb-05312,train,1.9777236,1.8519567,1.30103,1.2208899
mb-06162,train,1.7923918,1.7825673,1.30103,1.2787666
af-348aaceb97a7,train,1.5326958,1.5900483,1.11587,1.0672419
mb-09210,train,1.9912261,2.0667086,1.6627579,1.6594961
mb-06717,train,2.283301,2.2192504,1.9344984,1.8311571
mb-10861,train,1.3617278,1.0779002,0.47712126,0.19572794
mb-04620,train,2.045323,2.0602608,1.5563025,1.5500219
mb-05862,train,2.3710678,2.3544378,2.089905,2.0100374
mb-02373,train,2.1931245,2.1717048,1.845098,1.8307662
mb-03764,train,2.243038,2.225503,2.0128372,1.9816229
mb-05436,train,1.1760912,1.215708,0.845098,0.87563473
af-9e9071780449,train,1.3040055,1.0851488,1.0146171,0.7950447
mb-04639,train,0.9542425,0.8195722,0.69897,0.5925348
mb-06037,train,1.7558749,1.6822375,1.5910646,1.520761
mb-01558,train,2.049218,1.9808581,1.770852,1.6540372
af-c5c59a10fed6,train,1.0389736,1.1378438,0.71764386,0.8228884
mb-10467,train,2.2174838,2.1627975,2.0211892,2.0175827
mb-04049,train,1.9493899,1.9493384,1.50515,1.6163594
mb-03347,train,1.7558749,1.7347177,1.39794,1.3783022
mb-08376,train,1.5910647,1.6328,1.4313638,1.4095501
mb-03434,train,1.6334685,1.6908218,1.5563025,1.4768991
mb-04407,train,2.1238518,2.1107364,1.8512584,1.8370749
mb-09948,train,2.3856063,2.4681687,2.1903317,2.1626885
mb-06329,train,1.6127839,1.5892297,1.146128,1.142098
af-39fbb25ad81e,train,1.6931357,1.6073625,1.2914999,1.1949552
mb-00595,train,2.0413928,2.0435739,1.8633229,1.8468425
mb-08115,train,1.5440681,1.606138,0.9542425,1.0740677
mb-00334,train,1.929419,1.891148,1.6627579,1.611933
mb-06315,train,1.8512584,1.8456498,1.39794,1.4438009
mb-10504,train,2.075547,2.1852505,1.770852,1.8401761
mb-01219,train,1.90309,1.9445679,1.7923917,1.6921241
mb-10891,train,1.5682018,1.5505896,1.0,1.093426
mb-03017,train,2.5658476,2.4053946,2.2552724,2.1072412
mb-03274,train,2.1903317,2.18842,1.8129133,1.792627
mb-01094,train,2.075547,2.0884569,1.9138138,1.8945713
mb-00462,train,2.2764618,2.3443768,2.1271048,2.1210017
mb-04559,train,1.7708521,1.7107748,1.2552725,1.2527478
mb-00292,train,2.4548447,2.490522,2.146128,2.215799
mb-09989,train,1.50515,1.624265,1.1139433,1.2328547
mb-05168,train,1.8325089,1.7252897,1.50515,1.4305146
mb-01656,train,1.0791812,1.004951,0.69897,0.6559597
mb-09997,train,1.6127839,1.6595455,1.30103,1.3216684
mb-10834,train,2.0211892,1.9379501,1.60206,1.4877081
mb-10941,train,1.4149734,1.5474453,1.230449,1.3555251
mb-04756,train,2.2479732,2.1671376,1.7923917,1.7855761
mb-05714,train,2.1139433,2.1083832,2.075547,1.8096838
mb-08854,train,1.5185139,1.6505493,1.0,1.1806135
mb-01596,train,1.9242793,1.8932924,1.80618,1.699325
mb-08740,train,1.6812412,1.6108544,1.447158,1.3414958
mb-00724,train,2.1003704,2.028411,1.7853298,1.7498803
mb-10545,train,1.6232493,1.7811892,1.447158,1.5084813
mb-08696,train,2.0253057,2.0435412,1.8388491,1.8700442
mb-04395,train,2.0293837,2.0866497,1.8633229,1.9197688
mb-07653,train,1.929419,1.9048429,1.6334685,1.6420101
af-cc3163414e93,train,1.4069982,1.2029427,1.224217,0.87265235
mb-08243,train,1.7853298,1.7711314,1.1760913,1.1795425
mb-00323,train,1.8750613,1.8408482,1.7242758,1.6024476
mb-09270,train,1.90309,1.7956235,1.4313638,1.3847136
mb-04629,train,1.462398,1.4505924,1.1760913,1.1685038
mb-01825,train,1.4313638,1.4711748,1.4149734,1.3193324
af-877eb327e670,train,1.6957426,1.4437987,1.2467177,1.0513351
mb-06790,train,2.2380462,2.171182,2.0413928,1.8738236
mb-03219,train,1.8195438,1.7778271,1.5314789,1.4480497
mb-03034,train,2.25042,2.2697911,1.90309,1.8931572
mb-04196,train,2.1038036,2.16512,1.7853298,1.8292881
mb-09211,train,2.340444,2.205872,1.7403626,1.7450958
mb-01784,train,1.94939,1.9560927,1.5563025,1.6100022
mb-09739,train,2.38739,2.3250976,1.94939,1.9844029
mb-08500,train,1.9956353,1.9874291,1.6127839,1.6040976
mb-09836,train,2.0170333,2.0238152,1.690196,1.7127719
mb-07275,train,1.6627579,1.679626,1.39794,1.3784183
af-77324d52cb51,train,1.4417846,1.2827138,1.1748328,0.9892058
mb-06017,train,2.2810333,2.2306013,1.8808136,1.9073974
mb-09107,train,1.20412,1.31625,0.0,0.18663442
mb-07304,train,0.9542425,0.845552,0.69897,0.68067086
mb-02578,train,1.462398,1.4760127,1.230449,1.2177238
mb-01406,train,1.2787536,1.1213813,1.0413927,0.92551684
mb-03349,train,2.149219,2.1771636,1.6627579,1.6932552
mb-03992,train,1.6720979,1.6447275,1.39794,1.3693699
mb-01370,train,1.7160034,1.8811567,1.5563025,1.5884392
mb-01975,train,1.69897,1.65185,1.6232493,1.4905506
mb-03295,train,1.7160033,1.7938573,1.5910646,1.6562185
mb-06605,train,2.1931245,2.1355963,1.7781513,1.7387265
mb-05277,train,1.7993406,1.7676545,1.6127839,1.5317376
mb-08863,train,1.39794,1.268804,0.90309,0.86998177
mb-01504,train,1.94939,1.9889944,1.6127839,1.631547
mb-00325,train,1.60206,1.5913798,1.447158,1.3728346
mb-07366,train,1.5185139,1.5536461,0.69897,0.8265233
mb-06649,train,2.232996,2.2007399,1.9822712,1.9014541
mb-07539,train,2.09691,2.0463328,1.462398,1.3972361
mb-10051,train,1.7403626,1.7819035,0.845098,0.94129163
mb-08039,train,1.9242792,2.0444684,1.8864907,1.9332618
af-8e1df3004e6e,train,1.3097451,1.8049872,1.024617,1.1680002
mb-02462,train,1.8325089,1.7956784,1.5185139,1.4865478
mb-01036,train,1.7323937,1.7210716,1.30103,1.316908
mb-10729,train,2.25042,2.1026745,1.9867717,1.7593895
af-8da3f072c92a,train,1.3377228,1.3155296,1.0931028,1.0481333
mb-08898,train,1.6020601,1.6034012,1.0,1.0233445
mb-00549,train,2.2355285,2.2485218,1.8573325,1.8913596
mb-03527,train,1.146128,1.1590056,0.845098,0.8750722
mb-02102,train,2.269513,2.2637775,1.9590414,1.9347817
mb-05049,train,1.60206,1.612878,1.3222193,1.2620196
mb-00439,train,2.0863597,2.1090531,1.5797836,1.6177704
mb-04640,train,1.8920946,1.9038247,1.2552725,1.3168838
mb-03463,train,2.252853,2.2562704,1.748188,1.760117
mb-07189,train,2.0492182,2.072424,1.7993406,1.8084759
mb-10380,train,1.5563025,1.5028114,1.0413927,1.0759519
mb-05612,train,1.4149734,1.3521104,1.0413927,1.1339259
mb-03576,train,2.1139433,2.10237,1.9344984,1.7639583
mb-07535,train,2.1038036,1.9619073,1.60206,1.4402713
mb-09713,train,2.1105897,2.1094804,1.60206,1.8823911
mb-00532,train,2.0606978,1.704044,1.1139433,1.0167797
mb-01438,train,2.3384564,2.351561,1.9731278,2.0102007
mb-07044,train,1.770852,1.7047832,1.3222193,1.2752163
mb-04647,train,1.7242758,1.6887145,1.447158,1.3882906
mb-08724,train,1.4471581,1.611759,1.462398,1.3655986
mb-00248,train,1.929419,1.9211776,1.4913617,1.4513648
mb-08870,train,1.8388491,1.9037455,1.39794,1.4210799
mb-04701,train,1.30103,1.6430643,1.1760913,1.3688844
mb-09538,train,1.5563025,1.7217412,1.30103,1.5138235
mb-02283,train,0.90309,0.9343425,0.69897,0.74836165
mb-04226,train,2.0530784,2.0258765,1.763428,1.6764104
mb-06946,train,1.5910646,1.6246824,1.2552725,1.3137095
af-232b73a5e7e1,train,1.183805,1.154763,0.915203,0.8804553
mb-02789,train,2.3747482,2.3863673,2.064458,2.061665
mb-07169,train,1.748188,1.7512836,1.2552725,1.2537726
mb-01143,train,0.60206,0.5283409,0.30103,0.2308172
mb-08257,train,1.5910647,1.7332013,1.5682018,1.589139
mb-06289,train,2.2855573,2.3532586,1.9542425,2.0534256
mb-05999,train,2.0569048,2.0854135,1.60206,1.6360962
mb-09278,train,1.2787536,1.3133746,1.20412,1.1281515
mb-00993,train,2.025306,1.9492084,1.20412,1.1822214
mb-06757,train,1.8512583,1.7950459,1.50515,1.4495299
mb-06209,train,2.1931245,2.1163244,1.8920946,1.7391063
mb-07824,train,2.045323,2.0385003,1.7242758,1.7249756
mb-06125,train,1.748188,1.7192003,1.2552725,1.2606568
mb-04667,train,1.447158,1.5023417,1.1139433,1.1327199
mb-02987,train,1.6434528,1.6861405,1.4313638,1.4322072
mb-07729,train,1.6434528,1.7260695,1.4913617,1.5111156
mb-04969,train,1.7781513,1.8203139,1.5797836,1.5917845
mb-02970,train,2.369216,2.2156084,1.9731278,1.869527
mb-05298,train,2.2148438,2.1289084,1.9138138,1.794576
mb-09514,train,2.292256,2.2178006,1.9777236,1.9537107
mb-01284,train,2.1931245,2.103054,1.5185139,1.5104206
mb-05576,train,2.1367207,2.0471158,1.690196,1.6755102
mb-04184,train,2.0128374,1.971946,1.5440681,1.5321159
mb-07413,train,1.146128,1.3697913,1.0413927,1.2126538
mb-01192,train,2.243038,2.20318,2.045323,1.9567809
mb-03012,train,1.9344984,1.9843385,1.447158,1.4693632
mb-02776,train,0.90309,0.9174204,0.7781513,0.78411573
mb-01337,train,1.7634281,1.7369316,1.4313638,1.3478785
mb-00061,train,1.7242758,1.6866484,1.447158,1.4002467
af-b73d6449f23b,train,1.8503742,1.6811119,0.96968096,1.0126507
mb-08918,train,2.164353,2.1247633,1.5440681,1.6541094
mb-06879,train,2.1818435,2.155389,2.071882,1.9479102
af-5ff815c1453a,train,1.7656894,1.6568311,1.227956,1.1365899
mb-04056,train,1.7323937,1.7453673,1.5314789,1.5872513
af-4bda8bf3d578,train,1.701321,1.3573762,1.3001692,0.99156606
mb-06686,train,1.0413927,1.0190277,0.90309,0.8873282
mb-02291,train,2.1931248,2.2488081,1.6812413,1.5565917
mb-01952,train,2.1367207,2.0683675,1.6334685,1.5352399
mb-09970,train,1.6020601,1.7515999,1.230449,1.4809089
mb-06104,train,2.3344536,2.349902,2.049218,2.0046642
mb-00369,train,1.6334685,1.6729742,1.39794,1.439206
mb-00603,train,1.5797837,1.6545272,1.3424227,1.3826907
mb-00652,train,1.7923918,1.6798025,1.3424227,1.3324775
mb-01916,train,1.968483,1.9920377,1.8325089,1.8189222
mb-10630,train,2.120574,2.0181928,1.9777236,1.9857875
mb-07762,train,2.0569048,2.0586245,1.748188,1.763629
mb-08751,train,1.3222194,1.276196,0.69897,0.8773151
af-fe8eeb1e2af8,train,1.5403996,1.5973849,1.0386122,1.1026316
mb-09663,train,2.2576785,2.1667902,1.8633229,1.7805068
mb-05213,train,2.480007,2.418191,2.30103,2.3786027
mb-04320,train,1.8808136,1.8640192,1.6232493,1.6231719
mb-09770,train,1.4313638,1.5379173,1.146128,1.2889605
mb-01139,train,1.7323937,1.7512051,1.4771212,1.3243922
mb-09484,train,1.5797837,1.7213088,1.30103,1.3850822
mb-05768,train,1.9395193,2.0110292,1.30103,1.4145279
mb-06930,train,1.7993405,1.7590214,1.6720978,1.567221
af-8e7ba568a475,train,0.6720258,0.72247213,0.49496952,0.54341614
mb-09627,train,1.2552725,1.3591552,0.90309,1.0412536
mb-05411,train,2.2764618,2.3224144,1.8692317,1.9906254
mb-00721,train,2.2648177,2.2382262,1.9822712,1.8490834
mb-10911,train,1.7853298,1.8941754,1.2787536,1.3984629
mb-06838,train,1.6232493,1.6063223,1.447158,1.3918507
mb-02939,train,2.3053513,2.2582633,1.9344984,1.9514838
af-17963b5ef054,train,1.3798672,1.3952562,1.1416034,1.114915
mb-03149,train,0.90309,0.93243325,0.69897,0.7513506
af-85c2090d2826,train,1.4768881,1.7012761,1.0962459,1.1153958
mb-06842,train,1.748188,1.7042291,1.462398,1.4128358
mb-02617,train,2.064458,2.068612,1.6532125,1.720052
mb-04352,train,2.232996,2.1171474,1.8808136,1.7730224
mb-05912,train,1.5440681,1.5352361,1.230449,1.166702
mb-07224,train,2.2922559,2.2300582,1.7403626,1.8383875
mb-08441,train,2.2355282,2.1903079,2.0253057,2.0028486
mb-10326,train,1.897627,1.7523557,1.6720978,1.5417336
mb-03948,train,1.8260748,1.8072848,1.4771212,1.3998253
mb-04073,train,2.3856063,2.5060313,2.045323,2.208704
mb-00066,train,1.6532125,1.520964,1.5185139,1.3850946
mb-00150,train,1.5314789,1.5658896,1.4771212,1.4423418
mb-08911,train,1.6127839,1.6163527,1.39794,1.3772867
mb-01090,train,1.5314789,1.360791,1.2552725,1.0878816
mb-03386,train,2.0606978,2.007417,1.6434526,1.6111344
mb-10349,train,2.1038036,2.0927243,1.69897,1.7457951
mb-01494,train,1.6127838,1.6300888,1.3222193,1.3578724
mb-04557,train,1.8260747,1.8229287,1.447158,1.4709134
mb-06463,train,1.7993406,1.7596028,1.39794,1.3806183
mb-04740,train,2.217484,2.1613102,1.6627579,1.7324096
mb-04513,train,1.8692317,1.8996726,1.6232493,1.6393175
mb-09235,train,2.0334237,2.0246584,1.770852,1.7975186
mb-06950,train,1.8129134,1.8564396,1.6232493,1.6252
mb-03535,train,1.7781513,1.7706677,1.5797836,1.5772344
mb-06217,train,2.2576785,2.220704,2.0253057,1.9476361
mb-06648,train,2.3483047,2.3293304,1.8808136,1.9667416
af-6a79b8d09c3f,train,1.6576399,1.539533,1.277655,1.12062
mb-08114,train,1.5314789,1.6353152,1.3222193,1.3393635
af-989235fd2b67,train,1.6546578,1.3461025,1.2707138,1.0534995
mb-06309,train,2.2671719,2.0983028,1.9242793,1.7760963
mb-06464,train,1.9956353,1.9530442,1.30103,1.2896354
mb-02168,train,2.071882,2.0212548,1.8129133,1.8095936
mb-07542,train,2.0086002,1.9966843,1.7993406,1.7552072
mb-07032,train,1.9637878,1.9121807,1.5797836,1.5630438
mb-07459,train,1.763428,1.6760867,1.4913617,1.3326583
mb-03540,train,1.7242758,1.7621727,1.5314789,1.5445261
mb-08077,train,1.8388492,1.8489578,1.6127839,1.5620021
mb-02699,train,1.6627579,1.6974028,1.30103,1.3890343
mb-08265,train,1.6127839,1.5860994,1.3802112,1.3309672
mb-02981,train,2.0899053,2.0601335,1.6812413,1.777324
mb-02345,train,1.763428,1.7592468,1.39794,1.4687883
mb-09926,train,2.3483047,2.1728935,1.9542425,1.7503965
mb-01901,train,2.0827854,1.9509455,1.69897,1.542962
mb-01859,train,1.9777236,1.9017602,1.5563025,1.5520272
mb-03026,train,2.303196,2.2084188,1.763428,1.7464584
mb-09119,train,2.1931245,2.112747,2.0,1.9045415
mb-07936,train,1.8388491,1.7954993,1.5185139,1.4862847
af-bcee7bb7be81,train,1.7416329,1.8391709,0.85668117,0.98231345
mb-09896,train,1.6232493,1.4975804,1.4149734,1.1887515
mb-03263,train,1.9590414,1.9021453,1.6720978,1.6044391
mb-10096,train,1.4149734,1.6903814,1.230449,1.4618678
mb-06092,train,2.0791812,2.058694,1.6627579,1.6179243
mb-06625,train,1.5682018,1.6443595,1.4313638,1.3984212
mb-09203,train,2.0413926,1.8951603,1.6434526,1.4249051
mb-09759,train,2.1958995,2.0623055,1.7242758,1.6439738
mb-02815,train,1.2552725,1.3471967,0.9542425,1.1028643
mb-06442,train,2.3424225,2.3738399,2.0334237,2.0787957
af-f4a14c21af9e,train,1.3484023,1.1694016,1.0801934,0.8730239
mb-05396,train,1.9590415,1.9255792,1.5563025,1.6280553
mb-10707,train,2.1731863,2.0359604,1.7403626,1.6294217
mb-09935,train,1.9731278,1.928902,1.6127839,1.6464249
mb-10737,train,1.5910646,1.6111678,1.2552725,1.3252591
mb-05666,train,1.9242792,1.8400612,1.5314789,1.4519705
mb-02718,train,2.3117537,2.2904577,1.9822712,1.991997
mb-09373,train,1.7853299,1.8177905,1.5440681,1.5786818
mb-04886,train,1.518514,1.5213546,1.462398,1.3943096
mb-03298,train,1.1760912,1.9378232,1.6720978,1.7280849
af-f40a8d6a42c6,train,1.8780849,1.7150503,1.25287,1.1210295
af-45bf324a6244,train,1.265735,1.2750242,0.847403,0.9171183
mb-00019,train,1.0413927,1.2130268,0.69897,0.88042986
mb-09458,train,0.30103,0.4106962,0.0,0.12034476
af-ec10eb407ac3,train,1.5017396,1.2281406,1.1993245,1.0120213
mb-09292,train,1.7558749,1.8018775,1.39794,1.3740846
mb-10163,train,1.770852,1.7347479,1.5910646,1.5186886
af-02918067ce67,train,1.4372128,1.4090588,1.0969412,1.1074464
mb-10355,train,1.3617278,1.4590448,1.0,1.0897225
mb-05722,train,2.0211892,2.0650244,1.8692317,1.860151
mb-01250,train,1.0791813,0.92812985,0.7781513,0.7183718
mb-10336,train,1.7242758,1.6462467,1.447158,1.4095745
mb-09129,train,1.6232493,1.5291678,1.20412,1.1952565
mb-07911,train,1.6232493,1.679178,0.845098,0.883573
mb-06920,train,1.9294189,1.9608016,1.6812413,1.6728591
mb-03859,train,0.9542425,1.0209523,0.7781513,0.87073994
mb-04069,train,1.5051501,1.5751414,1.30103,1.3664112
mb-06855,train,1.7160034,1.7620428,1.230449,1.2960725
mb-02146,train,1.6127839,1.7279791,1.30103,1.3530326
mb-02034,train,1.8260748,1.7856026,1.4149734,1.3763564
mb-01862,train,1.90309,1.8154634,1.3802112,1.3710783
mb-10373,train,0.8450981,0.8490645,0.60206,0.60512453
mb-09668,train,1.9822712,1.8930403,1.7323937,1.6581354
mb-02123,train,2.20412,2.1358938,1.8976271,1.9369812
mb-09517,train,1.9542426,1.9526348,1.5440681,1.5737059
mb-04963,train,1.5440681,1.5837197,1.3802112,1.4001225
mb-03916,train,2.0128372,2.0445464,1.5797836,1.5773125
mb-08086,train,2.0211892,2.0264676,1.7853298,1.7989357
mb-00783,train,1.3222194,1.45088,1.1760913,1.1875956
mb-07349,train,1.8864908,1.710624,1.5440681,1.4190484
mb-10485,train,2.0413928,2.0268724,1.7075702,1.7488925
mb-01926,train,1.4771214,1.589893,1.7993406,1.2523685
mb-04085,train,2.4313638,2.5295305,2.120574,2.2604053
mb-04368,train,1.5563024,1.450802,1.0791812,1.0704918
mb-10420,train,1.9590414,1.9837807,1.748188,1.7262428
mb-03227,train,1.9542426,1.9800311,1.5563025,1.5839521
mb-06742,train,2.0606978,2.039844,1.7781513,1.7293104
mb-09136,train,1.9294189,2.0045583,1.6812413,1.6967732
mb-07852,train,2.0128372,2.001652,1.6627579,1.6463968
mb-01215,train,1.7993405,1.8137707,1.3222193,1.3193556
mb-02854,train,2.1105897,2.0634441,1.7781513,1.6423316
mb-01538,train,2.1303337,2.1062808,1.7323937,1.7883852
mb-03388,train,1.5797837,1.6189077,1.462398,1.4198838
mb-06334,train,1.9590414,1.9650686,1.4771212,1.4692636
mb-05859,train,2.1105897,2.1286895,1.6232493,1.709154
af-986d83293806,train,1.1344258,1.1819371,0.70304537,0.8202892
mb-02514,train,2.0530784,2.081948,1.763428,1.8325717
mb-04747,train,2.3783977,2.3552873,2.1172712,2.0136182
mb-08515,train,2.0043213,1.9566013,1.60206,1.7176487
mb-01193,train,2.075547,2.083442,1.7993406,1.8611228
mb-04181,train,2.3222194,2.442235,2.3324385,2.490656
mb-01173,train,2.1522884,2.0285854,1.7853298,1.6910127
mb-06083,train,2.0170333,1.9650433,1.6334685,1.607043
mb-04655,train,1.8976271,1.9777881,1.6232493,1.6983641
mb-08109,train,1.7242758,1.8230443,1.5185139,1.6051705
mb-01467,train,1.69897,1.6324333,1.50515,1.3975118
mb-01503,train,1.6720979,1.7356571,1.4149734,1.4471382
mb-08368,train,2.3856063,2.3426988,2.0791812,2.0199196
mb-10387,train,1.763428,1.7461593,1.447158,1.4158676
mb-02392,train,1.4913617,1.4283899,1.20412,1.0929964
mb-05860,train,1.518514,1.6994739,1.462398,1.4944811
mb-07567,train,1.7923917,1.9323995,1.5185139,1.619741
mb-00758,train,2.209515,2.1269658,1.9294189,1.8078221
mb-01441,train,1.3617278,1.4731232,1.230449,1.343049
mb-00440,train,1.0791812,1.4372514,1.0,1.3040066
mb-08443,train,1.9542425,2.0731544,1.845098,1.9339848
mb-08126,train,1.3802112,1.2803193,1.230449,1.1089083
mb-08146,train,1.5440681,1.549079,1.3802112,1.3820062
mb-03316,train,1.748188,1.7452917,1.20412,1.2312474
mb-09342,train,2.1172714,2.0093637,1.7075702,1.6702032
mb-04120,train,2.1038036,2.0923243,1.20412,1.3798305
mb-00555,train,2.1105897,1.7385,1.60206,1.3373566
mb-09665,train,1.9867718,2.0814018,1.6334685,1.7618136
mb-00690,train,1.8325089,1.813709,1.60206,1.5317502
mb-03001,train,2.1818438,2.1960344,1.8260748,1.9236374
mb-01371,train,2.1760912,2.1061692,1.6232493,1.6366364
mb-03663,train,2.0086002,2.0489695,1.7558749,1.8312833
mb-06216,train,2.1172712,2.1684234,1.69897,1.7536304
mb-04884,train,1.863323,1.8391919,1.30103,1.2873399
mb-08507,train,2.3692157,2.294213,2.064458,1.9975314
mb-04279,train,2.243038,2.2036312,1.845098,1.8124425
mb-09614,train,1.748188,1.727023,1.39794,1.3656416
mb-02629,train,2.3096302,2.314454,2.0681858,2.0339248
mb-10405,train,1.5797837,1.7707257,1.39794,1.3527315
mb-06161,train,2.2833014,2.2800963,1.8633229,1.8955401
mb-06934,train,2.1398792,2.0549142,1.908485,1.8195086
mb-10004,train,1.8260748,1.8521574,1.20412,1.2183632
mb-07897,train,1.4149734,1.3974465,1.146128,1.1888645
mb-01718,train,1.770852,1.7798705,1.3222193,1.3364773
mb-03182,train,1.7242758,1.7139995,1.0,1.0039148
mb-01145,train,2.0170333,1.9986155,1.908485,1.8514324
mb-09441,train,2.307496,2.1402469,2.0211892,1.8639354
mb-04467,train,1.9590415,1.9175606,1.4913617,1.6260918
mb-08828,train,1.6127839,1.7305424,1.20412,1.3794706
mb-00680,train,1.8388491,1.7881632,1.3617278,1.3063774
mb-03447,train,1.5051501,1.4467533,1.2787536,1.1995972
mb-06478,train,2.0934217,2.0442872,1.6627579,1.6030881
mb-06244,train,2.0530784,1.9939473,1.5797836,1.618372
mb-01344,train,1.9444826,1.9037468,1.5314789,1.5067428
mb-03649,train,2.3283796,2.2164567,1.763428,1.6969358
mb-04700,train,1.9590414,1.8930862,1.763428,1.6671147
mb-01666,train,2.1335387,2.1458695,1.6720978,1.7115886
mb-01292,train,1.3222193,1.2470666,1.0,0.9167867
mb-00400,train,1.0791812,1.252825,0.845098,0.93150496
mb-00245,train,1.7993406,1.7855456,1.20412,1.203176
mb-09134,train,2.2479732,2.2047873,1.5185139,1.6114509
mb-02220,train,2.7411516,2.1432595,1.7323937,1.6475095
af-d93c48d12387,train,1.9578016,1.8823984,1.2067018,1.0949159
mb-02783,train,2.1731863,1.6517216,1.5797836,1.4228402
mb-01876,train,1.5185139,1.5495629,1.146128,1.1794425
mb-08588,train,2.133539,2.0806541,1.90309,1.862374
mb-03848,train,2.292256,2.266397,1.763428,1.8724791
mb-10279,train,1.39794,1.3944602,0.9542425,1.022338
mb-04751,train,2.2944663,2.2176476,1.8633229,1.8332648
mb-04899,train,2.1238518,2.2190115,1.968483,1.9875679
mb-07895,train,2.0569048,1.8163571,1.7923917,1.5088364
mb-01295,train,1.39794,1.2228024,1.2552725,1.0769764
mb-02465,train,2.2455127,2.190012,1.7781513,1.7910274
mb-00377,train,1.80618,1.7783074,1.60206,1.4901848
mb-03128,train,2.155336,2.1232285,1.7323937,1.6981008
mb-05460,train,1.6532125,1.7227519,1.230449,1.2382889
mb-06328,train,1.9590414,1.963546,1.50515,1.5498964
mb-03307,train,2.5854607,2.5319219,2.445604,2.289452
mb-03939,train,1.230449,1.299428,0.7781513,0.8669321
mb-00450,train,2.2966652,2.3356774,1.9956352,2.0666745
mb-09893,train,1.7708521,1.7482386,1.6127839,1.5598886
af-5e2eae8429bd,train,1.7784827,1.5310037,1.2856361,1.056224
mb-02244,train,1.8692317,1.5846679,1.3222193,1.209864
mb-03235,train,1.748188,1.861029,1.4313638,1.5468328
mb-06730,train,1.8260747,1.9190973,1.690196,1.6142321
mb-07671,train,1.7634281,1.7599913,1.6127839,1.3927926
mb-07744,train,1.845098,1.8360255,1.6532125,1.5930591
af-6460fdfb6bb2,train,1.3096302,1.3075114,1.0990345,1.0993025
mb-03704,train,1.8750613,1.8357505,1.5563025,1.5683811
mb-00438,train,1.7323937,1.7601435,1.4149734,1.4230288
mb-01680,train,2.0791812,2.1200938,1.90309,1.894675
mb-03846,train,2.0606978,2.0884593,1.6127839,1.6900826
mb-01830,train,1.8129134,1.732757,1.5563025,1.4877458
mb-05573,train,2.0863597,2.0746589,2.20412,1.9964463
mb-10787,train,1.4471581,1.7522209,1.230449,1.4600859
mb-07732,train,1.6020601,1.3587713,1.230449,1.062269
mb-08242,train,1.80618,1.6944712,1.5682018,1.5516436
mb-04817,train,1.80618,1.7617663,1.462398,1.4726491
mb-03459,train,1.6127838,1.7325841,1.447158,1.498642
mb-08732,train,1.6127839,1.659313,1.4149734,1.3956743
af-fa88375bedf2,train,1.7083385,1.6471404,1.1568761,1.1064574
mb-05478,train,0.8450981,0.82853615,0.60206,0.5441162
mb-05019,train,2.133539,2.1462395,1.6434526,1.63291
mb-04521,train,2.064458,2.0708032,1.763428,1.7600679
mb-04958,train,2.1003704,2.0578089,1.7403626,1.687801
mb-03204,train,2.298853,2.2784352,2.064458,2.0557487
mb-03290,train,1.770852,1.7442625,1.5910646,1.3844976
mb-06296,train,1.90309,1.8810279,1.7403626,1.6915673
mb-03605,train,2.1271048,2.0776768,1.9822712,1.9505485
mb-04978,train,2.3324385,2.2786813,1.8976271,1.8632762
af-8dfd0bb804ec,train,1.5103922,1.5435394,1.1072439,1.1184976
mb-09566,train,2.1238515,2.0413227,1.8129133,1.7531149
af-58f4471901ef,train,1.4854062,1.5599731,0.91993326,1.0677333
mb-05582,train,2.2600713,2.2669365,1.8692317,2.0139065
mb-05514,train,1.8388492,1.8916953,1.6127839,1.6068901
af-1ddfba03085e,train,2.071514,1.7712237,1.2506762,1.1571372
mb-10637,train,1.6532125,1.6999433,1.4149734,1.5050714
mb-10922,train,1.9395193,1.953053,1.4149734,1.4614042
af-4dc98501cf29,train,1.0488999,1.0486648,0.77246475,0.7926449
mb-00945,train,2.064458,2.1132264,1.7160033,1.7462381
af-6c932b2edf8a,train,1.7828709,1.6832175,1.2619287,1.1421024
mb-01516,train,2.1522882,2.1539,2.0211892,1.9696745
mb-02215,train,2.0086002,1.8819187,1.0791812,1.0673262
mb-04827,train,1.9344985,1.9391294,1.5563025,1.4800495
mb-05674,train,1.7558749,1.7894461,1.2787536,1.2546632
mb-04900,train,2.3201463,2.3052254,1.968483,2.069561
mb-07464,train,2.0644581,2.0896838,1.7993406,1.7684296
mb-07220,train,1.6989701,1.5342822,1.462398,1.3489112
mb-02300,train,1.0,1.0638988,0.69897,0.7533258
mb-09471,train,1.0,1.0046086,0.60206,0.6296308
mb-00471,train,1.5797837,1.7905074,1.39794,1.5415255
mb-09396,train,2.232996,1.9373266,1.9590414,1.7166824
mb-06130,train,1.5682018,1.5643426,1.3802112,1.3136972
mb-02251,train,1.7075701,1.8609487,0.845098,1.0496831
mb-08880,train,2.0863597,2.1194642,1.6720978,1.7384739
mb-04822,train,0.0,-0.15805489,0.0,-0.09527516
mb-01703,train,2.1875207,2.0590007,2.0,1.8775493
af-047348a26953,train,1.8623961,1.7378938,1.2883096,1.1758984
mb-04162,train,2.243038,2.1663957,1.9777236,1.9466113
mb-07610,train,2.209515,2.259935,1.7242758,1.7305903
mb-06088,train,1.9912261,1.93272,1.39794,1.4281915
mb-10427,train,2.25042,2.206052,1.7853298,1.7768875
mb-07565,train,2.0374265,2.084386,1.770852,1.8427312
af-1b77bae9c459,train,1.0117649,1.1470636,0.73932385,0.86117023
mb-03688,train,2.3222191,2.4260616,2.149219,2.193342
mb-01739,train,1.690196,1.6247042,1.5185139,1.3936958
mb-07976,train,1.863323,1.9818767,1.4313638,1.5770478
mb-06611,train,1.9138138,1.9213698,1.7323937,1.6971769
mb-04359,train,2.0413928,2.0141377,1.8808136,1.8285787
mb-10304,train,2.4683473,2.570789,2.2671716,2.418621
mb-07256,train,2.1139433,2.1412446,1.30103,1.4715415
mb-10800,train,1.5314789,1.7119471,1.2552725,1.4568806
mb-10880,train,1.7781513,1.8566889,1.39794,1.4804211
mb-08720,train,2.075547,1.9960845,1.20412,1.3050503
mb-08117,train,2.232996,2.1805882,1.8573325,1.7859051
mb-06237,train,1.7403628,1.7939487,1.1760913,1.1926322
mb-06864,train,2.1238515,2.1149998,1.5910646,1.5773108
mb-10749,train,1.6127839,1.6098695,1.2552725,1.2579001
mb-00380,train,1.7160034,1.6671296,1.5563025,1.4720788
mb-07932,train,2.3053513,2.2013028,1.90309,1.8404952
af-5e165517cde9,train,1.5231687,1.4011838,1.1606575,1.0752368
mb-02676,train,1.39794,1.3859785,1.0413927,1.0306835
mb-02310,train,1.39794,1.3932475,1.30103,1.2547824
af-c385ec02c7fa,train,1.1076949,1.201493,0.8358649,0.9197467
mb-09915,train,1.4771214,1.6064405,1.2787536,1.3490714
mb-05537,train,1.2787536,1.2668197,1.0413927,1.1389127
mb-01695,train,1.8633229,1.7639003,1.6232493,1.4960673
mb-06191,train,1.7075702,1.7003125,1.4913617,1.4796598
mb-09659,train,1.6334684,1.7406402,1.0,1.0638137
mb-00176,train,2.232996,2.1825259,2.09691,1.9750752
mb-00553,train,1.4471581,1.7465472,1.4313638,1.4543967
mb-09141,train,2.294466,2.1977243,2.045323,1.943695
mb-05894,train,2.0170333,1.89202,1.763428,1.5639523
mb-09599,train,1.0791812,1.114372,0.845098,0.8453498
mb-04787,train,1.6434526,1.7467897,1.230449,1.4148022
mb-05512,train,1.763428,1.6758788,1.0791812,1.0633872
af-868b8b96c147,train,1.7953446,1.6355544,1.1530309,1.1083761
mb-09520,train,1.9395193,1.8469875,1.2787536,1.0948116
mb-01443,train,1.908485,2.0334804,1.6627579,1.758484
mb-06651,train,2.0827854,1.9843547,1.6812413,1.7083925
mb-02262,train,1.6720979,1.7158831,1.2552725,1.2977142
mb-02546,train,2.456366,2.5264435,2.1875207,2.2363207
mb-02881,train,2.075547,2.0674536,1.8129133,1.7913184
mb-02608,train,1.819544,1.8602002,1.4771212,1.5797268
af-e394f16f4357,train,1.4816718,1.3618773,1.2522266,1.0904379
mb-00524,train,2.10721,2.0757513,1.8573325,1.8575695
mb-09201,train,1.7781513,1.7454402,1.462398,1.3731333
mb-01197,train,0.90309,0.83363473,0.69897,0.66527444
mb-09671,train,2.1105897,2.0306902,1.7558749,1.6599256
mb-06630,train,1.763428,1.8055456,1.3617278,1.4722219
af-e25556eec02a,train,1.6767166,1.6049312,1.1431586,1.1002548
mb-05676,train,2.1003706,2.0282123,1.30103,1.2928165
mb-04438,train,2.3747482,2.3786728,2.0863597,2.0448108
af-358d5c62402d,train,1.7038646,1.6365712,1.204006,1.1618158
af-aab32adb9597,train,1.4003341,1.5550501,1.0485427,1.1192653
mb-03677,train,1.9190781,1.9346812,1.462398,1.4290793
mb-00003,train,2.1172714,2.1267874,1.7075702,1.7268153
mb-07354,train,1.80618,1.8631445,1.4771212,1.5573901
mb-08383,train,1.7558749,1.8951476,1.5314789,1.6164894
mb-04594,train,1.9444827,2.0490825,1.5440681,1.6732002
mb-03060,train,1.3802112,1.3314831,1.0413927,0.9493932
mb-04671,train,2.2174838,2.252517,2.0293837,2.0509353
mb-08604,train,1.5797836,1.5923063,1.3802112,1.3658582
mb-06897,train,2.2648177,2.2340221,1.9956352,1.9325296
mb-05924,train,1.5314789,1.5640891,1.1139433,1.1237744
af-898a956acbc9,train,1.1240443,1.1304991,0.8946887,0.8175532
mb-00293,train,1.8129134,1.7964306,1.30103,1.32583
mb-00530,train,2.071882,1.9878358,1.9590414,1.9254954
mb-07501,train,1.3010299,1.2578824,0.845098,0.89439493
mb-03402,train,1.4313638,1.2561148,1.20412,1.0281792
mb-01121,train,1.90309,1.9031456,1.7075702,1.6987038
mb-00363,train,1.5440681,1.6790118,1.230449,1.4061172
mb-06367,train,1.7993405,1.784004,1.3802112,1.304789
mb-10340,train,1.5185139,1.6109998,1.230449,1.2248945
mb-10681,train,2.4502492,2.0815787,1.5563025,1.2412989
mb-01719,train,1.724276,1.7204053,1.30103,1.3226398
mb-10263,train,2.0934217,2.0202513,1.7853298,1.7390077
mb-07377,train,1.3979399,1.4999596,1.1139433,1.1998464
mb-08455,train,2.0374265,1.9713985,1.5314789,1.52998
mb-00847,train,2.09691,2.0997643,1.690196,1.6518072
mb-02432,train,1.8692317,1.8195412,1.7075702,1.654673
mb-00469,train,1.819544,1.7822922,1.5440681,1.4357483
mb-00773,train,1.6720979,1.7166221,1.3617278,1.444825
mb-08777,train,2.0086002,1.9863322,1.748188,1.7007844
mb-04392,train,2.3222191,2.305156,2.064458,2.0990374
mb-00729,train,2.0043213,2.2085433,1.845098,1.9107985
mb-09951,train,1.9395192,1.8799613,1.4771212,1.4788543
mb-06636,train,2.2430382,2.3009195,2.1673174,2.1856656
mb-00025,train,1.913814,1.864056,1.5440681,1.5198127
mb-06791,train,1.3979399,1.440762,1.0791812,1.1875243
mb-09944,train,1.6127839,1.6160343,1.30103,1.306774
mb-05183,train,1.8864908,1.8045008,1.4913617,1.493749
mb-05403,train,1.763428,1.7885178,1.3617278,1.4300234
mb-02812,train,1.748188,1.750091,1.3617278,1.2661271
mb-01650,train,0.9542425,1.0152171,0.69897,0.69326323
af-ac17f9369248,train,0.7086792,0.73305815,0.35116604,0.402061
mb-08084,train,1.544068,1.5426135,1.3222193,1.3711401
mb-08052,train,2.2121878,2.191487,1.6812413,1.778537
mb-02509,train,2.1003706,2.0521076,1.6127839,1.5725288
mb-03821,train,1.8864908,1.9555341,1.6812413,1.6865681
mb-07382,train,1.3617278,1.4514849,0.90309,0.9727291
mb-03411,train,1.6127839,1.4681165,1.20412,1.1223896
mb-07779,train,1.5910647,1.5960412,1.4313638,1.4321139
mb-03624,train,1.6532125,1.6955981,1.146128,1.2146941
mb-06248,train,1.763428,1.7351928,1.447158,1.396885
mb-09405,train,2.049218,1.9634746,1.7242758,1.5865276
mb-01349,train,2.372912,2.3129885,1.8633229,1.949372
mb-07866,train,1.9493899,1.7654963,1.7923917,1.5547727
mb-05679,train,2.363612,2.3933897,2.0128372,2.065741
mb-00820,train,2.0170333,2.0323749,1.7323937,1.676144
mb-01452,train,2.198657,2.2396052,2.0170333,2.0586977
mb-01029,train,1.80618,1.762991,1.2787536,1.282629
mb-00700,train,2.075547,2.1081116,1.770852,1.727953
mb-04925,train,2.0791812,2.0187776,1.462398,1.4462821
mb-00410,train,1.7160034,1.748035,1.4313638,1.4491347
mb-04355,train,2.2810333,2.3599176,2.2878017,2.3260808
mb-05267,train,1.8129134,1.8278482,1.30103,1.4002192
mb-04127,train,2.307496,2.2703114,1.9956352,1.9507245
mb-09150,train,1.6334685,1.6298727,1.230449,1.2518833
mb-10930,train,2.298853,2.313649,2.0128372,2.108455
mb-06213,train,1.8260748,1.7509367,1.4913617,1.4471035
mb-05579,train,2.326336,2.4245646,2.0211892,2.1344783
mb-06740,train,1.8195438,1.667248,1.5314789,1.4138273
mb-01586,train,1.0,1.0031174,0.7781513,0.79477525
mb-02826,train,1.4149734,1.384767,1.20412,1.1009595
mb-01468,train,2.0211892,2.100864,1.90309,1.8265876
mb-07536,train,2.1271048,2.0842793,1.9590414,1.9260281
mb-08331,train,2.303196,2.2903051,1.9956352,1.9949
mb-05972,train,1.6532125,1.6808693,1.30103,1.3305907
af-129f24d8bdf2,train,1.1755698,1.1779639,0.94206315,0.9175345
af-180a54bb2831,train,1.6799827,1.4149568,1.164784,1.0938206
mb-00298,train,2.4265113,2.3951616,2.1522884,2.1614826
mb-04960,train,2.371068,2.2955544,1.9242793,1.8971057
mb-01230,train,1.5797837,1.659928,1.39794,1.5233717
mb-08104,train,1.6812413,1.733835,1.3617278,1.3753514
mb-05424,train,0.8450981,0.84996974,0.60206,0.5885215
mb-02286,train,2.1931245,2.1738207,1.7781513,1.8947312
af-8ff7034f6bd9,train,1.3750855,1.4713571,1.1019841,1.1765273
mb-04046,train,1.7853298,1.8020438,1.3424227,1.4246542
mb-07082,train,1.39794,1.4462899,1.146128,1.1278408
mb-07614,train,1.9138138,1.9764621,1.4149734,1.4395553
mb-05709,train,1.5563025,1.5646893,1.3802112,1.3749062
af-0e4a5c866567,train,1.5181677,1.6142654,1.2243829,1.0951582
mb-04957,train,1.3802112,1.361192,1.2552725,1.2353358
mb-03025,train,0.7781513,0.9340685,0.69897,0.66766596
mb-08332,train,2.2855573,2.1972756,1.4313638,1.4888186
af-07eae5aae7ba,train,1.6252549,1.5570955,0.8774986,0.8080852
mb-01599,train,1.9242792,1.9385457,1.7160033,1.6941454
mb-01981,train,1.69897,1.6350038,1.3802112,1.3600577
mb-08757,train,2.1553361,2.086339,1.7558749,1.7946805
mb-05792,train,1.6020601,1.5695685,1.462398,1.3987024
mb-02063,train,1.8450981,1.8545971,1.5682018,1.5759518
mb-05628,train,1.531479,1.6310524,1.3424227,1.4230163
mb-04254,train,2.1731863,2.1811948,2.0606978,2.1264386
mb-02843,train,1.7558749,1.7413398,1.3617278,1.4444168
mb-09422,train,1.230449,1.2858279,0.90309,0.944135
mb-02232,train,1.9395193,1.9650836,1.7993406,1.7692503
mb-10859,train,2.5010593,2.1502218,2.1139433,1.8633819
mb-09621,train,1.8692318,2.0313625,1.5682018,1.7643195
mb-07528,train,2.1367207,2.0220788,1.7558749,1.7336705
mb-03008,train,1.9344984,1.9262979,1.5910646,1.5312902
mb-00754,train,2.2148438,2.1421962,1.8750613,1.7431693
mb-03497,train,1.9777236,1.9545348,1.8325089,1.7582514
mb-03892,train,1.7323937,1.6333005,1.5910646,1.4544085
mb-00498,train,1.9242792,1.8562572,1.50515,1.5169921
mb-07887,train,0.6989701,1.4118111,1.5440681,1.2860397
mb-05677,train,2.3802114,2.4027212,2.09691,2.0782807
mb-03519,train,1.7558749,1.7707623,1.5314789,1.5610638
mb-07445,train,1.9822713,2.0122244,1.8260748,1.7450671
mb-04126,train,2.0530784,2.0654745,1.9344984,1.8936248
mb-06044,train,1.6232493,1.6093183,1.2552725,1.3182037
mb-00848,train,2.0863597,2.0222113,1.8750613,1.786073
mb-06159,train,1.518514,1.6348289,1.4913617,1.4300287
mb-10816,train,2.269513,2.1690993,1.8692317,1.8120204
mb-06489,train,2.029384,2.0304375,1.6127839,1.5955757
mb-01163,train,0.0,-0.26037145,0.0,-0.18166745
mb-05812,train,2.2648177,2.2976322,1.8920946,1.9361401
mb-07583,train,2.2764618,2.248219,1.8808136,1.8135918
mb-06200,train,2.1522884,2.0818388,1.7323937,1.6565174
mb-00346,train,2.1702616,2.2001982,1.9956352,2.0102167
mb-04726,train,1.8260748,1.9789231,1.6627579,1.7712023
mb-04060,train,2.1461282,2.1607606,1.7075702,1.776195
mb-00962,train,2.2380462,2.1267788,1.8692317,1.7592192
af-6a88ba550e5d,train,1.5020528,1.5246781,1.1204522,1.1137657
mb-09916,train,0.69897,0.65926564,0.47712126,0.44317973
af-ec21f32abca2,train,1.6552988,1.6560777,1.1456096,1.1471448
af-94289761b4a9,train,1.5682017,1.54584,1.2022921,1.1290052
mb-02628,train,2.346353,2.2903442,1.9822712,1.9273118
mb-07087,train,1.7403628,1.7461722,1.20412,1.233218
mb-02358,train,1.230449,1.2020035,0.9542425,1.0559697
mb-03565,train,2.1238518,2.1423044,1.819544,1.7860591
mb-09341,train,1.763428,1.699479,1.5185139,1.3190888
mb-02333,train,1.6127839,1.6156913,1.4149734,1.3857834
mb-04541,train,2.0681858,1.9882002,1.690196,1.690758
af-6f4b0bfcbf83,train,1.6653202,1.6823547,1.1297543,1.0547101
mb-01212,train,2.0863597,2.0502646,1.7242758,1.7101893
mb-02303,train,1.748188,1.8239526,1.690196,1.7289861
mb-04475,train,1.9637878,1.9565676,1.7558749,1.7541685
mb-07978,train,2.252853,2.237863,1.8325089,1.8657047
mb-05850,train,1.7781513,1.7579396,1.4313638,1.4459423
af-e7d121efe2e9,train,1.4280782,1.2750417,1.2028506,0.944317
mb-07647,train,1.5563025,1.5786991,1.0,1.0503944
mb-04840,train,2.2787535,2.165001,1.6434526,1.6043452
mb-04994,train,2.1139433,2.0535536,1.763428,1.7664101
mb-05382,train,1.908485,1.881107,1.6812413,1.5891348
mb-06011,train,1.9493899,1.9619913,1.3802112,1.5838145
mb-09684,train,2.1673174,2.1573012,1.7075702,1.7780845
mb-01363,train,1.60206,1.70851,1.3617278,1.4640968
mb-04105,train,2.0791812,2.139278,1.9444827,1.975933
mb-01546,train,1.146128,1.1814524,0.7781513,0.7970452
mb-00870,train,1.90309,1.8643436,1.5563025,1.4837798
mb-00465,train,2.25042,2.1862934,1.8976271,1.7685363
mb-04842,train,2.2355285,2.185083,2.0211892,2.03677
mb-04800,train,1.9242793,1.9211094,1.6532125,1.6128674
mb-09960,train,1.7993406,1.8533676,1.5440681,1.63356
mb-10814,train,0.69897,0.7321099,0.69897,0.6186359
mb-08081,train,1.7781512,1.6942928,1.447158,1.3830615
mb-06913,train,2.1522884,2.0930123,1.3222193,1.3639065
mb-03979,train,1.8750613,1.8292862,1.6720978,1.5917535
mb-02153,train,2.3747482,2.2575061,1.819544,1.7794479
mb-00903,train,1.929419,1.863128,1.462398,1.4924551
mb-05289,train,1.8512583,1.7887201,1.60206,1.5155483
mb-03791,train,2.075547,2.0705538,1.6812413,1.738043
mb-10949,train,2.2552724,2.1606386,2.0606978,1.9351022
mb-09773,train,2.1903317,2.0966797,2.0,1.8848736
mb-03154,train,1.690196,1.7136023,1.3222193,1.322536
mb-04075,train,1.5682018,1.5762085,1.3802112,1.3790982
mb-03231,train,2.5132174,2.4620314,2.243038,2.1727495
mb-05803,train,2.3483047,2.362005,2.0863597,2.1094651
mb-00517,train,1.6232493,1.611294,1.30103,1.3270668
mb-03999,train,2.0413928,2.0365458,1.6627579,1.6270616
mb-07063,train,2.4424798,2.1766646,2.178977,1.8651477
mb-08951,train,2.3159704,2.3258533,2.1731863,2.1964672
mb-04774,train,2.1003706,2.076776,1.6127839,1.5937055
mb-07364,train,2.2479732,2.1851218,2.0170333,2.036838
mb-10803,train,1.9542425,2.0358527,1.0413927,1.1261395
mb-03289,train,1.7160033,1.7691642,1.0791812,1.1528603
mb-07168,train,1.447158,1.45502,1.3802112,1.3312505
af-324bc142cbfb,train,1.583557,1.6802812,1.1150211,1.2153314
mb-00086,train,1.20412,1.2484617,0.7781513,0.87643707
mb-02860,train,2.2405493,2.0118322,1.968483,1.7822521
mb-10135,train,2.217484,2.2208602,1.2552725,1.430108
mb-05735,train,1.9590414,2.0476167,1.8129133,1.881682
mb-07676,train,2.09691,2.0088391,1.7075702,1.8181465
af-27cd67b2290b,train,1.6403711,1.6508148,1.2832582,1.1478939
mb-09502,train,1.2552725,1.1085646,1.0,0.8427895
mb-06261,train,2.075547,2.081929,1.6434526,1.6672759
mb-09169,train,1.7323939,1.8353269,1.4313638,1.3787739
mb-08062,train,2.1172712,2.050064,1.9590414,1.8387393
mb-02876,train,2.09691,2.0559187,1.6720978,1.6626005
mb-04894,train,2.1818435,2.26439,2.0934217,2.142531
mb-04310,train,1.8633229,1.9361558,1.60206,1.6061536
mb-00408,train,2.2624512,2.2110639,1.9294189,1.8193076
mb-09334,train,2.2624512,2.2593908,1.9637878,1.9165289
mb-06453,train,2.1875207,2.187813,1.763428,1.7852418
mb-03569,train,1.6989701,1.6706451,1.462398,1.4651872
mb-06415,train,2.3283796,2.3406475,1.94939,2.0349545
mb-04546,train,2.1139433,2.114477,1.9590414,1.8582523
mb-09749,train,2.161368,2.1684422,1.770852,1.8329997
mb-01268,train,1.9444827,1.9651561,1.50515,1.6715711
af-278d84623f7d,train,1.4028337,1.3765781,1.2907267,1.1275139
mb-05363,train,2.045323,2.0670693,2.071882,2.0116553
mb-07171,train,2.1335387,1.9971578,1.8129133,1.694897
mb-01611,train,1.8325089,1.8497814,1.6627579,1.6026572
mb-04890,train,1.8976271,1.7738222,1.770852,1.5962458
mb-03387,train,1.6434526,1.6293674,1.5797836,1.4703925
mb-09851,train,1.9344984,1.9854128,1.7075702,1.8007193
mb-07636,train,0.90308994,1.1175315,0.845098,0.9108032
mb-02798,train,2.369216,2.3538694,1.9912261,2.0323734
mb-08568,train,2.139879,2.0144217,1.7323937,1.6378002
mb-05285,train,1.30103,1.5616871,1.1760913,1.2229321
mb-10974,train,1.7323937,1.6090728,1.2552725,1.158943
af-b49f4099f7e1,train,1.6501813,1.4657842,1.1113499,1.0418999
mb-01907,train,1.7323937,1.7766572,1.3617278,1.2978991
mb-06234,train,2.3096302,2.2337053,1.9637878,1.8556433
mb-07817,train,2.0827854,2.1209488,1.5910646,1.5705129
mb-04174,train,2.089905,2.0496461,1.5910646,1.6015453
mb-09483,train,2.3443923,2.2693312,2.0043213,1.9129784
mb-06053,train,1.7403628,1.7079107,1.3424227,1.3474206
af-504b92a2e3f4,train,1.6467907,1.381348,1.249663,1.0490777
mb-01042,train,2.2855573,2.2797217,2.0569048,1.9803059
mb-09525,train,1.8325089,1.8678043,1.6627579,1.6705164
mb-01780,train,2.1367207,2.1038203,1.9138138,1.8991103
mb-08089,train,2.0791812,2.0877664,1.8920946,1.9678104
mb-00554,train,2.045323,2.0273685,1.146128,1.1010263
mb-06302,train,1.6334684,1.6687336,0.845098,0.89364606
mb-00762,train,1.7160033,1.7418835,1.5314789,1.5347762
mb-09966,train,1.6434526,1.675061,1.230449,1.3568952
mb-06022,train,1.90309,1.8957111,1.3424227,1.4012234
mb-07495,train,1.6232493,1.6415272,1.3222193,1.3185456
mb-07383,train,1.6627579,1.4532814,1.5440681,1.3125752
mb-08421,train,1.8692317,1.8863689,1.3802112,1.4794112
mb-03960,train,1.9190781,1.83271,1.1139433,1.1389611
mb-01417,train,2.3117537,2.2142906,1.80618,1.758137
mb-09794,train,1.845098,1.7727621,0.7781513,0.7374852
mb-05643,train,1.0791812,1.0446534,0.90309,0.8112327
mb-01395,train,1.4313638,1.4392898,1.230449,1.1546416
mb-08878,train,1.6127839,1.5764656,1.3424227,1.3841265
mb-02778,train,2.029384,1.9550338,1.7075702,1.5665498
mb-10436,train,2.4871383,2.353919,2.3096302,2.172601
mb-04664,train,2.1238518,2.1475558,1.80618,1.7965672
af-d2a45d24273e,train,-0.17609105,0.011074781,-0.14706765,-0.25113034
mb-00035,train,1.8325089,1.8628073,1.5314789,1.5399396
mb-00394,train,1.0,1.051063,0.60206,0.6714163
mb-07277,train,2.4183013,2.3307626,1.9542425,1.9695879
mb-09842,train,1.6532125,1.5914378,1.2552725,1.2448862
mb-04026,train,1.8450981,1.9268872,1.5682018,1.6379029
mb-03872,train,1.9822712,1.9141603,1.8976271,1.6922498
mb-08479,train,1.4313638,1.5832638,1.3617278,1.4116492
mb-07741,train,2.1760912,2.1586528,1.8573325,1.839627
mb-04169,train,1.9344985,1.8899174,1.5563025,1.583312
mb-04573,train,1.9590414,1.8204404,1.50515,1.384219
mb-06703,train,1.4149734,1.4783459,1.0,1.1191496
mb-10009,train,0.30103,0.3924146,0.30103,0.36623156
mb-05195,train,2.1583624,2.198099,1.8808136,1.931118
mb-03761,train,1.94939,1.9139584,1.5440681,1.5507674
mb-09531,train,2.120574,2.1080503,1.6812413,1.7694211
mb-08249,train,1.7403628,1.72933,1.30103,1.3151236
mb-04984,train,2.2695131,2.2210493,1.7993406,1.7857695
mb-07503,train,2.1903317,2.0918906,1.5910646,1.5509577
mb-04477,train,2.1003706,2.099061,1.7075702,1.7107983
af-d6e8878db8c7,train,1.012048,1.0889786,0.73811436,0.79428947
mb-00134,train,2.2787535,2.259697,1.90309,1.9148151
mb-06264,train,2.30103,2.2339334,2.1931245,2.0785334
mb-10475,train,1.6127839,1.8839221,1.3617278,1.5220271
mb-03169,train,1.9731278,2.0532844,1.69897,1.7681584
mb-03303,train,2.0086002,2.005921,1.6812413,1.6756973
mb-02873,train,2.3324385,2.2854698,2.1105897,2.0699787
mb-01217,train,2.064458,2.0226219,1.845098,1.5642318
mb-02678,train,2.4313638,2.4320304,2.09691,2.1643653
mb-10251,train,2.3521824,2.282547,2.1303337,1.926099
mb-07317,train,1.6627579,1.6652395,1.230449,1.215732
mb-00014,train,1.8129134,1.8579024,1.146128,1.171202
mb-08699,train,2.0211895,1.8728485,1.5682018,1.5411669
mb-10738,train,1.748188,1.679685,1.2787536,1.2429069
mb-01736,train,2.0,1.9662777,1.8692317,1.730575
mb-05979,train,2.1731863,2.2197127,1.8260748,1.8357985
mb-01433,train,1.3222194,1.2794209,0.90309,0.9062362
mb-09296,train,1.9242792,1.8788759,1.60206,1.4937767
mb-04301,train,2.09691,2.106016,1.9242793,1.9421445
mb-02842,train,1.748188,1.76985,1.5682018,1.5126991
mb-07308,train,1.8864907,1.8952156,1.7781513,1.7679504
af-80c10bcea48c,train,1.5963528,1.5257926,1.1191337,1.0908743
mb-05756,train,1.462398,1.4586024,1.3617278,1.3241503
mb-05583,train,1.9731278,1.9518652,1.8692317,1.7967287
mb-04219,train,2.1172712,2.1120677,1.7923917,1.8068788
mb-03268,train,2.5051498,2.5649045,2.269513,2.2779162
mb-04271,train,1.9777236,1.9640405,1.447158,1.4307928
mb-07067,train,1.724276,1.7784702,1.2787536,1.3004749
af-0bc4e2ff418c,train,1.1571666,1.2034894,0.9952903,0.9445453
mb-05205,train,1.7075702,1.6633261,1.5563025,1.5686002
mb-03603,train,2.060698,2.049209,1.462398,1.5459678
mb-02899,train,1.1760912,1.2245324,1.0791812,1.0717375
mb-02473,train,0.4771213,1.4452076,1.146128,1.2974936
mb-09436,train,2.1818435,2.145331,1.8750613,1.8100146
mb-02682,train,1.819544,1.7292881,1.4313638,1.3928715
mb-09953,train,1.770852,1.7776122,1.5314789,1.4877627
mb-09149,train,1.8388491,1.8928946,1.5563025,1.6224058
mb-02742,train,1.5185139,1.3437637,1.0791812,1.00349
mb-01001,train,1.0413927,1.2178509,0.845098,1.0447669
mb-03856,train,1.3424227,1.4010623,1.0,1.0976458
mb-09237,train,1.8388492,1.8052423,1.5682018,1.6037158
mb-10448,train,1.5314789,1.497942,1.146128,1.1628321
mb-04950,train,2.1003706,2.175189,0.9542425,1.0589484
mb-07024,train,2.0530784,2.0583262,1.6434526,1.6457362
mb-04001,train,2.209515,2.0965166,1.9444827,1.8422258
mb-06771,train,2.0043213,1.9639919,1.5797836,1.402028
mb-07700,train,1.5910647,1.314913,1.1760913,0.9305421
mb-02877,train,2.3180633,2.0553544,1.4313638,1.3440871
mb-01870,train,1.462398,1.5044748,1.146128,1.217716
mb-02328,train,1.3802112,1.4429933,1.1139433,1.1886735
af-c43242ccdc84,train,1.99792,1.820389,1.1901159,1.110572
mb-01014,train,1.8750613,1.8540484,1.80618,1.7084898
mb-07774,train,1.30103,1.2954261,0.90309,0.90436655
mb-06989,train,2.1139433,2.0915291,1.8325089,1.8093392
af-bb569b66afa7,train,1.155336,1.3302119,0.86584634,1.0541365
af-feee15cf90b2,train,0.92052925,1.1520934,0.54344845,0.82064307
mb-03571,train,1.7558749,1.7679509,1.5563025,1.593083
af-8d075262e6af,train,1.3960389,1.3072906,1.1581061,1.0309916
mb-09303,train,1.9294189,1.8453842,1.7403626,1.6303855
mb-09774,train,1.8573325,1.8033879,1.3617278,1.3502254
mb-10437,train,2.1238515,2.0499535,1.7853298,1.7439249
mb-03024,train,2.1818435,2.0926857,1.7781513,1.7209363
mb-06340,train,2.139879,2.1512659,1.7853298,1.740975
mb-09321,train,2.1760912,2.0906947,1.6720978,1.700969
mb-03085,train,2.2718418,2.215661,2.1367207,2.0536628
mb-01775,train,1.7075702,1.6905773,1.39794,1.3700414
mb-05199,train,1.94939,1.9606564,1.6532125,1.7181263
af-c99de34a4b97,train,0.9152827,0.9739751,0.58900297,0.66649866
mb-04002,train,1.3979399,1.648376,1.3222193,1.3977423
af-bb7396f83a01,train,1.4818923,1.5419378,1.2497827,1.2545792
mb-03619,train,1.8325089,1.7576089,1.7323937,1.6760244
mb-09434,train,1.462398,1.4309423,1.0,1.0380744
mb-04058,train,1.8129133,1.8395498,1.60206,1.4989129
mb-00566,train,1.30103,1.2116964,0.7781513,0.73343414
mb-02512,train,1.6720979,1.6705551,1.3802112,1.3683534
af-f38425f6bc10,train,1.0831728,1.163176,0.5867931,0.6680629
mb-06948,train,1.9867717,1.9252973,1.3802112,1.329267
mb-00489,train,2.2227166,2.1910272,1.9731278,1.8773556
mb-02318,train,1.5682018,1.566752,1.2552725,1.3261089
mb-01393,train,1.748188,1.8364108,1.5185139,1.5795101
mb-07472,train,1.6334685,1.6064547,1.3424227,1.3696018
af-b423dadc0feb,train,1.5976436,1.6360912,1.2683322,1.0805819
mb-10337,train,2.1003704,2.0530255,1.6720978,1.7331046
af-9c68d753a5c1,train,1.52562,1.5612495,1.0625519,1.1025703
mb-02133,train,1.7853298,1.7256045,1.5185139,1.484424
af-7c7735b7d15d,train,1.0775714,1.1608684,0.8169965,0.8815302
mb-06399,train,1.90309,1.9365079,1.5185139,1.2792832
mb-00710,train,2.2227163,2.2136965,1.8573325,1.9186826
mb-06759,train,1.845098,1.8207145,1.5563025,1.5697007
af-7dcd5c1f1a84,train,2.2726026,2.0616221,1.07109,0.9878799
mb-07001,train,1.2552725,1.227391,0.90309,0.88251776
mb-06534,train,2.049218,1.9965289,1.5797836,1.5798991
mb-05781,train,2.2013972,2.2506087,1.8325089,1.8232194
mb-00290,train,1.7242758,1.6793708,1.60206,1.5846559
af-53cf3e307753,train,1.6420746,1.5768194,1.2922162,1.2334318
mb-09965,train,2.1430147,2.1246014,1.8129133,1.8136166
mb-06114,train,1.9867717,1.9922196,1.3802112,1.5405643
mb-03546,train,1.80618,1.7699919,1.4313638,1.4339383
mb-09947,train,2.146128,2.208449,1.6434526,1.7576523
mb-07608,train,1.5563025,1.5969522,1.1760913,1.2319466
mb-07516,train,1.7242758,1.7336193,1.2552725,1.2728761
mb-00218,train,1.4313638,1.566215,1.0413927,1.1467712
mb-04266,train,2.3324385,2.345064,1.9395193,2.0542355
mb-07338,train,0.90309,1.0432246,0.60206,0.7632185
mb-04022,train,2.3201463,2.2549295,1.7323937,1.7128752
mb-00732,train,2.0374265,2.0084383,1.6627579,1.5974904
mb-09905,train,2.4377506,2.3135464,1.9590414,1.9374908
mb-05851,train,1.4313637,1.404977,1.0791812,1.0660219
af-f2968781e0b4,train,1.3307525,1.399127,1.1873655,1.101359
mb-05886,train,2.357935,2.2605038,1.908485,1.8225371
mb-03809,train,2.1958997,2.1861324,1.9190781,1.8681479
mb-01744,train,1.6901962,1.6782912,1.5563025,1.4062952
mb-07293,train,2.4132996,2.4156983,2.045323,2.1552382
mb-00026,train,1.8864907,1.856504,1.2552725,1.3223999
mb-03406,train,2.365488,2.3620021,1.8512584,2.02025
mb-03208,train,2.4913616,2.5555003,2.2479732,2.307857
mb-07497,train,1.80618,1.8272492,1.6434526,1.5527558
mb-03293,train,2.423246,2.5004392,2.0681858,2.2028513
mb-00999,train,1.6989701,1.6676033,1.2552725,1.1850994
mb-01010,train,0.69897,0.61278653,0.47712126,0.37365532
mb-01972,train,2.369216,2.312591,2.1105897,2.0078607
mb-03145,train,1.9294189,2.0102448,1.5910646,1.819093
mb-08116,train,1.8750613,1.9344723,1.4913617,1.483515
mb-06952,train,1.3010299,1.5036542,0.845098,1.0351647
mb-08113,train,2.3424225,2.2946596,2.049218,1.9742289
mb-02088,train,1.3802112,1.4414327,0.9542425,1.1355422
mb-10404,train,2.1238518,2.1620865,1.8750613,1.9140079
mb-04128,train,2.1367207,2.1385555,1.819544,1.844426
mb-06805,train,2.3802114,1.9899575,2.09691,1.692698
mb-04338,train,1.7160033,1.6550205,1.3617278,1.2775247
mb-00681,train,1.7323937,1.7507708,1.447158,1.4772985
mb-01983,train,2.0,1.9938345,1.9294189,1.8712722
mb-00059,train,1.8129134,1.7889322,1.5563025,1.5745833
mb-10554,train,2.2671719,2.2724743,1.80618,1.9695082
mb-01594,train,1.2041199,1.2792022,0.69897,0.7179461
mb-03329,train,2.510545,2.4121559,2.3324385,2.2387278
mb-09480,train,2.2855573,2.1306405,1.8260748,1.8145571
mb-01965,train,2.120574,2.1308029,1.748188,1.7457228
mb-06861,train,1.6627579,1.6673331,1.20412,1.242086
mb-02058,train,0.90309,1.1959573,0.9542425,1.0641055
mb-09815,train,1.6532125,1.9236403,1.39794,1.5082307
mb-06888,train,2.2329962,2.1833131,2.0086002,1.8965881
mb-10518,train,2.0170333,2.1899014,1.3424227,1.6030849
mb-01700,train,0.8450981,0.9089292,0.60206,0.58665496
af-faa2f9d697c7,train,0.9542425,1.0308304,0.65891725,0.72070885
mb-06427,train,2.5575073,2.4920087,2.2966652,2.1995623
mb-09266,train,1.8325089,1.7984024,1.50515,1.5075091
mb-08343,train,2.1818438,2.1837702,1.146128,1.2554036
mb-09132,train,2.049218,1.9152434,1.447158,1.3677032
mb-05893,train,1.8920946,1.8376641,1.50515,1.4075731
mb-01566,train,2.1172712,2.1066976,1.6720978,1.669415
mb-06428,train,1.5440681,1.7167448,1.3802112,1.4174677
mb-02340,train,1.6127839,1.8345362,1.3802112,1.5280513
mb-02423,train,2.0253057,2.0229976,1.7403626,1.7759298
mb-09494,train,1.6627579,1.6755867,1.30103,1.3037002
mb-01713,train,2.5453072,2.5276926,2.2855573,2.2344904
mb-04326,train,1.7923917,1.8258159,1.3802112,1.3884661
mb-02724,train,2.432969,2.477149,2.139879,2.239408
mb-05594,train,2.2966652,2.2381554,1.9777236,1.8987262
mb-10599,train,1.6020601,1.5626388,1.30103,1.3204614
mb-04974,train,2.243038,2.1501014,2.0,1.9403367
af-bb46abee4277,train,1.6262264,1.5168766,0.9870877,1.1261501
mb-02301,train,1.1760913,1.2150202,0.9542425,0.94801193
mb-01914,train,2.1038036,2.0455852,1.7323937,1.7573078
mb-06273,train,0.69897,0.692697,0.60206,0.5685117
mb-02406,train,2.382017,2.4620624,2.0791812,2.2098856
mb-07395,train,1.5314789,1.4566531,1.0791812,1.0209786
mb-09745,train,2.3304138,2.1756124,2.0413928,1.8713017
mb-03248,train,2.5550945,2.4032097,2.2278867,2.079304
af-acc935168652,train,1.5875864,1.5711516,0.9905901,1.1036035
mb-02988,train,2.0569048,2.0772474,1.3802112,1.3861493
mb-08654,train,1.8692317,1.8100035,1.50515,1.4277828
mb-06828,train,1.7075702,1.6453912,1.3617278,1.3479934
mb-01041,train,2.2455125,2.2994716,2.139879,2.1062713
mb-06912,train,1.20412,1.0470206,0.7781513,0.7260159
mb-02535,train,1.9294189,1.8941942,1.5185139,1.4883356
af-d9c1f3b80255,train,1.2771001,1.2542512,0.9276598,0.92932385
mb-06962,train,2.178977,2.279646,1.9444827,1.9814154
mb-10925,train,1.8129134,1.7449493,1.5682018,1.5003463
af-8ec0ddedd7a8,train,1.3245109,1.1964716,0.99493057,0.91586536
mb-06389,train,1.9444828,1.9553909,1.4313638,1.4609854
mb-01717,train,1.6989701,1.8802577,1.2787536,1.4444591
af-8ede6eb4a13f,train,1.7015196,1.6921887,1.2044293,1.1727753
mb-00617,train,2.25042,2.283313,1.8692317,1.916934
mb-00794,train,0.7781513,0.6447028,0.47712126,0.41567957
mb-04354,train,1.7853298,1.9158893,1.50515,1.6375899
mb-09725,train,1.7075702,1.7807138,1.3617278,1.4290644
mb-02972,train,1.7403628,2.0013406,1.7781513,1.903883
mb-08419,train,1.6127839,1.6030484,1.3802112,1.366437
mb-07242,train,2.1583624,2.2090595,1.8573325,1.8842323
mb-02848,train,1.7781513,1.7545719,1.5440681,1.4964519
mb-02313,train,1.8750613,2.001331,1.7242758,1.7955263
mb-08482,train,2.30103,2.2698395,1.8692317,1.86424
mb-10904,train,1.9294189,1.8784608,1.5185139,1.5180793
mb-05523,train,1.6720979,1.6812354,1.230449,1.2780488
mb-04754,train,1.3979399,1.4165027,1.0791812,0.93503064
mb-03954,train,2.3384566,2.4282038,2.2764618,2.2363186
mb-06521,train,1.5797837,1.625323,1.30103,1.333025
mb-06497,train,2.3710678,2.3585694,2.0863597,2.020895
mb-04572,train,1.8692317,1.8210028,1.5440681,1.5331812
mb-09128,train,1.8864907,1.7877488,1.5797836,1.5132763
mb-10689,train,1.5682018,1.6062998,1.3424227,1.3981832
mb-01817,train,2.2355285,2.1043227,1.9344984,1.8366895
mb-02818,train,2.1139433,2.052381,1.7403626,1.7119563
mb-09541,train,2.146128,2.1513634,1.0791812,1.1774669
mb-08066,train,1.7781513,1.8706266,1.60206,1.6537482
mb-05042,train,2.206826,2.096159,1.8976271,1.7974749
mb-07406,train,2.3159704,2.1861,1.763428,1.735684
mb-03566,train,2.133539,2.078367,1.845098,1.7967308
mb-02434,train,1.8388491,1.850516,1.6232493,1.5153635
mb-04819,train,1.8325088,1.869549,1.447158,1.4331715
mb-00401,train,1.5440681,1.5478339,1.3424227,1.2270613
mb-10217,train,2.4149733,2.3444302,2.1139433,2.0529048
mb-03095,train,1.8388492,1.8703673,1.462398,1.4984045
mb-03096,train,2.3159704,2.344167,1.8573325,1.9929242
mb-03212,train,2.2944663,2.23993,1.8692317,1.8122538
mb-01883,train,1.6812413,1.646255,1.3802112,1.3009913
mb-03151,train,1.8573325,1.8605554,1.447158,1.441604
mb-09031,train,2.0211892,2.0182498,1.6812413,1.638138
mb-09994,train,1.7853298,1.788825,1.3424227,1.3580984
mb-08849,train,2.1583626,2.1656265,1.8512584,1.8829204
mb-06110,train,2.2810333,2.3761501,1.9542425,2.0413015
mb-00678,train,1.146128,1.2353921,0.9542425,1.0024483
mb-07660,train,2.0374265,2.05258,1.0413927,1.1525185
mb-10625,train,2.1398792,2.195859,1.6532125,1.7786827
mb-05146,train,2.0681858,2.1073682,1.80618,1.897584
mb-07371,train,1.5797837,1.6825907,1.2787536,1.3623714
mb-02755,train,1.6232493,1.6625379,1.20412,1.2868475
mb-05616,train,2.1398792,2.0720701,1.7781513,1.7542394
mb-06899,train,1.8633229,1.8390794,1.5910646,1.4886137
mb-00018,train,1.9138138,2.0548534,1.6434526,1.8503973
mb-05865,train,2.09691,2.0938509,1.6627579,1.6739209
mb-06087,train,2.0569048,2.0375535,1.6532125,1.5734683
mb-03660,train,1.6334685,1.6066431,1.20412,1.2412491
mb-07296,train,1.6232493,1.5158225,1.230449,1.1832702
mb-00479,train,2.120574,2.0604427,1.7075702,1.7119915
mb-02595,train,2.1931245,2.2120895,2.1105897,2.1367111
mb-07538,train,2.1461282,2.1864889,1.7993406,1.7976136
mb-03322,train,1.690196,1.7791741,1.39794,1.4363734
af-99292c09a16a,train,1.4426804,1.289379,1.1729355,0.9945488
mb-00562,train,2.230449,2.1885188,1.7558749,1.7924194
mb-00495,train,1.7781513,1.7991928,1.4771212,1.5043269
mb-10617,train,2.198657,2.0230465,1.6232493,1.5289756
mb-10059,train,2.243038,2.2164054,1.845098,1.8220496
mb-01118,train,1.4149734,1.3693793,1.1139433,1.0056517
mb-09554,train,2.1430147,2.0076325,1.690196,1.5732374
mb-09629,train,2.09691,2.1202724,1.60206,1.7174897
mb-06887,train,1.8633229,1.8609433,1.5185139,1.4790736
mb-05598,train,2.3926969,2.2559032,1.690196,1.772704
af-c01b5c54b086,train,1.1752596,1.2554522,0.7659873,0.99303484
mb-01857,train,1.4471581,1.4698545,1.39794,1.2876078
mb-03288,train,2.2227166,2.191781,1.9242793,1.9577451
af-6d4bd5e199f2,train,1.3992895,1.1610136,1.0817577,0.8774584
mb-05502,train,1.9777236,1.9417815,1.6812413,1.5863544
mb-03755,train,0.9542425,1.1791041,0.60206,0.5851237
mb-03499,train,1.4913617,1.6391551,1.3802112,1.41689
mb-08283,train,1.146128,1.1642576,0.845098,0.78651
mb-08858,train,2.3710678,2.183868,1.9822712,1.8185402
mb-02174,train,1.39794,1.4535993,1.20412,1.3031126
mb-03962,train,1.9867717,1.9349236,1.6720978,1.6390595
mb-04168,train,2.1238518,2.1761658,1.6627579,1.8112934
mb-00761,train,2.10721,2.0701725,1.8808136,1.8636713
mb-03103,train,2.071882,2.0425036,1.8129133,1.7819571
mb-08260,train,1.6627579,1.6376014,1.30103,1.330406
mb-01166,train,2.1903317,2.1158917,1.5563025,1.6644702
af-d1883835918f,train,1.4465325,1.4183187,1.1401371,1.0755999
mb-02837,train,1.763428,1.6725861,1.230449,1.1754946
mb-10730,train,1.4471581,1.5126512,0.9542425,1.0716134
mb-04421,train,2.2430382,2.1930156,1.80618,1.7194263
mb-08271,train,2.2479732,2.1799912,1.8129133,1.847436
mb-04832,train,1.9912261,1.8980384,1.6232493,1.4706776
mb-04129,train,1.6532125,1.6465724,1.30103,1.333683
mb-00393,train,1.8573325,1.8290612,1.69897,1.6955359
mb-00883,train,2.2278867,2.1706123,2.1038036,1.9603771
mb-09814,train,1.4913617,1.6581752,1.4149734,1.5080457
mb-00464,train,2.1702616,2.142979,1.9344984,1.9178728
mb-00430,train,2.0492182,2.0522654,1.6627579,1.6394155
mb-09386,train,1.5797837,1.7205737,1.3424227,1.4921925
mb-09028,train,1.9190781,1.7358255,1.5797836,1.6012766
af-da9e4e5b7d76,train,1.7532849,1.6809487,1.0077691,1.0486827
mb-06871,train,1.80618,1.8533716,1.20412,1.2298374
mb-09892,train,1.968483,2.0034864,1.7160033,1.6830671
mb-03613,train,1.0791812,0.991424,0.69897,0.65529084
mb-05729,train,2.0681858,2.0542936,1.3222193,1.3917146
mb-02995,train,1.763428,1.8313236,1.4771212,1.5900992
mb-00738,train,2.0211892,1.9855057,1.7403626,1.6911548
mb-07040,train,1.7781513,1.8161741,1.3424227,1.3416
mb-04622,train,1.968483,1.9100633,1.60206,1.5064608
mb-07882,train,2.0043213,2.050265,1.770852,1.8382354
mb-06414,train,2.3483047,2.3010654,2.0170333,1.9428926
mb-05564,train,1.8573325,1.965656,1.3424227,1.4717267
mb-04602,train,2.1398792,2.2044127,1.30103,1.360859
mb-05120,train,2.2479734,2.2432816,1.6627579,1.7735864
mb-00719,train,2.0827854,2.07268,1.80618,1.800127
mb-09694,train,1.4149734,1.4877998,1.2552725,1.3477709
mb-02581,train,1.8750613,1.8829787,1.146128,1.2211576
mb-06120,train,1.5910647,1.7339053,1.39794,1.4001188
af-49f47f6178de,train,1.002408,1.0306765,0.5548415,0.65601003
mb-02675,train,2.423246,2.332751,1.9731278,1.9748597
af-c46bde1662d8,train,1.2844307,1.2634772,0.927531,0.9334713
mb-00737,train,1.9542425,1.95141,1.7558749,1.6659142
mb-04447,train,2.0606978,2.0742419,1.8573325,1.806376
mb-08991,train,2.2741578,2.142917,1.9590414,1.8084608
af-50b2883feb14,train,1.1195495,1.2703718,0.6683486,0.9445266
mb-07632,train,1.8808136,1.836236,1.39794,1.3906235
mb-07844,train,1.3222193,1.3335656,1.0791812,1.1021477
mb-04396,train,2.1238515,2.0580738,1.7923917,1.6560057
mb-00513,train,1.9637878,2.0035746,1.5910646,1.7030661
mb-05773,train,2.120574,2.1048155,1.6720978,1.6900467
mb-06412,train,2.1367207,2.2073874,1.7853298,1.8236387
mb-03528,train,2.2900345,2.2100024,2.0530784,1.8843048
mb-03061,train,1.7993405,1.8664246,1.5185139,1.6777264
mb-00322,train,1.8864907,1.8380783,1.69897,1.6136761
af-5fd7303c36d2,train,1.4853266,1.6132972,1.1242335,1.2286704
mb-09717,train,2.4297523,2.4122007,2.1367207,2.115222
mb-03146,train,1.4149734,1.4189994,1.1139433,1.1238606
mb-06662,train,2.0374265,2.0302598,1.4913617,1.4716592
mb-01044,train,1.690196,1.6462864,1.4771212,1.4350637
mb-00307,train,2.3096302,2.2856295,1.9956352,1.9726734
mb-00551,train,1.146128,1.5298111,1.2552725,1.4489417
mb-05166,train,0.7781513,0.7643515,0.30103,0.33141196
mb-07795,train,2.2900345,2.2141714,1.9444827,1.8268912
mb-05787,train,1.8633229,1.8969703,1.6532125,1.5931067
mb-02885,train,2.09691,1.898867,1.8325089,1.5962839
mb-09313,train,1.8512583,1.8075883,1.3222193,1.2480217
mb-04793,train,1.7993406,1.8229241,1.4913617,1.4919258
mb-01186,train,1.8692317,1.8526245,1.30103,1.2737694
mb-05125,train,2.1818435,2.173118,1.9138138,1.9236486
mb-00371,train,2.3364596,2.3229387,2.089905,2.0514994
mb-10127,train,2.3222194,2.3379498,1.968483,2.0928392
mb-07316,train,2.0569048,2.014977,1.3617278,1.330971
mb-08450,train,2.292256,2.2052877,2.1846914,2.0311332
mb-02592,train,2.0334237,2.0389287,1.6720978,1.7241495
mb-05882,train,1.7558749,1.7112097,1.5185139,1.4988543
mb-05461,train,1.8573326,1.8329203,1.6627579,1.6042824
af-0543ba1f6db4,train,1.4910071,1.4529041,1.1544666,1.0449889
mb-00844,train,1.4471581,1.2173927,1.0413927,0.90991765
mb-08412,train,2.146128,2.2198377,1.770852,1.8076137
mb-10299,train,2.0170333,1.9013852,1.60206,1.5189561
mb-04448,train,2.178977,2.1957734,1.690196,1.8238776
mb-00829,train,2.1522884,2.1518607,1.7923917,1.7082576
af-281507392358,train,1.581811,1.6567266,1.085633,1.1423285
mb-00805,train,2.1038036,2.0452044,1.7403626,1.678398
mb-06872,train,1.6334685,1.5667132,1.30103,1.2050499
mb-05739,train,1.9444828,1.9982113,1.1760913,1.2622689
mb-00449,train,1.3617278,1.3723906,1.1139433,1.1027364
mb-07447,train,0.9542425,1.0992932,0.7781513,0.81232256
mb-01580,train,2.10721,2.0218582,1.6812413,1.6727732
mb-06547,train,1.69897,1.7107611,1.3802112,1.390469
mb-02685,train,1.9444827,2.0511167,1.6532125,1.7368397
mb-02930,train,1.9344985,1.9726304,1.6127839,1.7014945
mb-08001,train,2.2624512,2.069318,1.9867717,1.8620929
mb-01671,train,1.2787536,1.1199706,1.0,0.93092024
mb-07071,train,1.724276,1.766987,1.230449,1.2673435
mb-03314,train,1.8129133,1.8424242,1.4771212,1.4715662
mb-06624,train,2.0293837,2.0810385,1.748188,1.8213466
mb-07954,train,1.9912261,2.0734255,1.4913617,1.6035212
mb-09228,train,1.4913617,1.5092672,1.146128,1.2293566
mb-04098,train,1.9956353,2.0076559,1.7781513,1.7421592
mb-01692,train,1.6127839,1.6018637,1.4913617,1.4256557
mb-05451,train,2.269513,2.2268066,2.0374265,2.051476
af-c79bb5670ea3,train,1.820858,1.6968457,1.246757,1.0719875
mb-00596,train,2.075547,2.0661151,1.8692317,1.794148
mb-02575,train,1.4913616,1.4657247,1.447158,1.335382
mb-04702,train,2.0530784,2.0068176,1.8388491,1.7811921
mb-04122,train,1.6720979,1.7112297,1.2552725,1.3111477
mb-05129,train,1.8573325,1.8720415,1.7403626,1.6827822
mb-03270,train,2.2600713,2.2672298,2.09691,2.1272025
mb-05657,train,1.8808136,1.7955971,1.5682018,1.4104459
mb-05027,train,1.9867717,2.0197277,1.763428,1.8488578
mb-02870,train,2.1702616,2.14927,1.9294189,1.9027083
mb-09812,train,1.5797836,1.5540973,1.0791812,1.0585744
mb-10196,train,2.1818435,2.1505325,1.7781513,1.7496215
mb-00649,train,1.4771214,1.4515296,1.230449,1.1903896
mb-08650,train,1.748188,1.3227818,1.5563025,1.1566663
mb-09902,train,1.4771214,1.5641471,1.20412,1.2786983
mb-03217,train,2.08636,2.0869074,1.6127839,1.5759447
mb-07854,train,1.5563025,1.6371099,1.2787536,1.3314066
mb-05847,train,2.075547,2.0715075,1.5440681,1.5191379
mb-02267,train,2.071882,2.0911167,1.50515,1.5215276
mb-00550,train,1.6434526,1.6268288,1.2552725,1.3135465
mb-07259,train,2.1238515,2.1756406,1.770852,1.8055856
mb-08856,train,2.133539,2.082251,1.690196,1.6941007
mb-03706,train,1.8450981,1.8265002,1.5682018,1.5899842
af-5743a00d848e,train,1.1170856,1.152745,0.85564816,0.86045176
mb-04317,train,2.3424227,2.2999997,1.8976271,1.9248049
mb-08425,train,1.9731278,2.0214727,1.5797836,1.5803124
mb-00570,train,1.8195438,1.8302484,1.5797836,1.5545559
af-ee26a5a779ae,train,1.2711746,1.3076777,0.97458535,1.0285481
mb-00387,train,1.8692317,1.779047,1.6812413,1.578997
mb-00095,train,2.1731863,2.1404672,1.7781513,1.7744823
mb-00776,train,2.2253094,2.1696491,1.9777236,1.8638928
mb-06826,train,2.2504199,2.2767746,2.0681858,2.0009089
mb-02377,train,1.3424227,1.3112252,0.9542425,0.91343766
mb-03882,train,2.0293837,2.0046163,1.6434526,1.5936213
mb-01315,train,1.9395192,1.9890028,1.5797836,1.6756382
mb-06177,train,1.7853298,1.7674365,1.2787536,1.2943089
mb-02622,train,1.763428,1.69735,1.690196,1.610885
mb-04834,train,1.5563024,1.8592947,1.5185139,1.6723891
mb-05577,train,1.6232493,1.7153708,1.20412,1.304796
mb-10908,train,1.770852,1.7027818,1.5910646,1.5015107
mb-06018,train,2.120574,2.028987,1.5314789,1.4899065
mb-08728,train,2.2552726,2.2620754,1.7993406,1.9510171
mb-03656,train,2.378398,2.3658004,2.0,2.0322244
mb-04641,train,1.1139433,1.0928386,0.69897,0.7178107
mb-10830,train,1.230449,1.4313254,1.3424227,1.4347175
mb-05053,train,2.252853,2.2398279,1.8920946,1.9015691
mb-07928,train,2.0413926,2.0241866,1.69897,1.7624695
mb-10965,train,2.4668677,2.4329453,2.3961995,2.2155232
mb-06308,train,2.033424,2.0528421,1.6627579,1.5712788
mb-00212,train,2.143015,2.1463542,1.5682018,1.6727365
af-eb724544dfdf,train,1.2486548,1.4739628,0.8013543,1.0511956
mb-06518,train,2.292256,2.2607205,1.9444827,1.8978055
mb-03377,train,1.146128,1.2209203,1.1139433,1.0762751
mb-06424,train,2.0128372,1.9779296,1.6532125,1.6180128
mb-07665,train,2.378398,2.3827238,2.0334237,2.051778
mb-08931,train,2.0293837,2.0369124,1.6720978,1.6913292
mb-09984,train,2.1303337,2.030617,1.7323937,1.657279
mb-04755,train,1.9867717,2.004107,1.50515,1.5646044
mb-05617,train,1.4771214,1.3280908,0.90309,0.8013725
af-a652b12baedd,train,1.128903,1.2247607,0.7641021,0.96164674
mb-02521,train,1.8512584,1.8376949,1.6812413,1.3648982
mb-08231,train,0.30103,0.26034713,0.0,-0.027278066
mb-05151,train,2.2576785,2.1716118,1.748188,1.7425008
mb-03359,train,1.9777236,1.9416047,1.4913617,1.4922261
mb-00181,train,2.045323,1.97005,1.50515,1.4267217
mb-01079,train,1.8920946,1.804285,1.5440681,1.541312
mb-00118,train,1.7323937,1.7445084,1.5185139,1.5276198
mb-06909,train,1.763428,1.727743,1.4913617,1.4853963
mb-01099,train,2.0170333,2.0057757,1.6627579,1.6322968
mb-01869,train,1.20412,1.1820302,0.90309,0.938399
mb-02100,train,2.2600713,2.1387615,1.8325089,1.8023787
mb-10424,train,1.5910646,1.5582113,1.3802112,1.2645924
mb-07247,train,2.0253057,2.1614442,1.7853298,1.7763366
mb-08742,train,1.7993405,1.7241628,1.5797836,1.4439945
mb-08218,train,1.5563025,1.6276413,1.2787536,1.5160174
mb-09532,train,1.90309,1.9956177,0.69897,0.86802197
mb-09652,train,2.3463528,2.2382908,2.0681858,1.9320086
mb-10550,train,1.9242792,2.0027263,1.7242758,1.7606336
mb-05527,train,1.5051501,1.5533205,1.2787536,1.3163619
mb-07719,train,1.3617278,1.6575289,1.5910646,1.3454446
mb-08225,train,1.9344985,1.9993117,1.6532125,1.6269789
mb-06515,train,2.2552724,2.1702888,2.1303337,1.9749131
mb-07207,train,2.1875207,2.1201167,1.94939,1.8928318
mb-08035,train,2.064458,2.0616057,1.8129133,1.8698666
mb-09309,train,2.2900345,2.2417724,1.9444827,1.9519219
mb-04383,train,1.0,1.0997528,0.90309,1.0067754
mb-07831,train,1.5797836,1.5374906,1.3617278,1.2758424
mb-00427,train,1.0413927,1.1796496,0.9542425,1.0093179
mb-10419,train,2.0791812,2.0629444,1.5440681,1.7157985
mb-04327,train,1.6020601,1.6246641,1.4913617,1.4960122
af-67e6bb73871b,train,1.0186547,0.9144233,0.71718186,0.61814934
mb-05723,train,2.1003704,2.0989292,2.045323,2.0485168
mb-04335,train,2.130334,2.0740137,1.4313638,1.4994736
mb-02246,train,1.9084849,1.9014752,1.4771212,1.4388859
mb-03318,train,2.252853,2.2248065,2.071882,2.0658472
af-3ea6e14c7184,train,1.5334619,1.4490376,1.0685643,1.0565584
mb-04717,train,1.1139433,1.2476159,0.7781513,0.92083895
mb-07109,train,1.90309,1.7167293,1.3222193,1.3291124
mb-02743,train,0.60206,0.59006184,0.47712126,0.47832322
af-b167bafb684e,train,1.5135877,1.5665097,0.75806063,0.8464918
mb-05418,train,2.390935,2.3287663,1.9637878,1.9741912
mb-05163,train,2.2810333,2.2003324,1.8325089,1.7972001
mb-09067,train,2.3283796,2.2197304,2.2718415,2.134146
mb-02362,train,1.7075702,1.7373344,1.5185139,1.5739149
af-94bbce215f92,train,1.1445525,1.3172395,0.8986166,1.0278944
af-17d4f25a9a09,train,1.1308643,1.1983852,0.849385,0.89003545
mb-03997,train,2.3521824,2.2965333,1.9138138,1.9627652
mb-08409,train,2.1846914,2.0232873,1.8512584,1.6827278
af-3f12ba2c8554,train,1.0198097,1.1905551,0.77568835,0.90274954
mb-00333,train,1.5682018,1.6596721,1.0,1.1395915
af-28175e4a7edd,train,1.5460031,1.6750128,1.1977711,1.2109098
af-32900c9d0831,train,1.855553,1.7618182,1.1162722,1.1278784
mb-10644,train,1.5440681,1.3828733,1.0413927,0.95919186
mb-01151,train,2.311754,2.33424,1.8512584,1.9759866
mb-05708,train,1.763428,1.7692394,1.2787536,1.2702599
mb-05809,train,2.2671716,2.2386897,1.8692317,1.9419104
mb-01578,train,2.2095149,2.2001736,2.089905,2.0028002
mb-10757,train,1.9542425,1.7402065,1.4771212,1.4291756
mb-00789,train,2.1583626,2.1727495,1.9395193,1.8667157
mb-08525,train,2.1613681,2.153438,1.9395193,2.019116
mb-04148,train,2.0374265,2.0597885,1.6232493,1.6492054
mb-07332,train,2.2900345,2.2294688,1.770852,1.7789687
mb-00787,train,2.0530784,2.0367005,1.6127839,1.6017449
mb-04550,train,2.2430382,2.1029825,1.94939,1.7485077
mb-07720,train,1.4771212,1.28505,1.1139433,0.9104222
mb-08971,train,2.0606978,2.0318167,2.0293837,1.9212707
mb-05257,train,1.748188,1.7421154,1.462398,1.4577228
af-23e26457c91a,train,1.440016,1.5249412,1.2400098,1.2101896
mb-07931,train,1.8573325,1.8439256,1.146128,1.145666
af-993875381dc8,train,1.6786194,1.6783547,1.003452,1.0399914
mb-01601,train,1.3010299,1.2208433,1.1139433,1.0646064
mb-03131,train,2.0293837,2.0368192,1.8388491,1.8262256
mb-04213,train,1.7160033,1.6441209,1.60206,1.4299458
mb-10524,train,2.571709,2.21467,2.5831988,2.2055376
mb-04808,train,1.819544,1.7695606,1.462398,1.5059371
mb-00106,train,1.8750613,1.8753238,1.5682018,1.6049169
mb-01530,train,2.2013972,2.1955965,2.0530784,2.0073926
mb-05665,train,1.8325088,1.7938282,1.3222193,1.2441849
mb-07766,train,1.968483,2.0958784,0.845098,1.0096729
mb-10572,train,1.5314789,1.5484003,1.146128,1.2272825
af-494d1eb12219,train,1.3989135,1.3106754,1.2467422,1.0944519
af-65482008ce92,train,1.3559072,1.4393275,0.843609,0.99270916
mb-03450,train,1.5563025,1.5754567,1.5440681,1.5194002
mb-01225,train,2.209515,2.3110685,1.9344984,2.0510619
mb-09033,train,2.264818,2.2445078,1.9242793,1.927782
mb-00604,train,2.2121875,2.1796002,1.770852,1.760514
mb-01400,train,1.9344985,1.9545834,1.3424227,1.3248302
mb-01259,train,1.447158,1.3404021,1.1139433,1.1185849
mb-04434,train,1.6127839,1.6206365,1.4149734,1.3361093
mb-07244,train,1.9637878,1.9356765,1.7853298,1.6577237
af-00cd175b0c3d,train,1.7616775,1.5685401,1.2981017,1.083172
af-42509cd1af13,train,1.098962,1.0566038,0.781019,0.8010436
mb-02773,train,1.6127839,1.6951859,1.4149734,1.4210513
mb-10170,train,1.4149734,1.5241798,0.9542425,1.0513602
mb-01210,train,2.0791812,2.1042266,1.8325089,1.9270968
mb-04502,train,2.389166,2.3148122,1.9444827,1.9478649
af-c4bedc78c6d4,train,1.7214446,1.5121679,1.2861577,1.0546737
mb-07257,train,1.9190781,1.9944752,1.6627579,1.753591
mb-02868,train,1.80618,1.8593202,1.6127839,1.5775244
mb-08437,train,2.0606978,1.9941022,1.8388491,1.7113547
mb-07347,train,1.6434528,1.5582443,1.20412,1.2167349
mb-04990,train,2.0334237,2.0906427,1.8864907,1.8516446
mb-10869,train,2.2741578,2.192675,1.845098,1.8580661
mb-08491,train,2.0827854,2.0618374,1.7993406,1.815177
mb-09666,train,2.3673558,2.3965952,1.9542425,2.1123085
mb-04571,train,2.3242824,2.2241035,1.9444827,1.8171937
af-8695dbc1dce0,train,1.902456,2.1402435,1.2653179,1.0699487
mb-08634,train,2.0374265,1.9999462,1.7323937,1.7108636
mb-02761,train,1.1760913,1.1762018,0.69897,0.7258796
mb-00084,train,1.20412,1.1461742,0.9542425,0.86398697
mb-01070,train,1.4771212,1.5736618,1.2552725,1.2615151
mb-10977,train,1.60206,1.6771364,1.0413927,1.1206312
mb-03567,train,2.0334237,2.0301023,1.6720978,1.6802638
mb-04201,train,2.143015,2.188747,1.80618,1.80582
mb-02926,train,1.7853298,1.844528,1.5797836,1.5879356
mb-02197,train,2.0791812,2.1573458,1.9395193,1.9895145
mb-02317,train,1.4313637,1.7050834,1.0791812,1.3298657
mb-10835,train,2.0211892,2.0353568,1.690196,1.6336638
mb-08674,train,2.198657,2.203861,1.8692317,1.8771129
mb-09048,train,2.0934217,1.9601195,1.7075702,1.6569289
mb-10643,train,2.2355285,2.201731,1.968483,1.9129636
mb-04041,train,1.4913617,1.461546,1.1760913,1.2173858
mb-04527,train,2.0374265,2.0304446,1.4913617,1.4733437
af-981a1b462db4,train,1.848109,1.5574863,1.26361,1.070343
mb-03014,train,1.9294189,1.8507683,1.770852,1.6744211
mb-02288,train,2.155336,2.124949,2.0681858,2.0465379
mb-04253,train,1.1139433,1.2637761,0.9542425,1.1147333
mb-00500,train,2.1430147,2.0525641,1.770852,1.6399784
mb-07441,train,2.0569048,2.0718212,1.6232493,1.8015457
mb-00337,train,2.3820171,2.3984218,1.9777236,2.1461284
mb-10731,train,2.1271048,2.0479255,1.8260748,1.6064324
mb-10646,train,1.1139433,1.2990412,0.90309,1.0720034
mb-03038,train,1.9138138,1.9161966,1.80618,1.7609198
mb-06483,train,2.4361625,2.435293,2.146128,2.1214387
mb-09750,train,1.9731278,1.8835684,1.2552725,1.1693735
mb-04295,train,1.80618,1.8286536,1.5314789,1.5609648
mb-00088,train,1.462398,1.4808943,1.20412,1.1977788
mb-00589,train,1.8388492,1.8656819,1.4313638,1.5655253
af-8f493eb9dacb,train,1.0354297,0.957826,0.7385372,0.6524116
mb-01962,train,1.5910647,1.7574017,1.3424227,1.4590288
mb-09752,train,2.0043216,1.9684643,1.462398,1.449129
mb-10568,train,1.9294189,1.8176173,1.8129133,1.5722423
mb-05532,train,2.2878017,2.2483542,2.0791812,1.9374285
mb-01451,train,1.6334684,1.7233322,1.5185139,1.4386352
mb-02045,train,2.463893,2.4706862,2.1583624,2.1865766
mb-05345,train,2.178977,2.1632638,1.6434526,1.7017075
mb-05843,train,2.10721,2.149887,1.6627579,1.7636771
af-8cf08ce1df28,train,1.063232,1.0772777,0.6963162,0.803585
mb-09382,train,2.1673174,2.2137809,1.6812413,1.7506008
mb-08821,train,1.60206,1.6436396,1.3802112,1.4315732
mb-00296,train,2.1238515,2.06178,2.0170333,1.9146616
mb-04982,train,2.143015,2.0446901,1.8512584,1.4171166
mb-02012,train,2.2624512,2.1750062,1.9294189,1.8236222
af-ed428a902e5d,train,0.9650972,1.0707439,0.66884047,0.7603409
mb-09875,train,2.3138673,2.3352318,1.8808136,2.0464518
af-2f95594a0e4b,train,1.0609093,1.255301,0.9892264,1.1487614
mb-10759,train,2.209515,2.1362443,1.7323937,1.8448923
mb-04059,train,2.0569048,2.0596547,1.7242758,1.6779761
mb-09001,train,2.3344536,2.2580261,2.1038036,1.9509542
mb-04626,train,1.6232493,1.7662315,1.2787536,1.3899796
af-536c2f463e4f,train,1.0541456,1.2146046,0.8492701,0.95441926
mb-03614,train,2.064458,2.0410936,1.770852,1.7615346
mb-07522,train,1.2041199,1.1342764,1.0413927,0.98356646
mb-07512,train,2.2878017,2.25382,2.1139433,2.0374665
mb-10569,train,1.9956353,1.7309687,1.3802112,1.2921507
mb-05639,train,2.09691,2.0995564,1.6334685,1.689703
mb-07130,train,2.3747482,2.367405,2.0530784,2.030945
mb-08444,train,2.4166405,2.4250906,2.3802114,2.3735135
mb-00579,train,1.2787535,1.6048559,1.4771212,1.4206287
mb-04369,train,2.4329693,2.435767,2.10721,2.1232631
mb-10674,train,1.9912261,1.87259,1.7323937,1.6224799
mb-03474,train,2.1903317,2.0876863,1.763428,1.5954198
mb-03425,train,1.6627579,1.6044843,1.5185139,1.4801137
mb-08698,train,1.724276,1.7932137,1.1760913,1.3056629
mb-03694,train,2.4608977,2.5037785,2.3117537,2.4679532
mb-05684,train,1.5910647,1.554595,1.462398,1.4552088
mb-05775,train,1.7558749,1.7403501,1.60206,1.6364112
mb-08846,train,1.8260748,1.9089729,1.5682018,1.635687
mb-05273,train,2.2479732,2.2051299,1.819544,1.8345373
mb-02209,train,1.8920946,1.8757913,1.4149734,1.3849593
mb-05778,train,2.1105897,2.0968447,1.447158,1.4686946
mb-10801,train,1.230449,1.2257594,0.9542425,0.93974364
mb-01754,train,2.1461282,2.19868,1.908485,1.9250339
mb-00889,train,2.09691,2.0417967,1.8129133,1.769345
mb-07034,train,1.5440681,1.5729592,1.3424227,1.2752666
mb-07299,train,1.2552724,1.3317349,1.0791812,0.98962545
mb-01034,train,2.1846914,2.2153394,1.5440681,1.6290776
mb-09224,train,2.292256,2.3146045,1.7853298,1.9435753
mb-00790,train,1.9542425,1.8738835,1.60206,1.5691459
mb-06810,train,2.363612,2.374559,2.0863597,2.040782
mb-04409,train,1.929419,1.8222692,1.20412,1.2595243
mb-01741,train,2.1875207,2.2112234,1.9590414,1.976829
mb-09159,train,1.8512584,2.028617,1.4313638,1.7213447
mb-08866,train,1.8864907,1.7872068,1.9867717,1.7152998
mb-07625,train,1.6334685,1.671595,1.39794,1.4598165
mb-07233,train,1.7708521,1.782943,1.20412,1.2695444
mb-00705,train,2.5250447,2.4981127,2.3180633,2.2894402
mb-08793,train,1.7708521,1.8118355,1.6127839,1.5485834
mb-05065,train,2.09691,2.030251,1.6812413,1.6345778
mb-03795,train,2.2833014,2.293523,1.8808136,1.9292629
mb-05825,train,2.2148438,2.129286,1.690196,1.6683512
mb-09402,train,2.2833014,2.1542492,1.8512584,1.8113467
mb-00437,train,1.7993405,1.776636,1.60206,1.6596246
mb-05067,train,1.2552724,1.2522701,1.0791812,1.1329345
mb-07545,train,1.1760912,1.2727108,1.0413927,1.1102445
mb-02410,train,1.30103,1.4325981,1.0,1.0782447
mb-06724,train,1.8750613,1.8527244,1.1139433,1.0705044
mb-04305,train,1.4771214,1.5617142,1.20412,1.301331
mb-07861,train,1.0,1.0695622,0.47712126,0.64822215
mb-06390,train,1.7708521,1.8273568,1.230449,1.264815
mb-00194,train,1.8692317,1.9526615,1.4771212,1.5493478
mb-03625,train,2.089905,2.0561063,1.690196,1.6211464
mb-01840,train,2.1139433,2.1385102,2.1583624,2.1478398
af-9e643376d04e,train,1.0992212,1.1391227,0.79087955,0.84527826
mb-04247,train,1.9956353,1.961371,1.3802112,1.3953402
mb-04961,train,2.049218,2.1100476,1.9867717,1.9761581
mb-07367,train,1.5682018,1.6399196,1.20412,1.2966223
mb-06533,train,2.3222194,2.3417926,1.94939,1.9890605
mb-02566,train,2.1238518,2.027637,1.9190781,1.7224045
mb-01404,train,1.9444827,1.9401417,1.6434526,1.6879438
mb-01691,train,2.2355285,2.1000917,1.8692317,1.7662802
mb-03837,train,1.80618,1.8678222,1.50515,1.5442325
mb-07856,train,2.1238518,2.1543612,1.6812413,1.7457772
mb-04474,train,1.8388491,1.8418552,1.5185139,1.4993114
mb-07794,train,2.0791812,2.1229804,1.6232493,1.7734877
mb-07917,train,2.2600713,2.162549,1.690196,1.698325
mb-08012,train,1.819544,1.7092271,1.462398,1.3726513
mb-09262,train,2.209515,2.19914,1.9395193,1.895333
af-f716dece2bf8,train,1.750894,1.7258279,1.1633373,1.0831802
mb-02516,train,1.9138138,1.8817682,1.39794,1.4029694
mb-10444,train,2.2380462,2.2244823,1.60206,1.7535046
mb-03063,train,1.7075702,1.7786064,1.0413927,1.156765
mb-02959,train,2.232996,2.2958243,1.9294189,2.0180848
mb-01488,train,1.9493899,1.9831167,1.690196,1.7330756
mb-07324,train,1.39794,1.7759736,1.39794,1.4749002
mb-04802,train,1.8260748,1.766258,1.5185139,1.4665421
mb-03816,train,2.0530784,2.025238,1.690196,1.6285852
mb-09144,train,2.1522882,2.1417706,1.9590414,1.8635185
mb-06325,train,2.1003704,2.0612848,1.5314789,1.5188128
mb-04723,train,2.0569048,1.9801345,1.7323937,1.6905537
mb-07799,train,2.0606978,2.0829167,1.9395193,1.962654
mb-09432,train,1.5797837,1.5813426,0.9542425,0.9465009
mb-06357,train,1.0791812,1.0611688,0.69897,0.6559173
mb-05427,train,2.3636122,2.2724528,1.8512584,1.8439063
mb-01806,train,1.7403626,1.7542547,1.5797836,1.5636783
mb-08810,train,2.0170333,2.1280222,1.6627579,1.8214265
mb-02263,train,1.8195438,1.796907,1.5314789,1.4921132
mb-10841,train,1.8388491,1.9260004,1.763428,1.6352929
mb-06084,train,1.4771214,1.5274408,1.2787536,1.290635
mb-10491,train,1.8750613,1.9399292,1.3617278,1.4688493
mb-07709,train,1.4771214,1.4840094,1.230449,1.2459966
mb-04231,train,2.075547,2.0298376,1.770852,1.6185809
mb-06987,train,2.0606978,2.0340426,1.763428,1.7998474
mb-07637,train,2.1702616,2.1015592,1.8388491,1.706076
mb-04816,train,0.0,-0.08547711,0.0,-0.032070875
mb-09288,train,1.5682018,1.642601,1.146128,1.2703964
mb-08206,train,1.2787536,1.4551988,1.3424227,1.3086301
mb-10319,train,1.9444827,1.8660821,1.7075702,1.6689183
mb-02075,train,1.7853298,1.753238,1.50515,1.4187605
mb-10458,train,2.1172714,2.0396416,1.7075702,1.7146894
mb-07453,train,2.2648177,2.3081493,1.8864907,2.0676923
mb-00520,train,2.1702616,2.1686738,1.9590414,1.9196658
mb-06539,train,1.4913617,1.5344974,1.230449,1.2318099
mb-08817,train,1.6334685,1.6015189,1.4149734,1.3892636
mb-04006,train,1.6989701,1.7886553,1.0413927,1.1448698
af-cdda0a8539ee,train,1.753157,1.6591763,1.1936421,1.0748911
mb-06021,train,2.2810333,2.3426723,1.8573325,1.9929712
mb-01182,train,2.1731863,2.1404743,1.8808136,1.8792113
mb-09941,train,2.2810333,2.2724197,1.8864907,1.9442183
mb-01194,train,1.50515,1.5137584,1.3222193,1.3487476
mb-04683,train,1.90309,1.8450376,1.4913617,1.5019366
mb-02532,train,2.1238518,2.01102,1.7558749,1.7077817
mb-06945,train,1.80618,1.7966751,1.6532125,1.5710986
mb-00414,train,1.8388492,1.8855026,1.5682018,1.6151519
mb-03246,train,2.214844,2.1609879,1.9242793,1.8711922
mb-06512,train,1.913814,1.8887646,1.462398,1.4048202
mb-04401,train,2.3443923,2.3411174,1.9777236,2.0495563
mb-04856,train,1.4913617,1.4511225,1.3617278,1.3549492
mb-04288,train,1.7853298,1.7482375,1.4313638,1.500843
mb-10130,train,1.9590414,1.9556249,1.3617278,1.3215386
mb-02067,train,1.9444826,1.9173229,1.5314789,1.5913761
mb-08961,train,2.1303337,2.0524004,1.770852,1.7303941
mb-08277,train,2.1303337,2.1244977,1.5910646,1.7108557
mb-01087,train,1.0791812,0.99255407,0.69897,0.6594391
mb-02993,train,2.3579347,2.3639643,2.0530784,2.027751
mb-01755,train,1.90309,1.8472484,1.5797836,1.5503651
af-ddee48f6f9bf,train,1.3619374,1.5926298,1.1715919,1.0984511
mb-00599,train,1.968483,1.9773879,1.4913617,1.5286396
mb-06383,train,1.7558749,1.7619587,1.1760913,1.2607651
mb-03877,train,1.7781513,1.7814604,1.3617278,1.4426847
mb-06455,train,1.7403628,1.6863947,1.3424227,1.2966688
mb-09202,train,2.0413928,2.0871022,1.8750613,1.8862872
mb-09697,train,1.6627579,1.6273978,1.2552725,1.2639626
mb-03360,train,1.6720979,1.6224331,1.4313638,1.421416
mb-09367,train,1.7853298,1.8667772,1.3222193,1.3652843
mb-04867,train,1.7993406,1.8301392,1.5440681,1.5144993
mb-08874,train,2.20412,2.1719875,1.8260748,1.7848153
mb-03971,train,2.146128,2.0579884,1.7853298,1.7015
mb-04843,train,1.5440681,1.5788319,1.462398,1.4462559
mb-10552,train,1.9867717,2.0164669,1.6720978,1.6302242
mb-00407,train,2.0293837,2.020364,1.7242758,1.6539946
mb-10523,train,2.3802114,2.4535642,2.206826,2.165958
mb-09934,train,2.1903317,2.1164353,1.770852,1.6994681
mb-05610,train,1.6127839,1.5978187,1.4149734,1.3575354
mb-08317,train,2.0863597,1.9802415,1.7403626,1.6378673
mb-05297,train,1.8129133,1.8160702,1.5910646,1.5317272
mb-07821,train,1.230449,1.2519772,0.90309,0.9827283
mb-02765,train,1.8976271,1.659626,1.5440681,1.3524406
mb-01486,train,2.045323,2.1144133,0.90309,0.87757945
mb-03048,train,1.9822713,1.9724231,1.5682018,1.6305051
mb-02692,train,1.5563025,1.4079936,1.146128,1.0252907
mb-08990,train,2.217484,2.1615744,2.0170333,1.9814001
mb-05786,train,1.8692317,1.8553786,1.20412,1.2292547
mb-05045,train,2.0492182,2.1081464,1.7781513,1.8978735
mb-04204,train,2.232996,2.2661111,2.049218,2.0903249
mb-03460,train,2.0606978,2.0353158,1.69897,1.6309878
mb-09289,train,2.2278867,2.2486615,1.6812413,1.8598685
mb-02652,train,1.5910647,1.6545829,1.39794,1.3956301
af-4d44ca8da00e,train,1.3817214,1.269249,1.2943648,0.92923266
mb-01357,train,2.2966652,2.21904,2.0530784,1.9186575
mb-03891,train,2.2878017,2.2429895,1.8976271,1.8903275
mb-08063,train,1.6627579,1.7747903,1.2552725,1.4420974
mb-04814,train,1.2552725,1.32906,1.1760913,1.1696272
mb-06204,train,1.9444827,2.0116386,1.4149734,1.4017714
mb-03923,train,2.429752,2.303111,2.0863597,1.9147934
mb-10167,train,1.9956352,1.7842771,1.50515,1.3675852
mb-08241,train,1.6720978,1.7754394,1.447158,1.537697
mb-03046,train,2.220108,2.1774502,1.8976271,1.8912476
mb-00175,train,1.8260748,1.874124,1.60206,1.5856422
mb-01168,train,2.1818435,2.1185029,1.8633229,1.8502227
af-737af44395bd,train,1.7972287,1.7447854,1.2345147,1.1300343
mb-07391,train,2.20412,2.1059914,1.69897,1.6276927
mb-00548,train,1.3222193,1.4588351,1.0,1.0230789
mb-05407,train,1.1760912,1.105162,0.845098,0.76651824
mb-03548,train,1.7558749,1.7237897,1.5910646,1.5518365
mb-00370,train,1.7403626,1.742537,1.3802112,1.4076546
mb-09709,train,2.25042,2.13068,1.4771212,1.4134208
mb-03381,train,1.9294189,1.9313843,1.5797836,1.5983932
mb-03498,train,1.9542425,1.8628986,1.690196,1.5415528
mb-02483,train,0.845098,0.88695455,0.69897,0.72067916
mb-03757,train,1.5185139,1.6085516,1.2787536,1.3652301
mb-05264,train,2.2576785,2.2584763,1.8976271,1.8896229
mb-03272,train,1.6127839,1.6761165,1.2552725,1.3179847
mb-05489,train,1.8260748,1.903658,1.6627579,1.6759113
af-081140d7fbeb,train,1.0974274,1.0645385,0.86410624,0.8500234
mb-01153,train,1.1760912,1.2883623,1.0791812,1.1365274
mb-06452,train,2.3443923,2.338206,1.9190781,1.9968889
mb-07751,train,1.9777236,1.9526072,1.39794,1.3884028
mb-05412,train,1.7075702,1.7084349,1.4313638,1.4202354
mb-08289,train,1.5797837,1.6429802,1.39794,1.4076737
mb-08282,train,1.6127839,1.663358,0.90309,0.9382646
mb-03739,train,1.7558749,1.6808087,1.5682018,1.4812196
mb-05405,train,1.69897,1.6854805,1.3802112,1.3770792
mb-01203,train,1.5440681,1.6371258,1.39794,1.401772
mb-09297,train,2.20412,2.1421156,1.8976271,1.8635238
mb-00183,train,1.7558749,1.7427722,1.39794,1.3683537
mb-09980,train,2.0293837,2.060664,1.770852,1.7767462
mb-02746,train,1.748188,1.6208634,1.6127839,1.448486
mb-09630,train,2.120574,2.200709,2.0530784,2.158829
mb-10736,train,1.6334684,1.6081287,1.3617278,1.3424389
mb-03813,train,1.6127839,1.6192818,1.20412,1.2625943
mb-07864,train,1.5314789,1.5546241,1.2787536,1.2792667
mb-03952,train,1.9190781,1.908119,1.3802112,1.4161788
mb-02271,train,2.3521826,2.2711353,2.2013972,2.1329703
mb-07399,train,1.6812413,1.6458123,1.3424227,1.2758098
mb-03767,train,1.4471581,1.4069873,0.47712126,0.47956908
mb-06135,train,1.8633227,1.8596727,1.0791812,1.182192
mb-02436,train,1.9190781,1.9116619,1.6127839,1.6323148
af-e5a9323a46d0,train,1.3948402,1.4898858,1.1826286,1.1586065
af-6be08f2a9d7b,train,1.8682523,1.7121942,1.1159499,1.108938
mb-08494,train,1.6627578,1.8861272,1.447158,1.5657078
mb-05654,train,1.690196,1.6264462,1.2552725,1.202312
af-6fbab6a05afc,train,1.5961691,1.4790606,1.1817693,1.1520231
mb-00000,train,1.7075701,1.7971776,1.447158,1.5509456
mb-07396,train,1.3222194,1.1554248,0.9542425,0.81528765
mb-01379,train,1.7403626,1.653778,1.0,1.0124254
mb-05553,train,1.9444827,1.9200889,1.3617278,1.383076
mb-00242,train,1.4149734,1.4306965,1.0413927,1.0593679
mb-07645,train,1.6434528,1.5838387,1.4313638,1.3580631
mb-10670,train,2.130334,1.9674793,1.8976271,1.7292639
mb-07454,train,2.0413928,1.9716315,1.8512584,1.7830253
mb-01720,train,2.2455127,2.2902107,2.0,2.0297458
mb-08962,train,2.0791812,2.059387,1.748188,1.733948
mb-04824,train,2.0899053,2.0625908,1.8260748,1.76908
mb-09286,train,2.1846914,2.1327324,1.6232493,1.6945498
mb-09220,train,1.6532125,1.6245664,1.0791812,1.0444112
mb-07985,train,2.4149733,2.3154721,1.845098,1.9558198
mb-10055,train,2.269513,2.0460868,2.0791812,1.8908806
mb-06000,train,2.2253094,2.2678661,1.8512584,1.9171133
mb-01615,train,1.8129134,1.7227368,1.2552725,1.1470363
mb-08069,train,1.6720979,1.5308324,1.3424227,1.1900601
mb-06599,train,2.1846914,2.1152985,2.1271048,1.9568865
mb-00772,train,2.0,1.9294016,1.5185139,1.5699934
mb-04176,train,2.0791812,2.163213,1.8750613,1.982767
mb-10722,train,1.8808136,1.7784069,1.4149734,1.2517949
mb-02452,train,1.7781513,1.7171583,1.5797836,1.4791697
mb-07261,train,1.0,1.0388937,0.69897,0.7134263
af-e1275c41d810,train,1.6368217,1.6813796,1.1314486,1.1228456
mb-08216,train,1.7242758,1.721818,1.4771212,1.3960435
af-93581ed0f35d,train,1.453786,1.672066,1.2646148,1.07345
mb-02008,train,1.5563024,1.5210643,1.0791812,1.0902299
mb-03168,train,1.6334685,1.6348833,1.462398,1.5319014
mb-03921,train,1.8808136,1.8880953,1.5797836,1.5693799
mb-06753,train,1.5563025,1.5130088,1.3424227,1.2544441
mb-08997,train,1.2552725,1.3794074,1.146128,1.1860808
mb-04997,train,2.1731863,2.1961534,1.8388491,1.8981068
mb-06377,train,2.2966652,2.2643268,1.7853298,1.83973
mb-02727,train,2.2479732,2.2276645,2.0170333,1.9303899
mb-00944,train,1.8325089,1.8710954,1.9138138,1.4535115
mb-04589,train,1.8920946,1.7941806,1.5797836,1.5528324
mb-04287,train,2.209515,2.1806443,1.770852,1.7532023
mb-04753,train,1.5563025,1.6494853,1.146128,1.2230065
mb-05767,train,1.6812413,1.6530557,1.0,1.1423522
mb-08625,train,1.8976271,1.8614228,1.462398,1.5954016
mb-02451,train,2.0170333,2.0151334,1.845098,1.7883178
mb-01956,train,2.0374265,2.0227458,1.770852,1.794831
mb-05497,train,2.340444,2.407286,2.09691,2.0858161
mb-04514,train,2.149219,2.3006582,2.1172712,2.2688017
af-7fcb937706d4,train,1.6848453,1.7521684,0.7586629,0.78113115
mb-09143,train,1.5797836,1.5797516,1.3802112,1.4487615
af-37d22335d6f9,train,1.7063857,1.6604133,0.9685404,1.0747488
mb-02715,train,1.531479,1.6997795,1.20412,1.377787
mb-10388,train,1.8633227,1.8419694,1.447158,1.4629779
mb-09194,train,2.262451,2.2314594,2.1038036,2.132744
af-5d5d9f727e2f,train,1.2029948,1.2516321,1.0008894,0.9794172
mb-00640,train,1.845098,1.7734537,1.20412,1.2162136
mb-10140,train,1.724276,1.767402,1.5563025,1.6052397
mb-00693,train,1.7993406,1.9438972,1.5563025,1.6516327
mb-07619,train,1.5563025,1.5482867,1.3424227,1.2852659
mb-10165,train,1.8573325,1.8089297,1.4913617,1.5815991
mb-01429,train,1.7160034,1.8052664,1.4313638,1.5142899
mb-07995,train,1.8325089,1.8318862,1.60206,1.6018919
mb-10379,train,2.1461282,2.2027094,1.6627579,1.8063605
mb-08310,train,2.198657,2.1712658,1.9138138,1.8251507
af-672f28f8caae,train,1.323085,1.3476617,0.89061993,1.0489757
mb-00931,train,1.9138138,1.9096133,1.7242758,1.7016484
mb-07764,train,1.9822712,2.001925,1.60206,1.6513072
mb-03135,train,1.5185139,1.4370009,1.30103,1.1921299
mb-02633,train,1.9395192,1.9534547,1.763428,1.7603793
af-38fefb0ffb8a,train,1.7412391,1.6390548,1.204101,1.0774841
mb-03717,train,1.7634281,1.6986735,1.4313638,1.404216
mb-05991,train,2.0128374,2.0257874,1.2787536,1.3590348
mb-05496,train,2.2966652,2.2882485,2.0,1.9088998
mb-05491,train,1.6127839,1.874162,1.6232493,1.719237
mb-04195,train,1.968483,1.9392033,1.7993406,1.6854724
mb-01493,train,1.7781512,1.8080871,1.447158,1.4379619
mb-10496,train,1.50515,1.4507492,1.0413927,0.9919144
mb-06768,train,2.1003704,1.7817222,1.8864907,1.4750966
mb-03932,train,2.0934217,2.0202746,1.7075702,1.6472144
mb-01345,train,2.2121878,2.1495461,1.5682018,1.6018145
mb-07103,train,1.9138138,1.950788,1.3617278,1.3894999
mb-07838,train,2.4533184,2.417184,2.071882,2.1045284
mb-00538,train,1.3979399,1.2547265,1.0791812,0.893643
mb-00743,train,1.1139433,1.0824966,0.90309,0.84922373
mb-01768,train,1.4313638,1.36726,0.9542425,0.987132
mb-08382,train,1.8920946,1.8876529,1.4771212,1.5420238
mb-09643,train,1.9242792,1.9012144,1.5314789,1.6212966
mb-02882,train,2.2430382,2.2050934,1.9190781,1.8881645
mb-05480,train,2.1583626,2.0955,1.94939,1.9111876
mb-02252,train,1.8129134,1.8389165,1.5440681,1.5724797
mb-03557,train,2.3560257,2.3986716,2.243038,2.3160834
mb-02238,train,1.770852,1.6855962,1.4771212,1.4070542
mb-02399,train,1.7323937,1.6078464,1.3802112,1.2574607
mb-09552,train,2.230449,2.2192028,1.6812413,1.8208642
mb-09679,train,1.146128,1.1766684,1.146128,1.0386801
mb-08585,train,2.049218,2.0214214,1.763428,1.7030654
mb-03439,train,1.4913617,1.4227257,1.2787536,1.1730229
mb-09661,train,1.8325089,1.7148801,1.5314789,1.3014121
mb-05584,train,1.6989701,1.8127179,1.5440681,1.5929992
mb-10272,train,2.0,2.1524932,1.6434526,1.7027652
mb-08802,train,2.178977,2.217053,1.5910646,1.6501744
mb-06713,train,2.09691,2.0562646,1.3802112,1.3935617
mb-06821,train,1.9822712,2.0714293,1.8976271,1.9774225
mb-02684,train,1.5797836,1.5847931,1.3222193,1.3330528
mb-06422,train,2.4248817,2.315658,1.9294189,1.9495418
mb-00209,train,1.4149734,1.3909724,1.2552725,1.1759937
af-5a28afea9afe,train,0.8425181,1.1543156,0.60932755,0.8866615
mb-04379,train,2.1522882,2.1884346,1.6720978,1.7068148
mb-01392,train,2.1072102,2.0772252,1.5563025,1.5734439
mb-02962,train,1.9493899,1.8792584,1.0,1.0989434
mb-04417,train,1.8129134,1.8087404,1.5563025,1.5044849
mb-08299,train,2.30103,2.3762918,2.0374265,2.1085153
mb-07507,train,2.161368,2.079992,1.770852,1.7842877
mb-01740,train,2.0374265,2.0343506,1.7403626,1.7951609
af-48be5c4be45b,train,1.3629328,1.4503105,1.2008752,1.18439
mb-10837,train,2.1038036,2.1058486,1.7242758,1.7779341
mb-03478,train,2.1673174,2.436374,2.0606978,2.155841
mb-08767,train,1.9344984,1.8417959,1.50515,1.3957489
af-3db1c6bb651f,train,1.7394845,1.2768893,1.2897985,0.91683525
mb-00565,train,2.029384,1.9546322,1.6532125,1.6322179
mb-00496,train,2.1673174,2.1128967,1.80618,1.758951
mb-08192,train,1.5440681,1.7814667,1.1139433,1.2924567
mb-06326,train,2.1673174,2.1374686,1.7323937,1.740045
mb-04342,train,1.3222193,1.3838432,1.0,1.0791861
af-863dc62f9262,train,0.9254487,0.9167576,0.6659616,0.6218185
mb-05474,train,1.9190781,1.9693258,1.6127839,1.6634916
mb-02626,train,2.1958995,2.1317677,1.690196,1.6347944
mb-04510,train,1.9867718,1.9293302,1.7781513,1.7276661
mb-05950,train,2.3384564,2.3641543,2.1038036,2.0259936
mb-06814,train,1.531479,1.5527635,1.30103,1.3454949
mb-02068,train,0.47712135,1.5468765,1.4913617,1.432083
mb-10675,train,1.80618,1.7849656,1.2552725,1.1899743
mb-01254,train,2.2041202,2.1597743,1.6812413,1.7044563
mb-00375,train,2.2355285,2.2179148,1.7853298,1.810652
af-53122e2feb23,train,1.2806535,1.2098995,0.9023032,0.9080669
mb-07318,train,1.50515,1.315316,1.0791812,0.9332698
mb-08630,train,2.2671719,2.2019274,2.0086002,1.9714582
mb-03127,train,1.8750613,1.8605202,1.770852,1.7142365
mb-03278,train,2.217484,2.1913557,1.8512584,1.9125615
mb-07798,train,2.38739,2.4597485,2.1139433,2.2255096
mb-01545,train,1.230449,1.2058817,0.845098,0.81333166
mb-08628,train,1.7160034,1.799295,1.5563025,1.5680892
mb-02683,train,1.3802112,1.4997838,1.1139433,1.2620038
mb-08330,train,2.2121878,2.1831,1.6532125,1.6786565
mb-09854,train,1.80618,1.7810792,1.5563025,1.5342877
mb-08970,train,1.4471581,1.5956013,0.69897,0.93113047
mb-09275,train,2.2576785,2.0455549,1.8573325,1.7244229
mb-02108,train,1.9395193,1.9676344,1.845098,1.7990249
mb-10667,train,2.198657,2.1541746,1.80618,1.7247798
mb-05837,train,1.7708521,1.7666755,1.5440681,1.5152643
mb-03588,train,1.7708521,1.8455822,1.6127839,1.5787194
af-f0b1c8b5771c,train,2.0429454,1.9468412,0.8850597,0.8857187
mb-03022,train,1.7242758,1.7915181,1.4771212,1.3855472
mb-00309,train,1.4471581,1.4758009,1.2787536,1.3449757
mb-03323,train,1.7075703,1.7561227,1.1760913,1.229172
mb-10389,train,2.2624512,2.1019936,1.9637878,1.7774495
mb-10045,train,2.0128372,1.8942009,1.748188,1.5945635
mb-07631,train,2.133539,2.1074202,1.7242758,1.728341
mb-04921,train,1.361728,1.3236217,1.1760913,1.1319366
mb-10049,train,1.6989701,1.6482527,1.146128,1.1149625
mb-00792,train,1.8573326,1.8846282,1.5563025,1.5991645
mb-02187,train,2.1238515,2.1347833,1.845098,1.794282
mb-00229,train,1.763428,1.712982,1.3424227,1.3226146
mb-01354,train,1.832509,1.7694287,1.5682018,1.4816506
mb-01839,train,1.9542425,1.8940037,1.4149734,1.3952549
mb-10399,train,2.0606978,2.0251439,1.690196,1.6300089
mb-01855,train,1.6020601,1.65295,1.39794,1.3553174
mb-08574,train,2.045323,2.0326414,1.8692317,1.8737609
mb-06196,train,2.025306,1.9812567,1.6127839,1.5380346
mb-00463,train,2.1038036,2.0956368,1.819544,1.8914928
mb-08119,train,1.6434528,1.5662698,1.30103,1.2427051
mb-08593,train,1.1139433,1.3625166,0.9542425,1.1335335
mb-10367,train,2.0128372,2.1524677,1.6627579,1.8550773
mb-03682,train,2.3541083,2.1791606,1.8750613,1.7550797
mb-02446,train,2.4116197,2.2489762,1.8573325,1.8341931
mb-05326,train,2.120574,2.17316,1.7075702,1.8231357
mb-01728,train,1.7634281,1.6703906,1.5440681,1.4714246
mb-10285,train,2.146128,2.1681075,1.50515,1.8375677
af-9874952b0a9b,train,1.8947468,1.7847452,1.257964,1.1198417
mb-09771,train,1.6720979,1.7366192,1.3424227,1.4115624
mb-07652,train,1.8750613,1.7300248,1.5797836,1.4492424
mb-02638,train,1.3802112,1.3046373,1.146128,1.0983483
mb-08005,train,1.6434528,1.654476,1.4313638,1.426088
af-230c711fe243,train,2.0646863,1.8631778,1.1316636,1.0463243
mb-07517,train,2.0170333,2.0124888,1.39794,1.4432673
af-b3744e8adac3,train,1.551789,1.4725834,1.0787758,1.0643156
mb-08297,train,1.3222193,1.3221006,0.845098,0.85594416
mb-08902,train,2.1003704,2.1514373,1.4771212,1.5635747
mb-00964,train,2.2810335,2.3412633,2.1522884,2.0294306
mb-02787,train,1.8388491,1.6318902,1.2552725,1.170805
mb-07971,train,2.1875207,2.1517901,2.0128372,1.9711847
mb-10292,train,1.6720979,1.7708104,1.39794,1.5410976
mb-00353,train,1.8692317,1.9973828,1.6532125,1.7345612
mb-06249,train,2.2741578,2.3301783,1.8129133,1.9912642
mb-09961,train,1.9731278,2.0066612,1.6434526,1.647335
mb-04403,train,2.0569048,2.0292807,1.690196,1.6905183
mb-03753,train,2.206826,2.149984,2.120574,2.048813
mb-05896,train,1.8976271,1.9412842,1.5314789,1.4719273
mb-04032,train,2.2405493,2.3011086,2.1673174,2.1859035
mb-01110,train,1.8808136,1.9211981,1.763428,1.7739896
mb-02794,train,2.3283796,2.187296,2.071882,2.038322
mb-05660,train,2.049218,2.132412,1.819544,1.9622481
mb-01347,train,1.8325089,1.7409556,1.4771212,1.3667966
mb-04351,train,1.6989701,1.5421085,1.5440681,1.4907587
af-9b752e7c90f5,train,1.4513443,1.4212228,1.2009763,1.1691391
mb-09260,train,1.30103,1.2243164,1.1760913,1.0769944
mb-02646,train,2.1172714,2.0370924,1.6127839,1.5487045
mb-06393,train,2.25042,2.3393106,1.8976271,1.9889789
mb-01606,train,2.220108,2.165114,1.845098,1.8219421
mb-04715,train,2.0,2.0040047,1.7323937,1.7751861
mb-04634,train,1.3222193,1.4752188,1.0413927,1.2515546
mb-02302,train,1.1139433,1.231385,0.69897,0.7727618
mb-03918,train,1.6720979,1.6503412,1.2552725,1.270744
mb-02126,train,1.3424227,1.3340312,1.146128,1.1492549
mb-02495,train,1.3802112,1.4164623,0.69897,0.7382879
mb-03299,train,1.770852,1.9489938,1.6434526,1.7646866
mb-06410,train,1.7403626,1.84133,1.50515,1.5790244
mb-03503,train,2.340444,2.3815064,2.064458,2.0496268
mb-05712,train,2.2380462,2.309064,1.8920946,2.0088236
mb-03405,train,1.819544,1.8733296,1.5185139,1.574827
mb-07309,train,1.8692317,1.9297624,1.6720978,1.6490905
mb-01732,train,2.0043216,1.9935,1.462398,1.488151
mb-05023,train,2.071882,2.1093593,1.8808136,1.9158337
mb-03317,train,2.149219,2.1252377,2.0043213,1.9081314
mb-10207,train,2.1903317,2.1604235,1.819544,1.8606745
mb-02363,train,1.7708521,1.7711934,1.3424227,1.3930166
mb-07160,train,1.30103,1.6090442,1.5440681,1.5084431
mb-07093,train,2.1003706,2.0080912,1.6532125,1.6283058
mb-02957,train,1.9242792,1.9112692,1.8388491,1.7432096
mb-04992,train,2.1003706,2.0791783,1.9190781,1.8659542
mb-10117,train,2.3710678,2.2745545,2.0128372,1.8765211
mb-04372,train,1.6127839,1.6938106,1.4149734,1.4370581
mb-08919,train,2.30103,2.14193,1.9777236,1.8249141
mb-04881,train,1.2041199,1.1790949,1.0413927,1.0195289
mb-02859,train,2.3521824,2.3012192,2.0827854,1.9885099
mb-06480,train,1.8260748,1.6989921,1.3222193,1.2260119
af-7ae8cfbe27c1,train,1.7614942,1.7848914,1.2796031,1.1466844
mb-04685,train,1.2787536,1.2516466,0.9542425,0.9523502
mb-06974,train,1.8573325,1.839043,1.69897,1.6599979
mb-03512,train,1.3802112,1.5851648,1.30103,1.3740398
mb-06067,train,2.3010302,2.2080758,1.94939,1.8831584
mb-05217,train,2.2227166,2.2483392,1.8750613,1.8945768
mb-09530,train,1.7558749,1.8082653,1.1760913,1.2200522
mb-02886,train,1.5185139,1.6358216,1.2552725,1.3447357
af-47b9ffc0d5db,train,1.6260681,1.4117898,1.2361466,1.131619
mb-03404,train,1.6812413,1.8047421,1.50515,1.5734379
mb-10021,train,2.120574,2.134865,1.60206,1.6704257
mb-03924,train,2.0791812,2.0575793,1.7923917,1.835799
mb-03305,train,0.9542425,1.0619456,0.7781513,0.86338484
mb-10771,train,1.6720978,2.1608107,1.9867717,1.9775827
mb-09182,train,1.8692317,1.9945698,1.4771212,1.6144378
mb-01554,train,2.2671716,2.0937824,2.0374265,1.7839123
mb-05180,train,2.3222194,2.269637,1.8864907,1.9141746
mb-05653,train,2.372912,2.325272,2.0211892,1.9607135
mb-02513,train,1.7853298,1.7639401,1.3424227,1.298752
mb-07100,train,1.7075703,1.8115478,1.1760913,1.3095455
af-9a6cc70e1a9b,train,1.4963691,1.4261744,1.2375312,1.0578016
af-cd7dedbd84a6,train,1.3403331,1.2861885,0.97341746,0.9640189
mb-04581,train,2.1139433,2.115701,1.7160033,1.8264487
mb-06181,train,2.3541086,2.2719326,1.9242793,1.8762186
mb-05455,train,2.0293837,2.0217245,1.690196,1.6731775
mb-04631,train,1.8633229,1.882061,1.748188,1.7034687
mb-09841,train,2.38739,2.328001,1.94939,1.9853787
mb-04668,train,1.8450981,1.8541658,1.462398,1.4475915
mb-00616,train,1.3617278,1.3142126,0.845098,0.8511203
mb-10609,train,1.9444828,1.822937,1.3424227,1.4380109
mb-03898,train,1.5910647,1.6063968,1.5440681,1.456349
mb-09917,train,2.2988532,2.3891768,1.9444827,2.1027453
af-42f183e26491,train,1.7365296,1.7089984,1.1829394,1.1137677
af-6cc8759f4910,train,1.5786059,1.6062859,1.1612571,1.2109452
af-dabbab28e3d6,train,1.2695129,1.2281642,1.0097694,0.93715656
mb-03396,train,1.8061799,1.8186113,1.7403626,1.6864398
mb-09716,train,1.5797837,1.6067039,1.39794,1.3773794
af-b77dec9e3623,train,1.2808446,1.074595,0.8759631,0.7547852
mb-08537,train,1.5440681,1.595649,1.0413927,1.1863319
mb-06242,train,2.4440448,2.4104896,2.1003706,2.0889854
mb-01405,train,1.8573325,1.8063076,1.6532125,1.5479314
mb-07964,train,2.1760912,2.2019188,1.447158,1.4884906
af-c13b804b8011,train,1.7216729,1.5616318,1.25716,1.0496516
af-866a54484830,train,1.556504,1.4255068,1.1178644,1.1131625
mb-05097,train,2.4471579,2.461348,2.3747482,2.4636426
mb-04147,train,1.748188,1.6956497,1.4771212,1.4058443
af-a4ea871a74e5,train,1.3571665,1.3829274,1.1403477,1.0837667
mb-05545,train,2.4065404,2.487186,2.143015,2.1859448
mb-03841,train,2.133539,2.1329775,1.690196,1.6830227
mb-09848,train,0.9542425,1.1732697,1.0,1.0355821
af-3e71628ad5f7,train,1.2480297,1.2439713,0.95928186,0.9478429
mb-01954,train,1.146128,1.5117213,0.90309,1.2051655
mb-08339,train,2.2227166,2.1423926,1.6532125,1.6787478
mb-07173,train,2.2600713,2.2669156,1.9444827,1.9670913
mb-02037,train,1.8692317,1.7178031,1.748188,1.5880073
mb-08888,train,1.929419,1.8836048,1.5682018,1.5781657
mb-06501,train,2.0569048,2.0064542,1.6720978,1.6171411
mb-09387,train,2.1238515,2.1117826,1.9294189,1.8076559
mb-09726,train,1.3979399,1.4963086,0.845098,0.90839493
mb-07515,train,2.0827854,2.0464964,1.7993406,1.7917969
mb-04993,train,2.2988532,2.1997464,1.8260748,1.7041374
mb-07915,train,2.2576785,2.4104483,2.1875207,2.3310888
mb-04348,train,2.0413928,2.1372907,1.6627579,1.699764
mb-08003,train,2.1760912,2.1549013,1.8864907,1.8217399
mb-02400,train,0.90309,0.9587145,0.60206,0.640488
mb-08156,train,1.7558749,1.712143,1.462398,1.3968718
mb-10679,train,2.2380462,2.2035508,1.6627579,1.7877194
mb-05531,train,1.8808136,1.8492198,1.3802112,1.3410794
mb-04298,train,1.9912261,1.9077125,1.6532125,1.6206547
mb-02335,train,2.2671716,2.3394969,2.0334237,2.0846272
mb-04138,train,1.8388491,1.8597937,1.3617278,1.3870059
mb-09543,train,1.544068,1.5130879,1.4771212,1.3800328
mb-06271,train,1.8808136,1.9098334,1.1139433,1.2246075
mb-04574,train,1.913814,1.9240468,1.6127839,1.4751862
af-df2ac674923b,train,1.4673343,1.4207877,1.2398248,1.1756927
mb-06925,train,0.7781513,0.858237,0.47712126,0.57123744
mb-01263,train,1.8633229,1.8199024,1.4149734,1.3479395
mb-03494,train,1.5797837,1.6063495,1.39794,1.3838094
mb-08094,train,1.8512583,1.7718246,1.4771212,1.4515752
mb-00492,train,1.8129134,1.859246,1.4149734,1.4318366
af-46250f984f45,train,1.4878027,1.293843,1.0782138,1.0209811
mb-09954,train,1.8260748,1.9256114,1.6127839,1.6923167
mb-05135,train,1.763428,1.7166938,1.3222193,1.3534694
mb-00467,train,1.8450981,1.8008205,1.5682018,1.5515186
mb-08722,train,2.3117537,2.1937904,1.7781513,1.6738129
mb-00592,train,1.361728,1.3681949,1.1760913,1.141995
mb-01415,train,1.3222194,1.218803,1.1760913,1.0808982
af-9355f82ec1dc,train,0.846131,1.0372211,0.55594766,0.7447116
mb-00104,train,1.8573325,1.9196444,1.4771212,1.5429391
mb-01872,train,1.2552725,1.3421578,1.0413927,1.1410682
mb-06020,train,1.5682017,1.5730968,1.3222193,1.3351306
mb-04975,train,1.6720979,1.6914744,1.3424227,1.413975
mb-03338,train,1.5797836,1.6464248,1.3617278,1.3369589
mb-02240,train,1.8388491,1.8584222,1.4913617,1.51053
mb-09733,train,1.9344984,1.8546662,1.7160033,1.595377
mb-02165,train,1.9344984,1.841161,1.6434526,1.5356135
mb-07150,train,2.0374265,2.0261903,1.7993406,1.7859033
mb-01837,train,1.7853298,1.802046,1.690196,1.6263318
mb-00472,train,0.9542425,0.9570348,0.60206,0.6459874
mb-02041,train,1.6127839,2.0087748,1.4149734,1.6230093
af-0c36787efc56,train,0.576384,1.3621774,0.066773035,0.92744964
mb-00533,train,1.0791813,1.1964486,0.9542425,1.0569909
mb-09758,train,1.8750613,1.8509787,1.6434526,1.5948977
mb-00594,train,2.1931245,2.1554942,1.9912261,1.9503655
af-5c1f9a350ac0,train,1.5974089,1.6832503,1.0140457,1.1002412
mb-04653,train,2.313867,2.2713642,1.9294189,1.8441086
mb-04676,train,2.0,1.9911215,1.3617278,1.3543146
mb-03164,train,1.6627578,1.7168293,1.3222193,1.3875693
mb-08209,train,2.240549,2.208909,1.9590414,1.9381434
mb-03942,train,2.2600715,2.2669985,1.8976271,1.973363
af-cfbceda193fc,train,1.5132922,1.6402888,1.0583539,1.1592495
mb-07649,train,1.7781513,1.7262189,1.5440681,1.5300906
mb-03774,train,2.1731863,2.1281137,2.0170333,1.9154584
mb-01085,train,2.075547,2.059068,1.8864907,1.8608606
af-501c9d3b63d2,train,1.4515547,1.5976825,1.1979941,1.2800171
mb-05899,train,1.8129134,1.7686957,1.5563025,1.5294119
mb-01108,train,1.0,0.9563541,0.7781513,0.71111524
mb-01321,train,1.7558749,1.7692065,1.4771212,1.4533328
mb-00809,train,2.0569048,2.0408826,1.8512584,1.8090366
mb-08244,train,1.6334685,1.5738752,1.230449,1.2008653
mb-00702,train,2.1673174,2.1188424,1.748188,1.7281985
mb-03597,train,1.908485,1.9129175,1.4149734,1.5089111
mb-04373,train,1.7242758,1.7215414,1.4771212,1.5005429
mb-06225,train,1.6812412,1.6047417,1.447158,1.4064442
af-ab1349bc362a,train,1.0081272,1.1098976,0.79533696,0.79908705
mb-09059,train,1.447158,1.484345,1.1139433,1.2375802
mb-07588,train,2.447158,2.3539462,2.1958997,2.080465
mb-06494,train,2.2833014,2.324599,2.0170333,2.0284631
mb-05310,train,2.071882,2.0931468,1.6127839,1.6166029
mb-02131,train,1.544068,1.4579419,1.0791812,1.0342579
mb-05014,train,1.8750613,1.9871742,1.690196,1.7949122
mb-02275,train,1.8808136,1.8653063,1.4913617,1.5005139
mb-00816,train,1.9138138,2.022512,1.6720978,1.7273228
mb-07127,train,1.8976271,1.8453568,1.5563025,1.5262321
mb-04614,train,1.3617278,1.2933612,1.146128,1.0342519
mb-10735,train,1.30103,1.3276222,0.7781513,0.8248965
mb-06954,train,1.462398,1.398518,1.1760913,1.1510417
mb-06621,train,1.39794,1.1597638,1.0,0.85000926
mb-00938,train,1.5682018,1.5251522,1.3424227,1.392327
mb-08700,train,2.0569048,2.098102,1.748188,1.7970618
mb-05824,train,2.372912,2.3780503,2.049218,2.08634
mb-08204,train,1.8573325,1.8677499,1.3424227,1.3917055
mb-03617,train,2.252853,2.1079254,2.0293837,1.844404
mb-01694,train,1.531479,1.5461992,1.4313638,1.3923478
mb-06765,train,1.6720979,1.7573984,1.6627579,1.7137105
mb-06105,train,2.146128,2.1020103,1.5185139,1.6314428
mb-06472,train,2.1818435,2.21944,1.9731278,1.9234163
mb-04402,train,2.025306,1.6981871,1.4913617,1.2531214
mb-05247,train,1.748188,1.7718196,1.230449,1.2356553
mb-07859,train,1.8388491,1.8268847,1.50515,1.5513014
mb-00795,train,2.0170333,1.9528918,1.748188,1.671777
mb-00445,train,1.5185139,1.6150303,1.146128,1.296966
mb-06921,train,2.357935,2.1970286,2.09691,1.8917365
mb-10544,train,2.0681858,2.0528724,1.690196,1.6649315
mb-03087,train,2.1139433,2.0688467,1.80618,1.7429621
mb-02273,train,1.4913617,1.4995062,1.4149734,1.3628366
mb-05515,train,1.90309,1.8606148,1.146128,1.1932269
mb-05488,train,1.3424227,1.3734851,1.1760913,1.1160017
mb-06026,train,1.9395193,1.9541626,1.748188,1.7519941
mb-07134,train,1.8129134,1.7970895,1.6334685,1.593084
mb-09217,train,1.6334685,1.6532701,1.4913617,1.5063761
mb-05836,train,2.350248,2.2809398,1.90309,1.8611073
mb-07020,train,2.340444,2.2890053,1.968483,1.975006
mb-07613,train,1.6627579,1.7250035,1.30103,1.2692742
mb-07955,train,1.7075702,1.7065301,1.3424227,1.3057201
af-fd22297be346,train,1.7890515,1.6956618,1.2052747,1.0963353
mb-06077,train,1.7403628,1.7572842,1.3424227,1.3663291
mb-02771,train,1.5682018,1.5890458,1.462398,1.477786
mb-07331,train,1.4313638,1.3568523,1.230449,1.0803874
af-7131de623c28,train,1.2444158,1.2754021,0.85477775,1.0016549
mb-04549,train,1.9444826,1.8793283,1.5797836,1.4903139
mb-07540,train,1.1139433,1.3212603,1.0413927,1.1777143
mb-09254,train,2.307496,2.3154697,1.9590414,1.9775685
mb-05358,train,1.6627579,1.6400303,1.2787536,1.3561287
mb-04202,train,1.7323937,1.7763919,1.30103,1.3757303
mb-03448,train,1.9731278,1.946012,1.7403626,1.6930721
af-ae63c4f893dd,train,1.3931539,1.5376662,1.2375613,1.1798189
mb-09057,train,2.149219,2.16156,1.5314789,1.5584947
mb-00275,train,2.1367207,2.1384654,1.7558749,1.7753451
mb-04745,train,2.0086002,2.0014062,1.690196,1.6528924
mb-06280,train,1.2787536,1.230592,1.0,0.9531714
mb-00283,train,1.60206,1.6667961,1.3222193,1.3966354
mb-08643,train,2.3673558,2.3134491,1.9822712,1.9363993
mb-01539,train,1.7853298,1.766856,1.4313638,1.3614266
mb-00782,train,2.264818,2.2084792,2.143015,2.1109338
mb-00103,train,1.5563025,1.6188744,1.39794,1.4218153
mb-07602,train,1.7923918,1.8035324,1.462398,1.505518
mb-05524,train,2.025306,1.9136285,1.6627579,1.6199565
mb-06931,train,1.9242792,1.8889325,1.3617278,1.3383815
mb-06754,train,2.2380462,2.2197247,1.8864907,1.9145324
mb-02431,train,1.1139433,1.13495,1.1139433,0.9681772
mb-09603,train,1.8325089,1.8724681,1.4771212,1.6266916
mb-01213,train,2.2552724,2.1274772,2.064458,1.9640478
mb-10303,train,1.7323939,1.8471074,1.5440681,1.6551485
mb-09693,train,2.3838153,2.465398,2.0211892,2.159261
mb-07107,train,2.045323,2.0156507,1.447158,1.5008038
af-92fe76dc2445,train,1.8062553,1.6427112,1.2191128,1.0853142
mb-04529,train,2.356026,2.3996303,2.1139433,2.1483157
mb-06109,train,2.0086002,2.0121365,1.6232493,1.6172264
mb-02474,train,1.8920946,1.7425071,1.6127839,1.5883148
mb-01362,train,1.462398,1.4242122,1.2552725,1.1640714
mb-01071,train,2.1903317,2.1904988,2.0128372,2.0468323
mb-03973,train,2.0681858,2.13097,1.0,0.92623544
mb-08917,train,1.6232493,1.6032176,1.4313638,1.4009023
mb-09626,train,2.2041202,2.1906495,1.4313638,1.6495925
mb-00451,train,2.1846914,2.125305,1.90309,1.8797082
mb-10886,train,1.6434526,1.5462681,1.230449,1.109011
mb-03871,train,2.1367207,2.0769145,1.6812413,1.6080434
mb-04025,train,2.2944663,2.2999487,1.9867717,1.9318419
mb-05939,train,1.7708521,1.745495,1.30103,1.2357988
mb-10041,train,2.1522884,2.1540105,1.9395193,1.8322568
mb-06922,train,2.0606978,2.0193117,1.770852,1.7618873
af-b729e654befe,train,1.5907862,1.5277231,1.2629848,1.1026952
mb-00764,train,1.94939,1.8677877,1.30103,1.1100119
mb-08781,train,1.9493899,2.0385134,1.7242758,1.7388341
mb-05964,train,1.6532124,1.7896986,1.447158,1.4502344
af-5ddfc73e119d,train,1.8159096,1.6793057,1.2096088,1.0879447
mb-08824,train,2.1702616,2.1549482,1.770852,1.7626472
mb-10042,train,1.7923918,1.6326172,1.5440681,1.4150809
mb-04341,train,1.4771212,1.4158115,1.2552725,1.1467384
mb-08805,train,2.283301,2.1648157,1.690196,1.6930656
mb-07818,train,1.146128,1.6160663,1.1760913,1.4478136
mb-00558,train,2.0170333,1.8416829,1.6334685,1.4588773
mb-01919,train,1.6020601,1.6039556,1.4313638,1.5089518
af-ee98bad7fa25,train,1.334709,1.116513,1.1362956,0.85878766
mb-06595,train,2.2966652,2.2762446,1.8750613,1.8709223
mb-09821,train,2.064458,2.0031755,1.6434526,1.5464493
mb-03187,train,2.3443923,2.3336022,2.0934217,2.0641866
mb-07759,train,2.217484,2.0891128,1.5910646,1.5511892
mb-03222,train,1.6434526,1.6308103,1.0413927,1.0999231
af-7a534e0fe4e0,train,1.736175,1.6316172,1.2128452,1.0785755
af-bbf5e11c2ab0,train,1.1072099,1.1311158,0.72577035,0.83087146
mb-01176,train,1.7993405,1.8570181,1.7403626,1.6964995
mb-07089,train,1.724276,1.6780343,1.3424227,1.264991
mb-09803,train,1.748188,1.7523874,1.3802112,1.4189563
mb-07405,train,2.045323,1.9776245,1.30103,1.2356957
mb-03240,train,2.045323,1.9940974,1.6627579,1.5779434
mb-08520,train,2.2810333,2.087539,1.8920946,1.735803
mb-10043,train,2.2671719,2.2537968,1.9395193,1.8569032
af-cf40cb0bd363,train,1.1769388,1.2541691,0.8581304,1.0049188
mb-02580,train,1.518514,1.5744936,1.20412,1.3254514
mb-01996,train,1.9912261,2.1202106,1.9242793,2.0288477
mb-09898,train,1.763428,1.5554627,1.4913617,1.2739975
mb-01104,train,1.0791812,1.0669005,0.845098,0.79267657
mb-09675,train,1.462398,1.4429405,1.146128,1.1102762
af-b5b4139aae6f,train,1.4321256,1.228559,1.2474675,0.98583597
mb-00403,train,1.4313638,1.4924858,1.3617278,1.1541914
mb-01811,train,2.209515,2.2372096,1.8864907,1.9939653
mb-08748,train,2.274158,2.2394767,1.8260748,1.790606
mb-04750,train,2.3617277,2.197118,1.9912261,1.8743336
mb-03069,train,1.8388491,1.7691157,1.6812413,1.5112387
af-310724741803,train,1.7052486,1.5622084,1.0693831,1.0314476
mb-10920,train,2.1003704,2.1250432,1.748188,1.8816749
mb-07346,train,1.5563024,1.5247877,1.3222193,1.2779626
mb-04393,train,2.20412,2.1326518,2.0530784,2.0006373
mb-01459,train,1.763428,1.7349248,1.3802112,1.3585579
mb-04609,train,2.240549,2.2274477,1.9956352,1.993497
mb-07228,train,2.0170333,1.766066,1.690196,1.5351161
mb-00515,train,1.9867718,2.035928,1.30103,1.4095501
mb-10236,train,1.6532125,1.6142414,1.0791812,1.1302086
mb-02909,train,2.139879,2.160213,2.064458,2.0845978
mb-05190,train,2.045323,2.0259368,1.8260748,1.8381778
mb-07433,train,1.9344985,1.9637594,1.4149734,1.4771434
mb-03817,train,1.7993405,1.88009,1.7242758,1.7744673
af-ee0d6c769a48,train,1.1123972,1.2890567,0.6774399,0.9396167
mb-10768,train,2.303196,2.1632118,1.30103,1.2700629
mb-10245,train,1.5797836,1.639942,1.0791812,1.1964455
mb-07558,train,1.7323937,1.7626966,1.3617278,1.3744103
mb-02233,train,1.7923918,1.67836,1.5682018,1.3675798
mb-05816,train,1.845098,1.8229138,1.3617278,1.2889555
mb-02145,train,1.8808136,1.8984761,1.7160033,1.6611747
mb-09021,train,1.39794,1.287515,1.20412,1.1118724
mb-00435,train,1.69897,1.71177,1.4771212,1.4672961
mb-00418,train,2.161368,2.2454746,2.049218,2.0221417
mb-03501,train,1.763428,1.8014052,1.3802112,1.3923435
mb-00310,train,1.6334685,1.7940967,1.4913617,1.5931573
mb-03031,train,2.1367207,2.151711,1.94939,1.9506271
mb-09585,train,2.2355285,2.2602558,2.0,1.9767989
mb-06226,train,2.3926969,2.3310697,1.9867717,1.9770299
mb-10798,train,1.5797837,2.3386855,1.9190781,1.990644
mb-02038,train,1.6232493,1.7409285,1.5440681,1.4651597
mb-02666,train,1.908485,1.6309028,1.462398,1.2394577
mb-08968,train,1.8260748,1.7483858,1.4913617,1.4193966
mb-08546,train,1.90309,1.8245033,1.6232493,1.5399892
af-3d37baaa5a26,train,1.8308132,1.6711525,1.2146637,1.1056741
mb-01609,train,1.5051501,1.5678927,1.1760913,1.2332217
mb-04601,train,1.3802112,1.5449133,0.9542425,1.0984969
mb-10562,train,1.8325089,1.8113456,1.3617278,1.3219203
mb-05361,train,1.518514,1.7766443,1.5563025,1.6048884
mb-06746,train,2.209515,2.1707957,1.6434526,1.6193725
mb-04920,train,2.0253057,1.9892858,1.5314789,1.560527
mb-06113,train,1.3424227,1.357024,0.845098,0.92540884
mb-01760,train,1.7242758,1.6810483,1.3802112,1.3611987
mb-06124,train,1.7075701,1.6885425,1.3222193,1.35385
mb-08834,train,2.3117537,2.1460533,2.2552724,2.0769262
mb-08446,train,0.0,1.1757066,0.90309,1.0235945
mb-03397,train,2.3996737,2.4602559,2.3838153,2.4556408
mb-02508,train,2.1731863,2.0016506,1.9344984,1.8276663
mb-08252,train,2.240549,2.132868,1.5910646,1.6622208
mb-02941,train,2.075547,2.0347002,1.7242758,1.7122712
mb-05858,train,1.7160034,1.7920797,1.2787536,1.3224665
mb-09010,train,1.6532124,1.7895489,1.3222193,1.4044241
af-318629758c94,train,1.0600667,1.1380808,0.74352777,0.8385797
mb-08832,train,1.7242758,1.7570277,1.39794,1.4868475
mb-03315,train,2.340444,2.306015,2.1271048,2.1119223
mb-07352,train,1.1760912,1.2466314,1.0,1.0828978
mb-02705,train,2.0,1.9787343,1.60206,1.6610425
mb-05807,train,2.3201463,2.3544736,1.9344984,2.0172744
mb-04965,train,1.845098,1.8259525,1.6434526,1.6191214
mb-03252,train,1.8808136,1.9363284,1.3802112,1.2059644
mb-08556,train,1.690196,1.7009778,0.845098,0.81995445
mb-03480,train,1.9444827,1.9040244,1.4771212,1.4545496
mb-05269,train,1.9867718,1.9763952,1.7993406,1.7213947
mb-03352,train,1.9731278,1.8101336,1.462398,1.3701122
mb-07260,train,1.3222193,1.2164868,0.845098,0.8313713
mb-06976,train,1.6901962,1.6061496,1.3424227,1.2956173
mb-06693,train,0.845098,0.81278205,0.47712126,0.516084
mb-06758,train,1.845098,1.7955686,1.5314789,1.486415
mb-04166,train,1.3424227,1.2015556,0.9542425,0.8339596
mb-04518,train,2.1172712,2.0601141,1.763428,1.615558
mb-00169,train,1.9344984,1.8952041,1.5314789,1.4961799
mb-06808,train,2.1875207,2.1599483,1.9867717,1.9152844
mb-05127,train,1.819544,1.8942935,1.5563025,1.6299478
mb-06657,train,2.120574,2.0495296,1.60206,1.602145
mb-10862,train,2.10721,2.0967185,1.8864907,1.8760546
mb-08576,train,1.8512583,1.8523581,1.3802112,1.4396834
mb-00637,train,2.3344536,2.363394,2.0334237,2.0223894
mb-10698,train,2.3201463,2.3405554,2.0606978,1.9893522
mb-04077,train,2.4248817,2.433307,2.1271048,2.1422737
mb-06496,train,2.4313638,2.3852496,2.075547,2.0618217
mb-06708,train,1.7993405,1.7475874,1.6720978,1.6008726
af-559b453b9ec4,train,1.5489923,1.795232,1.1218388,1.1331093
mb-01032,train,2.149219,2.1451168,1.5563025,1.657349
mb-10255,train,1.146128,1.1122285,0.69897,0.74944437
mb-01235,train,1.6720979,1.6984981,1.39794,1.401435
mb-08404,train,2.3521824,2.2799375,1.9590414,1.8624308
af-0d91f21f39bd,train,1.6887162,1.5077412,1.185392,1.1269398
mb-05753,train,2.2329962,2.2764943,1.7558749,1.8565739
mb-04377,train,1.6127839,1.6784852,1.4313638,1.517379
mb-10852,train,1.4313638,1.5000356,1.3424227,1.3680955
mb-00511,train,2.198657,2.192688,1.7075702,1.7905723
mb-05094,train,2.0086002,1.9695559,1.50515,1.5298846
mb-02057,train,1.5440681,1.4231,0.9542425,0.867702
mb-07267,train,1.80618,1.824854,1.5314789,1.520802
mb-01882,train,2.0827854,1.9212075,1.8260748,1.6373472
mb-02281,train,1.748188,1.8085759,1.3617278,1.4301767
mb-10307,train,1.230449,1.2713366,0.69897,0.8981302
mb-09974,train,1.9138138,1.9703469,1.3802112,1.3694693
mb-02024,train,2.4183013,2.390511,2.1139433,2.0616217
mb-00460,train,2.1553361,2.198337,1.819544,1.8191873
mb-01075,train,2.1731863,2.1943934,1.8388491,1.9807639
mb-06968,train,1.8920946,1.7354583,1.447158,1.3287462
mb-10465,train,2.2479732,2.1143823,1.968483,1.7605876
mb-07019,train,1.8692318,1.9891651,1.6334685,1.70414
af-606a098dc23f,train,1.3869946,1.9188002,1.3002259,1.2090487
mb-05550,train,2.0086002,1.9653518,1.4313638,1.389529
mb-03996,train,1.9242793,1.9556147,1.7075702,1.6959258
af-60d3c7e3a655,train,1.1186813,1.2879575,0.7069558,0.93879914
af-009e856d237a,train,2.0041537,1.7575786,1.195479,1.169008
mb-10547,train,1.9956352,1.8476214,1.7853298,1.6446584
mb-06350,train,1.6989701,1.7390475,1.1760913,1.199127
mb-10832,train,2.2253094,2.2046638,1.9637878,1.9787581
mb-09501,train,2.1238515,2.0913808,1.4771212,1.5197481
af-99e3ad711c64,train,1.3705778,1.3254966,1.0862708,1.0595074
mb-08891,train,2.0128374,1.6893103,1.6334685,1.3308604
af-79d559760bba,train,1.2982394,1.3847389,1.0633897,1.0771486
mb-04012,train,1.5185139,1.3807197,1.30103,1.1824095
mb-05637,train,2.303196,2.3066108,1.968483,1.9513981
mb-06335,train,2.133539,2.1626685,1.6812413,1.8193119
mb-07865,train,1.9444826,1.8488325,1.5797836,1.4357134
mb-10742,train,1.6127838,1.5935822,1.3222193,1.2899168
mb-07753,train,2.220108,2.2951493,1.8920946,1.9363883
mb-09195,train,1.39794,1.2846014,1.146128,1.1217743
mb-04134,train,1.2552724,1.2643957,1.0791812,1.1128011
mb-01335,train,2.1643527,2.230992,2.0253057,2.0145116
mb-06982,train,1.146128,1.1519127,0.7781513,0.7715121
mb-07411,train,1.5314789,1.6220064,1.1139433,1.1768924
mb-01756,train,2.0086002,1.9598318,1.9190781,1.7874146
mb-04484,train,2.149219,2.1000433,1.9138138,1.8809316
mb-05869,train,1.968483,1.9488164,1.4149734,1.4632974
mb-09490,train,1.0791813,1.1889224,0.7781513,0.865654
mb-03590,train,1.9190781,1.897275,1.6812413,1.5961773
mb-06604,train,1.90309,1.9121916,1.6532125,1.6087112
mb-10006,train,2.164353,2.1301546,1.7781513,1.8198292
af-dc7d070883ef,train,1.4845376,1.4356632,1.1626749,1.0637335
mb-04411,train,1.5797837,1.5395026,1.30103,1.2037727
mb-02325,train,2.1818435,2.0726962,1.7853298,1.7393233
mb-03487,train,1.9867717,1.8977442,1.8808136,1.7399759
mb-05133,train,1.3424227,1.3430059,1.2787536,1.1293691
mb-03608,train,2.4132998,2.3458974,2.1139433,2.0742083
mb-07060,train,1.7403628,1.78794,1.39794,1.4127325
mb-10073,train,2.326336,2.246553,2.0827854,1.9571598
mb-00444,train,1.973128,1.9849604,1.7993406,1.7554494
mb-07322,train,2.3424227,2.289237,2.0,1.926586
af-d1d764ad10d0,train,1.9196882,1.8133459,1.1852616,1.1455196
mb-03801,train,2.0606978,2.0647924,1.7075702,1.683462
mb-10971,train,2.1038036,2.0534542,1.8808136,1.7193103
mb-02013,train,2.2430382,2.2101936,1.9190781,1.8477439
mb-03115,train,1.1760912,0.87634945,1.0413927,0.71246284
mb-06727,train,2.139879,2.1554513,2.0569048,2.1058176
mb-09213,train,2.033424,1.9733461,1.6812413,1.6103537
mb-07407,train,1.6627579,1.9298995,1.4913617,1.6263946
mb-06206,train,2.033424,1.9889828,1.1760913,1.2814031
mb-05081,train,2.4149733,2.4154413,2.1238515,2.1225677
mb-01973,train,1.6434528,1.6826243,1.30103,1.3762023
mb-04865,train,2.0606978,2.018661,1.8388491,1.7641318
mb-08726,train,2.1003706,2.0809932,1.6127839,1.6557863
mb-02214,train,2.1673174,2.177396,1.8864907,1.8742055
af-62d74a601aac,train,1.3634447,1.3557703,1.064458,1.0671152
mb-00519,train,1.8920946,2.0528755,1.6627579,1.7489033
mb-09032,train,2.311754,2.1615949,2.133539,1.9913774
af-5f53eeb11197,train,1.7594986,1.735603,1.2668641,1.1326013
mb-09824,train,1.6127839,1.5933783,1.146128,1.2455862
mb-08181,train,1.690196,1.718597,1.3802112,1.3813264
mb-04367,train,2.1038036,2.126121,1.8692317,1.7921801
af-e902b528d009,train,1.6592009,1.5284746,1.1265146,1.1289134
af-b7ba9a9f2b07,train,1.1021489,1.5153693,1.0552216,1.1270427
mb-10683,train,2.133539,2.0859485,1.3424227,1.3409328
mb-09616,train,1.6812413,1.6224625,1.30103,1.2374566
mb-08075,train,1.7781513,1.769656,1.5797836,1.5437803
mb-07593,train,2.0606978,1.9877374,1.3222193,1.3246313
mb-03002,train,2.3783977,2.31001,2.0293837,2.0185263
mb-05780,train,1.7075702,1.7122992,1.230449,1.244984
mb-04076,train,1.9956352,1.9796169,1.60206,1.5310799
af-d5b4a2bd8434,train,1.3792403,1.4161732,1.0047039,1.074409
mb-07023,train,1.8976271,1.9857343,1.6532125,1.734256
mb-06561,train,1.6020601,1.4897275,1.2787536,1.2271808
mb-00075,train,2.1731863,2.1084692,2.0211892,1.9018039
mb-08747,train,1.763428,1.7803702,1.5185139,1.564458
mb-05325,train,1.69897,1.6302602,1.60206,1.443006
mb-05198,train,1.8920946,1.9115502,1.6812413,1.678986
mb-08481,train,1.9684829,1.9019759,1.7403626,1.6269585
mb-06792,train,0.60206,0.57370406,0.30103,0.34849513
af-c461c6bc5ee6,train,1.5302715,1.7037603,1.2631814,1.1258143
mb-03929,train,2.0374265,2.0453937,1.50515,1.5849478
mb-09495,train,1.4771214,1.9621276,1.3424227,1.6420645
mb-03159,train,1.9822712,2.0399494,1.6532125,1.7653522
af-1dc3560c617a,train,1.7292101,1.7254245,0.66776663,0.86260337
mb-03826,train,2.133539,2.053231,1.9822712,1.8418529
mb-07770,train,2.045323,2.053905,1.7323937,1.7975018
af-ca9f05a6b6ed,train,1.2390215,1.0187829,0.9032832,0.82516134
mb-07934,train,1.690196,1.7120047,1.2552725,1.3321999
af-4f2cacf7ff9a,train,1.2866809,1.1307776,0.8960509,0.7971457
mb-09395,train,2.155336,2.0653307,1.8388491,1.7500596
af-f6b457d72c59,train,1.4066935,1.3971977,1.0459955,1.0650753
af-2a68990d7806,train,1.5993983,1.6243546,1.1449289,1.1801758
mb-03545,train,1.7075702,1.6927204,1.50515,1.4626285
mb-07532,train,1.8260748,1.8385472,1.3802112,1.3652049
mb-02177,train,1.8920946,1.8399509,1.4913617,1.4714123
mb-01881,train,2.0086002,2.0315804,1.8512584,1.8245615
mb-06967,train,2.025306,2.025705,1.7993406,1.7741474
mb-00509,train,2.139879,2.0395255,1.8692317,1.7632585
mb-02861,train,1.1760913,1.2700142,0.69897,0.8106421
af-ad7f4350cf73,train,1.3422805,1.3824866,1.0256212,1.0269996
mb-04149,train,2.5118835,2.4856374,2.326336,2.1859396
mb-06978,train,2.3010302,2.2721019,1.9242793,1.9193361
af-c39a60600679,train,0.98201966,1.3163424,0.8437017,0.9382818
mb-07688,train,2.5453072,2.6024292,2.2741578,2.3298676
mb-07135,train,2.1238515,2.0973845,1.763428,1.7472392
mb-04956,train,2.0128374,1.9429932,1.30103,1.366396
mb-06057,train,2.0453231,1.9625249,1.6127839,1.5326811
mb-08144,train,1.6812413,1.7165172,1.50515,1.5058733
mb-02830,train,1.7993406,1.79785,1.20412,1.1728982
mb-02477,train,1.5910646,1.5982015,1.3617278,1.3293859
mb-00217,train,2.1430147,2.1768012,1.9590414,1.9809697
mb-10740,train,1.763428,1.8278176,1.4149734,1.4066911
mb-10438,train,2.3944516,2.2859557,2.0606978,1.9261898
mb-10540,train,2.133539,2.0721328,1.7853298,1.7621953
mb-05316,train,2.025306,2.0100245,1.90309,1.8217027
mb-07877,train,1.9777236,2.0032253,1.770852,1.8094472
mb-09581,train,2.1760912,2.1516175,1.7853298,1.8790195
af-66d73577b08a,train,1.0922538,1.5862309,0.91817194,1.0883186
mb-03875,train,1.9242793,1.938539,1.20412,1.3067871
mb-10571,train,2.0863597,1.9702404,1.8633229,1.6837736
mb-10927,train,1.60206,1.6904888,1.3617278,1.3736907
mb-10464,train,1.8388492,1.8257663,1.4313638,1.4706157
mb-01518,train,2.164353,2.1927323,1.9190781,1.9501461
mb-02853,train,2.2121878,2.1151018,1.908485,1.8780886
af-7d74748bc369,train,1.6714302,1.7426438,1.0182219,1.1798532
mb-02030,train,2.3263357,2.353644,2.0293837,2.011593
mb-06156,train,2.0413928,2.066904,1.6812413,1.6837881
mb-06198,train,1.5563025,1.6053529,1.462398,1.386211
mb-07634,train,2.0128372,1.8588247,1.8260748,1.6485771
mb-04284,train,2.2479732,2.2261858,2.089905,2.0664814
mb-01320,train,1.8976271,1.9546816,1.5440681,1.4781775
mb-03372,train,1.7160034,1.6807215,1.30103,1.3236063
mb-09187,train,2.1461282,2.0418994,1.8260748,1.708607
mb-02892,train,2.3096302,2.2995195,1.9637878,1.9306818
mb-09634,train,2.0253057,2.0151718,1.748188,1.8173332
mb-01988,train,2.0644581,1.9823385,1.5440681,1.5453519
mb-10853,train,1.8129134,1.8089888,1.4913617,1.4952643
mb-01095,train,1.770852,1.8658297,1.50515,1.5665748
mb-07185,train,1.748188,1.763707,1.5910646,1.5065259
mb-09776,train,1.6627579,1.7105854,1.1760913,1.1914176
mb-03106,train,2.149219,2.155629,1.7323937,1.7577406
mb-03366,train,2.0492182,2.089661,1.6334685,1.6018441
mb-02966,train,1.6627579,1.7162082,1.39794,1.3738596
mb-09932,train,1.845098,1.7542226,1.50515,1.3951693
mb-08988,train,2.1105897,2.056509,1.7993406,1.7931788
mb-06698,train,1.7923918,1.8766649,1.5440681,1.5865924
mb-10214,train,2.0681858,2.0238664,1.4771212,1.489288
mb-06076,train,1.8260748,1.8030984,1.4149734,1.3331842
mb-06832,train,2.1702616,2.0512955,1.6720978,1.4034169
mb-08076,train,1.90309,1.9148409,1.7075702,1.649321
mb-02128,train,1.9444827,1.9016145,1.5185139,1.507464
mb-01358,train,2.0253057,2.0416148,1.9138138,1.7651653
mb-07050,train,1.7160034,1.772354,1.3424227,1.3772583
mb-04246,train,1.9777236,1.9843689,1.2787536,1.4347956
mb-10472,train,2.0374265,1.997158,1.4913617,1.4461482
mb-02103,train,1.30103,1.1254543,0.90309,0.85750455
mb-08953,train,2.298853,2.210239,1.9822712,1.8729873
mb-04277,train,2.2380462,2.1966114,1.8129133,1.7492023
mb-02887,train,1.9912261,1.9558136,1.5314789,1.4821546
mb-02218,train,1.8388491,1.8794366,1.3424227,1.3728518
mb-07231,train,2.120574,2.120844,1.7558749,1.7406985
mb-07689,train,2.2380462,2.209339,1.7242758,1.8005521
mb-00278,train,2.243038,2.2187896,1.8692317,1.7742121
af-18b0caef6bb1,train,1.757396,1.6064153,1.3002388,1.0731422
mb-00367,train,1.1760913,1.2651738,0.7781513,0.9112664
mb-09345,train,1.7923917,1.6367502,1.5185139,1.4717234
mb-03664,train,1.1139433,1.4098289,1.4771212,1.3084011
mb-06691,train,2.10721,2.0641704,1.50515,1.5690053
af-43ccbaffa353,train,1.4251264,1.5511003,1.2920034,1.1599429
af-b6cf0b50f4b3,train,1.3770984,1.3137236,1.0111939,1.0131669
af-c8acdbf66750,train,0.9437482,1.0107678,0.8742411,0.8591092
mb-03184,train,2.045323,1.9895241,1.845098,1.6958753
mb-00252,train,1.968483,2.0368629,1.6434526,1.6970575
mb-09993,train,2.0334237,2.3762171,1.845098,2.0451584
af-d02fa8ced352,train,1.7138634,1.662756,1.2926902,1.1518457
mb-10203,train,2.0,1.9896,1.7993406,1.7472234
mb-10653,train,2.049218,2.0507126,1.8976271,1.902838
mb-03193,train,2.3159702,2.3353493,2.2479732,2.2052746
mb-10952,train,1.0,1.0444716,0.47712126,0.53753215
mb-05152,train,2.4014006,2.2046397,1.968483,1.8678746
mb-05089,train,1.60206,1.5930552,1.5314789,1.4631239
mb-06824,train,2.2576785,2.2793446,1.9190781,1.945229
mb-04706,train,0.60206,0.6430269,0.60206,0.5434152
mb-04731,train,1.8920946,1.891688,1.7403626,1.7048293
mb-01705,train,1.7160033,1.711438,1.4771212,1.455313
mb-06843,train,2.1583624,2.0939724,1.69897,1.5229868
mb-06520,train,1.6232493,1.7074639,1.2787536,1.3686829
mb-06955,train,2.2430382,2.2117276,1.90309,2.0086012
mb-06779,train,1.4149734,1.4506166,0.90309,0.9687728
mb-10113,train,2.0681858,1.9487866,1.4771212,1.4504161
mb-07095,train,1.5440681,1.5711608,1.2787536,1.2852789
mb-01310,train,1.9242792,1.8880874,1.50515,1.461672
mb-10632,train,1.9242793,1.9613302,1.4913617,1.5338306
mb-09633,train,2.3222194,2.0555534,2.0681858,1.767128
mb-06650,train,2.1760912,2.1297386,1.9190781,1.865493
mb-05302,train,2.1903317,2.1115084,1.8388491,1.8137984
mb-02441,train,2.1172712,1.9219565,1.5314789,1.5316619
mb-03836,train,1.8692317,1.6746352,1.3617278,1.1783788
af-6f8934d40bc1,train,1.6684381,1.5738575,1.0701487,1.0934868
mb-09672,train,2.0043213,1.8955861,1.50515,1.426455
mb-05144,train,0.47712126,0.44348198,0.30103,0.3122238
mb-04538,train,2.0170333,2.0273104,1.69897,1.596259
mb-02230,train,1.0,0.8790173,0.69897,0.67289066
mb-04366,train,2.1105897,2.1229944,1.9912261,1.9877676
mb-05492,train,1.9395193,1.9661946,1.6127839,1.6816896
mb-05876,train,1.9344985,2.0034876,1.5682018,1.6079814
mb-07655,train,1.146128,1.1371226,0.845098,0.81817764
mb-00046,train,1.8573325,2.0046265,1.6434526,1.662436
mb-06825,train,2.2648177,2.3533537,1.9637878,2.127278
af-b1b76758a64d,train,1.5359116,1.3103304,1.2218001,1.0127364
mb-07104,train,1.6720979,1.672047,1.0413927,1.0431489
mb-02867,train,1.4149734,1.5543783,1.3802112,1.3880084
mb-02229,train,1.8260748,1.7891344,1.5682018,1.4869741
mb-03454,train,1.0,1.0027035,0.60206,0.65638494
mb-02413,train,1.7558749,1.7296095,1.50515,1.433111
mb-10500,train,2.269513,2.209191,1.8692317,1.8283883
mb-00991,train,2.376577,2.4691432,2.09691,2.1642008
mb-10761,train,1.6989701,1.4834459,1.30103,1.1005553
mb-07325,train,1.724276,1.6112013,1.4913617,1.3989484
mb-10390,train,1.9590415,2.0021172,1.1760913,1.33836
mb-09329,train,2.2405493,2.1563513,1.968483,1.850192
mb-05485,train,2.2278867,2.1834905,1.9912261,1.9754555
mb-07365,train,1.6812412,2.1232033,1.9542425,1.8558154
mb-08673,train,1.8573326,1.7305412,1.5440681,1.415561
mb-05700,train,2.1105897,2.1235867,1.7323937,1.7196003
mb-06785,train,1.6127839,1.7116485,1.462398,1.5299456
mb-05820,train,2.1367207,2.1795688,1.819544,1.90025
af-3514633aa46a,train,1.1999497,1.1568849,0.9077568,0.8627959
mb-05307,train,0.7781513,0.8169858,0.47712126,0.49605095
mb-04381,train,1.7403628,1.8001461,1.6812413,1.6671598
mb-04292,train,1.0,1.152887,0.90309,1.0032153
af-62a3afd4deef,train,2.2396822,1.9958546,1.0039041,1.0694988
mb-05493,train,1.60206,1.6981305,1.0413927,1.1113613
af-e833f0eceb0b,train,0.8695579,0.94384444,0.64156234,0.63909817
mb-07923,train,2.1903317,2.195809,1.845098,1.9188565
mb-04336,train,1.3222193,1.4088311,1.0791812,1.0767429
mb-01031,train,2.20412,2.1613822,1.763428,1.8184375
mb-00170,train,1.5563025,1.5772792,1.4149734,1.3258153
mb-01569,train,2.1038036,2.075123,1.6434526,1.6614823
mb-04649,train,1.9822712,1.9387836,1.6232493,1.5917675
mb-06407,train,1.5314789,1.5759504,1.1139433,1.2030357
mb-08398,train,1.2552725,1.1555572,1.0413927,1.0199414
mb-09027,train,1.0413927,1.0281974,0.69897,0.7876392
mb-01924,train,1.20412,1.621048,1.4313638,1.3747042
mb-03692,train,1.5185139,1.5183228,1.30103,1.2365055
mb-08964,train,2.0791812,2.0794997,1.60206,1.6794617
af-377117f4c715,train,1.3244759,1.1604604,1.089315,0.93502206
mb-06180,train,1.7708521,1.8097316,1.5563025,1.5494816
mb-02725,train,1.8129134,1.7913527,1.30103,1.303127
mb-10034,train,2.2430382,2.2850862,1.8512584,2.006646
mb-01033,train,1.6627579,1.7173796,1.3802112,1.3755878
mb-06193,train,2.303196,2.2096536,1.5910646,1.7440783
mb-01795,train,2.071882,1.9637682,1.8512584,1.7532753
mb-01647,train,0.9542425,0.9912066,0.69897,0.7101973
af-15dcc5d502d1,train,1.6139009,1.266454,1.2995378,0.97659284
mb-02753,train,1.5682017,1.5596405,1.5314789,1.4198469
mb-00347,train,2.298853,2.056664,1.7853298,1.7478212
mb-08922,train,2.2479732,2.2107258,1.6434526,1.7065687
mb-00919,train,1.8061799,1.9007984,1.69897,1.6666646
af-3fde284da135,train,1.239352,1.2275767,1.1062963,1.0457633
mb-08933,train,1.6720979,1.5700508,1.39794,1.1743855
mb-02319,train,1.0413927,1.0541866,0.7781513,0.7871203
mb-09251,train,1.3222193,1.3141291,1.1139433,1.0846573
mb-02922,train,1.60206,1.6704143,1.3617278,1.4071577
mb-00740,train,2.2405493,2.22187,1.763428,1.7842093
mb-07678,train,2.0211892,1.9739909,1.5797836,1.5571721
af-c8dfc8bff75f,train,0.24695627,0.00943926,-0.18542348,-0.28534234
mb-02184,train,2.149219,2.1004748,1.5682018,1.4773417
af-32c4782e8435,train,1.6796341,1.7125498,1.1813834,1.1206188
mb-06126,train,2.2900348,2.2510364,1.94939,1.904213
mb-07557,train,1.5051501,1.5132012,1.2787536,1.2276919
mb-05920,train,1.770852,1.6819766,1.447158,1.3307315
mb-02323,train,1.8750613,1.7970333,1.5185139,1.4568684
mb-07873,train,2.089905,2.0860505,1.9444827,1.8969889
mb-06850,train,2.1367207,2.113984,1.748188,1.6720542
af-8f6257240271,train,0.7108693,0.94029844,0.7136963,0.8126747
af-e738c735121e,train,1.1945671,1.1916894,0.9086946,0.9004345
mb-01618,train,1.6334684,1.6630132,1.5185139,1.5301294
mb-01423,train,1.9637879,1.9756279,1.5682018,1.5841594
mb-05737,train,1.763428,1.7079036,1.0413927,1.1011184
mb-01424,train,1.8388491,1.8887026,1.5797836,1.6604878
mb-00008,train,2.320146,2.3138425,2.0211892,2.068946
mb-00930,train,2.3201463,2.2618325,1.770852,1.8221819
af-cc3810ae5c65,train,2.0344038,1.7653265,1.2264864,1.1345298
mb-07675,train,1.6532125,1.6447754,1.462398,1.4039998
mb-01247,train,1.9294189,1.8509308,1.69897,1.7201766
mb-02375,train,1.9684829,1.8813132,1.6720978,1.6417267
mb-04905,train,2.3673558,2.1647763,2.075547,1.9040824
mb-01737,train,2.0170333,2.0582774,1.5314789,1.6772852
mb-00416,train,1.9084849,1.9935851,1.69897,1.7518097
mb-10244,train,1.8808136,1.9086038,1.5797836,1.6489464
mb-07740,train,2.1673174,2.1330519,1.690196,1.6431767
mb-09535,train,2.1038036,2.0235047,1.39794,1.3304797
mb-08566,train,1.9190781,1.6448529,1.5185139,1.3445758
mb-03334,train,2.178977,2.0900595,2.075547,1.9215808
mb-01261,train,2.2479732,2.2489665,2.0827854,2.027286
af-bd20e4241ed4,train,1.1124575,1.1419849,0.87724173,0.88529235
mb-07755,train,1.30103,1.131433,1.0,0.8173299
mb-10836,train,1.80618,1.6212544,1.146128,1.158988
mb-00112,train,1.230449,1.2268338,0.845098,0.8494069
mb-10112,train,1.9637879,1.9949888,1.5682018,1.7434528
mb-06395,train,1.7708521,1.781553,1.1760913,1.2063458
mb-01781,train,2.0,1.9857588,1.80618,1.7949114
mb-04580,train,1.9444827,1.951114,1.6232493,1.6646259
af-a933bda42ca1,train,1.374367,1.2407142,0.9799024,0.92514074
mb-05603,train,1.9190781,1.7662388,1.7853298,1.5544623
mb-09322,train,2.340444,2.2901688,2.0569048,1.9934838
mb-10455,train,2.2988532,2.2125134,1.8692317,1.8697513
mb-00172,train,1.7853298,1.8906657,1.4913617,1.5443833
mb-04556,train,1.8573325,1.8463249,1.230449,1.2835145
mb-04344,train,1.6989701,1.6419997,1.5682018,1.4291862
mb-06201,train,1.8920946,2.0005083,1.845098,1.7924778
mb-10014,train,2.1238518,2.091179,1.968483,1.8615838
af-6690ab96d031,train,1.401783,1.3029971,1.0265455,0.97577137
mb-05331,train,2.1038039,2.0766323,1.6334685,1.6416719
mb-00251,train,1.9395192,2.0413303,1.69897,1.7802052
mb-06338,train,2.3242824,2.3072433,1.9294189,1.9545105
mb-08008,train,2.1583626,2.1371756,1.9395193,1.8940059
mb-05278,train,2.209515,2.1955314,1.770852,1.680006
mb-05692,train,2.2624512,2.210984,1.7781513,1.8150245
af-8b5e77c3f863,train,1.1262028,1.1782104,0.82275766,0.8211298
mb-08993,train,2.3364596,2.2228465,1.6434526,1.6166797
mb-08835,train,1.6720979,1.706279,1.4149734,1.3952972
mb-09838,train,2.0606978,1.9393123,1.6127839,1.5578778
mb-05038,train,2.049218,2.0228305,1.5314789,1.5318311
mb-06330,train,2.0293837,1.9578328,1.5797836,1.5532242
mb-09023,train,1.6627579,1.4851394,1.0413927,0.94782656
mb-02906,train,1.6812413,1.7162747,1.4149734,1.3891637
mb-02657,train,2.357935,2.3241181,1.8976271,1.9614373
mb-03161,train,2.0170333,2.05504,1.819544,1.8267827
mb-06440,train,2.1003706,2.045074,1.6127839,1.5416962
mb-05428,train,1.8388491,1.7614133,1.30103,1.1668812
mb-06933,train,1.2552725,1.3082542,0.90309,0.9810216
mb-00050,train,1.447158,1.4859041,1.0791812,1.1799254
mb-09252,train,2.2253094,2.2292213,2.071882,2.131906
mb-02691,train,1.5440681,1.7279644,1.4149734,1.4356971
mb-10271,train,2.220108,2.1657495,1.9242793,1.8693783
mb-10190,train,1.9190781,1.7858038,1.748188,1.5717064
mb-07571,train,1.3424227,1.5256145,1.3802112,1.3520726
mb-10017,train,2.045323,2.0929399,1.4771212,1.5864606
mb-03044,train,1.3979399,1.4106286,1.0791812,1.041631
mb-01457,train,2.071882,2.023685,1.4149734,1.3913076
mb-05260,train,1.8388491,1.85958,1.3222193,1.4943806
mb-08470,train,1.845098,1.8736377,1.447158,1.485673
mb-10099,train,2.1673174,2.148077,1.9190781,1.8981233
af-d177d66e077a,train,1.1695745,1.3742089,0.8800855,1.0361303
mb-03313,train,1.7993405,1.836434,1.7403626,1.6536198
mb-09568,train,1.9867717,1.9412432,1.748188,1.7047731
mb-04004,train,1.7558749,1.7015257,1.5797836,1.5431738
mb-02825,train,2.1522882,2.1246004,1.8129133,1.8340424
mb-03937,train,1.9822712,1.819062,1.690196,1.6094332
mb-02280,train,1.4471581,1.3146048,1.30103,1.2135836
mb-06964,train,1.80618,1.796747,1.39794,1.3916843
mb-09850,train,1.3424227,1.6857257,0.90309,1.2902281
mb-04290,train,1.8976271,1.8980994,1.5910646,1.5673811
mb-09654,train,1.20412,1.3527982,0.7781513,1.0036128
mb-10635,train,1.4771214,1.5434229,1.20412,1.2235019
mb-03518,train,1.5185139,1.5794162,1.3424227,1.3607816
mb-05035,train,2.4440448,2.4232497,2.1105897,2.106845
mb-10564,train,1.6334684,1.7469151,1.4771212,1.5865406
mb-08531,train,2.0791812,2.1866517,1.748188,1.8476259
mb-03806,train,1.6720978,1.7540076,1.4771212,1.4321909
mb-01738,train,2.146128,2.1371558,1.7853298,1.9439049
mb-08928,train,1.6020601,1.7289608,1.20412,1.2439357
mb-04111,train,1.8129134,1.7357079,1.6627579,1.5132021
mb-10013,train,1.9138138,1.9444366,1.447158,1.46953
mb-02741,train,2.307496,2.167574,1.7558749,1.7067037
mb-10649,train,2.1846914,2.1491768,1.20412,1.218398
mb-04275,train,1.7403628,1.7613351,1.20412,1.2141082
mb-07053,train,2.1583626,2.2309043,1.908485,1.8875995
mb-07769,train,1.7708521,1.8056326,1.3424227,1.3847129
mb-08985,train,2.240549,2.15096,1.9956352,1.9142737
mb-06379,train,1.5185139,1.6056004,1.3424227,1.3251109
mb-06688,train,2.25042,2.2504299,1.8808136,1.833436
mb-01499,train,1.69897,1.7937756,1.4771212,1.564574
mb-06148,train,2.0374265,2.0193892,1.462398,1.4005342
mb-09185,train,1.7853298,1.99679,1.2552725,1.4769294
mb-07174,train,2.389166,2.3626277,2.0043213,2.022629
mb-06510,train,1.7781513,1.7426739,1.2787536,1.2726774
af-cbd1d77464c9,train,1.3455913,1.2247152,0.9789074,0.92251253
mb-09863,train,2.0827854,2.187258,1.69897,1.8487027
mb-09625,train,1.690196,1.7019793,1.50515,1.4805375
mb-08822,train,1.5910647,1.6159177,1.1760913,1.1381257
mb-07363,train,1.8260747,1.8498974,1.5797836,1.4675455
mb-09868,train,1.4913617,1.4767251,1.2552725,1.2533904
af-bdcd84c2bc1f,train,1.2962834,1.4707425,1.1559794,1.1659304
mb-10091,train,2.1522884,2.1396217,1.6434526,1.7873757
mb-04537,train,2.580925,1.793272,1.4913617,1.2705383
mb-05508,train,1.9542425,1.87377,1.6434526,1.5160112
mb-05635,train,2.1731863,2.2289097,2.0,1.9441233
mb-02680,train,1.7558749,1.6871687,1.447158,1.3487527
mb-08128,train,1.5051501,1.5342722,1.2787536,1.3193128
mb-08324,train,1.8388491,1.6768277,1.6232493,1.4746534
af-e35047fade43,train,1.4981575,1.5558002,1.2076828,1.1080861
mb-03592,train,1.9912262,1.9396198,1.5440681,1.47885
af-3746bf32a178,train,1.2012441,1.2109158,0.9602638,0.91417986
mb-10845,train,1.9395193,2.0288098,1.6232493,1.7820134
mb-04874,train,1.3802114,1.3540117,0.7781513,0.7627549
mb-07524,train,2.2095149,2.0765162,1.8129133,1.6963547
mb-10588,train,1.8920946,1.9305298,1.6627579,1.7127454
mb-04055,train,2.09691,2.1021237,1.8388491,1.7975948
mb-07669,train,1.361728,1.5029087,1.1760913,1.1963704
mb-08638,train,2.089905,1.9810191,1.60206,1.5088042
mb-09563,train,1.4771212,1.6715281,1.3222193,1.3962125
mb-02181,train,1.8864908,1.8955166,1.6127839,1.6901447
mb-01848,train,1.5797836,1.4869142,1.0791812,1.0041113
mb-08483,train,0.69897,0.74315786,0.47712126,0.49087942
mb-00725,train,1.462398,1.3917042,1.30103,1.2376931
mb-02272,train,2.2227163,2.1584623,1.7853298,1.7475367
mb-03491,train,1.6434526,1.7496903,1.2552725,1.2859519
mb-06568,train,2.2878017,2.299648,2.0086002,2.0092034
mb-03657,train,1.8388491,1.8908287,1.69897,1.5880946
mb-03526,train,2.1702619,2.1532133,1.9242793,1.8975586
mb-01426,train,2.161368,2.1764157,1.9637878,1.9803355
mb-05322,train,2.0934217,2.0543828,1.7993406,1.7883816
mb-10361,train,1.9637879,2.0714967,1.7993406,1.9046052
mb-01642,train,1.8808136,1.8143923,1.5314789,1.4873718
mb-10081,train,2.1613681,2.2199092,2.1003706,2.130622
mb-08639,train,1.5797836,1.5598066,1.3222193,1.2984688
mb-05176,train,1.6720979,1.6808532,1.2787536,1.3061244
mb-00315,train,1.7708521,1.8732519,1.4913617,1.5617379
mb-04688,train,1.462398,1.5441229,1.1139433,1.0432434
mb-02369,train,0.8450981,1.5644876,1.4149734,1.3919238
mb-03589,train,1.5682018,1.5245117,1.2552725,1.2330436
mb-00473,train,1.6232493,1.5964156,1.20412,1.1674536
mb-07075,train,2.130334,2.0760772,1.3802112,1.2954612
mb-09928,train,1.8129134,1.7679359,1.4149734,1.3820508
mb-01294,train,2.0791812,2.0562763,1.9242793,1.8260081
mb-09103,train,1.3424227,1.5301782,0.90309,1.1075299
mb-10441,train,1.7993406,2.3187296,1.8920946,2.0114732
mb-06263,train,2.220108,2.1696544,1.7403626,1.7668781
mb-04303,train,1.748188,1.7347565,1.2552725,1.3309302
mb-03785,train,2.2718415,2.1999178,1.9294189,1.8588614
mb-07518,train,1.9777236,1.9520881,1.7403626,1.6633239
mb-00683,train,2.1003706,2.0341005,1.6532125,1.6985635
mb-07559,train,1.7323937,1.7691327,1.2787536,1.4156642
mb-02175,train,1.230449,1.2485403,0.90309,0.9016679
af-7b2394cca289,train,0.92312896,0.88473105,0.5864905,0.58863074
mb-07136,train,2.155336,2.1889992,1.770852,1.7983186
af-d13e19bd2ad8,train,1.5989852,1.6397235,1.1479205,1.1075509
mb-05818,train,1.6812413,1.6412672,1.4771212,1.4393475
mb-05304,train,2.3617277,2.188069,1.9344984,1.9050553
mb-02627,train,1.7781513,1.7835559,1.4313638,1.4179149
mb-05079,train,2.075547,2.0853667,1.6720978,1.6665977
mb-10374,train,1.6020601,1.9081018,1.462398,1.6894888
mb-07944,train,2.0334237,2.0439453,1.5797836,1.6150713
mb-05111,train,1.7403626,1.6669234,1.60206,1.4616911
mb-05758,train,1.7923918,1.7504929,1.30103,1.2899382
mb-06837,train,1.6532125,1.7740073,1.5185139,1.635354
mb-02098,train,1.9344984,1.7473956,1.7160033,1.5538762
mb-03033,train,1.5563024,1.7013621,1.3222193,1.4395205
mb-02091,train,2.0791812,2.0680566,1.7993406,1.7671164
mb-08621,train,1.9822712,1.9822083,1.2552725,1.2942336
af-3fd470028e02,train,1.535013,1.8388609,1.257501,0.98088104
mb-04309,train,2.0530784,1.9984245,1.763428,1.6284264
af-6a9703b2d7b8,train,1.4653829,1.3861971,1.0968962,1.0463195
mb-08879,train,2.2988532,2.2661943,1.8808136,1.9189985
mb-03341,train,2.2878017,2.2275145,1.9867717,1.9091272
af-ab4dcaad9226,train,1.6687995,1.6310909,1.223579,1.1696427
mb-04850,train,2.1105897,2.0372932,1.8325089,1.792027
mb-03297,train,1.5185139,1.4490691,1.2552725,1.2372844
mb-02405,train,0.30103,0.19408426,0.30103,0.18901646
mb-04237,train,1.9637878,1.9034559,1.7558749,1.6549158
mb-01102,train,1.4471581,1.810488,1.4913617,1.7367036
mb-07598,train,1.0,1.0575559,0.47712126,0.4737252
mb-09995,train,2.230449,1.8835734,1.3617278,1.1663843
mb-09952,train,2.217484,2.1802938,1.7781513,1.6974038
mb-10809,train,1.9344985,1.9989487,1.4149734,1.588103
mb-08488,train,2.1139433,2.0845127,1.7853298,1.7887096
mb-05437,train,2.2855573,2.2368562,1.80618,1.7933772
mb-01659,train,1.30103,1.4335089,1.4149734,1.3558464
mb-01126,train,1.7323937,1.6891283,1.4913617,1.456689
mb-01200,train,1.1760913,1.1941391,0.69897,0.75499034
mb-04453,train,1.7853298,1.7194247,1.5797836,1.5168658
mb-00219,train,2.0569048,1.9939524,1.7323937,1.7141926
mb-01526,train,2.0413928,2.0406444,1.8512584,1.8463135
mb-03768,train,2.029384,2.0125995,1.7075702,1.6748343
mb-06360,train,1.6434528,1.7860632,1.1760913,1.2771279
mb-03609,train,2.2787538,2.3069181,1.94939,1.956405
mb-07157,train,1.5797836,1.5731316,1.3222193,1.2617321
mb-06545,train,1.748188,1.8931181,1.1760913,1.3327104
mb-07914,train,2.075547,1.905977,1.5563025,1.4069602
mb-00692,train,2.0170333,1.9483883,1.7075702,1.6634413
mb-10090,train,2.045323,2.0018628,1.447158,1.4806721
mb-01501,train,1.897627,1.8519319,1.7160033,1.5514691
af-45ff7b54dddd,train,1.5228066,1.6152959,0.60033894,0.6228513
mb-02836,train,1.50515,1.7124863,1.0,1.1471453
mb-04173,train,2.2944663,2.3414342,1.8976271,1.9901706
mb-08304,train,2.3283796,2.3104715,1.9731278,1.9662347
mb-07787,train,2.0413928,2.0227032,1.7993406,1.800492
af-1e7909598789,train,1.0997945,1.0103036,0.9076897,0.7946857
mb-01236,train,2.3201463,2.2084782,2.230449,2.0933495
mb-09227,train,2.2900345,2.1764789,1.6434526,1.7648158
af-fe4e8bc133dd,train,1.4210558,1.4053017,1.1488987,1.1043814
mb-10200,train,2.049218,2.0531323,1.6720978,1.7552639
mb-02621,train,2.1003706,2.0228827,1.5682018,1.6222217
mb-01350,train,0.845098,0.7380634,0.69897,0.56574947
mb-05229,train,2.1731863,2.1678188,1.5910646,1.5932989
mb-03554,train,2.0211892,2.0498366,1.6720978,1.6834294
mb-04331,train,1.5797836,1.5194314,1.3617278,1.2729722
mb-05623,train,2.198657,2.2123451,1.7781513,1.8231196
mb-09686,train,2.1931248,2.1414974,1.8512584,1.8590184
mb-05981,train,2.0086002,2.0177946,1.2552725,1.3535168
mb-07733,train,2.0791812,2.1658907,1.6232493,1.7223762
mb-10884,train,2.61066,2.6029863,2.363612,2.3220463
mb-06199,train,2.3521824,2.2845404,1.9637878,1.8721106
mb-09319,train,1.6232493,1.5954995,1.50515,1.4274974
mb-01346,train,2.2810333,2.2925315,1.8325089,1.90599
mb-03595,train,2.029384,2.1085446,1.30103,1.4210212
mb-06513,train,2.2966652,2.369292,2.0374265,2.031144
mb-07913,train,2.049218,2.0716832,1.819544,1.8192606
mb-10507,train,2.1105897,2.0414855,1.9731278,1.814694
mb-02506,train,2.08636,1.9052753,1.9395193,1.7852556
mb-09449,train,1.8129133,1.9084525,1.5185139,1.6614585
mb-09156,train,2.075547,1.9832792,1.8976271,1.8202236
mb-02298,train,1.968483,1.9052087,1.2552725,1.2561679
mb-03678,train,1.9590414,2.0045304,1.447158,1.5035722
af-67bca844220b,train,1.8675776,1.4298775,1.1755437,1.0752585
mb-08347,train,1.4771214,1.5338364,1.20412,1.2580003
mb-00180,train,1.90309,1.8467396,0.30103,0.81808877
mb-06682,train,1.7993406,1.7137777,1.5682018,1.5184743
mb-04663,train,2.029384,1.9947422,1.6334685,1.6690667
mb-08594,train,2.2479732,2.254716,1.819544,1.876134
mb-10517,train,1.763428,1.9549885,1.3802112,1.6113073
mb-01769,train,1.7993406,1.7101496,1.6334685,1.5292671
mb-09344,train,1.7323937,1.773165,1.230449,1.1514614
mb-08558,train,2.1818435,2.1378183,1.6232493,1.5105941
mb-02463,train,2.2833014,2.40091,1.9912261,2.1614716
mb-07025,train,2.230449,2.1871943,1.8692317,1.8833692
mb-10945,train,1.0791813,1.184287,0.7781513,0.8530825
mb-10673,train,1.146128,1.3980861,1.0,1.16637
mb-03101,train,1.8512583,1.7704043,1.50515,1.4036392
mb-08758,train,2.0644581,2.0519838,1.5682018,1.6753734
mb-01128,train,1.4313638,1.4220967,0.90309,0.8979943
mb-04656,train,1.8388491,1.7210053,1.4149734,1.4477402
mb-00069,train,1.5910647,1.6230996,1.4149734,1.4288143
mb-00484,train,2.2380462,2.1581085,1.763428,1.7380438
mb-01471,train,1.20412,1.2167735,0.9542425,0.8761168
mb-02620,train,2.071882,2.098058,1.7923917,1.8718908
mb-10025,train,2.243038,2.1240327,1.748188,1.7300708
mb-09205,train,1.7075702,1.7466451,1.2552725,1.2683938
mb-04394,train,1.9242793,1.9786189,1.8512584,1.8360133
mb-02250,train,2.2227166,2.208199,1.6334685,1.7071418
mb-06151,train,2.2479732,2.2526264,1.8325089,1.8786099
mb-03621,train,1.763428,1.7821935,1.5797836,1.5924777
mb-09384,train,2.1673174,2.0264328,1.7403626,1.6656032
mb-02584,train,1.5682017,1.578724,1.447158,1.4144663
mb-03759,train,1.819544,1.7722404,1.4313638,1.4287587
mb-01834,train,2.5237465,2.6075137,2.2624512,2.3292553
mb-09700,train,2.1072102,2.120218,1.7993406,1.8387469
mb-01608,train,1.1760912,1.1258034,1.0413927,0.99479914
mb-00111,train,1.8750613,1.9314352,1.462398,1.4707663
mb-04937,train,2.0530784,2.1421144,1.8512584,1.9647119
mb-03880,train,2.0253057,2.0152295,1.8692317,1.8242452
mb-05402,train,2.0128372,2.134679,1.8808136,1.9963303
mb-10212,train,2.0170333,2.0861096,1.5797836,1.720616
mb-02110,train,1.9493899,2.003805,1.7242758,1.7636952
af-c7040aa8f251,train,1.9181762,1.6544265,1.2617742,1.1061872
mb-09887,train,1.9777236,1.9346722,1.1139433,1.1413103
mb-02357,train,2.0827854,2.081213,1.80618,1.829
mb-04216,train,1.7403626,1.8733723,1.6232493,1.6557018
mb-05519,train,1.6812413,1.6139234,1.39794,1.382471
mb-08406,train,1.5051501,1.5111802,1.230449,1.2280767
mb-00585,train,1.9777236,1.9792511,1.4313638,1.5156862
mb-09081,train,2.049218,2.0835295,1.690196,1.7657149
mb-05262,train,2.133539,2.1081872,1.69897,1.6763346
mb-06474,train,1.6901962,1.683901,1.2787536,1.3314341
mb-04781,train,2.240549,2.2400303,1.7323937,1.82902
mb-04608,train,2.206826,2.1495411,1.8260748,1.7233212
mb-07584,train,1.7160034,1.7170619,1.4149734,1.3857262
mb-10469,train,1.8750613,1.8974217,1.5797836,1.5982252
mb-01450,train,1.819544,1.8749498,1.6232493,1.6287233
mb-10156,train,2.1583626,2.1524248,1.8512584,1.7493507
mb-06829,train,2.1702616,2.2138414,1.7323937,1.8135766
mb-01419,train,1.8325089,1.7906392,1.4913617,1.3936572
mb-02429,train,1.8260748,1.8843831,1.50515,1.5793453
mb-06522,train,1.748188,1.707039,1.3617278,1.3461531
mb-08733,train,1.8573325,1.6205034,1.6812413,1.5087368
mb-03928,train,1.8325089,1.7729619,1.50515,1.4953291
mb-09727,train,2.198657,2.1562037,1.770852,1.8596175
mb-01706,train,1.9912261,1.9673743,1.7075702,1.7016966
mb-10100,train,2.5751877,2.525472,2.2121875,2.2333455
mb-00994,train,1.6127839,1.6219633,1.20412,1.2663317
mb-04071,train,2.361728,2.407143,2.178977,2.084702
mb-07963,train,1.7160034,1.8593215,1.30103,1.3645496
mb-09418,train,2.3180633,2.1567671,2.0827854,2.0087514
mb-09232,train,1.146128,1.1539538,0.69897,0.81133264
af-446e47ea5b60,train,1.2164588,1.229449,0.8161504,0.9351846
mb-07884,train,1.748188,1.7671838,1.3424227,1.3032843
mb-10758,train,2.3159704,2.338682,1.8512584,1.9892659
mb-03884,train,2.2479732,2.1393304,1.8573325,1.7500114
mb-04883,train,2.0128372,2.1139014,1.69897,1.8212564
mb-03907,train,1.9190781,2.0287423,1.7323937,1.8311973
mb-10001,train,2.243038,2.180694,2.0170333,1.9896896
mb-09992,train,1.7323937,1.6615354,1.50515,1.4125721
af-cb9d3a6bb24b,train,1.0404718,1.0495867,0.7481919,0.77943385
mb-00002,train,1.9084849,1.8426218,1.7403626,1.6146308
mb-06695,train,1.3010299,1.2530301,1.0413927,0.999073
af-5f88595ec1d9,train,1.220108,1.5065953,0.92311287,1.1270044
mb-04902,train,1.7558749,1.7539153,1.1139433,1.1300462
mb-08132,train,2.0128372,2.0342417,1.5797836,1.6938511
mb-02121,train,1.5910646,1.6279955,1.3222193,1.3415787
mb-06223,train,1.8864907,1.9779637,1.5797836,1.6699631
mb-02907,train,2.1105897,2.0693965,1.4913617,1.4502484
mb-09642,train,2.2764618,2.203415,1.8808136,1.9295273
af-e439c7b42e5e,train,1.2971519,1.270473,0.9713042,0.9392583
mb-04871,train,2.3304138,2.3468544,2.269513,2.268128
mb-04350,train,1.748188,1.7324321,1.230449,1.2333694
mb-05340,train,2.326336,2.2202523,1.690196,1.7255492
mb-09314,train,1.7708521,1.745018,1.39794,1.316987
mb-07876,train,2.164353,2.1553829,1.8325089,1.8102617
mb-09612,train,2.3053513,2.1868615,1.9956352,1.8562871
mb-03975,train,2.3324385,2.2379055,1.908485,1.8491794
mb-04725,train,1.80618,1.7632327,1.60206,1.6104987
mb-01597,train,1.5440681,1.5907918,1.3424227,1.3806279
mb-04063,train,1.8129134,1.8208898,1.6334685,1.6128685
mb-00668,train,1.9444827,1.8786657,1.6232493,1.5832417
mb-07757,train,2.143015,2.123835,1.8512584,1.8594953
mb-00082,train,1.5314789,1.69189,1.3222193,1.3753138
mb-08276,train,1.6627579,1.6028128,1.30103,1.288833
mb-05368,train,2.1731863,1.5226254,1.6232493,0.9916419
mb-07592,train,2.029384,2.016194,1.9190781,1.8455501
mb-04314,train,1.5910646,1.6401587,1.2552725,1.2921606
mb-02656,train,2.3692157,2.2914252,2.0791812,2.143155
mb-07484,train,2.4533184,2.4811692,2.0606978,2.1788783
mb-04405,train,1.4149734,1.3315531,1.146128,1.1340997
mb-05473,train,2.238046,2.2438247,2.1818435,2.097208
mb-03209,train,2.033424,2.0622163,1.5440681,1.5211837
mb-03715,train,1.1139433,1.1991105,1.0413927,1.065277
mb-04844,train,1.7923918,1.8550584,1.230449,1.3508625
mb-01260,train,2.1731863,2.0942981,1.7923917,1.8593385
af-9d32b4eb5238,train,1.7973063,1.6029127,1.2589005,1.1013017
mb-08765,train,1.8388491,1.8419822,1.5185139,1.5630318
mb-02312,train,2.0899053,2.0500746,1.4149734,1.4282367
mb-05747,train,1.6434528,1.6441437,1.20412,1.2571256
mb-00628,train,1.7160034,1.6688013,1.2787536,1.210382
mb-09068,train,1.9344984,1.9468858,1.5185139,1.4153981
af-305466170501,train,1.5872068,1.562094,1.199319,1.1122181
mb-09744,train,1.9242793,1.9818089,1.146128,1.2711258
mb-10666,train,2.340444,2.3096564,1.9242793,1.9512671
mb-05990,train,1.9637879,1.9805367,1.6334685,1.5773387
mb-09658,train,1.5185139,1.5681075,1.30103,1.1747855
mb-04131,train,2.1139433,2.086764,1.5910646,1.6249372
mb-02947,train,2.1172712,2.1230726,2.0791812,2.072052
mb-00885,train,2.0,1.8881421,1.6334685,1.6576287
mb-06128,train,2.1583624,2.2373848,1.8325089,1.861583
mb-03978,train,1.8573326,1.8274289,1.6627579,1.5914443
mb-03616,train,2.09691,2.1120908,1.9777236,1.9826384
mb-07580,train,1.5797837,1.5009208,1.30103,1.2530015
mb-08978,train,2.10721,2.015534,1.9542425,1.8869226
mb-05885,train,1.2552725,1.2670611,0.845098,0.86120397
mb-10956,train,2.1673174,2.2141898,1.7160033,1.8369575
af-ec5f34249121,train,1.5001006,1.4202887,1.0678517,1.0608644
mb-10193,train,2.049218,1.9732141,1.6232493,1.5900306
mb-02239,train,1.7993405,1.809069,1.7160033,1.7419494
mb-00751,train,2.071882,2.0785453,1.9294189,1.8701205
mb-09428,train,2.0569048,2.0684934,1.60206,1.6406184
mb-07698,train,2.2671716,2.278833,2.0334237,2.0410101
mb-04866,train,1.9344985,1.6528931,1.5440681,1.2786171
mb-05353,train,2.0211892,2.1020305,1.763428,1.8195163
mb-02579,train,2.2671716,2.203484,1.9344984,1.8980551
mb-10607,train,2.2121875,2.2288675,1.3617278,1.5423893
mb-03301,train,1.9912261,2.1203701,1.7558749,1.7659637
mb-03685,train,2.3053513,2.3105938,2.0128372,2.0103254
mb-06194,train,1.7923918,1.762512,1.20412,1.2005146
mb-10696,train,2.08636,2.1312907,1.39794,1.468332
mb-10923,train,2.0606978,2.2436345,1.8573325,1.9740938
mb-05710,train,2.3483047,2.328598,2.0170333,1.9657073
mb-06492,train,1.7403628,1.7642177,1.462398,1.4260734
mb-09972,train,1.8573325,1.8504965,1.2787536,1.1984289
af-f0cec9393372,train,1.6437378,1.5768993,1.2885644,1.2335253
mb-07731,train,1.8692317,1.8431166,1.5314789,1.5242807
mb-05263,train,2.2552724,2.169184,1.9822712,1.8250113
mb-03639,train,1.7993406,1.7541943,1.1760913,1.206924
mb-08980,train,1.7781513,1.8010722,1.5797836,1.6014985
mb-08074,train,1.6627579,1.6673306,1.39794,1.3326182
mb-10097,train,2.4471579,2.3213947,2.146128,2.148041
mb-02006,train,1.724276,1.7671704,1.4913617,1.5106113
mb-09246,train,2.0863597,1.9876884,1.6720978,1.663274
mb-06058,train,2.2455127,2.2928548,1.94939,2.00732
mb-01550,train,2.033424,2.0487285,1.6127839,1.6490148
mb-06486,train,2.0,2.016646,1.5185139,1.5755124
mb-06004,train,1.8864908,1.8092594,1.4313638,1.4396815
mb-09174,train,1.7075702,1.7177303,1.146128,1.1832181
mb-09635,train,1.2041199,1.2414949,1.0413927,0.9565123
mb-06923,train,2.0827854,2.0533614,1.9731278,1.8953623
mb-09047,train,1.3802112,1.5065851,1.1139433,1.2689195
mb-02439,train,1.0791813,1.2404226,1.230449,1.0865891
mb-07803,train,2.1172714,1.956297,1.7781513,1.6915762
af-d42847d039d9,train,1.568332,1.430813,1.3006238,1.0750219
af-fcfa27833696,train,1.4158278,1.5027863,1.1483374,1.1466212
mb-00267,train,1.3010299,1.5549362,1.1139433,1.2979174
mb-04319,train,2.463893,2.4118154,2.292256,2.2273748
mb-10743,train,2.3159704,2.1966095,1.7075702,1.7931544
mb-08165,train,2.0043213,1.9734747,1.4771212,1.4812539
mb-01803,train,2.307496,2.1497447,1.8325089,1.7525135
mb-02292,train,1.5051501,1.606785,1.30103,1.3167859
mb-02531,train,2.2121875,2.2501032,1.8573325,1.982513
mb-05694,train,1.5185139,1.602646,1.230449,1.3802896
mb-01477,train,1.9190781,1.9594545,1.3424227,1.575215
af-7d6ddbdd4991,train,1.4176294,1.3624232,1.1376832,1.0588824
mb-00474,train,1.544068,1.5599635,1.0791812,1.153686
mb-02540,train,2.220108,2.1782696,1.9777236,1.9431987
mb-04575,train,0.9542425,0.99540216,0.69897,0.7273441
mb-07450,train,2.1875207,2.1431098,1.6434526,1.7302752
mb-00932,train,1.6901962,1.7081268,1.230449,1.25311
mb-10039,train,1.5797836,1.689897,1.1139433,1.315359
mb-02269,train,1.7323937,1.760186,1.2552725,1.3191714
af-e9d97f4d8171,train,0.9803493,1.0276846,0.7162947,0.7444684
mb-05557,train,1.6720979,1.7262921,1.0413927,1.205421
mb-08149,train,2.0530784,1.983101,1.7323937,1.7266333
mb-08240,train,1.7403628,1.7861323,1.2787536,1.2751205
mb-09903,train,1.6232493,1.629155,1.3617278,1.4298862
mb-10780,train,2.3304138,2.2815878,1.9590414,1.9038666
mb-02144,train,1.3222194,1.3010724,0.7781513,0.74285555
mb-07006,train,2.2576785,2.1767285,2.0681858,1.9915214
mb-01631,train,2.10721,2.06666,1.845098,1.797441
mb-06025,train,1.4149734,1.2969542,1.0413927,0.9321246
mb-05540,train,1.845098,1.809989,1.5910646,1.4780422
mb-07217,train,1.6127839,1.6577623,1.4149734,1.4032885
mb-00879,train,2.1461282,2.1165707,1.908485,1.8927436
mb-03860,train,2.0492182,2.0563626,1.7993406,1.8326178
mb-03110,train,2.178977,2.1796854,1.9777236,1.9943624
af-9ff6e8037144,train,1.6701586,1.6404943,1.1647037,1.1145836
mb-00027,train,2.2552724,2.1157115,1.7075702,1.5877733
mb-07431,train,2.0863597,2.069219,1.3617278,1.3755864
mb-03098,train,1.819544,1.7878321,1.3802112,1.334594
mb-07341,train,1.6334685,1.556418,1.1760913,1.0716708
mb-03990,train,2.298853,2.225226,2.1760912,2.1354113
mb-00421,train,2.20412,2.0798821,1.8633229,1.716046
mb-08744,train,1.3979399,1.423464,1.1139433,1.0899497
mb-08948,train,2.089905,2.1198535,1.7160033,1.7925916
af-a905d9de2976,train,1.2740192,1.3467364,0.98340166,1.0778718
mb-03945,train,1.3802112,1.4523257,1.0413927,1.1330228
mb-09870,train,1.8512583,1.8114474,1.2552725,1.3777404
af-ef00d5055a97,train,1.4265275,1.5438912,1.2158886,1.1244463
mb-02150,train,2.0043213,1.9898374,1.50515,1.5476474
mb-10781,train,2.1139433,2.1220844,1.9344984,1.9674327
mb-01665,train,1.3802114,1.3976096,1.1760913,1.1699374
mb-10477,train,1.9777236,1.9508042,1.7853298,1.7489551
mb-05349,train,1.9867718,2.0320406,1.6812413,1.6970745
mb-03578,train,2.2900348,2.2233534,1.7075702,1.6710937
mb-01961,train,1.7160034,1.7445229,1.5563025,1.479236
mb-00432,train,1.4471581,1.3675236,1.146128,1.0097771
mb-00601,train,1.3010299,1.3771822,0.845098,0.94305325
mb-10623,train,1.6127839,1.5898865,0.90309,0.92197263
mb-07792,train,2.274158,2.1607294,1.8512584,1.8189732
mb-09455,train,1.4913616,1.5129141,1.0791812,1.131568
mb-10534,train,1.5682018,1.510966,1.1139433,1.082724
mb-05814,train,2.1038036,2.0818777,1.447158,1.4929807
mb-07701,train,1.9956353,1.9738331,1.80618,1.8251534
mb-07589,train,2.3541083,2.3248854,2.0043213,2.087842
mb-05082,train,2.3324385,2.2561724,2.0253057,1.9513638
mb-09728,train,2.10721,2.190884,1.8512584,1.8974073
mb-06817,train,2.3926969,2.4305272,2.09691,2.1493728
mb-01783,train,0.69897,0.7022731,0.30103,0.28480017
mb-06227,train,1.6720979,1.681094,1.3424227,1.346189
mb-04192,train,2.1398792,2.063269,1.968483,1.9641032
mb-00284,train,1.8325088,1.8519456,1.3222193,1.3584335
mb-02916,train,1.6334685,1.6871095,1.4313638,1.4843551
mb-00684,train,0.69897,0.8011641,0.30103,0.51442534
mb-08023,train,1.80618,1.8000075,1.462398,1.4418386
mb-08022,train,2.143015,2.1304445,2.071882,2.074732
mb-03077,train,1.69897,1.7909296,1.50515,1.556773
mb-03693,train,2.2380462,2.2378297,1.9956352,1.945514
mb-04240,train,1.7403626,1.7250819,1.4771212,1.4877746
mb-00030,train,1.763428,1.7245283,1.447158,1.5233864
mb-00151,train,2.1875207,2.0492709,1.9444827,1.7729108
mb-08596,train,2.1003706,2.1085947,2.217484,1.8395945
mb-03686,train,1.7242758,1.8565602,1.4771212,1.6079745
mb-00426,train,2.2479732,2.182299,2.146128,1.9052393
mb-09826,train,1.929419,1.8831316,1.4313638,1.4226927
mb-01987,train,2.1238515,1.9410725,1.8129133,1.6641439
mb-08487,train,2.025306,2.0001023,1.5682018,1.6234236
mb-06627,train,1.6532125,1.6352406,1.20412,1.2864946
af-8c5011c882aa,train,1.3057168,1.2893257,0.97039986,1.0071483
mb-05632,train,1.6127839,1.6770914,1.4313638,1.4999342
mb-02351,train,1.8129134,1.7219608,1.3617278,1.278093
mb-08877,train,1.7403626,1.8218358,1.146128,1.2245753
mb-04235,train,1.8573325,1.792969,1.6532125,1.5359638
mb-00328,train,2.2121875,2.0781224,1.80618,1.7213382
mb-01164,train,2.292256,2.3356245,1.9867717,1.9944284
mb-06914,train,1.7923918,1.7652595,1.30103,1.2997684
mb-05593,train,2.4183013,2.387854,2.0934217,2.0754542
mb-10362,train,1.6232493,1.6310415,1.60206,1.5712444
mb-08637,train,1.9777236,1.981532,1.6434526,1.6939297
mb-03784,train,1.9242793,1.9878721,1.6627579,1.7521886
mb-05517,train,1.9344985,1.8169835,1.462398,1.4197963
mb-05197,train,2.39794,2.4127047,2.2600713,2.3330257
mb-03332,train,2.2764618,2.3923264,1.9590414,2.1218028
mb-05158,train,1.9956352,1.7881179,1.6434526,1.4284437
af-94dbdbbca7eb,train,1.4035974,1.647495,1.0762106,1.1063335
mb-09304,train,1.8129134,1.5605662,1.3617278,1.1825664
mb-02986,train,2.198657,2.1823175,1.7993406,1.7252113
mb-10811,train,1.4471581,1.4714749,1.1760913,1.1610731
af-b8b8a59bed65,train,0.9661417,1.2662132,0.71193624,0.9510062
af-c04a329e050e,train,1.5523298,1.5412713,1.1630032,1.1002532
mb-06176,train,2.434569,2.4386823,2.1238515,2.1261106
mb-02728,train,2.0606978,2.072834,1.8260748,1.8403589
mb-06373,train,2.149219,2.0366204,1.8512584,1.6677735
mb-04692,train,2.4857213,2.484292,2.2718415,2.2782927
mb-05230,train,1.8325089,1.8056049,1.7242758,1.6739116
mb-01319,train,1.5682018,1.6717249,1.3802112,1.5044909
mb-09420,train,0.0,-0.07549542,0.0,-0.03030479
mb-01113,train,1.5910646,1.4796897,1.3617278,1.2363058
af-d93ce507eac7,train,1.4118873,1.3815551,1.1428055,1.1451914
mb-06613,train,1.770852,1.7865379,1.3802112,1.3490568
mb-04591,train,1.0413927,1.1210485,0.7781513,0.75427216
mb-02927,train,2.3031962,2.287084,1.8260748,1.8858421
mb-01877,train,1.690196,1.6217206,1.39794,1.3279775
mb-03777,train,2.1172712,2.2120225,2.0827854,2.1621926
mb-00490,train,1.5910646,1.5285678,1.3802112,1.3790115
mb-03917,train,1.7160034,1.5541828,1.6812413,1.5632014
mb-05667,train,2.033424,2.0285244,1.4313638,1.4463437
af-3a88e8bf41f9,train,1.7601781,1.6450667,0.89326894,1.1039873
mb-06220,train,2.10721,2.1340797,1.763428,1.7688278
mb-08575,train,1.8512583,1.9149144,1.4771212,1.6116359
mb-08359,train,2.1931245,2.1837602,1.763428,1.8126891
mb-03737,train,1.3222194,1.4489282,1.30103,1.367641
mb-04542,train,1.3617278,1.3820703,1.2552725,1.224658
mb-00128,train,2.2013972,2.1418192,1.9542425,1.9503361
mb-08770,train,1.230449,1.2791753,1.0,1.0115215
mb-06108,train,1.8325089,1.7921449,1.4771212,1.4871887
mb-07925,train,2.2455127,2.138901,1.7558749,1.7359711
mb-02847,train,1.9294189,1.9108639,1.5910646,1.6091827
mb-05958,train,2.232996,2.1804707,1.50515,1.5991015
mb-08661,train,2.178977,2.2461715,1.8750613,1.867976
mb-05840,train,2.326336,2.2818627,1.968483,1.9291139
mb-07881,train,1.4313637,1.5692599,1.6434526,1.470787
mb-10071,train,1.6532125,1.7626913,1.39794,1.5175178
mb-06388,train,2.3424227,2.3214788,1.9444827,1.954756
mb-05226,train,1.9590414,1.9707674,1.7853298,1.7714659
mb-04999,train,1.3617278,1.3965309,1.1139433,1.123816
mb-00842,train,0.90309,0.9035325,0.60206,0.6348469
mb-07942,train,1.9444826,1.9620044,1.447158,1.4741341
mb-00048,train,2.0211892,1.9684644,1.7558749,1.7268425
mb-05071,train,2.2405493,2.1763391,1.845098,1.7207747
mb-09507,train,1.7923918,1.8033897,1.146128,1.4179178
mb-09377,train,2.1038036,2.1025028,1.5314789,1.6603668
mb-02231,train,2.1522884,2.0036514,1.5682018,1.5597692
mb-08313,train,1.8388491,1.8442057,1.447158,1.4022238
mb-05015,train,2.1038036,2.1918597,1.9344984,1.9918706
mb-10934,train,1.7242758,1.811707,1.6232493,1.6565646
mb-04970,train,2.3031962,2.2398067,1.4313638,1.5053195
mb-08719,train,2.1818435,2.1985147,1.8864907,1.8071748
mb-07924,train,0.60205996,1.0814278,0.90309,0.93761146
mb-09784,train,2.075547,2.1401632,1.9344984,2.0655377
mb-07853,train,1.0791812,1.1650517,0.69897,0.8366978
mb-02001,train,2.164353,2.1640081,1.8920946,1.8055028
mb-08852,train,0.60206,0.6005209,0.30103,0.33899057
mb-02081,train,1.2787536,1.2642397,1.1760913,1.1048422
mb-09922,train,2.120574,2.0523064,1.6720978,1.5838263
mb-04695,train,2.089905,2.078959,1.8692317,1.880203
mb-01073,train,1.4149734,1.3493704,1.20412,1.1793554
mb-09371,train,1.5563025,1.2051823,1.5682018,1.054606
af-73993106a51b,train,1.7721176,1.5984174,1.246848,1.1616628
af-2a65e95859e6,train,1.1009457,1.075053,0.7881082,0.77543485
mb-04119,train,1.2552724,1.2026995,1.0791812,1.0701197
mb-02315,train,1.7075702,1.7207676,1.5185139,1.4441648
mb-05599,train,2.4031205,2.4516,2.161368,2.1419618
af-a2d550bade29,train,1.4746183,1.3577269,1.033886,1.0622005
mb-09135,train,1.6127839,1.5656316,1.1760913,1.0509025
mb-09114,train,1.6434526,1.7350047,1.3617278,1.4379929
mb-05138,train,2.3159702,2.3920739,2.2787535,2.3481917
mb-09161,train,2.0086002,2.0474164,1.6532125,1.7527375
mb-10603,train,2.2227166,2.2647662,1.9294189,1.9734366
mb-03395,train,2.390935,2.375187,2.0569048,2.0396492
mb-01612,train,1.7323937,1.7738216,1.30103,1.3556154
mb-01616,train,1.9731278,1.8947018,1.50515,1.471299
mb-04214,train,1.8808136,1.8837513,1.7242758,1.7023784
mb-07562,train,2.155336,2.0932968,1.447158,1.4215419
mb-01418,train,1.4313638,1.5800451,1.1760913,1.2541597
mb-05642,train,2.3483047,2.3782263,2.089905,2.0827878
mb-10986,train,1.9542425,2.0059745,1.69897,1.6490003
mb-05868,train,1.6812413,1.7009275,1.462398,1.4784526
mb-02623,train,1.9912261,1.9580333,1.3617278,1.333051
mb-07476,train,2.209515,2.1381097,1.8750613,1.8473408
mb-10711,train,2.045323,2.1131115,1.8692317,1.8870481
mb-08937,train,2.155336,2.0060377,2.049218,1.8621957
mb-03903,train,1.3979399,1.4710019,0.845098,0.96889997
mb-06210,train,2.1583624,2.2033756,1.7853298,1.8294944
mb-05829,train,1.748188,1.9383368,1.462398,1.3725791
mb-09792,train,1.7634281,1.6325693,1.5440681,1.4185457
mb-10397,train,2.2148438,2.234826,1.845098,1.9459257
mb-04220,train,1.9956352,2.070878,1.69897,1.7902645
mb-01721,train,2.071882,2.005653,1.7853298,1.8142712
af-4a8a1dc1af88,train,1.3570883,1.4561797,1.0777167,1.1314435
mb-02148,train,1.7075702,1.7887007,1.3617278,1.4272566
mb-04089,train,1.80618,1.8860394,1.3617278,1.478006
mb-01543,train,2.3180633,2.2904024,2.0334237,1.9935067
mb-03723,train,1.763428,1.6869543,1.6434526,1.6398101
mb-06398,train,1.9395193,1.8413365,1.5682018,1.501673
mb-02615,train,1.0791813,1.2064383,0.9542425,1.0561285
af-a30bbe2831fa,train,1.6465125,1.6536502,0.68809485,1.0558617
mb-07046,train,2.2787535,2.0993335,1.7323937,1.7831922
mb-01364,train,1.8260748,1.7132969,1.4771212,1.3600843
mb-06751,train,2.1731863,2.1431804,1.690196,1.6876726
mb-09191,train,1.6127839,1.6569042,1.5440681,1.4181683
mb-04371,train,2.0681858,2.0955591,1.7923917,1.740039
mb-03658,train,1.6627579,1.678504,1.5563025,1.5173261
mb-00843,train,1.3222193,1.4786506,1.0,1.1304768
mb-01313,train,2.0211892,1.9876614,1.690196,1.7330811
mb-09894,train,1.9190781,1.79408,1.6812413,1.5564216
mb-00411,train,1.3802112,1.4718196,1.39794,1.2988235
mb-02480,train,2.0211892,1.8415997,1.7853298,1.5697824
mb-03006,train,2.25042,2.1582718,1.908485,1.84007
mb-08250,train,1.6532125,1.7048638,1.4771212,1.5132546
mb-09548,train,1.9444827,1.6837636,1.7323937,1.4760617
mb-07252,train,1.5185139,1.6076882,1.2787536,1.3788929
mb-07606,train,2.3424227,2.260821,2.0569048,1.9123993
mb-01112,train,2.1731863,2.128777,1.8129133,1.7827231
mb-10056,train,2.3364596,2.1646018,2.0043213,1.8157269
mb-08026,train,1.7160034,1.7213604,0.69897,0.81280273
mb-10187,train,2.0413928,1.9864488,1.5682018,1.5692308
mb-09020,train,1.7075702,1.8218448,1.3424227,1.5428395
mb-01084,train,2.376577,2.3562953,2.0681858,2.093474
mb-00383,train,1.7993405,1.7406816,1.5185139,1.4528229
af-f818510c8952,train,1.6835972,1.884465,0.43697003,0.7696402
mb-07148,train,1.9956353,1.9350989,1.5563025,1.5346706
mb-00221,train,2.1846914,2.1689265,1.9242793,1.9078186
mb-08187,train,2.4216042,2.3532705,2.1003706,2.034935
mb-00731,train,2.1172714,2.1011107,1.7075702,1.7166194
mb-03819,train,2.0791812,2.070748,1.6334685,1.626946
mb-00911,train,1.913814,1.9276797,1.5440681,1.593363
mb-08620,train,2.0791812,1.8662591,1.6232493,1.4604677
mb-05479,train,2.2988532,2.2472453,1.8325089,1.7751956
mb-05434,train,2.075547,2.0854354,1.8976271,1.8932786
mb-08049,train,2.0086002,1.917634,1.6627579,1.582185
mb-00257,train,2.2479732,2.091753,2.0681858,1.876059
mb-09769,train,1.5051501,1.644784,0.90309,0.9256617
mb-05171,train,1.3222193,1.3103697,1.0,1.1361858
mb-08416,train,2.0170333,1.9789212,1.7853298,1.76129
mb-00849,train,1.7558749,1.7361282,1.3617278,1.3474798
mb-03353,train,2.4031205,2.3163452,2.2455127,2.2564468
mb-07846,train,1.5797836,1.5793346,1.3617278,1.3316659
mb-04464,train,1.3617277,1.4349632,1.0791812,1.073617
mb-01576,train,1.3979399,1.3482879,1.1139433,1.0263202
mb-04803,train,1.9344984,1.9822096,1.8129133,1.7777021
af-d8062a4e068b,train,1.2158728,1.2989887,1.0037233,1.070722
mb-06131,train,1.6127839,1.6937895,1.4149734,1.4732288
mb-03190,train,1.9731278,1.94606,1.5797836,1.5876677
mb-08471,train,2.252853,2.2338076,2.0293837,1.9620533
mb-04698,train,1.3617278,1.4128447,1.146128,1.2013068
mb-08761,train,2.326336,2.294534,2.075547,2.01358
mb-06006,train,2.0086002,1.9651926,1.3802112,1.3349254
mb-06500,train,1.9242792,1.9369217,1.2552725,1.30862
mb-02770,train,1.50515,1.5239571,1.1139433,1.1812873
mb-02053,train,2.0863597,2.083588,1.8129133,1.8279063
mb-00129,train,2.2787535,2.286774,1.9956352,2.0014994
mb-10708,train,1.7781513,1.9710121,1.1139433,1.2213562
mb-06419,train,1.3424227,1.256189,1.2787536,1.1256258
mb-02259,train,1.819544,1.7872881,1.5440681,1.5040357
mb-01391,train,1.5314789,1.5851026,0.90309,0.91326517
mb-04789,train,1.8976271,1.924206,1.5910646,1.6416155
af-c6d52ea37eb9,train,1.3179464,1.477045,0.90024036,1.1262144
mb-05193,train,1.8325088,1.9232923,1.5797836,1.5899723
af-dd18d74ff992,train,1.5856006,1.6215351,1.0378884,1.1023328
mb-07768,train,1.3222194,1.326849,0.7781513,0.8285022
mb-00895,train,2.3521826,2.4588256,2.3283796,2.4571452
mb-03705,train,2.3364596,2.2874682,1.8325089,1.8905482
mb-09546,train,1.7993406,1.8073299,1.39794,1.4720038
af-89e7078d2a09,train,1.5685279,1.4342382,1.187041,1.099286
mb-08221,train,2.243038,2.1570928,1.9344984,1.9053081
mb-10616,train,1.7558749,1.6243837,1.39794,1.2858734
mb-01985,train,2.1367207,2.189457,1.8388491,1.9507388
mb-07628,train,2.372912,2.4653533,2.071882,2.1663013
mb-01091,train,1.2552725,1.4316521,1.1139433,1.228552
mb-07958,train,2.2648177,2.321963,1.90309,1.9551828
mb-07692,train,1.770852,1.7198999,1.50515,1.4411116
mb-00253,train,2.0530784,2.0500739,1.7993406,1.7520336
mb-05050,train,2.2013972,2.1204531,1.80618,1.7858067
mb-04768,train,1.3979399,1.4272287,1.1139433,1.1194065
mb-07216,train,1.60206,1.5471828,1.3802112,1.3058782
mb-10961,train,1.9294189,1.9654264,1.69897,1.6680397
mb-06975,train,2.2624512,2.0988884,1.9444827,1.9026276
mb-01434,train,1.8808136,1.9084686,1.146128,1.2953308
mb-03662,train,1.5910646,1.5720387,1.2552725,1.178926
mb-05609,train,2.4828737,2.4894645,2.1673174,2.1886945
mb-00821,train,2.1958997,2.2068276,1.9294189,1.8457325
mb-02816,train,2.2878017,2.2916124,2.143015,2.1270018
mb-07236,train,1.7075702,1.710772,1.230449,1.2280893
mb-08295,train,1.9777236,1.9785869,1.6334685,1.6398164
mb-03772,train,1.7160034,1.548932,1.4913617,1.3230858
mb-10439,train,2.1702619,2.1480153,1.7781513,1.8108919
mb-07271,train,2.2718415,2.1623092,1.60206,1.5865479
mb-09645,train,1.5440681,1.5355608,1.3802112,1.3379917
af-7d6a2e6c7422,train,1.2791352,1.4107174,0.21763395,0.38658965
mb-09318,train,1.60206,1.3833421,1.1139433,0.9899826
mb-01485,train,2.130334,2.218586,1.7558749,1.7868
mb-08972,train,2.149219,2.1308012,1.5440681,1.6000026
af-f51b92be0bca,train,1.3009083,1.2881668,0.96788245,0.88928014
mb-06940,train,1.9344984,1.8771183,1.6232493,1.6310465
mb-07116,train,0.95424247,1.1770883,0.30103,0.5729634
mb-09320,train,2.2966652,2.2418184,1.8976271,1.8979856
mb-02934,train,2.2878017,2.190487,1.8512584,1.7833381
af-5414561a8705,train,1.0839789,1.036993,0.7824762,0.7268779
mb-08300,train,2.0569048,2.038832,1.50515,1.5815787
mb-04498,train,2.09691,2.1220286,1.9344984,1.9218084
mb-06495,train,1.8864908,1.9493294,1.2787536,1.3107806
mb-05595,train,2.6031444,2.604504,2.4132998,2.323718
mb-08261,train,2.0,1.9682212,0.30103,0.55409294
mb-08753,train,2.1139433,1.9726689,1.8573325,1.7052776
mb-03059,train,2.2148438,2.1839168,2.0,1.8883669
mb-10413,train,1.7160033,1.7929887,1.50515,1.4363817
mb-02956,train,1.5314789,1.4305867,1.39794,1.1197555
mb-08559,train,1.69897,1.5992731,1.3802112,1.181854
mb-04770,train,2.30103,2.2864645,1.9542425,1.9228538
mb-06121,train,1.6127839,1.6472698,1.3617278,1.3934699
mb-05922,train,2.3324385,2.3065634,2.1038036,1.9854455
af-29a39cef1d9c,train,1.4842627,1.5418468,1.2508808,1.2546582
mb-00568,train,1.3424226,1.5377127,1.447158,1.4465913
mb-04665,train,0.90309,0.8972695,0.60206,0.61030513
af-cb1589626859,train,1.6343684,1.6506877,1.2703784,1.137389
mb-01109,train,1.7075701,1.6982825,1.447158,1.4353385
mb-05844,train,2.2121875,2.1985831,1.763428,1.7863042
mb-05683,train,2.2121878,2.1643078,1.3424227,1.3056679
mb-07670,train,1.9242793,1.8803735,1.1760913,1.0417938
mb-09579,train,2.3117537,2.217443,1.5797836,1.6606268
af-34bd54f20afe,train,1.8296614,1.5003209,1.2992305,1.1148477
mb-06552,train,2.2878017,2.2225587,1.908485,1.8394963
mb-02917,train,1.9777236,2.0064125,1.4771212,1.4897493
af-dc0402cf588b,train,1.6050022,1.3954461,1.1886276,1.0882909
mb-08157,train,1.6127839,1.6096702,1.0413927,0.9521333
mb-08131,train,1.7993405,1.7685418,1.5314789,1.410165
mb-10412,train,1.2787536,1.2487006,0.9542425,0.9105759
mb-03122,train,1.845098,1.9888884,1.50515,1.4882897
af-4fa2575f14e6,train,1.4055512,1.3848051,1.1821463,1.0349684
mb-10057,train,2.1105897,2.043986,1.9190781,1.7996137
mb-10983,train,1.724276,1.6401737,1.4313638,1.3346931
mb-09218,train,1.0413927,1.14414,0.845098,0.9330721
mb-02737,train,1.9294189,1.9532593,1.4771212,1.5733798
mb-04420,train,2.2552726,2.2199702,1.7993406,1.8273311
mb-08235,train,2.1522884,2.1149,1.8573325,1.8087511
mb-06760,train,2.1271048,2.105567,1.9777236,1.9423807
mb-02316,train,1.690196,1.753155,1.4771212,1.5144457
af-fe8b810bf7f8,train,1.8591046,1.8357652,1.2799884,1.2844678
mb-07205,train,2.1958995,2.1402602,1.690196,1.683443
mb-09648,train,1.5314789,1.7205429,0.7781513,0.9312762
mb-09899,train,1.9190781,1.9433,1.3424227,1.4048955
mb-08043,train,1.80618,1.773603,1.4913617,1.5281175
mb-04864,train,1.7853298,1.8215773,1.4913617,1.5757109
mb-09791,train,1.6532125,1.6683806,1.5440681,1.5347183
mb-04852,train,2.089905,2.0396533,1.9190781,1.830276
mb-10775,train,1.8864908,1.8183293,1.5682018,1.5046467
mb-09340,train,1.4771212,1.6687346,1.39794,1.5126159
mb-09610,train,1.690196,1.6730922,1.5797836,1.4573396
mb-07307,train,1.6989701,1.728912,1.2787536,1.3437719
mb-07743,train,2.2013972,2.1825264,1.8692317,1.8559301
mb-06854,train,1.6434528,1.6718363,1.1760913,1.2280526
mb-09306,train,2.2013972,2.1843991,1.8976271,1.8517876
mb-00875,train,2.049218,2.0465393,1.8692317,1.8731058
mb-08464,train,2.025306,2.0099847,1.6812413,1.6302031
mb-04508,train,2.252853,2.2494102,1.9956352,2.0363693
mb-07337,train,2.033424,2.0914156,1.908485,1.9385383
mb-08764,train,1.0413927,1.1839851,0.9542425,1.0331988
mb-02170,train,2.0374265,2.093515,1.9138138,1.9398992
af-f7933008a130,train,1.4157144,1.6496395,0.8738052,1.047253
mb-07635,train,2.045323,1.9658931,1.7781513,1.7226593
mb-05130,train,2.161368,2.129291,1.7781513,1.7839212
mb-08921,train,1.2787536,1.2712475,0.90309,0.931564
af-36c4141c3de2,train,0.9511767,1.0760654,0.76126236,0.86564255
mb-09734,train,2.1335387,2.1442857,1.3222193,1.3981993
mb-05406,train,2.0043213,1.8691807,1.7242758,1.5684297
af-18f40e64a0a7,train,1.680804,1.3453913,1.2795392,1.0613087
af-9d9b873ee531,train,1.7065283,1.8413471,1.0731095,1.1104208
af-b17fb10793f5,train,1.6243409,1.6326926,1.0628301,1.0581797
mb-04074,train,1.5563025,1.6031373,1.3617278,1.3755968
mb-01711,train,1.6720979,1.7327915,1.3617278,1.4542819
af-50b51ceb501d,train,1.6583121,1.6116557,1.2730222,1.1261722
mb-05629,train,1.8692317,1.8473032,1.7242758,1.6612746
mb-04582,train,1.3010299,1.2276543,1.1139433,1.075334
mb-10093,train,1.4913616,1.4759467,1.447158,1.3865409
mb-00518,train,1.5910647,1.5107648,1.1760913,1.1203843
mb-05357,train,2.0934217,2.0939777,1.8692317,1.7255803
mb-05973,train,2.0934217,2.1431231,1.7075702,1.7373086
af-fe952ef1f59c,train,1.2913933,1.581686,0.93090624,1.1039649
mb-09959,train,2.2878017,2.3354495,1.8750613,2.0540116
mb-03758,train,1.3424227,1.5149782,1.230449,1.3142686
af-0e7002383fe4,train,1.7313938,1.6505204,1.2735568,1.131757
mb-09272,train,2.0791812,2.0368385,1.763428,1.8416293
mb-00636,train,1.9138138,1.9161191,1.7923917,1.7160668
mb-10431,train,1.3617277,1.6871403,1.0791812,1.348407
af-15bf2c0b12f9,train,1.0019326,1.080471,0.69488585,0.7701431
mb-09601,train,1.6434528,1.6741822,1.20412,1.3249868
mb-03445,train,0.69897,0.567303,0.30103,0.1652267
mb-03776,train,1.9542425,1.9578162,1.3802112,1.370588
mb-00797,train,2.230449,2.0898743,1.7993406,1.7463549
mb-07966,train,1.7160034,1.7723249,1.230449,1.2531229
mb-08292,train,1.8692317,1.9064895,1.1139433,1.156718
mb-09145,train,1.991226,1.9546285,1.6720978,1.6907575
mb-06485,train,2.3856063,2.4099572,2.1139433,2.0901709
mb-04207,train,2.1038036,2.1846092,1.90309,2.005565
mb-00941,train,2.2380462,2.1642632,1.4913617,1.4786689
mb-09212,train,1.7558749,1.8281255,1.4771212,1.5476402
af-a19cdea5f11f,train,1.7234557,1.7710885,1.1731716,1.1572855
mb-10305,train,2.2479732,2.1990237,1.9190781,1.8135942
af-661e55479891,train,1.7496073,1.7572558,1.2663329,1.1292467
mb-05362,train,1.9822713,1.9397084,1.5440681,1.4589498
mb-05465,train,2.2405493,2.192668,1.8808136,1.9471682
mb-04818,train,2.0128372,1.9908103,1.690196,1.7300253
mb-09225,train,1.968483,2.0026762,1.7323937,1.7127372
mb-03550,train,2.2355285,2.206531,1.7923917,1.7642758
af-5d94aa7e2ab2,train,1.4707353,1.2589735,1.2880882,0.9986019
mb-03887,train,1.7853298,1.8535445,1.20412,1.2830774
mb-08655,train,2.2718415,2.323068,1.8573325,2.023307
mb-03457,train,2.363612,2.3707173,2.0569048,2.0356925
mb-02982,train,2.0253057,1.9216348,1.4771212,1.5285106
mb-00744,train,2.0043213,2.0663402,1.90309,1.8983198
mb-05948,train,1.9822712,1.9036609,1.5797836,1.5711828
mb-09385,train,2.434569,2.5204654,2.1731863,2.2560296
mb-00871,train,2.1398792,2.1096518,1.8750613,1.8503417
mb-01993,train,2.064458,2.0143805,1.8864907,1.7506338
mb-03949,train,2.4065402,2.3286657,1.968483,2.0101984
mb-06258,train,2.0791812,2.128489,1.7403626,1.7398478
mb-08274,train,2.1583626,2.1066504,1.6127839,1.5738429
mb-02207,train,2.120574,2.1473892,1.94939,2.023301
mb-09809,train,2.269513,2.260464,1.9777236,1.9782023
mb-04333,train,1.968483,1.9282854,1.690196,1.6209875
mb-10654,train,2.0043213,2.2644703,1.7558749,1.9606843
mb-08672,train,1.7634281,1.8119996,1.4313638,1.4749433
mb-01971,train,2.2988532,2.2660546,1.8325089,1.7893472
mb-06524,train,2.2253094,2.2038784,1.8920946,1.9517038
mb-10944,train,2.09691,2.0500534,1.9138138,1.8572335
mb-09440,train,0.30103,0.38993073,0.0,0.10018623
mb-06157,train,1.5910647,1.5922916,1.4913617,1.4215789
mb-04829,train,1.9542425,1.9009526,1.748188,1.6828388
mb-07485,train,1.7323937,1.7319368,1.4913617,1.5147163
mb-07811,train,1.3802114,1.4578075,1.20412,1.2552094
af-9e7d5ff7423c,train,1.1077762,1.2919328,0.8701545,0.966855
mb-06769,train,2.3979402,2.4112153,2.075547,2.0915008
mb-05095,train,2.2576785,2.244424,2.0211892,1.9892282
mb-07065,train,2.3283796,2.2198162,2.2718415,2.1342957
mb-02919,train,2.1461282,2.0538287,1.6532125,1.6129843
mb-08167,train,2.209515,2.2314095,1.7853298,1.8930982
mb-10509,train,2.1172712,2.3583965,2.0827854,2.084466
af-f237511d9093,train,1.4192219,1.3945613,1.2853502,1.1051216
mb-07238,train,2.0128372,2.0098143,1.8750613,1.9189683
mb-02625,train,1.9190781,1.9680092,1.8260748,1.7562311
mb-08624,train,2.029384,2.0391414,1.8512584,1.8623888
mb-02565,train,2.064458,1.9364372,1.8325089,1.6971183
mb-00092,train,1.8325089,1.7822323,1.60206,1.5688804
af-66752eca79a7,train,1.6295228,1.5655816,1.0916318,1.0591366
mb-05652,train,2.161368,2.1582615,1.7075702,1.7242736
af-c2384ec3a6ca,train,1.5472958,1.518497,1.1153675,0.87827
mb-02664,train,1.8976271,1.927222,1.7323937,1.6959726
mb-06240,train,1.929419,1.8892355,1.462398,1.5285134
mb-10848,train,2.2833014,2.2909336,1.9190781,1.9216912
mb-05282,train,1.9542425,1.9529183,1.6232493,1.6557245
mb-05805,train,2.161368,2.2598317,1.90309,1.9742917
mb-00625,train,2.0863597,1.8547733,1.69897,1.6093029
mb-04385,train,1.8512584,1.794622,1.4913617,1.4911982
mb-00921,train,2.303196,2.2720752,1.968483,1.8893216
af-f7857324dd27,train,1.6802348,1.8159767,1.0922784,1.148272
mb-02017,train,1.7160034,1.6825498,1.2552725,1.326717
mb-08147,train,1.3222194,1.2196311,0.9542425,0.85823846
mb-10026,train,2.4248817,2.3151746,1.9294189,1.9579356
mb-00119,train,1.90309,1.9305308,1.69897,1.624547
mb-04294,train,1.7993405,1.8005772,1.4771212,1.4914342
mb-09780,train,0.90309,1.2055261,0.90309,1.0598261
mb-07250,train,0.47712126,0.6328903,0.30103,0.48165953
mb-09410,train,2.2576785,2.1497378,2.0,1.7981374
af-3e3c1d40063c,train,1.3055792,1.2100505,0.99379456,0.80134803
mb-03079,train,2.2576785,2.1510031,2.0374265,1.9380845
mb-09940,train,1.2787535,1.237468,1.0791812,1.0124968
mb-10850,train,1.4771214,1.5741047,1.2787536,1.2539802
mb-10180,train,1.447158,1.6205857,1.3222193,1.3304372
mb-02594,train,1.6232493,1.5877786,1.20412,1.1723051
mb-08042,train,1.9395192,1.973942,1.6720978,1.7645869
af-a68e4529694a,train,1.9192816,1.7965288,1.1950551,1.0796632
mb-06421,train,2.133539,2.0711389,1.7160033,1.704616
mb-04613,train,2.064458,2.126174,1.9190781,2.021156
mb-08342,train,1.7160034,1.6523385,1.4913617,1.3617617
mb-03623,train,1.9777236,1.8929265,1.7160033,1.5970811
mb-04847,train,2.1461282,2.2093916,1.8976271,1.9265254
mb-07403,train,2.2718415,2.1753807,2.0934217,1.9219615
mb-08882,train,1.5185139,1.623086,1.447158,1.3876181
mb-00996,train,1.8388491,1.8365438,1.3617278,1.3218751
af-9de515ae0560,train,2.041219,1.789758,1.2108507,1.1529167
mb-10881,train,1.8325089,1.8981934,1.748188,1.9010189
mb-00198,train,1.8573325,1.7872932,1.4913617,1.3991774
mb-04193,train,1.9777236,1.9846504,1.5185139,1.5454903
mb-03585,train,2.164353,2.156967,1.7923917,1.7336177
mb-00090,train,2.2576787,2.2698207,2.0413928,2.0286605
mb-08108,train,2.0128372,2.0178287,1.60206,1.6411495
mb-02583,train,1.5440681,1.7480369,1.2787536,1.4910556
mb-06291,train,2.149219,2.1733804,1.80618,1.7748203
mb-05566,train,1.6127839,1.7093592,1.230449,1.2908039
af-bedddf6b2193,train,1.7732582,1.8861136,0.756296,0.8338501
mb-04095,train,2.0128372,1.912517,1.5563025,1.5380629
mb-02945,train,1.7558749,1.6730433,1.447158,1.3413485
mb-01272,train,1.4313638,1.4405036,0.845098,0.84619546
mb-00254,train,1.7160033,1.7099297,1.5797836,1.5097584
mb-02183,train,2.1673174,2.143701,1.9242793,1.885415
mb-06680,train,1.8512584,1.7747669,1.6627579,1.5902684
mb-00480,train,2.2013972,2.0391104,1.8573325,1.7088908
mb-00907,train,2.146128,2.1816812,1.770852,1.8104095
mb-00233,train,1.9084849,1.771194,1.60206,1.5117092
mb-08402,train,2.2878017,2.2591116,2.1303337,2.061173
mb-10688,train,1.5682017,1.5258311,1.0791812,1.0925117
af-8e1432465df5,train,1.2099197,1.173083,0.8095247,0.87795526
mb-00091,train,1.6127839,1.6881186,1.5682018,1.567933
mb-03045,train,2.230449,2.2031603,1.908485,1.9033588
mb-04347,train,1.748188,1.7580361,1.230449,1.2327961
mb-01626,train,2.3283796,2.3052204,2.09691,2.1144753
mb-10035,train,2.164353,2.175186,1.8808136,1.7610139
mb-09012,train,2.4899585,2.4230614,2.1673174,2.1506965
mb-02217,train,1.80618,1.8430092,1.3617278,1.350776
af-a3dbb1055706,train,1.3401089,1.3799617,0.99962723,1.0785594
mb-10658,train,2.0791812,2.030692,1.3802112,1.3701266
mb-00810,train,2.0170333,2.0467477,1.8808136,1.820214
mb-03667,train,1.7403626,1.7106305,1.447158,1.4651176
af-1c5e66ef4187,train,2.102605,1.8726058,1.2218913,1.1418953
mb-04463,train,2.064458,1.9272012,1.7323937,1.5933503
af-a6f93590c6fb,train,1.470312,1.2809763,1.1488863,1.0078669
mb-04316,train,2.2355285,2.2002268,1.8512584,1.7964804
mb-03984,train,2.0086002,1.9604119,1.4771212,1.4627388
mb-01935,train,2.2227163,2.1509836,1.6232493,1.6185048
mb-04767,train,1.0791813,1.0769172,0.7781513,0.77755076
mb-08097,train,1.8573325,1.8676805,1.5797836,1.5960509
mb-04400,train,2.143015,2.044703,1.9190781,1.8202808
mb-01119,train,1.5563025,1.6200998,1.30103,1.3696119
af-ac7610d35123,train,1.1655085,1.2187274,0.52828664,0.69347954
mb-09443,train,1.8450981,1.8895922,1.6334685,1.6330364
mb-00196,train,1.5563025,1.5138923,1.2552725,1.2699224
af-81a977a0efed,train,0.89116544,1.0365376,0.6343926,0.72600013
mb-03583,train,2.3242824,2.3498993,2.139879,2.2282238
mb-01416,train,1.361728,1.385254,1.20412,1.1132258
mb-07703,train,1.4623979,1.3229859,1.5314789,1.2117685
mb-02366,train,1.7923917,1.7698274,1.50515,1.412857
mb-03257,train,2.421604,2.436592,2.133539,2.1228986
af-c08b23695db0,train,1.6665704,1.6039662,1.0730839,1.0395099
mb-03870,train,1.9777236,2.0208485,1.7923917,1.8518465
mb-07756,train,1.9242793,1.7994535,1.4913617,1.4935185
mb-09166,train,0.845098,1.1078769,1.0413927,0.97723377
mb-00838,train,1.9190781,1.8676432,1.5440681,1.5502955
mb-03611,train,2.075547,2.1221702,1.7993406,1.8269877
mb-10350,train,2.045323,2.0778763,1.69897,1.7533741
mb-08211,train,2.0934217,2.0071456,1.763428,1.688062
mb-04185,train,1.6127839,1.6473246,1.146128,1.2456051
mb-02663,train,1.0413927,1.0641453,0.7781513,0.84630936
mb-06735,train,2.3159704,2.3153234,2.0086002,2.0499768
mb-08986,train,2.2787535,2.1240373,2.045323,1.7862964
mb-02306,train,1.4313637,1.6071066,1.0791812,1.2149851
mb-04836,train,1.9190781,2.0560718,1.7853298,1.755025
mb-09623,train,2.1702616,2.138907,1.60206,1.6133168
mb-09884,train,1.4913617,1.5912452,1.3802112,1.2571323
mb-00856,train,1.146128,1.2306743,1.0413927,1.0526326
mb-09464,train,1.8325089,1.7749124,1.39794,1.3433143
mb-09846,train,1.6720979,1.7146795,1.5682018,1.5206513
mb-01544,train,2.2855573,2.3198988,2.045323,2.043358
mb-00045,train,2.1875207,2.1188471,1.7781513,1.6841729
mb-05570,train,1.9190781,1.9099207,1.3802112,1.3176106
mb-03773,train,1.6020601,1.638407,1.1760913,1.1873142
af-69c7aa297270,train,1.1975121,1.3255434,0.75090086,0.9609194
mb-08361,train,1.462398,1.3810924,1.20412,1.0790305
mb-01115,train,1.5797837,1.5394728,1.30103,1.2953907
mb-01649,train,1.3617278,1.2818418,0.47712126,0.37474966
mb-01512,train,1.9294188,1.9943428,1.6720978,1.7528957
mb-05404,train,1.9444827,1.9644814,1.230449,1.3001187
mb-05669,train,1.8750613,1.8776021,1.2552725,1.2885413
mb-10947,train,1.6232493,1.7046808,1.5185139,1.535942
mb-00243,train,1.6334684,1.6162275,1.447158,1.4319139
mb-01262,train,1.0413927,1.1142206,0.90309,0.94910413
mb-00722,train,1.9344984,1.8908174,1.6232493,1.5977738
mb-04264,train,1.9637878,1.920707,1.4149734,1.5325124
mb-07467,train,0.69897,0.5854551,0.30103,0.21435261
mb-08607,train,2.0253057,2.1037698,1.845098,1.8882592
mb-10122,train,1.8808136,1.9154742,1.447158,1.4827857
mb-01149,train,0.0,-0.407869,0.0,-0.29223394
mb-09263,train,2.2068257,2.1385963,1.2552725,1.257813
mb-09594,train,2.3579347,2.311224,2.1583624,2.049536
mb-09869,train,2.1522884,2.1487842,1.9344984,1.9728163
mb-04322,train,2.161368,2.1695838,1.9777236,1.949378
mb-04299,train,1.8920946,1.9136301,1.5682018,1.5579888
mb-10334,train,1.8573325,1.8816439,1.5185139,1.5840902
mb-03985,train,1.69897,1.7564771,1.50515,1.4553883
mb-00927,train,2.2671719,2.2181838,1.8512584,1.7289988
mb-00914,train,0.90309,0.88144594,0.60206,0.639996
mb-04525,train,1.1760913,1.4466047,0.90309,1.109391
mb-07949,train,1.69897,1.6986684,1.3802112,1.3948593
mb-03196,train,1.845098,1.856929,1.146128,1.2029929
mb-05064,train,1.9138138,1.8617857,1.763428,1.6590476
mb-03618,train,1.9867717,1.9271808,1.7558749,1.6302321
mb-07152,train,1.6989701,1.6605473,1.3424227,1.2876877
mb-03364,train,2.372912,2.3322988,2.2552724,2.199802
mb-07579,train,2.25042,2.2465267,1.9444827,1.854614
mb-06323,train,2.356026,2.3016877,1.9294189,1.9304656
mb-09192,train,2.1105897,2.0673966,1.6232493,1.7220826
mb-05933,train,2.0791812,2.0300493,1.39794,1.4199954
mb-09466,train,1.60206,1.5458543,1.3802112,1.2984484
mb-09006,train,2.0899053,2.0898275,1.7558749,1.8020515
mb-05795,train,1.9912261,1.9564289,1.5797836,1.5529271
mb-10030,train,1.8129134,1.8507717,1.5440681,1.538827
mb-01453,train,2.049218,2.0559685,1.7923917,1.7443761
mb-05350,train,2.2810333,2.188249,2.1583624,2.0521102
mb-10739,train,2.1038036,2.089832,1.7558749,1.7668538
mb-01918,train,2.1003704,2.145954,1.845098,1.9442075
mb-03646,train,1.7993405,1.8429745,1.5910646,1.5484976
mb-06173,train,1.6334684,1.5766442,1.3222193,1.2988778
mb-01422,train,1.7781513,1.670145,1.4149734,1.3538699
mb-04241,train,1.9542426,1.9836252,1.6532125,1.6808205
mb-07506,train,2.350248,2.3924036,2.075547,2.0711458
mb-02052,train,2.3159702,2.2962215,2.0211892,1.9960074
mb-10665,train,1.9637878,1.950114,1.146128,1.1989768
mb-07021,train,1.8976271,1.8984715,1.80618,1.7721989
mb-06916,train,1.90309,1.8343555,1.7242758,1.5933388
af-51c861f8d5f2,train,1.5398937,1.6513779,1.0633109,1.1655768
mb-09147,train,2.161368,2.1705618,1.7923917,1.8205132
mb-00360,train,1.7403628,1.8181568,1.4313638,1.5306962
mb-09678,train,2.348305,2.3818145,1.908485,2.0867403
mb-06683,train,1.7708521,1.7591014,1.4313638,1.4733496
mb-03253,train,1.690196,1.6950905,1.3617278,1.3772458
mb-07108,train,1.8512584,1.8226411,1.5563025,1.5734136
af-dfeec91885f9,train,1.7177172,1.6476021,1.290969,1.1510795
af-9bf8a506c5f1,train,1.3432214,1.1608758,1.0666575,0.86661226
mb-09628,train,1.1760913,1.09797,0.69897,0.67001414
mb-03862,train,1.9190781,1.9904817,1.8260748,1.796704
mb-05255,train,1.6232493,1.664551,1.230449,1.3471551
mb-04996,train,2.1172712,2.1584868,1.7242758,1.6993438
mb-10393,train,1.9637878,1.949417,1.462398,1.5203382
mb-09043,train,2.0128372,2.0407965,1.7923917,1.8284091
mb-05663,train,1.8976271,1.8455093,1.6627579,1.4972569
mb-10790,train,2.0128372,1.9956182,1.5185139,1.5557915
mb-04187,train,1.146128,1.6729201,1.3617278,1.330342
mb-07436,train,1.763428,1.8718714,1.4913617,1.5615531
mb-07738,train,1.3424227,1.3004946,0.9542425,1.0061171
mb-06961,train,2.2648177,2.2649026,1.9344984,1.9307492
mb-02061,train,1.9542425,1.9731915,1.770852,1.7348598
mb-10610,train,1.4313637,1.7922702,1.3222193,1.5166434
mb-04328,train,2.2148438,2.124079,1.3424227,1.3517962
mb-02910,train,2.029384,2.0133634,1.4913617,1.4530671
af-c9706e203eac,train,1.2040901,1.1982272,0.7830842,0.8882555
mb-03470,train,2.1003706,2.0555675,1.7558749,1.6819024
mb-10309,train,1.8808136,1.93748,1.3802112,1.4648191
mb-06461,train,2.1271048,2.0910783,1.9190781,1.8467622
mb-03729,train,2.0606978,2.083646,1.7853298,1.6835939
mb-03464,train,2.3324385,2.3859925,2.1105897,2.0569503
mb-02258,train,1.7993406,1.8055327,1.5440681,1.5019908
mb-01714,train,2.230449,2.2454398,1.9190781,1.9601923
mb-06747,train,1.5563025,1.6237843,1.230449,1.2744956
mb-05209,train,2.3242824,2.2787905,1.8864907,1.903372
mb-02084,train,2.033424,1.8735096,1.8260748,1.5727979
mb-10596,train,1.5910647,1.6670034,1.1760913,1.2725586
mb-03382,train,1.9590415,2.0846376,1.6334685,1.797648
mb-06074,train,1.531479,1.609754,1.462398,1.4880803
mb-03378,train,1.2552725,1.3492507,1.146128,1.1738207
mb-06119,train,2.3096302,2.3183107,1.9731278,1.9603719
mb-08247,train,2.2278867,2.2623918,1.9344984,1.9199406
mb-02542,train,2.0170333,2.001972,1.763428,1.7027541
mb-10751,train,2.4756713,2.4545612,2.133539,2.1456852
mb-02395,train,1.6720978,1.5871832,1.447158,1.362787
mb-08983,train,2.2253094,2.189449,1.8692317,1.9286146
mb-01844,train,1.9242792,1.7244594,1.69897,1.4231657
mb-02556,train,1.8388491,1.8484057,1.5185139,1.584544
mb-10549,train,1.6127838,1.6179141,1.3222193,1.3524861
mb-08909,train,1.2787536,1.4415274,1.0413927,1.1821731
mb-04092,train,2.1105897,2.0753758,1.5910646,1.5634348
mb-05902,train,2.0569048,2.0439186,1.3424227,1.3824582
mb-02391,train,2.0253057,2.0234478,1.748188,1.8116057
mb-00053,train,1.9242793,1.9178412,1.7075702,1.6577014
mb-08468,train,2.1903317,2.156571,1.8692317,1.85379
mb-01470,train,1.6127839,1.6228564,1.3424227,1.3709668
mb-10435,train,2.10721,2.0772727,1.80618,1.77728
mb-08451,train,2.475671,2.4222324,2.3242824,2.3139994
mb-01835,train,2.363612,2.3917377,2.0530784,2.0663147
mb-03143,train,1.80618,1.8272839,1.6334685,1.6513402
mb-00749,train,1.8573326,1.8828927,1.5563025,1.556226
mb-08142,train,2.25042,2.2137244,1.5185139,1.6013242
mb-03276,train,1.8325089,1.7739867,1.4149734,1.3088243
mb-08083,train,1.6020601,1.6956803,1.2787536,1.4150484
mb-10480,train,1.6334684,1.6760817,0.9542425,1.1098353
mb-10831,train,2.133539,2.188671,2.0374265,2.0831406
mb-07443,train,1.7558749,1.7187383,1.3617278,1.3283186
mb-06562,train,1.8976271,1.9530386,1.6127839,1.6155134
mb-01891,train,1.724276,1.7839056,1.5563025,1.4952251
mb-01097,train,2.1583624,2.0574791,1.7781513,1.720234
mb-03328,train,2.1038036,2.1196938,1.690196,1.7608217
mb-02254,train,1.4471581,1.3043188,1.20412,1.1032555
mb-06392,train,2.25042,2.2316203,1.819544,1.8522589
mb-02305,train,2.2576785,2.0254965,1.7853298,1.6427596
mb-03849,train,2.164353,2.1668568,1.8573325,1.8765049
mb-02792,train,2.4361627,2.347498,2.1003706,1.9987011
mb-03183,train,2.2013972,2.1488664,1.90309,1.7126011
mb-07163,train,1.2787536,1.2512249,1.0,0.9275431
mb-08484,train,1.9637879,1.886946,1.5440681,1.4352481
mb-08708,train,1.4913617,1.6125045,1.0,1.1412703
mb-05996,train,2.1303337,2.141433,1.6434526,1.5975252
mb-01067,train,2.2227166,2.1705427,1.8512584,1.7961427
af-8d51942a7954,train,1.1485348,1.2338927,0.81500226,0.9441967
af-93442a16299d,train,1.7663555,1.5931091,1.2716,1.1127878
mb-06491,train,2.2741578,2.2639236,1.9912261,1.9506845
mb-03847,train,1.6434526,1.7026759,1.3617278,1.4420747
mb-05323,train,1.748188,1.8016421,1.3802112,1.4157976
mb-02553,train,1.5682018,1.6465175,1.3617278,1.3345329
mb-00079,train,2.071882,2.087909,1.8750613,1.8501219
mb-01368,train,1.69897,1.6787302,1.447158,1.4209572
mb-07085,train,2.0413928,2.007704,1.5185139,1.480974
mb-06901,train,1.3617278,1.4330266,1.146128,1.1432114
mb-05328,train,1.6334684,1.667359,1.5185139,1.4877485
mb-05100,train,2.25042,2.2158449,1.9138138,1.8939239
mb-01621,train,1.748188,1.7955765,1.2552725,1.311882
mb-02609,train,1.968483,1.9385291,1.5440681,1.6381164
mb-01722,train,2.3961995,2.4084952,2.1875207,2.147446
af-5ebc0f014499,train,1.567157,1.6910542,0.6189158,1.0721467
mb-02888,train,2.1105897,2.104021,1.8573325,1.8333226
mb-08889,train,2.356026,2.3043773,1.9294189,1.9670032
mb-06034,train,1.819544,1.9019711,1.462398,1.5681545
mb-02518,train,2.348305,2.418342,2.0413928,2.1049285
mb-01144,train,1.0,1.0016854,0.845098,0.8739296
mb-03861,train,2.4014006,2.329386,1.8808136,1.9673545
mb-00250,train,1.8976271,1.8215426,1.7075702,1.5191971
mb-04593,train,1.90309,1.8724493,1.7993406,1.6638972
mb-05641,train,2.0934217,2.0425167,1.50515,1.4810493
mb-08668,train,2.1673174,2.1371655,1.7923917,1.7656995
mb-07908,train,2.1522884,2.048381,1.845098,1.7692852
mb-04030,train,2.071882,1.9817593,1.8573325,1.7240388
mb-03428,train,2.1398792,2.1496725,1.7075702,1.7533343
mb-10144,train,1.39794,1.5281234,0.69897,0.7943037
af-5477ab0c5a3a,train,1.4072957,1.4286017,1.1953018,1.1229093
mb-08813,train,1.5185139,1.5258956,1.4149734,1.4371358
mb-02321,train,1.39794,1.6234534,0.90309,1.1253409
mb-10498,train,1.6627579,1.713475,0.90309,0.9495995
mb-03575,train,2.1731863,2.1176257,1.9637878,1.8972999
mb-09453,train,1.30103,1.6165717,1.30103,1.251618
mb-06972,train,2.0569048,2.0629215,1.8633229,1.874241
mb-02337,train,2.1875207,2.0982876,1.7403626,1.6839652
mb-05371,train,1.748188,1.7425687,1.3617278,1.3772473
mb-08631,train,2.252853,2.2198374,1.9294189,1.9145999
mb-00132,train,1.7403628,1.6814905,1.6127839,1.5313495
mb-05928,train,1.462398,1.6563343,1.39794,1.4370754
mb-01902,train,2.220108,2.2085924,1.9590414,2.0192745
mb-10158,train,1.6434526,1.6269871,1.3617278,1.3096871
mb-04932,train,2.149219,2.2118483,2.0,1.9679039
mb-03779,train,1.8573325,1.8574361,1.50515,1.5252986
mb-08653,train,1.748188,1.797117,1.2787536,1.3608664
mb-00361,train,1.2552725,1.189322,0.9542425,0.9959098
mb-00505,train,2.0211892,2.140855,1.60206,1.8872422
mb-06405,train,1.5314789,1.6845943,1.0,1.1649184
mb-05640,train,1.9294188,1.8818254,1.3222193,1.3126882
mb-02072,train,1.9294189,1.8914427,1.8325089,1.711271
mb-08490,train,1.748188,1.7763884,1.230449,1.3346262
mb-05898,train,1.763428,1.8479044,1.230449,1.3115056
mb-07773,train,2.3344538,2.241196,2.0086002,1.9089357
mb-09090,train,1.8573325,1.856492,1.60206,1.5989738
mb-01690,train,2.071882,2.0120585,1.7923917,1.7292036
mb-06202,train,1.6901962,1.7430353,1.4313638,1.5293474
mb-02119,train,2.0827854,2.0327106,1.5682018,1.5368844
mb-07414,train,1.8388492,1.8560271,1.5440681,1.4914346
mb-03232,train,1.7923918,1.642986,1.6334685,1.5044988
mb-08272,train,2.4065402,2.4323556,2.2013972,2.1919317
mb-05337,train,2.0569048,1.8438464,1.7993406,1.6334243
mb-08134,train,0.90309,0.98853433,0.69897,0.77688974
af-27d05030276c,train,0.92662436,0.9161041,0.68470806,0.74087197
mb-06443,train,2.2741578,2.321487,1.9444827,2.0056374
mb-07948,train,2.4727566,2.5225596,2.206826,2.2431397
mb-02585,train,1.146128,1.0874746,0.90309,0.78185004
mb-04540,train,1.9242792,1.8040047,1.6720978,1.590968
mb-09117,train,1.4913617,1.2549943,1.2552725,1.0991259
mb-01361,train,2.3710678,2.3312116,2.071882,2.0703886
af-388226a8c6ab,train,1.649694,1.5127488,1.105786,1.0249345
mb-05743,train,1.863323,1.8062465,1.4313638,1.4290878
mb-07885,train,1.0,0.9292734,0.60206,0.56719387
af-ae0a4eccd0e6,train,1.487137,1.6818318,1.1275874,1.2470193
af-cbda71948a93,train,1.5927317,1.6149551,1.2170125,1.1935296
mb-04952,train,1.90309,1.8489524,1.7781513,1.6669902
mb-01532,train,1.7708521,1.9032567,1.6532125,1.7023492
mb-04306,train,1.8808136,1.8806189,1.7160033,1.7055541
mb-01955,train,1.8976271,1.9217635,1.5314789,1.5519428
mb-02155,train,2.4969296,2.5422685,2.2648177,2.252385
mb-09732,train,2.1303337,2.0878513,1.7160033,1.7011988
mb-05096,train,1.3222194,1.3372384,0.90309,0.98159075
mb-03357,train,2.4132996,2.3823714,2.2552724,2.1115777
mb-06904,train,1.3010299,1.1482857,1.0413927,1.0092087
mb-02191,train,1.968483,1.8409243,1.7323937,1.6040007
mb-05306,train,2.365488,2.3133557,2.1673174,2.0474665
mb-10892,train,2.3856063,2.1515567,2.206826,2.0420008
mb-06189,train,1.8750613,1.8685656,1.1139433,1.1236038
mb-02709,train,2.0,1.9676104,1.5563025,1.5862114
mb-09528,train,1.9542425,1.9103725,1.7323937,1.6391662
mb-09168,train,1.39794,1.2360163,1.0,0.8286002
mb-01270,train,2.0681858,2.0635724,1.69897,1.7168795
af-037533a6eb09,train,1.3560641,1.2930608,1.1081014,1.0349994
mb-09079,train,0.8450981,0.87184846,0.60206,0.6521526
mb-08251,train,1.7323937,1.7914798,1.447158,1.4505249
mb-05547,train,1.5314789,1.4834733,1.3617278,1.3128194
mb-02655,train,2.1139433,2.061404,1.690196,1.6234183
mb-09582,train,0.7781513,0.76691926,0.47712126,0.4790057
mb-02450,train,1.7323937,1.7161018,1.462398,1.3585526
mb-01893,train,1.5797837,1.6250564,1.39794,1.1738505
mb-05839,train,2.2855573,2.2972152,1.7558749,1.9055119
mb-01456,train,1.8573326,1.6473572,1.5440681,1.2986972
mb-06569,train,1.8808136,1.9332047,1.447158,1.452094
mb-05494,train,1.690196,1.6393653,1.3222193,1.3992543
mb-00305,train,1.3617278,1.3697194,1.0413927,1.0732541
mb-10783,train,1.80618,1.7377048,1.50515,1.4871905
mb-01111,train,1.531479,1.4890465,1.230449,1.183177
mb-07415,train,1.6334684,1.6800083,1.3617278,1.3442359
mb-07796,train,1.8808136,1.9492989,1.7075702,1.7688144
mb-00043,train,1.9294189,1.9448589,1.5797836,1.6337538
mb-09137,train,2.075547,1.9705164,1.6627579,1.6539547
mb-07640,train,2.146128,2.1524122,1.8808136,1.9363515
mb-09302,train,1.8976271,1.8979893,1.60206,1.6320877
mb-05706,train,2.164353,2.128332,1.7160033,1.6371123
mb-06661,train,2.0128372,1.9991596,1.7993406,1.7669744
mb-07871,train,1.3424227,1.1252909,1.230449,0.98711324
mb-07937,train,1.6020601,1.6243873,1.1760913,1.2703944
mb-04239,train,1.3424227,1.4855893,1.1139433,1.2461177
mb-01076,train,1.7993405,1.7266119,1.2552725,1.2370648
mb-07286,train,1.7403626,1.682185,1.230449,1.2339418
mb-00983,train,2.1931245,2.0654564,1.447158,1.3323152
mb-09355,train,1.90309,1.9050632,1.4771212,1.5310899
mb-06394,train,2.346353,2.3767617,2.0413928,2.11102
mb-04568,train,1.8976271,1.9134308,1.4771212,1.4530042
af-edccfb1f7cfb,train,1.7031958,1.6141481,1.0589799,1.0588034
mb-08417,train,1.7781513,2.0384502,1.7558749,1.8705835
mb-10902,train,1.5563025,1.6082131,1.3802112,1.3969234
mb-09711,train,2.2648177,2.2273192,1.7558749,1.9110035
mb-00647,train,1.80618,1.9889398,1.0791812,1.1953285
mb-05211,train,1.5185139,1.5087904,1.230449,1.1998135
mb-01465,train,2.120574,2.117324,1.7242758,1.7748123
mb-06454,train,1.5682018,1.5250676,1.6334685,1.5067712
mb-08690,train,1.3222193,1.1873331,1.0,0.9176114
mb-05516,train,2.3283796,2.3135827,2.0211892,1.9496665
mb-09045,train,1.3010299,1.4636554,1.0413927,1.1539416
mb-01602,train,2.1731863,2.2079992,1.5314789,1.775617
mb-08293,train,1.5910646,1.6009954,1.3222193,1.295253
mb-02536,train,2.0827854,2.1105292,1.8692317,1.8336792
mb-03403,train,1.7708521,1.8396409,1.5440681,1.4961451
mb-04106,train,2.3673558,2.2716424,1.8750613,1.8883095
mb-05046,train,1.4471581,1.5299429,1.2787536,1.3408928
mb-01025,train,1.9395193,1.8630852,1.6627579,1.5429214
mb-09942,train,2.0334237,1.8053751,1.5185139,1.2749206
af-bca3f4fd2918,train,1.4859825,1.3861346,1.1684946,1.0724868
mb-08426,train,1.9444828,1.7814288,1.3424227,1.1914092
mb-02802,train,2.146128,2.125801,1.447158,1.513984
af-9e14958ed53b,train,1.5390184,1.5590659,1.2988378,1.1590255
mb-02835,train,2.0170333,1.8906004,1.6532125,1.6160808
mb-05731,train,1.8750613,1.7639761,1.5563025,1.4797934
mb-06603,train,2.0043213,2.0786984,1.8976271,1.8808444
mb-04198,train,1.5185139,1.6273384,1.2787536,1.3302891
mb-07862,train,2.1583624,2.0432498,1.4771212,1.411126
mb-08059,train,2.1271048,2.0757017,1.6334685,1.576822
mb-03287,train,2.5774918,2.6008017,2.3856063,2.3202472
mb-01514,train,1.7708521,1.7720243,1.462398,1.3769696
mb-00433,train,1.4471581,1.413352,1.146128,1.1205524
mb-00446,train,2.3502479,2.248107,2.146128,2.0766883
mb-00186,train,1.6127839,1.5826977,1.30103,1.291951
mb-02759,train,2.1038036,2.0136616,1.6720978,1.6011667
mb-04390,train,2.1003704,2.1705115,2.1583624,2.1673033
mb-08814,train,2.3117537,2.3264146,2.0128372,2.0925446
mb-01271,train,2.2718415,2.2085059,1.8573325,1.7804909
mb-03539,train,2.178977,2.1738923,1.90309,1.8950777
mb-05003,train,2.1105897,2.0331066,1.763428,1.7247834
af-4431de142c78,train,1.7499332,1.6687523,1.1387036,1.1401533
af-a9b549be5fa7,train,1.5326015,1.4071034,1.2794319,1.1332911
mb-03011,train,2.0170333,2.070823,1.447158,1.592717
mb-09816,train,1.4913617,1.61413,1.39794,1.4666923
mb-05170,train,2.1583624,2.1512046,1.7781513,1.7886478
mb-01051,train,1.7323937,1.7471437,1.0,1.0544701
mb-08399,train,2.0899053,2.0836968,1.8512584,1.8227981
mb-00665,train,1.9294189,1.8640373,1.5185139,1.5262638
mb-01385,train,1.6812413,1.7717688,1.4313638,1.4630481
mb-03264,train,1.6127839,1.7745259,1.39794,1.4593804
mb-03950,train,2.0606978,1.8496546,1.6334685,1.4434206
mb-03461,train,1.7853298,1.7644739,1.5563025,1.5626194
mb-08423,train,1.9190781,1.9385645,1.5314789,1.6792763
mb-08836,train,2.0374265,2.1089044,1.690196,1.7063698
mb-05466,train,1.9542426,1.9480283,1.6334685,1.6030287
mb-03995,train,2.071882,2.0402303,1.5563025,1.4828141
mb-03905,train,1.80618,1.8028195,1.6232493,1.5862437
mb-00960,train,2.0606978,2.0746481,1.8573325,1.8830243
mb-03422,train,1.9493899,1.9973848,1.2552725,1.3598338
mb-06061,train,1.7634281,1.750593,1.5563025,1.4873219
mb-08401,train,2.10721,2.1886818,2.0128372,2.0470505
mb-07918,train,1.9344984,1.9298391,1.60206,1.6115566
mb-02807,train,2.198657,2.113217,1.9444827,1.8963628
af-ab2c00ed1393,train,1.428044,1.3454423,1.1270723,1.0632689
mb-10223,train,2.2718415,2.2815828,1.8920946,1.9254888
mb-10687,train,1.7160034,1.7886693,1.146128,1.2061932
mb-07627,train,2.365488,2.332901,2.0606978,2.0147748
mb-10320,train,2.4593923,2.3918986,2.0334237,2.0850527
mb-02348,train,1.9912261,1.9726205,1.6232493,1.6182584
mb-10133,train,1.9867717,1.9768597,1.5910646,1.6250777
mb-10818,train,1.6232493,1.5252984,1.30103,1.1944367
mb-09782,train,1.6812413,1.7565038,1.1139433,1.1210556
mb-07129,train,1.763428,1.7426564,1.447158,1.4417503
mb-07300,train,1.5797836,1.7338369,1.447158,1.4779811
mb-00240,train,1.7403626,1.7459301,1.3802112,1.494957
mb-07659,train,2.2624512,2.232163,1.7403626,1.7545953
mb-09804,train,2.1003704,2.0506063,1.770852,1.7666774
mb-03210,train,1.3424227,1.4243762,1.0,1.0551499
mb-01553,train,1.7923918,1.7727269,1.3424227,1.4306767
mb-07389,train,1.3979399,1.2434319,1.1139433,1.0435978
mb-06762,train,1.9444827,1.8447218,1.6434526,1.5806735
mb-08809,train,1.3222194,1.3473308,1.20412,1.1431916
mb-08506,train,2.071882,2.099956,1.50515,1.5315871
mb-09112,train,1.8325088,1.8095999,1.3222193,1.315726
mb-02284,train,1.8573325,1.9504843,1.0791812,1.1848395
mb-04043,train,1.770852,1.8008219,1.50515,1.485417
mb-04110,train,1.763428,1.8996801,1.50515,1.6159458
mb-05164,train,2.2013972,2.2027812,2.0374265,1.9788915
mb-08048,train,2.2576785,2.209167,1.6532125,1.5297277
mb-02455,train,0.69897,1.0757201,0.60206,0.93874544
mb-06195,train,2.2253094,2.273449,1.6532125,1.8435314
mb-08280,train,1.929419,1.9468654,1.6627579,1.7317766
mb-04029,train,2.409933,2.3143163,2.1958997,1.9843988
mb-08394,train,1.1760913,1.1985692,1.1760913,1.0650042
mb-00319,train,1.4149734,1.368992,1.0,0.9547278
mb-06697,train,1.230449,1.2287407,0.90309,0.8511168
mb-08791,train,1.5910646,1.5819843,1.3222193,1.3221117
mb-10409,train,0.90309,0.9956156,0.60206,0.7090773
mb-05259,train,2.0827854,2.0708303,1.4149734,1.5046632
mb-04170,train,1.690196,1.736039,1.5185139,1.5539293
mb-01777,train,2.1583624,2.2609649,1.8976271,1.9791112
mb-05366,train,2.4361627,2.445533,2.365488,2.358093
mb-02486,train,2.1702616,2.063845,1.8573325,1.7843529
af-ac4a44c8fcea,train,1.6890583,1.7922878,1.18967,1.1394851
mb-06030,train,2.0086002,1.8928227,1.6627579,1.5906123
mb-06958,train,1.8808136,1.9673941,1.5563025,1.6238877
mb-04103,train,2.1038039,2.0959516,2.1553361,2.060892
mb-00388,train,2.3502479,2.2672892,2.0211892,1.935534
mb-05453,train,2.0791812,2.149902,2.0,1.9219418
mb-01885,train,2.1105897,2.0013177,1.7993406,1.7432697
mb-00476,train,1.7923918,1.7997955,1.6127839,1.6018592
mb-03132,train,1.8633229,1.8481812,1.4771212,1.4801165
mb-10460,train,2.5263393,2.4130342,2.220108,2.118783
mb-08538,train,1.770852,1.868896,1.4771212,1.5227939
mb-09196,train,2.0569048,2.0662384,1.7323937,1.7599744
mb-08354,train,1.6812413,1.716815,1.4913617,1.4539688
af-08c7d01b1f91,train,1.0232648,1.268732,0.7019546,0.9649438
mb-03866,train,2.220108,2.1310973,1.5797836,1.5601732
mb-09171,train,2.1139433,2.3277073,1.8512584,1.9828237
mb-01490,train,1.4471581,1.5425837,1.2552725,1.3052883
mb-08298,train,1.8920946,1.8684201,1.6434526,1.5822304
mb-10928,train,2.0899053,2.021741,1.39794,1.2786329
mb-09430,train,1.6232493,1.5651405,1.3424227,1.238064
mb-00083,train,2.2855573,2.1376698,1.8129133,1.718237
mb-09955,train,2.2648177,2.3324442,1.9444827,2.0558562
mb-03247,train,2.2380462,2.239802,1.8388491,1.8704594
mb-04307,train,2.252853,2.224279,1.4149734,1.46732
mb-03582,train,2.130334,2.1433356,1.8512584,1.8180116
af-113bf1e066e9,train,1.6688516,1.7437427,1.1667349,1.1154864
mb-03438,train,1.462398,1.4228983,1.30103,1.1860404
mb-02386,train,2.3579347,2.2884936,2.0681858,2.0524223
mb-08014,train,1.6812413,1.7077824,1.3617278,1.4089978
mb-06699,train,2.3304136,2.2196245,2.2718415,2.1341052
mb-08016,train,2.071882,2.0549006,1.7993406,1.7262188
mb-06734,train,2.0211892,2.0008633,1.4149734,1.3886218
mb-05794,train,2.1931245,2.3339677,1.8692317,2.0366476
mb-08738,train,2.3096302,2.2569315,1.7781513,1.7545748
mb-02089,train,2.2718415,2.3844106,1.9822712,2.1521971
mb-00191,train,1.9444828,1.8626668,1.4313638,1.3921871
mb-07960,train,2.3242824,2.3028655,1.8976271,1.9769644
mb-05431,train,2.440909,2.317416,2.303196,2.157263
mb-07072,train,1.7403628,1.7480232,1.4913617,1.4956509
mb-08093,train,1.1139433,1.2007316,0.845098,0.84456694
mb-09702,train,1.3802112,1.1949103,1.2787536,1.0579007
mb-04039,train,2.1818435,2.0846217,1.60206,1.5622181
mb-05225,train,1.4913617,1.634228,1.3802112,1.4819138
mb-02596,train,1.5563025,1.4278541,1.2552725,1.1521308
mb-03090,train,2.09691,2.100371,1.7242758,1.7349362
mb-07106,train,2.0086002,1.8220419,1.6232493,1.5653222
mb-01158,train,0.8450981,0.77443856,0.60206,0.5946826
mb-05799,train,1.9444827,1.9646058,1.60206,1.6246394
mb-09740,train,1.7323937,1.626377,1.3424227,1.2328235
mb-10882,train,1.6334685,1.5495945,1.39794,1.3381653
mb-05244,train,1.4149734,1.4827714,0.90309,1.0531564
mb-07828,train,1.30103,1.2355183,1.146128,1.0950369
mb-05187,train,2.0043213,1.9917586,1.5563025,1.4661508
mb-06725,train,1.9190781,2.006716,1.8325089,1.8338087
mb-06815,train,1.146128,1.1535674,0.69897,0.77303195
mb-07754,train,2.1846914,2.0715587,1.7403626,1.7505872
mb-08864,train,1.8692318,1.8123684,1.4313638,1.4028633
mb-05634,train,1.4149734,1.5716888,1.1760913,1.2088485
mb-06043,train,1.8633229,1.8258717,1.3617278,1.3946235
mb-09338,train,2.2405493,2.1622934,1.908485,1.868624
mb-00742,train,1.9956352,1.9924707,1.9444827,1.8817425
mb-09565,train,2.0681858,2.5558813,1.9731278,2.333426
mb-10078,train,2.240549,2.1885908,1.9867717,1.9557099
mb-09376,train,2.4771214,2.3131113,2.2944663,2.1650457
mb-04606,train,1.8920946,1.8784692,1.6232493,1.6656903
mb-02402,train,2.146128,2.1237826,1.9294189,1.9240937
mb-09257,train,2.0827854,2.0200162,1.819544,1.7157816
mb-04478,train,0.7781513,0.6615474,0.47712126,0.47009504
mb-04877,train,2.1958997,2.0944395,1.5563025,1.5702728
mb-04995,train,2.075547,2.134121,1.5314789,1.6471936
mb-00926,train,1.9395193,1.9619818,1.7558749,1.7185171
mb-10855,train,1.7160033,1.8479028,1.3617278,1.4783926
mb-01317,train,1.2787535,1.2297041,1.0791812,1.0587723
af-fc6f7e9b3607,train,1.4974673,1.6848061,1.2914399,1.1479815
mb-09586,train,1.6720978,1.6041905,1.3222193,1.2753994
mb-06281,train,1.7323937,1.762281,1.4771212,1.5216643
mb-00958,train,1.9912262,2.0712519,1.7993406,1.8766967
mb-01463,train,1.94939,1.9960351,1.6532125,1.6253257
mb-03337,train,1.8260748,1.831039,1.5682018,1.4462543
mb-00590,train,2.033424,2.0170157,1.5440681,1.5394586
mb-09307,train,1.3010299,1.3722289,1.0413927,1.0717773
mb-10810,train,2.4857216,2.438081,2.2764618,2.2137723
mb-09853,train,1.690196,1.6513362,1.0413927,1.0559406
mb-06558,train,1.8512584,1.9425322,1.30103,1.3941274
mb-06259,train,2.045323,1.9743633,1.462398,1.4310858
mb-01748,train,2.2121875,2.1743479,2.0043213,1.770526
mb-06646,train,2.178977,2.090176,1.770852,1.6622324
mb-06341,train,2.378398,2.345849,2.10721,2.04521
mb-09906,train,1.7403626,1.7893748,1.4771212,1.5205454
mb-06726,train,1.3979399,1.3817677,1.0791812,1.1095704
mb-09080,train,2.0606978,2.0898943,1.80618,1.8132973
af-cdd80b42cdff,train,1.7176173,1.5722557,1.286598,1.2517791
mb-09058,train,1.8692317,1.9898773,1.4913617,1.6385466
mb-07393,train,1.6812413,1.5991769,1.146128,1.0667088
mb-08995,train,1.763428,1.9805149,1.7160033,1.7640445
mb-01211,train,1.2552725,1.3918929,0.845098,0.96152383
mb-02707,train,1.2552725,1.1794926,0.90309,0.83939373
mb-04915,train,1.6532124,1.7803853,1.5314789,1.5830843
mb-02572,train,2.0374265,1.9762561,1.6627579,1.6550621
mb-03064,train,2.09691,2.0946803,1.69897,1.6428967
mb-01747,train,1.8692317,1.9613558,1.1760913,1.2818203
mb-05245,train,2.045323,2.023059,1.8260748,1.7517068
af-02f1cbf29c0e,train,1.2904887,1.2442124,0.8686227,0.84310466
mb-00247,train,1.6812413,1.8298851,1.4913617,1.6198899
mb-09413,train,2.1818435,1.8498691,1.8750613,1.5520712
mb-00415,train,2.363612,2.3587794,1.8976271,2.016584
af-b52cde15289f,train,1.6523538,1.7087119,0.83878803,0.93840665
mb-02925,train,2.075547,2.0656304,1.8325089,1.8418382
mb-06219,train,1.7242758,1.642245,1.2552725,1.2342718
mb-00757,train,2.0827854,2.1098032,1.7923917,1.6071721
mb-04633,train,1.748188,1.7398447,1.30103,1.3413614
mb-04584,train,2.1038039,2.0522606,1.8512584,1.8118458
mb-01314,train,1.20412,1.0572731,0.7781513,0.689122
mb-09714,train,2.2810333,2.1228337,1.8864907,1.7981732
mb-05365,train,1.9294189,1.897462,1.7323937,1.6854677
mb-03558,train,2.120574,2.1023388,1.7242758,1.7533805
mb-03823,train,2.3304138,2.2661777,1.9956352,1.9726573
mb-08136,train,2.155336,2.089716,1.8864907,1.8329101
mb-10202,train,1.146128,1.37765,1.146128,1.2504408
mb-06432,train,1.9138138,1.8922381,1.50515,1.5116886
mb-01502,train,2.064458,2.2217386,1.9294189,2.0634942
af-fafcd08de9be,train,1.6540427,1.6603886,1.2641943,1.0747515
mb-06369,train,1.690196,1.7312682,0.845098,1.0350416
mb-05561,train,1.8633229,1.9472367,1.7075702,1.7390147
mb-05066,train,2.292256,2.24383,1.8692317,1.8181562
mb-00010,train,1.8864907,1.9548528,1.770852,1.8273101
mb-01833,train,2.0211892,2.1059675,1.6532125,1.7243515
mb-06711,train,1.6232493,1.6828728,1.462398,1.4070656
mb-06187,train,2.0827854,2.0729434,1.6232493,1.5310296
mb-07258,train,2.0043213,1.8413613,1.5314789,1.4137971
mb-07313,train,2.1818435,1.9629835,1.7853298,1.6760141
mb-03283,train,1.5185139,1.5373939,1.30103,1.2820339
mb-06908,train,1.4149734,1.5938411,1.5185139,1.5132564
mb-02903,train,2.10721,1.8235369,1.60206,1.4348193
mb-04535,train,1.8692317,1.8604898,1.6532125,1.7353073
mb-10339,train,2.1522884,2.187182,1.8573325,1.8478985
mb-01508,train,2.10721,2.0766504,1.7075702,1.6620563
mb-04807,train,1.9493899,1.8872234,1.69897,1.6583605
af-4d76834a1fbc,train,1.3478723,1.5573218,0.8976645,1.1065005
mb-07061,train,2.1430147,2.079505,1.7923917,1.8811895
mb-09429,train,1.4471581,1.8892395,1.230449,1.5453407
mb-00308,train,1.7993406,1.7719356,1.6532125,1.6171408
mb-00420,train,2.4712915,2.3782074,2.252853,2.1875079
mb-03003,train,1.4913617,1.5030637,1.3424227,1.2829632
mb-06347,train,1.80618,1.5473989,1.2552725,1.1452712
mb-04091,train,2.39794,2.304718,1.9637878,1.922122
af-b859d5fa2793,train,1.3147875,1.5314584,0.9137736,1.122914
mb-07947,train,2.2329962,2.082021,2.143015,2.0061145
mb-03102,train,2.1038036,2.1140292,1.7403626,1.7207506
af-ae82019d3327,train,1.1412427,1.1775082,0.8086612,0.9053788
mb-05830,train,1.8808136,1.8775939,1.146128,1.2309823
mb-10169,train,0.7781513,0.8632509,0.60206,0.6849635
mb-08256,train,1.3010299,1.3559514,1.0791812,1.1501615
mb-00577,train,1.690196,1.7103319,1.3802112,1.4495581
mb-05021,train,1.9190781,1.8966943,1.7403626,1.6513227
mb-08138,train,2.0863597,2.1078515,1.8325089,1.7460672
mb-07793,train,1.7323939,1.7220969,1.4313638,1.4555299
mb-06208,train,1.80618,1.7792755,1.3424227,1.355702
mb-06387,train,2.2624512,2.2527266,1.8808136,1.8821201
mb-04182,train,2.198657,2.2208498,2.164353,2.112002
mb-03733,train,1.8976271,1.9132622,1.819544,1.8040214
mb-02642,train,2.1673174,2.137731,1.1760913,1.1831052
mb-05687,train,2.0934217,2.092267,1.5440681,1.6458358
mb-04267,train,2.20412,2.2637668,2.139879,2.2156324
mb-04552,train,2.0934217,2.0231478,1.770852,1.6690619
mb-00607,train,2.0569048,1.9951334,1.5440681,1.5523691
mb-00800,train,1.991226,2.1287334,1.6720978,1.8768446
mb-04682,train,0.60206,0.5741247,0.60206,0.44514108
mb-02435,train,2.209515,2.200983,1.7075702,1.7123145
mb-07422,train,1.9822713,1.9597976,1.4913617,1.4676552
af-b32b592a2fab,train,1.8875082,1.8354797,1.0146046,1.1103158
mb-07816,train,2.2833014,2.1622014,1.50515,1.4205598
mb-05039,train,2.1958997,2.0873547,1.8920946,1.7445948
mb-06529,train,2.1271048,2.0822492,1.7160033,1.7321701
mb-00223,train,2.2988532,2.2158992,1.8260748,1.7958491
mb-05332,train,2.1522884,2.112433,1.7323937,1.7349381
mb-02965,train,2.0899053,2.0380957,1.5563025,1.5364456
mb-10128,train,2.0569048,1.8968178,1.447158,1.3304181
mb-05034,train,2.1430147,2.1662402,1.7923917,1.8710752
mb-08811,train,1.6434526,1.638153,1.39794,1.3443441
mb-06314,train,1.6532125,1.5716414,1.4771212,1.4239783
mb-10032,train,2.0530784,2.1603012,1.8808136,1.9549944
mb-04563,train,1.9822712,1.9818978,1.7403626,1.716756
mb-03933,train,2.4871385,2.5262413,2.3304138,2.2328823
mb-00711,train,1.3222194,1.3209947,0.9542425,0.9827367
mb-10824,train,1.8325089,1.725102,1.0,0.8888626
mb-01245,train,1.1760912,1.3343254,1.0,1.1468818
mb-04456,train,0.845098,0.9895898,0.30103,0.38373256
mb-00263,train,1.4313637,1.5980554,1.5314789,1.5238391
mb-07666,train,2.2121878,2.2267299,1.5682018,1.690765
mb-10565,train,1.0791812,1.0328567,0.845098,0.88570654
mb-09559,train,0.7781513,1.1940029,1.0,1.0603645
mb-03632,train,1.7558749,1.8376199,1.2552725,1.3480706
mb-03021,train,2.2671719,2.3142593,1.9912261,2.0215926
mb-07707,train,1.863323,1.8098279,1.6127839,1.5773739
mb-08743,train,2.071882,2.0495577,1.7323937,1.6197748
mb-03473,train,1.8388491,1.8095767,1.7323937,1.6035864
mb-07605,train,2.1105897,2.0695245,1.8512584,1.7649962
mb-08395,train,1.9777236,1.9266945,1.50515,1.473787
mb-09099,train,2.209515,2.1428037,1.8573325,1.7343494
mb-03708,train,2.20412,2.1971922,1.9395193,1.9064199
mb-06969,train,1.9395193,1.8631198,1.4313638,1.3573697
mb-07176,train,2.2227166,1.8077457,1.20412,0.9138847
mb-06553,train,1.863323,1.9020796,1.6127839,1.5976232
mb-06678,train,1.7993406,1.8110598,1.5563025,1.4808655
mb-01287,train,1.8573325,1.7911774,1.7075702,1.5884029
mb-02223,train,1.819544,1.7880936,1.5682018,1.486058
mb-08600,train,1.8388491,1.8200703,1.230449,1.3493632
mb-00166,train,1.1760913,1.3557642,1.146128,1.276896
af-4110f65c57bc,train,1.5803125,1.4027245,1.2048062,1.0829359
mb-03437,train,1.50515,1.4962145,1.1139433,1.2348357
mb-10033,train,2.2380462,1.9806079,1.9138138,1.5575444
mb-06346,train,2.4361625,2.371787,2.089905,2.0346475
af-31742ab3c0b2,train,1.2802186,1.3767236,0.9145557,1.0585744
mb-08112,train,1.9444827,2.056085,1.819544,1.8077718
mb-03855,train,2.1818435,2.2163525,1.7558749,1.856845
mb-09308,train,1.8388491,1.7838881,1.50515,1.4382114
mb-05614,train,1.7323937,1.7023689,1.20412,1.2220688
mb-02805,train,2.0374265,2.0083704,1.6334685,1.5712564
mb-05733,train,1.94939,1.9022028,1.4913617,1.4189974
af-f6d1939f8839,train,1.9999939,1.7379854,1.201348,1.1624455
mb-08903,train,1.5910646,1.6018866,1.3617278,1.3654435
mb-08362,train,1.8260748,1.737987,1.6812413,1.5127367
mb-09332,train,1.5563025,1.5901316,1.5682018,1.5184606
mb-05484,train,1.4913617,1.6640989,1.2552725,1.4479257
af-39585e426a7f,train,1.6149447,1.4850574,1.2246289,1.0156056
mb-08521,train,1.8325089,1.8778671,1.0413927,1.0921878
mb-01575,train,2.146128,2.111485,1.8573325,1.8290823
mb-00431,train,1.3424227,1.3868034,1.0,1.1083554
af-dd04eb665d00,train,1.9902438,1.7846437,1.2958792,1.1477586
mb-03820,train,1.9242792,1.782444,1.5314789,1.4072893
mb-04564,train,1.9777236,1.9921104,1.4771212,1.4213134
mb-01327,train,1.9867718,2.0831912,1.6334685,1.7508898
mb-04872,train,2.0606978,2.0248904,1.7242758,1.7566652
mb-05953,train,2.4065402,2.4113095,2.0606978,2.095834
mb-07822,train,1.6989701,1.7014008,1.4913617,1.4512503
af-3c78f90c1e08,train,1.3868039,1.4441675,1.1511614,1.1065788
mb-09753,train,1.0,1.2261744,0.60206,0.8452646
mb-01458,train,1.724276,1.6564038,1.30103,1.3414711
mb-01978,train,2.2966652,2.2010443,2.075547,1.9558797
mb-07786,train,2.2479732,2.2923198,1.8325089,1.8943279
mb-05974,train,1.8129133,1.9264545,1.50515,1.6502595
mb-01161,train,1.0791813,1.2709466,0.7781513,0.92000014
mb-01573,train,1.8450981,1.7451584,1.4313638,1.413867
mb-05968,train,2.1731863,2.0280647,1.39794,1.3360584
af-bea649131691,train,2.0283434,1.7568452,1.2607723,1.1734517
mb-04506,train,2.0827854,2.0446327,1.6720978,1.6402385
mb-07953,train,2.120574,2.1088116,1.7923917,1.7198081
mb-03865,train,1.8325089,1.8541682,1.4913617,1.4757452
mb-08177,train,1.1760912,1.2192391,1.0791812,1.0777364
mb-07621,train,1.8129134,1.8165107,1.4149734,1.4146336
mb-05214,train,2.307496,2.2552662,2.0530784,1.9527954
mb-00858,train,1.9777236,1.9201827,1.7403626,1.6584013
mb-06590,train,1.30103,1.3326927,0.9542425,1.0222417
mb-00713,train,2.2900345,2.2396774,1.8692317,1.700202
mb-00765,train,1.9493899,1.8874156,1.7323937,1.621892
mb-08290,train,1.748188,1.7178451,1.3617278,1.3096901
mb-07198,train,1.8260748,1.6827811,1.6127839,1.4417174
mb-02213,train,1.230449,1.3403955,0.7781513,0.82655776
mb-06005,train,1.9867717,1.9396105,1.5797836,1.5758913
mb-05454,train,1.8573325,1.7637305,1.50515,1.4779384
af-91b2e46acca5,train,2.1768317,2.115415,1.128131,1.0609121
mb-03392,train,1.9294189,1.9274212,1.69897,1.6818119
mb-06429,train,1.7242758,1.7193984,1.4149734,1.4859279
mb-01410,train,1.8976271,1.8968767,1.6127839,1.5660595
mb-01323,train,1.690196,1.7799308,1.39794,1.5061884
mb-06623,train,2.0253057,1.9283473,1.7323937,1.6384931
mb-01330,train,2.0211892,2.003514,1.7403626,1.7186857
mb-08775,train,1.3222193,1.2829962,1.0,0.8978174
mb-06536,train,2.1760912,2.193575,1.8129133,1.8201628
mb-10085,train,2.0128372,1.9747111,1.4149734,1.3764296
mb-10650,train,2.4683473,2.3292875,2.252853,2.1050103
mb-03989,train,1.8976271,1.8970866,1.80618,1.7471573
mb-07058,train,2.0413928,2.0374904,1.7993406,1.7906162
mb-08191,train,2.2380462,2.1395159,1.908485,1.8603544
mb-05994,train,1.8976271,1.945508,1.7323937,1.7669241
mb-00621,train,1.5797837,1.6404027,1.4913617,1.4501846
mb-08373,train,1.6720979,1.7843273,1.30103,1.4065752
mb-10142,train,2.045323,2.0020337,1.80618,1.7730505
mb-06275,train,2.217484,2.2773607,1.908485,1.9158734
mb-07068,train,1.7160034,1.7788265,1.2787536,1.3008736
mb-10903,train,1.8920946,1.89364,1.4913617,1.498701
mb-06400,train,2.303196,2.245857,1.9731278,1.8138593
mb-00339,train,2.2405493,2.2544975,1.7853298,1.7967024
mb-08536,train,2.1038036,2.1015658,1.8260748,1.8408486
mb-07425,train,1.4149734,1.3296375,0.90309,0.88767433
mb-10471,train,2.1172714,2.1779416,2.1003706,2.1068952
mb-01590,train,1.8750613,1.8276,1.5910646,1.552563
mb-03593,train,1.9395192,1.9715136,1.7403626,1.7282101
mb-01224,train,1.7160033,1.8684199,1.60206,1.6879961
mb-02510,train,2.2878017,2.229281,2.143015,2.111773
mb-06844,train,2.1172712,2.1437192,1.770852,1.7297617
mb-03956,train,1.7558749,1.7048769,1.5185139,1.4278303
mb-09245,train,2.0086002,1.9584811,1.60206,1.5671327
mb-06784,train,2.1818438,2.0861862,1.94939,1.8909097
mb-01662,train,1.8512583,1.9416854,1.69897,1.755899
mb-06995,train,1.8864908,1.8640665,1.5682018,1.5083137
mb-04775,train,1.9731278,1.9782389,1.7853298,1.7289349
mb-09104,train,1.8325089,1.6062882,1.3802112,1.2902443
mb-09807,train,1.2552725,1.2210703,1.1139433,1.0749632
mb-08807,train,1.4313638,1.3981192,1.20412,1.2959123
mb-10558,train,1.9912261,2.0567794,1.2552725,1.3633626
mb-05467,train,1.9822712,1.8956618,1.7403626,1.6734874
mb-07646,train,1.8129134,1.9220057,1.30103,1.4140366
mb-09985,train,2.1271048,2.183669,1.8512584,1.8429241
mb-02442,train,1.9493899,1.9194345,1.6232493,1.6426466
mb-05761,train,1.9822712,1.8261116,1.5314789,1.2709744
mb-10755,train,2.3117537,2.376677,2.089905,2.2072725
mb-04252,train,1.7708521,1.7769022,1.2787536,1.298787
af-2acaed094658,train,1.3698816,1.4113462,1.0607356,1.0789571
mb-08587,train,2.1105897,2.0568547,1.5440681,1.5055337
mb-04439,train,1.8325089,1.7920916,1.6532125,1.6087381
mb-06245,train,1.5185139,1.7155939,1.30103,1.4001386
mb-08956,train,2.2329962,2.2444377,1.9444827,1.9735558
mb-07110,train,1.7558749,1.6526706,1.1760913,1.1298507
mb-01535,train,2.2764618,2.2998822,2.0170333,1.9979177
mb-04329,train,2.1367207,2.1483452,1.908485,1.8752601
mb-07746,train,1.7781513,1.7654312,1.4771212,1.476398
mb-02564,train,2.2718415,2.3195093,1.8129133,1.949481
af-b95915036000,train,1.5220528,1.3917073,1.2841374,1.1069796
mb-08196,train,1.8976271,1.864836,0.9542425,1.0833392
mb-06481,train,2.10721,2.0853019,1.8129133,1.8704402
mb-02999,train,1.60206,1.6325383,0.47712126,0.36928558
mb-06333,train,1.9912261,1.9348805,1.5797836,1.5986723
mb-06243,train,1.863323,1.80474,1.230449,1.2123644
mb-03886,train,1.5563025,1.5788541,1.39794,1.3985579
mb-06444,train,1.863323,1.8622897,1.4913617,1.4416922
mb-04509,train,1.1760913,1.2541339,0.60206,0.64150137
mb-07334,train,2.3053513,2.2719293,1.8325089,1.8584926
af-5312a20efe58,train,1.7426811,1.6821738,1.1005945,1.053859
mb-03679,train,2.356026,2.1238284,2.3159704,2.0517006
mb-02750,train,1.39794,1.5740349,1.146128,1.300795
mb-06673,train,2.3283796,2.2200112,2.2718415,2.1345263
mb-09050,train,2.1271048,2.1306841,1.968483,1.9941077
mb-05344,train,2.1238518,2.0651934,1.3617278,1.4168617
mb-09747,train,1.5563025,1.5628245,1.230449,1.2969978
mb-05620,train,1.146128,1.2400049,0.90309,0.9067535
mb-05736,train,1.8325088,1.8303027,1.3222193,1.3421576
mb-00739,train,1.6627579,1.7440461,1.0413927,1.0916221
mb-01641,train,1.7242758,1.7294593,1.50515,1.4384706
mb-03669,train,1.8864908,1.8355018,1.5440681,1.5407689
mb-10553,train,2.0170333,1.9991449,1.6627579,1.7085704
mb-07541,train,1.4471581,1.6156611,0.9542425,1.1434116
mb-03927,train,2.0,2.060413,1.7923917,1.7809497
mb-07333,train,2.0086002,2.0088184,1.8750613,1.9181018
mb-08111,train,2.0086002,1.9336815,1.8976271,1.7320229
mb-04936,train,1.462398,1.4162984,1.230449,1.19179
mb-06947,train,2.0211892,2.0730724,1.7558749,1.820182
mb-01634,train,2.0374265,2.026635,1.7558749,1.7330537
mb-06312,train,2.2671716,2.315501,2.0211892,2.0754237
af-bd9b413c5648,train,1.3176017,1.2573869,1.0811456,0.98290175
mb-06270,train,1.146128,1.2407997,0.7781513,0.8581511
af-467bde830ed1,train,1.7007521,1.7173837,1.170983,1.1780568
mb-06860,train,2.1818435,2.2134311,1.5797836,1.7515227
mb-00872,train,1.230449,1.3323672,1.1760913,1.2385163
mb-07201,train,2.1903317,2.1196144,1.9294189,1.7978823
mb-07335,train,2.1003706,1.9643822,1.6532125,1.665527
mb-00865,train,1.5051501,1.4023209,1.230449,1.10689
mb-01669,train,1.146128,1.1663911,1.0,1.0294019
mb-07523,train,2.1139433,2.0686283,1.90309,1.8289329
mb-09193,train,1.0,1.1867263,0.69897,0.90517646
mb-02039,train,1.3617278,1.3638909,1.1139433,1.1000264
mb-10310,train,1.7403628,1.6821282,1.3424227,1.3715687
af-e2d31b24625f,train,1.9408207,1.6688755,1.2551277,1.1310738
mb-08353,train,2.2648177,2.2542033,1.9542425,1.9518702
mb-06070,train,1.8920946,1.8943024,1.4313638,1.4573047
mb-02374,train,1.7323937,1.7271034,1.230449,1.3168057
mb-03534,train,2.243038,2.2601538,2.0128372,1.9637653
mb-02127,train,2.2966652,2.3002338,1.9242793,1.9566216
mb-05952,train,2.2787538,2.239835,1.94939,1.9468364
mb-08610,train,1.8633229,1.8883789,1.770852,1.6974751
mb-06911,train,1.4149734,1.5246449,1.1760913,1.3183526
mb-01982,train,1.9867717,1.9990325,1.9138138,1.8748887
mb-02762,train,1.4149734,1.5038321,1.20412,1.2409065
mb-00179,train,1.462398,1.4137696,1.2552725,1.2034276
mb-04136,train,2.1038036,1.9163256,1.8750613,1.7115524
mb-01559,train,2.350248,2.3637674,1.968483,2.0263076
mb-09037,train,1.6901962,1.7655268,1.2787536,1.3337785
af-26a5e98fb634,train,1.6297488,1.6852989,1.0162977,1.1533617
mb-09030,train,2.2355285,2.1988704,1.6627579,1.7379224
mb-09417,train,0.84509814,1.1175287,1.1760913,1.0969968
mb-05032,train,2.1105897,2.1203578,1.9242793,1.9226214
mb-01086,train,2.1105897,2.114948,1.6720978,1.8094443
mb-05648,train,1.8750613,1.9085639,1.30103,1.3045073
mb-10054,train,1.6127839,1.6568077,1.30103,1.3772705
mb-01339,train,1.6434526,1.4996161,1.4149734,1.2894828
mb-09465,train,1.2304488,1.2540183,1.0791812,1.1014436
af-18fffe64abba,train,1.6152481,1.6189125,0.98705506,0.97598976
mb-07750,train,1.6127838,1.4945365,1.447158,1.1710749
mb-08603,train,2.2900345,2.2061434,2.0827854,2.0032618
mb-08819,train,2.133539,2.1351757,1.5314789,1.5892634
mb-01437,train,2.1038036,2.0534108,1.8573325,1.7523093
mb-03700,train,2.0128372,1.9788135,1.80618,1.8188946
mb-05303,train,2.1367207,2.1340327,1.9242793,1.9259591
mb-04516,train,2.1003704,2.0779502,1.69897,1.6842018
mb-05993,train,1.5563025,1.5793483,1.1760913,1.2170851
mb-09121,train,2.209515,2.1125705,1.7160033,1.6629562
mb-00586,train,1.7160034,1.7614378,1.2787536,1.3756233
af-5b8c6ef02fe2,train,1.1702852,1.1915698,0.95773464,0.9155706
mb-03070,train,1.0791812,1.0176237,0.845098,0.8575026
mb-10183,train,1.690196,1.7862124,1.3802112,1.4353423
mb-05601,train,1.5563025,1.5582577,1.3802112,1.2929845
mb-05509,train,2.089905,2.0984714,1.690196,1.645517
mb-05430,train,2.049218,2.1110108,1.9542425,1.9407437
mb-04848,train,2.1958995,2.208946,1.9542425,1.9050782
mb-09624,train,2.2810333,2.3142025,1.9956352,1.9843544
af-985fa81a3cc9,train,1.8144327,1.6186942,1.1303692,0.99000895
mb-02029,train,2.25042,2.205614,1.968483,1.8566084
mb-07672,train,1.6901962,1.6169883,1.30103,1.2539544
mb-05200,train,2.0170333,2.0635445,1.5563025,1.6129556
mb-03111,train,2.214844,2.1908793,1.94939,1.8550763
mb-04561,train,2.0043213,1.8489449,1.39794,1.2746221
mb-07620,train,2.2455127,2.183615,1.8976271,1.8991077
af-e9c6d477da9d,train,1.4224093,1.4455658,1.2377247,1.2165622
mb-09219,train,2.1818435,2.0574856,1.7558749,1.6182454
mb-00970,train,2.3692157,2.3313508,2.146128,1.9994762
mb-04086,train,1.3979399,1.3749328,1.0791812,1.1008356
af-4ca026eef898,train,0.9414563,0.9226488,0.5986012,0.628396
mb-10744,train,1.690196,1.752293,1.4771212,1.4863247
mb-00485,train,1.4471581,1.5111015,1.2787536,1.2400838
mb-01966,train,2.0569048,2.0690093,1.690196,1.6596998
mb-04679,train,2.149219,2.0845633,1.7781513,1.7916857
mb-06382,train,1.80618,1.767405,1.2787536,1.305664
af-150317ed11b1,train,1.4810741,1.3173536,1.1688774,0.9754487
mb-05266,train,2.2355285,2.2175426,1.8692317,1.8278654
mb-01847,train,2.2405493,2.2098808,1.9344984,1.9332739
af-b194a22dbd1e,train,1.2022893,1.1114833,0.739793,0.8256538
af-1129ad921009,train,1.3496466,1.3941711,1.0183717,1.1017427
mb-05914,train,1.7160034,1.7902744,1.146128,1.2162701
mb-06363,train,1.9444827,1.9198639,1.2787536,1.2976439
mb-05921,train,1.60206,1.5980043,1.1139433,1.1333688
af-41cae372cf49,train,1.483871,1.6644822,0.96508783,1.1052417
mb-06253,train,2.060698,2.023896,1.4913617,1.455327
mb-06672,train,2.1172714,2.0372097,1.6232493,1.5498207
mb-05399,train,2.2121878,2.040975,1.6127839,1.6087481
mb-06160,train,2.2671716,2.3253808,1.9956352,1.9668589
mb-04988,train,2.1702619,2.1662226,1.6812413,1.8177394
mb-04068,train,1.4913617,1.5597782,1.2787536,1.363115
mb-04845,train,2.0606978,2.0444162,1.8573325,1.8231251
mb-06992,train,2.2121875,2.1997921,1.8808136,1.7818081
mb-00673,train,2.356026,2.2740664,2.1731863,2.1016085
mb-10529,train,2.1673174,2.0999327,1.3222193,1.3137972
af-06f1bb3cfd36,train,1.8794148,1.7237259,0.9633056,1.0895286
mb-01941,train,1.6989701,1.6866473,1.462398,1.416909
af-d42040244c59,train,1.4445554,1.5093873,1.2751846,1.1577028
mb-01801,train,2.4393327,2.365176,2.0043213,2.0361457
mb-05678,train,1.748188,1.7375284,1.3424227,1.3965917
mb-01483,train,1.763428,1.668087,1.3424227,1.2539747
mb-04830,train,1.6434526,1.6388558,1.2552725,1.1987628
mb-00336,train,1.20412,1.3610172,0.9542425,1.0472488
mb-08095,train,2.340444,2.2826807,2.220108,2.0846224
mb-06355,train,2.230449,2.2512424,1.9138138,1.8672404
mb-09065,train,1.7708521,1.7409613,1.3424227,1.3264107
mb-05397,train,2.1003706,2.0050235,1.9294189,1.7364517
mb-02370,train,2.1072102,1.969949,1.7993406,1.602163
mb-10129,train,1.9867717,1.922201,1.7323937,1.6806492
mb-02381,train,1.20412,1.2383264,0.90309,0.90981716
mb-07775,train,1.6232493,1.6180496,1.4149734,1.3719573
mb-06851,train,2.0413926,2.0130377,1.8692317,1.8395305
af-2d87cbc35558,train,1.4297959,1.3704476,1.1528904,1.0603633
mb-10548,train,2.4653828,2.3975706,2.1731863,2.1605918
mb-06425,train,1.6020601,1.877791,0.30103,0.32163334
mb-10139,train,2.307496,2.2736745,1.968483,1.9620669
mb-03977,train,1.7853299,1.7339635,1.6334685,1.5161928
af-a7b9a122dec4,train,1.5320456,1.6877232,0.99412614,1.1192898
mb-02118,train,2.20412,2.1922777,2.0,2.0135608
mb-05689,train,2.1731863,2.098335,1.7323937,1.7126601
mb-02073,train,2.307496,1.9688265,1.9542425,1.6873521
mb-03037,train,1.7323937,1.7152418,1.462398,1.3672425
mb-06214,train,1.7558749,1.7698077,1.447158,1.4268538
mb-10227,train,1.763428,1.8453958,1.3802112,1.4066855
mb-10647,train,0.845098,0.87444156,0.69897,0.71655554
mb-04313,train,2.2227163,2.179704,1.9867717,1.9351183
mb-09152,train,1.9344984,1.9794798,1.4771212,1.5704789
mb-06039,train,2.20412,2.1766503,2.0827854,1.9943224
mb-07791,train,2.1139433,2.073956,1.7781513,1.7097481
mb-03895,train,1.9731278,1.9507549,1.748188,1.71042
mb-01412,train,1.20412,1.212954,0.90309,0.9075704
mb-01896,train,1.3617278,1.4278018,1.0413927,1.1668282
mb-10341,train,1.8633229,1.923281,1.5797836,1.6436046
mb-04224,train,1.8512583,1.9645649,1.5797836,1.6709486
mb-02185,train,1.4149733,1.3854597,1.0791812,1.0654409
mb-08431,train,1.7993405,1.7526945,1.5314789,1.5003446
af-e406d134beb1,train,1.3419092,1.2469151,0.90569496,0.909531
mb-06292,train,1.5314789,1.4805874,1.1139433,1.1395942
mb-07211,train,1.6434528,1.6060024,1.4313638,1.3924181
mb-03722,train,2.0899053,2.0741394,1.7993406,1.6668131
mb-04205,train,1.9867717,2.0025303,1.5314789,1.5478683
mb-10792,train,1.3802112,1.3952233,1.0413927,1.092865
mb-00185,train,1.531479,1.5239644,1.3424227,1.2952249
mb-06224,train,1.8388491,1.7319447,1.4913617,1.4454898
mb-10815,train,0.9542426,1.6137326,1.30103,1.4523958
mb-08273,train,1.9444826,1.91574,1.447158,1.4740808
mb-04906,train,0.90309,1.0055807,0.69897,0.843559
af-d25e3679e0ac,train,1.7039591,1.6526778,1.247207,1.1363701
mb-05798,train,1.6812413,1.596009,1.4771212,1.3388859
af-6ed9361ec8f2,train,1.5653,1.4221857,1.2699214,1.1076761
mb-02206,train,1.7993405,1.7244506,1.50515,1.4306097
mb-01446,train,1.908485,1.8841264,1.748188,1.6589116
mb-10199,train,0.7781513,1.1904974,1.1139433,1.0589391
mb-02004,train,1.9822712,2.065579,1.50515,1.7543727
mb-10669,train,1.6989701,1.6684449,1.4149734,1.3097718
mb-01008,train,2.1522884,2.0703886,1.6532125,1.7122867
mb-09544,train,1.7781513,1.7236108,1.3424227,1.3088427
mb-02827,train,2.303196,2.312442,1.9637878,1.935477
mb-09324,train,1.5051501,1.5689106,1.4313638,1.1764824
af-572886e08a46,train,1.8924663,1.6685967,1.2474036,1.1519802
mb-07143,train,1.5682018,1.526862,1.30103,1.2804229
mb-00718,train,1.4771214,1.5400802,1.20412,1.2835746
mb-09478,train,2.0,2.1255426,1.94939,1.9541484
mb-03529,train,1.6434528,1.5771208,1.4313638,1.361973
mb-02985,train,2.361728,2.2300262,2.1105897,2.063775
mb-09389,train,1.8920946,2.1690044,1.5910646,1.7935103
mb-07007,train,2.0681858,2.0957708,1.8692317,1.8559575
mb-06094,train,1.8920946,1.8755312,1.6627579,1.6207435
mb-01661,train,2.0863597,2.1348248,1.763428,1.7847589
mb-00164,train,1.4471581,1.49105,1.20412,1.2015004
af-7c4a6c85677f,train,1.6184549,1.7509892,1.0771462,1.1333783
mb-09233,train,1.4771212,1.4377825,1.0791812,1.0442824
mb-06239,train,1.6334684,1.7260643,1.0791812,1.1708364
mb-08605,train,1.6627579,1.7596205,1.5563025,1.5528486
mb-00691,train,1.8976271,1.867799,1.50515,1.5735447
mb-08670,train,2.1038036,2.0339441,1.5682018,1.4708415
mb-06252,train,2.2855573,2.286103,1.9190781,1.902849
mb-03798,train,1.9138138,1.8636012,1.7323937,1.6904643
mb-02036,train,1.8260748,1.828871,1.3617278,1.3840024
mb-06592,train,1.1139433,1.1556712,0.845098,0.79846776
mb-01189,train,1.5910646,1.576376,1.3222193,1.3051547
mb-05271,train,1.6812412,1.7075598,1.5314789,1.4856068
mb-04783,train,2.0211892,1.9444412,1.69897,1.6561333
mb-06255,train,2.1238515,2.111412,1.748188,1.7023456
mb-09060,train,2.3096302,2.0992224,1.908485,1.7773256
mb-01432,train,0.7781513,0.8533075,0.30103,0.42653358
mb-03088,train,2.049218,1.9456105,1.8808136,1.7188069
mb-03118,train,1.690196,1.651932,1.3617278,1.2382052
mb-03749,train,1.6532125,1.6947695,1.5563025,1.559989
mb-05936,train,2.0374265,1.9941444,1.5440681,1.4568645
mb-01595,train,2.2787535,2.2366114,2.0253057,2.0500524
mb-04630,train,1.7708521,2.04562,1.5682018,1.7214562
mb-06072,train,1.9493899,1.8675883,1.5314789,1.4075919
mb-10525,train,2.2148438,2.2027023,1.8864907,1.821237
mb-06803,train,1.7323937,1.7221036,1.2552725,1.2489904
mb-02528,train,2.1818435,2.1879785,1.7923917,1.826222
af-fab61846b1f5,train,1.3722546,1.0874773,1.1706841,0.8366981
mb-00861,train,1.7160033,1.6679958,1.5314789,1.5383159
mb-07428,train,1.2552725,1.3245265,0.90309,0.97876406
mb-07039,train,1.8920946,1.9203466,1.6720978,1.681173
mb-10281,train,1.6532125,1.7452217,1.20412,1.3372641
mb-07199,train,1.6812413,1.743577,1.1139433,1.222467
mb-10937,train,2.2405493,2.265418,2.0413928,2.0179698
mb-06192,train,1.8864907,1.8204936,1.7160033,1.6576282
af-5891782b6443,train,1.5062046,1.7277027,0.9352301,1.0948362
mb-08248,train,1.6334685,1.8799857,1.4313638,1.4980316
mb-10421,train,2.164353,2.0977643,1.7323937,1.6948093
mb-10704,train,2.0043213,2.1159017,1.7558749,1.873657
mb-00887,train,2.369216,2.2536836,1.7853298,1.8267006
af-9aa20030aa11,train,1.6131343,1.3227818,1.2206937,0.9860305
mb-05057,train,1.7708521,1.8022037,1.2787536,1.330883
mb-05518,train,1.6812413,1.6972976,1.3802112,1.3590645
mb-09359,train,2.1903317,2.179449,1.50515,1.6438303
mb-09160,train,1.9912261,1.9321815,1.6434526,1.597684
mb-08938,train,1.8573325,1.832057,1.20412,1.227628
mb-05284,train,2.220108,2.2103813,1.7923917,1.8339574
af-186c151ef89c,train,1.3409951,1.4222806,0.9441746,1.0947834
af-81be40c35b3b,train,1.2836788,1.3743157,1.1132814,1.1233097
mb-00314,train,1.4149734,1.2938974,1.0,0.8927855
mb-06418,train,2.4065402,2.341854,2.049218,1.9886122
mb-05279,train,2.1522884,2.0898814,1.7323937,1.737694
mb-00199,train,2.130334,2.131956,1.7993406,1.7922783
mb-01359,train,1.7160034,1.7945955,1.2552725,1.3555857
mb-02505,train,1.9637878,2.0160556,1.7403626,1.7911594
mb-04704,train,1.3424227,1.3614969,1.1760913,1.1984658
mb-02938,train,1.6232493,1.6099708,1.3222193,1.2795757
mb-04681,train,1.5185139,1.4311025,1.1139433,1.0498413
mb-08511,train,1.2787536,1.3097702,1.146128,1.1305137
mb-00544,train,1.0,0.98442805,0.69897,0.69315207
mb-07319,train,2.463893,2.383419,2.149219,2.1529746
mb-06597,train,1.9190781,1.9828411,1.7781513,1.8041582
mb-07855,train,1.4623979,1.5665962,1.6434526,1.4693422
mb-05457,train,1.9590414,1.8723456,1.60206,1.5246716
mb-02644,train,2.178977,2.126754,1.9912261,1.8927457
mb-08341,train,1.146128,1.1474202,0.9542425,0.9201323
af-84351a3c9762,train,1.3969556,1.2637348,1.210479,1.0207996
mb-06774,train,2.3856063,2.006752,2.1003706,1.7141759
mb-06282,train,1.6627579,1.7293706,1.462398,1.484487
mb-04967,train,1.6020601,1.7663497,1.4149734,1.4922674
mb-10294,train,1.7781513,1.8459361,1.5314789,1.6054006
mb-01799,train,2.243038,2.1873448,1.8129133,1.7949705
mb-10126,train,1.9637878,1.9476129,1.7242758,1.7228941
mb-08804,train,1.5563025,1.5939562,1.146128,1.1793201
mb-01824,train,2.4440448,2.448726,2.365488,2.4299028
mb-09316,train,1.8573325,2.0853343,0.90309,0.9541093
mb-08851,train,1.9777236,1.9657041,1.7242758,1.7765775
mb-07930,train,2.0827854,2.019577,1.3802112,1.2608035
mb-05852,train,1.6334685,1.6567134,1.1760913,1.16838
mb-05908,train,2.1172712,2.0560343,1.6434526,1.538459
mb-08151,train,1.8325089,1.775144,1.3802112,1.3502932
mb-04215,train,1.7403628,1.6959342,1.6334685,1.4840072
mb-09763,train,2.0413926,2.1238742,1.5910646,1.7105944
af-86952ebb6037,train,1.4475007,1.5951065,1.2453325,1.1977727
mb-01472,train,2.049218,1.9029473,1.7242758,1.5828977
mb-02654,train,1.5682017,1.5739824,1.5910646,1.4223638
mb-09153,train,2.075547,2.1823807,1.9731278,2.0484388
mb-04908,train,2.274158,2.289314,2.120574,2.1643462
af-095a60fa8ca0,train,1.727933,1.5468342,1.2619452,1.1063381
mb-05070,train,2.269513,2.2724588,1.8633229,1.9110897
mb-09805,train,2.0043213,2.0334685,1.4771212,1.5821409
mb-08497,train,2.4668674,2.3757248,2.149219,2.1157675
mb-07008,train,1.5440681,1.591844,1.2552725,1.3232291
mb-01944,train,1.9444827,1.945252,1.8388491,1.7554753
mb-01285,train,0.69897,0.62055814,0.60206,0.5234535
mb-04408,train,1.9138138,1.9304719,1.3424227,1.4136
mb-02522,train,2.3856063,2.3304682,2.09691,1.9824363
mb-07556,train,2.0791812,2.0571723,1.690196,1.6560853
mb-01131,train,1.4913617,1.4262894,1.0413927,0.9861771
mb-04862,train,2.0530784,2.028252,1.690196,1.6733692
mb-10406,train,1.6434526,1.7069728,1.447158,1.4659276
af-7726f25d86a7,train,2.0606337,2.0791037,1.1139734,1.1024776
mb-06321,train,2.0413928,2.0566342,1.5563025,1.664277
mb-03842,train,2.2380462,2.172092,1.8573325,1.7710972
mb-04567,train,2.2900348,2.2665896,1.908485,1.9416065
mb-10237,train,2.0530784,2.0443366,1.6532125,1.5973583
mb-06874,train,2.363612,2.2795422,2.2455127,2.0876484
mb-04078,train,1.7075703,1.6977378,1.20412,1.2108946
mb-06865,train,1.3222194,1.5020552,1.5682018,1.4270183
mb-07572,train,2.1461282,2.06987,1.39794,1.4022672
mb-01584,train,1.5051501,1.4259061,1.1760913,1.1339797
mb-07888,train,1.4771212,1.4152981,1.447158,1.2896221
mb-01867,train,1.8633229,2.0801625,1.7403626,1.8281302
mb-04951,train,2.1172714,2.062539,1.6127839,1.5027207
mb-08327,train,2.569374,2.6580706,2.3138673,2.406087
mb-04914,train,1.9637879,2.021235,1.5563025,1.7354373
mb-10342,train,1.8388491,1.889156,1.60206,1.6607535
mb-01183,train,2.1271048,2.1823087,1.8260748,1.8743365
af-006fb7132205,train,1.3364338,1.2241477,1.1150078,0.8973685
mb-06232,train,1.447158,1.4878352,1.3222193,1.3883444
af-bc97161f250b,train,1.4743007,1.5060848,1.1263198,1.1162986
af-3705ce5067de,train,1.1781911,1.1563878,1.0279365,0.9747048
af-7ce7192fd654,train,1.7426811,1.7942348,1.1541469,1.1184797
mb-10651,train,1.3222194,1.4508119,0.7781513,0.854166
af-5467a769dad8,train,1.0076538,1.1866261,0.8381366,0.89577705
mb-09215,train,1.90309,1.9457012,1.5440681,1.5698625
mb-01562,train,2.25042,2.2217298,1.8808136,1.9091885
mb-01821,train,1.9590414,1.937773,1.8129133,1.7696909
mb-02360,train,1.7160034,1.8391956,1.5682018,1.6414349
mb-00354,train,1.30103,1.4771955,1.1760913,1.3356886
mb-08658,train,1.9912261,2.0262191,1.845098,1.85386
af-5acbf212d178,train,0.34787232,0.4379755,-0.20058984,-0.035970688
mb-01897,train,1.146128,1.3777831,0.90309,1.0407308
mb-01133,train,1.462398,1.2058109,1.0,0.8030473
mb-08380,train,2.0334237,2.1040795,1.8325089,1.8878917
mb-10134,train,1.4913617,1.6663197,1.0413927,1.2743825
mb-07448,train,2.064458,2.104898,1.7403626,1.831966
mb-07417,train,2.2278867,2.2921703,1.8325089,1.8969295
mb-04112,train,1.7242758,1.7302287,1.5314789,1.5038079
af-500395978f0e,train,1.9739246,1.7939488,1.1969523,1.1637286
mb-06745,train,1.8573325,1.878487,1.7242758,1.6823856
af-7a7deee428ad,train,1.2395773,1.1488712,0.8975056,0.7658581
af-b6b877fb8d8f,train,1.6044302,1.4481015,1.0497838,0.92249244
af-037bff19ad42,train,1.2836788,1.404224,1.099791,1.1539421
mb-10481,train,2.3283796,2.1887188,2.0413928,1.9595046
mb-10047,train,2.2671719,2.2522078,1.4913617,1.624282
mb-05554,train,1.7323937,1.76669,1.3424227,1.3477263
mb-00774,train,2.2504199,2.2393947,2.0791812,2.0661695
mb-02354,train,1.7558749,1.7226007,1.4913617,1.4014163
mb-05395,train,1.4913617,1.4762483,1.146128,1.1361427
mb-10889,train,1.9822712,2.1068137,2.0,1.9338043
mb-09825,train,2.2741578,2.2614849,1.9867717,1.9018397
mb-00674,train,2.3053513,2.1722555,1.9294189,1.8135123
mb-03969,train,2.2121875,2.2049146,2.0863597,2.0915675
mb-03027,train,1.845098,1.8505888,1.5910646,1.6467551
af-9c3bde3044aa,train,1.4549423,1.4077209,1.2588599,1.1670599
mb-00205,train,2.2528532,2.2163744,1.6812413,1.6812683
mb-01174,train,1.8633229,1.9202259,1.6812413,1.6622008
mb-08285,train,1.30103,1.3575847,1.20412,1.2345984
af-962650945601,train,1.1635162,1.1373036,0.776606,0.85323745
mb-03351,train,1.5910647,1.7079375,1.2787536,1.3391225
mb-04898,train,1.7781512,1.8183255,1.447158,1.4611977
af-1c83a0bff50d,train,1.7649118,1.6793473,1.1471505,1.1254723
mb-08750,train,2.462398,2.4048774,2.2121875,2.1221359
mb-01372,train,1.8692317,1.8585417,1.30103,1.3052888
mb-07599,train,2.1903317,2.1920917,1.7993406,1.8481807
mb-07310,train,1.544068,1.6225524,1.447158,1.498657
mb-04878,train,1.3222194,1.3022867,0.90309,0.91144824
mb-00146,train,2.3541083,2.3591948,2.0569048,2.0215306
mb-02893,train,2.2355285,2.0354717,1.8976271,1.7484689
mb-04469,train,0.9542425,1.119835,0.69897,0.8090478
mb-05092,train,1.7853299,1.8545843,1.5682018,1.5744126
mb-01114,train,1.2552725,1.3260889,0.845098,0.89732766
mb-02908,train,1.5563025,1.4843059,1.2552725,1.2623292
mb-08929,train,1.690196,1.752728,0.90309,0.9732427
mb-03622,train,1.90309,1.8031701,1.690196,1.5762848
mb-01613,train,2.139879,2.2667058,2.1760912,2.2854908
mb-05354,train,1.7634281,1.7477506,1.5682018,1.5558795
mb-02996,train,2.164353,2.1999252,1.8920946,1.9250928
mb-00211,train,1.7242758,1.704788,0.845098,0.7972771
mb-05682,train,2.3838153,2.2180922,1.7853298,1.7709243
mb-08701,train,2.1522884,2.1671267,1.9731278,1.9850982
mb-05241,train,1.7993406,1.9532081,1.462398,1.5720795
mb-03799,train,2.1818435,2.184568,1.9637878,1.9625949
af-726d23846430,train,1.6189189,1.6632144,1.2923491,1.0744339
af-8b5c9383a7f1,train,1.5943305,1.7302564,1.1450689,1.1850877
mb-10275,train,2.209515,2.0857503,1.8573325,1.7021104
mb-10232,train,2.178977,2.1073027,1.770852,1.689162
mb-07907,train,1.30103,1.2316749,1.146128,1.0963643
mb-08463,train,1.6334685,1.6997826,1.20412,1.1731528
mb-08517,train,2.09691,2.0497754,1.8976271,1.8216137
af-77a7720c79a2,train,1.5830092,1.5239146,1.0006943,0.9999914
mb-03181,train,0.47712123,1.4796331,1.1139433,1.379581
mb-01533,train,1.6532125,1.6751537,1.0791812,1.2521636
mb-09641,train,1.7993406,1.7839272,1.20412,1.2332313
mb-08166,train,2.0128374,1.7712181,1.4913617,1.3151197
mb-08794,train,2.3996737,2.412771,2.049218,2.13455
mb-01643,train,2.1789768,2.142628,2.049218,2.0464094
mb-08101,train,2.2253094,2.211391,1.8573325,1.8254532
mb-08107,train,1.80618,1.7632467,1.5797836,1.5321262
mb-03393,train,1.8808136,1.9431901,1.748188,1.7106471
mb-05118,train,2.1760912,1.9882741,1.8129133,1.6616445
mb-07273,train,1.1760913,1.3559353,1.146128,1.1223779
mb-04533,train,0.7781513,1.0594854,0.60206,0.922359
af-1a4f8263ad0a,train,1.3251194,1.4748964,1.1164317,1.1685014
mb-01105,train,2.1139433,2.0446758,1.8325089,1.7797539
mb-08563,train,1.763428,1.6695085,1.2787536,1.2457786
mb-03484,train,1.6334684,1.7471323,1.4771212,1.5353724
mb-08040,train,2.0043213,2.0418549,1.770852,1.7102406
mb-09000,train,1.3424227,1.2917099,1.1139433,1.1489673
mb-01808,train,1.90309,1.7764773,1.5185139,1.4037465
mb-04160,train,2.25042,2.20559,1.8864907,1.815661
mb-01567,train,2.149219,2.1648173,1.9294189,1.963272
mb-07800,train,2.2355285,2.1888683,2.0374265,2.026666
mb-06366,train,1.6020601,1.6984698,1.3424227,1.3931477
mb-00715,train,2.1583626,2.1230264,2.0086002,1.993364
mb-06836,train,1.748188,1.7444785,1.447158,1.4644835
mb-06804,train,2.252853,2.3043792,1.8750613,1.9317498
mb-05376,train,2.3521824,2.238696,2.049218,1.9446126
mb-07440,train,1.897627,1.8808298,1.6720978,1.6104695
mb-00313,train,1.3424227,1.3561293,0.9542425,1.0229613
af-093eac89f301,train,1.4290235,1.307171,1.1800656,1.0734009
mb-06175,train,1.8129134,1.8247068,1.2787536,1.3101866
mb-07594,train,1.6232493,1.7308128,1.3617278,1.4837155
af-7d8a11e29070,train,1.0657029,1.1626251,1.040175,1.0058663
mb-08729,train,1.5797837,1.5274134,1.30103,1.2700055
af-978182b72d30,train,1.1354856,1.1947938,0.6009413,0.87686694
mb-03793,train,1.832509,1.7707273,1.5440681,1.4746886
mb-10224,train,2.1846914,2.184598,1.6127839,1.6547114
mb-04991,train,1.30103,1.1269021,0.7781513,0.6519904
mb-10418,train,1.9344985,1.91693,1.5682018,1.5460424
af-4a6557136108,train,1.5589747,1.5435317,1.2362121,1.1185193
mb-08390,train,2.252853,2.145115,1.9190781,1.8892256
af-c7e4f6937e06,train,2.1958528,2.1701956,1.1259495,1.1373935
mb-09533,train,2.08636,2.145955,1.7075702,1.7287796
af-0cf0aed63b5c,train,1.359044,1.3667216,1.1896167,1.1337316
mb-06906,train,1.7075702,1.6866626,1.230449,1.2290636
mb-04141,train,2.0492182,2.0666182,1.4149734,1.5290452
mb-00108,train,1.90309,1.8722923,1.6334685,1.5801857
mb-04132,train,2.029384,2.062543,1.6532125,1.5457624
mb-05447,train,1.8750613,1.763707,1.447158,1.4084809
mb-03075,train,2.217484,2.1495569,1.9344984,1.8388962
mb-06584,train,2.4727564,2.3169837,2.133539,1.989194
mb-07912,train,1.9242792,1.8931231,1.60206,1.5980347
mb-00985,train,1.9444827,1.9554343,1.2787536,1.2995249
mb-02178,train,2.220108,2.2102,1.9294189,1.9182653
mb-08201,train,1.9637879,1.8713062,1.4913617,1.5093261
mb-08305,train,1.7323937,1.7510917,1.5910646,1.4863886
mb-02346,train,1.2304488,1.5757318,1.3222193,1.388182
mb-04104,train,1.4149734,1.4231929,1.1139433,1.1276028
mb-09118,train,2.1673174,2.1167166,1.9242793,1.8059951
mb-10639,train,2.2148438,2.1921995,1.5185139,1.5382015
af-32b78ac78f5a,train,1.179365,1.2236474,0.8858281,0.9382374
mb-09433,train,1.9637878,1.985039,1.39794,1.4194828
af-0befd8b44978,train,1.7794818,1.6774716,1.2026763,1.1634333
mb-05770,train,1.7923917,1.8390974,1.3222193,1.3370953
mb-07563,train,1.5797837,1.6340241,1.3424227,1.360642
af-30b515df88e0,train,1.2820871,1.4618187,1.0163814,1.1428145
mb-02378,train,1.6334684,1.5685058,1.0791812,1.0701585
mb-03125,train,1.5563025,1.587777,1.1139433,1.1666322
mb-04600,train,2.143015,2.0624604,1.7323937,1.5924718
mb-00624,train,1.9867718,1.811531,1.462398,1.3031032
mb-06772,train,1.819544,1.8450838,1.7075702,1.65909
mb-10162,train,2.3747485,2.3055072,2.164353,2.160116
mb-02476,train,2.1003704,2.106924,1.7160033,1.6898614
af-d9b6cf00722a,train,1.1615207,1.2733935,0.87650824,0.9953476
mb-00120,train,1.9731278,1.8900883,1.6812413,1.633811
mb-01476,train,1.6720979,1.7275825,0.90309,0.999391
mb-07772,train,1.5682018,1.6568186,1.1139433,1.1782407
mb-08772,train,2.298853,2.1457767,2.0043213,1.8270568
mb-08454,train,1.8129134,1.8372474,1.462398,1.509129
mb-00487,train,1.4471581,1.4685885,1.20412,1.2025071
mb-10493,train,1.5797837,1.7857492,1.39794,1.5779068
mb-00808,train,1.9084849,1.864581,1.6434526,1.6492797
mb-03358,train,2.357935,2.3083618,1.908485,1.9258704
mb-00081,train,2.2121875,2.1208339,1.9777236,1.8332124
mb-08663,train,2.3541086,2.2459617,2.1003706,1.9154445
mb-03541,train,1.4771214,1.5007383,1.3424227,1.299866
mb-01630,train,2.1583624,2.064234,1.8864907,1.788248
mb-06883,train,1.7323937,1.7016333,1.3617278,1.3430628
mb-01117,train,0.8450981,0.86199695,0.60206,0.5822045
mb-05327,train,2.2600713,2.2118747,1.8920946,1.8411015
mb-04414,train,2.1903317,2.2323527,1.7403626,1.7761682
mb-10866,train,2.525045,2.5971758,2.1139433,2.3162208
mb-02182,train,2.033424,1.9844383,1.6127839,1.6342804
mb-01782,train,2.0492182,2.047828,1.8260748,1.7822528
af-af102afc1723,train,1.796912,1.6399548,1.1919844,1.1531901
mb-00424,train,1.6532125,1.7626584,1.3424227,1.4302485
mb-06983,train,1.9637878,1.9267303,1.80618,1.7171924
mb-03533,train,1.7558749,1.7444375,1.5563025,1.5446293
mb-08137,train,2.2121875,2.1585486,2.0293837,1.9573784
mb-04693,train,2.363612,2.276425,1.8633229,1.8672892
mb-06064,train,2.252853,2.1926875,1.845098,1.7883551
mb-07745,train,1.7403628,1.7111487,1.4149734,1.3998959
mb-01654,train,2.4132998,2.4835758,2.1367207,2.2316213
mb-07225,train,1.6334685,1.548324,1.3424227,1.1783926
mb-00934,train,1.6127839,1.6347826,1.230449,1.231565
mb-04486,train,1.863323,1.8742832,1.4313638,1.4020609
af-f999245f021a,train,1.094782,1.1451058,0.8257214,0.9052413
mb-10535,train,2.4487064,2.2624002,2.1903317,1.9927634
mb-02760,train,1.908485,1.9074279,1.462398,1.4776278
mb-02470,train,1.4471581,1.5283201,1.2787536,1.3641661
mb-01879,train,1.7558749,1.8599036,1.3617278,1.4310558
mb-03698,train,1.908485,1.9008236,1.6812413,1.6556987
mb-07235,train,2.0128372,1.9847828,1.8260748,1.7603868
mb-09468,train,1.7781513,1.800846,1.1139433,1.2079406
mb-04397,train,1.7160034,1.662957,1.146128,1.1457652
mb-03256,train,2.075547,2.2132232,1.7558749,1.8978593
mb-06535,train,1.6232493,1.6719333,1.3802112,1.5065666
mb-02380,train,2.5250447,2.5075858,2.2855573,2.280705
mb-04016,train,2.1931245,2.1607764,1.7558749,1.7329953
mb-08949,train,1.7075702,1.7577106,1.4313638,1.4930423
mb-01676,train,2.3521824,2.3204422,1.9822712,1.9800608
mb-05076,train,1.20412,1.1462841,0.60206,0.6144715
mb-03195,train,2.089905,2.0386004,1.690196,1.5117366
mb-03746,train,1.7403626,1.6870593,1.6232493,1.5024881
mb-04907,train,2.1003706,2.0557988,1.9395193,1.7983295
mb-03431,train,2.1038036,2.0930097,2.0211892,1.962883
af-474a32773d1a,train,1.6219155,1.5436931,1.1001327,1.1367949
mb-08677,train,2.064458,2.000404,1.7242758,1.7217224
af-d3618ed7c3ce,train,1.4828364,1.5909209,1.1519579,1.141614
mb-07466,train,2.0530784,1.7716262,1.6532125,1.5350146
mb-04398,train,1.4771214,1.3703401,1.2787536,1.138751
mb-00972,train,1.7160034,1.6487006,1.4913617,1.4272695
mb-10532,train,1.230449,1.2618601,1.0413927,1.1003994
mb-05522,train,2.1760912,2.3703117,1.968483,2.0686276
mb-10487,train,1.9138138,1.8084846,1.5910646,1.5017949
mb-07767,train,1.5797837,1.6210353,0.90309,0.9128764
mb-04762,train,2.220108,2.2054877,2.139879,2.1013145
mb-02173,train,1.6434528,1.6544499,1.462398,1.4156064
mb-05117,train,2.243038,2.1797192,2.146128,2.043274
mb-01836,train,1.447158,1.3616439,1.1139433,1.0079389
af-3d3dd8dbe540,train,1.0912237,1.1090081,0.6945666,0.7995578
mb-08532,train,1.5563025,1.6001551,1.3617278,1.3628383
mb-10899,train,1.6434528,1.6134872,1.30103,1.3159736
mb-02417,train,1.9822713,1.936434,1.6812413,1.573946
mb-09372,train,2.0934217,2.113447,1.6532125,1.6509923
af-99a7fbd5d338,train,1.0121241,1.5493803,0.8574055,1.2633369
mb-03007,train,1.462398,1.5246607,0.30103,0.29005444
mb-05321,train,1.3617277,1.3637818,1.0791812,1.119796
mb-03961,train,1.8976271,1.8897511,1.5440681,1.6023109
mb-06700,train,2.029384,2.015897,1.30103,1.2561566
mb-07469,train,2.0681858,1.9879526,1.9956352,1.9255016
mb-07376,train,1.8260748,1.7693465,1.4771212,1.4147328
mb-02549,train,2.1760912,2.1124237,1.7075702,1.7204434
mb-10694,train,2.1673174,2.1572852,1.6434526,1.8010403
mb-05333,train,2.0170333,1.9929308,1.5910646,1.5592474
mb-01992,train,1.7558749,1.8270857,1.462398,1.5043668
mb-07381,train,2.2900345,2.2271008,1.770852,1.7749095
mb-05559,train,2.1731863,2.149729,1.8808136,1.9125423
mb-00803,train,2.0863597,2.1586068,1.770852,1.8548846
mb-02758,train,2.3263357,2.2399874,2.1238515,2.0220408
mb-10573,train,2.198657,2.1369104,1.7558749,1.6365021
mb-02445,train,2.1760912,2.1131995,1.9542425,1.8447458
mb-01289,train,1.7853298,1.7864729,1.5563025,1.52672
mb-10094,train,1.30103,1.4248134,0.90309,1.036981
mb-09375,train,1.6627578,1.6567582,1.3222193,1.314514
mb-04500,train,1.8325089,1.7633193,1.5314789,1.4899209
mb-08239,train,1.8976271,1.9070309,1.5314789,1.5926036
mb-07847,train,2.0413926,1.7403908,1.60206,1.4209479
mb-07248,train,2.0,1.9976383,1.9956352,1.9733433
af-cb514034f0a5,train,1.7520914,1.6691977,1.1796063,1.0738012
af-4bda49185592,train,1.8379803,1.7503712,1.0264516,1.1610879
mb-03238,train,2.0253057,1.9385064,1.69897,1.5907801
af-bf14b169c784,train,1.7490063,1.6802716,0.9801748,1.0461655
mb-01188,train,2.209515,2.1762195,1.908485,1.877631
mb-09066,train,2.2121875,2.1600676,1.8692317,1.8620505
mb-02372,train,1.544068,1.5061029,1.0791812,1.057262
mb-00304,train,2.1238515,2.126792,1.8129133,1.8730047
mb-09036,train,2.2944663,2.2371716,1.8808136,1.896985
af-912cd1cff7b1,train,1.1968502,1.2636374,0.89406836,0.9769109
mb-08171,train,2.198657,2.145102,1.770852,1.7238629
mb-02616,train,2.0681858,1.7653102,1.6334685,1.3658613
mb-03946,train,1.462398,1.4176549,1.3617278,1.2676007
mb-01369,train,1.4313638,1.5493008,1.30103,1.3596388
mb-09722,train,2.1522884,2.1017394,1.8808136,1.845614
mb-05983,train,2.303196,2.2444842,1.9867717,1.8804961
mb-05009,train,1.90309,1.8220899,1.7323937,1.6180387
mb-00979,train,2.1105897,2.131789,1.9242793,1.8949614
mb-02398,train,2.1583624,2.1957939,2.198657,2.195154
mb-09445,train,1.7323937,1.6836095,1.20412,1.2742318
mb-02944,train,2.363612,2.3393002,1.9731278,1.9844182
mb-03577,train,1.908485,1.7821028,1.6232493,1.5444044
mb-02943,train,1.7075701,1.8095059,1.1139433,1.170457
mb-03643,train,2.0644581,2.05729,1.6334685,1.6189908
af-e36cddd32419,train,2.2558753,2.1156836,1.0725551,1.052937
mb-02025,train,2.1673174,2.1136768,1.9294189,1.8784344
mb-06332,train,2.0,2.0442867,1.6720978,1.5878683
mb-06343,train,2.2833014,2.1938047,1.80618,1.8302726
mb-04691,train,2.1702619,2.210564,1.8512584,2.0202262
mb-03580,train,1.770852,1.7539777,1.5797836,1.5431799
mb-07081,train,1.90309,1.8498666,1.5797836,1.533429
mb-06607,train,1.4771214,1.4522202,1.20412,1.1802912
mb-00850,train,1.7160034,1.7411867,1.230449,1.2556872
mb-03786,train,1.7923917,1.9518853,1.748188,1.7211587
mb-10799,train,1.90309,1.9536493,1.6127839,1.7008562
mb-09833,train,1.9084849,1.8773785,1.4771212,1.4466443
af-af102a5a65dc,train,1.0012057,0.9114438,0.6240912,0.61278003
mb-06830,train,1.8260748,1.7683108,1.5185139,1.4388688
mb-10747,train,1.7323937,1.8235679,1.3222193,1.5244061
mb-02347,train,1.8129133,2.0253174,1.60206,1.6459202
mb-09172,train,1.5185139,1.595518,1.2787536,1.3749048
mb-06681,train,2.2944663,2.1892037,2.0043213,1.8859758
mb-08731,train,1.39794,1.4052289,1.20412,1.1509526
mb-09071,train,2.075547,1.9941051,1.7923917,1.7097747
mb-01864,train,2.3364596,2.265923,1.8260748,1.7776126
mb-05011,train,2.1271048,2.0729687,1.9542425,1.8448015
af-fb1260e49037,train,0.99733794,1.0622196,0.6321059,0.7472394
mb-04357,train,2.5276299,2.5657058,2.2741578,2.2789855
mb-02804,train,1.9444827,2.0279486,1.748188,1.803904
mb-04625,train,1.9637878,1.9520704,1.3424227,1.3413137
mb-00609,train,1.9444826,1.9821624,1.7403626,1.660907
mb-01564,train,2.2479732,2.2316532,2.0293837,1.9833269
mb-09830,train,2.1702619,2.0306115,1.8260748,1.7312738
af-3e164407c8b6,train,1.6179894,1.6047468,1.0966876,1.0495645
mb-03508,train,2.4248817,2.3971214,2.3283796,2.3321164
mb-02977,train,1.8920946,1.9082546,1.447158,1.444229
mb-05638,train,1.7403628,1.8625989,1.6532125,1.5861393
mb-03944,train,1.7403626,1.8009617,1.6720978,1.657105
mb-09889,train,1.9731278,1.9694043,1.7323937,1.6426076
af-cc780562173b,train,1.5970246,1.7068868,1.2731773,0.9177299
mb-05727,train,1.6627578,1.6551044,1.447158,1.3809092
mb-07444,train,1.8976271,1.9645567,1.6232493,1.685917
mb-00214,train,1.6127838,1.6733094,1.3222193,1.3697451
mb-09931,train,1.6720979,1.6606119,1.1760913,1.2167125
mb-02662,train,2.38739,2.3214433,2.0170333,1.9561458
mb-09083,train,1.6020601,1.6130117,1.1760913,1.262171
mb-06690,train,2.0211892,2.0599813,1.6532125,1.7799237
mb-02722,train,2.2833014,2.2360933,1.6812413,1.826535
af-f7e872c3f33e,train,1.0787793,1.4574544,0.9450922,1.1098955
mb-09793,train,1.5682018,1.6386449,1.1760913,1.23221
mb-09542,train,1.968483,1.7666574,1.462398,1.2244143
mb-06146,train,2.3820171,2.4031363,2.0934217,2.082239
mb-10007,train,1.9956352,2.0222712,1.9637878,1.8564657
mb-08430,train,1.7558749,1.7397554,1.3222193,1.4673445
mb-04151,train,2.4065402,2.3918629,2.1139433,2.0660925
mb-02936,train,1.8808136,1.9630893,1.6812413,1.7502177
mb-06516,train,2.3344538,2.333126,1.9637878,1.9796115
mb-05119,train,1.6532125,1.6800411,1.3802112,1.3127186
mb-08957,train,2.0530784,1.9868362,1.9444827,1.9253799
mb-00812,train,2.133539,2.0923717,1.60206,1.6461229
mb-05866,train,2.2528532,2.2704186,1.9395193,1.9594712
mb-09415,train,2.240549,2.2499027,1.9956352,1.9704374
mb-04315,train,1.8325089,1.7765613,1.6334685,1.5423007
mb-00272,train,1.4913617,1.5760995,1.20412,1.3542633
mb-07711,train,1.5682018,1.5636239,1.39794,1.377089
mb-02823,train,2.3324385,2.3101106,1.908485,1.9379994
mb-01024,train,1.6812413,1.8365908,1.2787536,1.4807805
mb-10046,train,2.0681858,1.9135916,1.6334685,1.546361
mb-00992,train,1.6627578,1.6856632,1.3222193,1.3674961
mb-09777,train,2.3159704,2.2884085,1.8808136,1.9779849
mb-07530,train,2.0253057,2.0200446,1.69897,1.6739951
mb-06409,train,1.6232493,1.6780444,1.1760913,1.247995
mb-04918,train,1.6127839,1.6250156,1.3617278,1.395336
mb-05725,train,1.9138138,1.8848033,1.3802112,1.3968769
mb-08396,train,2.3324385,2.2474706,1.50515,1.5731637
mb-03465,train,2.2455127,2.1560721,1.6232493,1.5317287
mb-03475,train,1.7160034,1.7756511,1.4149734,1.4142125
mb-09549,train,1.968483,1.9486692,1.690196,1.6282432
mb-07926,train,2.230449,2.1288552,2.198657,2.0755823
mb-07591,train,1.908485,1.8348811,1.5682018,1.5081209
mb-08492,train,1.8633229,1.8080103,1.7160033,1.6324403
mb-05107,train,1.8750613,1.7429645,1.7242758,1.5081841
af-9fab41bd3120,train,1.2987309,1.1630238,0.77787393,0.75241053
mb-04515,train,1.8260748,1.9243928,1.146128,1.3222103
mb-04386,train,2.3242826,2.2968473,2.0413928,1.9133292
mb-04797,train,1.2787536,1.3362488,1.1760913,1.1582447
mb-09216,train,2.1958997,2.1584988,1.20412,1.0567139
mb-07188,train,2.075547,1.9879618,1.968483,1.9255079
mb-01623,train,2.2576785,2.187606,2.09691,1.9463443
mb-04954,train,1.5440681,1.5884836,1.1760913,1.2424629
mb-02225,train,1.7781513,1.8176024,1.30103,1.3158325
mb-10396,train,1.0,1.1276077,0.69897,0.8057311
mb-05937,train,2.0827854,2.0190363,1.3802112,1.350543
mb-09343,train,2.283301,2.2430477,2.1238515,2.145124
mb-08411,train,2.1583626,2.212145,1.9395193,1.9462032
mb-02650,train,1.0791813,1.1475501,0.47712126,0.5975347
mb-00477,train,2.252853,2.1119552,1.770852,1.5442667
mb-03214,train,1.9493899,1.9682095,1.8573325,1.7503362
mb-02444,train,2.164353,2.1874595,1.9637878,1.9366596
mb-05499,train,1.4771214,1.2418585,1.20412,1.089567
mb-00192,train,2.0606978,1.8304577,1.5910646,1.4093604
mb-09034,train,1.6232493,1.6329147,1.230449,1.293342
mb-07456,train,2.155336,2.1169097,2.045323,1.9551737
mb-02201,train,2.1038036,2.0541332,1.845098,1.8163188
mb-09556,train,2.2479732,2.1334548,2.075547,1.8904915
mb-05061,train,2.3344538,2.299796,2.0934217,2.0586991
mb-10638,train,2.2944663,2.1634803,2.0374265,1.9604102
mb-05838,train,1.8692317,1.8404372,1.3424227,1.3385684
mb-00573,train,1.3424227,1.4344176,1.230449,1.2573743
mb-10982,train,1.7781513,1.7604921,1.4149734,1.4242474
mb-03912,train,1.7781513,1.7965252,1.6627579,1.5805911
mb-02501,train,2.0569048,1.9757931,1.69897,1.6971884
af-42a754c4948a,train,1.5050617,1.4108411,1.2265174,1.1284109
mb-06977,train,1.7242758,1.636365,1.5314789,1.4054646
mb-04587,train,1.230449,1.2423806,0.90309,0.95554644
mb-05783,train,2.2855573,2.2921238,1.94939,1.9173601
mb-01723,train,1.39794,1.3094339,1.230449,1.0976533
mb-08897,train,1.5440681,1.5454512,1.2552725,1.2814555
mb-06903,train,1.0,1.0619314,0.845098,0.8483133
mb-02076,train,1.9822712,2.030402,1.3802112,1.4479395
mb-09611,train,2.1818435,2.144659,1.8325089,1.8494
mb-00222,train,2.2810335,2.3329654,1.9395193,1.9799931
af-c96936f1ed31,train,1.7285794,1.5754669,1.2628709,1.0516322
mb-01822,train,1.4771212,1.5978159,1.3222193,1.4023017
mb-10222,train,1.8195438,1.7290545,1.60206,1.5104904
mb-05201,train,1.80618,1.8738389,1.39794,1.4085822
mb-00468,train,1.8920946,1.80445,1.5440681,1.5814592
mb-08215,train,2.1038036,2.0626884,1.50515,1.5372189
mb-06517,train,2.071882,1.9526118,1.7160033,1.6194332
mb-09587,train,1.748188,1.8868723,1.6434526,1.7191948
mb-04062,train,2.1367204,1.9803216,2.0293837,1.8790092
mb-07013,train,2.0043213,1.9893098,1.770852,1.7979332
mb-06877,train,1.230449,1.2526559,1.0413927,1.0875629
mb-02107,train,1.9294189,1.9365652,1.748188,1.7176092
mb-03312,train,1.7242758,1.7783114,1.1139433,1.1788434
mb-07737,train,2.0334237,2.0637894,1.6720978,1.6750335
mb-01523,train,2.0569048,2.037279,1.8976271,1.8279948
mb-03771,train,1.90309,1.9164755,1.7242758,1.7330148
mb-03320,train,1.9912261,1.9854221,1.6812413,1.7008258
mb-00422,train,2.0043213,2.024733,1.7323937,1.741076
mb-08893,train,2.1238515,2.0989203,1.9956352,1.7638876
mb-05106,train,2.071882,2.0607731,1.748188,1.726087
mb-04459,train,2.0606978,2.0007653,1.908485,1.8389661
mb-07781,train,2.230449,2.1623263,1.845098,1.8466736
mb-07938,train,2.2174838,2.2592797,2.0211892,1.9671264
mb-06714,train,0.60206,0.5095197,0.47712126,0.3975798
mb-01297,train,2.2405493,2.2081828,1.8512584,1.7978861
mb-00273,train,1.9637878,1.9209921,1.6532125,1.602282
mb-02515,train,2.164353,2.2909777,2.0530784,2.1815655
mb-02087,train,1.39794,1.455992,1.0,1.0867283
mb-06927,train,1.8512583,2.0204694,1.6720978,1.7748108
mb-04113,train,2.209515,2.195098,1.8573325,1.8343048
mb-02716,train,0.60205996,1.2064004,0.90309,0.9538523
mb-01190,train,2.2718415,2.1258457,2.0293837,1.8523606
mb-04947,train,2.1398792,2.109058,1.8512584,1.865846
mb-07086,train,1.8388491,1.7953554,1.5185139,1.4862808
mb-10863,train,1.9956353,2.028049,1.3617278,1.4577441
mb-04233,train,2.0253057,1.8854177,1.7160033,1.6148548
mb-08869,train,1.7558749,1.8025899,1.3802112,1.437154
mb-08307,train,1.6232493,1.6096067,1.230449,1.1939754
mb-10322,train,2.2405493,2.123427,1.30103,1.3232558
mb-04038,train,1.763428,1.7064148,1.2552725,1.1710229
mb-01142,train,1.8129133,1.8137641,1.5797836,1.603251
mb-01791,train,1.4913616,1.4606968,1.0791812,1.1382713
mb-07612,train,2.4183013,2.4718194,2.1367207,2.167135
mb-01892,train,2.1522884,2.063303,1.7781513,1.6897125
mb-01305,train,1.39794,1.448016,1.1760913,1.1596607
mb-06112,train,2.0530784,2.0638683,1.9395193,1.9164984
mb-01697,train,2.161368,2.1340706,1.763428,1.7892244
mb-08510,train,2.0293837,1.9254605,1.447158,1.440967
mb-09029,train,1.8573325,1.9374057,1.7558749,1.6915555
mb-07487,train,1.6532125,1.666824,1.5563025,1.500836
mb-03691,train,2.2121875,2.1410074,1.8325089,1.7712936
af-8437382e018f,train,1.4404731,1.248672,1.2070497,0.9818919
mb-00381,train,1.748188,1.6866344,1.462398,1.3760698
mb-08641,train,1.748188,1.8163959,1.4771212,1.5388083
mb-06221,train,1.1760913,1.1954503,0.90309,0.8875222
mb-03049,train,2.146128,2.004486,1.7323937,1.6154556
mb-05026,train,2.2041202,2.2443728,1.7993406,1.8045642
mb-08350,train,2.3180633,2.303309,1.9542425,1.9374373
af-7bafcd91e256,train,1.2357733,1.270184,0.96943784,0.99864787
mb-02449,train,2.3242824,2.3296287,1.8808136,1.9672695
mb-10587,train,1.5185139,1.4613211,1.0413927,1.0948439
mb-06504,train,1.4913617,1.5267848,1.0413927,1.0623299
mb-07195,train,1.724276,1.7217197,1.2787536,1.2834812
mb-00997,train,2.390935,2.3666275,2.0293837,2.0272863
mb-06339,train,2.0,2.0069437,1.770852,1.8192923
af-1e89971673a1,train,1.7771854,1.6585276,1.2615389,1.1405891
mb-08391,train,2.1003704,2.1320145,1.7323937,1.7241855
mb-05586,train,2.0334237,2.0340111,1.748188,1.7683733
mb-05367,train,0.8450981,0.81506664,0.60206,0.5530033
mb-00156,train,1.6532125,1.7643762,1.30103,1.3878784
mb-02331,train,2.506505,2.5097828,2.350248,2.4137897
mb-04487,train,2.5051498,2.4500856,2.2278867,2.1821942
mb-05698,train,1.7403626,1.8213927,1.146128,1.2361839
mb-01201,train,1.6434528,1.6566417,1.4913617,1.4018272
mb-04054,train,1.6812412,1.6931118,1.5314789,1.5142894
mb-08513,train,2.1760912,2.1709075,1.80618,1.7939935
af-4623ccee9b59,train,1.614604,1.624954,1.0860785,1.0657333
mb-08418,train,2.0253057,2.0430274,1.50515,1.5798967
mb-05703,train,1.4313637,1.404655,1.0791812,1.083637
mb-08323,train,0.9542425,1.0856276,0.60206,0.75966704
mb-02085,train,1.9190781,1.9811385,1.7160033,1.686676
mb-04007,train,2.2148438,1.7838693,1.845098,1.5623512
mb-08456,train,2.0043213,2.0970573,1.5682018,1.6977236
mb-08695,train,1.5185139,1.411373,1.30103,1.180043
mb-05356,train,2.149219,2.12638,2.0170333,1.9995111
mb-08270,train,0.90309,1.0182548,0.60206,0.74215883
mb-01425,train,1.4471581,1.560276,1.146128,1.2366202
mb-10919,train,1.6627578,1.6072007,1.3222193,1.407969
mb-01655,train,1.230449,1.244724,1.0,0.95963717
mb-07149,train,2.0086002,2.1099973,1.7993406,1.8685913
mb-07011,train,2.1271048,2.0412054,1.6627579,1.608093
mb-10541,train,1.5910646,1.5742708,1.2552725,1.2034703
mb-06953,train,1.770852,1.8040638,1.60206,1.5124623
mb-02897,train,2.2966652,2.3750982,2.146128,2.3187335
mb-02397,train,1.9190781,1.9395711,1.2787536,1.3084211
mb-01462,train,2.382017,2.2662241,1.9956352,1.908345
mb-03513,train,2.3242824,2.4151568,2.0530784,2.095028
mb-07361,train,1.6232493,1.6931666,1.3222193,1.3793037
mb-01890,train,2.3692157,2.3667257,2.0293837,2.0299542
mb-03163,train,2.1673174,2.1802125,1.7853298,1.7811254
mb-05384,train,1.8388491,1.6514711,1.5910646,1.4311692
mb-08745,train,2.1238518,2.0951579,1.7781513,1.7630036
mb-04590,train,1.2787536,1.2955763,0.90309,0.9131119
mb-03233,train,2.5132177,2.5829556,2.2455127,2.3023703
mb-04823,train,2.320146,2.3032923,2.049218,2.0165203
mb-04733,train,1.819544,1.8536345,1.5185139,1.5947298
af-74c0b1109069,train,1.4148431,1.3517853,1.1968336,1.07363
mb-07578,train,1.3802112,1.4486198,0.9542425,0.9652479
af-0f62b7e9b927,train,1.0511525,1.1335716,0.8005741,0.82986134
af-822ff35409e2,train,1.6477106,1.4188032,1.2505395,1.0940578
mb-00534,train,1.7160034,1.78046,1.5563025,1.4432603
mb-00881,train,1.5682018,1.5068278,1.20412,1.161658
mb-02704,train,1.1139433,1.2941041,0.845098,0.9977478
mb-10622,train,2.1760912,2.1057453,1.6812413,1.6921003
af-30d7f0167688,train,1.1662703,1.2340796,0.92362064,0.89746565
af-0c63b960ff63,train,1.2122222,1.2338375,0.83747226,0.9233297
mb-02424,train,1.2552725,1.1741828,1.1139433,1.0245712
mb-04536,train,2.0334237,2.039137,1.8692317,1.8073182
mb-05831,train,1.7323937,1.6915779,1.3424227,1.2994075
mb-02821,train,2.2148438,2.2308514,1.8750613,1.9188259
mb-07752,train,1.6989701,1.773886,0.9542425,1.0142083
mb-05720,train,1.7160034,1.8374634,1.1139433,1.2548654
mb-10663,train,2.269513,2.2184193,1.50515,1.603674
mb-01943,train,2.209515,2.221746,1.8750613,1.7763909
mb-09929,train,1.845098,1.8409555,1.50515,1.5488303
mb-04930,train,1.8450981,1.8746995,1.6127839,1.6091179
mb-01233,train,1.3802112,1.3855833,1.0413927,1.0250784
mb-08771,train,2.1172714,2.1094773,1.6627579,1.6399223
mb-09839,train,2.1522882,2.0812855,1.8129133,1.784406
mb-07590,train,1.6989701,1.7596438,1.4913617,1.5888314
mb-05992,train,2.2121875,2.2548218,1.8750613,1.8671886
mb-03542,train,2.2227163,2.2091472,2.0211892,1.8744202
mb-06423,train,1.6720979,1.6983182,1.1760913,1.2056096
mb-02602,train,2.0086002,2.0432057,1.80618,1.7796547
mb-05650,train,2.3053513,2.3192472,1.8808136,1.9601802
mb-08291,train,1.7160034,1.7347777,1.20412,1.2573934
mb-05568,train,1.7853298,1.7779362,1.3617278,1.4238765
mb-07739,train,1.8864907,1.9171829,1.7923917,1.816199
mb-08432,train,2.2552724,2.2480185,1.9138138,1.8309261
mb-06045,train,2.1367204,2.081853,1.7403626,1.639852
mb-01657,train,2.1903317,2.164283,1.9294189,1.9169163
mb-07747,train,1.5797837,1.3131418,1.1760913,0.9232849
mb-08188,train,1.3424227,1.5327497,1.50515,1.4477273
mb-05589,train,1.1139433,1.2008283,0.7781513,0.8402565
af-1a5594f050f5,train,1.8306246,1.7208148,1.1200835,1.1386548
mb-04782,train,0.845098,0.8205424,0.47712126,0.49208236
mb-01632,train,2.09691,2.0677295,1.80618,1.7836258
mb-08762,train,1.5314789,1.4353215,1.0791812,1.0151694
mb-03552,train,2.0086002,2.022248,1.770852,1.7206147
mb-03743,train,1.9867717,1.9573665,1.763428,1.6685992
mb-01912,train,2.2552724,2.1456835,1.8920946,1.8516554
mb-09026,train,1.5185139,1.6113603,0.69897,0.8056403
af-f1db056900fc,train,0.9534373,0.9485116,0.6815705,0.65330344
mb-02086,train,2.2405493,2.2475271,2.0,1.9715302
mb-07981,train,2.220108,2.2752028,1.9590414,2.0069308
mb-02791,train,2.1271048,2.1239212,1.6532125,1.7243739
mb-05425,train,2.071882,2.0669246,1.690196,1.6340667
mb-00857,train,1.3222194,1.2235229,1.146128,1.0996659
mb-07874,train,2.1172714,2.1288846,1.6127839,1.6510262
mb-05822,train,2.2944663,2.2651854,1.9590414,1.9045193
af-6ed0a2b15ea0,train,1.5644033,1.5355163,1.2937646,1.2511066
mb-09864,train,1.5682018,1.5162178,1.2787536,1.2371984
mb-04923,train,2.1818435,2.1758027,1.7403626,1.7793809
mb-05308,train,2.220108,2.2085748,1.908485,1.9058502
mb-02980,train,2.064458,2.1216247,1.6232493,1.6581943
mb-01135,train,1.3802112,1.3896991,0.9542425,1.0249949
mb-00280,train,1.6434526,1.6101055,1.2552725,1.263587
af-211150363711,train,1.5953574,1.6162493,1.0436138,1.1027563
mb-07432,train,1.6812413,1.9297543,1.50515,1.6263443
mb-05288,train,2.1903317,2.1738024,1.8260748,1.794268
mb-01336,train,0.90309,0.84301865,0.60206,0.5521104
mb-02845,train,2.2121878,2.3177292,2.209515,2.2543068
mb-02166,train,2.2013972,2.1820054,1.9138138,1.981718
mb-10561,train,1.4471581,1.4385793,1.2552725,1.077774
mb-06596,train,1.6434526,1.7082732,1.2787536,1.397305
af-53c8683bd564,train,1.5955579,1.7098117,0.1816807,0.926656
mb-08887,train,1.4471581,1.6338586,1.30103,1.4211482
mb-05481,train,1.7993406,1.8802645,1.5682018,1.7138245
mb-01298,train,1.0,1.0802003,0.845098,0.82566476
mb-07172,train,1.7558749,1.6503477,1.30103,1.2646309
mb-09956,train,1.8450981,2.4440515,2.0086002,2.1552236
mb-08217,train,1.462398,1.2407231,1.20412,1.024706
mb-04096,train,1.9731278,1.9721862,1.5440681,1.6224864
mb-03515,train,2.146128,2.0385804,1.90309,1.8192277
mb-05218,train,2.143015,2.1240423,1.763428,1.7618963
mb-03114,train,2.1303337,2.119556,1.7160033,1.6969941
mb-03881,train,1.9395192,1.9317281,1.3802112,1.3876952
mb-07704,train,2.1172712,2.0584831,1.60206,1.5709388
mb-05521,train,1.9138138,1.986704,1.8920946,1.577706
mb-03724,train,1.763428,1.6692363,1.69897,1.5984902
mb-06582,train,2.0128372,2.031111,1.7558749,1.795449
mb-09247,train,2.3521824,2.2198935,1.8633229,1.8684676
mb-06029,train,2.4199557,2.4603763,2.0681858,2.1555316
mb-09253,train,2.0374265,2.0249138,1.7403626,1.7297661
mb-09281,train,1.9777236,1.9520576,1.6434526,1.6111517
mb-10400,train,2.2121878,2.1819265,1.6127839,1.7666806
mb-07807,train,2.075547,2.0678189,1.6812413,1.5794889
af-d176291d7c97,train,1.724822,1.7639039,1.2430927,1.1665345
mb-09481,train,1.9395192,1.922396,1.50515,1.4894835
af-3a77ab5132ea,train,1.7774267,1.7257774,1.2737603,1.0838124
mb-01910,train,2.0374265,1.9254605,1.908485,1.74129
mb-05884,train,2.1038036,1.9799314,1.7323937,1.6081161
mb-00866,train,1.7853298,1.6700337,1.5797836,1.3961222
af-ddaf3178e207,train,1.0864025,1.1916318,0.79788285,0.9101526
mb-04125,train,2.0253057,1.993475,1.7242758,1.686945
mb-06507,train,2.1846914,2.1260414,2.0043213,1.8851627
mb-00034,train,1.3424227,1.4179935,1.0413927,1.125345
mb-05552,train,1.8129134,1.7670568,1.6232493,1.5398033
mb-06896,train,2.0569048,2.2011282,1.9822712,1.8955351
mb-01922,train,1.7075701,1.6122284,1.5797836,1.4192739
mb-06386,train,1.8260748,1.7378495,1.462398,1.4303063
mb-08979,train,2.1105897,1.8996212,1.9242793,1.4873356
mb-08223,train,1.6020601,1.6685089,0.90309,0.9925808
mb-00723,train,1.94939,1.9880531,1.8976271,1.8178751
mb-09640,train,2.421604,2.382929,1.9190781,2.085071
af-b08aeea1f94f,train,1.872221,1.7214015,1.252467,1.075743
mb-09462,train,2.149219,2.1698997,1.7853298,1.769104
mb-10473,train,2.2878017,2.1496553,1.9444827,1.8977568
af-333b7c39a000,train,1.2988532,1.4298062,0.9569652,1.0749321
mb-09622,train,2.220108,2.1263638,1.7242758,1.6601628
mb-09636,train,1.968483,1.8942142,1.69897,1.6171653
mb-05250,train,2.164353,2.1373253,1.7160033,1.7119789
mb-00884,train,1.9590414,1.9553266,1.690196,1.7172432
mb-00312,train,1.7160034,1.6055398,1.39794,1.2978019
mb-07726,train,1.7634281,1.6512452,1.462398,1.344031
mb-10918,train,2.120574,2.1591883,1.8512584,1.8618257
mb-05294,train,1.4313638,1.2665346,1.2552725,1.1217457
mb-00372,train,1.7242758,1.8227053,1.4771212,1.5967064
mb-04758,train,1.7242758,1.6999025,1.4149734,1.4537803
mb-06075,train,1.7993406,1.811965,1.2787536,1.305379
mb-10664,train,1.20412,1.2012317,0.7781513,0.7836007
mb-06433,train,2.209515,2.1829245,1.9138138,1.9335515
mb-05505,train,1.8260747,1.8082123,1.69897,1.6098893
mb-07153,train,1.6020601,1.7609773,0.9542425,1.183527
mb-05025,train,2.298853,2.1994803,1.770852,1.7558767
mb-10536,train,1.94939,1.840747,1.4913617,1.428243
mb-00366,train,1.4313638,1.5231363,0.90309,0.8732937
mb-00443,train,1.3802112,1.4778984,1.0,1.076133
mb-07401,train,1.8260748,1.7431285,1.20412,1.1634583
mb-09690,train,2.243038,2.1240804,1.763428,1.7274828
mb-08842,train,1.6720979,1.4860499,1.4149734,1.3234134
mb-05128,train,2.045323,1.9036808,1.4913617,1.3945816
mb-01534,train,2.0934217,2.051675,1.8260748,1.7703376
mb-00862,train,2.0791812,2.0723822,1.90309,1.8349762
mb-01873,train,2.1673174,2.1035547,1.8573325,1.812887
mb-04217,train,1.8573325,1.6326386,1.5185139,1.328094
mb-09602,train,2.2355285,2.096243,1.7923917,1.6694872
af-235095bcd599,train,1.470312,1.5968648,1.2392019,1.4283947
mb-05504,train,2.2600713,2.3141127,1.9956352,2.015788
mb-10276,train,2.1818435,2.1091888,1.7558749,1.7986054
mb-03468,train,1.9777236,2.0098767,1.8388491,1.9190226
mb-02865,train,1.8692317,1.8275055,1.6720978,1.6762688
mb-04436,train,2.2355285,2.217844,1.819544,1.8274937
mb-09209,train,2.1931245,2.1352448,1.60206,1.5464193
mb-04083,train,1.9190781,1.983413,1.5910646,1.692956
mb-05459,train,1.6434526,1.6097727,1.5314789,1.4175863
mb-04382,train,1.6627578,1.6736706,1.5910646,1.5187614
mb-03285,train,1.7853298,1.7439029,1.5797836,1.5807724
mb-04919,train,2.1760912,1.8924438,2.09691,1.7545428
mb-06998,train,2.20412,2.187787,1.908485,1.8446939
mb-04678,train,2.4517865,2.4592414,2.120574,2.1523428
mb-06890,train,2.164353,2.0959544,1.39794,1.3180554
mb-08263,train,1.8388491,1.8342441,1.39794,1.4129784
mb-00136,train,2.1702619,2.2151008,1.8976271,1.8480282
mb-07520,train,1.7993406,1.7645383,1.5440681,1.4686345
mb-01156,train,1.9294189,1.86616,1.6434526,1.5550957
mb-02294,train,2.0374265,1.9897323,1.6720978,1.6167337
mb-05072,train,1.8808136,1.8330615,1.2787536,1.2381365
mb-06526,train,2.089905,2.104694,1.770852,1.7388914
mb-08614,train,1.5440681,1.4991486,1.2552725,1.0515344
mb-05863,train,2.1139433,2.0997114,1.8750613,1.817085
mb-02954,train,1.6334684,1.69512,1.5797836,1.4600706
mb-03661,train,1.3802112,1.4684741,1.0791812,1.1778481
mb-09089,train,2.3443923,2.2570038,1.9190781,1.9548113
mb-04765,train,1.9294188,1.8977414,1.6720978,1.702301
mb-06951,train,2.4361627,2.4362898,2.0934217,2.1225164
mb-02884,train,2.2455127,2.179019,1.9242793,1.8967581
af-02c8bb19af7a,train,1.477869,1.413945,1.2617242,1.175639
mb-04643,train,2.3283796,2.256653,1.8325089,1.814315
mb-03449,train,2.089905,2.0516927,1.69897,1.6724956
mb-07850,train,1.9956353,2.0793545,1.6627579,1.6804303
mb-00044,train,2.133539,2.01078,1.7993406,1.6966637
af-136ebce60ff4,train,1.1558429,1.246525,0.8595844,0.9413143
mb-09234,train,2.178977,2.1385043,1.20412,1.5112275
mb-00588,train,2.1038036,2.079442,1.6232493,1.6913669
mb-00068,train,1.5910647,1.5795476,1.39794,1.3784747
mb-01018,train,1.50515,1.5197554,1.2552725,1.2774795
mb-00898,train,1.9637879,1.9011947,1.6627579,1.6686311
mb-05969,train,1.4771214,1.4400692,1.20412,1.1823504
mb-02729,train,0.30103,0.38775113,0.0,0.08708596
mb-04276,train,1.6334685,1.6963905,1.4149734,1.423171
af-28f4dc5fd1ca,train,1.834023,1.6411448,1.2148756,1.1370802
mb-09518,train,1.4313638,1.3394802,1.1760913,1.156422
mb-01699,train,1.6232493,1.6751091,1.230449,1.2567481
mb-01505,train,2.3873897,2.3368351,2.0681858,2.125697
mb-04446,train,1.5563024,1.5597961,1.3222193,1.3549407
mb-06794,train,0.845098,0.8071776,0.69897,0.6626988
af-ab6fb47139d6,train,1.5650067,1.507884,1.1345787,1.1103609
mb-07452,train,1.7781513,1.7935944,1.30103,1.3353205
mb-09069,train,2.2329962,2.2460816,1.8976271,1.9237828
mb-10794,train,1.9344984,2.118341,1.8325089,1.8781278
mb-00157,train,1.3802112,1.4482751,1.230449,1.2434939
mb-00547,train,1.2787536,1.3132689,0.90309,1.0373062
mb-07712,train,1.230449,1.2793012,1.1139433,1.1305709
mb-00833,train,1.8129134,1.7990597,1.2787536,1.2651316
mb-07372,train,1.5440681,1.523838,1.230449,1.2502393
mb-05664,train,2.346353,2.370135,2.1367207,2.1151114
mb-10746,train,1.1760912,1.2500026,1.0,0.9972964
af-2d7e4e8b51a2,train,1.5115224,1.4551928,1.1729822,1.1417615
mb-00696,train,1.6720979,1.6811965,1.1139433,1.1753869
mb-07596,train,1.2787536,1.2916932,0.7781513,0.8251023
mb-05833,train,1.6532125,1.671885,1.1760913,1.1932466
mb-08440,train,1.7242758,1.7551492,1.4771212,1.4366428
mb-02517,train,2.220108,2.1883283,1.4771212,1.5135684
mb-04955,train,1.1760912,1.1245912,0.845098,0.8176308
mb-01779,train,1.929419,1.9721938,1.3424227,1.4915546
mb-02245,train,2.463893,2.4175508,2.139879,2.121834
af-3a58c173f4af,train,1.6089419,1.4160299,1.118929,1.0331444
mb-04855,train,1.60206,1.637995,1.0791812,1.0672399
mb-09284,train,1.8692317,2.0225291,1.7323937,1.8888583
mb-05748,train,2.2741578,2.3125439,1.90309,1.9485738
mb-08760,train,1.6627579,1.5327111,1.1760913,1.1583773
mb-03281,train,1.6434526,1.5071819,1.2552725,1.1377857
mb-01046,train,2.1038036,1.948103,1.763428,1.6227729
mb-05857,train,2.2576785,2.2778852,1.9242793,1.9726405
mb-09856,train,2.0,2.0777836,1.6127839,1.7152864
mb-07475,train,2.1303337,2.0441236,1.690196,1.6965927
mb-08573,train,1.8450981,1.91855,1.5440681,1.5160296
af-e2b660ddb4b8,train,1.227938,1.3325108,0.7142266,0.85196644
mb-07534,train,1.230449,1.2176746,1.0,0.9708085
mb-05707,train,2.3541083,2.257991,1.80618,1.731184
mb-04586,train,1.30103,1.2402006,0.90309,0.8753743
mb-00139,train,1.6720979,1.5995367,1.3424227,1.2768099
mb-04927,train,2.0293837,2.087251,1.6720978,1.7315575
mb-07320,train,2.2068257,2.361548,1.9344984,2.1125872
mb-07146,train,1.6334685,1.6835064,1.39794,1.3535298
mb-08881,train,2.0170333,1.9687854,1.4149734,1.373707
mb-09738,train,2.1139433,2.0719342,1.7160033,1.7819735
af-1ed96631d184,train,1.3519489,1.4234729,1.0690461,1.1259896
mb-09122,train,1.0413927,1.6032686,1.3617278,1.347825
mb-10954,train,1.7781513,1.8432612,1.5440681,1.5882298
af-359ed64889c7,train,1.4758818,1.364567,1.1906006,1.02471
mb-08799,train,2.0569048,2.0567665,1.69897,1.635799
mb-03129,train,2.264818,2.0743935,1.6127839,1.5950291
mb-01475,train,1.819544,1.8115971,1.2552725,1.2550557
mb-04977,train,2.0413926,2.038508,1.8388491,1.7970022
mb-00131,train,2.0086002,1.9678466,1.6627579,1.6268677
mb-08936,train,2.1731863,2.1873624,1.7242758,1.775214
mb-08826,train,1.6434526,1.6532413,1.60206,1.4765756
mb-10499,train,1.2787536,1.5870533,1.5440681,1.4511245
mb-07845,train,2.3384566,2.2908328,2.0413928,2.0198476
mb-04870,train,1.7403626,1.6919758,1.60206,1.5357639
mb-01561,train,2.4116197,2.422607,2.1583624,2.1072602
mb-07465,train,1.8573325,1.827121,1.3617278,1.3706038
mb-05239,train,2.3242824,2.3939514,2.10721,2.1368976
mb-06118,train,2.4281347,2.3972185,2.0043213,2.0716496
mb-08141,train,1.230449,1.2952299,0.845098,0.92231023
mb-09451,train,2.2278867,2.2236352,1.908485,1.8530649
mb-05458,train,0.7781513,0.8074145,0.60206,0.64699084
mb-06577,train,1.7993405,1.667211,1.60206,1.4221848
mb-04501,train,1.8573325,1.7653003,1.5797836,1.5203757
mb-00428,train,2.1553361,2.0373018,1.9912261,1.8080478
mb-03043,train,2.3856063,2.2802925,1.9444827,1.8911316
mb-10171,train,2.130334,2.0944,1.5440681,1.6266161
mb-01299,train,2.1038036,2.0659325,1.9822712,1.9231653
mb-05391,train,2.2787535,2.2341483,1.690196,1.7474906
mb-07434,train,1.9637879,1.9811773,1.6627579,1.6503513
mb-05909,train,1.4149734,1.5143182,1.20412,1.2351257
mb-00165,train,1.5440681,1.6450986,1.3617278,1.3814569
af-d0cd2109e28a,train,1.0419096,1.0372839,0.76988447,0.7882452
mb-10288,train,2.1583624,2.1532757,1.7242758,1.7210051
mb-02548,train,1.518514,1.5321568,1.4313638,1.3781672
mb-00839,train,2.2552724,2.200363,2.1271048,2.063714
mb-10335,train,2.2764618,2.1982415,2.0170333,1.9212707
mb-07298,train,2.10721,2.0982192,1.8388491,1.8462882
mb-02401,train,2.2833014,2.2723982,1.8976271,1.8996338
mb-08895,train,1.5314789,1.6115881,0.90309,1.0432584
mb-00020,train,1.5440681,1.6015631,1.3424227,1.3762989
mb-01716,train,1.845098,1.8550503,1.447158,1.4098197
mb-02487,train,1.2552725,1.358126,0.90309,0.97850734
mb-00042,train,1.1760913,1.1698365,0.69897,0.6898729
mb-08337,train,1.6127839,1.7649689,1.230449,1.4617064
mb-04097,train,2.2718415,2.3144193,1.9637878,1.9835567
mb-07514,train,2.365488,2.3761456,2.0128372,2.0829458
mb-10108,train,1.6020601,1.4784453,1.2787536,1.0251836
mb-05853,train,2.3820171,2.4341867,2.1105897,2.1235733
mb-04730,train,0.7781513,0.9445969,0.7781513,0.78817034
mb-09806,train,2.230449,2.1599126,1.763428,1.7390692
mb-07209,train,1.4149734,1.6159463,1.146128,1.3376936
mb-04161,train,1.94939,1.9095325,1.6812413,1.6617581
mb-01620,train,1.7853298,1.5919945,1.6434526,1.4443471
mb-07356,train,1.763428,1.7130833,1.5185139,1.4946028
mb-05846,train,2.1875207,2.2512228,1.7923917,1.9241797
mb-09921,train,1.7160033,1.7482021,1.3802112,1.4292074
mb-00228,train,1.908485,1.9723018,1.6334685,1.6196692
mb-03615,train,2.0211892,2.084665,1.8325089,1.8791007
mb-04828,train,1.6020601,1.4306668,1.0,0.90933686
mb-07223,train,1.7558749,1.7291937,1.3424227,1.277043
mb-07784,train,2.1238515,2.137046,1.8388491,1.922747
mb-02266,train,1.1139433,1.2423747,0.845098,0.9154095
mb-01548,train,0.30103,0.31222963,0.0,0.017714024
mb-10206,train,1.9637878,1.7747077,1.462398,1.407539
mb-05378,train,2.2455127,2.0904245,1.80618,1.6890024
mb-09479,train,1.6989701,1.5926934,1.5563025,1.4347397
mb-06310,train,2.209515,2.2066448,1.8633229,1.8129313
mb-00901,train,1.8864907,1.9499022,1.7403626,1.7208343
mb-02688,train,1.146128,1.3083122,0.69897,0.93183225
mb-03805,train,1.6127839,1.5524393,1.3424227,1.2961808
mb-07946,train,2.5327544,2.5211532,2.269513,2.3131857
mb-10327,train,1.9395193,2.009523,1.7323937,1.7796565
af-a17d98e1025f,train,1.000638,0.8664706,0.5932883,0.56586385
mb-08572,train,1.819544,1.797148,1.5440681,1.575451
mb-01858,train,1.1760912,1.1578481,0.845098,0.7994427
mb-05446,train,2.3344536,2.2831159,2.1038036,2.0150008
mb-09391,train,1.8129134,1.5239116,1.4913617,1.2664192
mb-00869,train,1.9190781,1.8387561,1.7558749,1.6187801
mb-02227,train,1.7403628,1.6726707,1.4149734,1.1833011
mb-05253,train,1.7853298,1.7517134,1.50515,1.4646617
mb-00736,train,2.049218,2.0334773,1.9637878,1.85977
mb-02164,train,2.1303337,2.0606296,1.9294189,1.8523405
mb-08886,train,1.5051501,1.5632948,1.230449,1.1777973
mb-09883,train,2.5599065,2.5668797,2.269513,2.2816186
mb-01770,train,1.748188,1.901803,1.3617278,1.5546117
af-4842dd1381fd,train,1.6851387,1.6394126,1.22084,1.1164728
af-0d57d1fc0619,train,1.6549251,1.7253661,1.1521109,1.080097
mb-01093,train,1.690196,1.7590622,1.5314789,1.1045128
mb-08640,train,1.5910647,1.5034556,1.20412,1.1895273
mb-02537,train,2.20412,2.2087173,1.8808136,1.8282205
mb-03792,train,2.0530784,2.0745912,1.8260748,1.7797713
af-af26684c8e02,train,1.0823581,1.0896957,0.76200825,0.8068319
mb-10422,train,1.6901962,1.6032467,1.3424227,1.3391525
mb-10077,train,1.4623979,1.4394047,1.0791812,1.0622616
mb-07178,train,2.0606978,1.9549408,1.7160033,1.5535158
mb-03203,train,1.8864907,1.8823627,1.7323937,1.7927439
mb-01551,train,1.5563024,1.5991153,1.4771212,1.4758795
mb-00246,train,1.5440681,1.5990841,1.39794,1.4353576
mb-06580,train,1.5440681,1.6282487,1.462398,1.3551023
mb-06286,train,1.9731278,1.9473572,1.50515,1.4569705
mb-02498,train,1.0,0.9470364,0.845098,0.7877563
mb-06298,train,1.7403628,1.7356259,1.2787536,1.2823845
mb-10087,train,2.1673174,2.1580741,1.90309,1.9606907
mb-04562,train,1.845098,1.8035709,1.6232493,1.5388926
mb-09699,train,2.133539,2.142394,1.9444827,1.9430277
mb-04180,train,1.0,1.2199874,0.7781513,0.9492782
mb-08037,train,2.209515,2.1776087,1.90309,1.8805027
mb-04155,train,2.049218,2.1175237,1.9190781,1.9474535
mb-06718,train,2.0569048,2.0198307,1.5440681,1.4775599
mb-07412,train,2.0170333,1.9087483,1.5563025,1.5851856
mb-08752,train,2.4377506,2.5155962,2.089905,2.2200685
mb-00967,train,2.1139433,2.0507092,1.6627579,1.6236312
mb-06008,train,1.845098,1.8601974,1.3424227,1.3936057
mb-09277,train,2.1760912,2.1172462,1.6434526,1.6602403
mb-10069,train,1.748188,1.6814238,1.7242758,1.4480661
af-6dc2e902a137,train,0.8522768,0.9280322,0.61143756,0.72183406
mb-06311,train,2.0128372,1.7293147,1.0791812,0.854325
mb-06715,train,2.1553361,2.133908,1.9444827,1.910552
mb-02339,train,1.2787536,1.2775683,1.0,1.0026654
mb-01255,train,1.6989701,1.7441771,1.2552725,1.2425671
mb-00605,train,2.143015,2.082635,1.8864907,1.7040895
mb-07458,train,2.252853,2.0438218,1.7403626,1.675057
af-d3f599fbb3b1,train,1.750773,1.6566308,1.1881914,1.1173216
mb-00326,train,1.6020601,1.5964186,1.3424227,1.4339613
af-6547651e7795,train,2.3309593,1.9568849,1.2475511,0.81197625
mb-09703,train,1.9590414,1.9850523,1.6532125,1.7232628
mb-08912,train,1.5797837,1.5415506,1.39794,1.4596459
mb-08994,train,2.149219,2.1542466,1.7323937,1.7529252
af-5651bdf75cf8,train,1.1223994,1.3537619,0.9064606,1.0739259
mb-10931,train,2.1583624,2.007018,1.7923917,1.6332009
mb-02971,train,2.4487062,2.227167,2.0128372,1.9088838
mb-04053,train,1.3222194,1.3083962,1.146128,1.1522081
mb-02696,train,2.1303337,2.136869,1.447158,1.5044307
af-0f80aff62bbe,train,1.1914287,1.1931903,0.9211124,0.92136794
mb-07699,train,2.269513,2.1787615,1.9956352,1.8230032
mb-08222,train,2.3053513,2.0102088,2.0170333,1.7374376
mb-03904,train,1.9444827,1.9749323,1.80618,1.8143494
mb-10369,train,1.6232493,1.7254025,1.50515,1.4914025
mb-09055,train,1.9590414,2.0781085,1.845098,1.8505526
mb-09248,train,2.120574,1.9764013,1.7403626,1.6679398
mb-08540,train,1.7075702,1.7103554,1.4313638,1.3538638
mb-04645,train,2.5646663,2.2299066,2.3138673,2.0407188
mb-08065,train,2.2121875,2.0743346,1.770852,1.7297678
mb-10921,train,1.3979399,1.3455355,1.0791812,1.069189
af-1af1c04034d0,train,1.5698946,1.5138437,1.1159399,1.1183653
mb-08068,train,2.1958995,2.2108212,1.690196,1.786694
mb-02781,train,2.060698,1.9456866,1.5440681,1.3735714
mb-03986,train,1.8864907,1.8376768,1.5314789,1.5048766
mb-02928,train,1.20412,1.3594892,0.90309,1.0342059
mb-03562,train,1.544068,1.5648055,1.5185139,1.4531056
mb-05932,train,2.0374265,1.9323509,1.69897,1.5215588
mb-01568,train,1.748188,1.7401686,1.5682018,1.45491
mb-00237,train,1.968483,1.9105812,1.5440681,1.5555134
mb-03885,train,2.045323,2.0163207,1.60206,1.571519
mb-00880,train,1.6532125,1.6265414,1.4913617,1.3994524
mb-04013,train,1.6720978,1.6392957,1.5314789,1.4730327
mb-06939,train,1.845098,1.7954366,1.5185139,1.4863163
mb-08336,train,2.1105897,2.0850592,1.7923917,1.7419853
mb-06460,train,1.50515,1.6291752,1.3222193,1.3814574
mb-04598,train,1.8129134,1.8128407,1.3617278,1.3165065
mb-00618,train,1.6627579,1.7002947,1.4913617,1.3942895
mb-04938,train,1.90309,1.9792714,1.3424227,1.478843
af-9de22e64d36d,train,1.4995881,1.41062,1.1840154,1.0594988
mb-00714,train,2.1931245,2.1861818,1.8750613,1.8563292
mb-05236,train,1.6901962,1.7223417,1.462398,1.4985528
mb-00626,train,1.724276,1.6169655,1.3424227,1.3132831
mb-06479,train,1.8388491,1.7866067,1.1139433,1.1614609
mb-10710,train,1.7781513,1.6481317,1.5682018,1.452663
mb-02019,train,1.7075701,1.7264508,1.1139433,1.2719175
mb-06179,train,2.2764618,2.2411838,1.60206,1.666009
af-f2f6cf006063,train,1.6558604,1.6580589,1.2089517,1.091801
mb-03936,train,2.2278867,2.228497,1.9637878,1.9076142
mb-03641,train,1.5185139,1.4671746,1.0413927,1.1328714
mb-07780,train,1.5314789,1.4875522,1.3222193,1.2306982
mb-10960,train,2.0170333,1.8390745,1.8325089,1.615024
mb-05012,train,2.1731863,2.16015,1.6232493,1.6986732
mb-03365,train,2.1271048,2.1371062,1.690196,1.7159759
af-7bcf1ab2d28f,train,2.0697532,2.11439,0.8236353,0.8775342
mb-03055,train,2.298853,2.4049485,2.0374265,2.0832734
mb-08642,train,1.462398,1.581967,1.2552725,1.3418027
mb-06550,train,1.9956353,1.940077,1.4313638,1.4190001
mb-07633,train,1.4771212,1.4751756,1.1139433,1.1108692
mb-07282,train,2.1553361,2.0990381,1.9395193,1.9204388
mb-00080,train,2.0043213,2.0306184,1.7242758,1.8322409
mb-00644,train,2.0827854,2.1258638,1.7781513,1.8111198
mb-00908,train,2.0827854,2.096882,1.6532125,1.6691757
mb-10186,train,1.9395193,1.9422745,1.6627579,1.5762224
mb-02018,train,2.39794,2.340805,2.0,2.047592
af-92cdec1b0786,train,1.6385452,1.4011344,1.252297,1.1500661
mb-01221,train,2.3283796,2.2992566,1.9395193,1.908901
mb-09393,train,2.3560257,2.261261,2.1238515,2.0632775
mb-06876,train,1.6532124,1.7158606,1.3222193,1.3658435
mb-01469,train,2.1139433,2.1400592,1.9637878,1.9539292
af-5ffe41ffabba,train,1.5211211,1.4221854,1.2937249,1.1208401
mb-05369,train,2.252853,2.2711546,1.9294189,1.9032047
mb-07990,train,1.9395193,2.078418,1.7993406,1.7701013
mb-03599,train,1.3424227,1.385811,1.1139433,1.1459563
mb-10063,train,2.1875207,2.2630458,1.7558749,1.8707892
mb-00168,train,1.531479,1.5277662,1.30103,1.2652016
mb-02726,train,1.9444828,1.9607155,1.4313638,1.4317124
mb-08581,train,1.6532125,1.7370996,1.30103,1.346718
mb-06743,train,1.39794,1.3244911,1.0,0.95556617
mb-01127,train,1.9190781,1.858741,1.5185139,1.5462601
mb-04604,train,2.232996,2.1543474,1.8920946,1.8904988
mb-03344,train,1.6434526,1.6299028,1.230449,1.2811512
mb-09591,train,1.6334685,1.7498591,1.4313638,1.5427376
mb-02379,train,1.7160034,1.6883714,1.462398,1.5180086
af-3649f800dc60,train,1.4890201,1.7565713,1.2074809,1.1736636
mb-01506,train,1.9590414,1.987437,1.6232493,1.638006
mb-03367,train,2.4955442,2.3939195,2.3242824,2.216753
mb-07900,train,2.2855573,2.309727,1.9956352,1.9941909
mb-00735,train,2.161368,2.113762,1.9637878,1.9521568
mb-03213,train,2.3222194,2.4133303,2.0681858,2.0926
mb-01026,train,0.90309,0.9146404,0.60206,0.59654516
mb-08303,train,2.378398,2.280624,1.9867717,1.9714513
mb-07782,train,1.9242793,1.9869542,1.6627579,1.740335
mb-09570,train,2.3117537,2.1126273,1.8325089,1.685292
mb-01329,train,1.0,0.8988162,0.60206,0.5960789
mb-01583,train,1.6627579,1.6774414,1.30103,1.2929883
mb-02234,train,2.0492182,1.9930243,1.4149734,1.4015354
mb-10581,train,1.462398,1.1695095,1.2552725,1.0376283
mb-08365,train,2.1238515,2.143231,2.1760912,2.1063313
mb-00065,train,2.283301,2.1588018,1.845098,1.7354829
mb-03433,train,1.80618,1.7904377,1.4149734,1.3825368
mb-08578,train,1.6127839,1.6570156,1.3424227,1.4363272
mb-02576,train,2.2787535,2.4056118,1.9867717,2.1474657
mb-03074,train,2.155336,2.1854327,1.2552725,1.3490914
mb-04532,train,2.0086002,1.9541346,1.7160033,1.609644
mb-04238,train,2.0413926,2.0488243,1.8864907,1.8877842
mb-02149,train,2.3324385,2.273099,1.770852,1.8404412
mb-09293,train,2.10721,2.2643433,1.5797836,1.7761898
mb-00184,train,0.7781513,0.7633647,0.47712126,0.4731915
mb-04579,train,1.8260748,1.845722,1.6532125,1.6363716
mb-03684,train,2.2624512,2.315426,2.0086002,2.005303
mb-04376,train,1.5910647,1.7005813,1.4149734,1.5027503
mb-10154,train,2.064458,2.0276372,1.50515,1.5051366
mb-03469,train,2.3483047,2.3288267,2.0606978,1.9700884
mb-03023,train,1.3979399,1.4697038,1.0791812,1.1187584
mb-10551,train,2.0413928,1.9586456,1.819544,1.7277948
af-e182ca9954d9,train,1.7625954,1.8514775,1.2948056,1.0942204
af-ecf1da14185d,train,1.6649051,1.4794543,1.2980623,1.1489508
mb-01871,train,2.1903317,2.1436183,1.7558749,1.6712224
af-03ae9fb0ad91,train,1.3386319,1.3224955,1.0738943,1.0700049
mb-07018,train,1.5797837,1.7097516,1.39794,1.3348958
mb-02020,train,2.1430147,2.0199046,1.7242758,1.7049552
mb-06231,train,1.9956352,2.0648675,1.4771212,1.6179651
mb-00033,train,1.1760913,1.3068359,0.90309,1.0071591
mb-03262,train,2.2576785,2.1327434,1.6334685,1.6523492
mb-08788,train,1.845098,1.9723521,1.6532125,1.6940774
mb-02112,train,2.164353,2.1367311,2.120574,1.9743422
mb-09797,train,1.9777236,1.9467165,1.4313638,1.4556756
mb-09461,train,2.2380462,2.217875,1.8573325,1.8110238
mb-07839,train,1.8920946,1.8999186,1.6127839,1.695184
mb-07460,train,2.2013972,2.1392756,1.9822712,1.9587796
mb-08910,train,2.2013972,2.2387836,2.0128372,2.0914567
mb-09346,train,2.20412,2.1922188,1.9294189,1.9337156
mb-02176,train,1.7993405,1.8243418,1.2552725,1.3142452
mb-01793,train,1.4149734,1.4862447,1.0,1.1250051
mb-07111,train,1.20412,1.136073,0.90309,0.8576208
mb-06211,train,1.8864907,1.8972433,1.7075702,1.728289
mb-04863,train,1.4471581,1.5452217,1.2552725,1.376128
mb-06862,train,2.120574,2.0199761,1.50515,1.4776808
mb-10086,train,2.2718415,2.3084798,2.064458,2.1340754
mb-03401,train,2.434569,2.3830435,2.1367207,2.0510576
mb-02942,train,2.1271048,2.0740132,1.770852,1.7751243
mb-09148,train,2.217484,2.2053595,1.7923917,1.825009
mb-10384,train,2.09691,2.0758348,1.4149734,1.4529351
mb-06593,train,2.0530784,2.0427852,1.819544,1.7725564
mb-09500,train,2.2624512,2.4049752,1.90309,2.1263485
mb-08943,train,1.8260748,1.624439,1.3424227,1.2093396
mb-10483,train,2.0606978,2.0224314,1.6812413,1.5953043
mb-01866,train,2.2253094,2.1718006,1.8692317,1.8348056
mb-08057,train,2.3820171,2.3613243,2.0413928,2.0190523
mb-04833,train,1.724276,1.7191256,1.30103,1.3827953
mb-04034,train,1.748188,1.7535003,1.3802112,1.3711394
mb-00238,train,1.8750613,1.7893869,1.6232493,1.5419937
mb-08730,train,1.2787536,1.381922,1.0,1.1234214
mb-10770,train,2.7596679,2.1268632,1.230449,0.9024323
mb-04476,train,1.8388491,1.8495932,1.6232493,1.574217
mb-01454,train,1.9493899,1.9354808,1.4771212,1.4322224
mb-04718,train,1.7853299,1.8173547,1.5440681,1.5690905
mb-08683,train,1.8388491,2.1317077,1.4913617,1.6017772
mb-09798,train,2.25042,2.166491,1.94939,1.812334
mb-07070,train,2.1139433,2.1118932,1.819544,1.9038124
mb-01282,train,0.47712126,0.3576523,0.0,-0.069609284
mb-05916,train,2.2988532,2.3351004,2.0170333,1.9810964
mb-05456,train,2.1702616,2.2327433,1.845098,1.9647349
mb-00730,train,1.845098,1.8367766,1.6232493,1.5540977
af-15306d8245b2,train,1.4357648,1.626904,1.1995715,1.2004602
mb-04374,train,1.6812413,1.7303591,1.4771212,1.5026687
mb-05274,train,1.724276,1.7587306,1.3424227,1.3575758
mb-05103,train,1.8808136,1.9573182,1.7075702,1.7489305
mb-02700,train,1.7923918,1.8096309,1.4313638,1.4451089
mb-00167,train,1.763428,1.7491689,1.4771212,1.463005
af-eceefbe0f5d0,train,1.4682646,1.3899515,1.2637142,1.1045984
mb-07615,train,2.3996737,2.3997955,2.1958997,2.074224
mb-01068,train,1.7558749,1.7499919,1.2552725,1.2704699
mb-06324,train,1.6627579,1.6729503,1.3617278,1.3514423
mb-03883,train,1.94939,1.9799228,1.6532125,1.7798395
mb-06942,train,2.1303337,2.053461,1.763428,1.667403
mb-05572,train,2.1367207,2.0773284,1.1760913,1.2951951
mb-06306,train,2.3598354,2.3766403,2.0043213,2.0428782
mb-10957,train,1.6532124,1.5552778,1.447158,1.3492324
mb-08812,train,2.0827854,2.0114899,1.60206,1.6326072
mb-01170,train,1.3617278,1.4017863,0.47712126,0.5641513
mb-02221,train,0.30103,0.20072153,0.0,0.08198249
mb-02670,train,0.8450981,0.95769256,0.7781513,0.79845613
mb-07049,train,1.7558749,1.7633538,1.230449,1.2490321
mb-08709,train,2.2944663,2.2333744,1.8573325,1.8222922
mb-07998,train,2.2833014,2.2019558,1.7323937,1.6683624
mb-10560,train,2.2121875,2.108777,1.8864907,1.7594957
mb-04623,train,1.8325089,1.9377347,1.2787536,1.3392996
mb-05538,train,1.8061799,1.7924694,1.6720978,1.5948466
mb-10706,train,2.0086002,2.0141592,1.5797836,1.5699253
mb-04505,train,1.748188,1.8090618,1.4149734,1.4759197
mb-04776,train,0.0,-0.15610567,0.0,-0.092148185
mb-01175,train,1.80618,1.7704542,1.3617278,1.2725133
mb-01208,train,1.9542426,1.8916286,1.5563025,1.5141383
mb-01160,train,2.2922559,2.3652403,2.0863597,2.1105425
mb-01786,train,1.8750613,1.9015425,1.69897,1.7003636
mb-04734,train,1.8512583,1.8083522,1.5797836,1.5506725
mb-00429,train,2.3096302,2.2308621,1.7403626,1.648889
mb-04503,train,2.0,1.9349844,1.7075702,1.66217
mb-08769,train,1.6232493,1.6077266,1.3424227,1.3262917
mb-10490,train,2.1846914,2.19009,1.690196,1.7740225
mb-06215,train,1.763428,1.752131,1.39794,1.380193
mb-06820,train,1.6812412,1.6755493,1.3222193,1.3050103
af-d9abe2a670e4,train,0.98201966,1.0182596,0.7004121,0.70828223
mb-01684,train,2.232996,2.1917114,1.9138138,1.9747367
mb-10856,train,2.0374265,2.0311422,1.7075702,1.7796782
mb-10598,train,2.2944663,2.208674,1.8808136,1.827164
mb-03851,train,0.0,1.5951407,1.3222193,1.2848204
mb-09735,train,1.5314789,1.5678139,1.0,1.1707438
af-125e84c1acf6,train,1.5194039,1.5454626,1.2204454,1.2326586
mb-10456,train,1.9731278,1.8925,1.80618,1.7560495
mb-08030,train,1.9956353,2.0154736,1.7558749,1.6695751
mb-03681,train,1.8750613,1.8405992,1.60206,1.5300317
mb-08518,train,2.178977,2.1679263,1.9344984,1.8449973
mb-02895,train,1.7558749,1.8220243,1.4771212,1.5351274
mb-05873,train,1.5440681,1.4925622,1.30103,1.156646
mb-08018,train,1.8864908,1.8541763,1.230449,1.177222
mb-10003,train,2.0128372,1.955675,1.5563025,1.5155811
af-e059c8bcb764,train,1.7009442,1.6184834,0.9374963,0.98474145
mb-05186,train,2.217484,2.2190156,1.690196,1.8054651
af-d03b8a2bb448,train,1.5503323,1.5633965,1.0286851,1.1239933
mb-01600,train,1.8573325,1.8912975,1.6232493,1.6662687
mb-04296,train,1.8633229,1.9110414,1.69897,1.7269031
mb-05608,train,2.252853,2.242953,1.4771212,1.5588108
mb-06165,train,1.763428,1.7760156,1.2787536,1.3135184
mb-10804,train,1.7075702,1.6585131,1.39794,1.3747609
mb-02533,train,2.3283796,2.2359474,1.447158,1.4796507
mb-07905,train,1.80618,1.744469,1.6812413,1.5999793
mb-10872,train,1.3222194,1.2839482,0.90309,0.9395415
af-b8403806e5d2,train,1.4744595,1.428936,1.0186214,1.0339415
mb-05630,train,1.5314789,1.564903,1.3222193,1.3194281
mb-00779,train,2.1583624,2.0336885,1.8808136,1.8205287
mb-07076,train,2.2227166,2.1235642,1.968483,1.9338146
mb-04087,train,1.90309,1.9026207,1.6334685,1.5730599
mb-07681,train,2.143015,2.0285323,1.8633229,1.7688069
mb-09335,train,2.2121875,2.1244006,1.9190781,1.7940384
mb-06203,train,1.7923917,1.8758497,1.3222193,1.3649489
mb-08890,train,2.0,1.848993,1.5314789,1.4477754
mb-06106,train,2.3838153,2.2983727,1.9190781,1.9307758
mb-10728,train,1.8195438,1.9504251,1.6434526,1.6990362
mb-08818,train,2.1172712,2.0401292,1.8573325,1.7846646
mb-00062,train,1.8512583,1.6926783,1.4771212,1.4084225
mb-03370,train,2.1430147,2.0966604,1.7403626,1.6044836
mb-00516,train,1.9190781,1.9405981,1.2787536,1.3235035
mb-00216,train,2.3747482,2.2964344,2.0293837,1.9180233
mb-05613,train,1.6127839,1.623091,1.30103,1.2783809
mb-09265,train,1.7242758,1.7174488,1.3802112,1.4385169
mb-01003,train,2.4014006,2.4154608,2.1038036,2.1281931
mb-10302,train,0.845098,1.175939,1.0791812,1.0451458
af-68c7755c6a18,train,1.5228066,1.318769,1.2344743,1.0820292
mb-04711,train,1.6232493,1.5629853,1.5185139,1.418806
mb-10241,train,2.217484,2.1993992,1.845098,1.8855746
mb-05911,train,1.9542426,1.8116809,1.5682018,1.4550885
mb-05627,train,2.2552726,2.2578394,1.8512584,1.8858383
mb-00373,train,1.50515,1.4737623,1.447158,1.3580098
mb-03909,train,1.8864908,1.8356376,1.5682018,1.5439526
mb-05696,train,1.8388491,1.8772485,1.5314789,1.4943216
mb-02636,train,2.2810335,2.2356212,1.908485,1.8710109
mb-04123,train,2.4065404,2.4174585,2.143015,2.150496
mb-03254,train,1.8512583,1.7869563,1.60206,1.5970559
mb-10752,train,2.0170333,1.9896343,1.8808136,1.8215636
mb-07284,train,2.2278867,2.1306741,1.5682018,1.5975108
af-df470b37da36,train,1.7923615,1.6007557,1.2534349,1.1005864
mb-00642,train,1.20412,1.2072632,0.90309,0.90823275
af-279962d5dd49,train,1.7937903,1.4949818,1.1826143,1.0366721
mb-01223,train,1.8692317,1.9028618,1.690196,1.651769
mb-02706,train,2.2671719,2.2582674,2.0,1.9753813
mb-00704,train,2.0253057,1.9676971,1.8325089,1.7753596
mb-00912,train,1.8573325,1.8780104,1.7242758,1.7213076
mb-01764,train,2.0606978,2.0382786,1.8692317,1.8050085
af-6f8e31f2f3b8,train,1.7196072,1.5462031,1.2265587,1.1167758
af-190e395abaa7,train,2.186298,1.9199474,0.74391955,0.7874787
mb-10110,train,1.69897,1.5514622,1.0791812,0.987333
mb-05422,train,1.1760913,1.1288524,0.7781513,0.7389588
mb-01698,train,1.7075702,1.728149,1.230449,1.2545284
mb-08009,train,1.146128,1.1415973,0.7781513,0.75666976
mb-01180,train,2.3944516,2.386152,2.064458,2.0556855
mb-00813,train,2.30103,2.1715503,1.8920946,1.8843763
mb-10277,train,1.2787536,1.5068375,1.1760913,1.2646072
mb-01805,train,1.7993406,1.859934,1.3424227,1.4193499
af-74d88bfab632,train,2.101252,1.8313314,1.1034102,1.1028059
mb-03018,train,1.2787536,1.3569366,1.0,1.0520899
mb-08839,train,1.8260747,1.7457398,1.447158,1.4276476
mb-03076,train,2.1818435,2.132458,1.8633229,1.7745775
mb-00756,train,2.3443923,2.3843052,1.9590414,2.0537715
mb-00873,train,1.5051501,1.5438405,1.4313638,1.4098237
mb-07552,train,1.9956352,2.0255437,1.50515,1.5305661
mb-03050,train,1.6812413,1.755054,1.1760913,1.2611606
mb-10567,train,2.25042,2.2682307,1.8808136,1.9065138
mb-07829,train,2.4409091,2.4218786,2.0170333,2.1056714
mb-10238,train,1.3424226,1.3974366,1.0791812,1.0766417
mb-08736,train,2.220108,2.1332574,1.8129133,1.7380986
mb-08547,train,2.3384564,2.2999742,2.0374265,1.9972495
mb-06297,train,2.0128372,2.0070286,1.5797836,1.5586995
af-20b64628cf74,train,1.4176561,1.7636067,1.1647573,1.101666
mb-03980,train,1.230449,1.1371284,0.7781513,0.75297344
mb-08328,train,1.3802112,1.3100305,1.1139433,1.0420372
mb-00071,train,1.3424227,1.3052623,1.146128,1.1552858
mb-00494,train,1.7403628,1.7529603,1.4313638,1.4524666
mb-10829,train,1.7993406,1.6780112,1.6812413,1.5298715
mb-04551,train,1.8260747,1.8403536,1.7160033,1.7408724
mb-01489,train,2.2068257,2.1001074,1.6434526,1.576789
mb-05861,train,2.3443923,2.3408782,2.0374265,1.9910598
mb-10718,train,1.6127839,1.615817,1.39794,1.3398736
mb-04660,train,0.69897,0.81739694,0.30103,0.42077506
mb-04972,train,2.2405493,2.2552273,2.1139433,2.1081161
mb-09619,train,2.217484,2.0044723,1.9190781,1.7069435
mb-10916,train,2.6394863,2.265775,2.7176704,2.2674744
mb-04024,train,1.9138138,1.9895785,1.7242758,1.7177751
mb-01116,train,1.5563025,1.624111,1.1139433,1.2251091
mb-10901,train,2.2355285,2.1964216,1.90309,1.8328485
mb-08163,train,1.3222193,1.3054137,1.0791812,1.0258366
mb-09810,train,2.0492182,1.9922377,1.7781513,1.681075
mb-10366,train,2.2148438,2.178238,2.0863597,1.9712276
mb-05513,train,1.6901962,1.6912189,1.5563025,1.5199803
mb-09737,train,1.4471581,1.5642697,1.146128,1.321673
mb-09962,train,2.2405493,2.1460135,1.7558749,1.7259
mb-09250,train,1.8976271,1.8869523,1.0,1.1486101
mb-03815,train,1.7403628,1.7045043,1.5563025,1.6134763
mb-00916,train,1.9444827,1.9466165,1.6232493,1.6370069
mb-05849,train,2.1038036,2.0227685,1.5910646,1.5563021
mb-06586,train,1.8864907,1.8934984,1.5314789,1.5304098
mb-08741,train,1.5314789,1.593512,1.50515,1.4217417
mb-04017,train,2.0569048,2.0140843,1.2552725,1.3212948
mb-09873,train,2.2405493,2.1614766,1.8692317,1.7981794
mb-09901,train,1.6901962,1.6826489,1.20412,1.2513642
af-4038910d534b,train,1.5607063,1.4639791,1.231839,1.2224958
mb-00747,train,1.763428,1.8887323,1.6434526,1.7058415
mb-02605,train,1.30103,1.3205445,0.9542425,1.0095185
mb-09990,train,1.531479,1.5300605,1.20412,1.1131994
mb-01402,train,1.7403626,1.7788445,1.447158,1.450069
mb-09655,train,2.029384,1.9709108,1.4313638,1.599668
mb-03215,train,2.4031205,2.4150286,2.164353,2.1000543
mb-07889,train,1.5314789,1.4350325,1.2552725,1.1998525
mb-06086,train,2.130334,2.072544,1.4149734,1.4182603
mb-02458,train,1.968483,2.008813,1.7853298,1.8371501
mb-09855,train,2.0827854,2.015617,1.4149734,1.3576179
mb-01328,train,1.0,0.9850501,0.60206,0.6008226
mb-00493,train,1.90309,1.8957947,1.7323937,1.6872314
mb-01832,train,2.3996737,2.3533888,2.10721,2.0120068
mb-10774,train,0.30103,0.4597002,0.30103,0.398355
mb-09696,train,2.3010302,2.2713032,1.7075702,1.8739824
mb-07969,train,1.8573325,1.845233,1.60206,1.5268836
af-a38d3842bc09,train,1.1888525,1.2783325,0.82087964,0.9901662
mb-04416,train,1.8573326,1.8097832,1.5563025,1.5003074
mb-06632,train,0.30103,0.48641744,0.0,0.13482583
mb-09742,train,1.20412,1.3064854,0.9542425,1.033726
mb-05910,train,1.7853299,1.8709782,1.6334685,1.6532757
mb-05764,train,2.4297523,2.4064875,2.0043213,2.0880454
mb-03000,train,2.1673172,2.0275893,2.045323,1.8442267
mb-10076,train,2.0211892,2.035386,1.7075702,1.7986066
mb-01752,train,2.1583624,2.1437392,1.9138138,1.9330517
mb-05286,train,1.8750613,1.8212851,1.7242758,1.6887885
mb-07977,train,1.7853298,1.7186539,1.1760913,1.138573
mb-03416,train,2.3096302,2.266103,2.064458,2.0448952
af-167fbfd94006,train,1.7765181,1.7351711,1.2881306,1.1941043
mb-07498,train,1.6334685,1.6060262,1.462398,1.3898687
mb-01009,train,1.8260747,1.9083104,1.447158,1.4401346
af-0d41c566b96e,train,1.7812992,1.6189415,1.2933581,1.1200571
mb-00279,train,1.30103,1.3155231,0.9542425,0.9981282
mb-06482,train,1.462398,1.4353163,1.2787536,1.2848538
mb-05281,train,1.9956353,1.8469639,1.146128,1.254322
mb-04157,train,2.178977,2.0873084,1.7923917,1.7438109
mb-10951,train,1.6989701,1.6413493,1.1139433,1.1575377
mb-02481,train,1.6532125,1.6235074,1.4313638,1.4480965
mb-02140,train,1.6812412,1.7592885,1.5314789,1.5243256
mb-00227,train,0.60206,0.49839452,0.47712126,0.4001168
mb-01644,train,2.4814425,2.5910041,2.1818435,2.3743525
mb-07549,train,2.1643527,2.013197,2.1303337,1.9516605
mb-06319,train,1.6334685,1.6208727,1.39794,1.3633351
mb-00766,train,2.0899053,2.0761993,1.6532125,1.6472864
mb-06033,train,2.2405493,2.1964834,1.9344984,1.8688848
mb-03013,train,2.0606978,1.9928057,1.748188,1.6880316
mb-05231,train,1.763428,1.7596042,1.447158,1.4136713
mb-09053,train,2.089905,2.033111,1.690196,1.7146775
mb-06557,train,1.8260748,1.7757943,1.20412,1.2386769
mb-05695,train,2.161368,2.0960045,1.4771212,1.4555656
mb-01552,train,2.1875207,2.1820984,1.8920946,1.9063895
mb-09427,train,2.3502479,2.3728073,2.1238515,2.1277664
mb-06576,train,2.1398792,2.0991287,1.819544,1.8153437
mb-07263,train,2.3242824,2.2074432,1.9822712,1.8731124
mb-00220,train,1.8750613,1.8632163,1.7075702,1.6756734
mb-03680,train,2.2787535,2.300633,1.9867717,2.0434513
mb-04962,train,1.6989701,1.795512,1.146128,1.221183
mb-04274,train,2.220108,2.2755632,1.8750613,1.9261715
mb-04891,train,2.0211892,2.0245128,1.7403626,1.7346798
mb-04291,train,1.8808136,1.8846412,1.7323937,1.6679257
mb-09508,train,2.09691,2.041215,1.5185139,1.4779065
mb-06247,train,2.3344536,2.3880873,2.0211892,2.0694492
mb-06537,train,2.3364599,2.2406917,1.94939,1.8907417
mb-09255,train,1.9590414,1.992004,1.5314789,1.643375
mb-07234,train,2.0043213,2.0156376,1.6232493,1.6411043
mb-04610,train,1.9084849,1.9284322,1.5314789,1.5524125
mb-05749,train,2.3521824,2.3002706,2.0863597,1.9905791
mb-07276,train,2.0681858,1.9873629,1.9637878,1.9254413
mb-04444,train,2.0606978,1.9017328,1.8325089,1.7272311
mb-04153,train,2.139879,2.0871444,1.7923917,1.7876486
mb-09283,train,1.9822712,1.9851868,1.6720978,1.7390893
mb-06884,train,1.60206,1.5754391,1.5797836,1.4624476
mb-00378,train,2.09691,2.0884821,1.8750613,1.8517464
mb-10788,train,2.2552724,2.297545,1.8388491,1.9810474
af-a5e69f3c807b,train,1.3892654,1.4127296,1.0290793,1.0791299
af-814ca132a793,train,1.4472449,1.6537873,0.93207175,1.0755358
mb-01482,train,1.9637878,1.9080279,1.770852,1.6599954
mb-02912,train,1.8195438,1.7219573,1.447158,1.4153999
mb-10624,train,2.0,1.7612362,1.7781513,1.4959254
af-9bd9f59d06ba,train,1.7956868,1.9026968,1.2881173,1.2548809
mb-08198,train,1.9912261,1.9763674,1.2552725,1.2515143
mb-00385,train,0.7781513,0.9653723,0.69897,0.83589756
mb-10395,train,2.1038036,2.0727634,1.9590414,1.8159891
mb-09590,train,2.1583626,2.1219192,1.94939,1.8656836
mb-06702,train,1.7558749,1.7796954,1.0791812,1.0859039
mb-08548,train,2.1105897,2.0748124,1.9395193,1.8791925
mb-00627,train,1.0413927,1.0185444,0.60206,0.6405554
mb-01322,train,1.9344984,1.915353,1.5910646,1.6686362
mb-00535,train,1.90309,1.9427032,1.8388491,1.7815922
af-7a3214622338,train,1.6099496,1.8183528,1.2378277,1.1627898
mb-07566,train,1.7853298,2.0622728,1.4771212,1.8119111
mb-03379,train,2.3117537,2.2414815,1.8573325,1.8352075
mb-08565,train,1.3222194,1.1880075,1.146128,1.0570263
mb-01147,train,0.47712126,0.45655674,0.30103,0.3027593
mb-05162,train,1.8325089,1.7944946,1.4149734,1.3748888
mb-02124,train,2.2600713,2.26456,1.8808136,1.8681958
af-4b9c382e991c,train,1.781203,1.644031,1.2344261,1.1238563
mb-04047,train,1.8573325,1.930536,1.50515,1.6122835
mb-10137,train,2.206826,2.1680577,2.0086002,1.9685633
mb-07810,train,1.8976271,1.8592949,1.5314789,1.4317555
mb-06885,train,2.0043213,2.097446,1.7853298,1.778819
af-2acdf816a1ae,train,0.9542425,1.0220639,0.70597315,0.7144827
mb-05520,train,1.146128,1.1990694,1.146128,1.0625259
mb-02697,train,0.69897,0.6397138,0.30103,0.27729404
mb-06666,train,1.2787536,1.4094926,1.0413927,1.0912919
mb-09101,train,2.143015,1.9937855,1.7075702,1.6011882
mb-08950,train,1.8512583,1.8964114,1.3802112,1.4333158
mb-03742,train,1.8920946,1.8876143,1.3802112,1.4405847
mb-07262,train,1.80618,1.7890935,1.39794,1.3541762
mb-10521,train,2.2253094,2.2335029,2.0374265,2.0306025
mb-05121,train,1.7558749,1.7328073,1.2787536,1.314816
mb-03202,train,2.1105897,2.109425,1.4913617,1.5208573
mb-04115,train,2.0413926,2.0577157,1.7403626,1.7754041
mb-01445,train,1.863323,1.9183565,1.3424227,1.346608
mb-04880,train,1.9590414,1.867512,1.5797836,1.5110761
af-67844b6e524e,train,1.3112218,1.3323221,1.0036415,1.0489459
mb-09025,train,1.8573325,1.8522732,1.39794,1.3729713
mb-00291,train,2.143015,2.0895624,1.8325089,1.8083365
mb-08579,train,2.1522884,2.1000385,1.819544,1.7205175
mb-02412,train,1.20412,1.2879282,0.9542425,1.040098
mb-09835,train,2.1702619,2.1149077,1.20412,1.2582729
mb-10897,train,2.4712918,2.3556795,2.1139433,2.1400971
mb-10074,train,2.1789768,2.195344,2.146128,2.148814
mb-07301,train,1.6812413,1.6674732,1.0,0.98979163
mb-00852,train,2.2253094,2.1153016,1.7853298,1.6784463
mb-00324,train,2.0043213,1.9751922,1.6232493,1.5634456
af-eb972e8b61cf,train,1.390124,1.1653132,1.152429,0.83190256
mb-02210,train,2.0413926,2.0911942,1.9731278,1.9071654
mb-09598,train,2.3579347,2.2208426,1.9956352,1.8726596
mb-01083,train,2.1818435,2.1612015,2.064458,2.0514705
mb-02253,train,1.8260747,1.790628,1.5797836,1.4813217
mb-09772,train,2.0043213,2.0142188,1.5314789,1.5484309
mb-09649,train,1.6720979,1.6592534,1.462398,1.4765266
mb-09567,train,2.1003704,2.0803058,1.763428,1.7944119
mb-04250,train,1.968483,1.9606832,1.748188,1.7119366
mb-07438,train,1.7558749,1.7270013,1.4913617,1.4900609
mb-07074,train,2.25042,2.2137287,1.9242793,1.9258376
mb-07945,train,1.30103,1.4558848,0.9542425,1.0530095
mb-09214,train,1.39794,1.7038493,0.9542425,1.2528975
mb-10052,train,2.1367207,2.143639,1.845098,1.7957677
mb-06032,train,1.770852,1.8208567,0.0,-0.046537638
mb-08124,train,1.8450981,1.6228447,1.6127839,1.4436169
mb-06462,train,1.8692317,1.6938417,1.7160033,1.4716513
mb-02122,train,2.264818,2.2227068,1.9395193,1.8725712
mb-08873,train,1.5440681,1.5649972,1.3617278,1.3903472
af-a92b58c15da8,train,1.4428355,1.1905243,1.149807,0.9115918
mb-02304,train,1.0,1.0359223,0.47712126,0.5081152
mb-03647,train,2.0,1.9197634,1.2552725,1.2188233
af-95ecf6503575,train,0.7533279,0.9288553,0.8286599,0.808444
mb-06508,train,1.69897,1.6758981,1.5314789,1.5123084
mb-05903,train,2.340444,2.3470373,2.0293837,2.0538044
mb-02138,train,1.763428,1.7978591,1.39794,1.4421186
mb-05957,train,1.69897,1.6893008,1.5185139,1.4568782
mb-00598,train,1.20412,1.1955082,0.9542425,0.9214476
mb-03010,train,1.0,1.3898795,1.20412,1.1959203
mb-02820,train,1.8388491,1.8279679,1.3802112,1.3610204
mb-00501,train,1.1139433,1.2973982,0.9542425,1.1191591
af-11465652ff31,train,1.8781757,1.7115726,1.2322284,1.1945724
mb-01894,train,1.7853298,1.8382242,1.3617278,1.4191381
mb-07246,train,1.5440681,1.5624119,1.1139433,1.1630769
mb-00100,train,1.4771212,1.5076646,0.47712126,0.48296762
mb-04813,train,1.0791812,1.0598615,0.845098,0.76388276
mb-04924,train,1.6334684,1.7012323,1.0791812,1.0685799
mb-03803,train,1.9395192,2.0166879,1.763428,1.8050253
mb-07113,train,1.2787536,1.293489,0.47712126,0.55560553
mb-04471,train,2.1846914,2.144782,1.968483,1.9493828
mb-07439,train,1.146128,1.2729228,0.69897,0.8845971
mb-03250,train,2.0,2.0089085,1.5910646,1.5786524
af-d532e7962de6,train,1.0722462,1.2566777,1.010372,1.150248
mb-06756,train,1.3617278,1.3842229,1.146128,1.1489313
mb-10709,train,2.1003706,2.0730262,1.6127839,1.627352
mb-06641,train,2.1522884,2.1362169,1.9637878,1.9841692
mb-09829,train,1.9138138,2.0342426,1.7160033,1.7236614
mb-04489,train,1.8920946,1.97057,1.6127839,1.7726986
mb-00811,train,2.09691,2.1374671,1.8260748,1.8231341
mb-08692,train,1.9190781,1.9090737,1.4313638,1.3891482
af-e680940d09ac,train,1.896924,1.7551519,1.2432737,1.1747012
mb-03309,train,2.3944516,2.3878155,2.1271048,2.0594144
mb-06505,train,1.8750613,1.9012699,1.50515,1.5886834
mb-05944,train,1.8388491,1.9207222,1.1760913,1.3208674
mb-04145,train,1.230449,1.2256988,1.0,1.0557967
mb-02115,train,2.0413928,1.9903468,1.7781513,1.7483308
mb-09844,train,2.3443923,2.3287842,2.0043213,1.9877383
mb-01479,train,1.5797836,1.9225225,1.3802112,1.6446271
mb-02913,train,1.9867717,1.8766605,1.60206,1.5718601
af-fdbdd132b64b,train,1.5652171,1.5764041,1.1012142,1.1010954
mb-01074,train,1.8129133,1.9371645,1.7160033,1.6069236
mb-03668,train,1.146128,1.6292374,1.3424227,1.4311056
mb-07626,train,1.7708521,1.8531948,1.6627579,1.4838657
mb-00608,train,0.90309,1.0444443,0.60206,0.63006175
mb-07118,train,2.3364596,2.2393155,1.7075702,1.7655603
mb-02277,train,1.8325089,1.7188239,1.5314789,1.3944814
mb-08372,train,1.9912261,2.023322,1.845098,1.7572681
mb-05762,train,2.161368,2.178968,1.7558749,1.7574278
mb-10873,train,1.7075701,1.6101655,1.447158,1.4204043
mb-00940,train,1.9493899,1.9381195,1.5314789,1.5485559
mb-10497,train,1.5314789,1.5493793,0.90309,1.0036949
mb-03221,train,1.8920946,1.9211652,1.3802112,1.4374809
mb-01726,train,2.1003706,2.0740206,1.6532125,1.6282935
mb-02459,train,2.0,1.8870399,1.7403626,1.58703
af-8a1c8954bd7a,train,1.4001977,1.3390377,1.2026981,1.0596646
mb-05659,train,1.544068,1.6895016,1.3222193,1.4407196
af-8fb97d56ef98,train,1.0243953,1.0394096,0.67869955,0.74594486
mb-04067,train,1.7993405,1.8555951,1.4771212,1.5448803
mb-06800,train,1.9590414,1.9736539,1.3617278,1.383437
mb-03570,train,1.9084849,1.9149842,1.5314789,1.5591289
af-aba7487ed0a2,train,1.3468261,1.5038953,1.1752827,1.1034136
mb-01352,train,2.3560257,2.340194,2.045323,2.0889897
mb-07017,train,0.845098,1.0773774,0.69897,0.80446494
mb-06831,train,1.748188,1.7826171,1.2552725,1.286353
mb-05970,train,2.178977,2.19007,1.7923917,1.7868791
mb-10528,train,1.3222193,1.3232702,1.1139433,1.1254399
mb-02407,train,2.2479732,2.17382,1.8573325,1.8138685
mb-02673,train,2.1139433,2.154446,1.7558749,1.8328643
mb-09981,train,1.518514,1.5228876,1.5440681,1.519883
mb-08543,train,1.50515,1.5173419,1.3222193,1.304677
mb-05580,train,2.4132998,2.3334887,2.1105897,1.9777901
mb-08982,train,1.4913617,1.4102366,1.2787536,1.1587664
mb-02577,train,1.9242792,2.0377386,1.7160033,1.7673198
mb-09295,train,1.8920946,1.9194608,1.6232493,1.530628
mb-08364,train,1.20412,1.0061026,0.9542425,0.7970477
mb-10713,train,1.5185139,1.5614749,1.2552725,1.30618
mb-08403,train,2.1238515,1.6027341,1.7323937,1.4849257
mb-00777,train,1.9956353,2.0026453,1.4313638,1.3668551
af-516cbb6057d9,train,1.4430892,1.7732122,1.1186252,1.0789909
mb-01547,train,1.90309,1.9244211,1.4313638,1.4388596
mb-00567,train,1.3424227,1.2856479,1.0413927,0.9708972
mb-06470,train,2.1702616,2.1810694,1.8633229,1.7996888
mb-05228,train,1.8512583,1.884033,1.4771212,1.6480834
mb-05290,train,2.2329962,2.2080712,2.120574,2.045515
mb-08358,train,2.2227166,2.1892612,1.908485,1.8450446
mb-07639,train,1.8129134,1.8055911,1.462398,1.4165316
mb-05581,train,1.7993405,1.88257,1.50515,1.5833505
mb-08099,train,1.968483,1.9908627,1.6812413,1.7424469
mb-06618,train,2.1271048,2.068485,1.763428,1.7420219
mb-09014,train,2.2355285,2.1333296,1.90309,1.820001
mb-06956,train,1.7708521,1.7022407,1.39794,1.3847331
mb-03879,train,1.819544,1.8136477,1.50515,1.4880136
mb-07680,train,1.1760913,1.211322,0.9542425,1.0656924
mb-00208,train,1.4913617,1.522723,1.3424227,1.2867322
mb-07015,train,1.6812413,1.5231475,1.2787536,1.2059659
mb-00349,train,1.6127839,1.6391113,1.4313638,1.4266876
mb-05464,train,2.0569048,1.9712639,1.69897,1.6499306
mb-02534,train,2.2253094,2.063254,1.9138138,1.8332193
mb-08267,train,2.25042,2.1910825,1.6627579,1.639229
mb-09199,train,2.1903317,2.0640593,1.447158,1.3794956
mb-06664,train,2.3283796,2.220608,2.2718415,2.1351871
mb-06845,train,1.4771212,1.4613893,1.3222193,1.3422556
mb-09843,train,2.075547,2.084134,1.7242758,1.7101561
mb-08926,train,2.409933,2.4176025,2.0086002,2.1159735
mb-04084,train,1.5682018,1.5573275,1.3617278,1.2897307
mb-05715,train,2.1238515,2.008288,1.9542425,1.8176199
mb-07840,train,2.029384,2.0005708,1.8325089,1.807753
mb-05059,train,2.2648177,2.2340772,1.7323937,1.7637298
mb-08678,train,1.7558749,1.7892373,1.230449,1.229393
mb-03957,train,2.2648177,2.1450682,2.0253057,1.8047675
mb-04019,train,1.8692317,1.8192449,1.5314789,1.5360085
mb-06336,train,1.763428,1.6904566,1.3424227,1.3093785
mb-02559,train,1.30103,1.424453,0.7781513,0.9638331
mb-01582,train,2.075547,2.070841,1.748188,1.7047502
af-7e573b2c8475,train,1.0803847,0.9444296,0.98996615,0.73569405
mb-00174,train,1.7853298,1.8081584,1.4313638,1.4880718
mb-10145,train,2.2355285,2.189347,1.6434526,1.732643
mb-00332,train,1.968483,1.8870454,1.5440681,1.5344386
mb-03156,train,2.518514,2.4148972,2.1818435,2.146255
mb-02094,train,1.9242792,2.0047538,1.763428,1.7791462
mb-03091,train,2.0492182,2.0039897,1.7993406,1.7287827
mb-02260,train,1.1139433,1.1489438,0.69897,0.79348433
mb-09595,train,1.5440681,1.5141255,1.0,1.0760894
mb-03601,train,2.164353,2.1461098,1.8573325,1.8227895
mb-06859,train,1.2041199,1.2042265,1.0791812,1.0640671
mb-04427,train,1.6020601,1.2413867,1.3424227,1.1781616
mb-08315,train,2.1818438,2.1373372,1.6627579,1.7334002
mb-04554,train,1.8129134,1.7808421,1.3802112,1.3989724
mb-03260,train,2.326336,2.3440404,1.9590414,1.9939103
mb-06798,train,2.269513,2.24542,1.819544,1.8501542
mb-05719,train,1.60206,1.549667,1.3802112,1.3823489
mb-05268,train,2.0934217,2.143212,1.748188,1.8184634
mb-04384,train,2.346353,2.3524997,2.0413928,2.0705776
mb-01195,train,2.178977,2.1834128,1.7242758,1.7926176
mb-09871,train,1.7853298,1.8766588,1.39794,1.2573001
mb-02457,train,1.6532125,1.5728104,1.39794,1.3410711
mb-09242,train,1.9190781,1.8798783,1.3222193,1.3334018
mb-10220,train,2.2355285,2.2314544,2.1367207,2.1039486
af-880d42da8606,train,1.8019693,1.5887359,1.2781475,1.0895709
mb-01052,train,2.4593925,2.1517658,1.9444827,1.8095654
mb-02890,train,2.2479734,2.210679,1.9242793,1.9230827
af-bb79767f7ff9,train,1.8287315,1.705998,1.299747,1.0721874
mb-08355,train,2.365488,2.332779,1.9912261,1.9965543
af-6fb02c3d8b03,train,1.8346744,1.7297069,1.229436,1.1303396
mb-08233,train,1.9777236,1.6749073,1.6720978,1.4600254
mb-00261,train,2.0170333,1.8961911,0.9542425,1.0397756
mb-05296,train,1.3010299,1.3390886,1.0413927,0.9923051
mb-03355,train,2.3996737,2.1065066,1.690196,1.4905612
mb-03244,train,2.1673174,2.0500293,1.8573325,1.7996699
mb-06575,train,1.9590414,1.9758883,1.6232493,1.7100288
mb-06866,train,1.7558749,1.7742811,1.3617278,1.369365
mb-09876,train,1.9444826,1.9680631,1.5797836,1.6926199
mb-10434,train,1.7242758,1.7762856,1.50515,1.5149015
mb-08582,train,1.6232493,1.5966882,1.3222193,1.322335
mb-03635,train,1.9637878,2.0315862,1.50515,1.6268196
mb-07388,train,1.9731278,1.9676933,1.5185139,1.5368918
mb-06447,train,1.5314789,1.6420002,1.3222193,1.3792541
mb-02550,train,2.1238515,2.0825098,2.139879,2.0586538
mb-05235,train,2.1271048,2.10622,1.7923917,1.743781
mb-06571,train,1.8195438,2.023426,1.5314789,1.7648785
mb-04722,train,2.0043213,2.0053144,1.6720978,1.6761459
mb-07685,train,1.146128,1.2925186,0.9542425,1.121879
mb-01302,train,2.209515,2.2542028,1.8864907,1.9603742
af-082258cc4571,train,1.3326626,1.6567519,1.2305894,1.1501733
mb-09360,train,2.2810333,2.2778504,2.0211892,1.9774296
mb-01765,train,2.1673174,2.1015508,1.8388491,1.6660403
mb-09578,train,2.0374265,1.9820378,1.8260748,1.7374353
af-9ee5b4685cff,train,1.5688221,1.6449968,1.0871494,1.2337543
mb-02199,train,2.1367207,2.140318,2.1553361,2.1329222
mb-08526,train,2.033424,1.9885497,1.39794,1.4305726
mb-08400,train,1.8512583,1.906387,1.5797836,1.6423085
mb-04948,train,2.1846914,2.1932254,2.0170333,2.0454412
mb-03282,train,1.9030899,1.9033126,1.6720978,1.6991723
mb-08759,train,2.1105897,2.1699915,1.9294189,1.9344071
mb-01436,train,2.1702619,2.0948694,1.6127839,1.5654446
mb-00122,train,1.908485,2.1340127,1.908485,1.8171004
mb-03189,train,1.819544,1.6922377,1.4313638,1.3413678
mb-10358,train,1.50515,1.7151209,1.146128,1.3377823
mb-01199,train,1.8920946,1.8619058,1.462398,1.4780618
mb-10590,train,2.071882,2.0604415,1.6232493,1.603647
mb-10559,train,1.8260748,1.8662112,1.7323937,1.7524107
mb-08786,train,2.3926969,2.5024376,2.0170333,2.2652054
mb-07727,train,1.748188,1.7352514,1.462398,1.4948248
mb-00113,train,1.4313638,1.4921839,0.47712126,0.55213445
mb-03371,train,1.1760912,1.2382963,1.0,1.0746546
mb-10371,train,1.7160033,1.7288508,1.0791812,1.1602795
mb-00826,train,1.6720979,1.7164485,1.4313638,1.4711618
mb-07581,train,1.8750613,1.8016112,1.462398,1.3982737
mb-10181,train,2.0043213,1.9266821,1.447158,1.4631993
mb-09701,train,2.1731863,2.0248494,1.6812413,1.6247987
mb-02248,train,1.80618,1.8057582,1.5314789,1.5194764
mb-09615,train,1.1760913,1.2593129,0.7781513,0.89655465
mb-05444,train,2.2764618,2.149961,1.8573325,1.7930621
mb-09486,train,1.60206,1.5666704,1.2552725,1.2584842
mb-00978,train,2.4082398,2.2972434,2.139879,2.0420506
mb-02619,train,2.0170333,2.0464673,1.60206,1.5844768
mb-09818,train,2.0413928,2.0052085,1.748188,1.6382114
mb-06010,train,1.30103,1.3349433,0.7781513,0.8129663
mb-06589,train,2.143015,2.1841946,1.9777236,2.0249875
mb-02447,train,1.531479,1.5971597,1.20412,1.2849841
mb-08899,train,2.1553361,1.9662006,1.3424227,1.2745461
mb-04229,train,2.20412,2.1757762,1.8920946,1.7959526
mb-10376,train,2.045323,2.1728833,1.9912261,1.912718
mb-03902,train,1.968483,2.0137773,1.7781513,1.7895639
mb-03284,train,1.7323937,1.7653562,1.230449,1.2531264
mb-09920,train,2.2900345,2.2171075,1.819544,1.8080615
mb-00542,train,1.3424227,1.3952601,0.90309,0.92216724
mb-03574,train,1.7558749,1.7071742,1.4313638,1.4296588
af-1c37631a1f4d,train,1.6121478,1.6947019,1.0142138,1.0975114
mb-05785,train,2.0334237,1.9020376,1.7323937,1.5988806
mb-05804,train,2.1398792,2.0772257,1.5682018,1.5883685
mb-10301,train,1.4771212,1.5860219,1.3802112,1.4276903
af-10844f99e3db,train,1.4417831,1.6633875,1.2364239,1.1384507
mb-03407,train,1.9637878,1.9827899,1.5314789,1.5028322
mb-06935,train,1.0,0.9562769,0.7781513,0.7109522
mb-00837,train,2.0681858,2.185304,1.8976271,2.0110078
mb-09082,train,2.252853,2.158669,1.8920946,1.7416573
af-f26f7a944968,train,1.6771505,1.5109067,1.296459,1.0810666
mb-05041,train,1.968483,1.9185016,1.3802112,1.4777712
mb-00540,train,1.230449,1.231861,0.9542425,1.0593846
mb-03333,train,2.3201463,2.307066,1.9956352,1.9572644
mb-06932,train,1.9731278,2.0160232,1.7781513,1.8457108
mb-07360,train,1.69897,2.123211,1.9777236,1.8584487
mb-09354,train,2.2576785,2.1632192,1.94939,1.7570682
mb-10061,train,2.1271048,2.1506426,1.8388491,1.7884468
mb-06250,train,2.2013972,2.239996,2.0,1.9192663
mb-08671,train,2.2966652,2.289387,1.8633229,1.8969978
mb-05196,train,1.4313638,1.3145313,1.1139433,0.9991167
mb-02031,train,1.8388491,1.7884545,1.4913617,1.3915241
mb-00799,train,2.045323,2.024092,1.4913617,1.5477524
mb-04244,train,1.8388491,1.8952606,1.5185139,1.6033798
mb-06886,train,2.0863597,1.9877735,1.9822712,1.9254876
mb-09653,train,2.033424,2.0476816,1.6532125,1.6737224
mb-06560,train,1.6020601,1.5717944,1.20412,1.1621077
mb-02677,train,1.5185139,1.472795,1.146128,1.0967511
mb-08025,train,2.348305,2.3081625,1.9242793,1.9422269
mb-00121,train,1.7558749,1.698018,1.6434526,1.5720757
mb-05283,train,1.6127838,1.5842823,1.4771212,1.4255625
mb-07191,train,2.09691,2.0132613,1.3424227,1.428973
mb-02754,train,1.6720978,1.6710076,1.4771212,1.4353848
mb-06431,train,2.3856063,2.339925,2.0253057,1.9858254
mb-03968,train,2.2253094,2.2107577,1.8573325,1.81109
mb-08413,train,1.5185139,1.5455928,1.4149734,1.4198351
mb-01055,train,2.292256,2.1429539,2.0827854,1.9068949
af-f11e7eb27a53,train,1.5709969,1.7456436,1.0367208,1.1520089
mb-01152,train,1.90309,1.9366987,1.50515,1.5091974
mb-03279,train,1.9444827,1.9348811,1.7993406,1.7104367
mb-05254,train,1.7160033,1.6793613,1.3617278,1.3314879
mb-04015,train,1.6127838,1.708757,1.4771212,1.5385463
mb-08763,train,1.6232493,1.5060384,1.20412,1.112665
mb-03780,train,1.819544,1.7192425,1.6627579,1.5503843
mb-08875,train,2.292256,2.1811996,1.968483,1.8621699
mb-00981,train,1.6901962,1.6928579,1.462398,1.4151971
mb-07630,train,1.3222193,1.3343076,0.845098,0.98240924
mb-05143,train,2.1903317,2.1954637,2.0606978,1.9677153
mb-10838,train,2.307496,2.199269,1.7993406,1.8114164
mb-08773,train,2.025306,2.06437,1.5563025,1.6286361
mb-10020,train,2.4132998,2.4701629,2.1760912,2.1952972
mb-09644,train,2.161368,1.9413174,1.7781513,1.6242942
mb-00102,train,1.8388491,1.886704,1.3617278,1.4203646
mb-01874,train,1.3617278,1.4360754,1.146128,1.2029067
mb-09311,train,2.089905,2.1298294,1.9731278,1.9502449
mb-08118,train,1.8808136,1.9441657,1.3222193,1.3779608
af-82c8ded576d0,train,1.7808528,1.6042978,1.2918438,1.1159943
mb-02101,train,2.292256,2.221638,1.819544,1.8445227
mb-00584,train,2.4698222,2.353382,2.0086002,2.016767
mb-00286,train,1.4771212,1.4679275,1.146128,1.2050873
mb-00268,train,1.5314789,1.5374303,1.146128,1.2286514
mb-07573,train,1.2787536,1.2564728,1.0413927,0.97347015
mb-05955,train,1.7923918,1.7575705,1.20412,1.225074
mb-10763,train,1.6334685,1.754062,1.230449,1.3016974
mb-02921,train,1.763428,1.7015159,1.4149734,1.3977044
mb-02589,train,1.8808136,1.9538571,1.7160033,1.7724899
mb-05155,train,1.7323937,1.6181288,1.3222193,1.2447344
af-23c79c4a50ec,train,1.5299023,1.3360827,1.2838438,1.0483729
mb-08934,train,1.60206,1.6099117,1.3802112,1.3685709
af-30b4ea4c8457,train,1.4355689,1.5637255,1.1245662,1.2631726
mb-00969,train,1.4913616,1.5589026,1.3222193,1.3704944
mb-00144,train,1.30103,1.5381882,1.146128,1.382872
mb-04485,train,1.9867717,1.9355329,1.9138138,1.7758088
mb-07336,train,2.2900345,2.3010466,1.90309,1.921471
mb-05826,train,2.1731863,2.1194184,1.5910646,1.6292857
mb-07920,train,2.0128372,1.9969349,1.5185139,1.5727224
mb-04209,train,1.90309,2.1007135,1.6434526,1.8168616
mb-04635,train,1.462398,1.5478637,0.90309,1.0358001
mb-09008,train,1.9637879,1.9179852,1.6334685,1.5921776
mb-08916,train,2.1931245,2.0380502,1.8633229,1.6785275
mb-03547,train,1.8864907,1.9133904,1.5797836,1.484769
mb-04165,train,2.1875207,2.129626,1.763428,1.6973193
mb-05385,train,1.724276,1.7608383,1.30103,1.3389349
mb-08046,train,1.8325089,1.7809896,1.3802112,1.3744667
mb-10578,train,1.4913617,1.4682478,1.0,1.100882
mb-01020,train,1.8260748,1.8035454,1.230449,1.2675397
mb-06448,train,1.6532125,1.6851492,1.4313638,1.3450917
mb-00906,train,2.2966652,2.2751384,2.045323,2.0582178
af-e045e3a545c6,train,1.7546563,1.6866481,1.1711705,1.11731
mb-01790,train,1.9731278,2.0502868,1.908485,1.8802743
mb-01579,train,1.2041199,1.1593554,1.0791812,0.94465125
mb-06163,train,2.2355285,2.3100004,1.9395193,1.949313
mb-08360,train,1.8450981,1.8449545,1.462398,1.5220525
mb-06062,train,2.2278867,2.2991438,2.0606978,2.0341237
mb-08545,train,2.20412,2.179642,1.8129133,1.8583868
mb-02503,train,1.7403626,1.6272366,1.50515,1.4291396
mb-02093,train,2.0,1.9878145,1.8750613,1.7967789
mb-01373,train,1.4913617,1.2993338,0.9542425,0.83683133
mb-07760,train,2.269513,2.158329,2.0043213,1.9130964
mb-09767,train,1.3010299,1.3310453,1.0791812,1.1530967
mb-03563,train,1.6532125,1.5843756,1.5185139,1.4181796
mb-00398,train,1.5682018,1.7335858,1.230449,1.2619191
mb-10226,train,1.6720979,1.8111053,1.20412,1.326479
mb-05062,train,2.0934217,2.0977678,1.845098,1.8893764
mb-09088,train,2.232996,2.108961,2.049218,1.8963907
mb-03697,train,2.243038,2.237522,1.845098,1.8442813
mb-09768,train,2.5010593,2.3911474,2.2624512,2.1986537
mb-02320,train,2.0569048,1.9730368,1.9344984,1.8169067
mb-05329,train,1.748188,1.7756146,1.39794,1.4064869
mb-04410,train,2.3242824,2.224468,2.30103,2.1403217
mb-05131,train,1.9956352,2.0031288,1.7403626,1.7200378
mb-05006,train,2.1760912,2.1575627,1.7558749,1.6664436
af-f5ab0276e2d4,train,1.2805283,1.1498876,0.78379786,0.75878847
mb-10652,train,1.9344984,2.003833,1.7403626,1.8271223
mb-02290,train,2.3521824,2.3306754,2.0293837,2.0335295
af-48e5eceb94a2,train,2.2865553,2.0922127,1.2690504,1.0899283
mb-03092,train,2.1818435,2.118705,1.8750613,1.758674
mb-02613,train,2.045323,2.0009995,1.6627579,1.7014214
mb-01660,train,2.206826,2.2050562,1.8920946,1.8913208
mb-08485,train,2.2253094,1.9426761,1.5682018,1.4076527
mb-00497,train,2.2552724,2.171715,1.9444827,1.9223766
mb-04511,train,1.1760912,1.1376251,0.845098,0.83579665
mb-08314,train,1.5910647,1.5919487,1.30103,1.3153057
mb-08279,train,2.1760912,2.0588233,1.7781513,1.7545269
mb-02992,train,1.0791813,1.0038644,0.60206,0.56134874
mb-00786,train,1.7853298,1.8671317,1.4771212,1.5376157
mb-01507,train,1.9542426,1.9855542,1.6127839,1.6316302
mb-03520,train,2.307496,2.3489175,2.1105897,2.1629176
mb-02991,train,1.908485,1.9784175,1.7781513,1.7324371
af-fed9052685c1,train,1.7853932,1.6741114,1.211027,1.1246377
mb-01652,train,1.0413927,1.0110314,0.7781513,0.7779438
mb-09070,train,1.4913617,1.6209555,1.4149734,1.4282514
mb-03383,train,1.6020601,1.5841503,1.4149734,1.3430316
mb-04901,train,1.2041199,1.2889208,1.1139433,1.1086036
mb-09551,train,2.2787538,2.2758675,2.178977,2.150359
mb-01511,train,1.9956353,2.0090373,1.6812413,1.7044172
mb-05746,train,1.5797837,1.6412637,1.462398,1.4781312
mb-00231,train,2.0128372,2.0185502,1.7323937,1.7556946
mb-10508,train,2.149219,2.182332,1.50515,1.5823336
mb-09820,train,1.531479,1.7240131,1.1760913,1.3762332
mb-02598,train,0.7781513,0.9722256,0.90309,0.83035475
af-0cd3158e7247,train,1.3630626,1.1435394,1.1169363,1.0434457
mb-05145,train,2.3159704,2.3016944,1.9822712,1.9617689
mb-06543,train,2.3598354,2.346456,1.9344984,1.9973485
af-52876f739dd4,train,1.4104769,1.3832569,1.2861263,1.2076039
mb-05533,train,2.230449,2.0886512,1.968483,1.8537173
mb-02249,train,2.045323,2.1081464,1.8808136,1.8776501
mb-08034,train,1.9444827,1.9285367,1.1139433,1.200135
af-ab9819db1a35,train,1.3712729,1.1912656,0.9092361,0.8409397
mb-08345,train,1.5314789,1.5591607,1.3802112,1.3827124
mb-08923,train,1.1139433,1.2443147,0.90309,1.0578711
mb-09969,train,1.8808136,1.7583976,1.6532125,1.5493895
mb-05813,train,2.3304138,2.384442,1.9444827,2.0535517
mb-04588,train,2.252853,1.771997,1.0413927,0.89214605
mb-09515,train,1.361728,1.5341744,1.20412,1.2657145
mb-04979,train,2.2148438,2.1196575,1.6627579,1.6432904
mb-07488,train,1.5682018,1.6039679,1.30103,1.3072467
mb-00528,train,2.2741578,2.1939988,1.9444827,1.8471639
mb-00099,train,2.0492182,2.0203588,1.6812413,1.5908594
af-b659c8ff13c9,train,1.4186989,1.1851567,0.996706,0.838375
mb-10311,train,2.3996737,2.1321728,1.9395193,1.7788266
mb-10789,train,2.120574,2.1083562,1.6627579,1.6651253
mb-00300,train,2.133539,2.0688334,1.8692317,1.7714248
mb-10510,train,2.1818438,2.0157428,1.4313638,1.3785897
mb-04248,train,1.7323937,1.7532536,1.5910646,1.5742544
mb-00591,train,1.230449,1.2550241,0.845098,0.86237
mb-08301,train,1.9542426,2.0175662,1.8260748,1.7536054
mb-05705,train,2.2068257,2.1847181,1.690196,1.7252003
mb-07585,train,1.7403628,1.837313,1.4913617,1.5657356
af-6146cee097d0,train,1.795996,1.7238915,1.0546666,1.1541483
mb-03934,train,1.8633229,1.7781601,1.4771212,1.4904299
mb-09022,train,2.4265113,2.4369717,2.0827854,2.1758783
mb-01226,train,2.3180633,2.388286,1.9822712,2.0593424
mb-06348,train,2.292256,2.2667232,1.8808136,1.8754351
mb-09593,train,1.1760913,1.20432,0.90309,0.92692524
mb-10943,train,2.2355285,2.1905782,2.049218,1.9378364
mb-03105,train,2.1038036,2.0950975,1.8573325,1.8231487
mb-07012,train,1.5563025,1.4847815,1.30103,1.2400407
mb-03165,train,1.9344984,1.9345195,1.7075702,1.6624157
mb-07303,train,2.0569048,2.0606074,1.80618,1.792827
mb-00897,train,1.8573325,1.8855603,1.4149734,1.5685027
mb-00124,train,1.80618,1.7996565,1.5440681,1.4610821
mb-01414,train,1.5797837,1.5917006,1.462398,1.4063485
mb-09049,train,1.908485,1.9277842,1.4913617,1.4484825
mb-04194,train,1.5797837,1.5514654,1.20412,1.237222
af-eec09c1ed737,train,1.5648637,1.5232861,1.2473816,1.1306894
mb-05688,train,1.7160034,1.8036479,1.1139433,1.1123253
mb-09133,train,2.1583624,2.061397,1.7403626,1.6475332
mb-07066,train,2.178977,2.099252,1.845098,1.7891735
mb-10018,train,2.0530784,2.0921307,1.8808136,1.8882682
mb-03066,train,1.6720979,1.7076147,1.20412,1.2512175
mb-04933,train,2.4927604,2.4972007,2.220108,2.2784293
mb-02937,train,2.1553361,2.1931946,1.7781513,1.818417
mb-10636,train,2.10721,2.0681834,1.4149734,1.4547855
mb-00658,train,1.0791813,0.9013449,0.7781513,0.7037671
mb-00085,train,1.5682018,1.5791808,1.0413927,1.0931089
mb-03362,train,2.164353,2.163299,1.7993406,1.74559
mb-01603,train,2.0086002,1.9951501,1.5185139,1.5331986
mb-10887,train,2.075547,2.0949614,1.5682018,1.617201
mb-08102,train,1.8976271,1.9333496,1.7853298,1.7269766
mb-03544,train,1.7993406,1.8370512,1.6334685,1.5763801
mb-05224,train,1.7323937,1.7244682,1.3802112,1.3739344
mb-10714,train,2.365488,2.2259436,1.6532125,1.6529045
mb-03982,train,1.770852,1.7026117,1.3222193,1.2400374
mb-04595,train,2.0530784,2.0114398,1.6720978,1.7168938
mb-07957,train,1.5314789,1.5777357,1.0413927,1.0967886
mb-09639,train,1.9542425,1.9885088,1.3222193,1.3769222
mb-08843,train,2.3364596,2.2302005,1.8976271,1.8088272
mb-09512,train,1.8692317,1.8710691,1.4149734,1.4040831
mb-04504,train,0.90309,0.84047675,0.60206,0.53238356
mb-05272,train,2.0043213,2.009829,1.50515,1.5218883
af-0e2d4391f612,train,1.0844011,1.0720644,0.6348912,0.7828709
mb-01288,train,1.748188,1.7920649,1.3222193,1.2687021
mb-10843,train,1.819544,1.8429546,1.50515,1.6256648
mb-02940,train,1.4913617,1.4562125,1.2787536,1.2729858
mb-02850,train,2.3283796,2.220061,2.2718415,2.1346345
mb-05980,train,1.7781513,1.7225745,1.3222193,1.3314912
mb-03306,train,1.763428,1.7283373,1.3424227,1.3453743
mb-04786,train,1.6434526,1.6462213,1.4149734,1.3809185
mb-02831,train,2.0492182,2.0891929,1.8260748,1.8839291
mb-10318,train,1.9590414,1.9397479,1.230449,1.3705204
mb-01269,train,2.0,1.7802522,1.3222193,1.1642499
af-3a84e674e05a,train,1.1563462,1.2309961,0.612379,0.6639081
af-9b2cec3b37cf,train,1.6903927,1.5896566,1.1706254,1.0872294
af-38f66e468b9b,train,1.8242704,1.6982195,1.1456842,1.0987766
mb-10423,train,1.770852,1.7665453,1.7323937,1.639986
mb-01022,train,2.1003706,2.001468,1.819544,1.684694
mb-03671,train,1.9444827,1.9341011,1.60206,1.5409782
mb-00171,train,1.5440681,1.6646053,1.1760913,1.279956
mb-07182,train,2.1760912,2.1689756,1.8633229,1.8210691
af-32cf9280ab2d,train,1.2593334,1.5577544,0.7733878,1.0493255
af-a91f3d9f527c,train,1.7231404,1.520966,1.2121423,1.1246985
mb-07055,train,1.1760912,1.1971376,1.0,1.0606169
mb-09973,train,1.6720979,1.7554809,1.2552725,1.2551712
mb-05651,train,1.8864907,1.9313178,1.5910646,1.5831014
mb-05763,train,1.60206,1.6869249,1.3802112,1.4151306
mb-10723,train,1.8325089,1.7943649,1.7242758,1.6427739
mb-01541,train,1.6627579,1.6353838,1.4149734,1.4159825
mb-01766,train,2.1958997,2.1806698,1.8750613,1.9309022
mb-02222,train,2.0128372,1.818114,1.69897,1.5346947
mb-03908,train,2.1931245,2.1654959,1.69897,1.7193872
mb-00461,train,2.2552724,2.2121496,2.0043213,2.025664
mb-02669,train,2.2944663,2.2288804,1.8864907,1.864747
af-4d761230b928,train,1.7693233,1.5905684,1.2978239,1.1126785
mb-06654,train,1.770852,2.1736226,1.9344984,1.8788426
mb-10939,train,1.7993405,2.0580854,1.50515,1.5893735
af-4db77c268007,train,1.7455518,1.708776,0.71320987,1.1136408
mb-10208,train,2.0170333,1.9814366,1.7323937,1.6222053
mb-10786,train,2.0413928,2.0171063,1.50515,1.5670584
mb-09698,train,1.5910647,1.6536614,1.4149734,1.4478592
mb-10857,train,1.8750613,1.8225994,1.30103,1.2672544
mb-04742,train,1.0413927,1.0762954,0.47712126,0.59669226
mb-01915,train,2.1673174,2.1532912,1.6812413,1.7442715
mb-02468,train,1.7242758,1.7252474,1.2552725,1.2569556
af-4af81c5605a2,train,0.7878761,0.6578392,0.6167884,0.46796167
mb-02002,train,2.2278867,2.1329782,1.8633229,1.8086214
mb-09861,train,1.9956352,1.9883494,1.6434526,1.6760529
mb-10260,train,2.209515,2.134931,1.7993406,1.7760055
mb-08013,train,2.209515,2.161089,1.90309,1.8658912
mb-02690,train,2.220108,2.1993988,1.90309,1.866912
mb-10357,train,1.7075702,2.0031185,1.5440681,1.7002403
mb-10511,train,1.6127839,1.583107,1.2787536,1.2987037
mb-10657,train,1.6532125,1.7945871,1.146128,1.2873774
mb-07482,train,2.2966652,2.271763,1.8750613,1.8920234
mb-08193,train,1.7558749,1.814541,1.3802112,1.4732646
mb-10268,train,1.9242792,1.8817898,1.447158,1.4209392
mb-04983,train,2.1003706,2.1162984,1.908485,1.8967295
mb-07991,train,1.7403628,1.7157009,1.3424227,1.324267
af-6d6ffda2f9df,train,1.3594807,1.4969718,1.051577,1.1257153
mb-03369,train,2.456366,2.489319,2.3820171,2.532808
mb-04812,train,1.9822712,2.0382175,1.690196,1.6947268
mb-06782,train,1.6812413,1.6265535,1.5185139,1.4762422
mb-04603,train,1.9242793,1.9248958,1.30103,1.3367094
mb-09939,train,1.4149733,1.3419657,1.0791812,1.0490296
mb-10608,train,2.4149733,2.4909856,2.2355285,2.290105
mb-05221,train,2.025306,2.0120902,1.90309,1.8289025
mb-09075,train,2.2648177,2.131019,1.7853298,1.6926187
mb-03035,train,2.1003706,2.207851,1.8512584,1.9097972
mb-01444,train,1.6812413,1.6340399,1.3802112,1.3026005
mb-05336,train,2.1172712,2.2652373,1.9590414,2.1278696
mb-08868,train,2.0128374,2.0290828,1.6334685,1.7333187
mb-06277,train,2.2810335,2.2564757,1.94939,1.8879193
mb-09609,train,1.3617278,1.6542879,1.2552725,1.2088946
mb-08127,train,1.3424227,1.182295,0.90309,0.8178752
mb-04922,train,1.9444827,1.9037293,1.6334685,1.624229
mb-05153,train,1.3802112,1.4279337,1.0,1.1155332
mb-01513,train,2.3765771,2.2986398,2.1367207,1.9344757
mb-10243,train,2.0,2.0950184,1.8260748,1.8492124
mb-02879,train,1.9822712,1.8986793,1.50515,1.4648288
mb-07283,train,2.0293837,1.8276507,1.763428,1.6314459
mb-02404,train,1.0,1.0595104,0.60206,0.77758914
mb-01658,train,2.1038036,2.0750458,1.8750613,1.8101479
mb-03346,train,1.7160034,1.8453537,1.462398,1.5445813
mb-09325,train,2.198657,2.1335285,1.763428,1.7324675
mb-02456,train,1.8864907,1.9200141,1.7558749,1.7243415
mb-10875,train,1.9731278,1.8600582,1.462398,1.401103
mb-08296,train,1.6720979,1.6847786,1.4913617,1.5265976
mb-04716,train,2.2878017,2.288518,1.8260748,1.8874032
mb-04102,train,2.25042,2.1778214,2.0934217,1.8649278
mb-04189,train,2.1003706,2.0366728,1.8750613,1.7555071
mb-10172,train,2.2355285,2.2087584,1.9395193,1.8717769
mb-04419,train,2.2329962,2.1928196,1.7781513,1.8129491
mb-01293,train,2.0530784,2.041568,1.3802112,1.3931139
mb-05730,train,1.9344984,1.9098291,1.50515,1.445082
mb-09597,train,1.2552725,1.2882416,1.1760913,0.92778105
af-0380bb5b8993,train,1.0813869,1.287723,0.70709306,0.93974626
mb-03160,train,2.1846914,2.2218685,1.9822712,2.037117
mb-01951,train,1.6127839,1.6453702,1.30103,1.4003954
mb-03094,train,2.1702619,2.1261625,1.90309,1.8596636
mb-10121,train,2.209515,2.1717465,1.2552725,1.2267768
mb-08857,train,2.0211892,1.9924238,1.7075702,1.6354462
mb-01683,train,2.206826,2.206532,1.9444827,1.9276265
mb-01103,train,1.6334685,1.517458,1.39794,1.3211648
mb-03731,train,1.8573325,1.8242718,1.7160033,1.5934094
mb-09403,train,2.0128372,1.7282476,1.770852,1.590722
mb-08254,train,1.7993405,1.8240829,1.5314789,1.5465254
mb-06918,train,1.1139433,1.3116941,1.0413927,1.1650214
af-0b0765ce5f98,train,0.31643587,0.3691928,-0.086632326,-0.0073885918
mb-09754,train,2.2648177,2.1616657,1.7923917,1.7111944
mb-07492,train,2.0170333,2.0023534,1.8573325,1.8576157
mb-03707,train,2.20412,2.164819,1.7781513,1.7150242
mb-09198,train,1.9822713,2.0438313,1.6812413,1.778453
mb-06098,train,1.7403626,1.7128061,1.3617278,1.3936639
mb-07033,train,2.2355285,1.8498771,1.9344984,1.4777514
mb-10394,train,1.7323937,1.7619605,1.5185139,1.463931
mb-10489,train,0.47712126,0.6579267,0.30103,0.52553755
mb-04139,train,2.1367207,2.0699294,1.4771212,1.4868748
mb-05871,train,2.423246,2.3873534,2.0606978,2.0581925
mb-05173,train,1.6720978,1.7355784,1.50515,1.566027
mb-07297,train,2.209515,2.0514812,1.9444827,1.7899656
mb-02344,train,0.60206,0.59122956,0.30103,0.28193748
mb-05529,train,2.298853,2.2681594,2.0293837,2.006235
mb-01355,train,1.5185139,1.4413493,1.2787536,1.1914734
af-0393c62d375f,train,1.3743414,1.3138304,0.9155866,0.92092794
mb-05123,train,2.220108,2.151452,1.60206,1.5847505
mb-01398,train,2.089905,1.9970098,1.90309,1.7398131
mb-08583,train,2.0334237,2.0533926,1.6232493,1.7930863
mb-02411,train,1.6127839,1.6945667,1.4313638,1.3842404
mb-06615,train,1.5563025,1.5707338,1.3802112,1.3628895
mb-09476,train,1.6334685,1.5242572,1.1760913,1.1319653
mb-07268,train,1.7242758,1.7451833,1.39794,1.3969797
mb-10702,train,1.9542426,1.8319368,1.6532125,1.5107411
mb-02902,train,2.045323,2.029033,1.8976271,1.799535
mb-02338,train,1.845098,1.8084431,1.5185139,1.5077984
mb-01360,train,1.7708521,2.3805273,2.1105897,2.2051358
mb-10382,train,2.0374265,2.1628652,1.69897,1.7433383
mb-04769,train,1.5910647,1.6277056,1.4149734,1.3505424
mb-07410,train,1.6901962,1.6997062,1.4913617,1.5046142
af-b272f5b46e0c,train,1.6083057,1.494837,1.1670868,1.1096963
mb-07658,train,1.6812412,1.6576973,1.447158,1.4436526
mb-05611,train,1.9731278,1.9626968,1.5314789,1.5238907
mb-00456,train,1.94939,1.9834518,1.7558749,1.8185594
mb-08288,train,2.220108,1.9773487,1.770852,1.6727744
mb-06875,train,2.3304138,2.2334862,2.0,1.9306195
af-462bb5f411a8,train,1.776015,1.3629591,1.256417,0.94111544
mb-03734,train,2.0569048,2.0176153,1.5797836,1.5096606
mb-08237,train,2.2922559,2.2642696,2.064458,2.0808742
mb-05511,train,1.2552725,1.4735171,0.9542425,1.1485965
mb-03514,train,2.2648177,2.299493,1.9731278,1.9356167
mb-09808,train,2.2944663,2.2355251,1.9912261,1.9246244
mb-10874,train,1.7708521,1.7373363,1.4313638,1.4108157
mb-09720,train,1.7075702,1.5836164,1.4313638,1.4538599
mb-00802,train,1.9777236,1.8939935,1.8260748,1.6424302
mb-03955,train,1.8260748,1.8597027,1.4149734,1.4440935
af-35d12ce9d979,train,0.97568727,1.0598785,0.64983314,0.7498776
mb-10576,train,1.7923917,1.7650387,1.5797836,1.5522459
mb-03612,train,2.3324385,2.2982602,2.049218,2.052721
mb-06143,train,2.283301,2.2807353,1.9138138,1.9075778
mb-10606,train,1.9590414,2.0430365,1.5910646,1.758151
af-da5ce7d4e4ec,train,2.2134886,2.1774971,1.1328998,1.0874021
mb-08182,train,2.1875207,2.1532714,1.8388491,1.9078718
mb-03502,train,1.6127839,1.594006,1.4313638,1.4028376
af-2cce4f73a021,train,1.4743824,1.5196537,1.202303,1.162513
af-10e7d65dca0a,train,1.3286059,1.4520743,1.0994977,1.1505576
mb-03218,train,1.5797837,1.5490165,1.2787536,1.2501158
mb-06141,train,1.90309,1.8558033,1.7558749,1.67549
mb-06050,train,1.8325089,1.7953662,1.3802112,1.3465067
mb-03703,train,2.2227166,2.2036486,2.0413928,2.0621037
mb-00012,train,1.3222193,1.403873,1.0791812,1.0971154
mb-02415,train,1.6532125,1.6165402,1.4149734,1.3604465
mb-01812,train,2.2600713,2.1731875,1.819544,1.8471184
mb-07120,train,1.8388491,1.7949047,1.5185139,1.485898
mb-08148,train,2.2944663,2.2705297,1.8573325,1.8901045
mb-02997,train,1.230449,1.4753902,1.0413927,1.1563525
mb-01351,train,2.3424227,2.2748423,1.8633229,1.8760352
af-f2420bdaea73,train,1.216092,1.2760098,0.7656194,0.8499934
mb-02905,train,2.10721,2.0346065,1.9138138,1.8164296
mb-10905,train,1.5910647,1.5531309,1.4313638,1.4007204
mb-06696,train,2.1818438,2.2199125,1.8260748,1.8520529
mb-09282,train,2.0413926,2.0221314,1.8388491,1.8180172
mb-03896,train,1.6627579,1.7203285,1.20412,1.3506652
mb-00896,train,2.1172712,2.2019243,1.9590414,2.026866
mb-03255,train,1.6434526,1.8775965,1.4149734,1.6315696
mb-02994,train,2.10721,2.1108983,1.690196,1.6987994
mb-00807,train,2.2900345,2.4123497,2.2355285,2.3324473
af-26c10d524c04,train,0.59476036,0.6794512,0.7648961,0.75021565
af-6b998687d5f6,train,1.8648076,1.6615558,1.26195,1.1041051
mb-05022,train,2.0086002,2.0329018,1.763428,1.8458031
mb-05300,train,2.423246,2.410803,2.09691,2.0902402
mb-10966,train,1.763428,1.7976269,1.50515,1.4607495
mb-04705,train,1.0791813,0.9341384,0.7781513,0.64912874
mb-09802,train,2.3201463,2.18861,2.0606978,1.9941516
mb-08992,train,2.1461282,2.1218712,1.5563025,1.6062285
mb-03408,train,1.94939,1.9277743,1.6127839,1.5370878
mb-07105,train,1.20412,1.6042334,1.6127839,1.5311866
af-537adb698bfd,train,0.8880547,0.94128406,0.5605056,0.63736093
mb-06065,train,1.5682018,1.6398001,1.230449,1.3014613
mb-08106,train,1.9084849,1.9878895,1.7323937,1.7132336
mb-05930,train,1.9731278,1.922153,1.5563025,1.4571111
mb-07952,train,2.08636,2.0701852,1.5563025,1.6280739
mb-06365,train,1.5440681,1.645189,1.3802112,1.3346496
mb-08840,train,2.0043213,1.8892856,1.5797836,1.464621
mb-08457,train,2.089905,2.03231,1.5314789,1.4792938
mb-00057,train,2.198657,2.1939902,2.0,2.0161428
mb-08278,train,1.9637878,1.9443417,1.5910646,1.5981789
af-76e523ddd653,train,1.5289295,1.1545398,1.1762099,0.9043264
af-b763bddbb787,train,1.7249129,1.7026595,1.1299958,1.1018693
mb-07379,train,1.5185139,1.5149233,1.3617278,1.278754
mb-05597,train,2.2041202,2.1926982,1.6334685,1.6087741
mb-07305,train,1.5797836,1.5793864,1.2552725,1.2389884
mb-09572,train,1.6334685,1.5595908,1.2787536,1.141948
mb-01162,train,2.1818435,2.0901146,1.7242758,1.6336393
mb-05181,train,2.143015,2.1029992,1.9294189,1.9134846
mb-08183,train,1.6627579,1.637119,1.30103,1.3339915
mb-05602,train,1.7160033,1.688764,1.4771212,1.4015757
mb-07975,train,1.6901962,1.6767477,1.2787536,1.2899009
mb-00142,train,1.0791813,0.9276921,0.7781513,0.6947117
mb-05526,train,1.4913617,1.5047498,1.3617278,1.3535513
mb-06712,train,1.9822712,1.9555426,1.6232493,1.6341456
mb-00389,train,1.748188,1.7891233,1.2787536,1.3250045
mb-07442,train,1.230449,1.1467385,1.146128,1.0132278
mb-10254,train,2.3673558,2.2186913,1.6434526,1.574413
mb-08749,train,2.0128372,1.9718318,1.5563025,1.5342886
mb-01673,train,1.6434526,1.741287,1.3617278,1.4821247
af-c0a39893d84d,train,1.5628256,1.4872578,1.2791214,1.1612234
mb-06435,train,1.8129133,1.7865018,1.3222193,1.2542691
mb-03423,train,1.819544,1.8629663,1.3617278,1.4226617
mb-09748,train,1.6434528,1.743159,1.1760913,1.2472758
mb-02042,train,2.2878017,2.2770617,2.0374265,1.961637
mb-07328,train,1.39794,1.6385604,1.4913617,1.5647435
mb-01420,train,1.7323937,1.6991968,1.447158,1.3134769
mb-04269,train,1.5440681,1.5594802,1.3617278,1.3214633
mb-00076,train,1.690196,1.7263949,1.5910646,1.4995288
mb-05633,train,1.770852,1.76975,1.50515,1.4290391
mb-08645,train,2.2041202,2.0727582,1.4313638,1.4468607
mb-05360,train,1.5910647,1.7980555,1.4149734,1.5109853
mb-07423,train,1.3424227,1.480306,0.69897,0.8036914
mb-02228,train,1.1760913,1.2448711,0.90309,0.98548687
mb-03710,train,2.0374265,2.0717332,1.5440681,1.6296781
mb-10392,train,2.0863597,2.0636866,1.770852,2.0175626
mb-10451,train,2.230449,2.2122924,1.8388491,1.9364198
mb-03751,train,1.6532125,1.6003181,1.462398,1.3695173
mb-07872,train,2.1958995,2.1354377,1.9956352,2.020545
mb-02689,train,2.0863597,2.0793097,1.763428,1.7898873
mb-00376,train,2.2227163,2.1725495,1.8573325,1.8431938
mb-02095,train,2.2121875,2.1762888,1.7558749,1.7471594
mb-08509,train,1.7160034,1.7271941,1.39794,1.4506193
mb-03325,train,2.3443923,2.2188928,2.2013972,2.0215068
mb-02648,train,1.7993406,1.7584597,1.4913617,1.4714761
mb-08539,train,1.9731278,1.9309962,1.4913617,1.4465021
mb-10225,train,2.1818435,2.1411552,1.690196,1.6455543
mb-06041,train,1.5314789,1.6152773,1.0413927,1.1937637
mb-05202,train,2.0128372,1.9756832,1.9190781,1.7971566
mb-05528,train,1.8976271,1.91465,1.4913617,1.5030345
mb-02932,train,1.5910646,1.5633613,1.3617278,1.3800776
mb-09730,train,2.2741578,2.1718287,1.8573325,1.7733885
mb-03251,train,1.8920946,1.9162953,1.462398,1.4911677
mb-06051,train,2.198657,2.166163,1.7781513,1.7219448
mb-02984,train,2.3117537,2.1985466,2.0293837,1.9781283
mb-09886,train,1.9731278,1.9306595,1.7075702,1.6564376
mb-01209,train,0.90309,0.9565097,0.60206,0.65942454
mb-01934,train,2.0211892,2.0218787,1.80618,1.764164
mb-08523,train,1.9242793,1.985137,1.5440681,1.6016454
mb-00788,train,1.8388491,1.9135075,1.3617278,1.2492068
mb-09605,train,2.075547,1.9784791,1.39794,1.4043471
mb-04605,train,1.9542425,1.9686265,1.690196,1.650784
mb-05556,train,2.4456043,2.3134801,1.9912261,1.9393303
mb-09571,train,2.0681858,1.9595069,1.6532125,1.549137
mb-02132,train,1.5185139,1.6965457,1.2552725,1.4152179
mb-09176,train,1.6812413,1.7087724,1.3617278,1.36144
mb-04791,train,1.9294189,1.9020524,1.6812413,1.6512682
mb-05204,train,2.376577,2.437087,2.3541083,2.4491239
mb-06965,train,2.326336,2.2437234,1.50515,1.5489218
mb-03205,train,1.8512584,1.8636422,1.5440681,1.4670804
mb-02948,train,1.6020601,1.7027707,1.4313638,1.4339347
mb-02641,train,1.6901962,1.6848357,1.4313638,1.3507786
mb-00682,train,2.3180633,2.3458974,2.0827854,2.0957704
mb-09857,train,1.5314789,1.599315,1.2787536,1.2832061
mb-00828,train,1.9731278,1.9600482,1.690196,1.6961519
mb-04137,train,2.120574,2.0873697,1.7853298,1.7486887
mb-01049,train,1.230449,1.2803228,0.60206,0.62859213
mb-03940,train,2.3443923,2.2988303,2.049218,1.9879131
mb-04618,train,1.462398,1.5101676,1.146128,1.2392801
mb-00031,train,2.0043213,2.03646,1.7160033,1.6416723
mb-02552,train,2.220108,2.1298795,1.80618,1.7820017
mb-10753,train,1.7634281,1.7072302,1.5682018,1.4715499
af-a607f27fa6c4,train,1.7460399,1.6788623,1.1516609,1.1414193
mb-01092,train,1.845098,1.8263816,1.447158,1.4654438
mb-09473,train,1.9777236,1.9679683,1.4313638,1.4610573
mb-02059,train,1.7993405,1.7749692,1.447158,1.4626429
mb-08153,train,1.7923918,1.771579,1.4149734,1.463649
mb-05711,train,1.2552725,1.3103243,1.1139433,1.187682
mb-08031,train,2.1760912,2.1142042,2.0374265,1.8862352
mb-10044,train,2.2121878,2.1357534,1.7993406,1.6863443
mb-02829,train,2.3463528,2.4068472,2.0681858,2.1810865
mb-07237,train,2.198657,2.1884494,1.8573325,1.8661139
mb-02208,train,1.7853298,1.7722887,1.5185139,1.5106418
mb-04052,train,1.9912261,1.8829708,1.80618,1.6094009
mb-08448,train,2.089905,2.0792844,1.4771212,1.4988686
mb-08160,train,1.5682018,1.5268353,1.39794,1.2307216
mb-02796,train,2.264818,2.3072417,2.2624512,2.1934216
af-9dfdfdc00cc1,train,1.6323398,1.5785726,1.2382494,1.2433939
mb-10826,train,2.133539,2.150104,1.5682018,1.7115533
mb-00620,train,2.149219,2.0634675,1.9294189,1.8691769
af-97b0ff1e229c,train,1.5533926,1.3131713,1.2986151,1.0023766
mb-03326,train,2.1105897,2.1175442,1.69897,1.6968997
mb-01725,train,1.8633229,1.9462559,1.39794,1.4522693
mb-06466,train,2.1731863,2.1279747,1.763428,1.7080367
mb-03666,train,1.2552725,1.2903823,0.90309,0.9606004
mb-04066,train,2.456366,2.3892152,2.2253094,2.1849375
mb-06639,train,1.146128,1.2652413,0.9542425,1.1160136
mb-05159,train,2.3096302,2.3720007,2.045323,2.0405169
mb-05649,train,1.7853298,1.738615,1.2787536,1.2759345
af-2c17cb0ad30f,train,1.4649692,1.6732453,1.0579284,1.1419796
mb-06647,train,2.2068257,2.1818147,1.770852,1.7178259
mb-02855,train,2.0253057,1.97048,1.69897,1.7076317
mb-06178,train,2.0374265,1.9898915,1.5314789,1.5573224
mb-00859,train,1.8920946,1.8446444,1.4313638,1.4538769
mb-06858,train,1.8129134,1.8355689,1.3617278,1.3477372
mb-02040,train,1.9867718,1.9367824,1.2552725,1.2738085
mb-10883,train,1.8976271,1.9890803,1.7558749,1.764302
mb-10370,train,2.2552724,2.2715163,1.763428,1.8943996
mb-05967,train,1.3617278,1.5518112,0.7781513,0.9115551
af-29c48c41f22b,train,1.9150472,1.7264682,1.2678778,1.135266
mb-06915,train,2.298853,2.1948078,2.0043213,1.8904402
mb-06188,train,1.748188,1.6384016,1.50515,1.3454224
mb-02793,train,1.9242792,2.01111,1.7242758,1.8150353
mb-00508,train,1.5185139,1.6978154,1.3424227,1.4560302
mb-10306,train,2.10721,2.1746585,2.0934217,2.1039584
mb-02894,train,2.1673174,2.1710868,1.845098,1.8260555
mb-02264,train,1.5797837,1.7067077,1.3424227,1.4555644
mb-09165,train,1.146128,1.3625789,0.845098,1.0290055
mb-09123,train,1.3802112,1.5813546,1.146128,1.3411468
mb-05165,train,2.3096302,2.2269945,1.8388491,1.8716122
mb-02332,train,2.2227166,2.1396296,1.7781513,1.6998551
mb-05381,train,2.0043213,1.9741877,1.5314789,1.4791573
mb-01334,train,1.5797836,1.5727607,1.50515,1.4310187
mb-00356,train,1.5682018,1.5585289,1.20412,1.2467788
mb-00664,train,1.6532125,1.629674,1.3802112,1.3617265
af-3bc3fc68c58f,train,1.6787714,1.7431531,0.912314,1.0870422
mb-00643,train,2.120574,2.1173906,1.845098,1.8500265
mb-10764,train,2.3521824,1.912179,2.0,1.6217351
mb-10597,train,2.25042,2.1225777,1.0,0.8966003
mb-07080,train,2.2552724,2.3072026,2.045323,2.0787733
af-a74b412faa7f,train,1.5612838,1.6135759,1.0591315,1.0830246
mb-10124,train,2.3283796,2.2164397,1.9395193,1.9016163
mb-09897,train,2.1003706,2.0914674,1.462398,1.5084991
mb-07243,train,1.7403626,1.8011272,1.1139433,1.1714967
mb-07229,train,1.7075702,1.7533824,1.2787536,1.2872008
mb-08871,train,1.4771212,1.7278404,1.4149734,1.4181923
mb-04429,train,1.8129134,1.8157384,1.462398,1.5084374
mb-00032,train,1.8864908,1.9735479,1.5440681,1.6690128
af-88d04db0ca52,train,1.3401049,1.2283772,1.0913047,0.93654567
mb-10267,train,2.133539,2.134855,1.2552725,1.3166344
mb-05963,train,2.089905,1.9983652,1.763428,1.6873953
mb-04428,train,0.69897,0.7879427,0.47712126,0.5825825
mb-10720,train,1.69897,1.715528,1.0791812,1.0880411
mb-05265,train,1.4149734,1.4129972,1.1760913,1.1713781
mb-10776,train,1.8512584,1.8744575,1.2787536,1.3727977
mb-03827,train,1.90309,1.7324537,1.763428,1.5756924
mb-01397,train,2.0211892,1.8982551,1.69897,1.5578415
mb-01905,train,2.1875207,2.1270936,1.968483,1.9468601
mb-04868,train,2.1038036,2.0595498,1.7323937,1.6012944
mb-07935,train,2.0413926,2.0820425,1.763428,1.6429324
mb-00348,train,1.7075703,1.6659498,1.1760913,1.3807424
mb-00890,train,2.0863597,2.1369922,1.845098,1.8858829
mb-03455,train,2.2741578,2.2320414,2.0374265,2.0374231
mb-02600,train,0.7781513,0.77575016,0.60206,0.62797785
mb-01396,train,1.9867717,2.039849,1.60206,1.6194019
mb-08522,train,1.5910646,1.5986134,1.3802112,1.4360446
mb-01851,train,2.09691,2.0995243,1.6627579,1.7026644
mb-01498,train,2.146128,2.109366,2.1818435,2.087666
mb-03645,train,1.8808136,1.8246245,1.5563025,1.5353904
mb-02562,train,1.7853298,1.7721543,1.4313638,1.4324915
mb-04772,train,1.748188,1.6962225,1.5185139,1.4797196
af-280f3db106d0,train,1.2784107,1.3244538,0.86170524,0.9466634
mb-06001,train,1.9138138,1.8566334,1.4771212,1.4931121
af-d6af7b3d25cb,train,1.53239,1.4717581,1.0687757,1.042399
mb-00289,train,1.9084849,1.8066638,1.5910646,1.5573752
mb-01464,train,2.1903317,2.2047734,1.8633229,1.8461947
mb-08397,train,2.2966652,2.1867886,1.1139433,1.1064699
mb-10247,train,1.7853298,1.8847382,1.3617278,1.2863086
af-d7ab8c656ef3,train,1.5230725,1.4644349,1.139854,1.1211532
af-4297a07feb4b,train,1.5416342,1.4210507,1.1050024,1.075076
mb-08940,train,2.0606978,1.9525293,1.7242758,1.6637919
mb-10950,train,1.9637878,1.9507841,1.60206,1.6299531
mb-07809,train,1.7558749,1.8258916,1.4313638,1.5082409
mb-03915,train,1.8864907,1.7424028,1.6720978,1.5983422
mb-04028,train,2.2455127,2.1535435,1.770852,1.7827313
mb-10537,train,1.9395192,1.8737038,1.7242758,1.587648
mb-04934,train,2.1931248,2.2394218,1.8512584,1.876837
mb-04412,train,1.9138138,1.8646891,1.7403626,1.694221
mb-05766,train,2.0863597,2.0687358,1.6232493,1.6556066
mb-03981,train,1.819544,1.8418317,1.6532125,1.6240578
mb-06707,train,1.832509,1.9057655,0.69897,0.7651803
mb-09608,train,2.0170333,2.0076263,1.3222193,1.4119862
mb-03261,train,2.149219,2.0809288,1.763428,1.7341869
mb-03790,train,2.139879,2.1109521,1.763428,1.7162747
mb-02114,train,2.0128372,2.053165,1.6232493,1.6339757
mb-00531,train,1.0,0.97522646,0.7781513,0.8020594
mb-03832,train,2.4756713,2.4113915,2.075547,2.0903816
mb-06023,train,1.90309,2.099694,1.7993406,1.7051406
mb-05318,train,2.1522884,2.209899,1.6812413,1.7964246
mb-02270,train,2.1875207,2.263451,1.8864907,1.9838204
mb-02883,train,1.5440681,1.5843194,1.230449,1.217706
mb-09039,train,2.1818435,2.1233017,1.8388491,1.8033497
mb-07344,train,1.7993405,1.7803843,1.3802112,1.362449
mb-00453,train,2.0043213,2.0242682,1.7781513,1.7880151
mb-03485,train,1.94939,1.983742,1.230449,1.4414513
mb-10839,train,2.0043213,1.7935469,1.3617278,1.2059315
mb-04262,train,1.7558749,1.6301266,1.6434526,1.4666861
mb-00670,train,1.7781513,1.7104813,1.6812413,1.5431724
mb-02163,train,1.8129134,1.8294139,1.5563025,1.5021477
mb-03958,train,2.143015,2.1779914,1.8920946,2.0227509
mb-01815,train,2.350248,2.3538687,2.0934217,2.1094732
mb-03728,train,1.9138138,1.8427612,1.6434526,1.5318428
mb-08602,train,2.0211892,2.0216892,1.7075702,1.8373471
mb-04825,train,1.7853298,1.8219094,1.50515,1.4943916
mb-03016,train,2.389166,2.426362,2.1367207,2.1242654
mb-08159,train,1.7708521,1.7420912,1.5440681,1.5089964
mb-03053,train,1.4313638,1.5108349,1.230449,1.2461588
mb-02639,train,2.2671716,2.1118293,2.0043213,1.8206403
af-10ee17b38b9b,train,1.5244131,1.3990138,1.171513,1.0911794
mb-04051,train,2.3598354,2.4244227,2.064458,2.1072195
mb-01940,train,2.1818435,2.1945581,2.0170333,2.0041769
mb-02526,train,2.2121875,2.1639013,1.845098,1.8287091
mb-06620,train,2.133539,2.1389134,1.7323937,1.798905
mb-04442,train,2.0253057,1.9819858,1.5910646,1.5890398
mb-08626,train,2.3053513,2.169351,1.9912261,1.9076011
mb-09327,train,1.724276,1.5510645,1.1760913,1.0856624
mb-10068,train,2.39794,2.3747087,2.0606978,2.044191
mb-09173,train,1.8061799,1.8447524,1.7403626,1.7426809
mb-10557,train,2.0934217,2.101734,1.9242793,2.071135
mb-01861,train,2.264818,2.3818536,1.9242793,2.0562718
mb-01220,train,2.1522884,2.0531394,1.80618,1.7284775
mb-00759,train,1.9731278,2.0145543,1.748188,1.7455149
mb-06889,train,1.4913617,1.5621356,1.3617278,1.4104263
mb-02109,train,1.9444827,1.9889009,1.60206,1.709243
mb-09796,train,1.6020601,1.5162494,1.1760913,1.0831754
mb-07290,train,2.3283796,2.3000195,1.9777236,1.9852768
mb-03100,train,1.9777236,1.9260596,1.8692317,1.6998322
mb-01797,train,2.2278867,2.1769269,1.1139433,1.0945951
af-5c6b84f5e53d,train,1.4791231,1.2882156,1.2991258,1.0078382
mb-08000,train,1.3979399,1.2011418,1.1139433,1.0429533
mb-03413,train,2.4248815,2.5316758,2.1818435,2.2392864
mb-05681,train,1.8388491,1.860634,1.763428,1.6477267
mb-03418,train,2.243038,2.279998,2.1038036,2.0491018
mb-09704,train,1.80618,1.8503239,1.5440681,1.5387954
mb-06973,train,1.0791812,1.0240926,0.90309,0.87851405
mb-09741,train,1.9084849,1.869333,1.770852,1.6255032
af-d82b66545e38,train,1.1389055,1.501387,1.0077392,1.1028403
mb-08960,train,2.120574,1.9324507,1.7993406,1.6846374
mb-07386,train,1.1760912,1.1972492,1.0,1.0606444
mb-05324,train,2.2479732,2.287585,1.8976271,1.9564614
mb-09724,train,2.2878017,2.2530117,1.9590414,1.9484684
mb-06473,train,1.6901962,1.8252118,1.230449,1.2501855
mb-07702,train,2.3579347,2.3710165,2.0128372,2.0356603
mb-06856,train,2.3283796,2.2202013,2.2718415,2.1347837
mb-06055,train,1.8388491,1.8449278,1.4149734,1.3984616
mb-02618,train,1.9344984,1.9944911,1.60206,1.7186704
mb-00149,train,2.2576785,2.2390442,1.9637878,1.9773085
mb-09267,train,0.7781513,1.1815298,1.0413927,1.0498996
mb-03032,train,2.033424,1.9960113,1.39794,1.4289241
mb-01064,train,1.6989701,1.8993303,1.5440681,1.6886616
mb-01746,train,1.3222193,1.4962165,0.845098,1.0131366
mb-09363,train,1.39794,1.4114659,0.90309,0.8725149
mb-03538,train,2.1271048,2.1104324,1.8808136,1.8731622
mb-10062,train,1.3424227,1.3915613,1.20412,1.211406
mb-00650,train,1.9637878,1.9500698,1.6720978,1.6551387
af-f1d774fa5d76,train,1.964453,1.7527666,1.1569064,1.119906
mb-09859,train,2.1760912,2.217724,1.908485,2.0458188
mb-10890,train,1.832509,1.9522223,0.69897,1.0013078
mb-00195,train,2.4843,2.459037,2.25042,2.2288933
mb-03057,train,2.1903317,2.0980182,1.8920946,1.7295917
mb-07306,train,1.230449,1.2344289,1.0413927,1.0790373
mb-09527,train,2.049218,1.923311,1.8633229,1.7141665
mb-05421,train,1.3617278,1.5184948,1.3802112,1.067117
mb-07315,train,1.748188,1.7594607,1.4149734,1.4139313
mb-04607,train,0.60206,0.48594853,0.30103,0.24884987
mb-07868,train,1.8864907,1.8788891,1.0413927,1.1192827
mb-02769,train,1.9395192,1.9999624,1.770852,1.7869599
mb-10297,train,2.120574,2.0090027,1.845098,1.7229698
mb-02129,train,2.0043213,2.0359588,1.8808136,1.7954895
mb-09529,train,1.4471581,1.4382132,0.9542425,0.89226115
mb-08452,train,1.8633229,1.8281976,1.50515,1.409437
mb-08524,train,1.4149734,1.5354946,1.230449,1.3693851
mb-02918,train,1.7160033,1.6347376,1.3617278,1.3754647
mb-08302,train,1.9294189,1.9821312,1.6232493,1.5313929
mb-04490,train,1.690196,1.737206,1.0,1.0561947
mb-08959,train,1.9542425,1.911209,1.7160033,1.6243955
mb-04365,train,2.7101173,1.9233737,1.6127839,1.2632586
mb-06719,train,2.0211892,2.0569162,1.0413927,1.1108358
mb-06991,train,1.8750613,1.813001,1.50515,1.4394286
mb-05077,train,1.7853298,1.8259442,1.0,1.0694256
mb-09938,train,2.133539,2.0865326,1.7558749,1.6034944
mb-08981,train,1.9190781,1.8164985,1.4149734,1.3968382
mb-02686,train,2.2121875,2.1455028,1.8692317,1.8140783
mb-02054,train,2.3944516,2.3617957,2.09691,2.053768
mb-01275,train,2.3820171,2.4401927,2.0827854,2.1290565
mb-03080,train,2.232996,1.9967594,2.045323,1.7521603
mb-00327,train,2.0253057,2.0519836,1.6720978,1.7415454
mb-02350,train,2.303196,2.307169,2.0293837,2.0579321
mb-07249,train,1.9294189,1.8724287,1.5185139,1.5170074
mb-04879,train,2.08636,2.0736632,1.3424227,1.3115193
mb-10479,train,1.8325089,1.7309114,1.6127839,1.5393986
mb-00486,train,1.8325089,1.8597713,1.50515,1.3834044
mb-02588,train,1.0791812,0.98650295,0.69897,0.63274217
mb-00657,train,2.1846914,2.1223955,1.69897,1.6765673
mb-07279,train,1.8325089,1.9584546,1.3424227,1.4722773
mb-04766,train,2.2576785,2.2139654,2.0,1.9964737
mb-01047,train,1.0,1.1991409,0.9542425,1.0683107
mb-05802,train,2.1172712,1.9895518,1.7242758,1.6673398
mb-07073,train,1.30103,1.5590291,1.3802112,1.4260134
mb-04680,train,1.5797837,1.6631305,1.2787536,1.380047
mb-08366,train,2.089905,2.0203917,1.4771212,1.492426
mb-09877,train,2.230449,2.2054136,1.8573325,1.8037829
mb-00210,train,2.1038036,2.0751262,1.5910646,1.5177777
mb-00109,train,1.0,1.1397243,0.7781513,0.82975024
mb-00058,train,0.9542425,1.1831621,0.0,0.33186793
mb-06182,train,1.90309,1.9654709,1.5797836,1.6928139
mb-06145,train,2.2479734,2.2326212,1.8512584,1.8811599
mb-00831,train,2.2329962,2.242638,1.9242793,1.9559846
mb-03109,train,2.2430382,2.13261,1.8512584,1.7247889
mb-07972,train,1.7403628,1.7122648,1.3424227,1.3998799
mb-10459,train,1.5440681,1.5058429,1.0,1.06319
mb-00952,train,1.9542425,1.8521084,1.5185139,1.4624134
mb-06622,train,1.845098,1.8922408,1.30103,1.4056661
mb-02464,train,2.0086002,1.8926691,1.3222193,1.2165108
mb-00734,train,2.0170333,2.0193422,1.763428,1.781444
mb-01675,train,1.447158,1.8388431,1.60206,1.738423
mb-06653,train,1.4313638,1.2114635,1.146128,1.0685871
mb-07677,train,2.146128,2.0870233,1.5797836,1.6252465
mb-08168,train,1.9542425,1.8684142,1.7075702,1.5678759
af-5d6ade89e401,train,1.5903836,1.568172,1.1025091,1.2054876
mb-03626,train,1.724276,1.7824472,1.6532125,1.5751389
mb-01672,train,0.90309,0.8425846,0.69897,0.65749407
mb-06266,train,2.1958997,2.2471173,1.9138138,1.8020726
mb-10592,train,1.2787535,1.3253372,1.0791812,1.16096
mb-01950,train,1.5563025,1.4608734,1.146128,1.0793786
mb-00344,train,2.075547,2.0697007,1.770852,1.7603347
af-81ee2ef7b606,train,1.4154692,1.4722617,1.0987406,1.1461383
mb-01920,train,1.5440681,1.5635126,1.146128,1.1635777
af-2216102577d6,train,1.4331279,1.3662167,1.1314198,1.061238
mb-00975,train,1.90309,1.9350605,1.7075702,1.7067665
mb-09226,train,1.6334685,1.6186609,1.230449,1.1975847
mb-06385,train,2.0827854,2.0737605,1.6627579,1.6316454
mb-09606,train,2.2121875,2.2080104,1.8129133,1.8073632
mb-10924,train,2.2900345,2.2667263,2.0043213,1.9489464
mb-10589,train,1.6720979,1.806036,1.39794,1.560124
mb-03689,train,2.307496,2.207916,2.0606978,2.0264335
af-3d5c7e27f5a6,train,1.5057521,1.8383578,1.267934,0.9932673
mb-09790,train,2.1846914,2.1563299,1.9444827,1.9163419
af-f40c644d3d9b,train,1.8587952,1.6898451,1.229139,1.1270807
mb-04460,train,1.9084849,1.844835,1.6720978,1.6004839
mb-09271,train,1.5910646,1.6526153,1.1139433,1.1207967
mb-01592,train,1.6532125,1.7166023,1.230449,1.2993162
mb-06532,train,2.1931245,2.1525402,1.7323937,1.7235264
mb-03481,train,2.1931245,2.1037526,1.7160033,1.6137213
mb-02801,train,2.2405493,2.218241,1.8864907,1.900851
mb-05013,train,2.3560257,2.218315,1.7853298,1.7241628
mb-10138,train,2.390935,2.2175853,2.0681858,1.8830389
mb-01234,train,1.1760913,1.4599413,0.7781513,1.0265431
mb-01743,train,1.5440681,1.5933288,1.4313638,1.4486737
mb-00763,train,1.8260747,1.8972429,1.7403626,1.6619514
mb-00039,train,1.8864907,1.6595743,1.690196,1.5352114
mb-00733,train,2.3324385,2.2583444,2.0128372,1.8332485
mb-00965,train,2.164353,2.129322,1.7160033,1.6125549
mb-03443,train,1.7242758,1.6824176,1.5797836,1.5104023
mb-06984,train,2.39794,2.3502278,2.0,2.0031095
mb-04353,train,1.8808136,1.8288643,1.462398,1.4030471
af-5d2ee95d3fdb,train,1.7359093,1.5769248,1.2404095,1.1656022
mb-06853,train,1.7075702,1.7173798,1.30103,1.3412178
af-6d05d4820124,train,1.3217599,1.2859898,1.1387572,1.0111794
mb-05662,train,1.9822713,1.9038442,1.5682018,1.5002322
mb-04121,train,1.9637879,1.9110999,1.4913617,1.4593846
mb-08178,train,1.7923918,1.8596324,1.462398,1.5620137
mb-02003,train,1.9344984,1.9501572,1.3617278,1.3884465
mb-03120,train,2.2787538,2.3467388,2.2405493,2.2770596
mb-07281,train,2.1903317,2.1275756,1.9344984,1.9292845
mb-00478,train,2.220108,2.2372656,1.9542425,1.9450834
af-8e941641cd23,train,1.6708348,1.7078282,1.0917127,1.1009364
mb-01696,train,1.7242758,1.8052689,1.4149734,1.502965
mb-01813,train,1.3010299,1.5303404,1.0413927,1.2091333
mb-04738,train,1.3802112,1.4308789,1.0413927,1.0827479
mb-02147,train,2.1367204,2.1480904,2.1818435,2.1204386
mb-10104,train,1.6989701,1.6308018,1.2552725,1.2922201
mb-01773,train,2.1139433,2.0303807,1.819544,1.778424
mb-10876,train,2.5465426,2.4440603,2.243038,2.1468987
mb-07142,train,1.8573326,1.7640493,1.5563025,1.4566404
af-14fc9659417d,train,1.3723799,1.5758551,0.97821295,1.1633631
mb-00070,train,1.0791812,1.1736654,0.845098,0.8325633
mb-08015,train,1.6532125,1.6428787,1.3802112,1.3432659
mb-00402,train,1.897627,1.9055212,1.6720978,1.6505873
mb-09927,train,2.1105897,2.0458097,1.8808136,1.8478591
mb-01565,train,1.9822712,2.0313568,1.7075702,1.8177373
mb-08913,train,1.8325088,1.8177041,1.447158,1.3991969
mb-01947,train,1.6901962,1.7042162,1.2787536,1.297312
mb-06364,train,2.2855573,2.2845004,1.9344984,1.9262785
mb-04273,train,1.4771212,1.3774328,1.0413927,1.1168193
mb-02554,train,1.7075701,1.6311285,1.3222193,1.4192723
mb-02069,train,2.0791812,1.956156,1.7853298,1.6308724
mb-10168,train,2.3617277,2.4183793,2.0128372,2.1546285
mb-10715,train,2.4099333,2.3151777,2.0413928,1.9473482
mb-06117,train,2.1846914,2.164931,1.8573325,1.8614771
mb-04687,train,1.6720978,1.6299946,1.447158,1.4089648
mb-10092,train,2.1731863,2.0758028,1.8692317,1.742731
mb-07036,train,1.8633229,1.8420209,1.60206,1.5139292
mb-05646,train,1.819544,1.7747585,0.90309,0.9324278
mb-00101,train,1.4913617,1.47476,1.30103,1.2915527
mb-08542,train,1.5440681,1.5574753,1.4149734,1.3811418
mb-08214,train,1.6720978,1.664167,1.4771212,1.5251838
mb-06671,train,1.4313638,1.2725452,1.30103,1.1362518
mb-10280,train,1.5797837,1.6147807,1.1760913,1.23946
mb-08694,train,2.240549,2.1971703,1.5797836,1.3140657
mb-02701,train,2.2329962,2.1911922,2.0086002,1.851916
mb-10806,train,1.8388492,1.8601387,1.462398,1.5345317
mb-03172,train,1.6127839,1.6299222,1.2552725,1.2877412
mb-09657,train,1.763428,1.7646081,1.4149734,1.4475077
mb-10149,train,2.0043213,2.0301082,1.6532125,1.7650403
mb-04792,train,1.94939,1.9340116,1.5682018,1.5363727
mb-01231,train,1.9190781,1.8669758,1.8260748,1.6948421
mb-06567,train,2.363612,2.3040283,1.9956352,1.9280369
mb-06786,train,1.4771212,1.4424888,1.146128,0.96960753
mb-03435,train,1.5682018,1.7049689,1.3424227,1.4574356
mb-04325,train,2.1613681,2.2278187,1.908485,1.9654409
mb-05309,train,2.0043213,1.9892691,1.770852,1.7667267
mb-03931,train,1.9138138,1.8769058,1.7853298,1.6870214
mb-02543,train,0.90309,0.96783036,0.60206,0.6601639
mb-01232,train,1.0,0.9631244,0.69897,0.66328704
mb-03375,train,2.5477746,2.3245363,2.3541083,1.9785101
mb-08969,train,1.531479,1.4431556,1.1760913,1.0651171
mb-09592,train,2.1583624,2.1065984,1.5910646,1.6140939
mb-04228,train,2.1003706,2.0399153,1.8512584,1.7206242
mb-07289,train,2.146128,2.1351423,1.9542425,1.8795364
mb-08550,train,1.9912261,2.0789113,1.6812413,1.7559316
mb-02775,train,1.8692317,1.8455999,1.4771212,1.4835337
mb-00679,train,1.20412,1.2787682,0.9542425,0.98883146
mb-07582,train,1.0791813,0.9293947,0.7781513,0.68535084
mb-04689,train,1.6532125,1.501231,1.1139433,0.99248266
mb-06778,train,2.033424,2.126963,0.845098,0.90768
af-b468cbf4ca46,train,1.5820327,1.3885374,1.2898875,1.0939617
mb-01496,train,1.3802114,1.5374753,1.20412,1.3313936
mb-08976,train,1.5314789,1.679957,1.5185139,1.6178118
mb-03197,train,1.9912262,1.920702,1.4313638,1.3914809
mb-04462,train,1.5563025,1.6806458,1.0,1.1371268
mb-08349,train,1.6989701,1.6603875,1.5440681,1.4840689
af-750354dbab6b,train,1.6915236,1.6790425,1.055833,1.0420662
mb-04370,train,1.3617278,1.2651011,1.146128,1.1000699
mb-05137,train,1.3802112,1.2088261,1.230449,1.0552952
mb-05292,train,2.1172712,2.050277,1.748188,1.6857383
af-7db41ab7fd14,train,1.529556,1.4844879,0.9046501,0.9282239
mb-07662,train,1.39794,1.5464697,1.1760913,1.21899
mb-10700,train,1.5797836,1.6289114,1.1139433,1.2248968
mb-00752,train,1.9242793,2.0381308,1.6232493,1.6606916
mb-03765,train,1.9912261,2.004955,1.8512584,1.809305
mb-09475,train,2.2648177,2.2576551,1.8692317,1.9003987
mb-02499,train,2.3053513,2.2926087,1.9190781,1.9178543
mb-04101,train,2.2552726,2.191502,2.1003706,1.9687186
mb-07037,train,1.6989701,1.8175862,1.5682018,1.5607744
mb-08255,train,1.690196,1.5578668,1.50515,1.3896312
mb-04657,train,0.7781513,0.67281795,0.47712126,0.39007664
mb-04707,train,1.8750613,1.8826017,1.5682018,1.5969073
mb-01038,train,1.8573326,1.8368757,1.462398,1.4227226
mb-01701,train,2.0,1.9959446,1.5314789,1.5562409
mb-05817,train,1.8808136,1.8616025,1.6627579,1.5861872
mb-02889,train,1.7853298,1.7452285,1.3802112,1.382893
mb-00745,train,1.39794,1.5980239,1.0,1.2778096
mb-08236,train,2.0211892,2.0639784,1.7075702,1.7010221
mb-01332,train,2.1105897,2.0764694,1.6812413,1.697515
mb-06857,train,1.0791812,1.2114633,0.90309,1.0685868
mb-04362,train,2.161368,2.1038997,1.9590414,1.8855464
mb-10574,train,1.94939,2.0553246,2.0086002,1.8369551
mb-10347,train,2.0413928,2.0373168,1.80618,1.7294166
mb-10197,train,2.5237465,2.4268675,2.2227166,2.136763
mb-03509,train,2.2878017,2.4098604,1.9190781,2.1360843
mb-04472,train,2.0453231,2.0545893,1.7993406,1.8194329
mb-08145,train,2.0253057,1.9929142,1.4771212,1.4484824
mb-05210,train,1.3617278,1.374978,1.2552725,1.2002776
mb-04144,train,2.0374265,1.9887105,1.69897,1.6272811
mb-03019,train,1.80618,1.7403114,1.60206,1.4610807
mb-03130,train,1.819544,1.8043736,1.4313638,1.4436821
mb-09024,train,1.4149734,1.4731133,1.0413927,1.0843017
mb-03199,train,2.2810333,2.2058806,1.7160033,1.6370096
mb-04450,train,2.2787535,2.1288953,1.845098,1.7310548
mb-04638,train,2.0899053,2.0626445,1.6334685,1.6340114
mb-03602,train,2.3201463,2.2672784,2.1958997,2.12733
mb-04065,train,2.0934217,1.974795,1.8633229,1.8229821
mb-08408,train,2.198657,2.08111,1.4149734,1.3423499
mb-09664,train,1.5910647,1.67949,1.462398,1.3983967
mb-06403,train,2.0170333,1.8991902,1.6720978,1.5655963
mb-07529,train,1.7323939,1.7608271,1.5440681,1.5412521
mb-06499,train,1.7853298,1.7557826,1.60206,1.5732337
mb-03483,train,1.7075702,1.7173346,1.50515,1.4584321
mb-09819,train,2.2966652,2.3752286,1.9294189,2.0434437
mb-05216,train,1.0791812,0.8719821,0.845098,0.6524523
mb-08019,train,1.518514,1.5124274,1.1760913,1.2346272
mb-02614,train,1.9190781,1.8675125,1.6434526,1.6812631
mb-10531,train,1.4149734,1.4469676,1.0413927,1.1294167
mb-06523,train,2.2121878,2.1327999,1.4149734,1.4015561
mb-07890,train,2.2988532,2.2438412,1.6232493,1.5679313
mb-10896,train,1.6720978,1.5644816,1.0791812,1.1103016
mb-07500,train,1.748188,1.7800068,1.230449,1.3096247
mb-07187,train,2.1931245,2.1561768,1.7853298,1.8003733
af-59bce60e4ed7,train,1.6086447,1.6784248,0.9380266,1.1007559
mb-02507,train,2.3424227,2.2486622,1.9190781,1.8193607
mb-04210,train,2.1702616,2.134815,1.8325089,1.8262866
mb-00452,train,2.2148438,2.25056,1.9637878,1.9580599
mb-00708,train,1.30103,1.5246522,1.3617278,1.4039531
mb-08369,train,1.7403628,1.6443895,1.5682018,1.4169251
af-81af8c617774,train,1.3124588,1.4594947,1.0181843,1.1097347
mb-02952,train,1.544068,1.6478003,1.4771212,1.2693282
mb-04108,train,2.269513,2.2936885,2.0128372,2.0396802
mb-03089,train,2.1818435,2.1062555,1.9822712,1.8795166
af-ac54cf33d37d,train,1.5198228,1.5533046,1.10916,1.1577268
mb-06840,train,2.033424,2.031131,1.20412,1.2970828
mb-03941,train,1.7075702,1.893695,1.5440681,1.6188704
mb-05790,train,1.6232493,1.6162975,1.3617278,1.3310835
mb-10278,train,2.220108,2.1887522,1.8692317,1.9413644
mb-03781,train,1.7853298,1.7714275,1.5314789,1.4658548
mb-01758,train,2.0253057,1.9993942,1.845098,1.7917527
af-6b4795df74ca,train,1.4586378,1.401814,0.8249286,0.90002
mb-01243,train,2.376577,2.3766415,2.243038,2.1757004
mb-01480,train,2.1398792,2.1743746,1.8512584,2.0193808
mb-02795,train,2.1172712,2.0478792,1.7923917,1.7312818
mb-09438,train,1.7923918,1.865065,1.146128,1.2196032
mb-00841,train,2.5145478,2.539137,2.292256,2.3032658
mb-06222,train,2.1673174,2.201412,1.7993406,1.8097184
mb-07771,train,1.7160034,1.7136548,1.2787536,1.3813689
mb-04709,train,1.6334685,1.6640573,1.230449,1.2751898
mb-05270,train,1.80618,1.7584678,1.20412,1.2046821
af-6c1834465c39,train,1.4769273,1.4879364,1.1200933,1.1217675
mb-02856,train,1.863323,1.8686486,1.2787536,1.3913522
mb-09390,train,1.9731278,2.0873876,1.7323937,1.8854699
mb-05192,train,1.7160034,1.6798704,1.39794,1.3251488
mb-03745,train,1.6812412,1.6844977,1.3222193,1.3553098
mb-04480,train,2.1818435,2.1065435,1.8573325,1.8278818
mb-09035,train,1.4313638,1.4780437,1.1139433,1.2062607
mb-09381,train,1.5797837,1.6365128,1.146128,1.2054961
mb-07550,train,2.0530784,1.953389,1.8129133,1.7512943
mb-05728,train,1.7781513,1.8079811,1.2552725,1.3822948
mb-07642,train,1.690196,1.7524112,1.447158,1.5139341
af-dec09c04ffe4,train,1.7392867,1.6543043,1.275597,1.1446254
mb-04686,train,1.7781513,1.7601635,1.7923917,1.6305383
mb-07812,train,1.763428,1.4373848,1.6532125,1.3307987
mb-00506,train,2.143015,2.1251411,1.6334685,1.6318045
mb-06475,train,1.6901962,1.6805139,1.4313638,1.4199913
mb-10612,train,1.9637878,2.0338757,1.5314789,1.4873304
mb-03524,train,1.8750613,1.8190837,1.60206,1.4781929
mb-05364,train,0.90309,1.5004995,1.146128,1.4675229
mb-05375,train,1.845098,1.7843497,1.60206,1.5391876
mb-09946,train,1.9822712,1.9476421,1.5185139,1.572171
mb-00297,train,1.7403628,1.4887325,1.5563025,1.3546025
mb-03482,train,2.1398792,2.1363058,1.5440681,1.5734708
af-704ad2430ab5,train,1.3509763,1.3266511,1.022684,1.0209299
mb-04031,train,2.2787535,2.29065,1.690196,1.8877977
mb-10865,train,2.1271048,1.8771341,1.8976271,1.5978438
mb-09054,train,1.9242793,1.8513417,1.5440681,1.5337676
mb-02756,train,1.9242793,1.9174235,1.6232493,1.5924929
af-5be93a213530,train,1.8026321,1.5863049,1.2991279,1.0946827
mb-02440,train,2.0,2.0002153,1.4313638,1.3838398
mb-02710,train,1.5563024,1.7691565,1.0791812,1.2553602
mb-01172,train,1.6232493,1.6402074,1.30103,1.3465718
mb-10452,train,2.1875207,2.1277552,2.089905,1.9257692
mb-03910,train,2.049218,2.01506,1.7558749,1.760543
mb-05740,train,1.5185139,1.7109581,1.2552725,1.4069542
mb-07886,train,2.1105897,2.0826912,1.4313638,1.4153645
mb-08598,train,2.0086002,1.9877282,1.7242758,1.7064267
mb-01923,train,2.130334,2.087866,1.8976271,1.8438178
mb-02630,train,0.9542425,1.0620221,0.90309,0.93016464
mb-08557,train,1.8864908,1.7875054,1.6334685,1.5461547
mb-00287,train,1.94939,1.934674,1.7075702,1.5240285
mb-03206,train,2.089905,2.0949466,1.9294189,1.9085745
mb-00712,train,1.3222194,1.4306132,1.146128,1.2408525
mb-02167,train,1.832509,1.7744126,1.5682018,1.4834787
mb-00834,train,1.8388491,1.8945673,1.4149734,1.5486393
mb-09837,train,1.7075701,1.7543653,1.447158,1.4472363
mb-08067,train,1.9242793,1.8233628,1.6334685,1.5813246
mb-05275,train,2.2878017,2.3622053,2.0293837,2.0543752
mb-07826,train,1.6627579,1.7389816,1.3617278,1.4397134
mb-09880,train,2.209515,2.1624289,1.4913617,1.6982691
mb-04140,train,2.025306,2.088351,1.7075702,1.7827636
mb-05487,train,1.2787536,1.7022991,1.30103,1.5625564
mb-10468,train,2.143015,2.1217937,1.1760913,1.1726931
mb-07265,train,1.5910647,1.7190151,1.30103,1.3729894
mb-08371,train,2.1038036,2.0688894,1.9344984,1.8358383
af-3d43bc3c329d,train,1.449608,1.4254831,1.2397848,1.0924002
mb-07797,train,1.7075702,1.6813517,1.4771212,1.431471
mb-03721,train,1.845098,1.7801267,1.6627579,1.5800459
mb-07478,train,1.7558749,1.757516,1.5314789,1.4787612
mb-05033,train,1.146128,1.2024438,0.9542425,1.0664899
mb-00029,train,1.763428,1.8130434,1.4149734,1.3935363
mb-02485,train,2.2900345,2.272124,1.9542425,1.8697861
af-82e85d467374,train,1.3391194,1.2007303,0.99989706,1.0069339
mb-00110,train,1.9912261,2.0236516,1.8633229,1.8183527
mb-03150,train,0.9542425,1.0572907,0.60206,0.70503426
mb-08676,train,1.9084849,1.8972981,1.447158,1.4988675
mb-01818,train,2.0,1.9744868,1.8692317,1.7514583
mb-09710,train,1.4149734,1.2769809,1.0413927,0.97270197
mb-01670,train,2.1673174,2.102736,1.9242793,1.8736436
mb-01281,train,1.6434528,1.6425018,1.30103,1.3778794
mb-01807,train,1.8920946,1.9397352,1.6232493,1.6706381
mb-07038,train,1.9190781,1.8698783,1.6434526,1.599561
mb-00925,train,1.447158,1.4554337,1.1139433,1.1460792
mb-06773,train,1.3617278,1.390233,1.39794,1.3079379
mb-02647,train,1.8633229,1.8666244,1.5185139,1.5372254
mb-06345,train,1.9444828,1.9636618,1.3424227,1.3101811
mb-09584,train,1.6627579,1.6727499,1.3424227,1.3334942
mb-05821,train,2.2671719,2.2154264,1.748188,1.8066007
mb-07370,train,2.2013972,2.2586267,1.8920946,1.9729751
mb-02809,train,1.7853298,1.7215354,1.50515,1.4552597
af-cd74964c5635,train,0.9980657,0.9831269,0.5925476,0.65113735
mb-01730,train,2.0827854,2.0279574,1.845098,1.7633964
mb-00409,train,1.7923918,1.822793,1.3424227,1.4060884
mb-10660,train,2.311754,2.2169135,1.94939,1.7515882
mb-00241,train,1.8692317,1.929416,1.69897,1.7277346
mb-00971,train,1.90309,2.0887551,1.6627579,1.8698564
mb-10476,train,1.1760912,1.1810795,1.0,1.0510281
mb-08079,train,2.0569048,1.9969691,1.2552725,1.2623328
mb-04230,train,2.1003706,2.078249,1.6627579,1.6394066
mb-09638,train,1.9444826,2.0216784,1.6720978,1.7375815
mb-07894,train,2.2148438,2.2019663,1.763428,1.8622134
mb-09236,train,2.2552724,2.2637393,1.60206,1.7709275
mb-02611,train,1.5185139,1.5895237,1.39794,1.4309453
mb-03458,train,2.2253094,2.24649,1.819544,1.8192165
mb-01273,train,1.9444826,1.9199066,1.447158,1.4774632
mb-03280,train,2.5289168,2.5786912,2.206826,2.304953
mb-06728,train,1.8260748,1.817138,1.3424227,1.3691281
mb-09365,train,2.3873897,2.277595,2.243038,2.1450412
mb-00455,train,1.9138138,1.8971074,1.7323937,1.7379637
mb-00499,train,2.1958997,2.094248,1.7993406,1.7435734
mb-01860,train,1.4771212,1.5426476,1.3802112,1.388178
mb-06167,train,2.1430147,2.1217897,1.690196,1.7145072
mb-07749,train,1.845098,1.8784177,1.39794,1.4088944
mb-06598,train,1.7242758,1.7067755,1.39794,1.3240762
mb-10767,train,1.6720979,1.6208291,1.1139433,1.1535441
mb-00977,train,2.2304487,2.135392,2.0863597,1.9473338
mb-09919,train,1.748188,1.8985206,1.5910646,1.6910963
mb-05697,train,2.071882,2.0563648,1.6720978,1.6514362
mb-00755,train,2.025306,2.0263166,1.7075702,1.7033808
mb-10442,train,2.2600713,2.2001662,1.9190781,1.9284512
mb-09330,train,1.7923918,1.7536516,1.1760913,1.1674979
af-cdd7847fb7e8,train,1.4002357,1.4498565,1.1960601,1.1586807
mb-08346,train,1.9731278,1.9795611,1.6434526,1.6417061
mb-00622,train,2.2253094,2.205015,1.9344984,1.948699
mb-08011,train,1.6989701,1.7375351,1.4313638,1.4971696
mb-00368,train,1.2552725,1.3122103,1.0,1.1338011
mb-07477,train,1.8260747,1.8971759,1.5910646,1.6327606
mb-04156,train,2.133539,2.0449603,1.7923917,1.7253001
mb-05888,train,1.50515,1.6031072,1.3617278,1.376826
mb-05441,train,1.230449,1.4190528,0.90309,1.0505265
mb-09398,train,0.60206,0.5585846,0.30103,0.26214278
mb-02571,train,2.1105897,2.1301546,1.845098,1.7829788
mb-01570,train,1.9344984,1.8591515,1.763428,1.6924378
mb-04661,train,1.9294189,1.9948765,1.7853298,1.7963388
mb-00015,train,2.2648177,2.275424,1.8750613,1.8944635
mb-01030,train,2.3598354,2.3473263,1.9956352,1.9989649
mb-03139,train,2.139879,2.066723,2.0791812,1.8787912
mb-09085,train,1.770852,1.6970494,1.5797836,1.4603306
mb-04404,train,2.139879,2.1807966,1.7853298,1.8073807
mb-02968,train,2.2253094,2.153631,1.6532125,1.6714276
af-c9246cfad021,train,1.5178857,1.435317,1.1198132,1.0303425
mb-10287,train,1.3802112,1.3669115,1.146128,1.133911
mb-01277,train,1.462398,1.2575634,1.2787536,1.0866227
mb-05875,train,2.1583624,2.074655,1.69897,1.6518958
mb-01903,train,2.178977,2.1591098,1.819544,1.8665731
mb-09469,train,1.9242793,1.9178188,1.39794,1.3924713
af-27d624358558,train,1.8399076,1.8920674,1.2475854,1.2017479
mb-07893,train,1.9344985,1.8938397,1.5563025,1.6749682
mb-04939,train,2.0374265,2.053534,1.6334685,1.6364361
af-a5b293c638b5,train,1.4109341,1.474148,1.1640494,1.179831
mb-04027,train,2.3180633,2.2708623,1.9242793,1.9218621
af-b3860f8b2cd9,train,0.9787382,1.0732849,0.64087975,0.7081183
mb-00483,train,2.071882,2.0329673,1.7923917,1.8395367
mb-02080,train,0.4771213,0.835748,0.60206,0.70247895
mb-03522,train,1.80618,1.8554052,1.6232493,1.6001098
mb-08061,train,2.2624512,2.1705554,1.9731278,1.8587278
mb-01082,train,2.1105897,2.1607888,1.7853298,1.8406361
mb-10064,train,1.9493899,2.008283,1.60206,1.6256422
mb-00270,train,1.7323937,1.7063789,1.39794,1.3052273
mb-07028,train,1.5910647,1.6146551,1.30103,1.2944125
mb-06137,train,1.6232493,1.6112256,1.1139433,1.1690849
mb-00641,train,1.0413927,1.2424672,0.845098,1.0069649
mb-10955,val,2.2833014,2.3355725,1.8920946,1.9898261
mb-08189,val,1.7403628,1.8889154,1.5682018,1.236918
mb-02203,val,1.9590414,1.9043977,1.7558749,1.6792852
mb-06097,val,2.0569048,1.582062,1.5185139,1.109855
mb-03807,val,2.1613681,2.1133645,1.9190781,1.8815864
mb-03712,val,1.9822712,1.8490739,1.50515,1.4440453
mb-05017,val,2.2576785,2.257468,1.8573325,1.8360628
mb-02367,val,2.2878017,2.2531195,1.9822712,1.924099
mb-03716,val,1.6434526,1.657367,1.1139433,1.4970104
mb-04624,val,2.3053513,2.3107307,1.8633229,1.9341806
mb-07595,val,1.7708521,1.6766595,1.462398,1.3592664
mb-02376,val,1.0,0.98608685,0.69897,0.60849726
mb-05926,val,1.7993405,1.8242631,1.146128,1.3339261
mb-01088,val,1.5440681,1.4884703,1.1760913,1.114327
mb-06144,val,2.1958997,2.2021413,1.9242793,1.8417232
mb-06812,val,1.8260748,1.8086892,1.3802112,1.3714633
mb-06164,val,1.69897,1.6877606,1.60206,1.5187658
mb-00441,val,1.9867717,1.9648874,1.7160033,1.6844642
mb-02097,val,1.8750613,1.8692348,1.69897,1.6194366
mb-08841,val,2.0530784,1.9898678,1.7923917,1.6738213
mb-06527,val,2.0791812,2.0210814,1.5185139,1.5950246
mb-08892,val,2.2479732,2.288566,1.9294189,2.0182276
mb-03134,val,1.9242792,1.9665997,1.7323937,1.6198707
mb-03259,val,1.4623979,1.6612085,1.0791812,1.2847803
mb-07470,val,2.0827854,2.0964327,1.5682018,1.6358707
mb-01138,val,1.4149734,1.3217393,1.1139433,0.9722971
mb-09115,val,1.8692317,1.9264374,1.3222193,1.5682076
mb-10482,val,2.2355285,2.195353,1.9542425,1.9230781
mb-03867,val,1.7781513,1.7609851,1.462398,1.454847
mb-09356,val,2.3560257,2.4099884,1.9542425,2.139519
mb-07656,val,2.3222194,2.2716787,1.94939,1.8277717
mb-00382,val,1.7075701,1.7111449,1.447158,1.4482784
mb-00998,val,1.6020601,1.6719998,1.3424227,1.370014
mb-00560,val,1.7160034,1.7087113,1.39794,1.3161218
mb-06610,val,2.1003706,1.9791044,1.7558749,1.7538779
mb-10692,val,1.518514,1.6651137,1.20412,1.3149806
mb-02171,val,1.7853298,1.8607547,1.5797836,1.6054505
mb-02989,val,2.2855573,2.3201358,1.80618,1.9545002
mb-04928,val,1.8864908,1.9374919,1.4149734,1.4396652
mb-09811,val,2.198657,2.272308,2.075547,2.174316
mb-10808,val,1.5797836,1.5268699,1.3802112,1.1972578
mb-08611,val,1.8512583,1.8000498,1.5910646,1.4940119
mb-00632,val,2.1958997,2.096919,1.845098,1.7949939
mb-02978,val,1.7323937,1.831435,1.20412,1.2568645
mb-08664,val,2.0128374,2.240304,1.30103,1.707067
mb-06755,val,1.4149734,1.3681355,1.0413927,1.0814329
mb-10284,val,2.089905,2.2508016,1.7242758,1.8860623
mb-10684,val,1.4313638,1.6285003,1.2787536,1.0410762
mb-05647,val,1.462398,1.4530053,1.230449,0.9995661
mb-10445,val,1.3617278,1.390852,1.0413927,1.0776901
mb-10221,val,2.161368,2.0643764,1.9731278,1.8374913
mb-02151,val,1.9956353,2.0046458,1.5682018,1.679304
mb-05897,val,1.8260747,1.7627591,1.6434526,1.5930287
mb-03536,val,2.0569048,1.9700282,1.8692317,1.7797956
mb-01178,val,2.075547,2.0687892,1.69897,1.7671977
mb-00593,val,1.770852,1.7523419,1.3802112,1.428845
mb-08473,val,1.8750613,1.9320455,1.5185139,1.5994501
mb-00661,val,1.8864907,1.8597403,1.748188,1.6376978
mb-01229,val,1.1760913,1.0884224,0.60206,0.6289762
mb-00359,val,2.1303337,2.1407504,1.8129133,1.8318577
mb-10102,val,2.0492182,1.910528,1.4913617,1.4741958
mb-02092,val,2.0934217,2.0166376,1.6812413,1.4243441
mb-01932,val,2.269513,2.2271922,1.8692317,1.8022037
mb-04935,val,1.3010299,1.3525916,1.0413927,0.9344911
mb-02788,val,1.4313638,1.4111501,1.0413927,1.1580395
mb-03607,val,1.3617278,1.2938906,1.0,1.1017598
mb-03348,val,2.4983106,2.427922,2.307496,2.1670465
mb-01938,val,1.6901962,1.6575124,1.5440681,1.3601046
mb-06290,val,2.1958997,2.2093172,1.7853298,1.8222213
mb-04257,val,1.39794,1.332139,0.90309,0.95548797
mb-03732,val,2.3324385,2.258536,1.9395193,1.7208087
mb-03740,val,1.9444827,2.052297,1.8260748,1.7190849
mb-03935,val,2.2013972,2.2432501,1.7160033,1.8522704
mb-02841,val,1.4313638,1.536008,1.0413927,1.2500871
mb-01629,val,2.1903317,2.1899445,1.9294189,1.8241415
mb-09276,val,2.217484,2.2560375,1.8920946,2.0020049
mb-03137,val,1.8750613,1.8171264,1.5314789,1.5230135
mb-10769,val,1.5797837,1.1988087,1.30103,0.8959016
mb-04959,val,1.9344984,1.9563042,1.0,1.2982558
mb-06907,val,2.0334237,2.0581477,1.7323937,1.758464
mb-04987,val,2.4712915,2.4000802,2.3180633,2.3500051
mb-10929,val,1.7993406,1.8148957,1.30103,1.6347123
mb-08941,val,2.045323,2.051762,1.6720978,1.6962498
mb-05147,val,2.071882,1.9443219,1.4771212,1.4586747
mb-05432,val,2.1461282,2.0980587,1.9190781,1.8227569
mb-03726,val,1.7242758,1.7644635,1.3802112,1.4539369
mb-06963,val,1.748188,1.7391052,1.3424227,1.4159948
mb-03878,val,2.3579347,2.3173087,2.0530784,1.9891961
mb-04449,val,1.90309,1.814801,1.5185139,1.4833312
mb-10629,val,2.049218,2.0700355,1.6720978,1.7783293
mb-02475,val,1.4471581,1.5721111,1.0,1.2888348
mb-04697,val,2.38739,2.4031994,2.0827854,2.0868545
mb-03814,val,0.90309,1.0836594,0.69897,0.7178665
mb-00006,val,1.9956353,1.9332606,1.4913617,1.4825774
mb-01227,val,1.5797836,1.6434458,1.3802112,1.3705425
mb-07504,val,1.6989701,1.8313789,1.4313638,1.5499243
mb-10721,val,1.6127839,1.6130259,1.3617278,1.3169314
mb-00458,val,2.049218,2.077102,1.7242758,1.8509302
mb-09197,val,2.217484,2.1812222,1.9867717,1.9151866
mb-08544,val,1.5051501,1.6190803,1.230449,1.4323437
mb-08746,val,2.164353,2.0843368,1.69897,1.5507971
mb-10842,val,1.763428,1.8411152,1.3222193,1.5711658
mb-09751,val,1.8808136,1.8179016,1.6720978,1.5935752
mb-05880,val,2.2552724,2.2030993,1.8864907,1.8078307
mb-04072,val,1.5051501,1.5333698,1.3424227,1.3320951
mb-09493,val,1.8976271,2.024131,1.230449,1.4578755
mb-05184,val,1.3222193,1.2931356,1.0413927,1.1789497
mb-05543,val,2.243038,2.248954,2.0211892,1.941101
mb-09448,val,2.3521826,2.2922287,2.0086002,2.0136056
mb-00697,val,1.9444827,1.924387,1.6434526,1.5800415
mb-05472,val,1.2787536,1.4002421,1.0,1.0795121
mb-05673,val,1.9395192,1.9082848,1.7242758,1.6288406
mb-00147,val,2.1702616,2.2055209,2.071882,2.0759473
mb-00140,val,1.0413927,1.1377158,0.47712126,0.8320205
mb-10109,val,2.1583624,2.091341,1.7242758,1.7546791
mb-05280,val,1.6627579,1.6703557,1.4313638,1.3830631
mb-09667,val,1.462398,1.5651783,1.146128,1.3126181
mb-10765,val,2.2253094,2.1863432,2.0374265,1.9266658
mb-10618,val,2.4014006,2.2968993,2.1731863,2.1455903
mb-01628,val,1.8976271,1.9303801,1.6627579,1.677376
mb-02530,val,2.1760912,2.136278,1.5797836,1.6072437
mb-01137,val,0.69897,0.6898272,0.47712126,0.30912662
mb-08999,val,1.5185139,1.6312941,1.3424227,1.3783814
mb-02279,val,1.8692317,1.8022679,1.5563025,1.4861344
mb-06928,val,1.146128,1.1152446,0.7781513,0.6960497
mb-04285,val,0.8450981,0.94189245,0.60206,0.61768234
mb-02494,val,1.9590414,1.9273176,1.146128,1.4360387
mb-00946,val,1.462398,1.6472849,1.39794,1.5340571
mb-06581,val,2.2013972,2.0806737,1.8325089,1.7517818
mb-00767,val,2.178977,2.1603136,1.690196,1.5798336
mb-00845,val,1.6127839,1.579378,1.146128,1.1406932
mb-04037,val,2.2810333,2.209266,1.90309,1.8758863
mb-03670,val,2.1172712,2.0326245,1.8692317,1.7466825
mb-00299,val,2.0128372,2.0506096,1.7923917,1.7695284
mb-06895,val,1.7323937,1.7828989,1.2787536,1.3685353
mb-05075,val,2.201397,2.1401203,1.8129133,1.7204281
mb-02757,val,2.198657,2.155839,1.8864907,1.8243904
mb-05887,val,1.6232493,1.56489,1.5314789,1.4788821
mb-05672,val,2.0374265,1.9745036,1.462398,1.4215872
mb-01019,val,1.4771214,1.792913,1.5440681,1.5617687
mb-06659,val,2.3283796,2.2201672,2.2718415,2.134736
mb-05624,val,1.9912261,1.9602437,1.4149734,1.5128099
mb-02643,val,2.149219,2.1112971,2.0569048,2.0421736
mb-05078,val,2.3364596,2.219686,1.9542425,1.874996
mb-02493,val,2.2741578,2.316355,2.045323,2.061411
mb-01309,val,2.1903317,2.1626785,1.8976271,1.8317351
mb-09489,val,1.462398,1.706161,1.230449,1.4417336
mb-09061,val,2.1931245,2.0849838,2.064458,1.7842495
mb-08599,val,1.39794,1.4855459,1.20412,1.2149111
mb-09450,val,1.94939,1.9237313,1.4313638,1.7143952
mb-09620,val,2.045323,2.1105583,1.6812413,1.7954043
mb-09229,val,1.4149734,1.4305346,1.2787536,1.0729408
mb-03606,val,1.0,1.087481,0.7781513,0.7716958
mb-08435,val,1.8976271,1.5931406,1.146128,1.2897938
mb-08789,val,2.3673558,2.2900124,2.0170333,1.9008656
mb-05827,val,1.8195438,1.777254,1.3222193,1.2954242
mb-10408,val,1.69897,2.0013494,1.748188,1.7595898
mb-09019,val,1.7160033,1.8362567,1.5797836,1.5766656
mb-06796,val,0.9542425,1.0729282,0.7781513,0.7599192
mb-08381,val,2.0791812,2.0814488,1.8864907,1.9364115
mb-07358,val,2.149219,2.2431092,1.748188,1.9236228
mb-08498,val,1.8808136,1.8940089,1.7993406,1.760137
mb-05160,val,1.9344985,2.0681562,1.462398,1.7114911
mb-05978,val,2.2013972,2.225086,1.6627579,1.7776392
mb-00612,val,1.6334685,1.7156336,1.5682018,1.5230162
mb-00955,val,1.7558749,1.8232622,1.30103,1.4324433
mb-08774,val,1.6232493,1.6022027,1.3617278,1.3455005
mb-06744,val,1.7993406,2.1672862,1.6812413,1.8659809
mb-10656,val,2.0170333,1.954524,1.8692317,1.7848493
mb-07761,val,2.0043213,2.0353503,1.5185139,1.5678806
mb-05835,val,1.863323,1.8446437,1.6127839,1.4882656
mb-10372,val,1.8976271,2.0503478,1.7323937,1.9456904
mb-10703,val,2.3283796,2.350841,2.0827854,2.0050871
mb-09924,val,2.2253094,2.1188383,1.819544,1.6792557
mb-01826,val,1.763428,1.7602414,1.230449,1.2901907
mb-01519,val,1.7781513,1.7985225,1.462398,1.5302289
mb-10942,val,2.6394866,2.270266,2.7185018,2.270627
mb-10264,val,1.9084849,2.028817,1.7323937,1.704914
mb-03648,val,1.7993405,1.9065396,1.3222193,1.3815571
mb-08203,val,0.69897,1.7906481,1.2552725,1.2211081
mb-07353,val,1.5440681,1.5487509,1.1139433,1.154267
mb-03273,val,2.2600713,2.3337648,1.9294189,1.9995048
mb-04211,val,1.7075702,1.5859928,1.2552725,1.2991827
mb-10231,val,2.6106603,2.209267,2.5728717,2.1994336
mb-03752,val,1.8129134,1.7727478,1.7075702,1.4896721
mb-06564,val,2.1702616,2.0690885,1.8864907,1.8212298
mb-05374,val,1.146128,1.4760392,0.90309,1.010076
mb-05433,val,2.1731863,2.2069607,1.8325089,1.9154687
mb-07351,val,1.5797836,1.0098813,1.50515,0.9589853
mb-00374,val,2.164353,2.1627004,1.9956352,1.9887488
mb-06979,val,1.9867718,1.9097781,1.8260748,1.6791943
mb-09866,val,1.5051501,1.724859,1.20412,1.3781768
mb-02555,val,1.3617278,1.3201301,1.0413927,1.0094774
mb-00707,val,1.60206,1.6263433,1.1139433,0.6800035
mb-02010,val,2.2148438,2.2467983,1.9344984,1.8967613
mb-01638,val,1.6627579,1.6751481,1.230449,1.2196164
mb-09421,val,1.9344984,2.0245225,1.8388491,1.7533239
mb-06880,val,1.3424227,1.309745,1.146128,1.0409477
mb-01238,val,1.2552725,1.25459,0.69897,0.77090335
mb-05771,val,2.3820171,2.3054407,1.9395193,1.9202044
mb-05782,val,2.3996737,2.3875375,2.049218,2.0817785
mb-06276,val,2.217484,2.1466234,1.94939,1.8469846
mb-01497,val,1.7993406,1.6973462,1.462398,1.3803136
mb-07462,val,1.2552725,0.96327424,0.9542425,0.7045525
mb-06285,val,2.307496,2.3299618,1.9956352,1.9726691
mb-00796,val,1.9493899,1.972468,1.69897,1.7159721
mb-09881,val,2.2576785,2.189086,1.8750613,1.865858
mb-07940,val,2.10721,2.039904,1.690196,1.6732504
mb-02460,val,2.0170333,1.9624473,1.6434526,1.6585187
mb-05248,val,2.0374265,1.9618175,1.5440681,1.4331881
mb-05845,val,1.5797837,0.9506489,0.60206,0.6085007
mb-10533,val,1.5314789,1.3130318,0.845098,0.9919209
mb-03062,val,1.6127839,1.6817385,1.146128,1.2671231
mb-04443,val,2.378398,2.2881641,2.206826,2.118534
mb-01246,val,1.2041199,1.1950243,1.0,0.9198431
mb-04545,val,1.832509,1.7714216,1.462398,1.4079224
mb-03198,val,1.9344985,1.8928782,1.39794,1.4739957
mb-09294,val,1.9590414,2.0271907,1.6532125,1.7737212
mb-09305,val,2.38739,2.2973905,2.25042,2.1205113
mb-03730,val,2.0128374,2.1089656,1.462398,1.665121
mb-06542,val,1.7160034,1.6486616,1.462398,1.4621178
mb-00630,val,2.230449,2.1938415,1.7781513,1.8258792
mb-07718,val,1.9395192,1.9224274,1.3617278,1.2476846
mb-03926,val,1.724276,1.7989981,1.1760913,1.3961058
mb-10613,val,2.3747485,2.2758355,2.2329962,1.9698062
mb-02740,val,1.462398,1.4959693,1.30103,1.2298045
mb-07084,val,1.4149734,1.5382334,1.0413927,1.1476572
mb-07167,val,1.518514,1.6882751,1.20412,0.9883035
mb-09964,val,1.8864907,1.9383183,1.60206,1.6230704
mb-08885,val,2.4653828,2.3576388,2.2355285,2.0838695
mb-05139,val,1.6720978,1.7456623,1.3222193,1.4551189
mb-02721,val,1.9395192,1.8983634,1.690196,1.6993145
mb-01492,val,2.2944663,2.2024276,1.9590414,1.9981589
mb-10827,val,2.143015,2.2134633,1.8976271,1.9424307
mb-01927,val,2.1673174,2.1708543,1.6232493,1.7471384
mb-09221,val,1.908485,1.8226455,1.39794,1.1714272
mb-02785,val,1.9777236,1.883866,1.39794,1.3406289
mb-00703,val,2.209515,2.1793382,1.9190781,1.8196471
mb-04531,val,2.155336,2.1600702,1.8633229,1.8705498
mb-03828,val,1.6232493,1.6387616,1.3222193,1.343488
mb-04790,val,2.143015,2.1925523,1.8750613,1.8773248
mb-05208,val,2.0374265,2.0141387,1.770852,1.7673799
mb-09317,val,1.8976271,1.8040609,1.5440681,1.5834707
mb-01767,val,1.897627,1.8624057,1.69897,1.6302426
mb-09056,val,2.3304136,2.2195919,2.2718415,2.1341457
mb-05738,val,2.2405493,2.1748168,1.9138138,1.7980235
mb-01367,val,1.5682018,1.4624188,1.1139433,0.88635355
mb-01715,val,1.6812413,1.5667222,1.5185139,1.4408801
mb-01325,val,2.3364596,2.2491903,2.0211892,1.6660734
mb-03637,val,2.2430382,2.1988163,1.8920946,1.7721045
mb-00392,val,2.2479732,2.283692,1.8325089,1.914178
mb-06361,val,1.9395193,1.9107418,1.4149734,1.6064408
mb-10516,val,1.5910647,1.6037978,1.3424227,1.4325743
mb-02196,val,2.143015,2.0502434,1.9242793,1.7063308
mb-09882,val,2.1903317,2.0597312,1.8129133,1.7468773
mb-02169,val,1.8260748,1.7702737,1.5563025,1.4859036
mb-09788,val,1.90309,1.8556758,1.5682018,1.5546659
mb-05784,val,1.9138138,1.8782113,1.7853298,1.6979198
mb-08264,val,2.209515,2.1636598,1.9542425,1.899767
mb-10659,val,1.3222194,1.7351732,1.20412,1.3299197
mb-01012,val,2.149219,2.436904,1.908485,2.2137077
mb-10705,val,1.0,1.0268618,0.69897,0.77540565
mb-01381,val,1.1139433,1.0221004,0.90309,0.78520143
mb-05693,val,2.10721,2.0722175,1.94939,1.8188066
mb-08561,val,2.346353,2.3416102,1.9731278,2.0179234
mb-09400,val,1.8808136,2.0291016,1.770852,1.8067267
mb-10604,val,1.5563024,1.6146934,1.0791812,1.4868035
mb-10398,val,2.2253094,2.193274,1.8633229,1.9214164
mb-03361,val,2.392697,2.334965,2.1522884,2.1232278
mb-05054,val,1.9190781,1.869218,1.690196,1.6152683
mb-10701,val,1.5563025,2.1603851,1.8512584,1.799429
mb-03568,val,2.0492182,1.9767362,1.6627579,1.701082
mb-01529,val,1.7403628,1.7041532,1.39794,1.4503815
mb-04909,val,1.6901962,1.6759666,1.5682018,1.3854141
mb-10316,val,2.1760912,2.0979342,1.908485,1.8460302
mb-08439,val,1.929419,1.7987654,1.4913617,1.4254632
mb-10205,val,1.929419,1.7480016,1.5563025,1.4886545
mb-01635,val,1.3617278,1.351958,1.146128,1.1919856
mb-08947,val,1.5185139,1.481685,1.447158,1.351551
mb-03158,val,1.4771212,1.6845602,1.0791812,1.4761208
mb-09923,val,2.230449,2.3120637,1.9294189,2.0236213
mb-01884,val,2.0530784,2.0021186,1.819544,1.6830078
mb-01196,val,1.7075702,1.6373625,1.6127839,1.3744373
mb-05929,val,2.3344536,2.4151518,2.0569048,2.1087086
mb-10840,val,1.9242793,1.963705,1.819544,1.724178
mb-07177,val,1.5563025,1.5347126,1.3424227,1.2636118
mb-03493,val,2.0128372,2.0645242,1.690196,1.6573713
mb-06548,val,2.3856063,2.3089375,2.0791812,1.9463242
mb-06251,val,1.9395192,1.8924849,1.7160033,1.5935354
mb-00078,val,1.8808136,1.901079,1.6334685,1.5550708
mb-04596,val,2.1958995,2.1726665,1.6434526,1.6372757
mb-00355,val,1.50515,1.3240523,1.0791812,1.1307232
mb-10022,val,2.1818435,2.234601,1.9294189,1.8772185
mb-03336,val,2.2455127,2.1662548,1.8260748,1.9069949
mb-10375,val,2.463893,2.4248753,2.075547,2.1717231
mb-08478,val,1.6720979,1.7008376,0.845098,0.8347062
mb-03331,val,1.7923918,1.7751256,1.4313638,1.3726059
mb-04940,val,1.763428,1.8258017,1.748188,1.5868673
mb-04088,val,2.0413928,1.9770116,1.6232493,1.3653479
mb-08170,val,0.99999994,1.1880748,1.0791812,1.0585434
mb-02015,val,2.1003704,2.1205306,1.748188,1.686871
mb-04628,val,2.3838153,2.2816415,1.9344984,1.8652166
mb-05995,val,1.7075701,1.7204812,1.3222193,1.3216945
mb-09113,val,2.220108,2.1833878,1.8260748,1.7221041
mb-03052,val,1.6127839,1.5889571,1.39794,1.3688171
mb-02659,val,1.968483,1.9438217,1.6812413,1.7231413
mb-01000,val,2.307496,2.210002,2.1367207,2.041617
mb-08133,val,1.9777236,2.0742779,1.50515,1.6847432
mb-03628,val,2.064458,2.1458476,1.8750613,1.8896317
mb-00923,val,2.2479732,2.2685685,1.9294189,1.9080008
mb-02257,val,2.230449,2.1697772,1.5440681,1.6329328
mb-00022,val,1.9731278,1.9544276,1.6812413,1.6763164
mb-06445,val,1.763428,1.8407992,1.2552725,1.2739248
mb-10037,val,2.217484,1.9652848,1.6720978,1.5664527
mb-09957,val,2.201397,2.0621257,1.6720978,1.6814814
mb-06841,val,2.4608977,2.4070313,2.2671716,2.1716475
mb-08616,val,2.372912,2.3003485,2.0530784,2.1002069
mb-04839,val,1.8388491,1.7614118,1.5910646,1.5091923
mb-05744,val,1.9542425,1.9490047,1.3222193,1.2641964
mb-07742,val,2.0791812,2.1233764,1.80618,1.7985502
mb-03702,val,1.7323939,1.5661563,1.5440681,1.3190111
mb-02953,val,1.8325089,1.7489318,1.7403626,1.6278944
mb-09170,val,1.7853298,1.8494112,1.5185139,1.6466336
mb-07045,val,2.0569048,2.0406523,1.8750613,1.8214583
mb-10157,val,1.8129134,1.8614321,1.230449,1.1522534
mb-08608,val,1.9777236,2.0279174,1.69897,1.7294037
mb-07986,val,2.2355285,2.1422749,1.8573325,1.7027247
mb-06631,val,0.0,0.8756863,0.0,0.5380125
mb-00138,val,1.6812413,1.6194468,1.462398,1.3639427
mb-06299,val,1.9138138,1.9489031,0.845098,1.2299571
mb-10079,val,2.0374265,1.896312,1.7075702,1.5973862
mb-01969,val,1.39794,1.4590497,0.90309,1.1510836
mb-09414,val,1.690196,1.7227441,1.447158,1.4276395
mb-04650,val,1.6127839,1.6621553,1.3424227,1.2452207
mb-04578,val,1.9542425,1.9318957,1.690196,1.6805581
mb-02278,val,0.69897,0.7570766,0.47712126,0.2133435
mb-00929,val,1.8864907,1.9398403,1.4771212,1.6451641
mb-08534,val,2.120574,2.1152542,1.447158,1.5837798
mb-09680,val,1.6020601,1.5103313,1.146128,1.0705912
mb-00352,val,1.6532125,1.764444,1.146128,1.1473404
mb-03180,val,2.217484,2.167992,1.7853298,1.7656329
mb-03725,val,2.3909352,2.31826,2.2624512,2.1650796
mb-00976,val,1.7075702,1.650168,1.3424227,1.2080097
mb-08459,val,1.7708521,1.6591328,1.6127839,1.3259324
mb-09200,val,2.2576785,2.11388,1.8573325,1.7723936
mb-06869,val,1.7781513,1.7259617,1.3802112,1.3827814
mb-08718,val,1.8512584,1.8621502,1.4313638,1.4837563
mb-04646,val,1.7853298,1.9255947,1.4913617,1.6289082
mb-09604,val,1.845098,1.8908019,1.6627579,1.7220567
mb-08900,val,2.2855573,2.1770067,1.9867717,1.9833243
mb-00817,val,2.0681858,2.0781534,1.9294189,1.8662126
mb-06993,val,2.1702616,2.11397,1.8129133,1.7578162
mb-08078,val,2.133539,1.9882386,1.8388491,1.707956
mb-06519,val,1.9542425,1.9195688,1.6232493,1.5837694
mb-08796,val,2.2528532,2.1229677,1.8260748,1.8416066
mb-03230,val,1.80618,1.7798274,1.1139433,1.4242146
mb-04172,val,1.6901962,1.6233249,1.3424227,1.3114357
mb-06551,val,2.120574,2.1614745,1.7781513,1.7721108
mb-03083,val,1.8512584,1.7643989,1.5440681,1.4123886
mb-07426,val,1.6532125,1.5934469,1.462398,1.3868923
mb-00818,val,2.2121875,2.2208588,1.9444827,1.9690504
mb-00629,val,1.6232493,1.4808074,1.2787536,1.1386626
mb-07597,val,1.2041199,1.8883768,1.0,1.6179703
mb-08551,val,1.6532125,1.6706178,1.462398,1.4722931
mb-05101,val,1.7853298,1.7984955,1.30103,1.4298104
mb-00193,val,1.5440681,1.5049189,1.3802112,1.4394035
mb-04666,val,1.230449,1.4479482,0.7781513,1.1375803
mb-10246,val,1.8750613,1.6468141,1.6532125,1.4956373
mb-03243,val,1.8976271,1.9294748,1.3424227,1.4510183
mb-02241,val,1.90309,1.9212902,1.5563025,1.623044
mb-02610,val,1.5910646,1.6756792,1.3222193,1.4421515
mb-08704,val,1.8750613,2.0007737,1.5910646,1.7376754
mb-03953,val,1.845098,1.783404,1.5563025,1.5601908
mb-08706,val,1.5682018,1.736038,1.2787536,1.4235004
mb-00514,val,1.9138138,1.885141,1.7075702,1.5901296
mb-03674,val,1.6989701,1.7355928,1.1139433,1.2455999
mb-04916,val,2.2227163,2.2668285,2.0128372,1.9918299
mb-00159,val,2.20412,2.1944833,1.9395193,1.9363923
mb-01800,val,1.7160034,1.6571048,1.20412,1.2425694
mb-05842,val,1.8573326,1.8293285,1.462398,1.470857
mb-00423,val,1.8450981,2.0087204,1.5682018,1.741633
mb-06789,val,1.0791813,1.1550946,0.7781513,0.7743797
mb-08652,val,1.9590414,1.841192,1.5314789,1.3894999
mb-09125,val,2.1931245,2.1093524,1.7160033,1.7207239
mb-03036,val,2.2013972,2.1668427,2.0827854,1.9957373
mb-09691,val,2.033424,2.0880795,1.4149734,1.6468174
mb-10812,val,1.4471581,1.5571221,1.146128,1.251726
mb-05661,val,2.372912,2.3927617,2.0681858,2.064902
mb-07010,val,2.2900345,2.3022983,1.9956352,1.9417229
mb-08944,val,1.146128,1.2077203,0.845098,1.0002326
mb-10962,val,2.2355285,2.1512916,1.8129133,1.7519616
mb-06052,val,1.8260748,1.7214868,1.3424227,1.3036556
mb-05149,val,2.2355285,1.8536955,1.9395193,1.4752201
mb-03591,val,2.220108,2.177161,2.075547,2.0130827
mb-00448,val,1.8692317,1.7730079,1.5185139,1.1829281
mb-02702,val,1.50515,1.6230468,1.1139433,1.305701
mb-03140,val,1.8325089,1.8630245,1.748188,1.6788961
mb-00942,val,1.8129134,1.9244378,1.230449,1.2067829
mb-08503,val,2.0,1.9776921,1.80618,1.7962208
mb-00204,val,1.7403628,1.7939037,1.462398,1.4877398
mb-07427,val,1.908485,1.9288421,0.90309,1.2971249
mb-00973,val,2.5237465,2.5941582,2.3096302,2.3116558
mb-09979,val,1.819544,1.8745832,1.462398,1.5551378
mb-09513,val,2.1271048,2.0738332,1.8129133,1.7925341
mb-04440,val,2.1172712,2.079506,1.8864907,1.7573534
mb-07294,val,1.5563025,1.6843998,1.230449,1.3525453
mb-02852,val,1.5314789,1.5732265,1.2552725,1.1557391
mb-07961,val,1.5185139,1.2274389,1.0413927,0.69299257
mb-08033,val,2.0681858,2.0268404,1.462398,1.6245869
mb-10620,val,2.232996,2.1172526,1.5185139,1.6047535
mb-08859,val,0.845098,1.4331137,1.0,1.2432121
mb-04378,val,1.9822712,1.9064982,1.50515,1.5896814
mb-00406,val,2.243038,1.5842004,1.9590414,1.3569171
mb-06602,val,2.1139433,2.1400979,1.763428,1.8273197
mb-02408,val,2.164353,2.0918965,1.819544,1.7681382
mb-07446,val,1.7160033,1.8076127,1.690196,1.7527934
mb-01058,val,2.0086002,1.8863037,1.819544,1.5934182
mb-01587,val,2.3521824,2.3514853,2.0128372,2.0047374
mb-03175,val,1.3222194,1.4804525,1.39794,1.2168993
mb-08829,val,2.0827854,1.803962,1.69897,1.5406392
mb-06674,val,2.3283796,2.2200089,2.2718415,2.1345427
mb-03523,val,1.9493899,1.9283171,1.6434526,1.640029
mb-07397,val,1.0413927,1.2310238,0.7781513,0.93201804
mb-06417,val,1.748188,1.6884751,1.4913617,1.3453382
mb-04912,val,2.3560257,2.3629801,2.161368,2.158609
mb-03167,val,1.9444827,1.9787846,1.7075702,1.6866882
mb-04904,val,2.3483047,2.3375056,1.9590414,2.0176759
mb-08648,val,1.8388491,1.692615,1.6232493,1.5000287
mb-03920,val,1.845098,1.8101562,1.39794,1.3679312
mb-04044,val,1.9138138,1.9624729,1.7160033,1.7537162
mb-03864,val,2.3096302,2.2898488,1.9956352,1.9990413
mb-05132,val,2.230449,2.2950232,1.845098,1.9657619
mb-02113,val,1.8920946,2.012071,1.690196,1.7022752
mb-04941,val,1.845098,1.8131753,1.2787536,1.3337891
mb-09424,val,2.469822,2.4329338,2.1139433,2.1409302
mb-08429,val,2.0086002,2.0903652,1.8808136,1.8199213
mb-03271,val,1.6812412,1.4717407,1.3222193,1.1693951
mb-10466,val,2.0,1.9730067,1.8260748,1.7896339
mb-00874,val,2.1038036,2.1217318,1.9138138,1.9433873
mb-09404,val,1.0791812,1.1988266,0.69897,0.8094922
mb-09259,val,2.1702616,2.1231818,1.447158,1.815123
mb-07137,val,1.908485,1.8533413,1.5440681,1.4988049
mb-07042,val,2.09691,2.0590947,1.8129133,1.763863
mb-06411,val,1.8633227,1.9486306,1.0791812,1.3967061
mb-08955,val,1.4913617,1.6473265,1.146128,1.3865618
mb-08681,val,1.9294189,2.0070763,1.5185139,1.709281
mb-08438,val,1.9542426,2.0624483,1.6334685,1.8263812
mb-02665,val,1.9084849,1.5533926,1.2552725,1.2083756
mb-10066,val,1.9395192,1.9486598,1.690196,1.7378824
mb-09936,val,2.217484,2.230578,1.8325089,1.6093521
mb-02863,val,2.1335387,1.9933283,1.6720978,1.702372
mb-05901,val,1.968483,1.9084971,1.5185139,1.4437525
mb-06780,val,0.60206,0.5806817,0.30103,0.3548156
mb-09364,val,2.1139433,2.1596684,1.9344984,2.0887618
mb-10543,val,1.7634281,1.6821482,1.5563025,1.4207324
mb-00013,val,2.3201463,2.293298,2.071882,2.0111885
mb-10058,val,1.9822712,2.0967896,1.5797836,1.8716776
mb-08320,val,1.819544,1.7836909,1.462398,1.423678
mb-06040,val,1.6127839,1.5007327,1.1139433,1.1212453
mb-03631,val,1.9637878,2.045802,1.462398,1.6650312
mb-05668,val,1.80618,1.7867355,1.4149734,1.4911139
mb-03292,val,2.4533184,2.4502347,2.1760912,2.1479821
mb-02023,val,1.3802112,1.2858851,1.2787536,1.1395208
mb-10844,val,1.8260747,1.881357,1.447158,1.6052228
mb-09813,val,2.3344536,2.240964,2.064458,1.9464269
mb-02390,val,1.462398,1.587461,1.230449,1.3791007
mb-10240,val,2.0293837,2.0404258,1.763428,1.7506464
mb-05000,val,2.1583624,2.1603818,1.7781513,1.692667
mb-01846,val,1.1760913,1.2506107,0.9542425,0.939056
mb-08974,val,1.6020601,1.7151322,1.4313638,1.5247619
mb-02158,val,2.0934217,2.0372777,1.5563025,1.719666
mb-00899,val,2.2253094,2.1828303,2.0086002,1.9001948
mb-01198,val,1.94939,1.9230121,1.8633229,1.7845563
mb-09009,val,1.9294189,1.7678928,1.3802112,1.35134
mb-02490,val,1.4149734,1.8206381,1.2787536,1.4906268
mb-00631,val,1.9444827,1.9798588,1.6434526,1.632359
mb-09256,val,2.3053515,1.988297,1.80618,1.679251
mb-00963,val,2.0530784,2.049614,1.7853298,1.7151341
mb-09052,val,2.1818435,2.1266336,1.6232493,1.5627996
mb-07569,val,1.968483,1.902569,1.2787536,1.4773191
mb-07133,val,1.6127838,1.6792542,1.3222193,1.3217041
mb-05335,val,2.4082398,2.1316738,2.045323,1.8241158
mb-07327,val,1.5910647,1.5898955,1.230449,1.1647797
mb-03200,val,1.4313638,1.2821194,1.0413927,1.1216241
mb-03750,val,2.1271048,2.145118,1.8692317,1.9247302
mb-02005,val,1.3424227,1.4238157,0.90309,1.0060093
mb-00689,val,1.8573326,1.8684602,1.6334685,1.5905247
mb-01819,val,2.209515,2.2083979,1.9444827,1.9308069
mb-01474,val,0.90309,1.2723901,0.30103,0.8858899
mb-05091,val,2.5340261,2.5243578,2.292256,2.3186321
mb-09890,val,1.7242758,1.8195461,1.5314789,1.5618365
mb-10164,val,2.269513,2.097719,2.0827854,1.8680848
mb-07461,val,2.0934217,2.11863,1.8920946,1.8925087
mb-03471,val,2.0043213,2.026948,1.7403626,1.6194767
mb-00236,val,1.9395192,1.9611783,1.69897,1.7173291
mb-09416,val,2.1583624,1.9776139,1.7403626,1.6017896
mb-05113,val,2.2764618,2.22007,2.0170333,1.9870607
mb-07180,val,1.8976271,1.8747895,1.6812413,1.6070794
mb-02194,val,1.8129133,1.7683289,1.5314789,1.4537634
mb-03178,val,1.9867717,2.1017652,1.6232493,1.8581749
mb-06936,val,0.9542425,0.9961109,0.69897,0.67736983
mb-00155,val,1.6901962,1.6494694,1.3424227,1.3605322
mb-07525,val,1.6334684,1.6064112,1.447158,1.3549943
mb-03414,val,1.8388491,1.9119891,1.39794,1.4168694
mb-02497,val,2.0681858,1.9774092,1.69897,1.5497941
mb-10146,val,2.421604,2.438145,1.9822712,2.1271193
mb-05823,val,1.8808136,1.8664824,1.7160033,1.6813725
mb-05413,val,2.2329962,2.1702487,1.8976271,1.8060747
mb-06660,val,2.139879,2.1073055,2.049218,2.0308976
mb-10807,val,1.5797837,1.5722542,1.230449,1.2519081
mb-10256,val,2.130334,1.7608454,1.8512584,1.5383
mb-06816,val,1.7708521,1.8528686,1.4313638,1.3950489
mb-06583,val,2.25042,2.2444842,1.9542425,1.9646692
mb-08925,val,2.7363966,2.3136263,1.9822712,1.9369464
mb-07684,val,2.4899583,2.431803,2.2810333,2.2733874
mb-06919,val,2.1367204,2.1541545,2.0606978,2.1007957
mb-07867,val,1.7242758,2.0140455,1.8573325,1.7935001
mb-09801,val,1.6127839,1.5700558,1.1760913,1.176267
mb-02524,val,2.1367207,2.1625226,1.748188,1.6816841
mb-09519,val,1.7923918,1.7636175,1.230449,1.2205822
mb-02416,val,1.8633229,1.8393865,1.3617278,1.2705387
mb-08850,val,2.2810335,2.2978256,1.9395193,1.9763013
mb-01667,val,1.20412,1.3932388,1.146128,1.2357801
mb-01447,val,1.845098,1.8957448,1.5910646,1.630178
mb-00685,val,2.08636,2.150166,1.462398,1.7268869
mb-02309,val,1.5440681,1.3594364,1.230449,1.1583612
mb-06046,val,2.3541083,2.1508543,1.5185139,1.7122005
mb-01124,val,1.9395192,1.9927133,1.690196,1.7774894
mb-10791,val,2.1271048,2.131647,1.8512584,1.8607136
mb-10719,val,2.164353,2.206418,1.94939,1.9522038
mb-06337,val,2.0681858,2.0216174,1.50515,1.4001646
mb-01035,val,2.2479732,2.246341,1.8920946,1.8925415
mb-02520,val,1.5682018,1.3954235,1.6127839,0.90044564
mb-01011,val,1.7323937,1.7297618,0.9542425,1.0866922
mb-10963,val,1.6812413,1.6203382,1.3617278,1.3516277
mb-08447,val,2.089905,2.035511,1.8573325,1.8015172
mb-10261,val,2.5224442,2.4250288,2.2278867,2.135652
mb-01724,val,1.5563025,1.5724223,1.2787536,1.2195479
mb-09188,val,2.2648177,2.1893437,1.9444827,1.8773687
mb-10344,val,2.1958995,2.0642884,1.60206,1.7686214
mb-06116,val,2.0043213,2.0523987,1.8633229,1.8956015
mb-05704,val,2.08636,1.9524546,1.1760913,1.578234
mb-01708,val,1.8976271,1.6881057,1.5563025,1.3126684
mb-07321,val,1.7160033,1.8394908,1.60206,1.643084
mb-09315,val,1.9590415,1.9293654,1.5682018,1.6431477
mb-09244,val,1.3010299,1.3430684,1.0413927,1.1091995
mb-07835,val,2.1673174,2.1023176,1.7558749,1.7737427
mb-05008,val,2.045323,1.9844657,1.5910646,1.5081313
mb-04406,val,1.9084849,1.9061537,1.7403626,1.7222532
mb-10515,val,2.2833014,2.0092573,1.146128,1.5597327
mb-01266,val,1.7853298,1.5590991,1.146128,1.3422068
mb-03525,val,2.120574,2.1017694,1.7242758,1.7175642
mb-04260,val,1.7403628,1.7796535,1.39794,1.3791453
mb-03630,val,1.9542426,1.9413549,1.6627579,1.6387432
mb-09526,val,2.1702619,2.255567,1.6627579,1.99917
mb-10116,val,1.9777236,1.9962735,1.6720978,1.4461001
mb-08284,val,2.178977,2.0795603,1.763428,1.6581558
mb-08613,val,2.2430382,2.1742709,1.8260748,1.9830863
mb-01510,val,1.8920946,1.9518747,1.69897,1.6896737
mb-07922,val,2.149219,2.0856593,1.69897,1.6721103
mb-08123,val,1.5440681,1.5297749,1.20412,1.2558444
mb-05946,val,1.845098,1.7861371,1.4771212,1.3893764
mb-07005,val,0.47712126,0.60184383,0.47712126,0.41724133
mb-06257,val,1.1760913,1.1992447,0.9542425,1.0605549
mb-09038,val,2.045323,1.8951769,1.3424227,1.5060825
mb-08535,val,1.80618,1.8384197,1.5185139,1.4144336
mb-07398,val,1.7160034,1.8058817,1.462398,1.4604897
mb-03179,val,1.3802112,1.745261,1.2552725,1.2623018
mb-06174,val,1.9867718,1.8661146,1.39794,1.4067372
mb-02282,val,2.274158,2.1968021,1.8260748,1.7858572
mb-07117,val,1.5563024,1.5302544,1.3222193,1.2595094
mb-10871,val,1.6127839,1.5408125,1.20412,1.1398983
mb-07896,val,2.1105897,2.3186953,1.9731278,2.123257
mb-10273,val,1.6020601,1.501107,1.4313638,1.4283917
mb-09096,val,1.4149734,1.4983627,1.20412,1.2473716
mb-06985,val,1.9637878,1.8948009,1.819544,1.6436167
mb-04703,val,1.7853299,1.872863,1.5682018,1.6104621
mb-06272,val,1.763428,1.7324646,1.30103,1.3032157
mb-08266,val,1.6812413,1.6606557,1.0791812,1.4327768
mb-01809,val,2.146128,2.1738257,1.90309,1.8658235
mb-03398,val,2.1702616,2.1699066,2.071882,1.9353375
mb-01689,val,1.3222193,1.7292029,0.845098,1.0867683
mb-00867,val,1.8633229,1.7404495,1.6434526,1.4651015
mb-10252,val,2.5340261,2.4672773,2.38739,2.2001653
mb-03714,val,2.0086002,1.9549176,1.5440681,1.5566063
mb-01735,val,1.748188,1.7309175,1.4313638,1.3911604
mb-02159,val,2.0530784,2.1796527,1.8750613,1.9936882
mb-01037,val,1.7853298,1.7438169,1.2787536,1.2211034
mb-00187,val,1.3424227,1.4952108,1.0,1.1373651
mb-10634,val,0.90309,1.1629769,0.60206,0.8501328
mb-05607,val,2.4771214,2.5249019,2.1522884,2.2324595
mb-01023,val,2.2355285,2.1728327,2.0043213,1.9573436
mb-06626,val,1.9190781,1.8918337,1.4149734,1.5584725
mb-10321,val,2.0170333,2.0286458,1.6812413,1.7880273
mb-06279,val,2.3180633,2.319015,1.8129133,1.951427
mb-05220,val,1.7160034,1.8411888,1.1139433,1.1680461
mb-00148,val,2.0128374,2.0053375,1.6127839,1.7732257
mb-05482,val,1.7708521,1.7662761,1.6334685,1.5353858
mb-00266,val,2.1522884,2.065278,1.9138138,1.8639617
mb-06099,val,1.0,1.2561468,1.1760913,0.89758676
mb-08590,val,1.8129134,1.758136,1.462398,1.4159615
mb-00968,val,2.071882,2.0534987,1.690196,1.6532339
mb-03690,val,2.3304138,2.2400498,1.8808136,1.8201648
mb-00948,val,1.9190781,1.8033365,1.5682018,1.3982571
mb-09110,val,2.1903317,2.2484665,2.0863597,1.966353
mb-05495,val,2.38739,2.3475435,2.075547,1.9980974
mb-01974,val,2.1522884,2.0970368,1.8750613,1.7329701
mb-01237,val,1.8325089,1.7023656,1.6127839,1.5218837
mb-06246,val,2.357935,2.3023286,1.80618,1.9654893
mb-00902,val,2.2900345,2.368218,2.0530784,2.037503
mb-07122,val,2.1846914,2.2376058,1.748188,1.9310982
mb-02046,val,1.462398,1.5618316,1.2787536,1.2771465
mb-04815,val,2.0569048,2.0030055,1.6627579,1.7249483
mb-01159,val,1.9444827,1.943015,1.7993406,1.754067
mb-03711,val,1.3617278,1.4479933,1.1139433,1.1322956
mb-04998,val,2.1003704,2.1488361,1.6434526,1.6814413
mb-08597,val,2.0128372,1.9621799,1.60206,1.5836289
mb-03839,val,2.1303337,2.078326,1.9777236,1.8508013
mb-10259,val,2.09691,2.103105,1.8325089,1.9137669
mb-00011,val,1.1139433,1.3994293,0.7781513,1.0935655
mb-09498,val,2.0530784,2.186673,1.7323937,1.8337605
mb-04118,val,1.7075702,1.7179985,1.5440681,1.4482695
mb-02078,val,2.0934217,2.0396814,1.8512584,1.8146749
mb-03220,val,2.3996737,2.3048284,1.7558749,1.9220083
mb-04616,val,2.206826,2.134019,2.209515,2.0784466
mb-00587,val,1.3222193,1.2397954,0.845098,0.811224
mb-04576,val,1.462398,1.3716648,1.20412,1.2146027
mb-10579,val,2.2787538,1.8946924,1.8976271,1.5380914
mb-06406,val,2.30103,2.248436,1.8750613,1.9546874
mb-02297,val,1.3617277,1.2249169,1.0791812,0.9090803
mb-05793,val,2.3909352,2.352653,1.968483,2.1268272
mb-01798,val,2.0211895,1.9715068,1.7993406,1.628199
mb-06525,val,2.1875207,2.2660043,1.9867717,1.908636
mb-07950,val,1.5563025,1.5015818,1.3424227,1.2567936
mb-08570,val,2.161368,2.049333,1.8573325,1.6841111
mb-01141,val,1.462398,1.46172,1.1760913,1.1610849
mb-08140,val,1.30103,1.2904611,1.0,1.0607053
mb-07285,val,1.230449,1.5138906,0.90309,1.1339947
mb-02672,val,1.6627578,1.6468562,1.60206,1.5380322
mb-00780,val,1.4149734,1.6964698,1.0,1.3051397
mb-06304,val,1.7993405,1.7832758,1.5910646,1.521989
mb-09426,val,2.217484,1.9556143,1.8573325,1.5782475
mb-08785,val,2.3364596,2.1450827,2.0253057,1.852385
mb-06068,val,1.9867717,1.9685665,1.60206,1.5889263
mb-04200,val,1.2041199,1.5583856,1.0,1.1724956
mb-03225,val,2.4727566,2.3891253,2.2380462,2.0813546
mb-00488,val,1.7242758,1.5752968,1.5185139,1.3940107
mb-10661,val,2.133539,2.0850189,1.2552725,1.6070826
mb-01257,val,1.908485,1.8646415,1.7075702,1.5731843
mb-01439,val,1.748188,1.7839223,1.3222193,1.3942487
mb-09063,val,1.8061799,1.8407608,1.69897,1.645703
mb-02224,val,1.763428,1.8505701,1.5314789,1.5014436
mb-09569,val,2.071882,2.0147424,1.8633229,1.7843344
mb-05976,val,2.0934217,2.1488304,1.7558749,1.7650241
mb-08021,val,1.5185139,1.7826589,1.5185139,1.5277532
mb-10088,val,2.2810335,2.3145711,1.9242793,1.994626
mb-07202,val,2.313867,2.1014314,2.089905,1.9357044
mb-06813,val,1.7323937,1.9515667,1.447158,1.676542
mb-05542,val,1.5185139,1.6561015,1.4149734,1.4267058
mb-05670,val,2.3521824,2.3093617,1.9637878,1.9408557
mb-07664,val,1.6812413,1.7618251,1.5185139,1.5406661
mb-09607,val,2.3673558,2.3198738,2.0374265,1.9614706
mb-10381,val,2.0128374,2.0691586,1.5682018,1.5546678
mb-02822,val,2.1958997,2.1330457,1.9590414,1.9280126
mb-10095,val,2.0681858,2.2477047,1.690196,1.8405523
mb-06788,val,1.4771214,1.4255486,1.230449,1.1535575
mb-00282,val,2.298853,2.264461,1.9867717,1.9536533
mb-10118,val,2.0334237,2.090485,1.6434526,1.8507801
mb-03796,val,2.2253094,2.1624782,1.9190781,1.7545146
mb-05806,val,2.1958997,2.2762828,1.9294189,1.9971502
mb-02261,val,1.230449,1.4418952,0.845098,0.9752654
mb-00939,val,1.8808136,1.8601713,1.7075702,1.6423029
mb-07691,val,1.8808136,1.7637763,1.1760913,1.4014821
mb-06563,val,1.6532124,1.6172717,1.3222193,1.328517
mb-00525,val,1.8864908,1.5018511,1.6532125,1.4255965
mb-07843,val,1.8976271,1.7100139,1.5563025,1.4203843
mb-01440,val,0.30103,0.1904203,0.0,0.17985249
mb-10283,val,2.3242824,2.2686396,1.7781513,1.8096203
mb-01390,val,0.95424247,0.9254162,0.845098,0.61520475
mb-01674,val,2.4297523,2.4695506,2.340444,2.4617608
mb-03453,val,1.4771212,1.4201854,1.2552725,1.1729442
mb-09291,val,1.5051501,1.5726764,1.2787536,1.3118387
mb-01125,val,1.5563024,1.6865232,1.5314789,1.4056174
mb-05906,val,1.9956352,1.9390467,1.7403626,1.583288
mb-04728,val,1.9822712,1.9825416,1.7160033,1.708967
mb-09285,val,1.8388491,1.9724745,1.5910646,1.5248902
mb-06578,val,1.9138138,1.7653863,1.2552725,1.2105796
mb-01999,val,1.748188,1.5970553,1.6127839,1.4870499
mb-09241,val,1.6434528,1.4858158,1.3424227,1.1410515
mb-10050,val,1.8808136,1.7275414,1.6127839,1.5629431
mb-10906,val,2.0086002,2.05414,1.7075702,1.8084451
mb-06078,val,2.303196,2.2718618,1.9344984,1.9862274
mb-06990,val,1.7075702,1.7250069,1.146128,1.2131095
mb-08727,val,1.7781513,1.7633415,1.230449,1.2886631
mb-06228,val,2.2278867,2.1865935,1.69897,1.647993
mb-00016,val,1.447158,1.6083713,1.0791812,1.0349671
mb-07097,val,1.6127839,1.7858244,0.7781513,1.248123
mb-06687,val,1.6627579,1.7242196,1.6232493,1.4895438
mb-09509,val,2.025306,1.9265112,1.5682018,1.508868
mb-04526,val,2.089905,2.037394,1.69897,1.6884327
mb-08963,val,1.9777236,1.9822404,1.6532125,1.7078575
mb-06488,val,2.2900348,2.309823,1.94939,1.943318
mb-08505,val,2.0492182,2.1112638,1.8260748,1.7806251
mb-06721,val,1.4149734,1.2666382,1.2552725,1.121889
mb-01054,val,2.029384,1.9830279,1.80618,1.7369174
mb-01089,val,1.5314789,1.7815483,1.0,1.190138
mb-01442,val,1.6812413,1.751026,1.3802112,1.3563621
mb-02527,val,1.8129134,1.8581296,1.3802112,1.3361106
mb-00910,val,2.20412,2.217504,2.045323,2.0518558
mb-06089,val,2.3159704,2.164054,1.9590414,1.7294474
mb-07430,val,2.378398,2.3789587,2.178977,2.1468413
mb-01171,val,2.130334,2.1458573,1.9190781,1.9146451
mb-09470,val,2.075547,1.9008734,1.7242758,1.6322576
mb-08453,val,1.8864907,1.9570485,1.770852,1.6986622
mb-08564,val,1.819544,1.8614289,1.5563025,1.4425056
mb-03390,val,2.3873897,2.341487,2.0334237,1.9884062
mb-06900,val,0.90309,1.1062572,0.47712126,0.60663676
mb-05772,val,2.0492182,2.0571249,1.6812413,1.6216382
mb-04615,val,2.0,1.9449081,1.7403626,1.6710621
mb-09177,val,1.9867718,1.930361,1.4149734,1.4171325
mb-06787,val,2.1522884,2.1237192,1.6532125,1.6315604
mb-00269,val,2.1702616,2.175881,1.7853298,1.7456187
mb-07823,val,2.164353,2.0870116,1.8512584,1.7498091
mb-03683,val,1.7781512,1.8004702,1.690196,1.6699122
mb-10291,val,2.1522884,2.1553173,1.6334685,1.9470065
mb-01431,val,1.4313638,1.5089041,1.1760913,1.3628818
mb-10513,val,2.2013972,2.183485,1.8388491,1.8100501
mb-00024,val,1.5910647,1.7143838,1.2787536,1.3676152
mb-04743,val,2.2068257,2.2228792,1.9138138,1.9440289
mb-09392,val,2.1731863,2.045908,1.7993406,1.7292902
mb-03489,val,2.155336,2.0923927,1.69897,1.521518
mb-05178,val,2.2068257,2.2283516,1.8692317,1.85094
mb-01936,val,1.9344985,1.9608086,1.6532125,1.7263405
mb-10415,val,1.9395192,1.9054344,1.3617278,1.6061525
mb-06430,val,1.6334685,1.6264992,1.1760913,1.1737362
mb-07179,val,1.1139433,1.5500308,0.90309,1.3907653
mb-04283,val,1.9493899,2.0629258,1.7160033,1.8249443
mb-04523,val,1.7323939,1.7159256,1.6127839,1.3838698
mb-05001,val,2.2600713,2.2563608,1.845098,1.8241606
mb-00575,val,1.3222193,1.2978604,1.0413927,0.9197029
mb-07496,val,0.9542426,1.983877,1.1760913,1.536946
mb-08387,val,1.7781512,1.8251642,1.447158,1.4653695
mb-08713,val,1.3979399,1.4006573,0.845098,0.992108
mb-06397,val,1.1139433,1.1388837,0.845098,0.9101963
mb-03456,val,1.819544,1.9341869,1.2552725,1.3788333
mb-04945,val,2.060698,2.054042,1.462398,1.4974635
mb-03976,val,2.3856063,2.2571435,2.0863597,1.7416022
mb-02307,val,2.155336,2.116922,1.7923917,1.62617
mb-00007,val,1.9912262,1.8294592,1.30103,1.3047312
mb-06793,val,2.2741578,2.0135758,1.9822712,1.7496365
mb-04882,val,2.346353,2.2631512,1.8976271,1.8776375
mb-03654,val,1.690196,1.5160676,1.3617278,1.213063
mb-10915,val,1.6434526,1.6067998,1.2552725,1.3165537
mb-03559,val,1.4771212,1.7932127,1.60206,1.268255
mb-07230,val,1.8864907,1.9083524,1.7160033,1.6578908
mb-01948,val,1.1760912,1.3956637,0.845098,1.0423882
mb-05024,val,2.149219,2.1836514,1.7923917,1.7145976
mb-08227,val,1.6812412,1.7819958,1.5797836,1.6201255
mb-01394,val,2.1105897,2.0799425,1.6334685,1.6626005
mb-09867,val,1.968483,1.9489423,1.7558749,1.696531
mb-03713,val,1.8692317,1.8535644,1.5185139,1.4531087
mb-03699,val,2.3096302,2.253921,2.089905,2.0312123
mb-07967,val,2.283301,2.3439271,1.8864907,1.9929966
mb-01967,val,2.029384,1.9717075,1.7781513,1.6675208
mb-04895,val,1.7403628,1.792871,1.2787536,1.2347918
mb-02800,val,2.064458,2.03864,1.69897,1.7018182
mb-05409,val,1.30103,1.4013679,1.0,1.0886581
mb-02660,val,2.198657,2.2273188,2.0253057,2.1482234
mb-09689,val,2.1553361,2.118431,1.8750613,1.8767625
mb-00201,val,2.1702619,2.1289904,1.7993406,1.7031896
mb-02964,val,1.4313638,1.6943569,1.30103,1.3824923
mb-10242,val,1.8260748,1.7795055,1.5185139,1.4618924
mb-07471,val,2.1613681,2.1639771,1.462398,1.701343
mb-04470,val,0.9542425,1.19379,0.69897,0.86833924
mb-05223,val,2.0170333,1.9507723,1.462398,1.479947
mb-05757,val,2.2855573,2.264745,1.5797836,1.9080821
mb-02563,val,1.8388491,1.8099059,1.6627579,1.556123
mb-07904,val,2.120574,2.1092439,1.80618,1.7415259
mb-01356,val,1.1139433,1.0620494,0.845098,0.753758
mb-07815,val,1.748188,1.7974724,1.0413927,1.1328834
mb-08036,val,1.8750613,1.757935,1.3424227,1.4104019
mb-05189,val,1.230449,1.4473267,0.845098,1.0380483
mb-05435,val,1.2552725,1.3607476,0.69897,1.0347213
mb-01239,val,1.20412,1.4043939,0.9542425,1.0861584
mb-07062,val,2.2253094,2.3425145,1.9731278,2.0432854
mb-10662,val,2.0374265,2.0372794,1.5440681,1.7549282
mb-00040,val,1.4149734,1.6723636,1.462398,1.5681139
mb-01842,val,1.991226,1.9249089,1.8129133,1.7370828
mb-02694,val,1.8573325,1.7802573,1.50515,1.4507151
mb-07128,val,1.6020601,1.6858871,1.3424227,1.3418843
mb-00264,val,2.3117537,2.331842,2.089905,2.072341
mb-08656,val,1.6532125,1.7308514,1.2787536,1.4332188
mb-00541,val,1.462398,1.6740327,1.39794,1.4589826
mb-07052,val,1.8388491,1.7954842,1.5185139,1.4863913
mb-07736,val,1.5314789,1.511853,1.2787536,1.2584136
mb-00771,val,0.60206,0.61158055,0.30103,0.41823864
mb-08977,val,2.2966652,2.1761444,1.6232493,1.6700795
mb-06509,val,1.763428,1.793477,1.3802112,1.3903531
mb-05219,val,1.897627,1.8505516,1.447158,1.3416448
mb-02817,val,1.146128,1.4690894,0.9542425,0.9965008
mb-01900,val,1.146128,1.4794387,0.845098,0.9532159
mb-02361,val,2.2900345,1.7467842,1.7403626,1.2828046
mb-01241,val,1.3222193,1.3044297,1.1139433,1.1477747
mb-01668,val,1.230449,1.1532555,0.7781513,0.79550445
mb-06230,val,1.6989701,1.6416796,1.146128,1.2075108
mb-06236,val,1.8325089,1.8658046,1.3802112,1.3494397
mb-09394,val,2.3117537,2.209591,1.9867717,1.9001939
mb-00905,val,0.9542425,1.3767476,0.69897,1.1050115
mb-04857,val,2.0413928,1.9709738,1.4313638,1.4050864
mb-04599,val,2.0413926,2.0967977,1.8573325,1.8032573
mb-09380,val,1.5314789,1.4843985,1.0,1.1527914
mb-03825,val,2.2013972,2.2557056,1.0,1.68786
mb-04652,val,1.146128,1.7910286,1.6532125,1.7779932
mb-10641,val,2.507856,2.509415,2.1875207,2.2274365
mb-08461,val,1.5563025,1.5618099,1.0413927,1.2692838
mb-10910,val,2.1702619,2.1668246,1.819544,1.7708721
mb-08122,val,2.130334,2.1097574,1.4913617,1.5655409
mb-04760,val,1.5563024,1.6836903,1.3222193,1.3771832
mb-10868,val,1.8633229,1.777848,1.5314789,1.3157495
mb-05546,val,2.262451,2.3141503,2.198657,2.255865
mb-04796,val,1.7781512,1.7694881,1.447158,1.4562596
mb-09368,val,1.8692317,1.839562,1.748188,1.675456
mb-00454,val,2.3996737,2.5440786,2.0043213,2.2680051
mb-04699,val,1.9493899,1.9944245,1.7323937,1.7607672
mb-09746,val,2.071882,2.0161812,1.7923917,1.7141494
mb-09095,val,1.845098,1.7675025,1.5185139,1.4224054
mb-01774,val,1.3802112,1.4195979,1.0,1.0501293
mb-07758,val,1.2787536,1.2752688,0.90309,0.8877368
mb-04677,val,1.90309,1.8532434,1.7323937,1.7405326
mb-10488,val,2.120574,2.1401808,1.8388491,1.7911446
mb-04154,val,1.230449,1.6471088,1.4771212,1.4190785
mb-05242,val,1.5910646,1.6141673,1.2552725,1.2366025
mb-08496,val,1.6232493,1.7602268,1.462398,1.5870508
mb-07537,val,2.1846914,2.082862,1.8920946,1.7907815
mb-07521,val,1.146128,0.8262615,0.845098,0.6324638
mb-07451,val,1.7160034,1.7054845,1.4313638,1.3671951
mb-10570,val,2.0043213,1.9600176,1.7403626,1.5353063
mb-02496,val,2.2718415,2.304143,2.0681858,2.0357552
mb-04741,val,1.3617278,1.1599854,0.47712126,0.89625674
mb-06638,val,1.3424227,1.3307266,1.1760913,1.1313356
mb-10151,val,1.6434526,1.690351,1.2787536,1.328475
mb-03736,val,2.4031205,2.5012612,2.2764618,2.277892
mb-04117,val,1.8864907,1.8204226,1.4771212,1.407818
mb-01878,val,1.3010299,1.1655217,1.1139433,1.0332549
mb-02359,val,1.6627579,1.8045688,1.4313638,1.3874028
mb-01522,val,2.292256,2.2845726,2.0086002,1.9385145
mb-00727,val,2.2013972,2.2420366,1.8976271,1.9638443
mb-00913,val,1.50515,1.4693594,1.1139433,0.8670527
mb-03192,val,1.90309,1.9757344,1.7853298,1.7734468
mb-08790,val,1.230449,1.5656284,1.0,1.3821402
mb-05810,val,1.8129134,1.8337117,1.5440681,1.6241575
mb-00597,val,1.8061799,1.623539,1.447158,1.2686691
mb-05251,val,1.9867717,2.097076,1.447158,1.6447612
mb-05002,val,1.8750613,1.5653127,1.5185139,1.393165
mb-05904,val,1.6127838,1.5957475,1.3222193,1.2879995
mb-10184,val,1.6720979,1.4016798,0.845098,0.9024773
mb-09042,val,2.064458,2.0805585,1.6434526,1.7445346
mb-03808,val,2.071882,2.1165435,1.5185139,1.6895242
mb-05889,val,2.2479732,2.259622,1.8573325,1.8520863
mb-05510,val,1.7923918,1.7666116,1.6627579,1.4405181
mb-05907,val,2.2718415,2.2521338,1.9190781,1.9028331
mb-03638,val,2.232996,2.1316264,2.089905,1.9461856
mb-03754,val,1.7923917,1.8083463,1.3617278,1.4223212
mb-02188,val,1.7634281,1.7952936,1.5440681,1.5107135
mb-00557,val,0.845098,1.735009,1.146128,1.382968
mb-08321,val,0.90309,0.9788058,0.69897,0.670117
mb-05591,val,1.146128,1.1677204,0.60206,0.79032755
mb-02090,val,2.0334237,1.9497284,1.6720978,1.601724
mb-06770,val,2.0681858,2.0560665,1.8864907,1.864021
mb-07979,val,2.1271048,1.9641919,1.7323937,1.6295862
mb-08710,val,1.6989701,1.7238208,1.2552725,1.2512404
mb-10101,val,1.724276,1.7734079,1.30103,1.4356107
mb-04798,val,2.0681858,2.0133245,1.8750613,1.7727469
mb-06401,val,2.0043213,2.1453583,1.8808136,2.0102441
mb-10266,val,1.4913616,1.6464114,1.0791812,1.114723
mb-01549,val,1.7403626,1.7467544,1.447158,1.3587319
mb-05891,val,2.313867,2.2172127,1.60206,1.7227913
mb-07473,val,2.0413926,2.1100855,1.690196,1.7379426
mb-00163,val,2.0,2.0548756,1.6434526,1.7861938
mb-03899,val,2.0374265,2.0459673,1.6232493,1.6456431
mb-09651,val,1.5440681,1.5212563,1.2787536,1.1177628
mb-01177,val,1.0413927,0.90798974,0.7781513,0.6947036
mb-06256,val,1.845098,1.814291,1.7075702,1.6191022
mb-06171,val,2.1238518,2.0688143,1.6334685,1.566281
mb-00306,val,1.4913617,1.4593387,1.230449,1.203274
mb-07029,val,2.292256,2.3312762,1.9395193,2.0456848
mb-08197,val,1.5910646,1.4683713,1.2552725,1.0896865
mb-03097,val,2.1702619,2.1671376,1.908485,1.9133583
mb-01169,val,2.2148438,2.1941237,1.819544,1.7709384
mb-03835,val,2.220108,2.1874595,1.845098,1.7716743
mb-08125,val,2.0934217,2.0796099,1.5682018,1.619588
mb-08998,val,2.0086002,1.8906481,1.4913617,1.4185905
mb-06763,val,2.2253094,2.1847055,2.0086002,1.8977869
mb-08385,val,1.9542425,1.9226881,1.3617278,1.444809
mb-01100,val,1.9956353,1.8944893,1.7558749,1.7153744
mb-07269,val,1.7323937,1.5912371,1.230449,1.1567626
mb-00258,val,1.3617278,1.4600507,1.0413927,1.0759376
mb-02668,val,1.3424227,1.3488576,1.0,0.9486895
mb-08466,val,2.3384564,2.3590631,2.0,2.0258405
mb-02547,val,1.8260748,1.8915623,1.5185139,1.5654284
mb-07848,val,1.9395192,1.868736,1.0791812,1.4153392
mb-04293,val,2.1271048,2.1189916,1.9138138,1.8469098
mb-05093,val,1.5682017,1.7294347,1.3222193,1.3624741
mb-01428,val,1.20412,1.2248341,0.9542425,0.9048385
mb-07226,val,1.6901962,1.5514424,1.230449,1.2305439
mb-10914,val,2.1903317,2.2491503,0.30103,1.7500913
mb-08595,val,2.1238518,2.1023505,1.9190781,1.8644505
mb-02014,val,1.0,1.515327,1.1760913,1.4338166
mb-01610,val,1.6127839,1.5236976,1.146128,1.1764758
mb-04888,val,1.9867717,1.9770156,1.8388491,1.7380812
mb-07547,val,1.69897,1.9499741,0.845098,1.239917
mb-00281,val,1.8195438,1.8555377,1.6434526,1.5771732
mb-04713,val,1.7403626,1.7647837,1.2552725,1.3349512
mb-02834,val,1.8920946,1.8962917,1.4913617,1.5377172
mb-06048,val,2.2148438,2.1771452,1.80618,1.7418306
mb-02179,val,2.376577,2.014175,2.0934217,1.7197106
mb-01286,val,2.089905,2.1336215,1.770852,1.8635547
mb-07735,val,2.2741578,2.196952,1.9294189,1.8540964
mb-06642,val,2.3304136,2.2205155,2.2718415,2.1351452
mb-03634,val,1.9590414,2.1868343,1.748188,1.4028612
mb-05947,val,1.6232493,1.4815013,1.39794,1.0432099
mb-04674,val,1.5051501,1.4392462,1.20412,1.0966237
mb-07993,val,0.845098,1.0777835,0.47712126,0.7088477
mb-09140,val,2.206826,2.1940424,1.80618,1.7010506
mb-02819,val,1.8808136,1.7984228,1.50515,1.3816144
mb-08779,val,2.1875207,2.1254568,1.9242793,1.8716388
mb-00470,val,1.4313638,1.5455203,1.4313638,1.4766033
mb-07457,val,2.3201463,2.2811456,1.94939,1.9065821
mb-02606,val,2.1367207,2.1006172,1.6232493,1.6313665
mb-02066,val,1.3222193,1.3353056,1.0791812,1.1055197
mb-00656,val,2.2013972,2.1812096,1.7075702,1.7680541
mb-08234,val,2.252853,2.3067586,2.0170333,2.019574
mb-09695,val,1.8129133,1.6262736,1.5185139,1.2529619
mb-09190,val,1.20412,1.080936,0.7781513,0.738902
mb-05086,val,2.262451,2.0282774,2.045323,1.9805653
mb-07064,val,1.7923918,1.746823,1.230449,1.395219
mb-06404,val,1.6127839,1.6150379,1.4149734,1.2768052
mb-01378,val,1.832509,1.7827648,1.462398,1.3299272
mb-00610,val,1.5563025,1.6002257,1.4149734,1.4220669
mb-09573,val,0.8450981,1.2035779,0.60206,0.8889777
mb-01388,val,2.0043213,1.9877849,1.60206,1.4474952
mb-09933,val,1.5910647,1.5677394,1.39794,1.2193861
mb-03800,val,1.9444827,1.9023294,1.60206,1.4955592
mb-02437,val,1.9242792,1.855031,1.60206,1.583119
mb-04356,val,2.4913619,2.6142044,2.2405493,2.3399143
mb-10672,val,2.1038036,2.069328,1.1760913,1.6425201
mb-09537,val,2.049218,2.0803862,1.8388491,1.8240523
mb-02772,val,2.025306,1.9918689,1.819544,1.7752774
mb-07054,val,1.4149733,1.414296,1.0791812,1.2230905
mb-10407,val,1.7923918,1.6538358,1.30103,1.2663347
mb-09783,val,2.0863597,2.03845,1.748188,1.7546825
mb-10328,val,1.8920946,1.9637736,1.4313638,1.5982453
mb-05154,val,2.064458,1.8741908,1.748188,1.480019
mb-09487,val,1.0413927,0.9940493,0.69897,0.7463379
mb-06999,val,1.8573325,1.6328108,1.5185139,1.3013724
mb-08825,val,2.3424227,2.2789793,1.8633229,1.9906516
mb-07480,val,2.5440679,2.414135,2.1172712,2.1580563
mb-09139,val,1.0791813,0.9451647,0.7781513,0.67867625
mb-07031,val,2.0211892,1.835099,1.748188,1.5268146
mb-00158,val,1.39794,1.2750179,1.20412,0.9306616
mb-10449,val,1.7853298,1.7468456,1.3222193,1.3349748
mb-09895,val,1.929419,1.9420221,1.462398,1.3958997
mb-05099,val,1.5185139,1.5639378,1.3617278,1.3912683
mb-09094,val,2.143015,2.0844662,1.7075702,1.6720334
mb-03893,val,1.3222194,1.4271058,0.7781513,1.0630472
mb-05108,val,2.033424,2.0386598,1.6532125,1.633527
mb-06633,val,2.4409091,2.254941,2.3820171,1.9536633
mb-06716,val,2.130334,2.06294,1.6627579,1.6545537
mb-01627,val,1.7923918,1.9162326,1.6532125,1.7303306
mb-02448,val,2.232996,2.1676013,2.1172712,1.8791894
mb-07094,val,1.4313638,1.5422006,1.39794,1.4333587
mb-03466,val,2.361728,2.4090571,2.1105897,2.087052
mb-08679,val,1.5797837,1.6904014,1.39794,1.4172882
mb-01179,val,2.356026,2.368559,2.0,2.0320663
mb-08462,val,2.1702619,2.1262743,1.6627579,1.6706064
mb-08562,val,1.2041199,1.1737925,0.845098,0.81185573
mb-00687,val,1.8388491,1.8452597,1.5563025,1.5602859
mb-01556,val,1.7923918,1.86791,1.39794,1.5235268
mb-07170,val,1.60206,1.5416813,1.3617278,1.2993618
mb-00276,val,1.1760912,1.188804,1.0,1.0582781
mb-09108,val,1.748188,1.6484474,1.2787536,1.0873412
mb-10356,val,2.0413928,2.0247593,1.5682018,1.6939269
mb-08480,val,2.143015,2.0595112,1.2787536,1.363637
mb-06629,val,1.6020601,1.6314211,1.462398,1.4422199
mb-01013,val,1.8750613,1.841103,1.5910646,1.5289364
mb-10585,val,2.230449,2.2239363,1.8129133,1.801692
mb-09264,val,2.3201463,2.128177,2.0413928,1.835139
mb-04009,val,1.9956353,1.9113784,1.7781513,1.6824628
mb-07165,val,2.0086002,2.0758705,1.6812413,1.698433
mb-07548,val,1.9637878,2.0262973,1.770852,1.8390656
mb-00207,val,2.1398792,2.087366,1.9242793,1.7602062
mb-00909,val,1.6434526,2.0353146,1.908485,1.7869412
mb-05985,val,1.9867717,1.9065064,1.5185139,1.2433784
mb-03321,val,1.6434526,1.6057135,1.4771212,1.3915002
mb-06574,val,1.8692318,1.7443885,1.5682018,1.4383498
mb-06115,val,1.5797837,1.5978019,1.39794,1.2558992
mb-04437,val,2.1105897,2.0803666,1.9444827,1.8048184
mb-06538,val,2.3483047,2.2977176,1.9590414,1.9203317
mb-09786,val,2.1238515,1.9631746,1.7403626,1.6452961
mb-07227,val,1.39794,1.364302,1.230449,1.159284
mb-10218,val,2.071882,1.9915358,1.7403626,1.6341461
mb-01316,val,2.3053515,2.0154974,1.819544,1.7165518
mb-06846,val,1.30103,1.5581558,1.0,0.9768055
mb-08855,val,1.7853298,1.9736867,1.748188,1.7503814
mb-04943,val,2.2552726,2.1680193,2.1875207,2.0850797
mb-10403,val,2.217484,2.1582396,1.6334685,1.3126421
mb-10075,val,0.7781513,1.3855093,0.30103,0.72370505
mb-01929,val,2.1931245,2.0941637,1.9395193,1.8443447
mb-09180,val,2.149219,2.1877038,1.9444827,1.9363228
mb-04008,val,1.9294189,1.9624745,1.770852,1.7334237
mb-05416,val,2.0569048,2.0424492,1.8633229,1.8322155
mb-09553,val,2.369216,2.416525,2.2227166,2.2282858
mb-08883,val,1.9867718,2.0901842,1.6127839,1.7344776
mb-01856,val,2.0170333,1.9880798,1.7923917,1.7274218
mb-04020,val,1.8750613,1.8037648,1.5910646,1.5374813
mb-07789,val,2.209515,2.2073174,1.8808136,1.5724058
mb-09326,val,1.3424227,1.2464602,1.1139433,1.0829625
mb-10512,val,2.5037906,2.5467987,2.243038,2.3274503
mb-03830,val,2.075547,1.9688029,1.9344984,1.7006863
mb-06511,val,1.9344985,2.0153043,1.5440681,1.5813487
mb-09499,val,2.0681858,1.951684,1.2787536,1.2107942
mb-03988,val,1.4313638,1.2430439,1.2552725,1.0885136
mb-10053,val,2.064458,2.0792453,1.770852,1.8135778
mb-02242,val,1.8920946,1.7363942,1.4313638,1.4076899
mb-07851,val,2.5611014,2.5673103,2.2227166,2.2820244
mb-09164,val,2.209515,2.1472645,1.845098,1.7565377
mb-00619,val,1.7781513,1.6581059,1.4913617,1.4152278
mb-07622,val,1.968483,1.9567521,1.6127839,1.4472841
mb-07121,val,2.0934217,2.0272865,1.447158,1.411408
mb-04732,val,2.209515,2.156503,1.7853298,1.8572845
mb-09646,val,1.4913617,1.3596897,0.7781513,1.0969042
mb-02096,val,1.8633229,1.9378811,1.1139433,1.2229081
mb-07183,val,1.8864907,1.8102272,1.447158,1.3126324
mb-08458,val,1.7323937,1.7099471,1.3617278,1.5120635
mb-03171,val,2.326336,2.332398,1.9867717,1.9837868
mb-02324,val,1.8388491,1.840194,1.3617278,1.4482564
mb-08379,val,2.033424,1.88775,1.6627579,1.5572466
mb-04917,val,1.908485,1.955829,1.748188,1.7721614
mb-08734,val,1.9344985,2.0179248,1.6627579,1.7114153
mb-08797,val,1.230449,0.9744755,0.7781513,0.6169942
mb-09357,val,2.2121875,2.156892,1.763428,1.7186427
mb-02160,val,1.2787536,1.4206219,0.9542425,1.0123734
mb-06207,val,2.1958997,2.1605372,1.8573325,1.7488608
mb-10878,val,2.2278867,2.100493,1.8920946,1.7798775
mb-08569,val,1.8750613,1.7170881,1.7075702,1.5886039
mb-04897,val,2.264818,2.1254346,1.80618,1.7550279
mb-09399,val,1.9731278,2.0002136,1.6720978,1.6864793
mb-02857,val,1.4471581,1.3524882,1.0,1.002121
mb-04163,val,1.6127838,1.6071174,1.447158,1.4371828
mb-02828,val,1.9590414,1.9490732,1.6812413,1.6295187
mb-02334,val,2.0827854,2.0611286,1.7993406,1.7868938
mb-08636,val,1.6532125,1.6486086,1.3424227,1.224734
mb-07875,val,1.7403628,1.7153907,1.4913617,1.4762617
mb-05010,val,1.919078,1.9438567,1.6720978,1.7225947
mb-05621,val,1.8864908,1.8952576,1.146128,1.3189923
mb-03868,val,1.4913617,1.5652809,1.4313638,1.4611279
mb-09336,val,1.6232493,1.3079156,1.3424227,1.1581558
mb-07016,val,2.1105897,2.0898647,1.690196,1.5440263
mb-02130,val,2.4377506,2.3872755,1.9822712,2.0683439
mb-00386,val,2.0374265,2.0593734,1.8129133,1.7544482
mb-08100,val,1.1760912,1.1986074,1.0791812,1.0578022
mb-02875,val,2.133539,2.0474398,1.7558749,1.6314967
mb-10633,val,2.274158,2.2474284,1.94939,1.855269
mb-08210,val,2.3304138,2.3162174,2.0043213,1.9440075
mb-03586,val,1.9242792,1.8333056,1.5797836,1.4117203
mb-08555,val,2.0,1.9732702,1.5440681,1.5316242
mb-08667,val,1.5797837,1.5285012,1.2787536,1.2518724
mb-00234,val,1.60206,1.6710951,1.3802112,1.1616197
mb-07345,val,1.8129134,1.7959654,1.3802112,1.3855133
mb-02071,val,1.690196,1.7023909,0.845098,1.2800443
mb-10940,val,1.4771214,1.4303261,1.230449,1.0828927
mb-09904,val,1.908485,1.7386628,1.6627579,1.5410601
mb-01080,val,1.9867717,1.9729242,1.7242758,1.7110723
mb-04966,val,1.8808136,1.9150112,1.5563025,1.5758618
mb-03162,val,1.6720978,1.6775557,1.3222193,1.4078954
mb-01283,val,2.164353,2.18477,1.8633229,1.8813223
mb-08186,val,1.9637878,1.9449947,1.7403626,1.7240754
mb-03492,val,2.0530784,1.8596961,1.0,1.0768878
mb-02624,val,1.9590414,1.9141765,1.6434526,1.6415055
mb-10779,val,1.6434526,1.5966618,1.50515,1.3329128
mb-03831,val,2.0170333,1.8198751,1.39794,1.4359145
mb-07519,val,2.1846914,2.1636658,1.80618,1.8621328
mb-02394,val,1.9956352,1.6981615,1.4771212,1.2786609
mb-03959,val,2.0530784,2.032353,1.763428,1.8188455
mb-01455,val,1.8388491,1.8006002,1.5563025,1.5540714
mb-04045,val,1.8633229,1.88784,1.5910646,1.5301689
mb-09408,val,1.5051501,1.6594191,1.462398,1.4388216
mb-10712,val,1.5682018,1.5812023,1.3617278,1.2994614
mb-03747,val,2.2855573,2.2495558,2.1105897,2.1049433
mb-08876,val,1.1760912,1.383029,1.0413927,1.2311519
mb-00226,val,1.8129133,1.6922164,1.3222193,1.3839186
mb-09463,val,2.0374265,2.058275,1.6532125,1.7654928
mb-07696,val,1.8864907,2.0286846,1.690196,1.7528368
mb-08020,val,2.1958997,2.0783741,1.8808136,1.750963
mb-03211,val,1.6720979,1.7789112,1.39794,1.4435406
mb-04592,val,2.348305,2.3687005,2.1105897,2.1262267
mb-04778,val,1.8864908,1.8059776,1.4313638,1.5234488
mb-01560,val,2.1522884,2.1335485,1.9777236,1.9443936
mb-10152,val,1.9867717,2.0161855,1.7323937,1.7083232
mb-02810,val,1.6627578,1.6285931,1.5314789,1.4296681
mb-06370,val,2.2479732,2.2466452,1.80618,2.1072526
mb-06579,val,1.7558749,1.7223117,1.50515,1.4521017
mb-10317,val,1.9777236,1.9482911,1.845098,1.7351593
mb-10530,val,1.8260748,1.7582211,1.5185139,1.3935876
mb-03234,val,2.0934217,1.9568735,1.8388491,1.6545358
mb-00331,val,1.3424227,1.4189186,1.0,1.0976601
mb-07468,val,1.2787535,1.5862839,1.4771212,1.4945642
mb-02597,val,1.8750613,1.9174182,1.5910646,1.5918522
mb-07899,val,1.6532125,1.5712941,1.39794,1.2996529
mb-03655,val,2.209515,2.251131,1.690196,1.8281605
mb-09618,val,2.139879,2.1256871,1.9444827,1.9084351
mb-10566,val,1.8750613,1.9760487,1.3222193,1.2094045
mb-00413,val,1.7075702,1.8736768,1.462398,1.593048
mb-08906,val,2.1172714,2.1076949,1.8920946,1.8905029
mb-03727,val,2.4132996,2.4015768,2.0211892,2.0767589
mb-05774,val,2.3053515,2.3074596,1.6627579,1.9433726
mb-03970,val,2.075547,1.9473941,1.7075702,1.624117
mb-01712,val,1.518514,1.4772813,1.5563025,1.3939555
mb-07544,val,1.20412,1.5707676,0.9542425,1.4050486
mb-01249,val,1.6901962,1.9187269,1.2787536,1.3224427
mb-03384,val,1.8808136,1.7153,1.20412,1.3615508
mb-10308,val,2.0934217,2.0003347,1.763428,1.6577822
mb-06091,val,1.7993406,1.7572969,1.39794,1.3775128
mb-00891,val,1.9395192,2.0191114,1.6720978,1.782014
mb-10946,val,2.4814425,2.4445913,2.20412,2.1566687
mb-06267,val,2.3541083,2.375207,2.064458,2.0671668
mb-01577,val,2.209515,2.1394403,1.9344984,1.8409307
mb-10522,val,2.363612,2.3101842,2.161368,2.0462625
mb-06056,val,2.0934217,2.0495605,1.4771212,1.4787734
mb-00581,val,1.690196,1.6474975,1.4149734,1.4141091
mb-04259,val,1.94939,1.9235935,1.6532125,1.6092489
mb-01376,val,1.7923918,1.8255699,1.2787536,1.3403153
mb-07295,val,1.4913617,1.5537002,1.3617278,1.3997126
mb-01072,val,2.0681858,2.1151087,1.7853298,1.908355
mb-10185,val,1.7781513,1.7413121,1.5797836,1.5334164
mb-03488,val,2.4683473,2.5282595,2.209515,2.2351556
mb-00646,val,1.2787536,1.4721761,1.20412,1.2254707
mb-02007,val,2.1958997,2.0987034,1.7923917,1.5824162
mb-09258,val,1.4471581,1.8189929,0.9542425,1.1042084
mb-01140,val,2.2380462,2.1777585,2.0170333,1.9593818
mb-07531,val,1.5563025,1.5295293,1.39794,1.1794271
mb-06465,val,1.5314789,1.5845661,1.4771212,1.4176
mb-07374,val,2.3242824,2.2593334,1.8920946,1.9741107
mb-05867,val,2.2900345,2.3626854,2.0334237,2.0232928
mb-01909,val,2.161368,2.1065853,1.7558749,1.6978067
mb-08644,val,1.7558749,1.7294778,1.3617278,1.4447163
mb-02979,val,1.6232493,1.6044402,1.5314789,1.4254149
mb-08329,val,2.1139433,2.067831,1.69897,1.8164093
mb-08927,val,2.313867,2.2892222,2.064458,2.0317616
mb-05341,val,2.3747482,2.2387185,2.0374265,1.8941158
mb-05203,val,1.3802114,1.2300245,1.1760913,1.0849295
mb-06284,val,2.09691,2.0223184,1.447158,1.6732929
mb-06356,val,1.9637879,1.8962581,1.4313638,1.5037099
mb-02293,val,1.763428,1.7635239,1.3424227,1.3962165
mb-03138,val,2.1367207,2.0809956,2.09691,1.8781779
mb-02384,val,2.1139433,2.0333722,1.9242793,1.8163593
mb-07181,val,2.0530784,2.0460804,1.7853298,1.8039237
mb-00475,val,2.3159702,2.3457415,2.0791812,2.088925
mb-10363,val,2.2405493,2.089264,1.968483,1.9086035
mb-06781,val,2.3242824,2.2189198,2.2718415,2.1331916
mb-07264,val,2.1271048,2.0499215,1.7403626,1.7443565
mb-07394,val,1.7160034,1.7128916,1.2787536,1.3260882
mb-02341,val,2.269513,2.2725642,1.690196,1.8517473
mb-07232,val,2.0681858,2.0063934,1.1760913,1.4360797
mb-07378,val,1.8692317,1.814238,1.50515,1.4348567
mb-10542,val,2.2121875,2.1461473,1.7853298,1.8402944
mb-04318,val,2.025306,1.9413713,1.4313638,1.5994285
mb-10179,val,1.9912261,2.033364,1.7242758,1.7389053
mb-00459,val,2.1846914,2.1775672,2.0170333,2.0598938
mb-09496,val,1.60206,1.5312915,0.845098,1.1293445
mb-04183,val,2.0863597,2.0791152,1.748188,1.745001
mb-06012,val,2.0043213,1.996099,1.5563025,1.612357
mb-10010,val,1.30103,1.5236734,1.0,1.2052357
mb-07638,val,1.6020601,1.5254802,1.146128,1.1868856
mb-10029,val,1.8325089,1.8508284,1.5563025,1.3874025
mb-09004,val,2.133539,2.0839686,1.9344984,1.7340996
mb-02326,val,1.7075702,1.7750796,1.5185139,1.5140728
mb-05548,val,2.2855573,2.1966147,1.7993406,1.7788124
mb-07166,val,2.1172712,2.1963885,2.0211892,2.115591
mb-01537,val,2.4116197,2.3852782,2.0863597,2.1485496
mb-07088,val,2.230449,2.1315975,1.968483,1.8697006
mb-09849,val,1.819544,1.7070669,1.3802112,1.4396291
mb-00072,val,1.6989701,1.603853,1.5563025,1.4236913
mb-00482,val,2.269513,2.2078588,1.8260748,1.8206663
mb-05347,val,1.4771214,1.6192731,1.230449,1.3773407
mb-07710,val,1.3222193,1.3473659,1.1139433,1.1434022
mb-10600,val,2.120574,1.9849831,1.7923917,1.6630257
mb-00521,val,1.7558749,1.7664016,1.3802112,1.3772454
mb-02355,val,2.0569048,2.076577,1.5797836,1.5666407
mb-04236,val,2.40824,2.4391813,2.2988532,2.2430086
mb-06139,val,2.4048338,2.2957172,1.9956352,1.9020942
mb-06764,val,2.0128372,2.0092406,1.8750613,1.9184698
mb-06294,val,2.2552724,2.2829437,1.8920946,1.9138395
mb-03081,val,1.5797837,1.5377045,1.3424227,1.0631216
mb-08080,val,1.2552725,1.2465239,0.90309,1.0318141
mb-05037,val,1.2041199,1.3259656,1.0413927,1.0648761
mb-09412,val,1.90309,1.9094257,1.50515,1.4892184
mb-03236,val,2.0,1.9121364,1.69897,1.6784669
mb-04431,val,1.748188,1.8095742,1.1760913,1.2499881
mb-10425,val,2.1367207,2.1173606,1.80618,1.6567264
mb-04875,val,2.1673174,2.201274,2.0413928,2.0369751
mb-05808,val,1.5797837,1.6261313,1.20412,1.308967
mb-02591,val,1.9731278,1.9409404,1.7403626,1.6886742
mb-04364,val,1.9444827,2.043996,1.60206,1.7017035
mb-01377,val,1.6127839,1.6594038,1.4313638,1.492381
mb-01742,val,2.3096302,2.3566492,1.9731278,2.0174704
mb-00986,val,1.3617278,1.7672424,1.0413927,0.9175837
mb-03311,val,2.3598354,2.3103,2.0681858,1.9482807
mb-01958,val,1.5314789,1.3764987,1.39794,1.2184492
mb-03553,val,2.146128,2.0362217,1.9344984,1.8666778
mb-10005,val,2.133539,2.14557,1.8633229,1.9655354
mb-08553,val,1.6232493,1.8428311,1.20412,1.4794812
mb-00882,val,1.9637878,1.9139158,1.6812413,1.6757181
mb-09983,val,2.0293837,2.1450655,1.4771212,1.7208965
mb-05498,val,1.9138138,1.8676939,1.0791812,1.2981215
mb-03363,val,2.2355285,2.2067795,1.7993406,1.7281424
mb-05355,val,1.230449,1.1698545,0.90309,0.8386314
mb-10228,val,2.232996,2.071512,1.7323937,1.7610908
mb-05055,val,2.2878017,2.201338,2.0863597,2.062329
mb-05686,val,1.9190781,1.9560397,1.6812413,1.4964062
mb-09447,val,1.908485,2.1373549,1.9777236,1.9229219
mb-02767,val,1.7160033,1.5497246,1.447158,1.320059
mb-09676,val,2.071882,2.1292698,1.7323937,1.7189813
mb-07695,val,1.770852,1.7217395,1.50515,1.4165797
mb-01939,val,1.9242793,1.9479451,1.6627579,1.7306556
mb-09613,val,1.7708521,1.7778194,1.39794,1.3584496
mb-05590,val,2.539076,2.4532762,2.3364596,2.1440742
mb-10213,val,0.99999994,1.6541983,1.0791812,1.2892226
mb-01968,val,2.1003706,2.1743753,1.90309,1.9650744
mb-03112,val,1.2552725,1.3397967,0.90309,1.1023523
mb-09832,val,1.8633229,1.8343924,1.1139433,1.4414197
mb-10595,val,1.748188,1.8218317,1.3802112,1.2917935
mb-09431,val,1.9542425,1.9590248,1.4771212,1.5186034
mb-06450,val,2.133539,2.1440847,1.7781513,1.7493864
mb-00855,val,2.2900345,2.4277925,2.071882,2.1972892
mb-04135,val,2.0293837,2.0036182,1.7403626,1.7259197
mb-00669,val,2.1702616,2.1517906,1.9777236,1.9502387
mb-01727,val,1.9590414,1.9407209,1.6720978,1.6478631
mb-03426,val,1.9493899,1.9182422,1.8129133,1.7118484
mb-00695,val,2.240549,2.3685172,2.220108,2.232121
mb-00256,val,1.30103,1.4325463,0.9542425,0.99362385
mb-09116,val,2.1105897,2.0003293,1.845098,1.6928833
mb-09996,val,2.10721,2.05873,1.7242758,1.7281544
mb-08103,val,1.7075702,1.703687,1.2787536,1.3635266
mb-02352,val,1.7923917,1.6474557,1.50515,1.3599814
mb-06036,val,1.3010299,1.2347195,1.0791812,1.0735441
mb-01300,val,1.3802114,1.3807662,1.1760913,1.1090276
mb-06142,val,2.0374265,2.1720057,1.6434526,1.7760338
mb-00442,val,2.3138673,2.1849496,2.075547,1.974406
mb-02529,val,2.045323,2.034335,1.5440681,1.6180658
mb-10461,val,2.164353,2.1014903,1.3424227,1.3200941
mb-06807,val,1.3802112,1.3138238,1.146128,1.1278622
mb-10820,val,2.198657,2.1110466,1.5910646,1.829174
mb-05252,val,1.748188,1.7058542,1.2787536,1.2715021
mb-05141,val,1.6627579,1.5591125,1.3424227,1.101524
mb-06591,val,1.146128,1.301781,1.0,1.0454795
mb-04340,val,1.9542425,1.9624254,1.5314789,1.6953392
mb-10331,val,2.2741578,2.278455,1.8633229,1.9095771
mb-04558,val,1.0791813,1.2285364,0.7781513,0.77738184
mb-03983,val,1.5314789,1.5545884,1.3222193,1.2798827
mb-04669,val,2.1238518,1.9238633,1.8750613,1.7168595
mb-10784,val,1.3617278,1.8517216,1.3424227,1.7248161
mb-08686,val,2.2148438,2.1746995,1.7323937,1.7448655
mb-08688,val,2.075547,1.9146805,1.8512584,1.710435
mb-00660,val,1.6812413,1.6945698,1.3617278,1.4667214
mb-01898,val,2.2671716,2.1456745,1.9294189,1.8034608
mb-05574,val,1.462398,1.6624917,1.1139433,1.1033578
mb-06317,val,2.120574,2.083306,1.770852,1.6951647
mb-02172,val,1.8692318,1.8643563,1.5682018,1.6214198
mb-09840,val,2.146128,1.7313781,1.69897,1.4374889
mb-00162,val,1.2041199,1.3822404,1.1139433,1.155802
mb-05777,val,2.3159702,2.320251,2.045323,1.9526163
mb-07618,val,2.2600713,2.054776,1.748188,1.6840514
mb-10527,val,1.8692318,1.700575,1.6334685,1.5128016
mb-07999,val,1.3424227,1.6302929,1.1139433,1.2137953
mb-06344,val,1.5440681,1.5035304,1.3617278,1.2986355
mb-02649,val,2.0334237,1.5525272,1.60206,1.3570658
mb-10296,val,2.346353,2.184645,2.0043213,1.8620057
mb-09756,val,2.340444,2.3103707,2.0043213,2.0508184
mb-06834,val,1.748188,1.7377502,1.3617278,1.4144886
mb-10410,val,2.149219,2.1458132,1.8976271,1.8597103
mb-02365,val,1.6020601,1.5643858,1.5440681,1.4197917
mb-04399,val,2.2380462,2.1404366,1.7853298,1.5601864
mb-08606,val,1.8512584,1.766572,1.5563025,1.5457081
mb-02634,val,1.3802112,1.4557824,1.0413927,1.1212379
mb-06468,val,1.5185139,1.6958014,1.5314789,1.478063
mb-07429,val,2.0827854,2.0370615,1.5682018,1.566303
mb-02235,val,1.9822712,1.974151,1.7403626,1.7432413
mb-02356,val,2.164353,2.2141075,1.6720978,1.814156
mb-02342,val,0.60206,0.7850375,0.47712126,0.59609103
mb-05631,val,2.3483047,2.3292263,1.9731278,1.9668344
mb-02461,val,1.5797836,1.5709077,1.4771212,1.461161
mb-06675,val,1.230449,1.1742427,1.1139433,1.0358386
mb-04445,val,1.4913617,1.6498861,1.20412,1.0312461
mb-04005,val,2.1271048,2.0414019,1.8750613,1.8124491
mb-05724,val,2.232996,2.1523528,1.9590414,1.9445326
mb-03191,val,2.089905,2.1004214,1.748188,1.7912807
mb-06140,val,1.9395192,1.8016058,1.4771212,1.4449238
mb-02137,val,1.9637878,1.9847559,1.8129133,1.7960906
mb-02211,val,2.164353,2.1509457,1.9395193,1.8904552
mb-04744,val,2.0170333,2.0101638,1.7403626,1.7257396
mb-09222,val,1.968483,1.8974926,1.6434526,1.6019906
mb-10269,val,1.748188,1.7611673,1.3617278,1.2395729
mb-00987,val,1.9344984,1.9772328,1.5797836,1.4027216
mb-07003,val,1.5682018,1.5145916,1.20412,1.1442223
mb-10860,val,1.6627579,1.8120642,1.2787536,1.4148203
mb-04517,val,1.9190781,2.0844016,1.3802112,1.7679154
mb-09600,val,2.311754,2.2374654,1.7993406,1.7054967
mb-08853,val,1.3222193,1.2201699,1.1139433,1.0854793
mb-09269,val,2.049218,2.0459776,1.4771212,1.5115463
mb-09785,val,2.3159704,2.2430506,1.7781513,1.8887188
mb-04458,val,2.3053515,2.2598228,2.075547,2.0686288
mb-03906,val,1.9294189,2.0093699,1.8129133,1.8465817
mb-06362,val,1.5185139,1.5737886,0.9542425,1.221637
mb-05701,val,1.7993405,1.7664516,1.5910646,1.5155982
mb-10072,val,1.518514,1.0821352,1.20412,0.8138373
mb-00572,val,1.8920946,1.5272356,1.60206,1.3070791
mb-02990,val,2.5051498,2.3579144,2.243038,2.0930526
mb-05238,val,1.8864908,1.8573784,1.4149734,1.2566576
mb-03822,val,1.9731278,1.9543488,1.6434526,1.6576086
mb-09729,val,2.2013972,2.0393298,1.80618,1.6587936
mb-08287,val,2.1038036,2.1084785,1.845098,1.8532519
mb-10082,val,1.913814,1.9637265,1.5682018,1.652354
mb-00781,val,2.0934217,2.0621357,1.8692317,1.809572
mb-00342,val,1.90309,1.9065843,1.4313638,1.4137883
mb-07611,val,1.60206,1.6123157,1.3617278,1.2654849
mb-02920,val,0.60206,0.61994964,0.30103,0.46309114
mb-07340,val,1.7075702,1.6626122,1.60206,1.3679376
mb-08627,val,2.0934217,2.032793,1.5563025,1.4675876
mb-00894,val,1.5682018,1.6199818,1.3424227,1.236912
mb-09131,val,1.9242793,2.0307066,1.30103,1.447469
mb-04255,val,2.0128374,2.0339365,1.5682018,1.4311708
mb-06701,val,1.4913617,1.3800191,1.146128,1.1399935
mb-09092,val,1.9867718,1.910984,1.6127839,1.6124095
mb-01228,val,2.2552724,2.2607925,2.064458,1.9870132
mb-10953,val,1.2041199,1.3885552,0.69897,1.1476423
mb-07898,val,2.0086002,1.9797922,1.8260748,1.7498782
mb-01772,val,1.3617278,1.3500729,0.90309,0.9811149
mb-05036,val,2.1846914,2.0804846,1.5563025,1.4716959
mb-03237,val,2.0334237,2.0474901,1.8692317,1.7368339
mb-06218,val,2.0934215,2.1824672,2.0253057,2.0505497
mb-01589,val,2.0413926,1.8676374,1.5797836,1.636635
mb-09249,val,1.2041199,1.2362056,0.69897,0.8998744
mb-05105,val,1.4913617,1.6560391,1.4149734,1.3643377
mb-07842,val,1.7323939,1.7476305,1.5682018,1.5257176
mb-01778,val,1.9590415,2.055553,1.8260748,1.8381155
mb-01960,val,2.0413926,2.0143936,1.8129133,1.7681937
mb-03665,val,1.9731278,1.9921206,1.4771212,1.6836522
mb-09632,val,1.7075702,1.6882288,1.3424227,1.4058226
mb-10846,val,1.50515,1.711175,1.39794,1.6013135
mb-06352,val,1.60206,1.651048,1.0791812,1.1266184
mb-09755,val,1.20412,1.1587696,0.9542425,1.0076212
mb-01749,val,1.7160033,1.714529,1.3617278,1.3923947
mb-02422,val,1.748188,1.6423845,1.4149734,1.2552882
mb-10141,val,1.8260747,1.9765158,1.5797836,1.6263407
mb-06894,val,1.7323937,1.6559933,1.7323937,1.5221747
mb-03874,val,1.8976271,1.9256518,1.6532125,1.7283108
mb-06318,val,1.6627578,1.7621653,1.3222193,1.3634969
mb-09736,val,1.6532124,1.5937803,1.447158,1.3709862
mb-07057,val,1.9777236,1.9200578,1.763428,1.6579721
mb-07616,val,1.9912261,2.0285797,1.8512584,1.7832289
mb-10125,val,1.7923918,1.5430748,1.5563025,1.3870772
mb-07355,val,1.8808136,1.7983161,1.5185139,1.4589752
mb-06652,val,1.7781512,1.745656,1.447158,1.4419531
mb-07527,val,1.4149734,1.1702143,1.0413927,0.8633164
mb-10414,val,0.9542425,1.2674502,0.60206,0.7305114
mb-03040,val,1.7403628,1.7374312,1.5563025,1.4715449
mb-08844,val,1.7923918,1.704913,1.4913617,1.3524786
mb-01185,val,1.8976271,1.8619428,1.2787536,1.3292773
mb-00097,val,1.908485,1.738573,1.6532125,1.4956956
mb-06710,val,1.6812413,1.7791127,1.0791812,1.2585073
mb-10070,val,1.7558749,1.7324785,1.4313638,1.423395
mb-04114,val,1.7075702,1.7935269,1.230449,1.2864809
mb-06416,val,1.748188,1.7693889,0.90309,1.3558308
mb-09013,val,2.2121875,2.2053854,1.9637878,1.9231918
mb-07927,val,1.2041199,1.1612358,0.845098,0.88005364
mb-04152,val,2.298853,2.2658176,1.7923917,1.8329558
mb-01845,val,2.0606978,2.0627959,1.6232493,1.6588011
mb-07857,val,2.120574,2.1270492,1.7558749,1.7757866
mb-08474,val,1.991226,1.9243147,1.447158,1.5650768
mb-02016,val,1.9637878,1.7813292,1.50515,1.484716
mb-01787,val,2.214844,2.2334585,2.178977,2.0612383
mb-09300,val,2.3304138,2.2115571,1.9190781,1.8204552
mb-03415,val,2.3364596,2.2389314,1.8808136,1.6233008
mb-02044,val,2.1367207,2.1228275,1.7323937,1.7524062
mb-04648,val,1.30103,1.3770475,1.3617278,1.2683148
mb-08665,val,0.90309,1.0818675,0.69897,0.7141858
mb-05110,val,2.361728,2.351375,1.94939,2.0320623
mb-05004,val,2.4377506,2.444748,2.2966652,2.4105678
mb-07705,val,1.8864907,1.785948,1.5797836,1.5698106
mb-05443,val,1.8633229,1.705761,1.3802112,1.3111565
mb-05525,val,1.8388491,1.7656906,1.5797836,1.5043293
mb-10353,val,1.6989701,1.6837523,1.230449,1.2187128
mb-02951,val,1.7853298,1.9320878,1.6232493,1.7309885
mb-08632,val,2.161368,2.1385522,1.7242758,1.7486196
mb-07175,val,0.60206,0.56622183,0.30103,0.3421923
mb-10732,val,2.1172712,2.2079287,1.7323937,1.9501821
mb-01651,val,1.8325089,1.8910296,1.6434526,1.6795557
mb-07156,val,1.7075702,1.7254025,1.230449,1.2353064
mb-01348,val,2.3117537,2.234949,1.9956352,1.8977346
mb-08087,val,1.6127839,1.5855093,1.39794,1.3472867
mb-05656,val,1.8864908,1.8727655,1.20412,1.0720357
mb-05879,val,2.0374265,1.9454241,1.39794,1.1488402
mb-04109,val,2.0334237,2.0569694,1.8388491,1.890903
mb-02070,val,1.3424227,1.5294045,1.1760913,1.2173123
mb-07902,val,1.8195438,1.8845063,1.447158,1.430701
mb-07697,val,1.94939,1.9127032,1.5563025,1.5187749
mb-04577,val,2.164353,2.1020234,1.9444827,1.845573
mb-07154,val,1.845098,1.8781266,1.4771212,1.3987384
mb-10745,val,1.5797837,1.943731,1.20412,1.663231
mb-08601,val,2.089905,2.0848703,1.8633229,1.8897727
mb-01751,val,2.238046,2.2814116,2.0211892,2.0011876
mb-04727,val,2.025306,2.0582266,1.7993406,1.8247683
mb-10785,val,1.968483,1.9627453,1.3802112,1.3843107
mb-02186,val,0.0,0.5223659,0.0,0.4416976
mb-03249,val,2.1105897,2.1247783,1.6627579,1.6619186
mb-07123,val,1.7403628,1.7512925,1.4149734,1.4254295
mb-06549,val,2.2121878,2.2430975,1.9242793,1.8821435
mb-10454,val,2.2552724,2.1153798,1.9822712,1.88923
mb-10978,val,2.206826,2.0014699,1.7781513,1.6343094
mb-05194,val,2.1038036,2.081664,1.8633229,1.9165394
mb-03802,val,2.2253094,2.1496878,1.8976271,1.8749641
mb-09312,val,2.0086002,1.9587411,1.60206,1.5996155
mb-02658,val,1.8864907,1.841803,1.5910646,1.5478832
mb-07929,val,2.4771214,2.387768,1.9444827,2.0964973
mb-08424,val,1.8129134,1.7634537,1.5682018,1.5413377
mb-08618,val,1.5314789,1.3945683,1.0413927,1.0521529
mb-08467,val,1.6812413,1.7415048,1.3617278,1.4413733
mb-08862,val,1.690196,1.6851763,1.1139433,0.88283086
mb-02426,val,2.3096302,2.1967647,1.8512584,1.7165087
mb-07329,val,0.9542425,1.1992371,0.90309,0.9644194
mb-06274,val,2.3598354,2.3374672,1.8692317,2.0207946
mb-09015,val,2.1583624,2.0965314,1.7403626,1.577197
mb-05394,val,1.690196,1.6058075,1.3802112,1.3700544
mb-00989,val,2.2944663,2.211073,1.90309,1.8850714
mb-01478,val,1.7323937,1.6848484,1.3802112,1.2916169
mb-07115,val,1.5682018,1.5117563,1.30103,1.2664624
mb-06628,val,2.0606978,2.0528004,1.748188,1.7285067
mb-06381,val,1.447158,1.3212878,1.1139433,0.940091
mb-02780,val,1.5051501,1.4346757,1.1760913,1.0556046
mb-07551,val,1.462398,1.6469349,1.3424227,1.3770095
mb-07788,val,1.2041199,1.3455696,1.0413927,1.0980403
mb-09647,val,2.252853,2.1336513,1.50515,1.7563876
mb-01274,val,1.819544,1.8402907,1.6627579,1.502967
mb-06868,val,1.748188,1.8490493,1.2552725,1.2305412
mb-06566,val,2.1731863,2.1786413,1.770852,1.8483522
mb-08737,val,1.7993406,1.768507,1.3424227,1.3434379
mb-01130,val,1.819544,1.7688757,1.5563025,1.4557201
mb-06555,val,1.6989701,1.7061194,1.4913617,1.4440323
mb-08405,val,1.9956353,1.9788487,1.819544,1.9583989
mb-03537,val,2.1931245,2.1840203,1.9444827,1.9258933
mb-03965,val,1.6434528,1.5275682,1.3424227,1.2804368
mb-08687,val,1.9138138,1.786823,1.39794,1.443885
mb-00021,val,2.2810333,2.3136654,2.0,2.019847
mb-07000,val,0.90309,1.0380661,0.60206,0.59952724
mb-08649,val,1.8692317,1.8779123,1.0,1.1515515
mb-10103,val,2.1958997,2.163719,1.9395193,1.9182792
mb-06775,val,2.1875207,2.086269,1.763428,1.6054715
mb-01517,val,2.3117537,2.232035,1.9731278,1.8959624
mb-01382,val,1.4149734,1.4180291,1.1139433,1.070899
mb-07096,val,1.8260748,1.764808,1.4313638,1.4556531
mb-10970,val,1.6020601,1.5532804,0.7781513,1.1929169
mb-05671,val,2.3180633,2.232479,1.9777236,1.7780569
mb-05717,val,2.2966652,2.3782732,1.9731278,2.0941708
mb-06477,val,1.9242793,1.9684882,1.2787536,1.3635381
mb-08212,val,1.7403628,1.7666446,1.5563025,1.5446594
mb-01303,val,2.09691,2.0111675,1.90309,1.8435379
mb-05439,val,2.2900345,2.1606648,1.8633229,1.7379801
mb-02247,val,1.90309,1.9261913,1.690196,1.6603154
mb-01343,val,1.8976271,1.7386867,1.7853298,1.5204253
mb-08286,val,2.4653828,2.3887527,2.0791812,2.0615482
mb-06268,val,2.155336,2.1430087,1.8129133,1.7498534
mb-01946,val,2.25042,2.150415,1.8692317,1.8963711
mb-06133,val,1.7853298,1.6404576,1.2552725,1.2442064
mb-04358,val,2.4265113,2.4429178,2.2624512,2.1310515
mb-02587,val,2.1958995,2.1922512,1.9956352,2.0072558
mb-02311,val,1.9731278,1.9443808,1.5185139,1.4274391
mb-04585,val,1.748188,1.7920653,1.230449,1.2847682
mb-09975,val,2.120574,2.0640106,1.3802112,1.7314745
mb-03967,val,2.071882,2.0249412,1.8573325,1.8078237
mb-08475,val,2.3961995,2.359338,1.9190781,2.0175424
mb-00285,val,2.130334,2.0231419,1.1760913,1.160154
mb-02671,val,2.217484,2.2509863,2.0043213,1.9442347
mb-09799,val,1.3617278,1.1599374,0.9542425,1.0213455
mb-07870,val,1.7403626,1.7093744,1.447158,1.4823937
mb-06262,val,2.071882,2.0545797,1.69897,1.6632965
mb-10823,val,1.9822712,1.8155377,1.690196,1.4977874
mb-01827,val,2.264818,2.157181,1.5682018,1.6491089
mb-08384,val,1.8388491,1.4685842,1.20412,1.1038572
mb-10182,val,1.6627579,1.635129,1.4149734,1.3822477
mb-05330,val,1.9590415,1.9391348,1.5563025,1.514455
mb-02958,val,2.4232457,2.3307006,2.1238515,1.970236
mb-08584,val,2.220108,2.1374125,1.8976271,1.893996
mb-08105,val,1.2787536,1.2489545,0.9542425,1.0196669
mb-07380,val,1.7160033,1.7693411,1.3222193,1.3344464
mb-08422,val,2.252853,2.1724749,1.7242758,1.7439317
mb-07155,val,2.4014006,2.25943,2.149219,1.9842352
mb-01829,val,2.283301,2.2331088,1.9344984,1.9045389
mb-05448,val,2.2787535,2.2631392,1.8808136,1.8288195
mb-00405,val,2.2227163,2.1869605,1.9344984,1.8454342
mb-10772,val,2.1367207,2.0288122,1.5910646,1.5806347
mb-05175,val,2.2855573,2.2749202,2.0086002,1.9539957
mb-08219,val,2.2764618,2.3486898,2.0530784,2.2406375
mb-06007,val,1.819544,1.8612593,1.2787536,0.92352664
mb-08449,val,2.2787535,2.2888756,2.045323,2.003076
mb-09178,val,1.9777236,2.0459704,1.690196,1.756814
mb-07661,val,1.50515,1.695245,1.0413927,1.1734673
mb-00522,val,1.20412,1.3237467,0.7781513,1.085934
mb-00365,val,2.0293837,2.0590084,1.4771212,1.7703911
mb-09298,val,2.2528532,2.1764193,1.8976271,1.9010487
mb-02011,val,1.9190781,1.737189,1.6334685,1.4788516
mb-10591,val,1.6127839,1.5787015,1.3424227,1.4167466
mb-00358,val,1.8129134,1.7923629,1.30103,1.2698846
mb-05476,val,1.8512583,1.9625459,1.5797836,1.6591042
mb-01588,val,2.0569048,1.9886436,1.80618,1.8215396
mb-10760,val,1.9242792,1.9472259,1.3617278,1.213964
mb-03119,val,2.2479732,2.144774,1.9138138,1.7363234
mb-03427,val,1.7323937,1.8262752,1.60206,1.4405098
mb-04654,val,1.2552725,1.2764199,0.845098,0.8619476
mb-09761,val,1.7323937,1.704236,1.1139433,1.3858587
mb-05185,val,1.8633229,1.8314347,1.5910646,1.613573
mb-04424,val,1.6989701,1.6513382,1.4313638,1.4684644
mb-00200,val,1.4149734,1.4048189,1.20412,1.1371801
mb-07373,val,1.5682018,1.5671427,1.4313638,1.4303235
mb-07161,val,1.8864907,1.9026601,1.60206,1.7045552
mb-08528,val,2.075547,2.0200105,1.50515,1.4402021
mb-04481,val,2.0,2.0047653,1.8325089,1.7217475
mb-00396,val,1.819544,1.8163028,1.5185139,1.5104132
mb-06643,val,1.4913617,1.510108,1.30103,1.2348458
mb-07604,val,1.0,1.0942464,0.845098,0.8202421
mb-06354,val,1.7075702,1.7225714,1.5440681,1.4907627
mb-01307,val,2.357935,2.2175937,2.0,2.0233579
mb-08848,val,1.8750613,1.9064853,1.4771212,1.5325724
mb-10080,val,1.7558749,1.7836761,1.4771212,1.3311018
mb-02723,val,1.3617278,1.3370694,1.230449,1.0465906
mb-08703,val,2.2504199,2.3271134,2.0569048,2.0287476
mb-01048,val,1.7323939,1.6641247,1.5682018,1.4415976
mb-01449,val,2.1583624,2.2336473,1.7160033,1.8554485
mb-10194,val,2.252853,2.0138106,1.8692317,1.8006978
mb-05243,val,2.3304138,2.2519076,2.0530784,1.8471186
mb-05047,val,2.133539,2.0950332,1.5314789,1.4322587
mb-04258,val,1.3802112,1.1644794,1.1139433,0.8306114
mb-01461,val,1.8129133,1.7762389,1.5797836,1.5634615
mb-08333,val,2.0569048,2.0548444,1.8864907,1.7448962
mb-03829,val,1.2552725,1.3139623,1.1139433,1.146456
mb-00888,val,1.4913617,1.6309463,1.30103,1.3772352
mb-10333,val,2.0934217,2.0512311,1.8920946,1.939319
mb-06471,val,1.6989701,1.7162459,1.462398,1.3729825
mb-08591,val,1.3222194,1.3738352,0.90309,1.0581491
mb-09545,val,2.2810333,2.2817588,2.0128372,1.9849887
mb-04837,val,2.139879,2.153917,1.9344984,1.9708267
mb-03516,val,1.7323937,1.8653418,1.4771212,1.5648254
mb-10969,val,1.8633229,2.2821822,1.7075702,1.9866939
mb-03302,val,2.1139433,2.1253834,1.9395193,1.7838418
mb-09885,val,2.1038036,1.9685948,1.7403626,1.6686006
mb-01106,val,0.90309,1.1028783,0.60206,0.8110078
mb-09072,val,2.243038,1.9406395,2.049218,1.6729611
mb-08714,val,1.7781513,1.6326059,1.5314789,1.3163548
mb-06063,val,2.423246,2.248451,2.0530784,1.9178611
mb-08179,val,1.146128,1.4736347,1.0413927,1.128005
mb-04583,val,1.4771212,0.9682975,1.0413927,0.7772855
mb-01863,val,1.0413927,1.1241617,0.69897,0.6985789
mb-06441,val,2.2355285,2.309526,1.8260748,1.9361682
mb-08946,val,1.5797837,1.6755631,1.4313638,1.4617896
mb-09909,val,1.8573326,1.7122234,1.4313638,1.405433
mb-02285,val,1.5797837,1.7268615,1.4149734,1.5570713
mb-00340,val,1.2552725,1.2106295,0.845098,0.91288555
mb-02567,val,2.3579347,2.1691828,1.9822712,1.9533355
mb-00052,val,1.5185139,1.6828291,1.2787536,1.3710483
mb-09406,val,1.6812413,1.6589582,1.50515,1.3978411
mb-06093,val,2.378398,2.333359,2.049218,1.9787275
mb-03858,val,2.2671716,2.3380902,2.220108,2.2226927
mb-04221,val,2.1760912,2.1305223,2.0334237,2.0342116
mb-00436,val,2.3159702,2.279433,2.0253057,1.9961531
mb-08493,val,2.1583624,2.1236148,1.770852,1.8124598
mb-08872,val,2.230449,2.1352293,1.8512584,1.7119806
mb-05469,val,2.1367204,2.1546793,2.0606978,2.1038873
mb-02274,val,1.1139433,1.1429406,0.9542425,0.8202642
mb-08784,val,1.8920946,1.8821882,1.8325089,1.6620175
mb-05410,val,2.283301,2.3358357,2.09691,2.0569603
mb-00357,val,1.4313638,1.4423662,1.230449,1.2266546
mb-09596,val,2.0170333,2.0504053,1.6532125,1.6428149
mb-10975,val,1.60206,1.5632607,1.3802112,1.3499385
mb-10717,val,1.7160034,1.667035,1.2552725,1.2786844
mb-05962,val,1.5797837,1.484437,1.4313638,1.3565248
mb-09044,val,2.1846914,2.0076435,1.7075702,1.6523495
mb-00141,val,0.90309,1.2426,0.7781513,0.7464536
mb-06656,val,1.3424227,1.4786581,1.0,1.1191918
mb-04761,val,1.230449,1.2175152,1.0413927,1.0435846
mb-00123,val,1.6627579,1.5009881,1.6127839,1.4073335
mb-01207,val,1.9190781,1.8899261,1.3802112,1.4445899
mb-05789,val,2.1139433,2.2257156,1.462398,1.6344869
mb-01753,val,2.3159704,2.273883,2.2380462,2.090008
mb-07921,val,1.39794,1.3093221,1.2787536,1.1655469
mb-07650,val,1.5563025,1.8601127,1.3802112,1.4465301
mb-05832,val,1.7781513,1.7126769,1.30103,1.2011987
mb-01572,val,1.6532125,1.8073809,1.5185139,1.2276964
mb-10825,val,1.6812413,1.6379294,1.3424227,1.2023171
mb-02430,val,1.845098,1.8739657,1.447158,1.4516311
mb-06049,val,1.6720979,1.7674937,0.60206,1.1227018
mb-03500,val,2.4393325,2.425159,2.1303337,2.108734
mb-06980,val,1.6127839,1.5896866,1.30103,1.2537222
mb-00935,val,1.8864907,1.821979,1.5185139,1.4735761
mb-05923,val,2.4248815,2.374445,2.1931245,2.1117861
mb-01653,val,1.1139433,1.1769962,0.47712126,0.67530465
mb-03897,val,1.230449,1.3132305,0.90309,1.0352848
mb-03173,val,1.7853298,1.844492,1.3424227,1.3994128
mb-07193,val,1.3802112,1.4176393,1.0791812,1.0312483
mb-08259,val,1.748188,1.4056864,1.462398,1.1098317
mb-00182,val,1.9731278,2.026977,1.8976271,1.8246883
mb-08657,val,1.5314789,1.5723093,1.2552725,1.1061393
mb-10060,val,2.0334237,2.0120735,1.9590414,1.8744133
mb-03216,val,2.2528532,2.2231224,1.9242793,1.8058139
mb-03604,val,2.1139433,2.061721,1.7923917,1.7138718
mb-01264,val,2.0606978,2.050249,1.9590414,1.8770723
mb-08174,val,1.8129134,1.8205572,1.4913617,1.644015
mb-01804,val,2.4361625,2.477512,2.064458,2.174128
mb-02289,val,1.724276,1.7245122,1.2787536,1.3137821
mb-10313,val,2.0934217,2.0272505,1.7781513,1.6998845
mb-06823,val,1.9542425,1.9954232,1.60206,1.7684188
mb-05752,val,2.313867,2.3570666,1.9731278,2.014666
mb-00529,val,1.8260747,1.7907016,1.447158,1.4180083
mb-04810,val,1.6020601,1.6767735,1.462398,1.4224207
mb-05291,val,2.30103,2.2698889,1.8325089,1.8586346
mb-04349,val,1.531479,1.385472,1.30103,1.1551363
mb-03291,val,2.4517863,2.4681447,2.243038,2.1698556
mb-07880,val,2.0530784,1.9088838,1.60206,1.5624878
mb-00115,val,1.5797836,1.5742728,1.3222193,1.363277
mb-06570,val,1.7323937,1.5579861,1.5910646,1.3966676
mb-00785,val,2.2600713,2.1674466,2.1038036,1.929242
mb-01525,val,2.1367207,2.0629053,1.6627579,1.6544794
mb-05571,val,1.60206,1.6558127,1.447158,1.4294814
mb-04644,val,2.0934217,2.1190233,1.7923917,1.8411194
mb-07151,val,1.544068,1.5663723,1.3222193,1.2833267
mb-09967,val,1.5563025,1.4456198,1.3424227,1.3694894
mb-08501,val,1.39794,1.3952508,1.1760913,0.96606725
mb-10893,val,1.6434526,1.5882478,1.2552725,1.0941702
mb-08935,val,1.8808136,1.8569336,1.2552725,1.2643664
mb-07909,val,2.2504199,2.1883209,2.0293837,2.0202873
mb-07728,val,1.80618,1.77368,1.50515,1.4369619
mb-01403,val,1.6020601,1.6435704,1.3424227,1.3941228
mb-04082,val,2.10721,1.924719,1.4771212,1.7464794
mb-09349,val,1.7558748,1.7685032,1.6720978,1.5636265
mb-08325,val,1.6901962,1.6857514,1.5563025,1.4586316
mb-02349,val,1.3424227,1.3307036,1.0413927,0.9785164
mb-07568,val,1.531479,1.5540347,1.3424227,1.2828805
mb-01134,val,1.8573326,1.6518747,1.4313638,1.399915
mb-05925,val,2.4199557,2.3820841,2.10721,2.0495574
mb-06446,test,0.7781513,0.7800151,0.30103,0.51534253
mb-08717,test,2.3283796,2.1556337,2.0211892,1.7975905
mb-01619,test,2.5301998,2.4923341,2.307496,2.2868447
mb-04142,test,2.2944663,2.302112,1.9395193,1.9306613
mb-00784,test,2.457882,2.4900355,2.2900345,2.4862504
mb-04805,test,1.80618,1.7851468,1.60206,1.6030155
mb-02703,test,1.0791812,1.187954,1.1139433,0.8513392
mb-03385,test,2.1522882,2.2081008,1.69897,1.7440704
mb-09130,test,1.8512584,1.7365197,1.39794,1.4220318
mb-08004,test,1.7323937,1.7241247,1.3617278,1.3592398
mb-07004,test,2.2253094,2.193258,1.6434526,1.6763881
mb-00892,test,1.9542426,1.939851,1.6127839,1.5851096
mb-08392,test,1.3424227,1.5834063,1.39794,1.1625515
mb-00717,test,1.1139433,0.5786725,0.90309,0.36203587
mb-02717,test,2.120574,2.1242929,1.7993406,1.70788
mb-04033,test,2.4183013,2.3250191,1.8750613,1.9794905
mb-04809,test,2.2278867,2.231134,1.7075702,1.8396312
mb-08352,test,1.69897,1.7547193,1.3617278,1.4074273
mb-02472,test,1.5797836,1.5531237,1.447158,1.4197454
mb-00922,test,2.2671716,2.2476068,1.8388491,1.8052526
mb-00536,test,1.6720978,1.6742902,1.4771212,1.4394903
mb-10295,test,1.9956352,1.7724633,1.6434526,1.4704165
mb-04286,test,1.8864907,1.79339,1.447158,1.3756471
mb-00055,test,1.90309,1.8751814,1.6812413,1.6038585
mb-01917,test,0.90309,1.0054913,0.60206,0.74190575
mb-07651,test,1.9542425,1.9678755,1.30103,1.3435408
mb-05450,test,0.60206,0.87599516,0.47712126,0.6024399
mb-00009,test,1.845098,1.9689584,1.6812413,1.6400775
mb-02891,test,2.0569048,1.946661,1.770852,1.4824203
mb-02923,test,1.0413927,1.5894488,1.3222193,1.5100586
mb-01571,test,1.7708521,1.8622959,1.4913617,1.4837097
mb-05085,test,2.4456043,2.4328506,2.133539,2.1185732
mb-06287,test,1.9138138,1.9705724,1.6434526,1.7670709
mb-00583,test,2.198657,2.3070421,1.690196,1.9276338
mb-06573,test,2.2552724,2.2387154,1.8920946,1.9090652
mb-04548,test,2.3747482,2.3381917,1.7242758,1.9878293
mb-02712,test,2.269513,2.3446586,1.9822712,1.9935215
mb-09268,test,1.30103,1.1950955,0.90309,0.8173234
mb-01062,test,1.146128,1.2142664,0.845098,1.0616872
mb-09127,test,1.6627579,1.6387421,1.1760913,1.2382045
mb-10457,test,1.7993406,1.6613793,1.5440681,1.3381385
mb-03561,test,1.8260748,1.8293626,1.6627579,1.5803909
mb-07575,test,1.7323937,1.644697,1.5563025,1.3388747
mb-09310,test,1.9493899,1.9119483,1.7853298,1.6652812
mb-03030,test,1.9912262,1.9668713,1.5440681,1.4458128
mb-06600,test,1.30103,1.3157971,0.9542425,1.0034528
mb-03124,test,2.340444,2.150232,1.94939,1.8445779
mb-01495,test,1.8808136,1.8441225,1.5682018,1.3721019
mb-09208,test,2.0791812,2.0578265,1.5314789,1.5143477
mb-04232,test,2.264818,2.2274547,2.1522884,2.0947008
mb-09076,test,1.8633229,1.8699276,1.6627579,1.6539685
mb-04806,test,1.748188,1.5429764,1.3222193,1.1169658
mb-05734,test,2.292256,2.265642,1.9731278,1.8767822
mb-10935,test,2.2855573,2.1932774,2.0374265,1.9257377
mb-00391,test,1.9822712,1.9202309,1.763428,1.6925094
mb-06233,test,1.7558749,1.6879166,1.3617278,1.278112
mb-06028,test,2.0211892,2.0346518,1.5185139,1.582814
mb-03490,test,1.6532125,1.6513765,1.462398,1.4540627
mb-01707,test,2.0170333,1.9657605,2.0043213,1.849675
mb-03974,test,1.7781513,1.8454562,1.5440681,1.5548844
mb-10741,test,2.5465426,2.4999816,2.3384564,2.2627146
mb-03051,test,1.5563024,1.564916,1.50515,1.4713609
mb-07693,test,1.6812413,1.8703859,1.5682018,1.7065492
mb-04488,test,2.2013972,2.1048722,1.8573325,1.8037953
mb-10364,test,1.6434526,1.720678,1.230449,1.4845573
mb-06376,test,2.409933,2.3688502,2.0086002,2.0437713
mb-09708,test,2.161368,2.0340552,1.8864907,1.6388912
mb-03073,test,1.8388491,1.9428793,1.4149734,1.6637826
mb-07570,test,2.0530784,2.1361318,1.6720978,1.7185234
mb-04547,test,1.6020601,1.6072161,1.2787536,1.2940205
mb-02382,test,1.4471581,1.4184405,1.146128,1.1435304
mb-03394,test,2.3502479,2.3621264,2.1038036,2.0666714
mb-10821,test,1.5563025,1.5221614,1.230449,1.1259243
mb-05759,test,1.9542425,1.9810848,1.3617278,1.411924
mb-06102,test,1.4149734,1.3584076,1.20412,1.0823475
mb-04107,test,1.3010299,1.4451833,1.0791812,1.1774335
mb-02811,test,1.7853299,1.6601474,1.6334685,1.5548528
mb-06059,test,1.7403626,1.7268491,1.146128,1.2538172
mb-04777,test,1.748188,1.7590028,1.5185139,1.4615262
mb-02143,test,1.9912261,1.9955659,1.7323937,1.7808392
mb-08213,test,1.5563024,1.7904227,1.447158,1.4621177
mb-00213,test,1.4771214,1.5685062,0.69897,0.982715
mb-08586,test,1.7075701,1.7895169,1.5314789,1.5475426
mb-04263,test,2.3838155,2.4013803,2.2380462,2.2987773
mb-02539,test,1.7075702,1.9677984,1.60206,1.588433
mb-01678,test,2.1731863,2.1182766,1.763428,1.6891633
mb-08190,test,1.6232493,1.6635127,1.39794,1.4277788
mb-08220,test,2.4814425,2.5117152,2.252853,2.3482573
mb-00054,test,1.9138138,1.9421734,1.69897,1.6704099
mb-10233,test,2.049218,1.7454323,1.8129133,1.4254321
mb-02050,test,2.2148438,2.2458518,1.8260748,1.8770547
mb-09588,test,1.8195438,1.7483885,1.60206,1.5196109
mb-00775,test,2.3201463,2.2931309,2.2944663,2.2145758
mb-06313,test,1.6434526,1.6437647,1.4149734,1.3409603
mb-08338,test,2.3673558,2.3229864,2.303196,2.315306
mb-05588,test,1.6334684,1.6112466,1.447158,1.3854253
mb-03850,test,1.8388491,1.8176279,1.6627579,1.604712
mb-07989,test,2.09691,2.0722163,1.9344984,1.8610752
mb-05565,test,1.6532125,1.7451756,1.2787536,1.1861583
mb-10351,test,2.4014006,2.2156258,1.690196,1.8137981
mb-07014,test,1.9138138,1.9108247,1.770852,1.6998793
mb-00004,test,1.690196,1.7082624,1.60206,1.4882162
mb-10210,test,1.6127839,1.5142441,1.3802112,1.1933216
mb-06305,test,2.376577,2.2959619,1.9344984,1.8994088
mb-05988,test,2.2253094,2.215976,1.7781513,1.7571186
mb-03913,test,2.4048338,2.323667,2.09691,1.957146
mb-06154,test,2.0086002,1.9619539,1.4149734,1.389268
mb-03766,test,2.089905,2.126594,1.8692317,1.9058204
mb-08427,test,1.8195438,1.8619493,1.5797836,1.6668983
mb-01771,test,1.3802112,1.406368,0.90309,1.0762415
mb-03368,test,1.39794,1.5151559,1.2552725,1.2648585
mb-01154,test,2.0,1.9562762,1.763428,1.6731513
mb-03510,test,1.8129134,1.9150083,1.20412,1.3544706
mb-09504,test,1.7403626,1.6560361,1.6232493,1.5295749
mb-05699,test,1.9444826,1.9806607,1.690196,1.7057885
mb-06439,test,2.10721,1.9901577,1.748188,1.5514915
mb-08554,test,0.7781513,0.88932794,0.47712126,0.53498065
mb-09018,test,2.08636,2.0796843,1.6334685,1.7194079
mb-06546,test,1.8388491,1.8486228,1.146128,1.3144035
mb-10968,test,1.7075701,1.7983755,1.5797836,1.6519194
mb-07270,test,1.6232493,1.6393932,1.0791812,1.1958725
mb-06565,test,2.0043213,1.9815916,1.6434526,1.6382197
mb-05941,test,2.209515,2.158471,1.8388491,1.7926626
mb-09086,test,1.763428,1.7791922,1.4771212,1.572143
mb-05797,test,2.206826,2.2174187,1.8920946,1.8370078
mb-09347,test,1.8325088,1.8899289,1.3222193,1.4386369
mb-08865,test,1.4313637,1.4953939,1.4771212,1.2563485
mb-10000,test,2.340444,2.1268377,2.269513,2.0331917
mb-03041,test,2.0170333,2.0288181,1.7160033,1.8240541
mb-09662,test,1.447158,1.5115007,1.447158,1.3988951
mb-02713,test,2.2068257,2.1691003,1.8388491,1.7581484
mb-09155,test,2.1931245,2.1295886,1.7558749,1.6783445
mb-06898,test,2.2576785,2.1794991,1.8388491,1.7083524
mb-07056,test,1.6812413,1.6344227,1.3424227,1.319811
mb-08691,test,1.3222193,1.7235084,1.3802112,1.3536457
mb-01868,test,2.0530784,1.9657993,1.845098,1.7652838
mb-08226,test,1.7993406,1.8666418,1.462398,1.5639395
mb-08010,test,1.9344984,2.0372624,1.7075702,1.7019895
mb-05088,test,1.7993405,1.7538843,1.5910646,1.5375321
mb-03476,test,2.0569048,1.9722304,1.8573325,1.6923393
mb-10195,test,1.8750613,1.9886141,1.7403626,1.7470062
mb-05287,test,2.2479732,2.2316434,1.9590414,1.6810534
mb-05445,test,2.230449,2.2035556,2.0606978,2.0775604
mb-01148,test,1.462398,1.922221,1.4313638,1.4246978
mb-00145,test,2.0293837,1.9801549,1.6232493,1.6342367
mb-03900,test,2.1846914,2.1740901,1.8808136,1.7919995
mb-10428,test,1.8388491,1.7672696,1.5563025,1.5652417
mb-09874,test,1.8864908,1.7368302,1.4913617,1.3847836
mb-10867,test,1.8692317,1.9446821,0.845098,1.4976939
mb-06783,test,1.146128,1.387186,1.146128,1.0424166
mb-06616,test,2.0899053,2.0201821,1.5682018,1.5827072
mb-02322,test,1.9084849,1.8568873,1.6434526,1.579882
mb-00936,test,1.9084849,1.8532068,1.5314789,1.528267
mb-01342,test,2.130334,2.1125817,1.9395193,1.8984014
mb-04835,test,2.1583624,2.1646612,1.770852,1.8557298
mb-06342,test,1.7558749,1.7723029,1.146128,1.2410153
mb-05136,test,2.0530784,1.9873092,1.5797836,1.5276806
mb-01081,test,2.378398,2.0704653,1.763428,1.6244586
mb-08508,test,2.2148438,2.2029912,1.968483,1.8947107
mb-09339,test,1.6020601,1.4921014,1.230449,1.3242089
mb-03572,test,1.8864907,1.7762918,1.6232493,1.5608848
mb-05449,test,2.09691,2.1568396,1.9294189,2.015433
mb-09795,test,2.217484,1.7991939,1.8260748,1.5306314
mb-06996,test,1.6812413,1.7634034,1.39794,1.3817701
mb-05796,test,1.8512584,1.8427043,1.4313638,1.36782
mb-07164,test,1.8260748,1.8607684,1.3222193,1.216344
mb-00133,test,2.0170333,2.073275,1.7160033,1.7916281
mb-08549,test,2.3242824,2.3603382,1.9590414,2.0871873
mb-00804,test,2.1583624,2.1017804,1.8573325,1.8272697
mb-10065,test,1.3802112,1.5326077,1.230449,1.1994718
mb-08669,test,1.8195438,1.8189374,1.6720978,1.6275308
mb-04346,test,1.6127839,1.5444205,1.39794,1.1351129
mb-09986,test,1.9084849,2.076461,1.8573325,1.88136
mb-10691,test,1.90309,1.8039678,1.6334685,1.351827
mb-03300,test,2.071882,2.1276987,1.8864907,1.6745324
mb-10819,test,1.462398,1.5565152,1.30103,1.227764
mb-09503,test,1.8633229,2.0001698,1.39794,1.5425773
mb-02872,test,1.6334685,1.7811415,1.4913617,1.578653
mb-09167,test,1.4913617,1.7700589,1.462398,1.2766892
mb-10870,test,2.357935,2.262701,2.1903317,1.9550408
mb-01290,test,2.0827854,2.0998497,1.8573325,1.8651781
mb-06168,test,1.9777236,1.9521729,1.4771212,1.5197972
mb-01050,test,1.6989701,1.768371,1.2552725,1.3649217
mb-08945,test,2.3222191,2.2464218,2.0253057,1.9378761
mb-08577,test,2.1238515,2.0956132,1.7853298,1.7439
mb-01484,test,2.1731863,2.0514922,1.8129133,1.7823699
mb-04227,test,2.0681858,1.9471664,1.8129133,1.6288872
mb-06943,test,2.3856063,2.3777137,2.149219,2.043251
mb-08082,test,1.9777236,1.97058,1.819544,1.7028681
mb-10668,test,1.8573325,1.8896825,1.0791812,1.0162046
mb-03584,test,1.9190781,1.8661532,1.60206,1.6099112
mb-06469,test,1.8573325,1.8892828,1.4913617,1.4978254
mb-01852,test,2.2671716,2.2243724,1.9542425,1.8404198
mb-05892,test,1.908485,1.9212182,0.845098,1.1821768
mb-03354,test,1.5440681,1.5472001,1.2787536,1.2624842
mb-00928,test,1.9395193,1.9448892,1.6812413,1.6391281
mb-10773,test,1.5910646,1.6526839,1.2552725,1.3596487
mb-02393,test,1.8864908,1.9266828,1.4313638,1.6322665
mb-03812,test,1.6334685,1.5904232,1.1760913,1.1675041
mb-05854,test,2.269513,2.2456112,1.94939,1.8606262
mb-03376,test,2.2787535,2.2750869,1.8692317,1.897185
mb-02849,test,2.149219,2.0634933,1.9444827,1.8743197
mb-07994,test,1.8129134,1.7584878,1.3802112,1.3224967
mb-01308,test,2.10721,1.9824548,1.69897,1.659267
mb-10724,test,2.09691,2.2100224,1.7242758,1.9776301
mb-07312,test,2.2528532,2.220373,2.1105897,1.9858298
mb-05188,test,2.0827854,2.0901356,1.6812413,1.7606535
mb-01248,test,2.1903317,2.09585,1.9542425,1.9392173
mb-01276,test,1.9294188,1.6513838,1.447158,1.3555124
mb-08476,test,1.9084849,1.8201227,1.5910646,1.3388467
mb-06212,test,1.9242793,1.9703674,1.7781513,1.7604628
mb-09687,test,2.1731863,2.0588908,1.39794,1.5846835
mb-07554,test,1.7993406,1.6521559,1.4913617,1.2923207
mb-04261,test,2.1903317,2.2007232,2.1003706,2.1121187
mb-06981,test,1.7781513,1.7119278,1.4149734,1.3776555
mb-04673,test,2.1461282,2.1254985,1.230449,1.2020017
mb-08363,test,2.3053513,2.3027232,1.9731278,2.1327367
mb-04158,test,1.7634281,1.887301,1.6334685,1.6884675
mb-10727,test,1.8325088,1.5219126,1.3222193,1.2767183
mb-06016,test,2.252853,2.278276,1.9138138,1.8964733
mb-08838,test,2.045323,1.9627092,1.5910646,1.5761061
mb-00726,test,2.3324385,2.3195906,2.0863597,2.0471756
mb-02558,test,1.4313638,1.1597733,1.20412,0.99405134
mb-06544,test,2.0934217,2.0258367,1.8325089,1.5848428
mb-09077,test,1.7242758,1.7414904,1.6232493,1.5728493
mb-05315,test,2.049218,2.021586,1.8976271,1.8372787
mb-09580,test,1.230449,0.8470673,0.9542425,0.6481605
mb-04931,test,1.4149734,1.2037625,1.2552725,1.0588222
mb-08920,test,2.232996,2.1224422,1.7075702,1.7530587
mb-01605,test,2.161368,2.140296,1.9912261,1.9676968
mb-09888,test,1.690196,1.8945159,1.5314789,1.5843936
mb-00698,test,1.4313638,1.6297368,0.90309,1.47846
mb-03496,test,1.9084849,1.8195122,1.3802112,1.3018311
mb-08172,test,2.164353,2.2078292,1.690196,1.8020306
mb-04167,test,1.5440681,1.7387733,1.1760913,1.3865335
mb-09146,test,1.7558749,1.6623988,1.5563025,1.405775
mb-04243,test,2.0253057,2.006207,1.6720978,1.4880363
mb-03108,test,2.382017,2.371019,2.089905,2.081287
mb-04465,test,1.4471581,1.3949456,1.146128,1.1111538
mb-09650,test,2.1760912,2.1932156,1.763428,1.8441858
mb-03695,test,2.243038,2.1808765,1.9956352,1.8752185
mb-01750,test,1.968483,1.9269725,1.7781513,1.6771104
mb-04846,test,2.1553361,2.1079051,1.7781513,1.826786
mb-04070,test,2.029384,1.9590057,1.7781513,1.6794206
mb-01990,test,1.5440681,1.641888,1.20412,1.3247163
mb-03709,test,1.361728,1.31654,1.20412,1.0325704
mb-04820,test,0.30103,-0.5121701,0.0,-0.3859719
mb-08571,test,2.0086002,1.9346228,1.60206,1.4827472
mb-03775,test,2.4149733,2.3739684,2.1846914,2.0415156
mb-02946,test,1.9344985,1.9627295,1.5440681,1.5337005
mb-07385,test,2.0681858,2.1120224,1.6532125,1.6774144
mb-03345,test,1.4149733,1.5359228,0.845098,1.0088542
mb-04175,test,2.3944516,2.3072317,2.089905,1.9248812
mb-08173,test,2.20412,1.7660536,1.6434526,1.515334
mb-08050,test,1.6434526,1.8136849,1.146128,1.343528
mb-02190,test,0.69897,0.8968428,0.30103,0.501333
mb-05124,test,2.2201083,2.235055,2.0413928,2.0060515
mb-08340,test,2.0,1.9057273,1.5682018,1.4584926
mb-08502,test,2.1583626,2.1383548,1.9242793,1.8957919
mb-01994,test,2.0043213,2.0037854,1.5910646,1.5888196
mb-02043,test,2.1367207,2.0026274,1.6812413,1.6017317
mb-06038,test,1.9190781,1.9841465,1.69897,1.6506091
mb-04268,test,1.5910646,1.5146567,1.3222193,1.2068781
mb-01028,test,1.6127839,1.5826079,1.30103,1.306068
mb-03020,test,1.6720979,1.9548726,1.39794,1.718535
mb-07987,test,2.2671716,2.69166,2.0681858,2.5283737
mb-02866,test,1.9590414,1.9525603,1.447158,1.5158068
mb-03335,test,1.6627579,1.6053689,1.4913617,1.378643
mb-01521,test,1.69897,1.6386981,1.3802112,1.3591075
mb-07245,test,1.5682018,1.5576578,1.30103,1.2754588
mb-05051,test,1.9590414,1.8639824,1.1139433,1.0667963
mb-05311,test,1.4623979,1.609181,1.0791812,1.2066922
mb-10912,test,0.0,0.7904469,0.0,0.65178925
mb-07112,test,2.0211892,2.0753405,1.6812413,1.7553892
mb-02198,test,1.9637878,2.0814435,1.8573325,1.9827142
mb-07996,test,2.0374265,2.01459,1.6334685,1.5661963
mb-04208,test,1.5051501,1.3143802,1.2787536,1.1718818
mb-07564,test,2.1430147,2.0611916,1.770852,1.8075476
mb-02744,test,1.6627579,1.6933525,1.4913617,1.5083318
mb-01528,test,1.8573325,1.7876341,1.5314789,1.554437
mb-10501,test,1.7323937,1.8365667,1.4913617,1.6118237
mb-00853,test,1.20412,1.3789134,0.90309,1.0120484
mb-10615,test,2.220108,2.0644064,1.7075702,1.5456489
mb-04748,test,1.6812413,1.6696577,1.3617278,1.3447379
mb-09435,test,2.3283796,2.2612064,1.8750613,1.7802916
mb-04497,test,2.217484,2.158292,1.9344984,1.9258106
mb-08357,test,1.8692317,1.9602641,1.7160033,1.7717413
mb-05971,test,1.7923918,1.7669548,1.4149734,1.4343224
mb-00854,test,1.9590414,1.9877182,1.7242758,1.6972303
mb-00153,test,1.9344985,1.973983,1.6334685,1.6552196
mb-07509,test,2.143015,1.5874809,1.60206,1.4382522
mb-07714,test,2.230449,2.2094295,1.7323937,1.6835215
mb-10189,test,2.3304138,2.3211145,1.8325089,1.9862716
mb-03840,test,1.7075702,1.6922628,1.4771212,1.4091306
mb-07079,test,1.4313638,1.2975265,1.1139433,0.90043825
mb-04206,test,1.9912261,1.8562223,1.7853298,1.6534954
mb-04413,test,2.421604,2.387063,1.8129133,2.0577807
mb-06668,test,1.3424227,1.211345,1.1760913,1.0684608
mb-01205,test,1.7403628,1.7246971,1.5563025,1.5183554
mb-02832,test,1.8129134,1.6335764,1.5440681,1.1880587
mb-01387,test,1.770852,1.5678642,1.447158,1.389114
mb-07098,test,2.3802114,2.3815484,2.2253094,2.2879086
mb-10817,test,2.2455127,2.2172618,1.7558749,1.8125322
mb-09183,test,2.209515,2.1511152,1.6812413,1.7633721
mb-02896,test,1.748188,1.7197785,1.2787536,1.2811064
mb-02051,test,2.2878017,2.2704034,1.763428,1.8813934
mb-03266,test,1.7323937,1.9405146,1.3424227,1.4905653
mb-06132,test,2.350248,2.231558,1.7075702,1.8203292
mb-09555,test,2.0170333,1.8642411,1.6532125,1.4719346
mb-09323,test,1.69897,1.8032682,1.3222193,1.2990716
mb-05295,test,1.8750613,1.9534922,1.5314789,1.6375718
mb-10628,test,2.2624512,1.99039,1.5314789,1.6756732
mb-08378,test,1.7323939,1.8238189,1.5682018,1.5688872
mb-00206,test,1.2787535,1.1483098,1.0791812,0.9580456
mb-09041,test,2.0606978,1.875725,1.6532125,1.4888575
mb-02396,test,0.69897,0.79242444,0.30103,0.5887386
mb-00760,test,1.9493899,2.0193346,1.7242758,1.7425324
mb-01312,test,2.1139433,2.1040628,1.8864907,1.862818
mb-10274,test,2.2380462,2.2668617,1.8129133,1.8864266
mb-07849,test,2.311754,2.319429,2.0086002,1.9730246
mb-05207,test,2.3996737,2.3272588,2.0934217,2.010479
mb-04363,test,2.2405493,2.2056987,1.968483,1.8577385
mb-00699,test,1.7781513,1.8201232,1.6334685,1.5377114
mb-02667,test,2.1553361,2.1357527,1.9242793,1.9287556
mb-10265,test,1.9777236,1.8835202,1.39794,1.4132632
mb-07673,test,1.90309,1.9253917,1.5797836,1.655474
mb-01296,test,2.1172712,2.051903,1.7403626,1.7171115
mb-00600,test,2.2227163,2.2087226,2.0043213,1.9218441
mb-08914,test,2.1105897,1.9937961,1.7853298,1.7000263
mb-01648,test,2.0253057,1.8663048,1.7403626,1.7410169
mb-01256,test,1.230449,1.157551,0.90309,0.7719399
mb-03086,test,1.3979399,1.3574259,1.0791812,1.0181998
mb-10019,test,1.7853298,1.8952035,1.3424227,1.7003002
mb-09078,test,1.7323937,1.7846065,1.2552725,1.3979726
mb-02048,test,2.1846914,2.2312424,1.7923917,1.8301425
mb-05068,test,2.09691,2.1174774,1.748188,1.6462787
mb-06588,test,1.6434528,1.8441744,1.462398,1.6230619
mb-03054,test,2.0334237,1.961238,1.763428,1.7008222
mb-08647,test,0.47712126,0.57034934,0.30103,0.31672895
mb-03564,test,1.5682018,1.553115,1.1760913,1.2732937
mb-10300,test,1.6334684,1.686832,1.4771212,1.5710809
mb-06184,test,1.6434526,1.6785859,1.39794,1.38151
mb-00666,test,1.3010299,1.2943046,1.0413927,1.1230059
mb-08646,test,2.1903317,2.1283245,2.1303337,2.0124176
mb-06288,test,2.2121875,2.291369,1.8864907,1.9702301
mb-00137,test,2.0569048,2.0159862,1.7781513,1.6906708
mb-10430,test,1.6627579,1.5567558,1.462398,1.2612712
mb-03627,test,0.9542425,1.1913546,0.7781513,0.7905054
mb-05415,test,1.8633229,1.6441572,1.5185139,1.3119428
mb-06892,test,2.0043213,2.0162704,1.5797836,1.5920837
mb-01686,test,2.2253094,2.245921,1.5797836,1.7970409
mb-04892,test,1.4471581,1.405499,1.230449,1.2245624
mb-06960,test,1.724276,1.7707605,1.230449,1.3053623
mb-04249,test,1.9777236,1.9877161,1.5440681,1.377423
mb-06609,test,1.7853298,1.9060084,1.3222193,1.5015152
mb-05299,test,2.1731863,2.1120405,2.075547,1.8939507
mb-09516,test,2.130334,1.9749236,1.7558749,1.6451759
mb-10828,test,1.5682018,1.5351208,1.30103,1.2130861
mb-05560,test,2.089905,2.0799499,1.8864907,1.8747411
mb-07140,test,1.8692318,1.9126487,1.6334685,1.6237803
mb-08120,test,1.6020601,1.6611295,1.1760913,1.3680421
mb-07035,test,2.544068,2.504204,2.3802114,2.2731397
mb-00412,test,1.8808136,1.8444824,1.748188,1.6608002
mb-00878,test,1.9190781,1.9099237,1.2787536,1.3308339
mb-08306,test,2.0253057,2.0128362,1.60206,1.5717572
mb-00635,test,1.2552725,1.2102777,1.0413927,1.0468503
mb-10160,test,1.9294189,1.9064245,1.3802112,1.5809468
mb-05951,test,1.968483,1.9513481,1.5682018,1.5648867
mb-09817,test,1.9912262,1.9006271,1.4313638,1.3524647
mb-09477,test,1.7160033,1.6655718,1.0791812,1.2318873
mb-09151,test,2.2671716,2.2862058,2.0128372,2.0171936
mb-02693,test,1.748188,1.776083,1.4149734,1.4158499
mb-08322,test,2.340444,2.2101693,1.9395193,1.9521084
mb-03672,test,1.4913617,1.6212219,1.2787536,1.3379064
mb-06514,test,1.7993406,1.82378,1.5563025,1.5698212
mb-09454,test,2.4031205,2.4852746,2.0606978,2.2296112
mb-04853,test,1.8692317,1.6277753,1.5910646,1.4569894
mb-02368,test,1.4149734,1.5504553,1.39794,1.4033191
mb-02736,test,1.748188,1.8016589,1.3424227,1.2930415
mb-04968,test,2.1673174,2.1009736,1.8573325,1.8670785
mb-01636,test,1.9084849,1.9670056,1.3222193,1.618588
mb-07099,test,2.0086002,1.7911191,1.7781513,1.5155134
mb-04887,test,2.0827854,2.0539377,1.60206,1.5018497
mb-00918,test,2.209515,2.1820269,2.0934217,1.9102104
mb-01733,test,1.6020601,1.7471068,1.146128,1.3910778
mb-03530,test,1.8512583,1.8137132,1.5314789,1.6009185
mb-06910,test,2.1139433,2.0520568,1.9867717,1.7787026
mb-06359,test,2.2855573,2.3716395,1.8976271,2.0387757
mb-09087,test,2.1702616,2.1658974,1.7323937,1.8075122
mb-09789,test,2.045323,1.7752686,1.5910646,1.4702365
mb-03738,test,1.4913617,1.440396,1.2787536,1.2901286
mb-04869,test,2.206826,2.1526022,1.8633229,1.7550173
mb-07192,test,1.763428,1.7723501,1.2787536,1.29502
mb-04612,test,1.8260748,1.8548756,1.60206,1.5335944
mb-05352,test,1.7923918,1.8477885,1.5440681,1.5539896
mb-08787,test,2.1673174,2.1711276,1.7923917,1.7334733
mb-01828,test,2.3856063,2.42819,2.049218,2.1132855
mb-05878,test,2.39794,2.3984299,2.0934217,2.0764575
mb-05029,test,1.0,1.1439536,0.69897,0.76859224
mb-10686,test,1.5797837,1.5330048,1.2787536,1.2190751
mb-06293,test,2.365488,2.3436773,1.80618,2.0395432
mb-01581,test,2.2355285,2.1360788,2.0413928,1.943529
mb-08407,test,1.5910647,1.6123004,1.146128,1.3179277
mb-06353,test,2.283301,2.2706776,1.9542425,1.9159939
mb-06241,test,2.0934217,2.0018995,1.3424227,1.0436201
mb-09706,test,1.230449,1.5635506,1.4771212,1.4131312
mb-10136,test,1.4913617,1.6112185,0.9542425,1.2654777
mb-07206,test,2.0043213,2.0065722,1.8633229,1.9161406
mb-06456,test,1.8633229,1.8392965,1.7403626,1.6833882
mb-08208,test,1.7075701,1.5946448,1.7403626,1.4781156
mb-07339,test,1.9542425,1.9503722,1.230449,1.3745041
mb-07686,test,1.5563025,1.6118506,1.1139433,1.4500786
mb-10879,test,1.819544,1.7993689,1.0,1.4159214
mb-01060,test,2.0827854,1.798881,1.819544,1.449628
mb-08755,test,1.8129133,1.7288537,1.6720978,1.493413
mb-05569,test,1.9444827,1.9671131,1.3617278,1.4828746
mb-10191,test,2.206826,2.102665,1.462398,1.7663702
mb-02878,test,1.9822713,1.9604349,1.5440681,1.5838134
mb-09397,test,2.2278867,2.2211192,0.7781513,1.4667519
mb-06944,test,2.3673558,2.163128,2.071882,1.9034629
mb-09827,test,2.0569048,1.9140127,1.7993406,1.6834021
mb-04675,test,0.9542425,1.0374869,0.60206,0.68595433
mb-06644,test,1.9684829,1.9501541,1.6720978,1.655213
mb-04893,test,2.2148438,2.2826295,1.8808136,1.9715383
mb-08711,test,1.3424226,1.5064498,1.3222193,1.1557938
mb-06905,test,1.8388491,1.7954272,1.5185139,1.486292
mb-03701,test,1.5563025,1.6486104,1.2552725,1.3593029
mb-02560,test,1.8692317,1.7294703,1.3802112,1.349475
mb-05984,test,2.1731863,2.148974,1.6334685,1.5628992
mb-04569,test,1.1760913,0.8917564,0.69897,0.6975663
mb-04735,test,2.1522884,2.104188,1.94939,1.8699455
mb-08766,test,1.80618,1.9126889,1.2787536,1.4246525
mb-10346,test,2.0413928,2.1213555,1.6627579,1.8935373
mb-08958,test,1.2787536,1.6038457,1.0413927,1.3521835
mb-05222,test,1.90309,1.9557468,1.7403626,1.7666882
mb-03004,test,1.9444827,1.9848044,1.80618,1.7889464
mb-05625,test,1.94939,1.9619278,1.3424227,1.3172688
mb-03600,test,2.372912,2.3923295,1.845098,2.1061
mb-00094,test,1.9493899,1.9301877,1.5910646,1.6477456
mb-03598,test,1.6720979,1.61649,1.6127839,1.5180341
mb-05864,test,1.4313638,1.0379326,0.9542425,0.7852388
mb-10377,test,1.6232493,1.6527563,1.5185139,1.499654
mb-03342,test,1.9822712,2.035792,1.6720978,1.778432
mb-09091,test,1.7558749,2.0114918,1.7075702,1.7945583
mb-07455,test,1.8388491,1.8108758,1.3222193,1.3700315
mb-09907,test,2.2430382,2.1937513,1.80618,1.9177313
mb-01980,test,1.7403628,1.8141799,1.5563025,1.4593306
mb-07560,test,1.7242758,1.7582402,1.3802112,1.444155
mb-09822,test,2.1172712,2.052283,1.7853298,1.7654791
mb-01625,test,1.7160034,1.6992778,1.4913617,1.4645059
mb-02136,test,1.2552725,1.2448432,1.0413927,0.9454417
mb-09521,test,0.90309,0.46994042,0.60206,0.38476586
mb-06833,test,2.0086002,1.9941332,1.7993406,1.7763717
mb-05536,test,1.3222193,1.3183496,1.0,0.9487957
mb-05600,test,2.4885507,2.5295362,2.2855573,2.2368338
mb-03241,test,2.0374265,2.0798588,1.7075702,1.6945431
mb-05986,test,2.0606978,2.0545619,1.7075702,1.6060736
mb-06327,test,1.6127838,1.7373765,1.5185139,1.5200871
mb-07679,test,1.968483,1.9438286,1.6532125,1.3216255
mb-03696,test,2.0530784,2.0676758,1.8129133,1.6591147
mb-04297,test,1.9294189,2.0349123,1.7558749,1.8261836
mb-00197,test,1.9956352,2.138288,1.5910646,1.854354
mb-07409,test,2.08636,2.0371778,1.5682018,1.5682709
mb-06585,test,2.1553361,2.1874168,1.5440681,1.7970223
mb-05319,test,1.7923918,1.8174713,1.1760913,1.2417612
mb-05468,test,1.690196,1.6555703,1.447158,1.3301327
mb-10555,test,2.2380462,2.2387645,1.908485,1.8722025
mb-03581,test,2.243038,2.2666073,2.0253057,1.9614663
mb-04841,test,2.1430147,2.1363926,1.7160033,1.6933514
mb-10782,test,1.6532125,1.5571898,1.30103,1.2590812
mb-03987,test,2.294466,2.212684,2.0863597,2.034295
mb-02844,test,2.4361625,2.4651682,2.149219,2.215355
mb-03343,test,1.9867717,2.0307403,1.6720978,1.7235801
mb-05429,test,2.0128374,2.053052,1.4313638,1.5430888
mb-00569,test,1.724276,1.7946796,1.3424227,1.5395874
mb-10345,test,2.0253057,2.0329392,1.6434526,1.6438745
mb-06986,test,1.7923918,1.7676666,1.2787536,1.2903259
mb-03330,test,2.4265113,2.1041565,1.7781513,1.6987054
mb-01663,test,1.991226,1.8268222,1.7160033,1.605292
mb-01976,test,1.8808136,1.7985924,1.6532125,1.6500537
mb-07368,test,1.9590414,1.9657612,1.230449,1.0757905
mb-08038,test,2.08636,2.0146663,1.8260748,1.726829
mb-08194,test,1.4771214,1.631107,1.30103,1.3486978
mb-10229,test,1.3222193,2.1054046,1.7323937,1.8013859
mb-02779,test,1.5185139,1.6665076,1.3424227,1.4242383
mb-07657,test,1.7558749,1.4998344,1.3802112,1.232158
mb-06924,test,2.313867,2.266667,1.9637878,1.8961571
mb-06269,test,1.7781513,1.7382915,1.39794,1.3594321
mb-05919,test,2.2878017,2.3152978,1.9731278,1.9613328
mb-03462,test,2.5092025,2.4817142,2.2600713,2.1863036
mb-03636,test,2.2944663,2.262714,2.1931245,2.1651778
mb-00793,test,1.7993406,1.8627442,1.2787536,1.2881848
mb-04543,test,1.4313637,1.4569249,1.3222193,1.3442632
mb-07941,test,1.7075702,1.7444277,1.50515,1.4884957
mb-03818,test,2.230449,2.2163672,2.0569048,2.0666394
mb-05619,test,1.3617278,1.6170242,1.2552725,1.2537937
mb-07408,test,1.6127839,1.6056737,1.4313638,1.4158077
mb-08164,test,1.8260748,1.8494666,1.3802112,1.3645815
mb-05691,test,1.7923918,1.6799096,1.2787536,1.2944529
mb-08712,test,2.089905,2.092118,1.9344984,1.7467041
mb-06801,test,2.029384,1.8228707,1.6532125,1.4410086
mb-04910,test,2.3856063,2.3073156,1.8920946,1.9255396
mb-06852,test,1.230449,1.1235561,0.69897,0.82971436
mb-01802,test,1.9867717,1.9123182,1.5185139,1.4886658
mb-06190,test,1.8920946,1.8962233,1.3424227,1.4623901
mb-05182,test,2.232996,2.2064083,2.1172712,1.9896499
mb-08633,test,1.146128,1.0997423,0.7781513,0.8721342
mb-07449,test,1.7558749,1.6875546,1.30103,1.4074736
mb-05690,test,1.9444827,1.9831283,1.7923917,1.783975
mb-10248,test,2.3838153,2.3854184,1.9637878,2.0890884
mb-00125,test,1.146128,1.1806556,0.7781513,0.8228604
mb-04980,test,2.1303337,2.1258533,1.7403626,1.6761794
mb-09685,test,2.313867,2.233288,2.0791812,1.9349036
mb-01191,test,2.326336,2.2540748,2.0569048,2.0851316
mb-10822,test,1.5797837,1.6466994,1.2787536,1.3124485
mb-04311,test,2.0128372,2.0038843,1.69897,1.7331811
mb-07858,test,1.8692317,1.8234893,1.6720978,1.4459059
mb-05390,test,1.8512583,1.9380943,1.5185139,1.7087746
mb-10015,test,1.9395193,1.9783409,1.5440681,1.6726469
mb-00663,test,1.5682017,1.7059604,1.447158,1.4983152
mb-01265,test,2.1003704,2.028685,1.8573325,1.692791
mb-00130,test,1.7993406,1.8167359,1.3424227,1.3214432
mb-07777,test,2.217484,2.1683364,1.8864907,1.8582901
mb-01341,test,1.6334684,1.6679349,0.69897,1.1111903
mb-10611,test,2.1172712,2.1616502,2.0530784,1.9389036
mb-07827,test,2.0934217,2.0374866,1.7403626,1.7584807
mb-04632,test,2.0606978,2.0717616,1.8750613,1.8866484
mb-07687,test,1.0791813,1.2899458,0.7781513,0.9832203
mb-03735,test,2.0253057,1.9672394,1.7323937,1.760101
mb-10253,test,2.230449,2.2115207,1.6812413,2.0140452
mb-06612,test,2.1139433,2.089088,1.690196,1.6418282
mb-06806,test,1.4771212,1.2938166,1.146128,0.9854762
mb-02443,test,2.214844,2.2016041,2.1003706,2.036815
mb-03005,test,2.1105897,2.1418757,1.7853298,1.8636186
mb-04452,test,1.7781513,1.7436072,1.6532125,1.6778576
mb-07734,test,1.6127839,1.5973119,1.2787536,1.4857947
mb-10402,test,2.20412,2.2158833,1.770852,1.8416952
mb-08529,test,2.120574,1.9221859,1.8129133,1.6574863
mb-01887,test,1.6812412,1.6724598,1.3222193,1.356585
mb-00117,test,1.6627578,1.6138263,1.447158,1.4128083
mb-07577,test,2.3747485,2.3122966,2.075547,2.0097275
mb-07587,test,2.071882,1.9978387,1.690196,1.53852
mb-10984,test,1.3424227,1.1436802,1.0,0.76075155
mb-06530,test,1.770852,1.7332444,1.50515,1.298281
mb-06737,test,1.146128,1.2642207,0.9542425,1.1151352
mb-00686,test,1.3802112,1.665629,0.9542425,1.1877947
mb-06777,test,2.2068257,2.217521,1.8129133,1.8873761
mb-05320,test,1.6720978,1.6363002,1.5797836,1.4553112
mb-02105,test,2.1139433,2.1639836,1.8129133,1.7636439
mb-09911,test,2.2624512,2.2104928,2.0934217,2.0339413
mb-02869,test,1.8864907,1.8254912,1.5797836,1.5085726
mb-02541,test,2.1522882,2.1532843,1.6720978,1.733348
mb-01136,test,1.1760913,1.2862873,0.7781513,0.83985597
mb-07980,test,1.748188,1.7779222,1.50515,1.4698052
mb-04146,test,2.2013972,2.1183498,2.0128372,1.931251
mb-02695,test,2.4683473,2.3603666,2.1760912,2.0633671
mb-07694,test,1.8808136,1.9814541,1.6232493,1.7083105
mb-06709,test,2.4440448,2.3046558,1.9867717,1.9249123
mb-05644,test,1.8388491,1.7647952,1.230449,1.219646
mb-00345,test,1.748188,1.8153476,1.5185139,1.5795548
mb-05913,test,2.3283796,2.3312905,1.819544,1.9861764
mb-08905,test,2.2253094,2.2007158,1.9242793,1.9865994
mb-03042,test,1.146128,1.276891,1.0413927,0.9794612
mb-10492,test,1.6127838,1.7644696,1.3222193,1.5193877
mb-05240,test,2.367356,2.299621,2.164353,2.1591742
mb-02914,test,1.90309,1.8589323,1.5797836,1.4849765
mb-05423,test,1.4771212,1.4075508,1.1139433,1.1182504
mb-08238,test,1.8864907,1.9009409,1.447158,1.5637393
mb-04973,test,2.243038,2.2609267,2.0827854,2.117309
mb-07901,test,1.9867717,1.9189308,1.8573325,1.7150831
mb-05732,test,1.8388491,1.8342098,1.50515,1.4321065
mb-05346,test,1.7242758,1.8424144,1.50515,1.5962468
mb-02192,test,1.1139433,1.3062472,1.0413927,1.1633277
mb-07218,test,2.0170333,1.8797834,1.5797836,1.5358635
mb-02504,test,2.2624512,1.7594379,1.1139433,1.3816938
mb-09093,test,2.1038036,2.1061,1.968483,1.8857481
mb-10040,test,2.1238518,2.0615222,1.3617278,1.627853
mb-08477,test,1.447158,1.5938641,1.1139433,1.3733408
mb-03594,test,2.1172712,2.0419285,1.7853298,1.7673154
mb-00116,test,1.4471581,1.455635,1.230449,1.2543136
mb-09828,test,1.2787536,1.2797514,1.0,0.99292696
mb-00395,test,1.4149734,1.4329138,1.2552725,1.3498237
mb-07869,test,1.9777236,1.9257193,1.845098,1.7139165
mb-01959,test,2.1613681,2.0437787,1.6627579,1.3228225
mb-08202,test,1.6434526,1.6228969,1.230449,1.1948295
mb-01214,test,1.991226,1.9544848,1.6720978,1.6709546
mb-06541,test,2.1818438,2.0879314,1.30103,1.5953436
mb-08393,test,1.6334684,1.6253555,1.4771212,1.3266268
mb-09109,test,2.0043213,1.9517299,1.447158,1.3954961
mb-09361,test,2.1583626,2.0981576,1.7993406,1.7510264
mb-02838,test,1.7781513,1.857275,1.4913617,1.2678621
mb-10325,test,2.09691,1.9642756,1.5797836,1.5726446
mb-03239,test,2.178977,2.1135824,1.69897,1.6693786
mb-06736,test,1.90309,1.7287307,1.39794,1.3237679
mb-01591,test,1.8388491,1.817651,1.3617278,1.1345377
mb-07721,test,1.7923917,1.7649682,1.3222193,1.4632266
mb-01386,test,2.3201463,2.232579,2.0170333,1.9285555
mb-02731,test,1.5563024,1.4119836,1.4771212,1.0799608
mb-03890,test,2.155336,2.097877,1.8692317,1.8171422
mb-08415,test,1.8260748,1.7512395,1.5563025,1.5329822
mb-09331,test,2.0413926,1.956295,1.6434526,1.6032056
mb-04435,test,2.0,1.8907822,1.447158,1.524527
mb-06938,test,1.6989701,1.7005789,1.1760913,1.2519137
mb-08155,test,2.3673558,2.356362,1.9867717,2.0311592
mb-08230,test,1.5051501,1.5116482,1.230449,1.2254558
mb-10027,test,2.2787538,2.287761,2.1003706,2.0111372
mb-03155,test,1.94939,1.8866231,1.7781513,1.6624318
mb-05567,test,1.4913617,1.5610712,1.2552725,1.4188998
mb-08445,test,2.1958997,2.1310265,1.8976271,1.8141959
mb-03843,test,2.2966652,2.2910907,2.0569048,2.0098095
mb-07984,test,1.8808136,1.9258974,1.5314789,1.6798072
mb-05870,test,1.6020601,1.5514314,1.2787536,1.3971013
mb-08032,test,1.0413928,0.88495517,1.30103,0.7011343
mb-05249,test,1.8388492,1.8446579,1.4313638,1.3507951
mb-07240,test,2.0569048,2.0839036,1.8260748,1.8721417
mb-06506,test,2.2148438,2.1592298,1.8920946,1.8151752
mb-05989,test,2.2900345,2.2844403,1.9590414,1.916502
mb-09583,test,2.1818438,2.099826,1.6127839,1.6157258
mb-05233,test,2.3483047,2.2831006,2.0334237,1.9758866
mb-02745,test,1.0413927,1.0080111,0.845098,0.5162181
mb-05179,test,2.0128374,2.0352883,1.6127839,1.4666364
mb-03310,test,1.544068,1.5326817,1.3222193,1.2895159
mb-10750,test,2.2227163,2.1618924,1.60206,1.7842374
mb-04197,test,2.1903317,2.1514924,1.7160033,1.7422105
mb-10677,test,2.262451,1.662956,2.0253057,1.4425247
mb-07214,test,1.5563025,1.7297938,1.20412,1.4411896
mb-05348,test,1.7242758,1.7764456,1.0,1.3011273
mb-08433,test,2.311754,2.2384467,1.6127839,1.6053834
mb-07196,test,1.6627578,1.8429186,1.6720978,1.3324515
mb-03067,test,2.0492182,2.0283976,1.6127839,1.4563644
mb-08150,test,1.7403626,1.79647,1.447158,1.4829605
mb-07186,test,1.6720979,1.7483357,1.3424227,1.3679191
mb-04811,test,1.9444827,1.9893757,1.7323937,1.7747657
mb-03356,test,1.6720979,1.6464118,1.2787536,1.3030478
mb-07126,test,1.3010299,2.019405,1.1139433,1.4430606
mb-02557,test,2.149219,2.183644,1.8512584,1.8413149
mb-01906,test,2.075547,2.0468705,1.819544,1.7896932
mb-10262,test,1.4771214,1.2477366,0.90309,0.92942315
mb-03141,test,1.9731278,1.9003686,1.4771212,1.3384866
mb-05370,test,2.120574,2.0755389,2.0530784,1.9305546
mb-02489,test,2.071882,2.0739503,1.5185139,1.4894398
mb-08820,test,1.6334684,1.8268214,1.3802112,1.2474362
mb-07184,test,1.7242758,1.716217,1.2552725,1.3316535
mb-08017,test,2.1875207,2.085542,1.69897,1.7711972
mb-07970,test,2.1731863,2.1538126,1.8129133,1.8241425
mb-10175,test,2.075547,1.9694259,1.7160033,1.6638707
mb-03762,test,2.0086002,1.9870446,1.9138138,1.8256778
mb-09576,test,1.8920946,1.818485,1.39794,1.3327247
mb-02604,test,1.8976271,1.9644836,1.0791812,1.3383254
mb-00863,test,1.7160034,1.6639739,1.5682018,1.3849912
mb-03099,test,0.7781513,0.60757244,0.47712126,0.34919584
mb-09062,test,1.230449,1.6546328,0.90309,1.2177258
mb-10858,test,2.357935,2.2592869,1.9731278,1.9006748
mb-06809,test,1.5185139,1.4581211,1.0791812,1.0341887
mb-05915,test,2.0043213,1.9863663,1.7075702,1.73966
mb-05592,test,1.4313637,1.5649151,1.3802112,1.4405448
mb-06970,test,1.50515,1.4621896,0.845098,0.8484286
mb-08152,test,1.6232493,1.7049204,1.447158,1.3900764
mb-08782,test,2.2253094,2.1730912,1.9777236,1.9134591
mb-06229,test,2.1038036,1.9350612,1.6434526,1.6449867
mb-00089,test,1.361728,1.3209484,1.20412,1.0474932
mb-00364,test,1.7923917,1.8581604,1.5314789,1.5168551
mb-05975,test,1.9190781,1.9124565,1.1760913,1.2515926
mb-06893,test,2.3463528,2.318445,2.0211892,2.0079927
mb-00966,test,2.20412,2.243545,1.7923917,1.947179
mb-10120,test,2.4014006,2.4816933,2.2624512,2.3958526
mb-03444,test,1.748188,1.7320843,1.5563025,1.5524331
mb-02645,test,1.8750613,1.7868311,1.4149734,1.3251888
mb-08007,test,1.8129134,1.751885,1.5440681,1.5473868
mb-00571,test,1.9444827,1.9168912,1.748188,1.5973741
mb-10972,test,1.6020601,1.5768656,1.4313638,1.4509639
mb-08195,test,1.5440681,1.5302835,1.2787536,1.2696801
mb-07274,test,1.462398,1.6710787,1.0413927,1.4158018
mb-06819,test,1.845098,1.7953941,1.5185139,1.486288
mb-08580,test,1.7993405,1.7462953,1.5314789,1.519676
mb-04061,test,1.8976271,1.8678527,1.6627579,1.597806
mb-02733,test,2.178977,2.09019,1.770852,1.6621867
mb-05442,test,2.2380462,2.2096143,1.8573325,1.8084308
mb-02047,test,2.1271048,2.0393333,1.8864907,1.7794492
mb-00038,test,2.2855573,2.3277576,2.0606978,2.0751376
mb-07543,test,2.0681858,2.145182,1.7242758,1.8895386
mb-01843,test,2.3159704,2.22829,1.90309,1.8437853
mb-09879,test,1.5563025,1.5404075,1.4149734,1.1271405
mb-09328,test,2.4297523,2.097416,1.8633229,1.8104024
mb-08966,test,2.1818435,2.2119734,1.5797836,1.6315339
mb-04360,test,1.90309,1.8500329,1.4771212,1.4519433
mb-01796,test,1.80618,1.8160241,1.30103,1.2764966
mb-08472,test,1.60206,1.5847392,1.3617278,1.3361557
mb-04566,test,2.1875207,2.1536708,1.8388491,1.7506839
mb-07648,test,1.6627579,1.6424048,1.3802112,1.3259943
mb-00005,test,2.0606978,2.0866408,1.845098,1.8665242
mb-02967,test,1.6720979,1.7065504,1.5682018,1.5419376
mb-03769,test,1.6812413,1.6672122,1.4313638,1.4160903
mb-04164,test,2.1673174,2.0656629,1.69897,1.589441
mb-09017,test,2.3483047,2.1298075,2.0374265,1.8529153
mb-10201,test,2.2552724,2.1171494,1.9867717,1.8914337
mb-09860,test,1.8920946,2.019247,1.763428,1.8232201
mb-10538,test,1.146128,1.1341702,0.7781513,0.8881347
mb-00824,test,2.2013972,2.176569,2.1003706,2.0809145
mb-03430,test,1.5682018,1.5082432,1.2552725,1.2039862
mb-07776,test,1.3979399,1.3726306,1.0791812,1.0098552
mb-00933,test,1.6989701,1.6402042,1.462398,1.3534065
mb-05126,test,2.3138673,2.3090189,1.94939,1.9380628
mb-08800,test,2.2148438,2.2484994,1.690196,1.8876758
mb-05116,test,1.991226,2.006221,1.7403626,1.6804683
mb-08130,test,2.0170333,2.0748339,1.462398,1.5204
mb-07392,test,0.7781513,0.9555185,0.47712126,0.60423577
mb-10895,test,1.146128,1.2306006,1.0,1.0733893
mb-09766,test,2.1238515,2.0275004,1.748188,1.6567984
mb-10432,test,2.2741578,2.3172038,1.8633229,1.957784
mb-07158,test,1.7323939,1.5585072,1.4313638,1.4174967
mb-10028,test,1.3617278,1.5756829,1.146128,1.3435434
mb-02720,test,2.269513,2.6893775,2.0863597,2.5361753
mb-07404,test,1.7403628,1.7542574,1.2787536,1.2879751
mb-01682,test,1.9867717,1.9958245,1.8129133,1.7897906
mb-06873,test,2.0170333,2.0517585,1.6127839,1.5573989
mb-01240,test,1.1760913,1.2654346,0.90309,0.85277045
mb-04971,test,2.064458,1.7641715,1.6532125,1.454067
mb-05855,test,1.544068,1.6581209,1.0791812,1.1233531
mb-02125,test,2.1003706,2.020485,1.7075702,1.8001469
mb-09561,test,2.133539,2.0951967,1.845098,1.540104
mb-01693,test,2.2833014,2.268845,1.80618,1.8651093
mb-04468,test,1.0413927,1.2412992,0.69897,0.9059039
mb-10119,test,2.2479734,2.1292303,2.0086002,1.9574941
mb-08659,test,2.2787538,2.2396598,1.7558749,1.7654171
mb-02056,test,1.1760913,1.4523783,0.7781513,1.0683434
mb-05258,test,1.8260747,1.7761017,1.447158,1.3440388
mb-02385,test,2.3159704,2.348008,2.0,2.0014396
mb-03304,test,1.8325089,1.4670383,1.2787536,1.3127927
mb-04670,test,1.5563024,1.6513501,1.0791812,1.1947297
mb-04223,test,1.6812413,1.7494942,1.462398,1.4501063
mb-01998,test,1.8750613,1.9315891,1.4913617,1.502463
mb-01045,test,1.8573325,1.7901714,1.5185139,1.4820975
mb-06457,test,1.5440681,1.503159,1.1760913,1.0878973
mb-07241,test,2.1613681,2.1196275,1.462398,1.6153864
mb-04036,test,2.3324385,2.2685452,1.9542425,1.9157834
mb-01925,test,1.7558749,1.7824874,1.3617278,1.383676
mb-04784,test,1.8864907,1.9425206,1.7323937,1.7119603
mb-03556,test,1.4313638,1.4517823,1.30103,1.2981608
mb-00791,test,1.8976271,2.0041952,1.7558749,1.764773
mb-03797,test,2.3364596,2.2857723,1.9637878,1.894182
mb-01933,test,2.029384,1.9988773,1.5682018,1.5277355
mb-03056,test,2.164353,2.1523788,1.8260748,1.8467302
mb-06303,test,2.2878017,2.39554,2.0293837,2.0723531
mb-07141,test,1.4471581,1.3297284,1.1760913,1.0771266
mb-10716,test,1.8976271,1.8459332,1.4149734,1.5406307
mb-07683,test,1.9084849,1.2785182,1.6434526,1.1180264
mb-09760,test,2.1760912,2.3116376,1.9731278,2.3205686
mb-08808,test,2.2671716,2.2093449,1.60206,1.7795007
mb-05073,test,2.274158,2.2023706,1.5563025,1.9758478
mb-01291,test,2.10721,2.0808778,1.8692317,1.7948153
mb-00302,test,1.6532125,1.5791265,1.230449,1.1704522
mb-04451,test,1.5910646,1.8543291,1.2552725,1.361074
mb-06617,test,1.9190781,1.7325759,1.4149734,1.21573
mb-05726,test,2.1238515,2.0753975,1.447158,1.393513
mb-05122,test,2.3344538,2.2137637,1.9395193,1.8647892
mb-10621,test,2.120574,2.2100792,1.6812413,1.7853603
mb-04946,test,2.071882,1.8133845,1.9637878,1.709713
mb-10726,test,2.434569,2.268377,2.0827854,1.9719741
mb-02635,test,1.5910647,1.5900961,1.39794,1.3465734
mb-10031,test,2.1731863,2.0607886,1.7160033,1.5435551
mb-06371,test,2.10721,2.080249,1.7075702,1.6729716
mb-08135,test,1.8573325,1.7841282,1.4149734,1.3206024
mb-06738,test,2.2600713,2.1478727,1.8864907,1.7134465
mb-04179,test,1.6434528,1.7798414,1.3424227,1.3526089
mb-01865,test,1.9190781,2.000826,1.8573325,1.8878765
mb-09858,test,1.6232493,1.2816936,1.146128,1.0606252
mb-00825,test,1.724276,1.64994,1.5563025,1.45016
mb-06704,test,1.8388492,1.6853863,1.4313638,1.3205045
mb-08901,test,1.6532125,1.6788232,1.0,1.216349
mb-08308,test,1.7558749,1.7704663,1.39794,1.4816564
mb-09111,test,0.90309,0.8083678,0.69897,0.68818533
mb-08070,test,1.9190781,2.0156012,1.7853298,1.752656
mb-08783,test,1.929419,2.0206964,1.4149734,1.7847722
mb-02502,test,1.690196,1.633475,1.0791812,1.0719751
mb-08442,test,2.0,1.9491727,1.4913617,1.4174643
mb-09510,test,2.2787538,2.196239,1.7781513,1.804925
mb-06891,test,2.2787535,2.2568736,1.60206,1.7833382
mb-08058,test,1.763428,1.7641639,1.30103,1.4036609
mb-09106,test,2.1461282,2.0496907,1.5563025,1.4576147
mb-03998,test,1.9637878,1.8931123,1.7558749,1.6540924
mb-02265,test,1.462398,1.368749,1.0413927,1.0074466
mb-00954,test,1.4313638,1.3661345,1.1139433,1.1669538
mb-09637,test,1.0,1.3985558,1.146128,1.1725742
mb-04849,test,2.1846914,2.1532903,1.8260748,1.8936299
mb-03391,test,1.9138138,1.9480145,1.770852,1.7149311
mb-02204,test,2.294466,2.1834087,2.2648177,2.103225
mb-01353,test,1.4149733,1.4586922,1.0791812,1.1850432
mb-04432,test,1.80618,1.7104828,1.3802112,1.335829
mb-00559,test,1.0791813,1.4504375,0.47712126,0.96815914
mb-07641,test,1.6627579,1.8315878,1.3617278,1.5732336
mb-03748,test,2.0086002,1.8411437,1.8633229,1.5799522
mb-03810,test,2.3096302,2.1948476,1.94939,1.7024813
mb-00988,test,2.2600713,2.255373,1.8573325,1.8841007
mb-10640,test,1.9444827,1.9079978,1.6627579,1.6060967
mb-00202,test,1.6232493,1.6883947,1.2552725,1.3773687
mb-04425,test,2.2329962,2.2439308,2.209515,2.122518
mb-03756,test,2.1038036,2.1000934,1.9190781,1.8809193
mb-07723,test,1.6232493,1.6134211,1.1139433,1.4346339
mb-09925,test,1.968483,1.7818501,1.7160033,1.1145468
mb-03028,test,2.3598356,2.311722,2.164353,2.0256953
mb-10505,test,1.6127839,1.7681392,1.1760913,1.2857931
mb-10602,test,2.0530784,2.1042643,1.5314789,1.569233
mb-06988,test,1.9590415,1.9179763,1.6127839,1.5297266
mb-01604,test,0.90309,1.0416112,0.69897,0.6821634
mb-08924,test,1.6127839,1.8247217,1.5563025,1.6401507
mb-10802,test,2.2718415,2.260658,1.6627579,1.9572682
mb-04278,test,1.9444827,1.9551749,1.5563025,1.5159591
mb-04018,test,2.0086002,2.0353138,1.8692317,1.8632691
mb-10583,test,2.2528532,2.215623,2.0413928,1.9084823
mb-08942,test,1.94939,1.9189874,1.80618,1.7685566
mb-00552,test,2.0569048,2.126537,1.690196,1.6454815
mb-08915,test,1.2552725,1.6342639,1.3617278,1.4238781
mb-01202,test,1.1760912,1.3758502,1.0791812,1.213484
mb-07479,test,1.6334685,1.6740199,1.3424227,1.314321
mb-10173,test,1.908485,2.1287615,1.94939,1.8030125
mb-06265,test,1.6532124,1.8637042,1.7160033,1.3640834
mb-02428,test,2.0827854,2.070109,1.69897,1.738989
mb-00255,test,2.0681858,1.8984413,1.690196,1.3698269
mb-06396,test,2.356026,2.1711423,1.9731278,1.9141508
mb-02219,test,1.1760912,1.3271847,0.845098,1.0730588
mb-00638,test,1.5440681,1.5947472,1.30103,1.3078929
mb-08041,test,2.450249,2.4259944,2.0128372,2.112398
mb-10161,test,1.0413927,1.1140254,0.7781513,0.81331235
mb-08930,test,1.8808136,1.8579373,1.0791812,1.0065098
mb-06090,test,2.1673174,2.1433668,1.7923917,1.7436765
mb-04799,test,2.298853,2.169626,2.2787535,2.0517197
mb-10582,test,1.845098,2.0142179,1.5797836,1.6946646
mb-01540,test,1.7323937,1.8860896,1.4771212,1.6586628
mb-01823,test,1.929419,1.9274237,1.6334685,1.5684565
mb-04964,test,2.4698222,2.418541,2.3521826,2.3484251
mb-08228,test,2.2787535,2.2046974,1.819544,1.8035287
mb-02719,test,1.6720979,1.7355382,1.3802112,1.3382072
mb-06667,test,2.562293,2.5679815,2.2380462,2.2827773
mb-10002,test,1.845098,1.8707331,1.60206,1.5396069
mb-00606,test,2.1003704,2.0642273,1.8692317,1.8251429
mb-00634,test,1.6989701,1.5662246,1.30103,1.1236281
mb-08434,test,2.326336,2.4258623,2.0086002,2.1360512
mb-10282,test,1.819544,1.8491068,1.3617278,1.2812889
mb-08162,test,1.9637879,1.9248958,1.5682018,1.4706419
mb-08623,test,1.9242792,1.8126452,1.763428,1.5282532
mb-03596,test,2.1038036,2.12084,1.5797836,1.5969101
mb-03633,test,1.50515,1.66064,1.3617278,1.4310584
mb-07124,test,2.0,1.987321,1.8920946,1.925436
mb-09949,test,1.690196,1.6402586,1.5185139,1.4402341
mb-05408,test,2.1522884,2.1321762,1.7853298,1.7463987
mb-01150,test,1.6627579,1.6735989,1.3424227,1.3144882
mb-07513,test,2.0492182,2.008039,1.462398,1.5096916
mb-00317,test,0.90309,1.2596818,0.7781513,1.1211379
mb-10450,test,2.0569048,1.9764514,1.6232493,1.5072727
mb-00329,test,1.7323937,1.8071074,1.6812413,1.5682744
mb-01389,test,1.4149733,1.228408,1.0791812,0.9689698
mb-05895,test,1.4313638,1.6926951,0.90309,0.82370776
mb-07043,test,1.6720979,1.8244576,1.4313638,1.4357424
mb-07832,test,1.7708521,1.747556,1.2787536,1.5139552
mb-06031,test,1.3222193,1.3787715,1.0,1.0609946
mb-01763,test,2.143015,2.1528885,1.7853298,1.7956789
mb-07291,test,2.2810333,2.1386623,1.90309,1.7572268
mb-03452,test,1.1760913,1.3143597,0.9542425,1.0662922
mb-01279,test,2.206826,2.1607912,1.8325089,1.7393864
mb-09179,test,2.1367207,2.027163,1.8512584,1.7525173
mb-00830,test,2.0170333,1.9655433,1.8750613,1.7559133
mb-04873,test,2.2741578,2.0827813,2.0863597,1.9217297
mb-00917,test,2.2833014,2.2922535,1.9912261,1.9176701
mb-09442,test,2.25042,2.1885803,1.8920946,1.7791734
mb-06420,test,1.4471581,1.5650799,1.4313638,1.3714032
mb-00301,test,2.25042,2.2286541,1.80618,1.8385441
mb-09333,test,1.80618,1.7836366,1.5185139,1.4886705
mb-09184,test,2.3443923,2.2578545,1.968483,1.8744943
mb-03760,test,2.2878017,2.2534857,2.089905,1.9564556
mb-10695,test,2.120574,2.1490655,1.94939,1.8803045
mb-02327,test,1.7781513,1.8196478,1.462398,1.4753754
mb-00126,test,1.7403628,1.7662611,1.4313638,1.3811533
mb-02033,test,1.845098,1.8951709,1.4913617,1.5894761
mb-08680,test,2.0,2.0997238,1.5682018,1.7014867
mb-00860,test,2.0211892,2.0036342,1.7160033,1.6772155
mb-02062,test,2.0681858,2.038801,1.7075702,1.5603006
mb-01040,test,2.1367207,2.0711896,1.230449,1.4330986
mb-00481,test,1.8388491,1.5573412,1.6232493,1.3698857
mb-05585,test,1.7708521,1.7820708,1.6532125,1.6355029
mb-09872,test,2.1003704,1.997551,1.748188,1.1539911
mb-07026,test,1.5797836,1.6590465,1.3222193,1.3185247
mb-06235,test,2.2121878,2.2102575,1.6532125,1.8232682
mb-08795,test,1.845098,1.8183783,1.5563025,1.6304563
mb-08002,test,1.4913616,1.1849078,1.1139433,0.9176075
mb-01065,test,2.1139433,1.9645292,1.6127839,1.4411062
mb-07002,test,0.9542425,1.47597,1.4913617,1.3714942
mb-04234,test,1.462398,1.621227,1.2552725,1.3089844
mb-02969,test,1.770852,1.8217641,1.447158,1.512523
mb-00235,test,1.9731278,1.8846635,1.5910646,1.545867
mb-01792,test,2.3053513,2.3449535,2.0128372,2.0440254
mb-05535,test,2.161368,2.2129812,1.8633229,2.0335438
mb-05475,test,1.9493899,1.8825538,1.69897,1.6353725
mb-05083,test,2.4361625,2.5115411,2.0681858,2.2293265
mb-00225,test,1.8512583,1.8868494,1.3802112,1.5049635
mb-00995,test,2.0827854,2.0217445,1.7781513,1.6363703
mb-04361,test,1.7323937,1.6570251,1.748188,1.5214547
mb-05776,test,2.2528532,2.2807965,1.80618,1.8958187
mb-10813,test,1.9242792,1.8147233,1.5910646,1.6093998
mb-05393,test,1.832509,1.6527642,1.230449,1.4755912
mb-06776,test,2.3673558,2.368995,2.0253057,2.0331824
mb-04719,test,2.2576785,2.2460437,2.1038036,2.087884
mb-05373,test,1.968483,1.8886675,1.7160033,1.6350275
mb-09348,test,1.9731278,1.8855104,1.6127839,1.4154993
mb-06374,test,1.7403626,1.9452381,1.4771212,1.5771264
mb-08792,test,2.2648177,2.23661,1.9956352,2.0001209
mb-07805,test,1.5797837,1.7437863,1.4313638,1.611877
mb-06619,test,2.2988532,2.1693082,1.8750613,1.8770812
mb-04854,test,1.0791813,1.1074175,0.7781513,0.79578173
mb-07253,test,2.0128372,2.0660362,1.6232493,1.7416221
mb-10257,test,2.1172714,2.1013346,1.6127839,1.5855594
mb-07190,test,2.3263357,2.2202501,2.2671716,2.1352456
mb-05949,test,1.5682018,1.496244,1.2787536,1.2328074
mb-04499,test,2.0934217,2.096901,1.7242758,1.6966068
mb-01970,test,2.3384566,2.305612,1.8976271,2.1465137
mb-05811,test,2.1903317,2.1948485,1.845098,1.7972721
mb-07906,test,2.0,2.0855877,1.462398,1.719173
mb-05745,test,2.025306,1.9427029,1.1760913,1.2575576
mb-06917,test,1.748188,1.7531687,1.5910646,1.5588604
mb-05997,test,1.9777236,1.9357113,1.6127839,1.539804
mb-03972,test,1.819544,1.8346705,1.4149734,1.5019888
mb-00539,test,2.0211892,1.6325356,1.2552725,1.4267766
mb-04282,test,1.6334685,1.6288944,1.30103,1.2122324
mb-09721,test,1.6720979,1.7359635,1.4313638,1.4430115
mb-08780,test,1.4149734,1.4929715,1.20412,1.1056457
mb-10391,test,1.6127839,1.5378355,1.1760913,1.2260706
mb-02032,test,2.0413928,2.0524719,1.462398,1.602402
mb-04426,test,1.8976271,1.8932619,1.5185139,1.502607
mb-06283,test,1.7993406,1.8075303,1.6532125,1.5213044
mb-09914,test,2.2405493,2.3977947,2.0170333,2.1101136
mb-01380,test,1.0791812,1.1773353,0.90309,0.8312946
mb-08896,test,2.5289166,2.4348931,2.376577,2.1886594
mb-02064,test,1.2041199,1.1093334,0.845098,0.7128049
mb-00338,test,2.2479732,2.174851,1.7403626,1.7342501
mb-10697,test,1.2552725,1.2519282,1.1139433,1.1013007
mb-01120,test,2.075547,2.2087803,1.8325089,1.8385756
mb-09204,test,2.133539,2.115635,1.9822712,1.9522986
mb-00523,test,2.1731863,2.1668599,1.8325089,1.848745
mb-04116,test,1.724276,1.7436194,1.462398,1.3572953
mb-08245,test,2.3096302,2.3868358,2.0569048,2.0768104
mb-05534,test,1.5185139,1.4426868,1.2552725,1.2914393
mb-04780,test,2.307496,2.1340868,1.9822712,1.8075511
mb-00814,test,1.8633229,1.9283302,1.4771212,1.541521
mb-01622,test,2.120574,2.1045573,1.8573325,1.8328351
mb-00827,test,2.164353,2.0182657,1.9867717,1.7942265
mb-07147,test,0.95424247,1.0779369,0.30103,0.6690185
mb-10584,test,1.6532125,1.8971021,1.50515,1.6309898
mb-02162,test,1.5314789,1.5363107,1.1139433,1.2114174
mb-08987,test,2.133539,2.0533972,1.770852,1.6144246
mb-01365,test,1.0,0.7265893,0.69897,0.46060336
mb-02752,test,1.1760912,1.3030612,0.845098,0.83461934
mb-06732,test,1.5563025,1.5030429,1.4313638,1.2369668
mb-10462,test,1.3222194,1.4994767,0.9542425,1.2105135
mb-10115,test,1.929419,1.7884581,1.6334685,1.5509148
mb-07041,test,2.0086002,1.992366,1.819544,1.7712843
mb-03104,test,2.440909,1.4558588,1.0,1.2105052
mb-09834,test,1.7403626,1.8079293,1.4771212,1.5189257
mb-02898,test,2.367356,2.2391114,2.120574,2.0562854
mb-10734,test,2.0211892,1.8829074,1.4913617,1.5987175
mb-02612,test,0.60206,0.89034235,0.47712126,0.73301566
mb-05658,test,2.252853,2.1401036,1.9444827,1.7829733
mb-10594,test,1.8325089,1.9731717,1.3424227,1.5255193
mb-09987,test,1.6720979,1.6924275,1.20412,1.1125686
mb-03117,test,2.049218,2.0011163,1.690196,1.6406889
mb-00001,test,1.6334684,1.6099072,1.5185139,1.475013
mb-02599,test,2.0681858,1.5867877,1.6434526,1.4546477
mb-03170,test,2.0086002,1.9177586,1.770852,1.603123
mb-08465,test,2.1818438,2.1126556,1.4913617,1.4241471
mb-06166,test,2.1038036,2.0786948,1.5797836,1.5432119
mb-05486,test,1.9493899,1.8580899,1.6434526,1.5157983
mb-06528,test,1.0791813,0.95543075,0.7781513,0.64503354
mb-05490,test,1.7242758,1.768738,1.4149734,1.4021696
mb-06035,test,1.9590414,1.8703334,1.5314789,1.505803
mb-01646,test,1.0413927,1.1027899,0.69897,0.7868596
mb-07421,test,1.3222193,1.3317662,0.845098,0.86931616
mb-05142,test,1.2041199,1.2087373,1.0,1.059001
mb-07617,test,1.4913616,1.5121648,1.3222193,1.2774401
mb-09550,test,1.20412,1.1541005,0.0,0.7790982
mb-02734,test,1.3424227,1.3544466,1.146128,1.0934135
mb-01435,test,2.3856063,2.1289904,2.146128,1.750511
mb-03993,test,2.1731863,2.1496854,1.6232493,1.740699
mb-03072,test,2.143015,2.1036656,1.7075702,1.513643
mb-06413,test,1.5797837,1.6240261,1.0,1.0706385
mb-01007,test,1.7993406,1.7996886,1.230449,1.299782
mb-09207,test,2.220108,2.106081,1.94939,1.9161801
mb-05177,test,1.748188,1.7183249,1.50515,1.40799
mb-02353,test,2.30103,2.3961742,1.9190781,2.1168256
mb-06484,test,1.819544,1.7775645,1.0413927,1.2022471
mb-03845,test,1.748188,1.7982672,1.50515,1.4404681
mb-05276,test,2.1731863,2.1289265,1.80618,1.7206624
mb-02482,test,1.5051501,1.5806456,1.1760913,1.1816375
mb-10888,test,2.2380462,2.2017262,1.7323937,1.7600384
mb-05626,test,1.7558749,1.694303,1.50515,1.465236
mb-04380,test,2.0681858,2.0693414,1.8976271,1.917804
mb-03451,test,1.6127838,1.804171,1.4771212,1.6032541
mb-09963,test,1.9395193,1.995861,1.30103,1.6455889
mb-01122,test,1.0413927,0.97072953,0.845098,0.6747667
mb-10230,test,2.421604,2.3323452,2.0681858,1.9902408
mb-02590,test,1.9242793,1.7903199,1.3424227,1.2748342
mb-01098,test,2.2174838,2.1529782,2.049218,1.9394274
mb-00271,test,1.9190781,1.9585378,1.5797836,1.4758793
mb-10209,test,1.1760912,1.2465527,0.845098,0.9163946
mb-08801,test,1.9912261,1.9919546,1.3617278,1.3030273
mb-08907,test,2.1105897,1.9657145,1.80618,1.1834844
mb-10614,test,0.845098,0.89024305,0.69897,0.71973115
mb-05463,test,1.230449,1.460628,0.90309,1.040891
mb-03911,test,2.0530784,1.9351976,1.845098,1.7639692
mb-05342,test,2.357935,2.4462972,1.968483,2.1985996
mb-06540,test,1.968483,1.726852,1.6812413,1.4151744
mb-10365,test,1.3010299,1.6131493,1.0791812,1.405181
mb-08619,test,2.2900345,2.2570217,1.9590414,1.9045763
mb-03389,test,2.2479732,2.2234902,1.8976271,1.9146847
mb-05760,test,2.2810335,2.2740078,1.908485,1.857186
mb-07390,test,0.90309,0.5654362,0.60206,0.49133945
mb-02049,test,2.1760912,2.0855002,1.7993406,1.4881711
mb-07125,test,1.7558749,1.7561901,1.60206,1.5539684
mb-08989,test,2.178977,2.1260762,1.7781513,1.7271593
mb-00060,test,1.9084849,1.8624907,1.5797836,1.24155
mb-05788,test,2.3384564,2.4058738,2.045323,2.102275
mb-04014,test,2.178977,2.1440558,1.9637878,1.884768
mb-07491,test,1.7075702,1.7467082,1.2552725,1.4899123
mb-05779,test,2.0413926,1.9409139,1.447158,1.482838
mb-09865,test,1.7323937,1.6152135,1.4913617,1.4267622
mb-00294,test,1.7708521,1.7079692,1.4313638,1.4561182
mb-07511,test,2.3961995,2.374086,2.164353,2.0386348
mb-09670,test,1.6232493,1.5851467,1.2787536,1.2388262
mb-04976,test,2.1038036,2.067612,1.8750613,1.8077531
mb-09847,test,1.6434528,1.7296231,1.20412,1.2364116
mb-00249,test,2.2810335,2.2392151,1.8976271,2.0148706
mb-05530,test,1.9084849,1.9024601,1.3802112,1.3948649
mb-07982,test,1.544068,1.6283941,1.3222193,1.3242259
mb-05084,test,1.94939,1.9262608,1.7558749,1.6107916
mb-10933,test,1.748188,1.7397206,1.6127839,1.5416619
mb-05420,test,1.5185139,1.6814342,1.3222193,1.4626143
mb-00806,test,2.2278867,2.1189184,1.8920946,1.775089
mb-10626,test,1.9138138,1.7328384,1.6627579,1.4935951
mb-10671,test,2.25042,2.193455,1.819544,1.9348747
mb-04289,test,1.3222194,1.2451526,1.230449,1.1061219
mb-00466,test,2.2552724,2.2458165,1.9138138,1.9768684
mb-02738,test,2.3242826,2.3022208,2.143015,2.0680466
mb-08311,test,1.7993406,1.7761792,1.3424227,1.2655426
mb-10854,test,2.2013972,2.221598,1.8692317,1.9220215
mb-06882,test,1.724276,1.7252189,1.230449,1.2595353
mb-08436,test,2.2148438,2.1801085,1.9138138,1.8845109
mb-03420,test,1.462398,1.4469025,1.2787536,1.2001107
mb-07783,test,1.8129134,1.8513457,1.6627579,1.6873984
mb-08527,test,2.20412,2.1829803,1.9294189,1.8304679
mb-05256,test,2.0681858,2.084343,1.690196,1.7009615
mb-01218,test,0.845098,0.9549484,0.69897,0.6367569
mb-07629,test,2.2855573,2.2219198,1.9731278,2.0197802
mb-04662,test,2.0374265,1.9798001,1.763428,1.7238805
mb-01063,test,1.3222194,1.2510761,0.9542425,0.9568457
mb-10756,test,2.4742165,2.301886,2.1958997,1.947577
mb-00645,test,1.5185139,1.6077623,1.3617278,1.326209
mb-07576,test,2.1038036,2.0725887,1.8260748,1.8325723
mb-10447,test,1.8573325,1.4345636,1.20412,0.9968805
mb-03267,test,1.8692318,1.8511261,1.6334685,1.6840882
mb-00098,test,2.133539,2.1096258,1.9344984,1.8941857
mb-02632,test,2.2878017,2.2459285,2.0863597,2.0680826
mb-08837,test,1.4313638,1.1831784,1.146128,0.90278363
mb-01875,test,1.8512584,1.8405302,1.6627579,1.6533451
mb-05293,test,2.292256,2.2545795,1.9138138,1.7983158
mb-03778,test,2.1003706,2.0654912,1.6812413,1.694393
mb-04388,test,2.3384566,2.336345,2.1367207,2.0392303
mb-09540,test,2.0791812,2.0977578,1.7923917,1.7347918
mb-01664,test,1.4623979,1.5455892,1.3222193,1.3505104
mb-08053,test,0.60206,0.7784717,0.30103,0.19351494
mb-06197,test,1.6627579,1.8508458,1.4771212,1.651823
mb-00823,test,1.6627579,1.6675763,1.2787536,1.180993
mb-04804,test,0.90309,0.87130904,0.60206,0.58629537
mb-02082,test,2.1105897,1.65085,1.69897,1.4470564
mb-02336,test,2.3304138,2.2818556,2.0,1.8882192
mb-01466,test,2.045323,2.0081391,1.4913617,1.5103593
mb-10429,test,2.071882,1.6697888,1.50515,1.3974674
mb-09105,test,2.294466,2.197215,2.045323,1.9430228
mb-09163,test,2.1818435,2.1769805,1.7558749,1.8177768
mb-10502,test,2.2013972,1.8319055,1.6434526,1.5370231
mb-04496,test,2.2227166,2.2566972,1.9777236,2.0113711
mb-02679,test,1.8573326,1.8688517,1.4313638,1.4534663
mb-01460,test,1.8129134,1.843557,1.3424227,1.3982064
mb-09998,test,2.3838153,2.3188305,1.845098,1.9740545
mb-01639,test,1.9542426,1.9589114,1.6334685,1.6899629
mb-06966,test,1.3424227,1.3723614,1.1760913,1.1157249
mb-06082,test,1.9344985,1.8321947,1.230449,1.5527896
mb-10143,test,1.7558749,1.7079499,1.30103,1.4016005
mb-05016,test,1.39794,1.9625592,1.4313638,1.6548026
mb-02708,test,2.363612,2.2978828,2.0681858,1.9093626
mb-07287,test,2.0043213,1.8844899,1.7403626,1.5894614
mb-04911,test,2.1702616,2.1796842,1.8573325,1.9382542
mb-04944,test,1.2787536,1.5840889,1.0,1.3869435
mb-00537,test,2.2227163,2.1755056,1.8864907,1.904417
mb-09181,test,1.3222193,1.2112851,1.1139433,1.0587687
mb-07643,test,2.3053513,2.3162436,1.9542425,1.987815
mb-08006,test,2.3384566,2.2925398,1.7558749,1.9091579
mb-01762,test,2.2764618,2.250421,1.968483,1.9813893
mb-07069,test,2.30103,2.3024125,1.968483,1.9600039
mb-04636,test,2.209515,2.1337407,1.8512584,1.7694561
mb-09273,test,2.240549,2.1537166,1.7923917,1.8892001
mb-04757,test,1.0413927,1.3656955,0.60206,0.9448597
mb-02180,test,2.3138673,2.156944,1.90309,1.717468
mb-02808,test,2.2600715,2.0658202,1.94939,1.8580611
mb-09937,test,1.748188,1.7752628,1.3424227,1.2500528
mb-02156,test,1.7993405,1.8003715,1.447158,1.4495025
mb-00105,test,1.9344984,1.9488242,1.8129133,1.783312
mb-00984,test,2.3673558,2.3299623,1.9731278,1.9681298
mb-03157,test,1.0791812,1.042885,0.90309,0.87377137
mb-08175,test,2.2810333,2.263771,1.9912261,2.0256295
mb-07561,test,2.3222194,2.2307699,1.50515,1.5821217
mb-07830,test,1.5682018,1.4972194,1.2552725,1.0501152
mb-07350,test,2.2833014,2.190321,1.9190781,1.810725
mb-02681,test,1.7781513,1.7040985,1.3802112,1.3201712
mb-01500,test,2.4048338,2.4343872,2.0606978,2.12078
mb-08389,test,1.7323937,1.68492,1.146128,1.244026
mb-09064,test,1.770852,1.7493393,1.763428,1.4471885
mb-08154,test,2.3242824,2.132186,1.9867717,1.8392643
mb-10315,test,1.3424227,1.5749614,1.1139433,1.3184354
mb-10793,test,1.1139433,1.7294517,1.0791812,1.2384317
mb-01704,test,1.7558749,1.7888775,1.4149734,1.5246388
mb-04150,test,2.178977,2.1267915,1.8129133,1.8021288
mb-00716,test,2.3180633,2.0797153,2.1931245,2.0039542
mb-10011,test,0.4771213,1.0091472,0.60206,0.6909903
mb-02343,test,1.146128,0.99335086,1.146128,0.8623509
mb-00502,test,1.9542425,1.985838,1.690196,1.7419775
mb-02026,test,1.9084849,1.8426747,1.447158,1.4481952
mb-00768,test,1.9294189,2.07196,1.6532125,1.8543707
mb-08110,test,2.3242824,2.2115774,1.9822712,1.9134674
mb-00419,test,1.7242758,1.7481018,1.50515,1.5166978
mb-05343,test,1.9242793,1.869406,1.4913617,1.4988824
mb-00671,test,1.2552725,1.4329104,0.60206,1.0624422
mb-01304,test,2.2455127,2.144261,1.9867717,1.950187
mb-06971,test,1.690196,1.7666626,1.2552725,1.2599964
mb-03419,test,2.201397,2.0975485,1.5314789,1.4153827
mb-02454,test,1.9395193,1.9628972,1.7323937,1.6817536
mb-07574,test,1.9138138,1.7956922,1.6627579,1.6500574
mb-04225,test,1.5682018,1.648941,1.3802112,1.4095907
mb-06047,test,2.3053513,2.2197587,2.0374265,1.8452568
mb-05801,test,1.5440681,1.6225775,1.4313638,1.3957868
mb-03531,test,1.80618,1.8842953,1.5910646,1.5928988
mb-02479,test,2.1105897,2.050537,1.7993406,1.6674529
mb-09831,test,2.0899053,2.17402,1.6127839,1.7093844
mb-01524,test,2.220108,2.1733868,1.8512584,1.7689905
mb-07806,test,1.3802112,1.4522007,1.146128,1.170055
mb-05305,test,1.2041199,1.2495344,1.0,1.084763
mb-00504,test,1.6812413,1.5650473,1.0413927,0.9134507
mb-03093,test,2.3996737,2.4030578,2.1038036,2.078672
mb-06881,test,1.5797836,1.5324818,1.447158,1.402236
mb-00950,test,1.8976271,1.8493588,1.7323937,1.6570448
mb-07863,test,1.6812413,1.6456461,1.462398,1.4208472
mb-04000,test,1.2041199,1.221139,1.0791812,1.0776443
mb-07892,test,2.0413926,1.9846804,1.5314789,1.4679463
mb-04433,test,2.2624512,2.2508647,1.908485,1.8786839
mb-01016,test,1.5440681,1.6093022,1.3802112,1.4075767
mb-00920,test,1.7923918,1.7308526,1.146128,1.5252577
mb-03854,test,2.161368,2.1428816,1.7403626,1.7062397
mb-02806,test,1.6532125,1.7227173,1.39794,1.363855
mb-05401,test,1.748188,1.7045349,1.6127839,1.5207366
mb-02976,test,2.3579347,2.3441916,2.049218,2.0429664
mb-08867,test,2.130334,2.1186495,1.5440681,1.6013106
mb-04795,test,1.908485,1.9793189,1.6532125,1.6999955
mb-08754,test,2.4313638,2.3438377,2.1958997,2.1155262
mb-06316,test,1.7781513,1.7862473,1.1760913,1.3730538
mb-04389,test,1.6232493,1.6271327,1.3802112,1.282465
mb-01267,test,1.9867718,1.9171873,1.4149734,1.4015963
mb-00956,test,2.3201463,2.1751564,1.9912261,1.8518943
mb-08815,test,1.819544,1.6204709,1.3617278,1.36782
mb-06254,test,1.8512583,1.8823842,1.0413927,1.2818904
mb-01757,test,1.90309,1.9646952,1.5314789,1.5653313
mb-03152,test,1.6989701,1.775567,1.230449,1.5371099
mb-01913,test,2.2966652,2.2984757,1.9912261,1.9267538
mb-07939,test,2.3692157,2.3665953,1.9637878,2.0297027
mb-07208,test,1.968483,1.9952388,1.7323937,1.6955962
mb-07916,test,2.292256,2.4100502,2.1931245,2.3306375
mb-04494,test,1.9637878,1.9386513,1.6434526,1.5932562
mb-02568,test,1.8750613,1.8496088,1.6627579,1.5983918
mb-06331,test,2.2329962,2.2208922,1.8976271,1.768147
mb-06183,test,2.075547,2.007627,1.7558749,1.676184
mb-04177,test,2.149219,2.1331887,1.968483,1.982122
mb-10352,test,2.10721,2.0966752,1.6434526,1.8113424
mb-00832,test,2.346353,2.1279325,2.2013972,2.0165446
mb-06402,test,1.5185139,1.6760032,1.1139433,1.3436648
mb-06490,test,2.09691,2.0506344,1.5797836,1.518792
mb-05765,test,1.845098,1.6884363,1.3424227,1.1676788
mb-03432,test,2.269513,2.1938732,1.968483,1.774087
mb-10433,test,1.9542425,1.863769,1.6720978,1.5147074
mb-10174,test,2.2576785,2.047993,1.7781513,1.6497132
mb-08073,test,1.968483,1.9563078,1.3424227,1.4876008
mb-02469,test,2.3201463,2.1668923,1.7403626,1.6705472
mb-09765,test,1.8260748,1.8189119,1.3424227,1.3605834
mb-06941,test,1.5563025,1.3196322,1.1760913,0.92895365
mb-10748,test,1.7708521,1.9033965,1.5682018,1.424159
mb-00277,test,1.69897,1.6915399,1.5797836,1.5107387
mb-00688,test,1.845098,1.8591952,1.6232493,1.5793208
mb-07804,test,2.064458,2.1135569,1.7853298,1.7204301
mb-10682,test,2.3242824,2.294371,1.9344984,1.9272165
mb-06645,test,1.7853298,2.1608846,1.7323937,1.8606102
mb-04492,test,1.8195438,1.8495024,1.5797836,1.4658601
mb-03741,test,1.4149734,1.643553,1.230449,1.4742724
mb-05232,test,1.5682018,1.6189148,1.4313638,1.5426768
mb-07326,test,1.763428,1.7723647,1.3617278,1.4135394
mb-05150,test,1.9637878,2.0598478,1.6720978,1.835507
mb-00262,test,2.1461282,2.0978396,1.8260748,1.8529571
mb-10932,test,1.531479,1.4580905,1.1760913,1.1132506
mb-05675,test,1.6127839,1.5955299,1.3424227,1.2483598
mb-02983,test,1.9190781,1.843641,1.4913617,1.4576288
mb-06665,test,1.9294189,2.086106,1.3802112,1.7709826
mb-09719,test,2.143015,2.1343522,1.7781513,1.792212
mb-05539,test,0.69897,0.5091796,0.47712126,0.37054133
mb-03629,test,2.1172714,2.1633606,1.9190781,1.8733097
mb-04079,test,2.0827854,2.1008968,1.770852,1.72732
mb-06278,test,2.2355285,2.2314792,1.94939,1.926024
mb-07119,test,1.3617278,1.3176644,0.90309,1.0183983
mb-04203,test,1.5440681,1.7646224,1.1760913,1.4584932
mb-02573,test,2.0681858,1.9283594,1.6127839,1.5685763
mb-04637,test,1.2787536,1.2488363,1.146128,1.0822248
mb-04524,test,0.30103,0.5836567,0.30103,0.4061942
mb-07674,test,1.5910646,1.6072812,1.3802112,1.406864
mb-09762,test,0.47712126,0.6602559,0.0,0.23639953
mb-08232,test,1.7242758,1.6937627,1.39794,1.4609253
mb-08512,test,0.9542425,1.2549753,0.9542425,1.0385673
mb-06295,test,2.3222194,2.3392074,1.968483,1.9889042
mb-02911,test,1.968483,1.8789883,1.6232493,1.5686628
mb-04611,test,1.819544,1.6756799,1.6127839,1.5543702
mb-03440,test,1.5910647,1.6696692,1.4149734,1.4205973
mb-01679,test,1.146128,1.5133282,0.7781513,0.95547926
mb-07330,test,1.2787535,1.3490541,0.845098,0.9091163
mb-09692,test,2.09691,2.2091093,1.7993406,1.8026551
mb-06731,test,1.7323937,1.7237854,1.3424227,1.2723492
mb-01059,test,2.3765771,2.2880077,2.1553361,2.0612977
mb-08096,test,2.0128372,2.0582573,1.7242758,1.7452848
mb-02747,test,1.5563025,1.5776644,1.4313638,1.4372083
mb-04186,test,1.9138138,1.8725307,1.7075702,1.5174874
mb-10411,test,2.064458,1.8948303,0.845098,1.3160446
mb-07437,test,2.1271048,2.1452758,1.7075702,1.6499369
mb-02403,test,1.5440681,1.5929518,1.4149734,1.3086355
mb-01949,test,1.908485,1.8310206,1.462398,1.3148483
mb-05134,test,2.4456043,2.5286498,2.1522884,2.2668242
mb-10805,test,2.1367207,2.0124502,1.1760913,1.5099323
mb-01167,test,1.8573325,1.8159648,1.8129133,1.6822859
mb-01931,test,0.30103,0.7300501,0.0,0.31385398
mb-07668,test,1.7558749,1.5942557,1.4313638,1.4312929
mb-04212,test,1.9956353,1.9894121,1.7993406,1.7662923
mb-01633,test,1.90309,1.871901,1.6127839,1.6018564
mb-02950,test,2.1367207,2.055704,1.7558749,1.6712508
mb-02824,test,1.60206,1.4835465,1.2552725,1.1951648
mb-09715,test,2.3304138,2.144678,2.0043213,1.793595
mb-05063,test,2.064458,1.9632512,1.8129133,1.5943748
mb-07992,test,2.4885507,2.4014978,2.243038,2.2546477
mb-03943,test,1.3802114,1.3510759,1.1760913,1.1305563
mb-03009,test,1.3222194,1.3714035,1.146128,1.162817
mb-01997,test,1.8388491,1.8209039,1.50515,1.4874562
mb-03174,test,2.2405493,2.1475456,2.0413928,1.9971768
mb-00384,test,2.2624512,2.1524932,2.0374265,1.940389
mb-07813,test,2.0791812,2.0085216,1.5797836,1.4253464
mb-02106,test,2.1172714,2.0307136,1.39794,1.4090706
mb-01165,test,1.8573325,1.8979007,1.6532125,1.7017109
mb-03327,test,2.4031205,2.5472808,2.4031205,2.6000257
mb-10359,test,0.60206,0.7243992,0.47712126,0.41205347
mb-01854,test,1.7923917,1.8111117,1.6434526,1.6330667
mb-05301,test,1.5797836,1.8489221,1.6720978,1.677374
mb-01184,test,2.1875207,2.158224,1.8976271,1.8552696
mb-05575,test,1.230449,1.273503,0.90309,0.991508
mb-03373,test,2.2121875,2.2659783,1.7853298,1.9841096
mb-08428,test,1.6232493,1.7007073,1.3617278,1.4845446
mb-03186,test,1.724276,1.6976906,1.1760913,1.1256728
mb-06493,test,2.1367207,2.1416554,1.6334685,1.7297444
mb-01409,test,1.0791812,1.2289852,0.845098,1.035081
mb-03925,test,1.5051501,1.5058484,1.230449,1.2658558
mb-04430,test,1.5910647,1.6083872,1.230449,1.2941455
mb-03744,test,1.690196,1.68717,1.5910646,1.5113102
mb-04752,test,1.9822712,1.9898139,1.3802112,1.6432372
mb-03380,test,1.748188,1.7788054,1.50515,1.6765007
mb-01331,test,1.9542425,1.9533681,1.7160033,1.5158716
mb-04124,test,1.5682018,1.5355825,1.230449,1.1913592
mb-08705,test,2.045323,2.1032689,1.80618,1.8515611
mb-00224,test,1.5682018,1.4477954,1.3424227,1.3328375
mb-10725,test,1.8633229,2.0154214,1.2552725,1.4999988
mb-01542,test,0.90308994,1.0582291,0.845098,0.6948246
mb-07357,test,2.2648177,2.1737974,1.9138138,1.8078781
mb-10235,test,2.130334,2.0706413,1.5563025,1.6978002
mb-10234,test,2.220108,2.2075887,2.0170333,2.026624
mb-09374,test,2.0374265,2.00045,1.6532125,1.7527776
mb-06722,test,2.120574,2.0634804,1.9294189,1.9247146
mb-03930,test,1.9242792,1.9460149,1.690196,1.7048484
mb-00190,test,2.064458,1.9638405,1.8573325,1.7344794
mb-05387,test,1.7403628,1.6843089,1.5440681,1.4924866
mb-10038,test,2.1003704,1.9377697,1.8692317,1.6567521
mb-00980,test,1.9138138,1.8982047,1.5185139,1.4667683
mb-04858,test,1.8976271,1.8385551,1.462398,1.3917388
mb-10936,test,2.269513,2.2175026,1.5910646,1.748097
mb-01324,test,2.25042,2.2114708,2.0086002,1.868411
mb-07489,test,2.1958997,2.1590946,1.8808136,1.8744
mb-05966,test,2.3384564,2.2331512,1.8864907,1.7559191
mb-05334,test,1.8260748,1.8028953,1.39794,1.444651
mb-09358,test,1.9242792,2.0380824,1.7160033,1.7941978
mb-07526,test,1.8512583,1.8233105,1.3617278,1.4031605
mb-07546,test,2.0863597,2.0962477,1.8388491,1.841616
mb-07956,test,1.6901962,1.7403264,1.1760913,0.89821595
mb-00822,test,2.143015,2.1368563,1.7853298,1.7640272
mb-08666,test,2.1673174,2.1476977,1.8388491,1.8129165
mb-07833,test,1.30103,1.3315232,0.7781513,0.68222654
mb-03511,test,1.8388492,1.6744395,1.5440681,1.5249724
mb-00614,test,2.2068257,2.217899,1.8692317,1.9410493
mb-07419,test,1.1760913,1.4728311,0.9542425,1.234927
mb-01301,test,1.9084849,1.91127,1.5185139,1.6489756
mb-00154,test,1.8260748,1.7412384,1.5314789,1.5728781
mb-06949,test,1.4471581,1.3725599,0.7781513,0.7421038
mb-03719,test,2.178977,2.2319782,1.9822712,2.1550026
mb-07790,test,2.164353,2.0495017,1.9190781,1.8057055
mb-02074,test,2.0934217,2.099537,1.9344984,1.9062845
mb-01585,test,1.1139433,0.99449253,0.845098,0.82775736
mb-07314,test,1.9912261,1.9585398,1.50515,1.5094414
mb-03177,test,1.6627579,1.6182021,1.39794,1.3780382
mb-10383,test,1.968483,1.8463826,1.5440681,1.30451
mb-00846,test,1.8512583,1.8449088,1.6720978,1.673686
mb-07059,test,1.3222193,1.5488689,1.1139433,1.1832328
mb-09452,test,1.6334685,1.6545948,1.230449,0.9220042
mb-04729,test,1.9777236,1.8965415,1.6532125,1.6156117
mb-10766,test,1.90309,1.8400302,1.39794,1.2821376
mb-06150,test,2.3747482,2.3242264,2.0043213,1.9587804
mb-02116,test,0.0,-0.2712326,0.0,-0.19057763
mb-03687,test,1.9444826,1.8674855,1.5910646,1.3130338
mb-10219,test,2.1398792,2.2394333,1.5563025,1.8483567
mb-00074,test,1.7323937,1.7943386,1.5797836,1.6123502
mb-07311,test,1.7853298,1.688353,1.5185139,1.4603081
mb-04544,test,1.5185139,1.5858085,1.30103,1.2651166
mb-00341,test,1.6812412,1.8901355,1.447158,1.6203096
mb-07027,test,2.075547,2.0710084,1.6434526,1.8127463
mb-10627,test,2.2552726,2.3088777,1.6127839,1.955101
mb-07215,test,1.7558749,1.7932895,1.462398,1.4531803
mb-02120,test,1.8750613,1.8503253,1.230449,1.2313629
mb-05383,test,2.0899053,2.0324583,1.6532125,1.6681838
mb-04324,test,0.47712123,1.524169,1.1139433,1.3930132
mb-02674,test,1.4771212,1.5664282,1.2552725,1.3594834
mb-09126,test,2.209515,2.1933863,1.8808136,1.970168
mb-10148,test,1.6020601,1.5154446,1.2787536,1.1408675
mb-07343,test,1.6334685,1.699048,1.2787536,1.2858751
mb-04555,test,1.690196,1.7640417,1.3802112,1.4444675
mb-08356,test,1.9395192,1.8513808,1.5185139,1.4135137
mb-07114,test,1.2787536,1.3411211,0.9542425,0.9943028
mb-05109,test,2.1673174,2.132896,1.5682018,1.6301352
mb-03436,test,2.4409091,2.457213,2.1731863,2.1497877
mb-04242,test,1.6020601,1.6975307,1.3424227,1.4118377
mb-02491,test,2.2380462,2.1999235,1.9444827,2.0081792
mb-02433,test,1.3222193,1.3756413,1.0791812,1.049551
mb-05713,test,2.2227166,2.209227,1.8512584,1.8450239
mb-09007,test,2.4593925,2.2612286,2.0413928,1.8901867
mb-07424,test,1.7242758,1.7197034,1.4149734,1.4249266
mb-05052,test,2.1367204,2.1226523,2.049218,2.0092359
mb-00667,test,1.770852,1.6868145,1.1139433,1.1500982
mb-08056,test,1.80618,1.7540524,1.4771212,1.3968409
mb-05191,test,1.7853298,1.8294286,1.230449,1.2426386
mb-00974,test,2.2600715,2.2445912,1.908485,1.8099879
mb-08996,test,1.724276,1.6497171,1.5682018,1.4169836
mb-03417,test,1.6812413,1.7247787,1.50515,1.5077087
mb-09138,test,2.1903317,2.3018124,2.1238515,2.0672913
mb-10176,test,2.1271048,1.9766179,1.5682018,1.5103307
mb-02419,test,2.161368,1.9592454,1.8129133,1.5570167
mb-02839,test,2.1875207,2.2200866,1.8920946,1.8365293
mb-05604,test,1.5797836,1.5148187,1.3222193,1.2242694
mb-10426,test,1.6334684,1.9010645,1.5185139,1.7268386
mb-01853,test,2.3201463,2.3103445,1.9395193,1.9537171
mb-02797,test,1.908485,1.9854847,1.6812413,1.702346
mb-02593,test,2.2552724,2.1747231,2.049218,1.9443128
mb-02139,test,1.8260748,1.8123704,1.5185139,1.4662944
mb-09446,test,1.39794,1.5169277,0.9542425,1.0624404
mb-08932,test,1.9956353,1.9961556,1.4149734,1.650834
mb-02383,test,1.9822713,2.022207,1.6812413,1.7178721
mb-02711,test,1.7403628,1.7482827,1.30103,1.4196429
mb-09444,test,1.9395192,2.0117183,1.50515,1.6837116
mb-08044,test,2.2278867,2.095582,2.0043213,1.7346181
mb-05161,test,2.143015,1.9535898,1.7993406,1.7082422
mb-05541,test,2.2855573,2.280254,2.0211892,1.893928
mb-08258,test,1.7781513,1.7280458,1.5440681,1.5369998
mb-03147,test,1.8750613,1.9530692,1.80618,1.7651494
mb-08519,test,2.1105897,1.9794093,1.7781513,1.7033068
mb-01734,test,2.146128,2.1421113,1.90309,1.8628087
mb-04493,test,2.220108,2.120158,1.7403626,1.732041
mb-02141,test,1.7160033,1.7321348,1.447158,1.3777769
mb-06799,test,2.243038,2.259132,1.9822712,2.088883
mb-01838,test,1.0,1.3213912,0.845098,1.1453712
mb-06677,test,1.8864907,1.8170567,1.50515,1.5235391
mb-08716,test,2.1238515,2.0014887,1.8129133,1.7792354
mb-00077,test,2.161368,2.1119502,1.8129133,1.7889099
mb-05237,test,2.2455127,2.299976,1.8976271,1.9411262
mb-03876,test,2.5276299,2.3864667,2.4313638,2.2555532
mb-02027,test,2.2810335,2.2975848,1.9190781,1.9456513
mb-04621,test,1.9777236,2.025971,1.770852,1.6841774
mb-03224,test,1.7634281,1.8281747,1.5563025,1.4774784
mb-00574,test,2.0043213,1.6980689,1.4913617,1.4574181
mb-03324,test,1.863323,1.8928021,1.5682018,1.5589656
mb-00770,test,1.4771214,1.5582365,1.30103,1.257957
mb-02466,test,1.7160034,1.8010354,1.20412,1.2663133
mb-02814,test,1.4771212,1.4447966,1.146128,1.1409698
mb-02243,test,2.2855573,2.3685777,2.1271048,2.132478
mb-06863,test,2.3344538,2.257225,1.94939,1.9560945
mb-10401,test,1.9190781,1.7586529,1.7242758,1.539187
mb-02782,test,2.0170333,2.0642223,1.763428,1.7712913
mb-01021,test,1.8692317,1.8808643,1.5563025,1.5325569
mb-10147,test,2.3820171,2.308442,2.1139433,2.0183249
mb-08954,test,0.47712126,0.23885596,0.30103,0.16066074
mb-09524,test,2.2900345,2.397368,2.045323,2.1368
mb-02790,test,1.6127839,1.6921586,1.4313638,1.3563522
mb-04312,test,1.7853298,1.7926978,1.2787536,1.3755296
mb-02739,test,1.6989701,1.5510979,1.3424227,1.199388
mb-07101,test,1.6334685,1.6082786,1.39794,1.1453931
mb-08967,test,1.9395192,2.1178148,1.5185139,1.8054986
mb-08707,test,2.0413928,1.9925729,1.6127839,1.6292316
mb-03676,test,2.209515,2.1939225,1.5682018,1.6258506
mb-04021,test,1.4149734,1.8194678,1.3617278,1.4951129
mb-01015,test,2.0086002,1.9581183,1.5910646,1.5148811
mb-06320,test,2.149219,2.0569773,1.5910646,1.5417057
mb-10470,test,1.6127839,1.7210989,1.4913617,1.5221448
mb-10123,test,1.7403626,1.6148348,1.50515,1.3316058
mb-01687,test,1.3222194,1.3521588,1.146128,1.2069674
mb-06185,test,2.4471579,2.4079437,2.049218,2.0853682
mb-10973,test,1.6989701,1.79071,1.1139433,1.4978034
mb-05977,test,2.1958997,2.2345278,1.8512584,1.842481
mb-09337,test,2.3159704,2.204698,1.9637878,1.873247
mb-00778,test,2.206826,2.170279,1.8325089,1.771104
mb-01069,test,1.6627579,1.6354743,1.50515,1.4369485
mb-05791,test,1.8920946,1.8092409,1.1139433,1.1606684
mb-07138,test,2.2878017,2.2292686,1.6232493,1.7854677
mb-05954,test,2.3201463,2.241605,1.9344984,1.7733212
mb-00659,test,2.1172714,2.0279796,1.8633229,1.7345622
mb-09299,test,2.356026,2.1282928,2.25042,2.025658
mb-08533,test,1.6127839,1.6051767,1.4149734,1.4180555
mb-03610,test,1.8920946,1.9871994,1.5563025,1.6519887
mb-00404,test,1.9542425,1.8658774,1.5314789,1.4624052
mb-03242,test,1.819544,1.8374877,1.6127839,1.639845
mb-07239,test,1.5910647,1.315762,1.3424227,1.136535
mb-04133,test,1.1139433,1.1466398,0.69897,0.8450886
mb-04218,test,2.09691,2.0753684,1.7923917,1.6580533
mb-02371,test,1.6232493,1.6657009,1.4149734,1.4515811
mb-06368,test,2.326336,2.281106,1.968483,1.900057
mb-05392,test,1.763428,1.7473156,1.3802112,1.3448267
mb-02060,test,1.5682018,1.721941,1.30103,1.4084338
mb-09918,test,1.9542425,1.8358521,1.0413927,1.2491962
mb-01685,test,1.5563025,1.6518483,1.30103,1.3772113
mb-01306,test,2.2227163,2.0736759,1.9542425,1.8443856
mb-06042,test,2.372912,2.324173,2.1038036,2.0279288
mb-00390,test,1.7403628,1.7103829,1.39794,1.3084105
mb-00232,test,1.763428,1.767668,1.3424227,1.3477085
mb-03472,test,1.6434528,1.5709153,1.1760913,1.1301496
mb-07725,test,2.3364596,2.2912364,2.0530784,1.9748358
mb-09005,test,2.0827854,2.0427582,1.5440681,1.7700725
mb-02786,test,2.1760912,2.1126056,1.50515,1.5489883
mb-07400,test,2.230449,2.0557923,2.0413928,1.7889974
mb-03675,test,2.220108,2.207409,1.819544,1.6858959
mb-02065,test,2.303196,2.3413966,2.0128372,2.0678036
mb-10486,test,2.2479732,2.2462833,1.7558749,2.025406
mb-02200,test,1.968483,1.2830925,1.5910646,1.1392479
mb-01816,test,2.0043213,1.9171494,1.5314789,1.4508306
mb-03788,test,2.161368,2.126156,1.69897,1.7703354
mb-07009,test,2.2787535,2.330484,2.0863597,2.0482998
mb-02000,test,1.9444827,1.5043876,1.1139433,1.1576197
mb-07490,test,2.0374265,2.0157905,1.7558749,1.8038828
mb-09467,test,1.7242758,1.8915746,1.3222193,1.306795
mb-10150,test,2.1461282,2.0972884,1.6232493,1.8583131
mb-06767,test,1.8512584,1.811298,1.146128,0.825265
mb-05618,test,1.4771214,1.435019,1.20412,1.1618186
mb-08319,test,1.5910647,1.6021492,1.146128,1.1426346
mb-05742,test,2.08636,2.1004634,1.6334685,1.6351748
mb-01895,test,2.1105897,1.9419498,1.9395193,1.6712995
mb-03763,test,1.2552725,1.2739762,1.0,1.0007668
mb-05645,test,1.7708521,1.8615732,1.3424227,1.5401155
mb-03486,test,2.09691,2.1325476,1.8864907,1.8230722
mb-07860,test,1.5682018,1.5465381,1.3617278,1.2821699
mb-06024,test,1.8325088,1.7465831,1.5797836,1.3758216
mb-03144,test,2.1303337,2.0965204,1.770852,1.7385873
mb-02427,test,1.5051501,1.5238681,1.20412,1.2136548
mb-02961,test,1.8325089,1.7672276,1.6812413,1.5078264
mb-08702,test,2.149219,2.0871534,1.7558749,1.6424719
mb-10324,test,1.9777236,1.981174,1.20412,1.288695
mb-10016,test,1.7160034,1.714257,1.230449,1.4447199
mb-00769,test,2.120574,2.0239716,1.8129133,1.691111
mb-08984,test,2.2253094,1.9741311,1.770852,1.6326063
mb-10964,test,2.1367207,2.1021512,1.5682018,1.6951379
mb-05172,test,2.0334237,1.972396,1.6232493,1.6088265
mb-04495,test,1.4771212,1.4107451,1.1139433,1.1106352
mb-01709,test,2.09691,2.0986722,1.9344984,1.9221929
mb-04658,test,2.1038036,2.106526,1.90309,1.9071599
mb-03223,test,1.80618,1.8016547,1.6127839,1.5722965
mb-09705,test,1.4771214,1.7485918,1.6627579,1.5912197
mb-06238,test,1.8976271,1.9263685,1.39794,1.3475988
mb-01761,test,2.139879,2.208765,1.9294189,1.9479468
mb-09437,test,2.2855573,2.286935,1.8633229,1.9292296
mb-01066,test,2.456366,2.4864507,2.146128,2.2007236
mb-04530,test,1.8388491,1.8084862,1.690196,1.6913587
mb-00545,test,1.9242792,1.6693124,1.4771212,1.3865302
mb-10131,test,2.3201463,2.3396463,1.8920946,1.9899395
mb-00189,test,1.9912261,2.0026915,1.7923917,1.7260396
mb-08567,test,1.60206,1.6394863,1.3802112,1.255915
mb-07418,test,1.6232493,1.6908071,1.0413927,1.3683801
mb-01607,test,2.3483047,2.197162,2.0211892,1.7651612
mb-05005,test,2.0128372,2.0166383,1.7923917,1.8114429
mb-10323,test,2.0293837,2.0821495,1.6434526,1.6895628
mb-00260,test,1.9590415,1.8773055,1.5563025,1.4922829
mb-05655,test,2.161368,2.1623604,1.7242758,1.7395769
mb-00959,test,1.8692317,1.8806919,1.6127839,1.5500015
mb-02421,test,2.2455127,2.2850585,1.8864907,1.9689603
mb-03506,test,0.69897,0.21878046,0.60206,-0.09696782
mb-01645,test,1.1760913,1.1872497,0.90309,0.8267823
mb-08662,test,1.9242792,1.9862703,1.7242758,1.7656394
mb-09098,test,2.045323,1.8928612,1.3424227,1.5203463
mb-10917,test,2.0681858,2.1601763,1.7781513,1.6707308
mb-02538,test,1.9395193,1.960732,1.30103,1.2513642
mb-06766,test,1.9731278,1.9973829,1.80618,1.7957021
mb-03374,test,2.307496,2.2289631,1.8260748,1.6656516
mb-09823,test,2.1430147,2.1343558,1.7160033,1.730156
mb-00851,test,2.1903317,2.1988742,1.8633229,1.8332899
mb-10967,test,1.763428,1.8740795,1.5185139,1.5655099
mb-10188,test,1.9344984,1.9927725,1.7403626,1.7628127
mb-01077,test,1.6232493,1.6652802,1.1139433,1.1891828
mb-06748,test,2.045323,2.008345,1.50515,1.5106918
mb-04188,test,2.1875207,2.2378888,1.8573325,1.8556209
mb-00512,test,2.0530784,2.0632372,1.8325089,1.8020324
mb-01986,test,2.2528532,2.0859647,1.4313638,1.7617791
mb-00580,test,1.8260748,1.8138013,1.5563025,1.5404116
mb-10239,test,1.90309,2.0369408,1.30103,1.5602506
mb-01252,test,2.0899053,2.0196261,1.4149734,1.3602501
mb-10474,test,1.8573325,1.9001095,1.69897,1.6958796
mb-00362,test,1.80618,1.8137329,1.6532125,1.5045763
mb-00953,test,2.4031205,2.3602684,2.0569048,2.0182724
mb-01759,test,1.6532125,1.6006088,1.39794,1.096015
mb-07667,test,2.0530784,2.1155934,1.7558749,1.9248965
mb-07022,test,2.0170333,2.1170406,1.8388491,1.8887199
mb-07973,test,1.9242792,1.8928074,1.447158,1.2931437
mb-06694,test,2.320146,2.2360678,2.1238515,2.0158348
mb-07878,test,1.763428,1.7072171,1.3617278,1.2762012
mb-04831,test,1.8388491,1.9555236,1.748188,1.7280047
mb-07102,test,1.2041199,0.7206977,0.845098,0.5769937
mb-00161,test,1.230449,1.1638386,0.9542425,0.8299739
mb-09274,test,1.8573325,1.8426499,1.4771212,1.3949878
mb-07483,test,1.6020601,1.5844138,1.4149734,1.3436428
mb-05959,test,2.0,1.9665736,1.5314789,1.5603825
mb-04473,test,0.7781513,0.8231893,0.60206,0.6360285
mb-04926,test,1.832509,1.9061223,1.30103,0.54091835
mb-09506,test,1.5797837,1.5686669,1.2787536,1.2996687
mb-05578,test,1.5682018,1.5765643,1.5563025,1.4614329
mb-01899,test,1.0413927,1.4675715,0.69897,1.0330172
mb-04737,test,1.8864908,1.8606482,1.2787536,1.3250706
mb-04330,test,2.0170333,1.9384515,1.6532125,1.5611418
mb-00728,test,1.8061799,1.7807244,1.447158,1.4252874
mb-00951,test,1.4471581,1.5000935,1.2787536,1.2250174
mb-02205,test,2.1613681,1.9836916,1.9395193,1.8271707
mb-05043,test,2.2121878,2.131912,1.9242793,1.8298144
mb-05056,test,1.7160034,1.915853,1.2552725,1.39387
mb-03517,test,2.1553361,2.0961916,1.39794,1.3020552
mb-06136,test,2.307496,2.2874005,1.9912261,2.002149
mb-08335,test,1.9138138,1.9121041,1.7323937,1.6797938
mb-01810,test,2.1673174,2.1812453,1.763428,1.8513455
mb-09950,test,2.25042,2.1544733,1.7781513,1.6913981
mb-04859,test,1.819544,1.8831117,1.5682018,1.56414
mb-10048,test,1.6127839,1.6212782,0.90309,1.1395355
mb-02931,test,1.3424226,1.3231186,1.0791812,1.078645
mb-01841,test,1.146128,1.2788185,0.90309,0.929503
mb-06002,test,2.1846914,2.159266,1.69897,1.7436867
mb-04143,test,1.6232493,1.6277552,1.2552725,1.3722901
mb-04300,test,1.9242792,1.8920224,1.7403626,1.6473466
mb-04422,test,2.230449,2.2375076,2.1931245,2.1143541
mb-04178,test,2.3096302,2.1816187,1.9395193,1.8245751
mb-06467,test,2.3180633,2.250987,1.39794,1.8926637
mb-09352,test,2.220108,2.0627391,2.0293837,1.8838177
mb-00876,test,2.1303337,2.1857328,1.9637878,2.026749
mb-05596,test,1.5682018,1.5801902,1.1139433,1.0063438
mb-02079,test,2.5428255,2.4867623,2.1903317,2.1855097
mb-03294,test,1.8388492,1.8855009,1.6334685,1.6676986
mb-04090,test,2.149219,2.1460166,2.1760912,2.1212976
mb-09862,test,0.69897,0.61518997,0.47712126,0.3822596
mb-08684,test,2.2787535,2.2446568,1.9637878,1.894519
mb-00924,test,1.4149734,1.7389939,1.0,1.283019
mb-03644,test,1.6334685,1.6932002,1.5563025,1.5099585
mb-10833,test,1.9344984,1.8522319,0.90309,1.2885519
mb-01481,test,2.0374265,2.0833077,1.69897,1.7764555
mb-02193,test,1.3802112,1.4439441,1.3617278,1.3455162
mb-04491,test,1.9731278,1.9811584,1.819544,1.861604
mb-00064,test,1.6434526,1.7622654,1.3222193,1.2960289
mb-07730,test,2.0934217,2.0525184,1.6627579,1.7705548
mb-04876,test,2.1105897,2.0809493,1.7558749,1.6866541
mb-02768,test,1.6127839,1.659893,0.9542425,1.3125027
mb-06937,test,2.0374265,1.9087563,1.5563025,1.4599245
mb-09409,test,2.2227166,2.023182,1.9444827,1.8354597
mb-00943,test,1.3802112,1.1685263,1.0,0.79109746
mb-06655,test,1.748188,2.1453545,1.770852,1.8447932
mb-04788,test,1.7242758,1.7608774,1.50515,1.5281273
mb-03507,test,1.9395192,1.9699899,1.2552725,1.3918407
mb-04199,test,1.8692317,1.8723106,1.690196,1.6334505
mb-08609,test,1.9912261,2.0859272,1.6627579,1.713799
mb-06172,test,1.6434528,1.7159736,1.4913617,1.2646174
mb-04642,test,1.8633229,1.9164174,1.146128,1.2998818
mb-00417,test,1.8129133,1.8824835,1.60206,1.6625749
mb-03228,test,2.4969296,2.6339545,2.2552724,2.356976
mb-06019,test,1.9395192,1.9536126,1.3802112,1.2845922
mb-07494,test,0.90309,1.174534,0.60206,0.93966526
mb-07266,test,1.3617277,1.5742536,1.0791812,0.99404293
mb-02551,test,2.1958997,2.158246,1.90309,1.8840072
mb-09175,test,2.1105897,2.220101,1.7242758,1.911067
mb-09945,test,1.7403626,1.5741336,1.50515,1.2664137
mb-07221,test,1.8692317,1.6180072,1.4149734,1.2929349
mb-05622,test,1.8512583,1.8295106,1.3222193,1.274868
mb-07486,test,2.0827854,2.099051,1.6720978,1.7926569
mb-09547,test,1.9777236,1.9129496,1.6627579,1.6353631
mb-07280,test,1.5797837,1.6067015,1.2787536,1.1614127
mb-08592,test,2.1702619,2.109201,1.6627579,1.5893028
mb-06640,test,2.3304136,2.220456,2.2718415,2.1350365
mb-06614,test,1.462398,1.5464401,1.30103,1.3526052
mb-10495,test,2.0086002,1.9679905,1.20412,1.6639422
mb-01908,test,2.1760912,2.1207957,1.80618,1.7638521
mb-03640,test,1.9912261,1.8990495,1.5185139,1.4711238
mb-10631,test,2.149219,2.0957472,1.8920946,1.8454821
mb-01555,test,2.1818435,2.1410847,1.9190781,1.8333703
mb-02975,test,1.0791813,1.2320031,1.146128,0.9038191
mb-05750,test,2.029384,2.020926,1.2787536,1.3599507
mb-09852,test,1.6627578,1.4445696,1.3222193,1.1700127
mb-02871,test,2.0374265,2.1201167,1.6532125,1.6091206
mb-00556,test,2.363612,2.1417131,1.9590414,1.8247181
mb-10494,test,1.462398,1.1897305,1.230449,1.0230784
mb-07715,test,2.0170333,2.0351493,1.7781513,1.8609735
mb-06015,test,1.7075702,1.6633456,1.4771212,1.3202775
mb-08884,test,1.2041199,1.2360244,0.845098,0.89811695
mb-02255,test,1.80618,1.8039093,1.5563025,1.4797654
mb-01333,test,1.8129134,1.8190944,1.6334685,1.7579032
mb-05917,test,2.133539,2.0558202,1.6812413,1.6549242
mb-04171,test,2.269513,2.1345565,2.1139433,1.928758
mb-07555,test,1.9777236,1.9705749,1.80618,1.7471511
mb-05031,test,1.9242792,1.9471558,1.3222193,1.3794899
mb-01531,test,1.60206,1.6246402,1.3617278,1.358119
mb-05115,test,2.1958997,2.2431624,1.8633229,1.8587183
mb-03549,test,1.8512584,1.7913858,1.6127839,1.5532551
mb-07083,test,1.4913617,1.2172129,1.20412,0.8054747
mb-09492,test,2.0606978,1.9179143,1.7242758,1.4943559
mb-05104,test,2.5105448,2.541738,2.3053513,2.2509217
mb-05877,test,1.462398,1.5423712,1.146128,1.2587471
mb-01640,test,2.120574,1.9571812,1.6532125,1.5565134
mb-09474,test,1.6232493,1.5276915,1.30103,1.1819758
mb-02511,test,2.2552724,2.296712,2.0606978,1.9804938
mb-06635,test,2.2671719,2.2275777,2.1522884,2.0948575
mb-05881,test,2.143015,2.057785,1.8633229,1.5167404
mb-03579,test,1.9395193,1.9298539,1.4313638,1.6141592
mb-03863,test,2.363612,2.3606343,1.9867717,2.0236773
mb-06122,test,2.3053513,2.2557726,2.0334237,1.9014189
mb-03446,test,1.5185139,1.4395868,1.2787536,1.1971893
mb-04736,test,2.0086002,1.9759231,1.5440681,1.6864525
mb-00526,test,0.84509796,1.66127,1.6720978,1.4532869
mb-07891,test,1.7323937,1.5650321,1.3222193,1.2865772
mb-09439,test,1.845098,1.7102845,1.3802112,1.2997403
mb-01930,test,1.748188,2.1870294,1.8388491,1.905375
mb-07943,test,2.1139433,2.1607442,1.6812413,1.8387336
