material_id,split,true_log10_K,pred_log10_K,true_log10_G,pred_log10_G
mb-08913,train,1.8325088,1.7579224,1.447158,1.4081696
mb-07613,train,1.6627579,1.6942372,1.30103,1.2901218
mb-00588,train,2.1038036,2.0427334,1.6232493,1.7926817
mb-09119,train,2.1931245,2.114162,2.0,1.9830663
mb-09022,train,2.4265113,2.4261842,2.0827854,2.1565542
mb-01103,train,1.6334685,1.6107652,1.39794,1.4009163
mb-05107,train,1.8750613,1.9039254,1.7242758,1.7259138
mb-01951,train,1.6127839,1.6007209,1.30103,1.3119633
mb-01783,train,0.69897,0.7872783,0.30103,0.38119078
mb-08131,train,1.7993405,1.7583529,1.5314789,1.4751885
mb-01923,train,2.130334,2.0215664,1.8976271,1.826482
mb-08283,train,1.146128,1.0226036,0.845098,0.7070877
mb-02083,train,1.7160033,1.603137,1.3802112,1.3122907
mb-01499,train,1.69897,1.7324167,1.4771212,1.5134858
mb-05137,train,1.3802112,1.268621,1.230449,1.0805976
mb-04993,train,2.2988532,2.2337492,1.8260748,1.7560825
mb-06282,train,1.6627579,1.675104,1.462398,1.5154654
mb-06843,train,2.1583624,2.1248097,1.69897,1.6203508
mb-01978,train,2.2966652,2.155085,2.075547,1.890051
mb-06421,train,2.133539,2.1311011,1.7160033,1.6878862
mb-09731,train,2.2013972,2.1384616,1.6627579,1.657128
mb-04627,train,1.7993405,1.7041249,1.3222193,1.3112695
mb-04100,train,2.2095149,2.1334074,2.0791812,1.9897333
mb-01436,train,2.1702619,2.0448909,1.6127839,1.4385653
mb-02570,train,2.064458,1.9703213,1.8976271,1.8090358
mb-02566,train,2.1238518,2.0169697,1.9190781,1.8138871
mb-06850,train,2.1367207,2.1397123,1.748188,1.7001369
mb-01714,train,2.230449,2.2001667,1.9190781,1.9350259
mb-04402,train,2.025306,1.7291241,1.4913617,1.2894198
mb-03649,train,2.3283796,2.1439147,1.763428,1.7377808
mb-08513,train,2.1760912,2.173333,1.80618,1.7943649
mb-04436,train,2.2355285,2.2178147,1.819544,1.7951345
mb-03565,train,2.1238518,2.0913312,1.819544,1.7334802
mb-05157,train,1.6434526,1.6633162,1.4771212,1.5257283
mb-03519,train,1.7558749,1.752269,1.5314789,1.5718368
mb-05265,train,1.4149734,1.3185474,1.1760913,1.1694403
mb-00233,train,1.9084849,1.8486701,1.60206,1.5885417
mb-08182,train,2.1875207,2.2414517,1.8388491,1.9207883
mb-08349,train,1.6989701,1.6295769,1.5440681,1.4930079
mb-09574,train,2.2148438,2.2541897,1.8633229,1.8814033
mb-06939,train,1.845098,1.7673671,1.5185139,1.4962227
mb-00027,train,2.2552724,2.1964788,1.7075702,1.6454995
mb-01121,train,1.90309,1.9270564,1.7075702,1.7776119
mb-10556,train,1.9493899,1.8219296,1.5185139,1.567972
mb-03409,train,1.9956353,1.8137553,1.5563025,1.6052114
mb-04419,train,2.2329962,2.150361,1.7781513,1.7941171
mb-10693,train,1.30103,1.1173816,1.20412,1.0959781
mb-09485,train,2.0374265,2.0205462,1.7242758,1.8269259
mb-07866,train,1.9493899,1.9934183,1.7923917,1.8282087
mb-03301,train,1.9912261,2.077335,1.7558749,1.7319052
mb-08297,train,1.3222193,1.3012882,0.845098,0.90181726
mb-06877,train,1.230449,1.2953542,1.0413927,1.1162088
mb-04442,train,2.0253057,1.879673,1.5910646,1.5648066
mb-03026,train,2.303196,2.259714,1.763428,1.8262178
mb-06414,train,2.3483047,2.3591275,2.0170333,1.9863077
mb-03951,train,2.2944663,2.2837474,1.8692317,1.8956448
mb-04463,train,2.064458,1.971319,1.7323937,1.5970087
mb-04635,train,1.462398,1.5349381,0.90309,0.9881618
mb-05996,train,2.1303337,2.153221,1.6434526,1.6450537
mb-04995,train,2.075547,2.071218,1.5314789,1.5835544
mb-03470,train,2.1003706,2.077105,1.7558749,1.6369994
mb-09805,train,2.0043213,2.0185418,1.4771212,1.4901268
mb-05720,train,1.7160034,1.6562784,1.1139433,1.1523614
mb-01095,train,1.770852,1.8501956,1.50515,1.5825026
mb-03181,train,0.47712123,0.9983711,1.1139433,1.1290994
mb-07751,train,1.9777236,1.996769,1.39794,1.4533163
mb-02281,train,1.748188,1.8216705,1.3617278,1.4949666
mb-02468,train,1.7242758,1.7216737,1.2552725,1.3008513
mb-05783,train,2.2855573,2.226597,1.94939,1.8389356
mb-03450,train,1.5563025,1.4456214,1.5440681,1.4260634
mb-03359,train,1.9777236,1.9347315,1.4913617,1.5087628
mb-01903,train,2.178977,2.1270068,1.819544,1.7828276
mb-00075,train,2.1731863,2.167242,2.0211892,1.9980896
mb-06064,train,2.252853,2.132466,1.845098,1.8108449
mb-08040,train,2.0043213,1.9819682,1.770852,1.7432209
mb-06800,train,1.9590414,1.9699929,1.3617278,1.3761623
mb-06697,train,1.230449,1.1870288,0.90309,0.84242797
mb-00219,train,2.0569048,1.9956465,1.7323937,1.6771271
mb-08951,train,2.3159704,2.2192516,2.1731863,2.112678
mb-01904,train,0.8450981,0.91550815,0.60206,0.65475166
mb-07938,train,2.2174838,2.1752164,2.0211892,1.9152819
mb-02450,train,1.7323937,1.7714415,1.462398,1.4531587
mb-07008,train,1.5440681,1.5770578,1.2552725,1.3412505
mb-09861,train,1.9956352,1.9497554,1.6434526,1.6628126
mb-03184,train,2.045323,1.9986368,1.845098,1.7824565
mb-07209,train,1.4149734,1.5352881,1.146128,1.2763097
mb-10981,train,1.8512583,1.9166032,1.6720978,1.8240751
mb-01420,train,1.7323937,1.6484857,1.447158,1.4502287
mb-00456,train,1.94939,1.8746687,1.7558749,1.7740741
mb-06177,train,1.7853298,1.8055389,1.2787536,1.314604
mb-02753,train,1.5682017,1.5426633,1.5314789,1.415413
mb-09464,train,1.8325089,1.6388547,1.39794,1.3438966
mb-04771,train,2.3180633,2.214105,2.0606978,1.9789076
mb-07590,train,1.6989701,1.6558915,1.4913617,1.4823341
mb-00940,train,1.9493899,1.9567473,1.5314789,1.5449393
mb-06081,train,2.25042,2.170397,1.8976271,1.8098817
mb-05168,train,1.8325089,1.7186632,1.50515,1.3970546
mb-07523,train,2.1139433,2.0802007,1.90309,1.8911344
mb-05239,train,2.3242824,2.1858752,2.10721,1.8543679
mb-10041,train,2.1522884,2.1977196,1.9395193,1.8997014
mb-09065,train,1.7708521,1.7938229,1.3424227,1.441123
mb-08336,train,2.1105897,2.138592,1.7923917,1.8922119
mb-06792,train,0.60206,0.6097554,0.30103,0.39737046
mb-06135,train,1.8633227,1.9311839,1.0791812,1.2162107
mb-08294,train,1.8260748,1.8480266,1.5563025,1.6515222
mb-02646,train,2.1172714,2.1000926,1.6127839,1.603893
mb-03008,train,1.9344984,1.8926746,1.5910646,1.5474327
mb-00856,train,1.146128,1.1641989,1.0413927,1.0018487
mb-01090,train,1.5314789,1.4604841,1.2552725,1.261443
mb-04136,train,2.1038036,1.9545196,1.8750613,1.7126374
mb-06393,train,2.25042,2.206481,1.8976271,1.8957305
mb-04347,train,1.748188,1.7712423,1.230449,1.2339998
mb-04479,train,2.3384564,2.389351,1.9912261,2.1192956
mb-07271,train,2.2718415,2.2147202,1.60206,1.5763102
mb-01545,train,1.230449,1.1302397,0.845098,0.7978179
mb-06382,train,1.80618,1.7541329,1.2787536,1.3066739
mb-09075,train,2.2648177,2.2301526,1.7853298,1.8300867
mb-08256,train,1.3010299,1.3646567,1.0791812,1.1611345
mb-07438,train,1.7558749,1.7060133,1.4913617,1.548204
mb-08583,train,2.0334237,2.0225658,1.6232493,1.7800757
mb-01243,train,2.376577,2.3572032,2.243038,2.129904
mb-05218,train,2.143015,2.1452496,1.763428,1.7266117
mb-09562,train,1.4313638,1.4120917,1.146128,1.1796589
mb-02742,train,1.5185139,1.2448561,1.0791812,0.8815501
mb-10796,train,2.2810333,2.2834795,2.071882,2.056269
mb-04409,train,1.929419,1.7687838,1.20412,1.1261547
mb-10299,train,2.0170333,2.0502992,1.60206,1.677091
mb-00650,train,1.9637878,1.8820657,1.6720978,1.5958413
mb-09589,train,1.3424227,1.4370843,1.0413927,1.1416566
mb-00388,train,2.3502479,2.269892,2.0211892,1.903301
mb-06151,train,2.2479732,2.2181768,1.8325089,1.8097825
mb-06340,train,2.139879,2.1618612,1.7853298,1.6680814
mb-05480,train,2.1583626,2.115975,1.94939,1.9485049
mb-03918,train,1.6720979,1.5677673,1.2552725,1.2213522
mb-00517,train,1.6232493,1.6459541,1.30103,1.3393731
mb-06931,train,1.9242792,1.9026198,1.3617278,1.3801626
mb-03193,train,2.3159702,2.2188606,2.2479732,2.1112392
mb-07410,train,1.6901962,1.7300534,1.4913617,1.539565
mb-10755,train,2.3117537,2.3756938,2.089905,2.1790233
mb-08111,train,2.0086002,1.9533292,1.8976271,1.8059795
mb-04450,train,2.2787535,2.1903813,1.845098,1.7869961
mb-06742,train,2.0606978,1.9600987,1.7781513,1.7180341
mb-04681,train,1.5185139,1.3821268,1.1139433,1.0668006
mb-06482,train,1.462398,1.4102883,1.2787536,1.2842195
mb-07216,train,1.60206,1.5363176,1.3802112,1.3064436
mb-04954,train,1.5440681,1.5698562,1.1760913,1.2987356
mb-01680,train,2.0791812,2.0259352,1.90309,1.868058
mb-07593,train,2.0606978,2.0536888,1.3222193,1.2982215
mb-00422,train,2.0043213,2.0333552,1.7323937,1.7623432
mb-08938,train,1.8573325,1.7681797,1.20412,1.2057195
mb-06208,train,1.80618,1.7854462,1.3424227,1.3865131
mb-07219,train,1.6532125,1.6808864,1.3424227,1.3575497
mb-01262,train,1.0413927,1.0366957,0.90309,0.9064774
mb-06678,train,1.7993406,1.6572462,1.5563025,1.4208335
mb-10943,train,2.2355285,2.148969,2.049218,1.9847703
mb-00211,train,1.7242758,1.6136215,0.845098,0.8372475
mb-04270,train,2.0170333,1.9598503,1.8260748,1.7586049
mb-10373,train,0.8450981,1.0465578,0.60206,0.7348716
mb-04157,train,2.178977,2.18818,1.7923917,1.8429152
mb-10612,train,1.9637878,2.0053492,1.5314789,1.4185628
mb-04770,train,2.30103,2.3201141,1.9542425,1.9914631
mb-05875,train,2.1583624,2.0806887,1.69897,1.6927024
mb-06750,train,1.30103,1.2847219,1.39794,1.3930762
mb-08521,train,1.8325089,1.8637948,1.0413927,1.1301942
mb-06243,train,1.863323,1.8508835,1.230449,1.2776105
mb-09002,train,1.3010299,1.2904541,1.1139433,1.0856096
mb-02499,train,2.3053513,2.253111,1.9190781,1.9040915
mb-08559,train,1.69897,1.6636691,1.3802112,1.3466161
mb-01942,train,1.94939,1.9532773,1.230449,1.1877762
mb-06526,train,2.089905,2.1177993,1.770852,1.8812691
mb-09549,train,1.968483,1.9547846,1.690196,1.6896974
mb-02380,train,2.5250447,2.5040226,2.2855573,2.2243552
mb-08630,train,2.2671719,2.212432,2.0086002,1.968403
mb-01281,train,1.6434528,1.4780798,1.30103,1.2639762
mb-08804,train,1.5563025,1.5910461,1.146128,1.1714132
mb-05284,train,2.220108,2.1494105,1.7923917,1.731207
mb-01569,train,2.1038036,2.0964577,1.6434526,1.7376014
mb-09466,train,1.60206,1.6076084,1.3802112,1.4036155
mb-02991,train,1.908485,1.9328303,1.7781513,1.6908139
mb-03358,train,2.357935,2.3680968,1.908485,1.9792995
mb-05491,train,1.6127839,1.9329307,1.6232493,1.7647678
mb-09308,train,1.8388491,1.8500283,1.50515,1.5189859
mb-09780,train,0.90309,1.2095582,0.90309,1.017489
mb-01579,train,1.2041199,1.2127296,1.0791812,1.0003916
mb-10710,train,1.7781513,1.6461493,1.5682018,1.4639347
mb-10034,train,2.2430382,2.235057,1.8512584,1.9513658
mb-06785,train,1.6127839,1.6929798,1.462398,1.520367
mb-03849,train,2.164353,2.1189373,1.8573325,1.834393
mb-00042,train,1.1760913,1.0805223,0.69897,0.6387752
mb-04750,train,2.3617277,2.3304858,1.9912261,2.0091045
mb-06066,train,2.376577,2.22419,1.8976271,1.8719078
mb-09844,train,2.3443923,2.2595947,2.0043213,1.9294884
mb-05125,train,2.1818435,2.1837347,1.9138138,1.9492898
mb-00049,train,2.1846914,2.1118906,1.7242758,1.7662123
mb-05507,train,1.2787536,1.2616487,1.20412,1.1040114
mb-05474,train,1.9190781,1.8912503,1.6127839,1.6078453
mb-06310,train,2.209515,2.2494264,1.8633229,1.8749313
mb-06296,train,1.90309,1.9432559,1.7403626,1.8157437
mb-08411,train,2.1583626,2.231539,1.9395193,1.9875784
mb-03168,train,1.6334685,1.5165982,1.462398,1.475617
mb-07159,train,1.6334685,1.659255,1.462398,1.4265205
mb-08566,train,1.9190781,1.5701313,1.5185139,1.3711987
mb-00273,train,1.9637878,1.9686315,1.6532125,1.7142687
mb-06193,train,2.303196,2.2235122,1.5910646,1.5472089
mb-01983,train,2.0,1.8395731,1.9294189,1.7752941
mb-08620,train,2.0791812,1.9954584,1.6232493,1.6741967
mb-08526,train,2.033424,1.9383472,1.39794,1.3336443
mb-03962,train,1.9867717,1.8928168,1.6720978,1.5934547
mb-07942,train,1.9444826,1.8401219,1.447158,1.3551254
mb-10487,train,1.9138138,1.9225415,1.5910646,1.6353955
mb-01620,train,1.7853298,1.6009884,1.6434526,1.5037837
mb-00714,train,2.1931245,2.1897342,1.8750613,1.840275
mb-06067,train,2.3010302,2.2748907,1.94939,1.8718035
mb-10167,train,1.9956352,1.8273727,1.50515,1.4626156
mb-08354,train,1.6812413,1.6843107,1.4913617,1.4934213
mb-08076,train,1.90309,1.9487784,1.7075702,1.64295
mb-04298,train,1.9912261,1.9664922,1.6532125,1.7269285
mb-02820,train,1.8388491,1.7216924,1.3802112,1.28939
mb-02003,train,1.9344984,1.9021356,1.3617278,1.4030975
mb-05100,train,2.25042,2.2415028,1.9138138,1.9024681
mb-07865,train,1.9444826,1.9787261,1.5797836,1.5242395
mb-06071,train,1.8976271,1.9203856,1.2787536,1.307013
mb-10916,train,2.6394863,2.3013146,2.7176704,2.263157
mb-09826,train,1.929419,1.9038985,1.4313638,1.3753856
mb-03944,train,1.7403626,1.7274846,1.6720978,1.6180154
mb-05044,train,1.7923917,1.7824265,1.6720978,1.6444111
mb-03231,train,2.5132174,2.4152942,2.243038,2.1440177
mb-00914,train,0.90309,0.97632897,0.60206,0.7155044
mb-01683,train,2.206826,2.1439967,1.9444827,1.907374
mb-01493,train,1.7781512,1.6756847,1.447158,1.3813989
mb-07382,train,1.3617278,1.2588861,0.90309,0.8588558
mb-10132,train,2.0530784,2.036596,1.60206,1.6448922
mb-08962,train,2.0791812,2.103779,1.748188,1.7873845
mb-04885,train,1.90309,1.847299,1.4771212,1.3884047
mb-07092,train,1.5563025,1.4715602,1.3617278,1.2509533
mb-03522,train,1.80618,1.8024546,1.6232493,1.627837
mb-04661,train,1.9294189,1.9295741,1.7853298,1.7759247
mb-00124,train,1.80618,1.7648076,1.5440681,1.4825014
mb-08565,train,1.3222194,1.1155385,1.146128,1.0192789
mb-02250,train,2.2227166,2.1822295,1.6334685,1.658154
mb-10837,train,2.1038036,2.1964526,1.7242758,1.7927368
mb-00739,train,1.6627579,1.6613605,1.0413927,1.1388507
mb-09054,train,1.9242793,1.7674086,1.5440681,1.4283152
mb-00092,train,1.8325089,1.744299,1.60206,1.5842094
mb-01568,train,1.748188,1.760395,1.5682018,1.5720347
mb-00732,train,2.0374265,2.0309088,1.6627579,1.6919742
mb-00994,train,1.6127839,1.5460021,1.20412,1.2468668
mb-03527,train,1.146128,1.0049169,0.845098,0.80403036
mb-01463,train,1.94939,2.0307267,1.6532125,1.7113162
mb-01677,train,1.6627579,1.6530669,1.2787536,1.3523977
mb-10073,train,2.326336,2.2888694,2.0827854,2.0275545
mb-01160,train,2.2922559,2.286909,2.0863597,1.9750313
mb-02488,train,1.6720979,1.693833,1.146128,1.3343346
mb-06433,train,2.209515,2.1722195,1.9138138,1.8878486
mb-09263,train,2.2068257,2.1599145,1.2552725,1.2162688
mb-01673,train,1.6434526,1.6213444,1.3617278,1.4090534
mb-05641,train,2.0934217,2.0593357,1.50515,1.5761193
mb-05502,train,1.9777236,1.8950362,1.6812413,1.597224
mb-07328,train,1.39794,1.6214135,1.4913617,1.5612596
mb-07055,train,1.1760912,1.2235656,1.0,1.0240372
mb-04957,train,1.3802112,1.210423,1.2552725,1.1008397
mb-01839,train,1.9542425,2.0091455,1.4149734,1.476914
mb-09594,train,2.3579347,2.2947564,2.1583624,2.0040817
mb-03809,train,2.1958997,2.1486466,1.9190781,1.8471823
mb-00272,train,1.4913617,1.5839543,1.20412,1.3271941
mb-03905,train,1.80618,1.8437937,1.6232493,1.690033
mb-00032,train,1.8864908,1.9807281,1.5440681,1.6500764
mb-04512,train,1.1139433,1.0531913,0.845098,0.7912624
mb-03153,train,1.361728,1.4297427,1.1760913,1.1719682
mb-05587,train,2.0530784,1.9591285,1.8573325,1.777885
mb-02942,train,2.1271048,2.0917385,1.770852,1.7220814
mb-07349,train,1.8864908,1.7603203,1.5440681,1.4962864
mb-10739,train,2.1038036,2.1578538,1.7558749,1.8290838
mb-02022,train,2.292256,2.2629817,1.8976271,1.8882034
mb-01336,train,0.90309,0.9541703,0.60206,0.59186786
mb-00938,train,1.5682018,1.547386,1.3424227,1.4462351
mb-00353,train,1.8692317,2.026092,1.6532125,1.7176354
mb-03015,train,2.4517865,2.3911073,2.38739,2.3135345
mb-07868,train,1.8864907,1.8542776,1.0413927,1.0777653
mb-04382,train,1.6627578,1.7040796,1.5910646,1.5675392
mb-03038,train,1.9138138,1.8446741,1.80618,1.6965381
mb-02986,train,2.198657,2.193732,1.7993406,1.7292483
mb-02406,train,2.382017,2.4220047,2.0791812,2.1765442
mb-04056,train,1.7323937,1.6590239,1.5314789,1.5440233
mb-10222,train,1.8195438,1.7163678,1.60206,1.5282199
mb-00411,train,1.3802112,1.3429636,1.39794,1.2093024
mb-00387,train,1.8692317,1.7995732,1.6812413,1.5981195
mb-07286,train,1.7403626,1.7393849,1.230449,1.2836134
mb-08214,train,1.6720978,1.6152434,1.4771212,1.4437711
mb-09830,train,2.1702619,2.1195366,1.8260748,1.8100401
mb-09887,train,1.9777236,1.8993292,1.1139433,1.1482393
mb-05893,train,1.8920946,1.8978457,1.50515,1.4414248
mb-08677,train,2.064458,2.0039704,1.7242758,1.7038552
mb-06771,train,2.0043213,2.0240748,1.5797836,1.5587426
mb-10947,train,1.6232493,1.5624826,1.5185139,1.4448605
mb-08813,train,1.5185139,1.5660905,1.4149734,1.4622875
mb-06749,train,1.9867717,2.1139789,1.7403626,1.8912451
mb-04997,train,2.1731863,2.0899322,1.8388491,1.8903649
mb-00046,train,1.8573325,2.0554132,1.6434526,1.7409087
mb-07051,train,1.9777236,1.8809323,1.5910646,1.5136241
mb-08025,train,2.348305,2.3838816,1.9242793,2.0124183
mb-03576,train,2.1139433,2.1648116,1.9344984,1.8573792
mb-00103,train,1.5563025,1.5281427,1.39794,1.3825713
mb-09672,train,2.0043213,1.9514797,1.50515,1.5007273
mb-09306,train,2.2013972,2.1871624,1.8976271,1.8845729
mb-08949,train,1.7075702,1.7010255,1.4313638,1.4772502
mb-09665,train,1.9867718,2.1863644,1.6334685,1.8432189
mb-07538,train,2.1461282,2.2193081,1.7993406,1.8793714
mb-00835,train,2.2355282,2.173606,2.0253057,1.9078557
mb-00485,train,1.4471581,1.4239806,1.2787536,1.265584
mb-02260,train,1.1139433,1.1337132,0.69897,0.83571833
mb-03037,train,1.7323937,1.7310725,1.462398,1.4385133
mb-06452,train,2.3443923,2.3179784,1.9190781,1.9413867
mb-01849,train,2.10721,2.1225123,1.7558749,1.7490141
mb-05785,train,2.0334237,2.0065238,1.7323937,1.7129654
mb-02561,train,1.7558749,1.7219105,1.447158,1.5142301
mb-07185,train,1.748188,1.8376139,1.5910646,1.5823886
mb-09742,train,1.20412,1.3030223,0.9542425,1.0248942
mb-03484,train,1.6334684,1.6937227,1.4771212,1.5352888
mb-09114,train,1.6434526,1.7369559,1.3617278,1.4769304
mb-02030,train,2.3263357,2.2838724,2.0293837,1.944756
mb-05466,train,1.9542426,1.9831957,1.6334685,1.6946084
mb-06543,train,2.3598354,2.3764472,1.9344984,2.0194952
mb-03580,train,1.770852,1.751732,1.5797836,1.5904899
mb-08985,train,2.240549,2.1423364,1.9956352,1.9746735
mb-03884,train,2.2479732,2.254933,1.8573325,1.8659332
mb-07960,train,2.3242824,2.2673573,1.8976271,1.9364542
mb-02992,train,1.0791813,1.0541824,0.60206,0.6263974
mb-03595,train,2.029384,2.0923836,1.30103,1.4748154
mb-10056,train,2.3364596,2.2523603,2.0043213,1.8982058
mb-04250,train,1.968483,1.8098638,1.748188,1.597174
mb-09899,train,1.9190781,1.897136,1.3424227,1.3489436
mb-05234,train,2.3560257,2.3841085,1.9956352,2.038319
mb-03742,train,1.8920946,1.9174156,1.3802112,1.4076935
mb-01590,train,1.8750613,1.8367283,1.5910646,1.63026
mb-04992,train,2.1003706,2.0016713,1.9190781,1.8229468
mb-06211,train,1.8864907,1.8987297,1.7075702,1.6942052
mb-02401,train,2.2833014,2.174069,1.8976271,1.8196031
mb-03467,train,2.1172714,2.1240485,1.7075702,1.6802983
mb-08959,train,1.9542425,1.971178,1.7160033,1.7505747
mb-10951,train,1.6989701,1.6696365,1.1139433,1.1348733
mb-09342,train,2.1172714,1.9855502,1.7075702,1.6645173
mb-05970,train,2.178977,2.162743,1.7923917,1.7944616
mb-04393,train,2.20412,2.1535478,2.0530784,2.063972
mb-08031,train,2.1760912,2.0527177,2.0374265,1.8540576
mb-06389,train,1.9444828,1.9372761,1.4313638,1.4467787
mb-10934,train,1.7242758,1.7755433,1.6232493,1.7155924
mb-05980,train,1.7781513,1.755872,1.3222193,1.3742265
mb-06669,train,1.1139433,1.1113961,0.7781513,0.82328165
mb-04684,train,1.8808136,1.8600689,1.7075702,1.6672573
mb-10770,train,2.7596679,3.168686,1.230449,1.3084137
mb-08402,train,2.2878017,2.2743883,2.1303337,2.103565
mb-04184,train,2.0128374,2.082686,1.5440681,1.7017182
mb-03996,train,1.9242793,1.8726971,1.7075702,1.5915285
mb-07522,train,1.2041199,1.0060207,1.0413927,0.7697235
mb-03105,train,2.1038036,2.105,1.8573325,1.8500047
mb-05361,train,1.518514,1.7671014,1.5563025,1.5947161
mb-05843,train,2.10721,2.0951939,1.6627579,1.6955967
mb-00836,train,1.3222193,1.2849537,0.845098,0.8894897
mb-05561,train,1.8633229,1.7389294,1.7075702,1.588285
mb-00586,train,1.7160034,1.6744758,1.2787536,1.3798738
mb-03745,train,1.6812412,1.4958606,1.3222193,1.2280359
mb-01947,train,1.6901962,1.6024069,1.2787536,1.2845926
mb-10366,train,2.2148438,2.0231538,2.0863597,1.9250286
mb-07818,train,1.146128,1.5921849,1.1760913,1.0021846
mb-03279,train,1.9444827,1.9479928,1.7993406,1.7948567
mb-02516,train,1.9138138,1.9144987,1.39794,1.339697
mb-06253,train,2.060698,1.996555,1.4913617,1.4321156
mb-07063,train,2.4424798,2.2798293,2.178977,2.0222092
mb-03942,train,2.2600715,2.2039485,1.8976271,1.9248446
mb-08364,train,1.20412,1.1299772,0.9542425,0.8752661
mb-10460,train,2.5263393,2.3945398,2.220108,2.1125386
mb-05080,train,2.2900345,2.2398942,1.9777236,1.9884853
mb-03733,train,1.8976271,1.8713417,1.819544,1.8398424
mb-09802,train,2.3201463,2.1502295,2.0606978,1.9153814
mb-05120,train,2.2479734,2.1892862,1.6627579,1.7427369
mb-10718,train,1.6127839,1.6474061,1.39794,1.3698618
mb-00000,train,1.7075701,1.773523,1.447158,1.6153605
mb-00449,train,1.3617278,1.3463979,1.1139433,1.1221226
mb-10285,train,2.146128,2.1562796,1.50515,1.7336909
mb-09903,train,1.6232493,1.6755955,1.3617278,1.4391001
mb-01170,train,1.3617278,1.3402207,0.47712126,0.5988064
mb-03483,train,1.7075702,1.6737548,1.50515,1.5189872
mb-09733,train,1.9344984,2.0115583,1.7160033,1.6626885
mb-10715,train,2.4099333,2.2822573,2.0413928,1.9472487
mb-07113,train,1.2787536,1.2069396,0.47712126,0.4309075
mb-02874,train,2.0334237,2.0797045,1.6720978,1.8811492
mb-07754,train,2.1846914,2.1365175,1.7403626,1.8134836
mb-04375,train,1.6020601,1.6122423,1.4149734,1.4480928
mb-04277,train,2.2380462,2.1970139,1.8129133,1.7890303
mb-01871,train,2.1903317,2.1812873,1.7558749,1.6844149
mb-10956,train,2.1673174,2.247721,1.7160033,1.8817763
mb-09255,train,1.9590414,1.9922903,1.5314789,1.6752337
mb-06529,train,2.1271048,2.0881824,1.7160033,1.7887557
mb-05816,train,1.845098,1.8593224,1.3617278,1.3734614
mb-03287,train,2.5774918,2.5494695,2.3856063,2.2935982
mb-06831,train,1.748188,1.7438207,1.2552725,1.3035617
mb-07127,train,1.8976271,1.8443598,1.5563025,1.5820687
mb-08146,train,1.5440681,1.5363212,1.3802112,1.4139112
mb-00633,train,1.8325089,1.7199903,1.146128,1.0311813
mb-04462,train,1.5563025,1.4956253,1.0,0.9869963
mb-06802,train,2.1003704,1.8840771,1.447158,1.2993877
mb-00641,train,1.0413927,1.1503263,0.845098,0.9758404
mb-09818,train,2.0413928,1.9959254,1.748188,1.5858365
mb-06718,train,2.0569048,2.0917578,1.5440681,1.558505
mb-08418,train,2.0253057,1.9994361,1.50515,1.540361
mb-08953,train,2.298853,2.2683158,1.9822712,1.9825853
mb-08776,train,2.2227166,2.2618225,1.819544,1.9354538
mb-07395,train,1.5314789,1.3936791,1.0791812,1.1121873
mb-03445,train,0.69897,0.7313802,0.30103,0.4203552
mb-04160,train,2.25042,2.2232106,1.8864907,1.835346
mb-02770,train,1.50515,1.4074938,1.1139433,1.104676
mb-04057,train,2.1430147,2.1140022,2.0334237,1.9768656
mb-07584,train,1.7160034,1.6732016,1.4149734,1.3613541
mb-05162,train,1.8325089,1.6700253,1.4149734,1.3639721
mb-00314,train,1.4149734,1.2392397,1.0,0.88867134
mb-09527,train,2.049218,1.8821392,1.8633229,1.6994843
mb-02053,train,2.0863597,2.0709276,1.8129133,1.8243145
mb-08788,train,1.845098,1.83006,1.6532125,1.5715278
mb-03460,train,2.0606978,2.0245585,1.69897,1.653618
mb-05271,train,1.6812412,1.6704942,1.5314789,1.428482
mb-10922,train,1.9395193,1.9197321,1.4149734,1.5269954
mb-01546,train,1.146128,0.905522,0.7781513,0.6255539
mb-04503,train,2.0,1.939343,1.7075702,1.6981808
mb-09717,train,2.4297523,2.3828306,2.1367207,2.1021945
mb-09227,train,2.2900345,2.1586142,1.6434526,1.8743215
mb-05931,train,2.149219,2.301717,1.8260748,1.9302142
mb-04182,train,2.198657,2.1385584,2.164353,2.026491
mb-08605,train,1.6627579,1.8701136,1.5563025,1.6704063
mb-03841,train,2.133539,2.1516223,1.690196,1.7049038
mb-02225,train,1.7781513,1.7941697,1.30103,1.3315401
mb-09735,train,1.5314789,1.563885,1.0,1.1497542
mb-10051,train,1.7403626,1.7730085,0.845098,0.9269773
mb-01832,train,2.3996737,2.3670738,2.10721,1.9648085
mb-06503,train,2.1003706,2.054671,1.6334685,1.612253
mb-00971,train,1.90309,1.9930009,1.6627579,1.7426882
mb-05285,train,1.30103,1.3430051,1.1760913,1.0427532
mb-05758,train,1.7923918,1.7161177,1.30103,1.3301928
mb-01410,train,1.8976271,1.8465048,1.6127839,1.6149895
mb-05028,train,2.326336,2.279092,1.8976271,1.8211303
mb-07507,train,2.161368,2.1276555,1.770852,1.8035251
mb-00088,train,1.462398,1.364654,1.20412,1.1162422
mb-02303,train,1.748188,1.6205926,1.690196,1.609374
mb-06861,train,1.6627579,1.6631203,1.20412,1.2879041
mb-02546,train,2.456366,2.496029,2.1875207,2.275264
mb-07492,train,2.0170333,2.0656765,1.8573325,1.9637067
mb-07800,train,2.2355285,2.1735523,2.0374265,1.9994063
mb-09740,train,1.7323937,1.5724447,1.3424227,1.215497
mb-04775,train,1.9731278,2.0044112,1.7853298,1.7699939
mb-07258,train,2.0043213,1.8981719,1.5314789,1.4848348
mb-06057,train,2.0453231,2.014741,1.6127839,1.5690705
mb-00376,train,2.2227163,2.1629095,1.8573325,1.8316567
mb-05135,train,1.763428,1.7174515,1.3222193,1.3769735
mb-08026,train,1.7160034,1.8181193,0.69897,0.81896466
mb-04513,train,1.8692317,1.891459,1.6232493,1.6524043
mb-01194,train,1.50515,1.4740597,1.3222193,1.3590865
mb-06198,train,1.5563025,1.5298522,1.462398,1.5261399
mb-04754,train,1.3979399,1.2490944,1.0791812,0.98661023
mb-08281,train,2.10721,2.0026069,1.6532125,1.589223
mb-08499,train,1.7708521,1.8589106,1.6627579,1.8215538
mb-10340,train,1.5185139,1.6650188,1.230449,1.3723551
mb-10616,train,1.7558749,1.718348,1.39794,1.4308801
mb-06380,train,2.1398792,2.0499334,1.7075702,1.5856102
mb-03188,train,1.9190781,1.8400439,1.819544,1.6969599
mb-05987,train,1.748188,1.568683,1.462398,1.371563
mb-05225,train,1.4913617,1.5447037,1.3802112,1.4661132
mb-10140,train,1.724276,1.5602238,1.5563025,1.4186487
mb-01099,train,2.0170333,2.0027988,1.6627579,1.7393405
mb-01791,train,1.4913616,1.4066644,1.0791812,1.0805871
mb-10525,train,2.2148438,2.2406754,1.8864907,1.8220448
mb-07976,train,1.863323,1.8502046,1.4313638,1.5191966
mb-10694,train,2.1673174,2.1653957,1.6434526,1.8065656
mb-10535,train,2.4487064,2.2890635,2.1903317,2.0650864
mb-09051,train,1.4623979,1.3417873,1.0791812,1.0077889
mb-06859,train,1.2041199,1.1601886,1.0791812,1.0467385
mb-10081,train,2.1613681,2.2705462,2.1003706,2.2009706
mb-01223,train,1.8692317,1.9058998,1.690196,1.7241874
mb-09512,train,1.8692317,1.8159335,1.4149734,1.4163238
mb-08799,train,2.0569048,2.1136065,1.69897,1.7390344
mb-03047,train,2.2121875,2.2002692,1.8920946,1.8903663
mb-04762,train,2.220108,2.1774526,2.139879,2.0647497
mb-09836,train,2.0170333,1.8881174,1.690196,1.6835314
mb-01421,train,1.9542425,1.884699,1.7242758,1.6377752
mb-09102,train,2.1172714,2.1194046,1.7781513,1.7180843
mb-09952,train,2.217484,2.1610155,1.7781513,1.731545
mb-07912,train,1.9242792,1.7946353,1.60206,1.5190414
mb-10647,train,0.845098,0.91623276,0.69897,0.766139
mb-09955,train,2.2648177,2.2167752,1.9444827,1.9944525
mb-04251,train,1.9493899,1.8796031,1.60206,1.6990278
mb-07317,train,1.6627579,1.6255444,1.230449,1.2332675
mb-06613,train,1.770852,1.6845622,1.3802112,1.3350757
mb-09278,train,1.2787536,1.2767677,1.20412,1.086818
mb-02850,train,2.3283796,2.140179,2.2718415,2.13323
mb-06350,train,1.6989701,1.6481054,1.1760913,1.170869
mb-00082,train,1.5314789,1.646868,1.3222193,1.3729125
mb-03781,train,1.7853298,1.7583015,1.5314789,1.5149045
mb-03992,train,1.6720979,1.4555366,1.39794,1.2708386
mb-09057,train,2.149219,2.1504908,1.5314789,1.5658404
mb-07692,train,1.770852,1.7239001,1.50515,1.5092058
mb-08094,train,1.8512583,1.8117135,1.4771212,1.4886101
mb-05344,train,2.1238518,2.1065288,1.3617278,1.5118847
mb-10128,train,2.0569048,1.997768,1.447158,1.4074142
mb-07231,train,2.120574,2.0516584,1.7558749,1.6518068
mb-09640,train,2.421604,2.2701182,1.9190781,1.9317191
mb-06324,train,1.6627579,1.6065556,1.3617278,1.3276591
mb-05183,train,1.8864908,1.833154,1.4913617,1.4458838
mb-06180,train,1.7708521,1.7505072,1.5563025,1.5587426
mb-03403,train,1.7708521,1.8280836,1.5440681,1.4865673
mb-05597,train,2.2041202,2.242137,1.6334685,1.6848521
mb-03919,train,2.283301,2.2722206,1.9867717,1.9411789
mb-04634,train,1.3222193,1.0664427,1.0413927,0.8297832
mb-01514,train,1.7708521,1.7805283,1.462398,1.5034984
mb-02825,train,2.1522882,2.186102,1.8129133,1.9041524
mb-06735,train,2.3159704,2.3662257,2.0086002,2.1524453
mb-08866,train,1.8864907,2.0821936,1.9867717,1.889541
mb-01188,train,2.209515,2.180737,1.908485,1.9063804
mb-08739,train,1.5682018,1.567023,1.30103,1.3181171
mb-08376,train,1.5910647,1.6995404,1.4313638,1.4748306
mb-05012,train,2.1731863,2.2117453,1.6232493,1.7595079
mb-04147,train,1.748188,1.7028604,1.4771212,1.4508392
mb-09059,train,1.447158,1.4865363,1.1139433,1.2173183
mb-10114,train,1.9242792,1.8347496,1.690196,1.5845275
mb-09145,train,1.991226,1.9952472,1.6720978,1.7981795
mb-05364,train,0.90309,1.0554175,1.146128,1.1976364
mb-04176,train,2.0791812,2.1220448,1.8750613,1.9582758
mb-07296,train,1.6232493,1.4901607,1.230449,1.1504909
mb-01084,train,2.376577,2.415752,2.0681858,2.133246
mb-06214,train,1.7558749,1.7338945,1.447158,1.418006
mb-01943,train,2.209515,2.2395093,1.8750613,1.8515348
mb-02697,train,0.69897,0.61910313,0.30103,0.29231644
mb-08290,train,1.748188,1.745727,1.3617278,1.3541362
mb-10017,train,2.045323,2.0405777,1.4771212,1.5710279
mb-00553,train,1.4471581,1.5500892,1.4313638,1.3977858
mb-01465,train,2.120574,2.100788,1.7242758,1.7364732
mb-05106,train,2.071882,2.0192993,1.748188,1.7000225
mb-10680,train,2.2764618,2.2143989,1.763428,1.7415813
mb-09141,train,2.294466,2.2435555,2.045323,1.9652379
mb-07672,train,1.6901962,1.6637263,1.30103,1.3620747
mb-04608,train,2.206826,2.2015343,1.8260748,1.8060269
mb-03182,train,1.7242758,1.5864339,1.0,0.9828756
mb-00083,train,2.2855573,2.210345,1.8129133,1.767085
mb-08543,train,1.50515,1.4031583,1.3222193,1.2575691
mb-02459,train,2.0,1.96636,1.7403626,1.6067731
mb-01443,train,1.908485,1.9499995,1.6627579,1.7203141
mb-03764,train,2.243038,2.2121823,2.0128372,1.991718
mb-00065,train,2.283301,2.2088914,1.845098,1.78304
mb-03986,train,1.8864907,1.8879578,1.5314789,1.5155461
mb-06013,train,2.1303337,2.0853887,1.7403626,1.8127631
mb-09232,train,1.146128,1.2006764,0.69897,0.7282497
mb-06774,train,2.3856063,2.1738853,2.1003706,1.9962018
mb-08934,train,1.60206,1.5874279,1.3802112,1.3603473
mb-01671,train,1.2787536,1.1038481,1.0,0.9377781
mb-07598,train,1.0,0.9817648,0.47712126,0.55415314
mb-04485,train,1.9867717,1.8855774,1.9138138,1.7902753
mb-05920,train,1.770852,1.749376,1.447158,1.4855615
mb-06598,train,1.7242758,1.6612953,1.39794,1.3776026
mb-05211,train,1.5185139,1.4414593,1.230449,1.2236278
mb-00794,train,0.7781513,0.65994954,0.47712126,0.4186896
mb-03172,train,1.6127839,1.54603,1.2552725,1.258882
mb-03692,train,1.5185139,1.6059393,1.30103,1.3842355
mb-03927,train,2.0,2.1146882,1.7923917,1.8100752
mb-04096,train,1.9731278,1.9374373,1.5440681,1.5351511
mb-07787,train,2.0413928,1.9742382,1.7993406,1.742184
mb-03364,train,2.372912,2.2244945,2.2552724,2.0729578
mb-02656,train,2.3692157,2.287984,2.0791812,2.0971909
mb-01163,train,0.0,0.007189721,0.0,0.044589162
mb-06702,train,1.7558749,1.6908742,1.0791812,1.0872891
mb-05660,train,2.049218,2.111573,1.819544,1.9394283
mb-05549,train,1.8260747,1.7693654,1.5910646,1.5398941
mb-01454,train,1.9493899,1.9446778,1.4771212,1.5848197
mb-00371,train,2.3364596,2.2789786,2.089905,2.0841353
mb-00887,train,2.369216,2.252304,1.7853298,1.8238585
mb-09031,train,2.0211892,1.9727875,1.6812413,1.6187769
mb-09606,train,2.2121875,2.191163,1.8129133,1.8018756
mb-10036,train,2.3443923,2.3122258,2.1673174,2.2210846
mb-00647,train,1.80618,1.9195603,1.0791812,1.1575409
mb-06378,train,2.033424,1.9847174,1.6532125,1.6278151
mb-04469,train,0.9542425,1.0200424,0.69897,0.79675764
mb-02040,train,1.9867718,2.0059547,1.2552725,1.381523
mb-04403,train,2.0569048,1.9551682,1.690196,1.6691931
mb-00283,train,1.60206,1.625426,1.3222193,1.451884
mb-04296,train,1.8633229,1.8605447,1.69897,1.7431784
mb-01401,train,2.1702616,2.1663845,1.8692317,1.9088105
mb-05871,train,2.423246,2.4355829,2.0606978,2.0987377
mb-06516,train,2.3344538,2.3710332,1.9637878,2.0016975
mb-10938,train,1.4913617,1.4572902,1.0413927,1.1577837
mb-03248,train,2.5550945,2.3989272,2.2278867,2.1075978
mb-07224,train,2.2922559,2.217684,1.7403626,1.8688242
mb-05805,train,2.161368,2.111774,1.90309,1.8221962
mb-09122,train,1.0413927,1.3587147,1.3617278,1.1912168
mb-06680,train,1.8512584,1.8024412,1.6627579,1.5989968
mb-00045,train,2.1875207,2.1841385,1.7781513,1.8283873
mb-04871,train,2.3304138,2.16411,2.269513,2.1290302
mb-02791,train,2.1271048,2.1274455,1.6532125,1.6843225
mb-02641,train,1.6901962,1.5001417,1.4313638,1.2235416
mb-02764,train,1.5910647,1.6176872,1.2787536,1.3064903
mb-01966,train,2.0569048,2.0364578,1.690196,1.6475645
mb-04094,train,1.9542425,1.9073174,1.6720978,1.6414144
mb-07415,train,1.6334684,1.5603008,1.3617278,1.3972708
mb-04455,train,1.7403628,1.7976716,1.5440681,1.6111425
mb-09825,train,2.2741578,2.306196,1.9867717,1.9575796
mb-10824,train,1.8325089,1.8724215,1.0,1.032712
mb-05568,train,1.7853298,1.7739147,1.3617278,1.4353074
mb-01957,train,2.3384564,2.2408774,1.8692317,1.8036063
mb-09711,train,2.2648177,2.2258403,1.7558749,1.8985066
mb-00308,train,1.7993406,1.6399629,1.6532125,1.6224065
mb-01501,train,1.897627,1.6927528,1.7160033,1.5320253
mb-09387,train,2.1238515,2.1418345,1.9294189,1.9254466
mb-06965,train,2.326336,2.2301745,1.50515,1.438155
mb-03264,train,1.6127839,1.7154211,1.39794,1.4427456
mb-09869,train,2.1522884,2.0469573,1.9344984,1.8510226
mb-09796,train,1.6020601,1.5664883,1.1760913,1.1366851
mb-00797,train,2.230449,2.0835037,1.7993406,1.7220613
mb-07152,train,1.6989701,1.659144,1.3424227,1.2963161
mb-08382,train,1.8920946,1.8173611,1.4771212,1.4973326
mb-01096,train,2.1731863,2.1536138,1.8864907,1.9504151
mb-06156,train,2.0413928,2.0454485,1.6812413,1.6589679
mb-03552,train,2.0086002,2.0222218,1.770852,1.7458893
mb-09557,train,1.968483,1.9939237,1.39794,1.5370317
mb-05630,train,1.5314789,1.5728168,1.3222193,1.3305815
mb-08277,train,2.1303337,2.1413465,1.5910646,1.6281497
mb-02320,train,2.0569048,1.9869463,1.9344984,1.8353256
mb-02248,train,1.80618,1.8756877,1.5314789,1.6270727
mb-03623,train,1.9777236,1.9094756,1.7160033,1.684058
mb-08119,train,1.6434528,1.4774834,1.30103,1.1409088
mb-01362,train,1.462398,1.4274284,1.2552725,1.2061682
mb-07666,train,2.2121878,2.2422497,1.5682018,1.6101003
mb-06513,train,2.2966652,2.366433,2.0374265,2.0155745
mb-09223,train,1.5440681,1.5457942,1.6627579,1.4996989
mb-06435,train,1.8129133,1.7889019,1.3222193,1.3467811
mb-00113,train,1.4313638,1.333038,0.47712126,0.48781478
mb-06940,train,1.9344984,1.9078217,1.6232493,1.7151462
mb-02473,train,0.4771213,1.2892892,1.146128,1.0721357
mb-06572,train,2.2787538,2.2517843,1.8976271,1.8869405
mb-08437,train,2.0606978,1.9444132,1.8388491,1.7884965
mb-10303,train,1.7323939,1.7153547,1.5440681,1.5298375
mb-08908,train,2.10721,2.0473588,1.8692317,1.8267332
mb-06462,train,1.8692317,1.7879711,1.7160033,1.6520207
mb-03593,train,1.9395192,1.9762943,1.7403626,1.7920924
mb-06000,train,2.2253094,2.2574477,1.8512584,1.8869766
mb-10467,train,2.2174838,2.2299705,2.0211892,2.1378262
mb-03958,train,2.143015,2.157353,1.8920946,1.9464419
mb-00729,train,2.0043213,2.2307587,1.845098,1.9005091
mb-04016,train,2.1931245,2.2131119,1.7558749,1.7834983
mb-04721,train,1.8129134,1.8962488,1.4913617,1.6004597
mb-06954,train,1.462398,1.4154353,1.1760913,1.0849085
mb-07172,train,1.7558749,1.6674807,1.30103,1.2840273
mb-10762,train,2.4899585,2.5032625,2.269513,2.282586
mb-06967,train,2.025306,2.018967,1.7993406,1.7939669
mb-01128,train,1.4313638,1.3563643,0.90309,0.9409216
mb-10588,train,1.8920946,1.8726803,1.6627579,1.6905124
mb-04509,train,1.1760913,1.1794031,0.60206,0.5958179
mb-00119,train,1.90309,1.9048501,1.69897,1.6217457
mb-06126,train,2.2900348,2.253687,1.94939,1.8697985
mb-05517,train,1.9344985,1.8274556,1.462398,1.4357198
mb-01530,train,2.2013972,2.196343,2.0530784,2.0774264
mb-08121,train,1.3617278,1.3105192,1.0,1.0503275
mb-08575,train,1.8512583,1.8594921,1.4771212,1.583637
mb-04932,train,2.149219,2.051254,2.0,1.8739384
mb-06634,train,2.243038,2.1955829,2.146128,2.0821052
mb-08237,train,2.2922559,2.1420147,2.064458,1.9778701
mb-01235,train,1.6720979,1.5936664,1.39794,1.4056438
mb-04792,train,1.94939,1.9873885,1.5682018,1.557079
mb-07319,train,2.463893,2.3737805,2.149219,2.160608
mb-05667,train,2.033424,2.0501456,1.4313638,1.5096567
mb-05563,train,2.220108,2.1653364,1.763428,1.7861601
mb-04881,train,1.2041199,1.1619755,1.0413927,1.019588
mb-04763,train,2.292256,2.2774796,1.770852,1.8405526
mb-04344,train,1.6989701,1.6433442,1.5682018,1.448189
mb-06145,train,2.2479734,2.2431307,1.8512584,1.8923002
mb-05224,train,1.7323937,1.684184,1.3802112,1.4451177
mb-04956,train,2.0128374,1.9781673,1.30103,1.2885838
mb-03161,train,2.0170333,1.7812895,1.819544,1.6127082
mb-09627,train,1.2552725,1.2957317,0.90309,1.0014524
mb-09036,train,2.2944663,2.4161897,1.8808136,2.0821943
mb-02644,train,2.178977,2.1196265,1.9912261,1.9641917
mb-03080,train,2.232996,1.9844713,2.045323,1.8180541
mb-03853,train,1.1760912,1.155387,1.0791812,1.1621704
mb-02036,train,1.8260748,1.8405381,1.3617278,1.4516764
mb-01658,train,2.1038036,2.0547395,1.8750613,1.7562138
mb-10020,train,2.4132998,2.3741617,2.1760912,2.1082706
mb-01448,train,1.4313638,1.47205,1.20412,1.3403703
mb-03113,train,2.2878017,2.2456024,1.9956352,1.9648614
mb-09714,train,2.2810333,2.0432634,1.8864907,1.8189603
mb-05446,train,2.3344536,2.2858367,2.1038036,1.9620246
mb-04190,train,1.863323,1.8672208,1.5440681,1.5206733
mb-03252,train,1.8808136,1.9516554,1.3802112,1.1992013
mb-10280,train,1.5797837,1.5530238,1.1760913,1.2169511
mb-09593,train,1.1760913,1.0531816,0.90309,0.9036193
mb-10928,train,2.0899053,2.056261,1.39794,1.5003629
mb-06961,train,2.2648177,2.3104866,1.9344984,1.9492451
mb-10563,train,1.80618,1.8783321,1.3802112,1.4758756
mb-09590,train,2.1583626,2.0921974,1.94939,1.8634328
mb-09798,train,2.25042,2.2719185,1.94939,1.939442
mb-05547,train,1.5314789,1.4442466,1.3617278,1.3382767
mb-10919,train,1.6627578,1.6603453,1.3222193,1.4969704
mb-08168,train,1.9542425,2.0128012,1.7075702,1.7112236
mb-09434,train,1.462398,1.4028157,1.0,0.9745078
mb-05426,train,1.8692317,1.8071547,1.447158,1.3962604
mb-04051,train,2.3598354,2.3414633,2.064458,2.0606084
mb-09381,train,1.5797837,1.5860308,1.146128,1.2960961
mb-01718,train,1.770852,1.7016869,1.3222193,1.3017582
mb-02600,train,0.7781513,0.78488946,0.60206,0.57101226
mb-02925,train,2.075547,2.051501,1.8325089,1.8136898
mb-01920,train,1.5440681,1.574224,1.146128,1.2146865
mb-04702,train,2.0530784,2.0134912,1.8388491,1.7982721
mb-10439,train,2.1702619,1.9491603,1.7781513,1.6798928
mb-02907,train,2.1105897,2.1110678,1.4913617,1.4641225
mb-00589,train,1.8388492,1.9247239,1.4313638,1.6447897
mb-06463,train,1.7993406,1.7726015,1.39794,1.3399462
mb-03520,train,2.307496,2.2987118,2.1105897,2.1469853
mb-05799,train,1.9444827,1.9514488,1.60206,1.6292906
mb-03643,train,2.0644581,2.0944738,1.6334685,1.7005492
mb-07431,train,2.0863597,2.0780168,1.3617278,1.3616873
mb-09438,train,1.7923918,1.8224066,1.146128,1.2086382
mb-07732,train,1.6020601,1.3366252,1.230449,1.0716398
mb-02943,train,1.7075701,1.7560471,1.1139433,1.2268718
mb-10165,train,1.8573325,1.8258748,1.4913617,1.5400449
mb-04068,train,1.4913617,1.4525708,1.2787536,1.3015865
mb-00947,train,2.120574,2.1456099,1.80618,1.8623474
mb-09675,train,1.462398,1.3852249,1.146128,1.1953906
mb-08144,train,1.6812413,1.7905533,1.50515,1.6568646
mb-02420,train,1.3802112,1.5216174,1.4913617,1.4224977
mb-08791,train,1.5910646,1.6979336,1.3222193,1.4441081
mb-04814,train,1.2552725,1.2863986,1.1760913,1.187883
mb-09147,train,2.161368,2.1914988,1.7923917,1.8036882
mb-10781,train,2.1139433,2.2278862,1.9344984,1.9932986
mb-10318,train,1.9590414,1.934478,1.230449,1.2755013
mb-10572,train,1.5314789,1.5063461,1.146128,1.1986537
mb-04456,train,0.845098,0.84180254,0.30103,0.3517995
mb-05327,train,2.2600713,2.237477,1.8920946,1.9568341
mb-00547,train,1.2787536,1.1523453,0.90309,0.85044575
mb-01423,train,1.9637879,1.9159727,1.5682018,1.5545604
mb-04065,train,2.0934217,2.027726,1.8633229,1.781727
mb-07620,train,2.2455127,2.242842,1.8976271,1.9656622
mb-06210,train,2.1583624,2.1636653,1.7853298,1.7735598
mb-04238,train,2.0413926,1.9707582,1.8864907,1.857736
mb-08748,train,2.274158,2.219027,1.8260748,1.859987
mb-10186,train,1.9395193,2.0086825,1.6627579,1.7154471
mb-02395,train,1.6720978,1.67035,1.447158,1.4231032
mb-01483,train,1.763428,1.6851835,1.3424227,1.302748
mb-04884,train,1.863323,1.8416932,1.30103,1.3233736
mb-02369,train,0.8450981,1.4247669,1.4149734,1.3251781
mb-02109,train,1.9444827,1.9422433,1.60206,1.6865734
mb-05462,train,2.0791812,2.0622857,1.819544,1.8954114
mb-08257,train,1.5910647,1.6370822,1.5682018,1.5610715
mb-04281,train,1.8808136,1.9241583,1.6334685,1.6393957
mb-07762,train,2.0569048,2.0486887,1.748188,1.671623
mb-05484,train,1.4913617,1.658722,1.2552725,1.4742551
mb-10212,train,2.0170333,2.082463,1.5797836,1.7040672
mb-05011,train,2.1271048,2.0636437,1.9542425,1.8464112
mb-01261,train,2.2479732,2.2782984,2.0827854,2.0582058
mb-06805,train,2.3802114,2.1727402,2.09691,1.9997549
mb-02571,train,2.1105897,2.1521294,1.845098,1.8081754
mb-03578,train,2.2900348,2.2083783,1.7075702,1.7450562
mb-01487,train,1.913814,1.950407,1.6127839,1.5374601
mb-07928,train,2.0413926,2.0906034,1.69897,1.8223803
mb-01415,train,1.3222194,1.2249799,1.1760913,1.1052756
mb-04309,train,2.0530784,1.9728853,1.763428,1.5849814
mb-06524,train,2.2253094,2.1841745,1.8920946,1.8481177
mb-03666,train,1.2552725,1.1584125,0.90309,0.8354361
mb-00655,train,2.143015,2.0916402,1.6532125,1.6030006
mb-08377,train,0.60206,0.5739533,0.0,0.00335598
mb-06840,train,2.033424,2.1005816,1.20412,1.2745504
mb-04316,train,2.2355285,2.2357988,1.8512584,1.8437512
mb-00599,train,1.968483,1.9750988,1.4913617,1.4644392
mb-08676,train,1.9084849,1.8918524,1.447158,1.6044027
mb-09224,train,2.292256,2.2889242,1.7853298,1.9125218
mb-05614,train,1.7323937,1.6348672,1.20412,1.1814256
mb-09985,train,2.1271048,2.1487358,1.8512584,1.8821282
mb-09819,train,2.2966652,2.3164692,1.9294189,2.05265
mb-03338,train,1.5797836,1.4660437,1.3617278,1.2251849
mb-04030,train,2.071882,1.9852747,1.8573325,1.7482911
mb-05862,train,2.3710678,2.3924193,2.089905,2.0376887
mb-02423,train,2.0253057,1.9839718,1.7403626,1.742636
mb-03480,train,1.9444827,1.9606133,1.4771212,1.5534462
mb-09354,train,2.2576785,2.273594,1.94939,1.8229616
mb-08240,train,1.7403628,1.6923969,1.2787536,1.2228377
mb-04793,train,1.7993406,1.8634093,1.4913617,1.6088266
mb-03478,train,2.1673174,2.343127,2.0606978,2.04506
mb-00324,train,2.0043213,2.0568419,1.6232493,1.6993057
mb-04967,train,1.6020601,1.8156223,1.4149734,1.5559701
mb-04169,train,1.9344985,1.9214622,1.5563025,1.5859859
mb-01941,train,1.6989701,1.6520461,1.462398,1.4052893
mb-03946,train,1.462398,1.3901076,1.3617278,1.339892
mb-10272,train,2.0,2.1579604,1.6434526,1.7368442
mb-05173,train,1.6720978,1.6361036,1.50515,1.4724945
mb-00704,train,2.0253057,2.0381975,1.8325089,1.8062778
mb-01498,train,2.146128,2.160208,2.1818435,2.0679505
mb-10024,train,0.0,-0.090836674,0.0,-0.006377578
mb-09194,train,2.262451,2.2140923,2.1038036,2.1175728
mb-08831,train,1.3802112,1.3156613,1.1139433,1.0917414
mb-08685,train,2.1038036,2.0674217,1.9344984,1.9268337
mb-09192,train,2.1105897,2.1320343,1.6232493,1.7706338
mb-04506,train,2.0827854,2.0402207,1.6720978,1.672314
mb-10063,train,2.1875207,2.2665327,1.7558749,1.9208088
mb-05072,train,1.8808136,1.8368821,1.2787536,1.2676297
mb-01199,train,1.8920946,1.8674488,1.462398,1.4688048
mb-09386,train,1.5797837,1.7124642,1.3424227,1.4831165
mb-07658,train,1.6812412,1.7088987,1.447158,1.5052835
mb-04174,train,2.089905,2.0958066,1.5910646,1.6827568
mb-09473,train,1.9777236,1.9766228,1.4313638,1.4070526
mb-02163,train,1.8129134,1.9560571,1.5563025,1.6796389
mb-10982,train,1.7781513,1.703941,1.4149734,1.3926994
mb-09457,train,1.8976271,1.8761758,1.50515,1.4777395
mb-07653,train,1.929419,1.8230838,1.6334685,1.6023592
mb-03355,train,2.3996737,2.1899376,1.690196,1.5928502
mb-07375,train,1.845098,1.8042232,1.60206,1.6057545
mb-02760,train,1.908485,1.8642381,1.462398,1.4389908
mb-05478,train,0.8450981,0.721966,0.60206,0.4800166
mb-01511,train,1.9956353,2.0133016,1.6812413,1.7483307
mb-06926,train,2.3117537,2.2177334,1.763428,1.748506
mb-10683,train,2.133539,2.1754365,1.3424227,1.4650602
mb-00477,train,2.252853,2.1891248,1.770852,1.7092624
mb-06375,train,1.9590414,1.8917261,1.5185139,1.5045946
mb-00205,train,2.2528532,2.2225008,1.6812413,1.6937461
mb-01523,train,2.0569048,1.9841694,1.8976271,1.7251214
mb-04291,train,1.8808136,1.814391,1.7323937,1.6577635
mb-09737,train,1.4471581,1.4701742,1.146128,1.2504913
mb-05942,train,2.0086002,1.9636983,1.0413927,1.0019593
mb-09066,train,2.2121875,2.2010674,1.8692317,1.9053289
mb-03256,train,2.075547,2.0542717,1.7558749,1.7212248
mb-10327,train,1.9395193,2.0263667,1.7323937,1.8277985
mb-09465,train,1.2304488,1.2318451,1.0791812,1.0774955
mb-08589,train,1.6720979,1.3605808,1.1139433,0.92184985
mb-06489,train,2.029384,1.9796658,1.6127839,1.5676007
mb-10400,train,2.2121878,2.1796553,1.6127839,1.8275807
mb-06603,train,2.0043213,2.0264752,1.8976271,1.8582854
mb-00247,train,1.6812413,1.7074926,1.4913617,1.5271684
mb-02854,train,2.1105897,2.080176,1.7781513,1.6908923
mb-09253,train,2.0374265,1.9906437,1.7403626,1.6865875
mb-10238,train,1.3424226,1.4156911,1.0791812,1.0677415
mb-04855,train,1.60206,1.702941,1.0791812,1.1092979
mb-03318,train,2.252853,2.3251374,2.071882,2.1305923
mb-07262,train,1.80618,1.8049322,1.39794,1.4612354
mb-00555,train,2.1105897,1.7002735,1.60206,1.3941997
mb-10104,train,1.6989701,1.6852064,1.2552725,1.2707927
mb-07655,train,1.146128,1.0060084,0.845098,0.7679515
mb-04571,train,2.3242824,2.2830126,1.9444827,1.7912827
mb-00373,train,1.50515,1.4938563,1.447158,1.4008951
mb-07592,train,2.029384,2.019957,1.9190781,1.916326
mb-06791,train,1.3979399,1.3243561,1.0791812,1.1208622
mb-04313,train,2.2227163,2.1290781,1.9867717,1.8536032
mb-00312,train,1.7160034,1.6669974,1.39794,1.391096
mb-08062,train,2.1172712,2.0029426,1.9590414,1.8058057
mb-09943,train,1.9444828,1.7466729,1.4313638,1.3768128
mb-00563,train,1.8512584,1.8152571,1.462398,1.5587199
mb-09966,train,1.6434526,1.6156662,1.230449,1.2556145
mb-05764,train,2.4297523,2.3498151,2.0043213,1.9564521
mb-09809,train,2.269513,2.2089956,1.9777236,1.9082384
mb-08911,train,1.6127839,1.5981882,1.39794,1.3848786
mb-06839,train,1.5314789,1.5218402,1.3222193,1.3121554
mb-06662,train,2.0374265,2.0645247,1.4913617,1.5392357
mb-00495,train,1.7781513,1.7798799,1.4771212,1.4377191
mb-08886,train,1.5051501,1.5738622,1.230449,1.2930127
mb-10009,train,0.30103,0.15270641,0.30103,0.2542088
mb-07949,train,1.69897,1.6631794,1.3802112,1.3507153
mb-02465,train,2.2455127,2.1141682,1.7781513,1.7928617
mb-04052,train,1.9912261,1.8756859,1.80618,1.6209664
mb-09724,train,2.2878017,2.2778993,1.9590414,1.9336154
mb-03319,train,2.1172712,2.1455727,1.6434526,1.7236618
mb-08129,train,2.2944663,2.1720648,1.9344984,1.828702
mb-01626,train,2.3283796,2.2663033,2.09691,2.0706594
mb-09631,train,1.8388491,1.9073122,1.3424227,1.4723186
mb-07391,train,2.20412,2.132325,1.69897,1.7369412
mb-10862,train,2.10721,1.991834,1.8864907,1.8591131
mb-08668,train,2.1673174,2.1817527,1.7923917,1.8089516
mb-03624,train,1.6532125,1.666894,1.146128,1.256294
mb-01910,train,2.0374265,2.0744689,1.908485,1.9479407
mb-05103,train,1.8808136,1.9335917,1.7075702,1.7490087
mb-06223,train,1.8864907,1.7793539,1.5797836,1.468155
mb-04938,train,1.90309,1.9514198,1.3424227,1.4330269
mb-02244,train,1.8692317,1.5063076,1.3222193,1.0475218
mb-04359,train,2.0413928,2.0157418,1.8808136,1.8845482
mb-02528,train,2.1818435,2.1672363,1.7923917,1.791059
mb-07322,train,2.3424227,2.305484,2.0,1.9535292
mb-06751,train,2.1731863,2.1964474,1.690196,1.6811615
mb-04198,train,1.5185139,1.4681258,1.2787536,1.2241057
mb-08187,train,2.4216042,2.389225,2.1003706,2.1110325
mb-04830,train,1.6434526,1.5063658,1.2552725,1.212458
mb-10008,train,1.9344985,1.8297752,1.462398,1.3998287
mb-04604,train,2.232996,2.1522334,1.8920946,1.8524644
mb-04955,train,1.1760912,1.0767008,0.845098,0.8362116
mb-02842,train,1.748188,1.8389857,1.5682018,1.5843005
mb-08510,train,2.0293837,2.048544,1.447158,1.5822902
mb-02189,train,1.8920946,1.9226158,1.5440681,1.547597
mb-01209,train,0.90309,1.0576979,0.60206,0.7425393
mb-04755,train,1.9867717,1.9679997,1.50515,1.5377988
mb-08843,train,2.3364596,2.2636786,1.8976271,1.8384612
mb-06053,train,1.7403628,1.6841023,1.3424227,1.3671517
mb-09353,train,1.9542425,2.0188227,1.8573325,1.8867584
mb-04989,train,1.3617278,1.2948855,0.845098,0.8373109
mb-01874,train,1.3617278,1.4074742,1.146128,1.1696149
mb-07626,train,1.7708521,1.8491492,1.6627579,1.6926639
mb-07708,train,1.8976271,1.729685,1.5563025,1.4998795
mb-06991,train,1.8750613,1.7879896,1.50515,1.4371916
mb-09048,train,2.0934217,1.9845629,1.7075702,1.7591671
mb-10289,train,1.6334685,1.5676261,1.3424227,1.3225385
mb-09304,train,1.8129134,1.7461882,1.3617278,1.3515532
mb-07707,train,1.863323,1.7873106,1.6127839,1.5764856
mb-10649,train,2.1846914,2.192563,1.20412,1.1985941
mb-10084,train,2.30103,2.2193043,1.8808136,1.8047119
mb-07405,train,2.045323,2.0730224,1.30103,1.3456404
mb-02306,train,1.4313637,1.5913159,1.0791812,1.2574997
mb-10207,train,2.1903317,2.1939151,1.819544,1.8803885
mb-10083,train,2.2718415,2.242362,1.8260748,1.9753265
mb-03722,train,2.0899053,2.1034493,1.7993406,1.6985986
mb-09050,train,2.1271048,2.0948846,1.968483,1.93263
mb-01034,train,2.1846914,2.2316241,1.5440681,1.5994606
mb-07621,train,1.8129134,1.7638596,1.4149734,1.4486482
mb-07964,train,2.1760912,2.1907399,1.447158,1.4971229
mb-08983,train,2.2253094,2.1935766,1.8692317,1.9611052
mb-07946,train,2.5327544,2.4935942,2.269513,2.2762215
mb-06480,train,1.8260748,1.6284325,1.3222193,1.2308469
mb-03127,train,1.8750613,1.9233004,1.770852,1.8193395
mb-05501,train,1.9242793,1.901706,1.6627579,1.5510808
mb-04606,train,1.8920946,1.7922859,1.6232493,1.6116827
mb-08809,train,1.3222194,1.4253132,1.20412,1.26174
mb-04031,train,2.2787535,2.217477,1.690196,1.8288541
mb-04749,train,1.447158,1.5378801,1.0791812,1.2535794
mb-08819,train,2.133539,2.1113946,1.5314789,1.6096799
mb-10431,train,1.3617277,1.4633883,1.0791812,1.2561461
mb-10653,train,2.049218,2.054218,1.8976271,1.8558228
mb-07745,train,1.7403628,1.7044322,1.4149734,1.3634348
mb-04386,train,2.3242826,2.261294,2.0413928,1.8657857
mb-03989,train,1.8976271,1.8366896,1.80618,1.750529
mb-07460,train,2.2013972,2.179749,1.9822712,1.958004
mb-09972,train,1.8573325,1.738925,1.2787536,1.1671618
mb-02700,train,1.7923918,1.8013805,1.4313638,1.4629245
mb-08342,train,1.7160034,1.7194754,1.4913617,1.5335904
mb-05023,train,2.071882,2.0680885,1.8808136,1.9125353
mb-10899,train,1.6434528,1.5748105,1.30103,1.3452928
mb-00346,train,2.1702616,2.1582775,1.9956352,1.9865083
mb-08940,train,2.0606978,1.9718279,1.7242758,1.6960781
mb-10557,train,2.0934217,2.0982325,1.9242793,2.0308197
mb-08396,train,2.3324385,2.2617602,1.50515,1.5826675
mb-06217,train,2.2576785,2.0972338,2.0253057,1.8727865
mb-03278,train,2.217484,2.2549267,1.8512584,1.9706309
mb-09878,train,2.143015,2.1385133,1.5797836,1.6992489
mb-05049,train,1.60206,1.528767,1.3222193,1.1807556
mb-06395,train,1.7708521,1.8481152,1.1760913,1.2253906
mb-10421,train,2.164353,2.1179533,1.7323937,1.7082841
mb-08965,train,1.9344985,2.0399575,1.6812413,1.8146415
mb-10215,train,1.6232493,2.1105316,1.4913617,1.7694955
mb-07289,train,2.146128,2.1874511,1.9542425,2.047977
mb-00885,train,2.0,1.8784211,1.6334685,1.6664371
mb-05380,train,1.763428,1.6945984,1.447158,1.4279456
mb-02455,train,0.69897,0.9397109,0.60206,0.7414067
mb-06442,train,2.3424225,2.2680373,2.0334237,1.9792416
mb-10816,train,2.269513,2.2024834,1.8692317,1.8698075
mb-05824,train,2.372912,2.3212008,2.049218,2.0288646
mb-07557,train,1.5051501,1.5448368,1.2787536,1.2750089
mb-05229,train,2.1731863,2.1598258,1.5910646,1.5799452
mb-05896,train,1.8976271,1.8713158,1.5314789,1.5213907
mb-10496,train,1.50515,1.2889158,1.0413927,0.9033981
mb-08514,train,2.3117537,2.2169507,2.0211892,1.8475877
mb-02129,train,2.0043213,2.025431,1.8808136,1.8356274
mb-09405,train,2.049218,1.9240515,1.7242758,1.5863075
mb-03477,train,1.763428,1.9425373,1.7323937,1.7159184
mb-08231,train,0.30103,0.34858894,0.0,0.07375598
mb-01928,train,1.1760912,1.2944129,1.0,1.1495848
mb-03940,train,2.3443923,2.3074996,2.049218,2.0094645
mb-02601,train,1.4313638,1.4502399,1.0413927,1.123699
mb-10815,train,0.9542426,1.6906799,1.30103,1.4971955
mb-07211,train,1.6434528,1.6215516,1.4313638,1.4381238
mb-09090,train,1.8573325,1.7605752,1.60206,1.5382464
mb-01820,train,1.2041199,1.3910735,1.0791812,1.2037427
mb-09902,train,1.4771214,1.6617117,1.20412,1.3987441
mb-09000,train,1.3424227,1.180836,1.1139433,1.0598178
mb-05873,train,1.5440681,1.5788732,1.30103,1.3897926
mb-03209,train,2.033424,2.0064645,1.5440681,1.58237
mb-02690,train,2.220108,2.2152257,1.90309,1.8688114
mb-09379,train,2.1430147,2.1903994,2.1583624,2.1903505
mb-10735,train,1.30103,1.3398035,0.7781513,0.81632036
mb-03625,train,2.089905,2.0077062,1.690196,1.6608447
mb-07469,train,2.0681858,2.1376216,1.9956352,2.0476272
mb-07019,train,1.8692318,2.01004,1.6334685,1.7308841
mb-04689,train,1.6532125,1.5328875,1.1139433,1.0057592
mb-03007,train,1.462398,1.6760174,0.30103,0.41956925
mb-07966,train,1.7160034,1.7326689,1.230449,1.2363987
mb-05903,train,2.340444,2.325652,2.0293837,1.9945717
mb-03044,train,1.3979399,1.3937477,1.0791812,1.1060711
mb-03240,train,2.045323,1.943287,1.6627579,1.6537527
mb-09571,train,2.0681858,1.9534907,1.6532125,1.4021758
mb-02025,train,2.1673174,2.0342274,1.9294189,1.9475445
mb-06847,train,1.763428,1.7548568,1.447158,1.5440888
mb-06844,train,2.1172712,2.1409252,1.770852,1.7722179
mb-05967,train,1.3617278,1.393686,0.7781513,0.82577074
mb-00044,train,2.133539,2.0909739,1.7993406,1.7187233
mb-08530,train,1.7075702,1.8545563,1.5185139,1.7237765
mb-00792,train,1.8573326,1.8601509,1.5563025,1.5270917
mb-01726,train,2.1003706,2.0970078,1.6532125,1.6799963
mb-09718,train,2.0827854,2.0530853,1.7242758,1.7058113
mb-02514,train,2.0530784,2.0284815,1.763428,1.7880124
mb-03639,train,1.7993406,1.6876311,1.1760913,1.135188
mb-10549,train,1.6127838,1.6315043,1.3222193,1.3997167
mb-09829,train,1.9138138,2.0326989,1.7160033,1.7448453
mb-04459,train,2.0606978,1.9860249,1.908485,1.8335803
mb-05577,train,1.6232493,1.6146243,1.20412,1.1874442
mb-00150,train,1.5314789,1.5260476,1.4771212,1.447587
mb-09425,train,1.5185139,1.3370856,1.2787536,1.1499484
mb-03151,train,1.8573325,1.8461254,1.447158,1.4410956
mb-06328,train,1.9590414,1.9375002,1.50515,1.5575396
mb-08979,train,2.1105897,2.0520246,1.9242793,1.8880851
mb-06875,train,2.3304138,2.2662582,2.0,1.9720641
mb-01270,train,2.0681858,2.1030312,1.69897,1.7575662
mb-01366,train,1.7923918,1.7436718,1.5440681,1.5135585
mb-04306,train,1.8808136,1.8670219,1.7160033,1.7038357
mb-09367,train,1.7853298,1.784416,1.3222193,1.324619
mb-02759,train,2.1038036,2.1005037,1.6720978,1.7184987
mb-00425,train,1.9242792,1.9619104,1.7403626,1.7942622
mb-07752,train,1.6989701,1.7025174,0.9542425,0.97721505
mb-10897,train,2.4712918,2.2690735,2.1139433,2.050803
mb-03721,train,1.845098,1.7818625,1.6627579,1.6346571
mb-00720,train,2.0,1.962129,1.7242758,1.6541799
mb-09984,train,2.1303337,2.0970864,1.7323937,1.7545177
mb-07602,train,1.7923918,1.7366655,1.462398,1.4190867
mb-10590,train,2.071882,2.1550868,1.6232493,1.6323651
mb-06323,train,2.356026,2.3085248,1.9294189,1.9753549
mb-10012,train,1.4149733,1.5225972,1.0791812,1.1407704
mb-10608,train,2.4149733,2.4243836,2.2355285,2.283934
mb-01038,train,1.8573326,1.8798482,1.462398,1.474097
mb-10540,train,2.133539,2.1509118,1.7853298,1.8452512
mb-05727,train,1.6627578,1.6445744,1.447158,1.4159423
mb-03684,train,2.2624512,2.2235112,2.0086002,1.9042165
mb-10873,train,1.7075701,1.666299,1.447158,1.4654117
mb-09152,train,1.9344984,1.7966148,1.4771212,1.4836901
mb-06250,train,2.2013972,2.292143,2.0,2.0700724
mb-07962,train,2.0934217,2.1165922,1.9542425,1.96368
mb-08326,train,1.3802112,1.5238767,1.3802112,1.4541148
mb-10848,train,2.2833014,2.326971,1.9190781,1.9364811
mb-05960,train,2.10721,2.10384,1.690196,1.7024294
mb-08547,train,2.3384564,2.2421103,2.0374265,1.8882564
mb-02922,train,1.60206,1.6412317,1.3617278,1.434533
mb-09900,train,2.3222194,2.3179092,1.8750613,1.9364374
mb-02971,train,2.4487062,2.289249,2.0128372,1.9520477
mb-02630,train,0.9542425,0.9758591,0.90309,0.86930484
mb-10861,train,1.3617278,1.4830427,0.47712126,0.7731251
mb-05829,train,1.748188,1.8480421,1.462398,1.4200298
mb-07606,train,2.3424227,2.3307836,2.0569048,2.0134706
mb-02447,train,1.531479,1.7527175,1.20412,1.420652
mb-06074,train,1.531479,1.5898203,1.462398,1.5178477
mb-07757,train,2.143015,2.1289406,1.8512584,1.8497633
mb-09468,train,1.7781513,1.7809765,1.1139433,1.2169205
mb-06729,train,2.0,1.8998168,1.60206,1.6452744
mb-05349,train,1.9867718,1.9483082,1.6812413,1.6914505
mb-00118,train,1.7323937,1.6500797,1.5185139,1.480282
mb-02088,train,1.3802112,1.3843511,0.9542425,1.0171226
mb-09217,train,1.6334685,1.5731688,1.4913617,1.5152259
mb-07528,train,2.1367207,1.9628687,1.7558749,1.7816241
mb-03013,train,2.0606978,1.9811969,1.748188,1.7280691
mb-06575,train,1.9590414,1.9025807,1.6232493,1.6368477
mb-09220,train,1.6532125,1.5982726,1.0791812,1.148818
mb-06155,train,1.7708521,1.7410343,1.230449,1.2972229
mb-04716,train,2.2878017,2.240479,1.8260748,1.8165346
mb-08386,train,1.8808136,1.8712766,1.0,0.96960694
mb-04629,train,1.462398,1.4833792,1.1760913,1.2353572
mb-10107,train,2.146128,2.2008638,1.770852,1.9002814
mb-05310,train,2.071882,2.141926,1.6127839,1.6916217
mb-10949,train,2.2552724,2.2155263,2.0606978,2.1055443
mb-02784,train,2.133539,2.1810694,1.845098,1.9238768
mb-10227,train,1.763428,1.757768,1.3802112,1.2634544
mb-07061,train,2.1430147,2.0716784,1.7923917,1.8740549
mb-06908,train,1.4149734,1.6250916,1.5185139,1.5599793
mb-01799,train,2.243038,2.2125616,1.8129133,1.782811
mb-09319,train,1.6232493,1.5241195,1.50515,1.4469854
mb-00696,train,1.6720979,1.6191963,1.1139433,1.1652951
mb-02686,train,2.2121875,2.2113445,1.8692317,1.8640826
mb-07829,train,2.4409091,2.317754,2.0170333,2.0126333
mb-07988,train,2.0,1.9715484,1.5682018,1.711657
mb-01745,train,2.307496,2.2698812,2.0128372,1.9091792
mb-07908,train,2.1522884,2.1146889,1.845098,1.7736231
mb-06686,train,1.0413927,0.9798018,0.90309,0.87040585
mb-00156,train,1.6532125,1.6703343,1.30103,1.4078583
mb-01485,train,2.130334,1.9456378,1.7558749,1.6259077
mb-05642,train,2.3483047,2.3319263,2.089905,2.0026507
mb-08916,train,2.1931245,2.1351426,1.8633229,1.7856039
mb-00859,train,1.8920946,1.895527,1.4313638,1.4916008
mb-02386,train,2.3579347,2.2551432,2.0681858,1.9845268
mb-04120,train,2.1038036,2.1301005,1.20412,1.3500416
mb-08492,train,1.8633229,1.8288279,1.7160033,1.7013503
mb-08767,train,1.9344984,1.8056426,1.50515,1.461556
mb-03069,train,1.8388491,1.868872,1.6812413,1.6429296
mb-05601,train,1.5563025,1.5924389,1.3802112,1.3677579
mb-07688,train,2.5453072,2.5326364,2.2741578,2.2735314
mb-00975,train,1.90309,1.8535204,1.7075702,1.6557827
mb-06866,train,1.7558749,1.536452,1.3617278,1.1799747
mb-07635,train,2.045323,2.012521,1.7781513,1.8388611
mb-07609,train,1.9777236,1.9374957,1.763428,1.7059258
mb-04747,train,2.3783977,2.3484354,2.1172712,2.007562
mb-03718,train,1.9242792,1.8639259,1.447158,1.5068992
mb-02377,train,1.3424227,1.3501427,0.9542425,1.0048974
mb-09161,train,2.0086002,2.0570412,1.6532125,1.7754173
mb-08864,train,1.8692318,1.8220514,1.4313638,1.4675092
mb-01051,train,1.7323937,1.6674759,1.0,0.9771613
mb-07508,train,2.1139433,2.0666301,1.5185139,1.4580288
mb-08645,train,2.2041202,2.0977583,1.4313638,1.3875304
mb-04348,train,2.0413928,2.0256898,1.6627579,1.6209081
mb-10753,train,1.7634281,1.8416679,1.5682018,1.6308814
mb-03145,train,1.9294189,1.9951766,1.5910646,1.8339249
mb-02476,train,2.1003704,2.0806332,1.7160033,1.6864392
mb-07144,train,1.8260748,1.7398629,1.462398,1.4672914
mb-06349,train,1.6127839,1.6055546,1.2552725,1.3102338
mb-00897,train,1.8573325,1.7205673,1.4149734,1.4352641
mb-09948,train,2.3856063,2.4652286,2.1903317,2.2309775
mb-03895,train,1.9731278,2.046884,1.748188,1.8496145
mb-04308,train,1.6720979,1.618164,1.5440681,1.4858099
mb-07148,train,1.9956353,1.92575,1.5563025,1.5178136
mb-07910,train,1.60206,1.5208251,1.50515,1.4464616
mb-07677,train,2.146128,2.0570512,1.5797836,1.6163191
mb-06790,train,2.2380462,2.2081954,2.0413928,1.9654119
mb-07565,train,2.0374265,2.0685456,1.770852,1.853426
mb-04802,train,1.8260748,1.7584182,1.5185139,1.5299927
mb-08207,train,1.819544,1.7590853,1.5185139,1.536863
mb-02075,train,1.7853298,1.7475309,1.50515,1.4303592
mb-02411,train,1.6127839,1.6763067,1.4313638,1.5131838
mb-10746,train,1.1760912,1.2949309,1.0,1.0805706
mb-03401,train,2.434569,2.3526285,2.1367207,2.0189016
mb-04383,train,1.0,1.0327747,0.90309,0.98752576
mb-10297,train,2.120574,2.0400171,1.845098,1.7937927
mb-06107,train,1.929419,1.8938389,1.5563025,1.5291935
mb-00297,train,1.7403628,1.6848142,1.5563025,1.4905075
mb-05937,train,2.0827854,2.0787444,1.3802112,1.4267052
mb-09968,train,1.3010299,1.2802346,1.0413927,1.0503243
mb-07977,train,1.7853298,1.530545,1.1760913,1.049247
mb-10384,train,2.09691,2.1664581,1.4149734,1.5766497
mb-08083,train,1.6020601,1.797553,1.2787536,1.4699346
mb-00790,train,1.9542425,1.9254333,1.60206,1.6585289
mb-08937,train,2.155336,2.1601238,2.049218,2.0049312
mb-04720,train,2.029384,1.9190136,1.8750613,1.7866629
mb-08305,train,1.7323937,1.7429838,1.5910646,1.5821526
mb-03388,train,1.5797837,1.6499649,1.462398,1.4705806
mb-10347,train,2.0413928,2.1550279,1.80618,1.8467458
mb-05905,train,1.1760913,1.4463431,1.20412,1.3390839
mb-06010,train,1.30103,1.1825597,0.7781513,0.7528644
mb-05719,train,1.60206,1.4620051,1.3802112,1.2631886
mb-05367,train,0.8450981,0.88414127,0.60206,0.6484945
mb-07388,train,1.9731278,1.9280524,1.5185139,1.5437161
mb-01374,train,1.5797836,1.3895416,1.5910646,1.371369
mb-01547,train,1.90309,1.8580086,1.4313638,1.3688114
mb-08574,train,2.045323,1.9862242,1.8692317,1.8848265
mb-07520,train,1.7993406,1.7497916,1.5440681,1.4666271
mb-06901,train,1.3617278,1.2186056,1.146128,1.0635692
mb-10025,train,2.243038,2.1080725,1.748188,1.7376034
mb-04338,train,1.7160033,1.6153268,1.3617278,1.2710288
mb-10532,train,1.230449,1.381298,1.0413927,1.2424514
mb-10606,train,1.9590414,1.9840267,1.5910646,1.6317388
mb-10263,train,2.0934217,2.0736375,1.7853298,1.838543
mb-05164,train,2.2013972,2.155985,2.0374265,1.9864149
mb-06387,train,2.2624512,2.179586,1.8808136,1.8321335
mb-10506,train,2.0043213,1.9379784,1.5563025,1.5576758
mb-01534,train,2.0934217,2.106543,1.8260748,1.7776121
mb-06854,train,1.6434528,1.7112601,1.1760913,1.2828923
mb-07808,train,1.5563025,1.502558,1.146128,1.0912077
mb-08585,train,2.049218,2.027794,1.763428,1.7403457
mb-04355,train,2.2810333,2.2600923,2.2878017,2.1767778
mb-01005,train,1.7558749,1.7550681,1.230449,1.2350618
mb-08922,train,2.2479732,2.24425,1.6434526,1.7427604
mb-07188,train,2.075547,2.1376276,1.968483,2.0476346
mb-08929,train,1.690196,1.6835052,0.90309,0.91648936
mb-01916,train,1.968483,1.9339442,1.8325089,1.80024
mb-07873,train,2.089905,2.0433657,1.9444827,1.8526756
mb-00799,train,2.045323,1.9911098,1.4913617,1.4809923
mb-01748,train,2.2121875,2.160699,2.0043213,1.9238573
mb-08034,train,1.9444827,1.9817606,1.1139433,1.1590986
mb-02714,train,0.9542425,0.84469426,0.69897,0.5834423
mb-08969,train,1.531479,1.3255718,1.1760913,1.0407856
mb-09287,train,1.5185139,1.3487151,1.2552725,1.0878607
mb-05227,train,2.0043213,2.0495777,1.5185139,1.61339
mb-06845,train,1.4771212,1.4441195,1.3222193,1.3613023
mb-08765,train,1.8388491,1.7894361,1.5185139,1.4898361
mb-02666,train,1.908485,1.539104,1.462398,1.2396041
mb-03088,train,2.049218,2.0085456,1.8808136,1.8357017
mb-06302,train,1.6334684,1.5859253,0.845098,0.8673733
mb-04924,train,1.6334684,1.6743661,1.0791812,1.1106147
mb-00146,train,2.3541083,2.391005,2.0569048,2.0523312
mb-10875,train,1.9731278,1.9405042,1.462398,1.5196725
mb-04718,train,1.7853299,1.7996798,1.5440681,1.5729271
mb-08249,train,1.7403628,1.7447472,1.30103,1.3638222
mb-05611,train,1.9731278,1.9966779,1.5314789,1.6134357
mb-03328,train,2.1038036,2.0812855,1.690196,1.6874075
mb-06104,train,2.3344536,2.2741208,2.049218,1.9906018
mb-04049,train,1.9493899,1.9917617,1.50515,1.5836209
mb-07292,train,2.0,2.0587382,1.8325089,1.8636562
mb-00304,train,2.1238515,2.0730042,1.8129133,1.8481777
mb-05979,train,2.1731863,2.1100345,1.8260748,1.768448
mb-08296,train,1.6720979,1.635812,1.4913617,1.4789824
mb-00740,train,2.2405493,2.224547,1.763428,1.7751884
mb-08802,train,2.178977,2.2252674,1.5910646,1.521865
mb-04861,train,2.1731863,2.0464187,1.9242793,1.8468406
mb-04800,train,1.9242793,1.8404742,1.6532125,1.5940394
mb-08522,train,1.5910646,1.5677778,1.3802112,1.4377726
mb-01339,train,1.6434526,1.5696446,1.4149734,1.3895447
mb-06460,train,1.50515,1.425933,1.3222193,1.3105333
mb-05313,train,2.064458,1.980808,1.6532125,1.6682662
mb-00992,train,1.6627578,1.6317285,1.3222193,1.3352351
mb-08719,train,2.1818435,2.231595,1.8864907,1.8280225
mb-08395,train,1.9777236,1.9767157,1.50515,1.5395786
mb-08631,train,2.252853,2.2581682,1.9294189,1.9444535
mb-09681,train,1.5682018,1.4492145,1.4149734,1.3348981
mb-02098,train,1.9344984,1.785202,1.7160033,1.6586813
mb-08726,train,2.1003706,2.1387823,1.6127839,1.7114547
mb-00036,train,1.5185139,1.5020214,1.146128,1.1239984
mb-09104,train,1.8325089,1.7462478,1.3802112,1.4306097
mb-00210,train,2.1038036,2.0793643,1.5910646,1.5189956
mb-08781,train,1.9493899,2.1291115,1.7242758,1.8338974
mb-08426,train,1.9444828,1.8082633,1.3424227,1.3294818
mb-02846,train,2.3384566,2.2044725,2.230449,2.109232
mb-04466,train,2.0934217,2.011865,1.4771212,1.4875151
mb-05458,train,0.7781513,0.77862406,0.60206,0.6263697
mb-02216,train,1.8864907,2.040106,1.7160033,1.7960005
mb-00747,train,1.763428,1.8557448,1.6434526,1.739056
mb-03024,train,2.1818435,2.1222663,1.7781513,1.774565
mb-02799,train,1.9956352,2.1032217,1.845098,1.8627341
mb-07302,train,2.0453231,2.041219,1.5682018,1.6416273
mb-10866,train,2.525045,2.5356162,2.1139433,2.2257524
mb-09846,train,1.6720979,1.7295208,1.5682018,1.5605491
mb-09460,train,1.6989701,1.7556217,1.4913617,1.6113318
mb-10013,train,1.9138138,1.912362,1.447158,1.4820036
mb-00002,train,1.9084849,1.8746309,1.7403626,1.7018425
mb-10279,train,1.39794,1.3983345,0.9542425,1.0782496
mb-08444,train,2.4166405,2.4109943,2.3802114,2.3660243
mb-05451,train,2.269513,2.2350788,2.0374265,2.0158987
mb-00091,train,1.6127839,1.6718479,1.5682018,1.529846
mb-06757,train,1.8512583,1.8288078,1.50515,1.5176575
mb-09630,train,2.120574,2.1256917,2.0530784,2.030293
mb-06051,train,2.198657,2.2472587,1.7781513,1.8182842
mb-04812,train,1.9822712,2.0664864,1.690196,1.7149254
mb-09172,train,1.5185139,1.6079792,1.2787536,1.3932619
mb-03285,train,1.7853298,1.8107316,1.5797836,1.700705
mb-01327,train,1.9867718,2.1403275,1.6334685,1.7993463
mb-08460,train,0.845098,0.9310082,0.47712126,0.6724906
mb-07671,train,1.7634281,1.6873043,1.6127839,1.452369
mb-08341,train,1.146128,1.1708641,0.9542425,0.9359093
mb-06203,train,1.7923917,1.8051963,1.3222193,1.3814938
mb-00520,train,2.1702616,2.1880221,1.9590414,1.9289203
mb-02067,train,1.9444826,1.8282009,1.5314789,1.489719
mb-05557,train,1.6720979,1.6883558,1.0413927,1.0767983
mb-07257,train,1.9190781,1.892201,1.6627579,1.7019215
mb-09763,train,2.0413926,2.1478157,1.5910646,1.7045476
mb-06824,train,2.2576785,2.265732,1.9190781,1.9034266
mb-00295,train,2.2648177,2.1550722,1.9590414,1.8292799
mb-08540,train,1.7075702,1.738075,1.4313638,1.4206402
mb-06364,train,2.2855573,2.3070257,1.9344984,1.9406654
mb-06143,train,2.283301,2.2525058,1.9138138,1.8923367
mb-10137,train,2.206826,2.213367,2.0086002,2.0391915
mb-02439,train,1.0791813,1.0416983,1.230449,1.083429
mb-08845,train,2.1553361,2.047152,1.8920946,1.6741576
mb-08470,train,1.845098,1.8655492,1.447158,1.421264
mb-07905,train,1.80618,1.7941548,1.6812413,1.6054529
mb-00455,train,1.9138138,1.7812936,1.7323937,1.7044829
mb-02938,train,1.6232493,1.6539195,1.3222193,1.3187829
mb-00621,train,1.5797837,1.4136887,1.4913617,1.375669
mb-00220,train,1.8750613,1.7765832,1.7075702,1.6791039
mb-02254,train,1.4471581,1.4038373,1.20412,1.1744403
mb-02937,train,2.1553361,2.2125177,1.7781513,1.8555458
mb-04097,train,2.2718415,2.2545807,1.9637878,1.9327121
mb-09803,train,1.748188,1.6711693,1.3802112,1.3183951
mb-09451,train,2.2278867,2.2424073,1.908485,1.8971835
mb-09267,train,0.7781513,0.8251593,1.0413927,0.96127635
mb-05969,train,1.4771214,1.4396762,1.20412,1.2333841
mb-06987,train,2.0606978,2.0237525,1.763428,1.7913991
mb-05725,train,1.9138138,1.9147662,1.3802112,1.3340313
mb-08803,train,1.2552725,1.0336647,1.0,0.93600583
mb-05981,train,2.0086002,2.0355256,1.2552725,1.2584121
mb-04991,train,1.30103,1.1134056,0.7781513,0.6820395
mb-01359,train,1.7160034,1.6759658,1.2552725,1.2837707
mb-02642,train,2.1673174,2.1751263,1.1760913,1.2344482
mb-07417,train,2.2278867,2.2188601,1.8325089,1.8072907
mb-03098,train,1.819544,1.7324147,1.3802112,1.3709626
mb-07738,train,1.3424227,1.3052284,0.9542425,0.9334778
mb-10044,train,2.2121878,2.0887647,1.7993406,1.745571
mb-05953,train,2.4065402,2.38114,2.0606978,2.0206387
mb-07831,train,1.5797836,1.5461271,1.3617278,1.2770373
mb-02965,train,2.0899053,2.0301888,1.5563025,1.5353109
mb-05531,train,1.8808136,1.9257684,1.3802112,1.4034346
mb-03392,train,1.9294189,1.9150367,1.69897,1.642393
mb-01901,train,2.0827854,1.9551849,1.69897,1.47826
mb-01139,train,1.7323937,1.7442558,1.4771212,1.3851458
mb-10794,train,1.9344984,2.1118982,1.8325089,1.8378816
mb-06292,train,1.5314789,1.3950342,1.1139433,1.0585037
mb-00051,train,1.968483,1.8901716,1.7242758,1.671246
mb-00970,train,2.3692157,2.2909806,2.146128,1.9707284
mb-03128,train,2.155336,2.1025708,1.7323937,1.6758444
mb-05059,train,2.2648177,2.2232115,1.7323937,1.8629274
mb-00757,train,2.0827854,2.09436,1.7923917,1.734092
mb-02900,train,2.2148438,2.1930282,1.6532125,1.6274587
mb-08531,train,2.0791812,2.1813207,1.748188,1.8519157
mb-09703,train,1.9590414,1.9056172,1.6532125,1.6482309
mb-04341,train,1.4771212,1.4657284,1.2552725,1.2416749
mb-05259,train,2.0827854,2.0825732,1.4149734,1.5751965
mb-02972,train,1.7403628,1.9169605,1.7781513,1.9497328
mb-02085,train,1.9190781,1.8938773,1.7160033,1.5918666
mb-05169,train,2.2380462,2.2049425,2.0569048,2.0482142
mb-02325,train,2.1818435,2.1608443,1.7853298,1.8413832
mb-02399,train,1.7323937,1.5424454,1.3802112,1.2380223
mb-00999,train,1.6989701,1.6771551,1.2552725,1.2516437
mb-04525,train,1.1760913,1.2265794,0.90309,0.9755026
mb-07703,train,1.4623979,1.4304799,1.5314789,1.3952193
mb-05323,train,1.748188,1.6973897,1.3802112,1.3193501
mb-00763,train,1.8260747,1.9003003,1.7403626,1.6893141
mb-00473,train,1.6232493,1.4972689,1.20412,1.1825237
mb-10197,train,2.5237465,2.3944705,2.2227166,2.1131034
mb-04705,train,1.0791813,0.9762262,0.7781513,0.6945407
mb-05473,train,2.238046,2.2094274,2.1818435,2.1064951
mb-05608,train,2.252853,2.219386,1.4771212,1.506337
mb-07652,train,1.8750613,1.5542623,1.5797836,1.397248
mb-07826,train,1.6627579,1.7191427,1.3617278,1.4513509
mb-10560,train,2.2121875,2.1457272,1.8864907,1.8444629
mb-07578,train,1.3802112,1.2595718,0.9542425,0.85571945
mb-01738,train,2.146128,2.084994,1.7853298,1.9138749
mb-10624,train,2.0,2.0591228,1.7781513,1.7970438
mb-01539,train,1.7853298,1.7529886,1.4313638,1.3653098
mb-07242,train,2.1583624,2.1799896,1.8573325,1.8742107
mb-08279,train,2.1760912,2.0563548,1.7781513,1.7352276
mb-00725,train,1.462398,1.5329157,1.30103,1.3867217
mb-01271,train,2.2718415,2.2617152,1.8573325,1.8281336
mb-02218,train,1.8388491,1.777068,1.3424227,1.3027453
mb-02357,train,2.0827854,2.040526,1.80618,1.8090345
mb-03326,train,2.1105897,2.14756,1.69897,1.7437859
mb-06277,train,2.2810335,2.2973132,1.94939,1.9355171
mb-00937,train,1.6020601,1.6019571,1.4149734,1.3927662
mb-05282,train,1.9542425,1.9318733,1.6232493,1.5709796
mb-05026,train,2.2041202,2.2322867,1.7993406,1.7588236
mb-03566,train,2.133539,2.0788941,1.845098,1.8278916
mb-03888,train,2.4265113,2.3193946,2.198657,2.0240743
mb-07011,train,2.1271048,2.1446686,1.6627579,1.8068879
mb-05006,train,2.1760912,2.255929,1.7558749,1.7144516
mb-00174,train,1.7853298,1.7699625,1.4313638,1.4441007
mb-02552,train,2.220108,2.1678467,1.80618,1.8737607
mb-10055,train,2.269513,2.1417966,2.0791812,1.9928397
mb-10646,train,1.1139433,1.0248488,0.90309,0.8132057
mb-02287,train,2.3710678,2.3785095,2.10721,2.1181078
mb-06391,train,2.2988532,2.2437944,1.8750613,1.8682804
mb-08917,train,1.6232493,1.631018,1.4313638,1.4522163
mb-02853,train,2.2121878,2.182166,1.908485,1.927835
mb-08692,train,1.9190781,1.9219834,1.4313638,1.4597245
mb-09097,train,0.9542425,0.8324325,0.69897,0.6498524
mb-08598,train,2.0086002,2.0004783,1.7242758,1.7342173
mb-07627,train,2.365488,2.379703,2.0606978,2.050107
mb-00107,train,1.4771212,1.39049,1.3802112,1.2683953
mb-05936,train,2.0374265,1.9629105,1.5440681,1.4490719
mb-05257,train,1.748188,1.7348633,1.462398,1.5115592
mb-01662,train,1.8512583,1.8667706,1.69897,1.7146637
mb-09324,train,1.5051501,1.5906363,1.4313638,1.1912041
mb-07060,train,1.7403628,1.6594853,1.39794,1.3656156
mb-01369,train,1.4313638,1.5784175,1.30103,1.4239872
mb-08049,train,2.0086002,1.8519325,1.6627579,1.5943522
mb-02562,train,1.7853298,1.793247,1.4313638,1.5332144
mb-05066,train,2.292256,2.2789955,1.8692317,1.830782
mb-05751,train,1.518514,1.6394213,1.462398,1.314066
mb-00852,train,2.2253094,2.1446,1.7853298,1.7743093
mb-02338,train,1.845098,1.7156513,1.5185139,1.4389948
mb-04923,train,2.1818435,2.1885486,1.7403626,1.8783745
mb-08807,train,1.4313638,1.3528997,1.20412,1.2635053
mb-10965,train,2.4668677,2.3616586,2.3961995,2.2609372
mb-10920,train,2.1003704,2.1460943,1.748188,2.0415256
mb-08943,train,1.8260748,1.623354,1.3424227,1.1903914
mb-01641,train,1.7242758,1.7448192,1.50515,1.497971
mb-06087,train,2.0569048,2.046762,1.6532125,1.6136017
mb-09971,train,2.045323,2.0037105,1.8129133,1.8559704
mb-03382,train,1.9590415,1.9179956,1.6334685,1.6054331
mb-04396,train,2.1238515,2.1041205,1.7923917,1.746826
mb-10169,train,0.7781513,0.9487586,0.60206,0.73526996
mb-10392,train,2.0863597,2.106295,1.770852,2.0205162
mb-05815,train,2.0211892,1.976546,1.4149734,1.461885
mb-09335,train,2.2121875,2.2041855,1.9190781,1.8656403
mb-08683,train,1.8388491,2.1745024,1.4913617,1.6590449
mb-05246,train,2.502427,2.332854,1.8573325,1.9330012
mb-01414,train,1.5797837,1.4438272,1.462398,1.3237715
mb-08491,train,2.0827854,1.9689109,1.7993406,1.7158128
mb-05876,train,1.9344985,1.9960326,1.5682018,1.6276033
mb-03908,train,2.1931245,2.1664965,1.69897,1.7205523
mb-07021,train,1.8976271,1.9263608,1.80618,1.8323562
mb-02845,train,2.2121878,2.0762036,2.209515,1.8751614
mb-10876,train,2.5465426,2.432766,2.243038,2.141827
mb-03106,train,2.149219,2.1837423,1.7323937,1.8653286
mb-06201,train,1.8920946,1.7575107,1.845098,1.602734
mb-07669,train,1.361728,1.5328928,1.1760913,1.320488
mb-04717,train,1.1139433,1.1323822,0.7781513,0.82582736
mb-07074,train,2.25042,2.2469735,1.9242793,1.931385
mb-08651,train,1.6989701,1.6463897,1.4313638,1.39538
mb-06335,train,2.133539,2.1333632,1.6812413,1.7472496
mb-00195,train,2.4843,2.4816842,2.25042,2.226984
mb-02208,train,1.7853298,1.8176078,1.5185139,1.5376092
mb-01102,train,1.4471581,1.4647797,1.4913617,1.5358448
mb-07376,train,1.8260748,1.7436426,1.4771212,1.4668808
mb-07234,train,2.0043213,1.9873915,1.6232493,1.6211742
mb-00961,train,1.9294189,1.7923224,1.8573325,1.6712258
mb-01918,train,2.1003704,2.0158467,1.845098,1.7808481
mb-01533,train,1.6532125,1.6585355,1.0791812,1.1986582
mb-08368,train,2.3856063,2.279674,2.0791812,1.9393077
mb-04537,train,2.580925,1.8093977,1.4913617,1.2809892
mb-05414,train,1.9242792,1.9395627,1.2552725,1.2874699
mb-10322,train,2.2405493,2.1244514,1.30103,1.2570009
mb-06100,train,2.240549,2.0782738,1.770852,1.6498367
mb-07733,train,2.0791812,2.2563033,1.6232493,1.8219302
mb-06723,train,2.120574,2.1872969,1.748188,1.7994204
mb-09768,train,2.5010593,2.3448572,2.2624512,2.1726875
mb-04833,train,1.724276,1.6215189,1.30103,1.2966611
mb-04144,train,2.0374265,2.073948,1.69897,1.6695492
mb-10007,train,1.9956352,2.0365648,1.9637878,1.8996993
mb-01690,train,2.071882,1.9693309,1.7923917,1.7530111
mb-06804,train,2.252853,2.283282,1.8750613,1.8667929
mb-08733,train,1.8573325,1.8369095,1.6812413,1.694109
mb-05007,train,2.2148438,2.2159553,1.80618,1.7474029
mb-06021,train,2.2810333,2.2400227,1.8573325,1.8633612
mb-01893,train,1.5797837,1.5506531,1.39794,1.2017598
mb-10307,train,1.230449,1.2570827,0.69897,0.8371974
mb-09565,train,2.0681858,2.3575866,1.9731278,2.1496654
mb-10484,train,2.08636,2.0461013,1.7075702,1.7147216
mb-01142,train,1.8129133,1.7978649,1.5797836,1.577651
mb-03678,train,1.9590414,2.018341,1.447158,1.5617634
mb-04091,train,2.39794,2.2779193,1.9637878,1.870036
mb-01935,train,2.2227163,2.2328846,1.6232493,1.7240422
mb-03222,train,1.6434526,1.6189626,1.0413927,1.0878243
mb-03120,train,2.2787538,2.2381384,2.2405493,2.1582932
mb-06989,train,2.1139433,2.0750675,1.8325089,1.7845081
mb-04890,train,1.8976271,1.9042037,1.770852,1.7860568
mb-05129,train,1.8573325,1.8334141,1.7403626,1.7246512
mb-03187,train,2.3443923,2.315179,2.0934217,2.1018593
mb-00208,train,1.4913617,1.4961556,1.3424227,1.3188558
mb-01085,train,2.075547,2.07708,1.8864907,1.9387473
mb-06501,train,2.0569048,2.0078974,1.6720978,1.6142046
mb-05325,train,1.69897,1.6737294,1.60206,1.6057723
mb-07087,train,1.7403628,1.7511555,1.20412,1.2376889
mb-01254,train,2.2041202,2.105797,1.6812413,1.725543
mb-02836,train,1.50515,1.5713756,1.0,1.1446579
mb-08451,train,2.475671,2.3576155,2.3242824,2.3114843
mb-09910,train,1.9344985,1.9323283,1.4149734,1.3780577
mb-07212,train,1.447158,1.2959986,1.1139433,0.9917896
mb-08134,train,0.90309,0.992949,0.69897,0.75824773
mb-09541,train,2.146128,2.1363611,1.0791812,1.0335668
mb-10237,train,2.0530784,2.0676765,1.6532125,1.683073
mb-02993,train,2.3579347,2.32116,2.0530784,1.9931135
mb-02766,train,2.120574,2.2207632,1.7558749,1.8616453
mb-05844,train,2.2121875,2.097694,1.763428,1.6931187
mb-05545,train,2.4065404,2.4634688,2.143015,2.1235409
mb-05869,train,1.968483,1.923821,1.4149734,1.4808527
mb-10708,train,1.7781513,1.7725409,1.1139433,1.1287993
mb-07046,train,2.2787535,2.2184336,1.7323937,1.8424791
mb-10112,train,1.9637879,1.9393673,1.5682018,1.7023957
mb-07768,train,1.3222194,1.2517159,0.7781513,0.85087633
mb-04593,train,1.90309,1.839837,1.7993406,1.712074
mb-06095,train,2.2479732,2.179436,1.8573325,1.8222064
mb-04922,train,1.9444827,1.8377593,1.6334685,1.5643224
mb-08304,train,2.3283796,2.2357073,1.9731278,1.8793869
mb-02259,train,1.819544,1.8192854,1.5440681,1.5722716
mb-03313,train,1.7993405,1.8396889,1.7403626,1.7281725
mb-09525,train,1.8325089,1.7973953,1.6627579,1.6793852
mb-09080,train,2.0606978,2.0039067,1.80618,1.7835505
mb-04219,train,2.1172712,2.14667,1.7923917,1.800028
mb-05302,train,2.1903317,2.1464665,1.8388491,1.7999846
mb-00493,train,1.90309,1.8914222,1.7323937,1.7555567
mb-02100,train,2.2600713,2.1822522,1.8325089,1.8041468
mb-06768,train,2.1003704,1.9738195,1.8864907,1.7428759
mb-00503,train,1.9344984,1.928925,1.80618,1.7915654
mb-00393,train,1.8573325,1.886236,1.69897,1.7862597
mb-09927,train,2.1105897,2.0030198,1.8808136,1.8582083
mb-03570,train,1.9084849,1.8243129,1.5314789,1.4253918
mb-01017,train,1.7558749,1.7773565,1.39794,1.4638652
mb-02138,train,1.763428,1.8010887,1.39794,1.4482565
mb-00169,train,1.9344984,1.9006516,1.5314789,1.6199374
mb-02906,train,1.6812413,1.636554,1.4149734,1.351558
mb-04562,train,1.845098,1.8052297,1.6232493,1.5802531
mb-07201,train,2.1903317,2.1364884,1.9294189,1.8426285
mb-01758,train,2.0253057,2.0571713,1.845098,1.9144509
mb-06684,train,2.2878017,2.2142558,1.9138138,2.0072331
mb-05609,train,2.4828737,2.5131423,2.1673174,2.1804843
mb-10368,train,1.8976271,1.9030126,1.6812413,1.6836861
mb-05706,train,2.164353,2.2098508,1.7160033,1.6623805
mb-10780,train,2.3304138,2.3451324,1.9590414,1.9576857
mb-09699,train,2.133539,2.1564193,1.9444827,2.0004056
mb-08235,train,2.1522884,2.0191374,1.8573325,1.7063136
mb-03605,train,2.1271048,2.073604,1.9822712,1.9465181
mb-10499,train,1.2787536,1.6293261,1.5440681,1.4615855
mb-08441,train,2.2355282,2.1644967,2.0253057,1.9139448
mb-10348,train,2.2764618,2.0924594,1.8512584,1.6571141
mb-08751,train,1.3222194,1.2930804,0.69897,0.9210389
mb-01867,train,1.8633229,2.024758,1.7403626,1.7975922
mb-05418,train,2.390935,2.331119,1.9637878,1.9746637
mb-02959,train,2.232996,2.2005274,1.9294189,1.9438095
mb-04764,train,2.209515,2.1611896,1.7993406,1.752456
mb-08132,train,2.0128372,2.109778,1.5797836,1.7843544
mb-02271,train,2.3521826,2.2149758,2.2013972,2.0648148
mb-09384,train,2.1673174,2.0819597,1.7403626,1.6962881
mb-01332,train,2.1105897,2.09692,1.6812413,1.7272176
mb-02622,train,1.763428,1.6064293,1.690196,1.4940534
mb-08673,train,1.8573326,1.9154878,1.5440681,1.5761294
mb-02603,train,1.146128,1.2529451,0.7781513,0.9007978
mb-05114,train,1.8260748,1.842707,1.230449,1.3422668
mb-04563,train,1.9822712,1.9640024,1.7403626,1.6717905
mb-10531,train,1.4149734,1.4743354,1.0413927,1.1435618
mb-03025,train,0.7781513,0.89278305,0.69897,0.8124004
mb-03089,train,2.1818435,2.1390085,1.9822712,2.0102267
mb-04428,train,0.69897,0.8594927,0.47712126,0.6657973
mb-02823,train,2.3324385,2.3095024,1.908485,1.901068
mb-05396,train,1.9590415,1.9479545,1.5563025,1.7005864
mb-08871,train,1.4771212,1.7012097,1.4149734,1.4321835
mb-05513,train,1.6901962,1.6902747,1.5563025,1.5621644
mb-09843,train,2.075547,2.0991673,1.7242758,1.7214452
mb-05888,train,1.50515,1.4989748,1.3617278,1.3595655
mb-02705,train,2.0,1.882562,1.60206,1.5586672
mb-04092,train,2.1105897,2.1356735,1.5910646,1.7273028
mb-06473,train,1.6901962,1.9158025,1.230449,1.397202
mb-04921,train,1.361728,1.2625684,1.1760913,1.0816777
mb-08587,train,2.1105897,2.049587,1.5440681,1.623683
mb-05407,train,1.1760912,1.1647418,0.845098,0.8389096
mb-08156,train,1.7558749,1.7131407,1.462398,1.3842137
mb-09999,train,2.3180633,2.1703253,1.8633229,1.763911
mb-01834,train,2.5237465,2.5168796,2.2624512,2.2939909
mb-05593,train,2.4183013,2.3968506,2.0934217,2.0948567
mb-09655,train,2.029384,2.054727,1.4313638,1.5909346
mb-02076,train,1.9822712,1.9643145,1.3802112,1.4397004
mb-04325,train,2.1613681,2.2523108,1.908485,2.056575
mb-01216,train,1.9822712,2.0495067,1.770852,1.8523295
mb-10623,train,1.6127839,1.5384272,0.90309,0.89574665
mb-03046,train,2.220108,2.2247107,1.8976271,1.8932161
mb-05167,train,1.20412,1.133801,0.7781513,0.7874231
mb-01488,train,1.9493899,1.8881466,1.690196,1.7040198
mb-00288,train,1.1139433,1.1353357,1.0791812,1.024225
mb-09275,train,2.2576785,2.1461573,1.8573325,1.8019636
mb-00242,train,1.4149734,1.3933985,1.0413927,1.0884492
mb-05316,train,2.025306,1.9625032,1.90309,1.8325899
mb-02317,train,1.4313637,1.6426761,1.0791812,1.3845663
mb-01335,train,2.1643527,2.192914,2.0253057,1.9987581
mb-00789,train,2.1583626,2.1410372,1.9395193,1.841097
mb-06872,train,1.6334685,1.5987333,1.30103,1.3002003
mb-02107,train,1.9294189,1.8535407,1.748188,1.7202785
mb-04046,train,1.7853298,1.8796893,1.3424227,1.5243347
mb-07406,train,2.3159704,2.2418156,1.763428,1.780122
mb-03571,train,1.7558749,1.7606982,1.5563025,1.6121093
mb-08267,train,2.25042,2.2158637,1.6627579,1.676514
mb-01173,train,2.1522884,2.090509,1.7853298,1.7631054
mb-07393,train,1.6812413,1.3484818,1.146128,0.9312736
mb-08708,train,1.4913617,1.3980837,1.0,0.9804141
mb-08057,train,2.3820171,2.3780582,2.0413928,2.0316517
mb-03681,train,1.8750613,1.832882,1.60206,1.5933762
mb-10599,train,1.6020601,1.6126837,1.30103,1.3518932
mb-00596,train,2.075547,2.1405222,1.8692317,1.9051733
mb-04427,train,1.6020601,1.1041768,1.3424227,0.90787816
mb-10453,train,1.4313638,1.4692578,1.0,1.1160079
mb-09154,train,1.8864907,2.1547143,1.6434526,1.8643159
mb-02432,train,1.8692317,1.8118563,1.7075702,1.6300058
mb-04230,train,2.1003706,2.0396383,1.6627579,1.6130505
mb-08161,train,1.544068,1.534546,1.5185139,1.4265977
mb-03481,train,2.1931245,2.2024484,1.7160033,1.6314383
mb-10836,train,1.80618,1.6456763,1.146128,1.0693606
mb-07085,train,2.0413928,2.0806131,1.5185139,1.5338583
mb-10355,train,1.3617278,1.3409488,1.0,0.97408164
mb-07682,train,1.361728,1.2110913,1.20412,1.0608087
mb-07541,train,1.4471581,1.4198465,0.9542425,1.0981362
mb-04354,train,1.7853298,1.8546538,1.50515,1.6030349
mb-04130,train,2.0606978,1.998957,1.6232493,1.5701767
mb-07959,train,1.9912262,1.9197352,1.7993406,1.7130368
mb-08370,train,1.9637878,1.9339225,1.462398,1.5140766
mb-05277,train,1.7993406,1.7463735,1.6127839,1.5418419
mb-00330,train,1.5051501,1.37553,1.2787536,1.1559573
mb-09355,train,1.90309,1.8960919,1.4771212,1.5215479
mb-08689,train,1.1139433,1.0807606,1.0,0.957912
mb-08721,train,0.60206,0.6307552,0.30103,0.3204857
mb-03129,train,2.264818,2.1252959,1.6127839,1.6343572
mb-02231,train,2.1522884,2.0713327,1.5682018,1.496926
mb-05170,train,2.1583624,2.1734028,1.7781513,1.8432336
mb-09625,train,1.690196,1.7004094,1.50515,1.4936798
mb-06388,train,2.3424227,2.3424425,1.9444827,2.0014327
mb-10603,train,2.2227166,2.177774,1.9294189,1.8858683
mb-06808,train,2.1875207,2.1521325,1.9867717,1.9420238
mb-06887,train,1.8633229,1.8388962,1.5185139,1.441622
mb-04305,train,1.4771214,1.500401,1.20412,1.2609535
mb-04404,train,2.139879,2.1038322,1.7853298,1.7179966
mb-08206,train,1.2787536,1.4959036,1.3424227,1.3906983
mb-02633,train,1.9395192,1.9317925,1.763428,1.7358557
mb-00591,train,1.230449,1.1208339,0.845098,0.7908188
mb-08374,train,1.6720979,1.7131233,1.462398,1.506282
mb-09143,train,1.5797836,1.5076296,1.3802112,1.4164755
mb-01684,train,2.232996,2.196383,1.9138138,1.9242599
mb-08578,train,1.6127839,1.6385114,1.3424227,1.3899236
mb-00723,train,1.94939,1.9776092,1.8976271,1.8304622
mb-03257,train,2.421604,2.4712017,2.133539,2.2253287
mb-07265,train,1.5910647,1.6403817,1.30103,1.3334112
mb-02827,train,2.303196,2.2898457,1.9637878,1.9372506
mb-03715,train,1.1139433,1.158221,1.0413927,1.0372665
mb-01548,train,0.30103,0.21618256,0.0,-0.06463432
mb-02982,train,2.0253057,1.9180557,1.4771212,1.4832348
mb-02664,train,1.8976271,1.8485096,1.7323937,1.6610793
mb-10909,train,2.3521824,2.3594804,1.9731278,1.992108
mb-08638,train,2.089905,2.1167176,1.60206,1.6767559
mb-07729,train,1.6434528,1.7419667,1.4913617,1.6075805
mb-06906,train,1.7075702,1.7405286,1.230449,1.3239596
mb-07579,train,2.25042,2.2038147,1.9444827,1.8102989
mb-01586,train,1.0,0.94203,0.7781513,0.75762814
mb-06084,train,1.4771214,1.5657308,1.2787536,1.3585174
mb-10636,train,2.10721,2.0675762,1.4149734,1.474653
mb-03148,train,1.4913617,1.9888935,1.462398,1.6351757
mb-02756,train,1.9242793,1.8290437,1.6232493,1.5457417
mb-03303,train,2.0086002,2.022378,1.6812413,1.7369075
mb-00043,train,1.9294189,2.0317862,1.5797836,1.6837689
mb-10270,train,1.763428,1.7343279,1.3802112,1.4571232
mb-02887,train,1.9912261,1.9452448,1.5314789,1.5581975
mb-10422,train,1.6901962,1.5279335,1.3424227,1.3793471
mb-09322,train,2.340444,2.321793,2.0569048,2.0251915
mb-05514,train,1.8388492,1.890014,1.6127839,1.7061752
mb-08101,train,2.2253094,2.1515627,1.8573325,1.7808832
mb-07436,train,1.763428,1.6813774,1.4913617,1.4252441
mb-04240,train,1.7403626,1.7093619,1.4771212,1.5085288
mb-01003,train,2.4014006,2.448535,2.1038036,2.1589022
mb-00286,train,1.4771212,1.3265818,1.146128,1.1439605
mb-01710,train,1.2552725,1.2368983,0.90309,0.93898964
mb-04564,train,1.9777236,1.9641695,1.4771212,1.4521313
mb-02321,train,1.39794,1.6568998,0.90309,1.1048605
mb-03660,train,1.6334685,1.5943685,1.20412,1.2941914
mb-09568,train,1.9867717,2.095439,1.748188,1.8555827
mb-01675,train,1.447158,1.7646736,1.60206,1.6758845
mb-09160,train,1.9912261,1.9555392,1.6434526,1.6474915
mb-01292,train,1.3222193,1.2305498,1.0,0.92606735
mb-10130,train,1.9590414,1.985643,1.3617278,1.3755466
mb-10637,train,1.6532125,1.7045851,1.4149734,1.5338485
mb-04295,train,1.80618,1.7761418,1.5314789,1.6317526
mb-01468,train,2.0211892,2.068128,1.90309,1.8012486
mb-07594,train,1.6232493,1.7579124,1.3617278,1.5993454
mb-10018,train,2.0530784,2.0856454,1.8808136,1.9457768
mb-08860,train,1.60206,1.6192257,1.2552725,1.2289736
mb-05300,train,2.423246,2.454094,2.09691,2.1179492
mb-10413,train,1.7160033,1.8640472,1.50515,1.6680098
mb-04022,train,2.3201463,2.248714,1.7323937,1.7549053
mb-01717,train,1.6989701,1.6954075,1.2787536,1.2964224
mb-08178,train,1.7923918,1.7981182,1.462398,1.4242885
mb-00325,train,1.60206,1.5745823,1.447158,1.4427435
mb-07936,train,1.8388491,1.7675085,1.5185139,1.4963045
mb-01888,train,1.4913617,1.1373006,1.3617278,1.0295632
mb-01847,train,2.2405493,2.1594832,1.9344984,1.9000425
mb-01313,train,2.0211892,1.9766501,1.690196,1.7630954
mb-02440,train,2.0,2.0074542,1.4313638,1.4455005
mb-08471,train,2.252853,2.0666444,2.0293837,1.8480351
mb-03903,train,1.3979399,1.379989,0.845098,0.8757915
mb-00192,train,2.0606978,1.6254327,1.5910646,1.3975669
mb-09236,train,2.2552724,2.240888,1.60206,1.6664937
mb-02168,train,2.071882,2.089025,1.8129133,1.854193
mb-00741,train,2.2552724,2.2771144,1.8864907,1.9456475
mb-03429,train,1.8920946,1.9311112,1.7323937,1.7031525
mb-04572,train,1.8692317,1.8323057,1.5440681,1.5766957
mb-07719,train,1.3617278,1.6823976,1.5910646,1.4652717
mb-01830,train,1.8129134,1.6983308,1.5563025,1.4947337
mb-06030,train,2.0086002,1.8553123,1.6627579,1.5653063
mb-06336,train,1.763428,1.7079763,1.3424227,1.3633595
mb-01467,train,1.69897,1.5789071,1.50515,1.3961267
mb-06418,train,2.4065402,2.3764842,2.049218,2.0103693
mb-05283,train,1.6127838,1.5877872,1.4771212,1.4489901
mb-05456,train,2.1702616,2.2024107,1.845098,1.9439051
mb-10203,train,2.0,2.0134685,1.7993406,1.7494105
mb-09970,train,1.6020601,2.0756378,1.230449,1.7577344
mb-07717,train,1.7403628,1.6658418,1.4149734,1.3836384
mb-03395,train,2.390935,2.394289,2.0569048,2.0386224
mb-02435,train,2.209515,2.1938071,1.7075702,1.7319221
mb-04353,train,1.8808136,1.8954573,1.462398,1.458944
mb-01496,train,1.3802114,1.3760481,1.20412,1.2399178
mb-06398,train,1.9395193,1.8912615,1.5682018,1.5058969
mb-05982,train,1.968483,1.9082532,1.4313638,1.4157382
mb-02848,train,1.7781513,1.7375171,1.5440681,1.4870855
mb-10206,train,1.9637878,1.7234342,1.462398,1.4261076
mb-10643,train,2.2355285,2.2451491,1.968483,1.9843686
mb-00014,train,1.8129134,1.7605734,1.146128,1.2002947
mb-03866,train,2.220108,2.0509741,1.5797836,1.4361168
mb-00623,train,1.7708521,1.7073193,1.5440681,1.4717718
mb-04535,train,1.8692317,1.6773307,1.6532125,1.5954052
mb-08334,train,2.10721,2.0902429,1.6334685,1.689924
mb-05865,train,2.09691,2.1112118,1.6627579,1.6825291
mb-10014,train,2.1238518,2.0923889,1.968483,1.9309927
mb-00499,train,2.1958997,2.1524303,1.7993406,1.732746
mb-01652,train,1.0413927,0.89413685,0.7781513,0.6833071
mb-02170,train,2.0374265,2.0816162,1.9138138,1.9559207
mb-09808,train,2.2944663,2.24654,1.9912261,1.914073
mb-06178,train,2.0374265,2.0040898,1.5314789,1.6103463
mb-02868,train,1.80618,1.9401463,1.6127839,1.6649458
mb-06315,train,1.8512584,1.8715131,1.39794,1.4355583
mb-09313,train,1.8512583,1.7116945,1.3222193,1.24965
mb-02904,train,2.390935,2.3090587,1.6434526,1.9273616
mb-03731,train,1.8573325,1.8157057,1.7160033,1.619886
mb-04643,train,2.3283796,2.2869864,1.8325089,1.8231127
mb-10776,train,1.8512584,1.8090737,1.2787536,1.3790624
mb-07886,train,2.1105897,2.0762782,1.4313638,1.3456354
mb-03658,train,1.6627579,1.647566,1.5563025,1.4963905
mb-06835,train,1.39794,1.320127,0.7781513,0.7321046
mb-05685,train,2.357935,2.225966,1.8976271,1.8862878
mb-02815,train,1.2552725,1.2720597,0.9542425,0.9960479
mb-00879,train,2.1461282,2.1287398,1.908485,1.930216
mb-10362,train,1.6232493,1.5850495,1.60206,1.5356175
mb-09199,train,2.1903317,2.1617136,1.447158,1.4610857
mb-09134,train,2.2479732,2.2265306,1.5185139,1.6218307
mb-07012,train,1.5563025,1.5693175,1.30103,1.3674629
mb-08634,train,2.0374265,1.967674,1.7323937,1.6459941
mb-05663,train,1.8976271,1.7868706,1.6627579,1.6262994
mb-10388,train,1.8633227,1.8976446,1.447158,1.4889706
mb-00259,train,1.9777236,1.9459615,1.7242758,1.7113765
mb-08391,train,2.1003704,2.1410594,1.7323937,1.7793777
mb-10059,train,2.243038,2.2009022,1.845098,1.7856535
mb-01472,train,2.049218,2.010746,1.7242758,1.6520736
mb-01242,train,1.7558749,1.7190142,1.39794,1.3454823
mb-01031,train,2.20412,2.1573358,1.763428,1.7299147
mb-08157,train,1.6127839,1.5337818,1.0413927,1.0338489
mb-08307,train,1.6232493,1.5984461,1.230449,1.1787567
mb-00291,train,2.143015,2.15076,1.8325089,1.8745006
mb-08079,train,2.0569048,2.0629563,1.2552725,1.3497531
mb-10681,train,2.4502492,2.0934615,1.5563025,1.3297663
mb-04434,train,1.6127839,1.6016961,1.4149734,1.3738288
mb-00172,train,1.7853298,1.9371214,1.4913617,1.6475059
mb-10699,train,2.133539,2.0207007,1.462398,1.4295112
mb-03514,train,2.2648177,2.2707984,1.9731278,1.9640819
mb-05820,train,2.1367207,2.1337087,1.819544,1.8078871
mb-04947,train,2.1398792,2.1088307,1.8512584,1.8141284
mb-05436,train,1.1760912,1.1745553,0.845098,0.88327694
mb-01305,train,1.39794,1.3978064,1.1760913,1.1439092
mb-03221,train,1.8920946,1.8077617,1.3802112,1.3860688
mb-08314,train,1.5910647,1.518466,1.30103,1.3006086
mb-02793,train,1.9242792,1.9007754,1.7242758,1.7896526
mb-08536,train,2.1038036,2.1166906,1.8260748,1.8497077
mb-02381,train,1.20412,1.1963054,0.90309,0.98433256
mb-08265,train,1.6127839,1.6658354,1.3802112,1.4260749
mb-00265,train,2.1139433,2.1112084,1.8388491,1.8208647
mb-07105,train,1.20412,1.6131306,1.6127839,1.5524474
mb-02101,train,2.292256,2.2147453,1.819544,1.8448572
mb-00979,train,2.1105897,2.046556,1.9242793,1.8844925
mb-06487,train,1.90309,1.8969225,1.0413927,1.1129236
mb-05708,train,1.763428,1.8029462,1.2787536,1.3291228
mb-02146,train,1.6127839,1.5638708,1.30103,1.2814502
mb-01554,train,2.2671716,2.2055833,2.0374265,1.8658494
mb-08318,train,1.9637879,1.7359437,1.5563025,1.4469558
mb-05735,train,1.9590414,1.9003863,1.8129133,1.7359384
mb-07038,train,1.9190781,1.8047318,1.6434526,1.5766624
mb-04352,train,2.232996,2.1902525,1.8808136,1.8124535
mb-00926,train,1.9395193,1.9538211,1.7558749,1.7869658
mb-09029,train,1.8573325,1.9302433,1.7558749,1.6989478
mb-05582,train,2.2600713,2.1517344,1.8692317,1.9116206
mb-04390,train,2.1003704,2.1004765,2.1583624,2.0191855
mb-01094,train,2.075547,2.0330906,1.9138138,1.8736506
mb-08861,train,1.6720978,1.4679124,1.5185139,1.3291817
mb-01703,train,2.1875207,2.1649728,2.0,1.9425029
mb-05421,train,1.3617278,1.4531552,1.3802112,1.2057018
mb-10268,train,1.9242792,1.8846688,1.447158,1.4600396
mb-00841,train,2.5145478,2.365872,2.292256,2.0893111
mb-03589,train,1.5682018,1.5137846,1.2552725,1.2113433
mb-00997,train,2.390935,2.4212785,2.0293837,2.064989
mb-01480,train,2.1398792,2.1456804,1.8512584,1.9678981
mb-02331,train,2.506505,2.4142537,2.350248,2.3058503
mb-05324,train,2.2479732,2.142128,1.8976271,1.8167762
mb-06688,train,2.25042,2.282273,1.8808136,1.9008844
mb-07278,train,2.2013972,2.10217,1.8920946,1.830709
mb-01982,train,1.9867717,1.9051836,1.9138138,1.8410611
mb-05646,train,1.819544,1.8502713,0.90309,0.9750618
mb-07443,train,1.7558749,1.7084352,1.3617278,1.3355981
mb-02483,train,0.845098,0.83861446,0.69897,0.6833988
mb-01110,train,1.8808136,1.8160101,1.763428,1.77355
mb-05151,train,2.2576785,2.245243,1.748188,1.7790647
mb-10778,train,0.60205996,0.5366571,1.0,1.0445895
mb-07722,train,2.3856063,2.234189,1.9395193,1.8741022
mb-07474,train,1.94939,1.9416245,1.5563025,1.5460058
mb-01197,train,0.90309,0.9658654,0.69897,0.7499059
mb-02677,train,1.5185139,1.4424002,1.146128,1.1008477
mb-09792,train,1.7634281,1.6100411,1.5440681,1.4608318
mb-08167,train,2.209515,2.2201889,1.7853298,1.8824787
mb-02932,train,1.5910646,1.583804,1.3617278,1.3915763
mb-05846,train,2.1875207,2.184218,1.7923917,1.844443
mb-03751,train,1.6532125,1.5316147,1.462398,1.3474461
mb-10326,train,1.897627,1.9820509,1.6720978,1.8140485
mb-09471,train,1.0,0.96471703,0.60206,0.6399272
mb-01649,train,1.3617278,0.92413294,0.47712126,0.5538384
mb-03033,train,1.5563024,1.4989296,1.3222193,1.2771914
mb-06165,train,1.763428,1.6913779,1.2787536,1.2348703
mb-03405,train,1.819544,1.8320949,1.5185139,1.6401328
mb-04549,train,1.9444826,1.927737,1.5797836,1.5578164
mb-01153,train,1.1760912,1.2658104,1.0791812,1.1239343
mb-02363,train,1.7708521,1.7685286,1.3424227,1.415313
mb-09810,train,2.0492182,1.9827867,1.7781513,1.7928846
mb-03282,train,1.9030899,1.9260142,1.6720978,1.7295278
mb-04519,train,2.10721,2.1014347,1.5185139,1.582134
mb-03091,train,2.0492182,1.9559042,1.7993406,1.7656698
mb-04722,train,2.0043213,2.0199902,1.6720978,1.734879
mb-01574,train,2.0934217,2.1521547,1.8692317,1.8973091
mb-08109,train,1.7242758,1.762858,1.5185139,1.5932912
mb-00730,train,1.845098,1.8648537,1.6232493,1.5907617
mb-02453,train,1.6812413,1.6718285,1.0413927,1.1254447
mb-01720,train,2.2455127,2.2126846,2.0,1.9900653
mb-02314,train,2.220108,2.1859248,1.9956352,1.9316928
mb-03798,train,1.9138138,1.8350905,1.7323937,1.6747693
mb-03929,train,2.0374265,1.9121974,1.50515,1.413443
mb-05849,train,2.1038036,2.0721717,1.5910646,1.5779408
mb-00991,train,2.376577,2.3757348,2.09691,2.1039295
mb-05602,train,1.7160033,1.7392354,1.4771212,1.361145
mb-02400,train,0.90309,0.867844,0.60206,0.56593007
mb-05292,train,2.1172712,2.0197196,1.748188,1.6590583
mb-10163,train,1.770852,1.624977,1.5910646,1.4686345
mb-04533,train,0.7781513,0.8621831,0.60206,0.7945266
mb-10436,train,2.4871383,2.3973207,2.3096302,2.2099786
mb-09973,train,1.6720979,1.7034507,1.2552725,1.2722121
mb-09939,train,1.4149733,1.3325303,1.0791812,1.0381325
mb-09247,train,2.3521824,2.336266,1.8633229,2.019887
mb-04367,train,2.1038036,2.0777159,1.8692317,1.7396783
mb-02296,train,2.075547,1.9755745,1.9344984,1.878207
mb-08023,train,1.80618,1.8087494,1.462398,1.5132574
mb-02300,train,1.0,1.158628,0.69897,0.82688206
mb-09088,train,2.232996,2.1149573,2.049218,1.9804697
mb-03955,train,1.8260748,1.9119569,1.4149734,1.5617651
mb-03928,train,1.8325089,1.7986773,1.50515,1.5094104
mb-07439,train,1.146128,1.1367779,0.69897,0.77129775
mb-09707,train,2.155336,2.1108518,1.763428,1.7317718
mb-06232,train,1.447158,1.4678053,1.3222193,1.337916
mb-01844,train,1.9242792,1.6474683,1.69897,1.3953443
mb-10884,train,2.61066,2.631709,2.363612,2.409581
mb-05326,train,2.120574,2.2168722,1.7075702,1.8203006
mb-09196,train,2.0569048,2.0720854,1.7323937,1.7517493
mb-09856,train,2.0,2.0582542,1.6127839,1.7358642
mb-06073,train,1.80618,1.7966812,1.2552725,1.2673166
mb-01213,train,2.2552724,2.1214225,2.064458,1.9708953
mb-10894,train,2.463893,2.226026,1.8512584,1.8593826
mb-04269,train,1.5440681,1.558676,1.3617278,1.3278651
mb-06181,train,2.3541086,2.3338647,1.9242793,1.9740479
mb-03339,train,2.0,2.0242822,1.690196,1.700892
mb-01779,train,1.929419,2.019156,1.3424227,1.4338022
mb-04129,train,1.6532125,1.5764613,1.30103,1.3152789
mb-10126,train,1.9637878,1.9316676,1.7242758,1.7480915
mb-00385,train,0.7781513,0.7964237,0.69897,0.8152633
mb-05266,train,2.2355285,2.2864814,1.8692317,1.9200644
mb-10183,train,1.690196,1.7891147,1.3802112,1.4346985
mb-03602,train,2.3201463,2.2199585,2.1958997,2.1331093
mb-05269,train,1.9867718,1.9089422,1.7993406,1.5948105
mb-05230,train,1.8325089,1.8704811,1.7242758,1.775449
mb-05974,train,1.8129133,1.751036,1.50515,1.4216301
mb-07423,train,1.3424227,1.2801095,0.69897,0.62588596
mb-00981,train,1.6901962,1.6669707,1.462398,1.4148291
mb-05082,train,2.3324385,2.2718248,2.0253057,1.9923788
mb-06653,train,1.4313638,1.1678174,1.146128,1.0389602
mb-00434,train,1.3617278,1.291688,1.146128,1.1128451
mb-01700,train,0.8450981,0.94348323,0.60206,0.66789263
mb-01315,train,1.9395192,1.8666017,1.5797836,1.610474
mb-06515,train,2.2552724,2.1976357,2.1303337,2.0808897
mb-03247,train,2.2380462,2.1733007,1.8388491,1.7683094
mb-01357,train,2.2966652,2.2018664,2.0530784,1.9033583
mb-01694,train,1.531479,1.5392214,1.4313638,1.4442747
mb-01599,train,1.9242792,1.9000815,1.7160033,1.6809039
mb-08409,train,2.1846914,2.159205,1.8512584,1.7851745
mb-03759,train,1.819544,1.7652925,1.4313638,1.428074
mb-07205,train,2.1958995,2.184277,1.690196,1.74863
mb-09723,train,0.47712126,0.5027995,0.0,0.11211121
mb-00568,train,1.3424226,1.5796269,1.447158,1.4933834
mb-05144,train,0.47712126,0.43141407,0.30103,0.25816298
mb-00719,train,2.0827854,2.065844,1.80618,1.8746635
mb-07907,train,1.30103,1.2580104,1.146128,1.1088994
mb-06326,train,2.1673174,2.1388607,1.7323937,1.7786674
mb-08205,train,1.20412,1.2435048,0.90309,0.9196688
mb-09892,train,1.968483,2.0888164,1.7160033,1.7238231
mb-06298,train,1.7403628,1.7363764,1.2787536,1.3466579
mb-02741,train,2.307496,2.2476466,1.7558749,1.7299936
mb-03435,train,1.5682018,1.5496219,1.3424227,1.351564
mb-02318,train,1.5682018,1.5126194,1.2552725,1.2858958
mb-08271,train,2.2479732,2.1359823,1.8129133,1.8057549
mb-05912,train,1.5440681,1.5359994,1.230449,1.3203908
mb-00131,train,2.0086002,1.9844114,1.6627579,1.7128465
mb-00227,train,0.60206,0.6135831,0.47712126,0.49467278
mb-05057,train,1.7708521,1.8010269,1.2787536,1.2878652
mb-08309,train,1.4471581,1.3557346,1.20412,1.1361749
mb-01433,train,1.3222194,1.2835405,0.90309,0.8932734
mb-02332,train,2.2227166,2.1762493,1.7781513,1.7561331
mb-00779,train,2.1583624,2.0431867,1.8808136,1.8839073
mb-06817,train,2.3926969,2.3386064,2.09691,2.0391583
mb-07727,train,1.748188,1.6725509,1.462398,1.4306328
mb-05773,train,2.120574,2.1474998,1.6720978,1.713648
mb-10666,train,2.340444,2.2232318,1.9242793,1.899354
mb-03534,train,2.243038,2.2002034,2.0128372,1.9288919
mb-00761,train,2.10721,1.9986774,1.8808136,1.7838255
mb-09548,train,1.9444827,2.1401129,1.7323937,1.8338193
mb-01404,train,1.9444827,1.9274527,1.6434526,1.6506406
mb-02687,train,1.4913617,1.5557966,1.30103,1.222123
mb-07466,train,2.0530784,1.8660054,1.6532125,1.6239139
mb-08288,train,2.220108,2.0821056,1.770852,1.6951933
mb-00774,train,2.2504199,2.211022,2.0791812,2.0318358
mb-08557,train,1.8864908,1.7374262,1.6334685,1.5359949
mb-09422,train,1.230449,1.1999638,0.90309,0.8382979
mb-07481,train,2.1003706,2.0365503,1.8750613,1.814212
mb-09084,train,1.6720978,1.6867661,1.447158,1.3735763
mb-05886,train,2.357935,2.3227549,1.908485,1.8824806
mb-06740,train,1.8195438,1.6027203,1.5314789,1.3937069
mb-03441,train,1.2787536,1.2822502,1.1139433,1.1198753
mb-09281,train,1.9777236,1.9790137,1.6434526,1.7058262
mb-01183,train,2.1271048,2.2315214,1.8260748,1.9087706
mb-08558,train,2.1818435,2.2335086,1.6232493,1.4990633
mb-10068,train,2.39794,2.3159218,2.0606978,2.0244029
mb-07303,train,2.0569048,2.103875,1.80618,1.838836
mb-00819,train,2.3502479,2.3377497,2.0253057,1.9690908
mb-03969,train,2.2121875,2.2188036,2.0863597,2.1014264
mb-05465,train,2.2405493,2.182179,1.8808136,1.9160156
mb-08148,train,2.2944663,2.2420633,1.8573325,1.8650173
mb-00085,train,1.5682018,1.3787458,1.0413927,1.016273
mb-06957,train,2.326336,2.2496624,1.7075702,1.745708
mb-01776,train,1.7853298,1.784265,1.7075702,1.6631664
mb-03550,train,2.2355285,2.1874535,1.7923917,1.7900361
mb-06157,train,1.5910647,1.501513,1.4913617,1.4174805
mb-07200,train,2.3384564,2.2929966,1.9138138,1.9407173
mb-09362,train,1.1760912,1.1889985,0.845098,0.8929623
mb-05932,train,2.0374265,2.024118,1.69897,1.6579323
mb-07840,train,2.029384,1.9011052,1.8325089,1.7604738
mb-00500,train,2.1430147,2.0934932,1.770852,1.7048985
mb-10294,train,1.7781513,1.7107254,1.5314789,1.5461534
mb-05231,train,1.763428,1.7244399,1.447158,1.4112874
mb-00152,train,2.1238515,2.172905,1.7853298,1.8845954
mb-00759,train,1.9731278,2.0249171,1.748188,1.7957399
mb-03512,train,1.3802112,1.4058928,1.30103,1.1800207
mb-07307,train,1.6989701,1.7544436,1.2787536,1.3410426
mb-04819,train,1.8325088,1.953198,1.447158,1.5567309
mb-00026,train,1.8864907,1.8375113,1.2552725,1.3500056
mb-08147,train,1.3222194,1.1524667,0.9542425,0.8484261
mb-00964,train,2.2810335,2.3210685,2.1522884,2.0744445
mb-07361,train,1.6232493,1.5963849,1.3222193,1.3763628
mb-04040,train,1.9138138,1.8628585,1.50515,1.4817268
mb-00086,train,1.20412,1.2684102,0.7781513,0.9182955
mb-09124,train,2.1238518,2.0871935,1.4149734,1.47894
mb-09239,train,2.2810333,2.19757,1.8920946,1.8599533
mb-05499,train,1.4771214,1.261378,1.20412,1.1046832
mb-09652,train,2.3463528,2.270915,2.0681858,2.057148
mb-09491,train,1.7323937,1.7033799,1.5563025,1.5187832
mb-05716,train,2.09691,2.047676,1.6720978,1.6369294
mb-10749,train,1.6127839,1.5965385,1.2552725,1.2958472
mb-04187,train,1.146128,1.596123,1.3617278,1.3225574
mb-05447,train,1.8750613,1.7162184,1.447158,1.4338897
mb-04039,train,2.1818435,2.0950909,1.60206,1.5613722
mb-03215,train,2.4031205,2.4155312,2.164353,2.090403
mb-05022,train,2.0086002,2.0105586,1.763428,1.8471123
mb-01509,train,1.6901962,1.4157069,1.2787536,1.17542
mb-06008,train,1.845098,1.8783844,1.3424227,1.4091473
mb-08709,train,2.2944663,2.2305229,1.8573325,1.844378
mb-03821,train,1.8864908,1.8436228,1.6812413,1.5765114
mb-09346,train,2.20412,2.1931145,1.9294189,1.976048
mb-04588,train,2.252853,1.82286,1.0413927,0.8179827
mb-06521,train,1.5797837,1.6117475,1.30103,1.3266355
mb-00095,train,2.1731863,2.1385183,1.7781513,1.7739862
mb-07748,train,1.6627579,1.5834402,1.4149734,1.372357
mb-00080,train,2.0043213,1.9326689,1.7242758,1.7389724
mb-08443,train,1.9542425,1.9375192,1.845098,1.7847788
mb-04845,train,2.0606978,2.0782096,1.8573325,1.9165187
mb-04818,train,2.0128372,1.941104,1.690196,1.7262294
mb-10290,train,2.0293837,2.0297563,1.5314789,1.5455546
mb-05813,train,2.3304138,2.3035803,1.9444827,2.008106
mb-08603,train,2.2900345,2.2909489,2.0827854,2.1326346
mb-07500,train,1.748188,1.7528188,1.230449,1.2400985
mb-05307,train,0.7781513,0.72958684,0.47712126,0.47829247
mb-00056,train,2.0934217,2.080641,1.9542425,1.9264221
mb-10798,train,1.5797837,2.2891045,1.9190781,2.0347865
mb-05438,train,2.0569048,1.760531,1.5682018,1.452132
mb-00486,train,1.8325089,1.920742,1.50515,1.4982736
mb-07129,train,1.763428,1.7259066,1.447158,1.483099
mb-05678,train,1.748188,1.7285136,1.3424227,1.3874873
mb-04687,train,1.6720978,1.6448883,1.447158,1.4476987
mb-05402,train,2.0128372,2.0353575,1.8808136,1.8611736
mb-01268,train,1.9444827,1.9847425,1.50515,1.7402322
mb-10536,train,1.94939,1.8801694,1.4913617,1.5025593
mb-01211,train,1.2552725,1.2847326,0.845098,0.89669126
mb-00099,train,2.0492182,2.0346837,1.6812413,1.6767014
mb-09028,train,1.9190781,1.7560945,1.5797836,1.6303904
mb-06432,train,1.9138138,1.8814943,1.50515,1.4732316
mb-09150,train,1.6334685,1.5236754,1.230449,1.2783644
mb-02737,train,1.9294189,1.8249869,1.4771212,1.5268008
mb-02110,train,1.9493899,1.9597315,1.7242758,1.7311726
mb-03102,train,2.1038036,2.135136,1.7403626,1.7995908
mb-02794,train,2.3283796,2.2197032,2.071882,2.0825562
mb-06194,train,1.7923918,1.801135,1.20412,1.2723258
mb-08048,train,2.2576785,2.2459097,1.6532125,1.64519
mb-05368,train,2.1731863,1.5598403,1.6232493,1.1058292
mb-01741,train,2.1875207,2.1220877,1.9590414,1.825493
mb-01217,train,2.064458,2.0426507,1.845098,1.8009114
mb-08054,train,1.7923917,1.7219582,1.5797836,1.5835558
mb-03437,train,1.50515,1.4244027,1.1139433,1.0933369
mb-00533,train,1.0791813,1.1534376,0.9542425,1.0071743
mb-07194,train,2.4424796,2.36498,2.4116197,2.3313088
mb-09671,train,2.1105897,2.0921755,1.7558749,1.7467966
mb-01600,train,1.8573325,1.8804117,1.6232493,1.6579624
mb-03677,train,1.9190781,1.9261009,1.462398,1.4959569
mb-06332,train,2.0,2.0242133,1.6720978,1.6832415
mb-08166,train,2.0128374,1.9850594,1.4913617,1.3765653
mb-03917,train,1.7160034,1.6095666,1.6812413,1.6986928
mb-03620,train,1.230449,1.2186077,1.0,1.0142155
mb-05351,train,1.8260747,1.8181524,1.5797836,1.4937639
mb-01108,train,1.0,1.0387335,0.7781513,0.7955409
mb-09277,train,2.1760912,2.167764,1.6434526,1.616869
mb-04605,train,1.9542425,1.9148736,1.690196,1.6072887
mb-03851,train,0.0,1.6175967,1.3222193,1.4502591
mb-10271,train,2.220108,2.1544063,1.9242793,1.9000942
mb-10440,train,1.6532125,1.8381513,1.50515,1.5937939
mb-05391,train,2.2787535,2.191501,1.690196,1.7262194
mb-10030,train,1.8129134,1.9128497,1.5440681,1.6464868
mb-06033,train,2.2405493,2.2076597,1.9344984,1.9862306
mb-02150,train,2.0043213,1.9664094,1.50515,1.5734317
mb-04222,train,1.9344984,1.8041804,1.6232493,1.5505502
mb-04071,train,2.361728,2.4076488,2.178977,2.1665277
mb-03295,train,1.7160033,1.7332411,1.5910646,1.5908982
mb-09390,train,1.9731278,2.0406196,1.7323937,1.7469797
mb-03922,train,1.9242792,1.8681891,1.2552725,1.2062323
mb-01609,train,1.5051501,1.403713,1.1760913,1.1341037
mb-07632,train,1.8808136,1.8162174,1.39794,1.4013996
mb-07263,train,2.3242824,2.264216,1.9822712,1.9619539
mb-03443,train,1.7242758,1.6435192,1.5797836,1.5056719
mb-09517,train,1.9542426,1.8077843,1.5440681,1.4869839
mb-06146,train,2.3820171,2.4313927,2.0934217,2.0804167
mb-03150,train,0.9542425,1.0176895,0.60206,0.63779384
mb-01561,train,2.4116197,2.4493318,2.1583624,2.1478856
mb-08482,train,2.30103,2.258076,1.8692317,1.8576679
mb-10001,train,2.243038,2.1301773,2.0170333,1.9293752
mb-01368,train,1.69897,1.6431278,1.447158,1.3310272
mb-00805,train,2.1038036,2.0281973,1.7403626,1.6733147
mb-06523,train,2.2121878,2.1427493,1.4149734,1.356191
mb-08452,train,1.8633229,1.9024574,1.50515,1.551884
mb-05538,train,1.8061799,1.7524374,1.6720978,1.5796471
mb-03381,train,1.9294189,1.8005095,1.5797836,1.528517
mb-10905,train,1.5910647,1.5462539,1.4313638,1.3806441
mb-07515,train,2.0827854,2.021255,1.7993406,1.7788081
mb-03794,train,1.7558749,1.7069359,1.462398,1.4016924
mb-04379,train,2.1522882,2.1397815,1.6720978,1.6371672
mb-02153,train,2.3747482,2.2935672,1.819544,1.7861629
mb-03734,train,2.0569048,2.0221305,1.5797836,1.5447478
mb-10561,train,1.4471581,1.4485241,1.2552725,1.0966697
mb-10035,train,2.164353,2.2226324,1.8808136,1.8380105
mb-01801,train,2.4393327,2.3602793,2.0043213,2.0332904
mb-05800,train,2.240549,2.137401,2.0606978,1.9852958
mb-10775,train,1.8864908,1.9722269,1.5682018,1.6561846
mb-00070,train,1.0791812,1.4244816,0.845098,1.0673081
mb-07459,train,1.763428,1.7294571,1.4913617,1.4540854
mb-00554,train,2.045323,1.4829934,1.146128,1.1142718
mb-03587,train,1.7558749,1.7478958,1.5682018,1.5455517
mb-09309,train,2.2900345,2.1799347,1.9444827,1.8459723
mb-06494,train,2.2833014,2.3272521,2.0170333,2.0322645
mb-09213,train,2.033424,1.956506,1.6812413,1.705658
mb-01157,train,1.5682018,1.5808318,1.3617278,1.3559918
mb-04602,train,2.1398792,2.1030555,1.30103,1.3906974
mb-07243,train,1.7403626,1.7555323,1.1139433,1.2287227
mb-03753,train,2.206826,2.189838,2.120574,2.0754988
mb-08994,train,2.149219,2.1789107,1.7323937,1.7735457
mb-10580,train,1.30103,1.3665063,1.0,1.2108637
mb-04376,train,1.5910647,1.611343,1.4149734,1.4760739
mb-06175,train,1.8129134,1.7493682,1.2787536,1.2014548
mb-07067,train,1.724276,1.7679559,1.2787536,1.3224422
mb-10550,train,1.9242792,1.9529843,1.7242758,1.7440261
mb-04417,train,1.8129134,1.8922554,1.5563025,1.6180141
mb-02217,train,1.80618,1.795779,1.3617278,1.451303
mb-08412,train,2.146128,2.260829,1.770852,1.7957183
mb-02877,train,2.3180633,2.102892,1.4313638,1.517223
mb-10153,train,1.5682018,2.1110387,1.462398,1.7794509
mb-10409,train,0.90309,0.975458,0.60206,0.71144325
mb-09403,train,2.0128372,1.673002,1.770852,1.550914
mb-07095,train,1.5440681,1.5492427,1.2787536,1.288756
mb-03662,train,1.5910646,1.5702338,1.2552725,1.320329
mb-06409,train,1.6232493,1.636768,1.1760913,1.2515131
mb-09916,train,0.69897,0.7312505,0.47712126,0.5587927
mb-01502,train,2.064458,2.0784242,1.9294189,1.9253869
mb-05389,train,2.2878017,2.2962897,1.9590414,1.9683373
mb-04868,train,2.1038036,2.0642755,1.7323937,1.7074697
mb-10463,train,1.5682018,1.598105,1.3424227,1.3942698
mb-07610,train,2.209515,2.1696844,1.7242758,1.2760781
mb-08744,train,1.3979399,1.4660434,1.1139433,1.1364956
mb-10278,train,2.220108,2.2415555,1.8692317,1.9653968
mb-08247,train,2.2278867,2.2916944,1.9344984,1.9370456
mb-06192,train,1.8864907,1.8261616,1.7160033,1.6487552
mb-08233,train,1.9777236,1.7037662,1.6720978,1.4911835
mb-06874,train,2.363612,2.1992319,2.2455127,2.1260257
mb-01024,train,1.6812413,1.8395199,1.2787536,1.4436579
mb-05570,train,1.9190781,1.8183633,1.3802112,1.2958026
mb-07132,train,2.2833014,2.2341714,1.7323937,1.7080212
mb-10311,train,2.3996737,2.063222,1.9395193,1.7382027
mb-01193,train,2.075547,2.085979,1.7993406,1.8340342
mb-01113,train,1.5910646,1.5277374,1.3617278,1.2838557
mb-03642,train,1.9822712,1.9312118,1.8573325,1.7858176
mb-10524,train,2.571709,2.3057377,2.5831988,2.206237
mb-09250,train,1.8976271,1.8693869,1.0,0.9315019
mb-04489,train,1.8920946,1.9158571,1.6127839,1.7659373
mb-01869,train,1.20412,1.234272,0.90309,1.0044584
mb-06258,train,2.0791812,2.118544,1.7403626,1.7560763
mb-05385,train,1.724276,1.7618644,1.30103,1.3311135
mb-10883,train,1.8976271,1.9507957,1.7558749,1.7420866
mb-04441,train,2.127105,2.126021,2.0413928,1.9901383
mb-07044,train,1.770852,1.7520586,1.3222193,1.4615707
mb-01070,train,1.4771212,1.5714653,1.2552725,1.291924
mb-09601,train,1.6434528,1.5885476,1.20412,1.3885431
mb-01444,train,1.6812413,1.6005021,1.3802112,1.3141803
mb-01422,train,1.7781513,1.5824487,1.4149734,1.3694273
mb-03916,train,2.0128372,1.9035296,1.5797836,1.4207052
mb-02582,train,1.3222194,1.0677557,0.9542425,0.79495126
mb-00215,train,1.5563025,1.5134332,1.30103,1.336648
mb-09928,train,1.8129134,1.7058387,1.4149734,1.3534126
mb-01608,train,1.1760912,1.0960348,1.0413927,0.9732537
mb-07997,train,1.5440681,1.4475081,1.2787536,1.169338
mb-06108,train,1.8325089,1.7625449,1.4771212,1.4716383
mb-04516,train,2.1003704,2.0607615,1.69897,1.6671369
mb-05195,train,2.1583624,2.13464,1.8808136,1.9178038
mb-05998,train,1.60206,1.6483924,1.0791812,1.1993314
mb-09877,train,2.230449,2.105312,1.8573325,1.7266078
mb-01039,train,0.60206,0.5534558,0.30103,0.30878568
mb-08315,train,2.1818438,2.1335218,1.6627579,1.7332612
mb-08568,train,2.139879,2.1430264,1.7323937,1.7563214
mb-06853,train,1.7075702,1.685321,1.30103,1.3740588
mb-06196,train,2.025306,2.0202286,1.6127839,1.5676708
mb-01112,train,2.1731863,2.0762713,1.8129133,1.8629467
mb-02330,train,2.3222191,2.2708774,2.20412,2.1179056
mb-04715,train,2.0,1.9333642,1.7323937,1.7541556
mb-10632,train,1.9242793,1.9843113,1.4913617,1.6027282
mb-03569,train,1.6989701,1.6549212,1.462398,1.4956944
mb-05192,train,1.7160034,1.6658096,1.39794,1.3501909
mb-06386,train,1.8260748,1.7800286,1.462398,1.4620622
mb-01584,train,1.5051501,1.4138577,1.1760913,1.1602479
mb-06862,train,2.120574,2.0917048,1.50515,1.5584868
mb-03873,train,2.252853,2.2292802,1.9912261,1.962189
mb-04207,train,2.1038036,2.1217453,1.90309,1.9673355
mb-08761,train,2.326336,2.337057,2.075547,2.0872645
mb-06419,train,1.3424227,1.217752,1.2787536,1.1545588
mb-07639,train,1.8129134,1.8623481,1.462398,1.5190742
mb-07756,train,1.9242793,1.8207976,1.4913617,1.4508762
mb-03882,train,2.0293837,1.9915285,1.6434526,1.6008308
mb-06050,train,1.8325089,1.8109845,1.3802112,1.3974544
mb-03404,train,1.6812413,1.6309205,1.50515,1.4689956
mb-04266,train,2.3324385,2.2897933,1.9395193,1.997927
mb-05831,train,1.7323937,1.702354,1.3424227,1.3581805
mb-09906,train,1.7403626,1.8334109,1.4771212,1.5909686
mb-08552,train,2.50515,2.5645773,2.3324385,2.3039718
mb-07076,train,2.2227166,2.1837587,1.968483,1.9476507
mb-04952,train,1.90309,1.9061869,1.7781513,1.8197796
mb-02860,train,2.2405493,2.1315646,1.968483,1.908726
mb-02117,train,2.1139433,2.091003,1.7075702,1.7253547
mb-00165,train,1.5440681,1.5263278,1.3617278,1.4484574
mb-02132,train,1.5185139,1.4140328,1.2552725,1.2371379
mb-06842,train,1.748188,1.552122,1.462398,1.2982389
mb-01430,train,2.382017,2.381074,2.045323,2.0362957
mb-09001,train,2.3344536,2.2682312,2.1038036,1.9732279
mb-09595,train,1.5440681,1.5651917,1.0,1.1167195
mb-06518,train,2.292256,2.2893019,1.9444827,1.9395845
mb-09991,train,1.8129134,1.7884792,1.5440681,1.6432837
mb-08485,train,2.2253094,2.0034046,1.5682018,1.5426551
mb-05294,train,1.4313638,1.2773118,1.2552725,1.1234475
mb-01056,train,1.146128,1.1408373,0.69897,0.75903606
mb-04803,train,1.9344984,1.839833,1.8129133,1.5547509
mb-05038,train,2.049218,1.9679229,1.5314789,1.5731239
mb-10774,train,0.30103,0.31848106,0.30103,0.38960946
mb-03107,train,1.7853298,1.6476986,1.5910646,1.4702425
mb-03583,train,2.3242824,2.250097,2.139879,2.1388724
mb-04256,train,1.9731278,1.91718,1.845098,1.7347184
mb-02507,train,2.3424227,2.2376242,1.9190781,1.7802947
mb-08700,train,2.0569048,2.0610213,1.748188,1.7559042
mb-10589,train,1.6720979,1.6987404,1.39794,1.4972522
mb-01768,train,1.4313638,1.3540483,0.9542425,0.9816995
mb-02727,train,2.2479732,2.1865733,2.0170333,1.8940353
mb-03806,train,1.6720978,1.8234934,1.4771212,1.5249438
mb-06322,train,1.8692317,1.8413262,1.690196,1.6293637
mb-03352,train,1.9731278,1.6557269,1.462398,1.2369866
mb-10657,train,1.6532125,1.6631551,1.146128,1.2854344
mb-06423,train,1.6720979,1.5942693,1.1760913,1.2265489
mb-06060,train,2.462398,2.3709168,2.1105897,2.0393767
mb-10696,train,2.08636,2.0940018,1.39794,1.512367
mb-07630,train,1.3222193,1.2373307,0.845098,0.87359047
mb-08541,train,1.9542425,1.9098723,1.9822712,1.866351
mb-04927,train,2.0293837,2.002229,1.6720978,1.6971284
mb-04889,train,1.8512583,2.0233405,1.447158,1.6718909
mb-06453,train,2.1875207,2.1511712,1.763428,1.7237982
mb-02947,train,2.1172712,2.1284711,2.0791812,2.085571
mb-00428,train,2.1553361,2.005003,1.9912261,1.8757247
mb-07888,train,1.4771212,1.4084992,1.447158,1.3819432
mb-02750,train,1.39794,1.5467446,1.146128,1.3159575
mb-03739,train,1.7558749,1.7123132,1.5682018,1.4766136
mb-08095,train,2.340444,2.3445804,2.220108,2.145331
mb-03378,train,1.2552725,1.2902062,1.146128,1.1141286
mb-10458,train,2.1172714,1.9087129,1.7075702,1.6333108
mb-07247,train,2.0253057,2.1231432,1.7853298,1.8047223
mb-02207,train,2.120574,2.120091,1.94939,1.9416596
mb-03018,train,1.2787536,1.1918224,1.0,0.9468691
mb-02662,train,2.38739,2.3658412,2.0170333,2.0047033
mb-05664,train,2.346353,2.2934332,2.1367207,1.9973016
mb-05123,train,2.220108,2.1785564,1.60206,1.6016767
mb-09912,train,2.209515,2.1890874,1.6812413,1.6825892
mb-09863,train,2.0827854,2.1710763,1.69897,1.8284014
mb-10475,train,1.6127839,2.0944054,1.3617278,1.7638763
mb-07700,train,1.5910647,1.1776727,1.1760913,0.86291957
mb-06932,train,1.9731278,1.9696382,1.7781513,1.8315616
mb-08248,train,1.6334685,1.9419602,1.4313638,1.5485193
mb-08899,train,2.1553361,2.0278378,1.3424227,1.3570315
mb-05852,train,1.6334685,1.6309725,1.1760913,1.2714128
mb-04369,train,2.4329693,2.442635,2.10721,2.1396627
mb-05814,train,2.1038036,2.1069412,1.447158,1.491475
mb-01743,train,1.5440681,1.5970047,1.4313638,1.4820544
mb-01419,train,1.8325089,1.7453009,1.4913617,1.4914974
mb-00453,train,2.0043213,1.9927927,1.7781513,1.8004655
mb-06916,train,1.90309,1.8621713,1.7242758,1.6484965
mb-02012,train,2.2624512,2.2177439,1.9294189,1.8767606
mb-00670,train,1.7781513,1.7353374,1.6812413,1.640851
mb-02893,train,2.2355285,2.0299032,1.8976271,1.732713
mb-04978,train,2.3324385,2.264911,1.8976271,1.8437501
mb-00015,train,2.2648177,2.2736156,1.8750613,1.9296434
mb-05884,train,2.1038036,2.023897,1.7323937,1.7050068
mb-09482,train,2.3838153,2.2465487,2.0827854,1.903722
mb-06044,train,1.6232493,1.6246641,1.2552725,1.3149185
mb-10046,train,2.0681858,2.020241,1.6334685,1.7018652
mb-09251,train,1.3222193,1.2176838,1.1139433,1.0913188
mb-03861,train,2.4014006,2.3540347,1.8808136,1.9854463
mb-07104,train,1.6720979,1.5124602,1.0413927,1.0583739
mb-03325,train,2.3443923,2.246709,2.2013972,2.1244574
mb-10177,train,1.9190781,1.999372,1.4913617,1.6428139
mb-05332,train,2.1522884,2.1657348,1.7323937,1.7735801
mb-05680,train,2.1003704,2.0938997,1.6720978,1.7155364
mb-09677,train,2.307496,2.260119,1.763428,1.8183533
mb-06747,train,1.5563025,1.454538,1.230449,1.2034197
mb-10100,train,2.5751877,2.4758527,2.2121875,2.1821299
mb-09351,train,1.6232493,1.6027803,1.5314789,1.4142611
mb-08346,train,1.9731278,1.9258815,1.6434526,1.5705538
mb-07089,train,1.724276,1.6967537,1.3424227,1.3186373
mb-03183,train,2.2013972,2.180176,1.90309,1.8377137
mb-07932,train,2.3053513,2.2425394,1.90309,1.8800639
mb-09203,train,2.0413926,1.9516152,1.6434526,1.4786359
mb-00217,train,2.1430147,2.0946975,1.9590414,1.9109141
mb-06607,train,1.4771214,1.4737006,1.20412,1.251837
mb-05180,train,2.3222194,2.2874937,1.8864907,1.9037896
mb-08313,train,1.8388491,1.7535412,1.447158,1.3972747
mb-00873,train,1.5051501,1.6282291,1.4313638,1.5131146
mb-04511,train,1.1760912,1.1630893,0.845098,0.86812866
mb-02210,train,2.0413926,2.1307123,1.9731278,1.9963189
mb-09505,train,1.8864907,1.7953904,1.690196,1.5622226
mb-04373,train,1.7242758,1.7251714,1.4771212,1.5472189
mb-08486,train,1.5440681,1.2587876,1.2787536,1.0448003
mb-05048,train,1.7993406,1.7824987,1.6532125,1.6564288
mb-01133,train,1.462398,1.2294304,1.0,0.8684905
mb-01541,train,1.6627579,1.6253213,1.4149734,1.4440645
mb-09797,train,1.9777236,1.8332484,1.4313638,1.4560665
mb-10622,train,2.1760912,2.1833165,1.6812413,1.7407582
mb-00426,train,2.2479732,2.1553316,2.146128,2.0131092
mb-05156,train,2.075547,2.130569,1.6532125,1.745588
mb-04095,train,2.0128372,1.9335717,1.5563025,1.5906574
mb-03349,train,2.149219,2.219253,1.6627579,1.7185736
mb-03111,train,2.214844,2.1986725,1.94939,1.9819683
mb-10456,train,1.9731278,1.8983793,1.80618,1.8118137
mb-07534,train,1.230449,1.1844368,1.0,0.93539244
mb-02054,train,2.3944516,2.3362222,2.09691,2.0655346
mb-07765,train,2.480007,2.4783373,2.149219,2.1852849
mb-07273,train,1.1760913,1.3416898,1.146128,1.1917645
mb-01347,train,1.8325089,1.8157277,1.4771212,1.4418846
mb-02936,train,1.8808136,1.9456068,1.6812413,1.7346005
mb-04457,train,2.0791812,2.0692937,1.6812413,1.693443
mb-05934,train,2.1238518,2.0899775,1.5682018,1.5309447
mb-09032,train,2.311754,2.2237196,2.133539,2.0376935
mb-07518,train,1.9777236,1.9815774,1.7403626,1.7260288
mb-05159,train,2.3096302,2.3100348,2.045323,1.9841964
mb-00144,train,1.30103,1.3633156,1.146128,1.3047976
mb-06297,train,2.0128372,2.052201,1.5797836,1.6445111
mb-10448,train,1.5314789,1.5197809,1.146128,1.2183614
mb-06062,train,2.2278867,2.2870226,2.0606978,2.0621057
mb-06347,train,1.80618,1.3976363,1.2552725,1.0481229
mb-07571,train,1.3424227,1.488759,1.3802112,1.4158674
mb-00028,train,1.724276,1.5692587,1.3424227,1.2302719
mb-02280,train,1.4471581,1.445555,1.30103,1.3214813
mb-07890,train,2.2988532,2.1777134,1.6232493,1.5736613
mb-09327,train,1.724276,1.499032,1.1760913,0.9935376
mb-07425,train,1.4149734,1.3181736,0.90309,0.9229733
mb-03263,train,1.9590414,1.9268085,1.6720978,1.691366
mb-02291,train,2.1931248,2.1750588,1.6812413,1.1644357
mb-09472,train,2.2900345,2.2578654,2.0253057,1.9278637
mb-01788,train,2.0,2.123757,1.8864907,1.9235984
mb-00690,train,1.8325089,1.7407551,1.60206,1.5133481
mb-00311,train,1.8325089,1.7632744,1.6127839,1.5610356
mb-01469,train,2.1139433,2.0552144,1.9637878,1.8927459
mb-03229,train,2.5105448,2.4541337,2.3053513,2.1609373
mb-04023,train,2.303196,2.235076,2.363612,2.233555
mb-10847,train,2.033424,2.0349393,1.4313638,1.532284
mb-07924,train,0.60205996,1.1272683,0.90309,0.92281693
mb-09851,train,1.9344984,1.9053675,1.7075702,1.754892
mb-08282,train,1.6127839,1.6922693,0.90309,0.97406954
mb-05496,train,2.2966652,2.2359486,2.0,1.9112803
mb-02418,train,1.6232493,1.5453128,1.5563025,1.5022589
mb-02652,train,1.5910647,1.719615,1.39794,1.4959586
mb-05617,train,1.4771214,1.3906001,0.90309,0.88934016
mb-04553,train,2.198657,2.178447,2.049218,2.033821
mb-10651,train,1.3222194,1.4953113,0.7781513,1.0084982
mb-08045,train,2.232996,2.2578034,1.690196,1.7822195
mb-09893,train,1.7708521,1.6938355,1.6127839,1.5102954
mb-08343,train,2.1818438,2.2584772,1.146128,1.1717403
mb-03652,train,2.0413926,2.0948997,1.7242758,1.8319001
mb-09582,train,0.7781513,0.77856445,0.47712126,0.47655475
mb-03541,train,1.4771214,1.5152161,1.3424227,1.348989
mb-02564,train,2.2718415,2.3055878,1.8129133,1.8557061
mb-03255,train,1.6434526,1.9191636,1.4149734,1.6682792
mb-04994,train,2.1139433,2.1090767,1.763428,1.8005242
mb-10243,train,2.0,2.1286678,1.8260748,1.8692306
mb-00615,train,1.462398,1.3359274,0.90309,0.8649549
mb-09853,train,1.690196,1.7138019,1.0413927,1.0786337
mb-00847,train,2.09691,2.1022742,1.690196,1.6562146
mb-03909,train,1.8864908,1.8964114,1.5682018,1.6512059
mb-07162,train,2.1367207,2.106104,1.447158,1.4631122
mb-00081,train,2.2121875,2.1764393,1.9777236,1.9623301
mb-05866,train,2.2528532,2.2634902,1.9395193,1.9701228
mb-02621,train,2.1003706,2.0868945,1.5682018,1.6583111
mb-09070,train,1.4913617,1.674793,1.4149734,1.5307589
mb-08380,train,2.0334237,2.0248857,1.8325089,1.8423467
mb-04779,train,2.326336,2.3373387,2.0934217,2.015755
mb-01643,train,2.1789768,2.1916983,2.049218,2.0921702
mb-03852,train,2.1367207,2.0071633,1.9190781,1.7418971
mb-00484,train,2.2380462,2.2188911,1.763428,1.8126615
mb-02157,train,1.2552725,1.1209807,0.845098,0.79538846
mb-01340,train,2.130334,2.0525591,1.819544,1.7418722
mb-07304,train,0.9542425,0.8303027,0.69897,0.6622776
mb-06879,train,2.1818435,2.2646384,2.071882,2.2000985
mb-08903,train,1.5910646,1.6518509,1.3617278,1.3868634
mb-03708,train,2.20412,2.1494586,1.9395193,1.8361897
mb-07784,train,2.1238515,2.054562,1.8388491,1.8419465
mb-02058,train,0.90309,1.087554,0.9542425,1.030458
mb-05712,train,2.2380462,2.204503,1.8920946,1.873627
mb-03626,train,1.724276,1.6830566,1.6532125,1.5655271
mb-01777,train,2.1583624,2.1643927,1.8976271,1.9674977
mb-08824,train,2.1702616,2.1060019,1.770852,1.7762328
mb-06992,train,2.2121875,2.2345543,1.8808136,1.8200802
mb-06646,train,2.178977,2.1596243,1.770852,1.7681682
mb-00178,train,2.2718415,2.2392678,1.9242793,1.914817
mb-10089,train,1.6434528,1.6571548,1.30103,1.3452668
mb-09546,train,1.7993406,1.5629548,1.39794,1.2938712
mb-08856,train,2.133539,2.1101696,1.690196,1.6912711
mb-09920,train,2.2900345,2.244786,1.819544,1.8492713
mb-06746,train,2.209515,2.1532607,1.6434526,1.7130756
mb-04906,train,0.90309,0.92466545,0.69897,0.7663397
mb-00691,train,1.8976271,1.905652,1.50515,1.5953072
mb-03728,train,1.9138138,1.8026115,1.6434526,1.4979483
mb-07893,train,1.9344985,1.8536642,1.5563025,1.6537306
mb-01146,train,1.146128,1.0975775,0.90309,0.8752298
mb-06182,train,1.90309,1.8746462,1.5797836,1.6510537
mb-07591,train,1.908485,1.9374607,1.5682018,1.5889875
mb-06130,train,1.5682018,1.5576143,1.3802112,1.3067799
mb-07047,train,1.9190781,1.8424807,1.6127839,1.6302768
mb-04063,train,1.8129134,1.8323995,1.6334685,1.654389
mb-06855,train,1.7160034,1.7179831,1.230449,1.3162558
mb-08063,train,1.6627579,1.6918287,1.2552725,1.3420362
mb-00682,train,2.3180633,2.2515059,2.0827854,2.0951118
mb-07464,train,2.0644581,2.0473948,1.7993406,1.7886884
mb-04734,train,1.8512583,1.7899384,1.5797836,1.6080327
mb-04999,train,1.3617278,1.3825657,1.1139433,1.1283803
mb-07120,train,1.8388491,1.7670584,1.5185139,1.4959292
mb-05158,train,1.9956352,1.9234636,1.6434526,1.5715238
mb-07134,train,1.8129134,1.7624493,1.6334685,1.6197006
mb-00668,train,1.9444827,1.8638211,1.6232493,1.5684406
mb-02915,train,1.9956352,1.9427065,1.7242758,1.6573665
mb-10658,train,2.0791812,2.0384102,1.3802112,1.3973417
mb-07325,train,1.724276,1.6607531,1.4913617,1.4434929
mb-01538,train,2.1303337,2.0648854,1.7323937,1.7322494
mb-08261,train,2.0,1.8351765,0.30103,0.45994925
mb-04807,train,1.9493899,1.8778152,1.69897,1.6676402
mb-00579,train,1.2787535,1.4984257,1.4771212,1.4319282
mb-07396,train,1.3222194,1.2861629,0.9542425,0.9518912
mb-02559,train,1.30103,1.280116,0.7781513,0.84621245
mb-08672,train,1.7634281,1.6449847,1.4313638,1.3322864
mb-08019,train,1.518514,1.4671261,1.1760913,1.2150978
mb-03065,train,1.230449,1.0442698,1.1139433,0.9937471
mb-02111,train,1.5185139,1.5280874,1.3617278,1.4555011
mb-09624,train,2.2810333,2.2486122,1.9956352,1.8912317
mb-00101,train,1.4913617,1.4305122,1.30103,1.294656
mb-07025,train,2.230449,2.1538968,1.8692317,1.8091905
mb-02698,train,1.6720978,1.6469996,1.5797836,1.5191236
mb-08794,train,2.3996737,2.4007258,2.049218,2.1256552
mb-01432,train,0.7781513,0.7862298,0.30103,0.42637467
mb-06664,train,2.3283796,2.1400623,2.2718415,2.132951
mb-06408,train,1.6434526,1.8305068,1.5185139,1.6763422
mb-04398,train,1.4771214,1.4053175,1.2787536,1.2575719
mb-08890,train,2.0,1.7571125,1.5314789,1.3400815
mb-05221,train,2.025306,2.0114636,1.90309,1.9101965
mb-06661,train,2.0128372,2.0873008,1.7993406,1.926506
mb-06252,train,2.2855573,2.2240896,1.9190781,1.8351414
mb-07298,train,2.10721,2.1312897,1.8388491,1.867835
mb-00925,train,1.447158,1.3697022,1.1139433,1.1122832
mb-08698,train,1.724276,1.7828186,1.1760913,1.2957509
mb-03070,train,1.0791812,1.0182602,0.845098,0.9251544
mb-04758,train,1.7242758,1.7243447,1.4149734,1.463372
mb-00911,train,1.913814,1.8383619,1.5440681,1.5559536
mb-06137,train,1.6232493,1.6265544,1.1139433,1.2021813
mb-00869,train,1.9190781,1.7626634,1.7558749,1.519978
mb-03622,train,1.90309,1.7955796,1.690196,1.6626085
mb-08545,train,2.20412,2.220641,1.8129133,1.8980343
mb-06930,train,1.7993405,1.8066204,1.6720978,1.6685617
mb-05140,train,1.724276,1.6556847,1.3424227,1.4046316
mb-03156,train,2.518514,2.507578,2.1818435,2.257341
mb-07049,train,1.7558749,1.7560954,1.230449,1.302461
mb-10396,train,1.0,0.91440254,0.69897,0.7194354
mb-03936,train,2.2278867,2.1232264,1.9637878,1.8071591
mb-05058,train,2.220108,2.2230294,1.6720978,1.825209
mb-09011,train,2.0530784,2.1360643,1.94939,2.0455275
mb-08525,train,2.1613681,2.130562,1.9395193,1.9529433
mb-01873,train,2.1673174,2.1173215,1.8573325,1.8132266
mb-08621,train,1.9822712,1.9704382,1.2552725,1.2801449
mb-03082,train,1.4313638,1.389465,1.1139433,1.1689332
mb-01570,train,1.9344984,1.8871944,1.763428,1.7404528
mb-06671,train,1.4313638,1.2568431,1.30103,1.1121264
mb-07774,train,1.30103,1.2001237,0.90309,0.888926
mb-09870,train,1.8512583,1.703327,1.2552725,1.3072015
mb-01971,train,2.2988532,2.1813889,1.8325089,1.7166378
mb-00433,train,1.4471581,1.3448352,1.146128,1.1027598
mb-10477,train,1.9777236,1.9928148,1.7853298,1.821123
mb-00957,train,1.146128,0.9579242,0.90309,0.7660841
mb-02438,train,1.913814,1.8749193,1.7993406,1.7943071
mb-01614,train,2.307496,2.2058194,2.0374265,1.9132859
mb-03053,train,1.4313638,1.414253,1.230449,1.172347
mb-06120,train,1.5910647,1.7179136,1.39794,1.4256009
mb-03792,train,2.0530784,2.1085641,1.8260748,1.8013624
mb-06483,train,2.4361625,2.4947352,2.146128,2.1633146
mb-06213,train,1.8260748,1.7629789,1.4913617,1.4690746
mb-00048,train,2.0211892,2.0503194,1.7558749,1.8381392
mb-10925,train,1.8129134,1.8173265,1.5682018,1.5357524
mb-10508,train,2.149219,2.217194,1.50515,1.6504307
mb-08722,train,2.3117537,2.262639,1.7781513,1.7438111
mb-03203,train,1.8864907,1.8428237,1.7323937,1.812355
mb-01995,train,1.7160033,1.6736988,1.5910646,1.5526571
mb-05494,train,1.690196,1.6505104,1.3222193,1.4327732
mb-04374,train,1.6812413,1.6780721,1.4771212,1.5043969
mb-03991,train,1.7923918,1.7856989,1.6812413,1.6922783
mb-09989,train,1.50515,1.5399463,1.1139433,1.2031822
mb-04905,train,2.3673558,2.1433187,2.075547,1.8005656
mb-03912,train,1.7781513,1.7252799,1.6627579,1.5508889
mb-08847,train,2.292256,2.1630092,2.2380462,2.1210508
mb-04345,train,1.6989701,1.6503048,1.4313638,1.4439662
mb-04480,train,2.1818435,2.1452055,1.8573325,1.847402
mb-00196,train,1.5563025,1.566232,1.2552725,1.292953
mb-09961,train,1.9731278,2.0935562,1.6434526,1.750875
mb-09292,train,1.7558749,1.8294024,1.39794,1.4677587
mb-07918,train,1.9344984,1.9395822,1.60206,1.5956693
mb-07299,train,1.2552724,1.1227975,1.0791812,0.8765589
mb-00978,train,2.4082398,2.2102125,2.139879,1.9307681
mb-03066,train,1.6720979,1.7231187,1.20412,1.3063895
mb-02930,train,1.9344985,2.0250802,1.6127839,1.7953851
mb-10434,train,1.7242758,1.6300794,1.50515,1.4962353
mb-07495,train,1.6232493,1.6812836,1.3222193,1.448269
mb-01294,train,2.0791812,2.0843105,1.9242793,1.902195
mb-01182,train,2.1731863,2.1829662,1.8808136,1.9354436
mb-03771,train,1.90309,1.8884608,1.7242758,1.7389319
mb-02796,train,2.264818,2.2261398,2.2624512,2.1308067
mb-09868,train,1.4913617,1.4292996,1.2552725,1.190602
mb-10117,train,2.3710678,2.273349,2.0128372,1.8734634
mb-07077,train,1.1760913,1.2951303,0.9542425,1.1185834
mb-03412,train,2.376577,2.3213294,2.0791812,2.018614
mb-10673,train,1.146128,0.9327924,1.0,0.72698313
mb-04365,train,2.7101173,1.8731543,1.6127839,1.4365671
mb-01052,train,2.4593925,1.9146103,1.9444827,1.6008264
mb-09089,train,2.3443923,2.2784588,1.9190781,2.0158405
mb-04556,train,1.8573325,1.8647435,1.230449,1.3463172
mb-00490,train,1.5910646,1.4248937,1.3802112,1.2813165
mb-10042,train,1.7923918,1.6002332,1.5440681,1.4488533
mb-03050,train,1.6812413,1.6797916,1.1760913,1.2692951
mb-05689,train,2.1731863,2.069855,1.7323937,1.7143403
mb-05119,train,1.6532125,1.6434577,1.3802112,1.354094
mb-08653,train,1.748188,1.7740717,1.2787536,1.289389
mb-04960,train,2.371068,2.2411478,1.9242793,1.9134647
mb-06438,train,1.3802112,1.4524907,1.1139433,1.2277174
mb-09266,train,1.8325089,1.8738875,1.50515,1.692084
mb-02762,train,1.4149734,1.4385277,1.20412,1.2346717
mb-06372,train,2.3283796,2.36261,2.0043213,2.0626214
mb-10312,train,2.164353,1.9930115,1.60206,1.7162442
mb-09806,train,2.230449,2.2174706,1.763428,1.8359877
mb-10200,train,2.049218,1.9673007,1.6720978,1.7003698
mb-00464,train,2.1702616,2.0397747,1.9344984,1.8477497
mb-04700,train,1.9590414,1.9210352,1.763428,1.7491909
mb-02134,train,1.5563025,1.5731448,1.4313638,1.4279829
mb-06724,train,1.8750613,1.7143265,1.1139433,1.0313523
mb-06933,train,1.2552725,1.2648085,0.90309,0.9694665
mb-01109,train,1.7075701,1.6779693,1.447158,1.4269054
mb-09148,train,2.217484,2.2243161,1.7923917,1.8779058
mb-02415,train,1.6532125,1.5232456,1.4149734,1.3239666
mb-05770,train,1.7923917,1.8009192,1.3222193,1.354907
mb-04738,train,1.3802112,1.3263174,1.0413927,1.079483
mb-05377,train,1.748188,1.7582085,1.3802112,1.287151
mb-10319,train,1.9444827,1.8367382,1.7075702,1.595411
mb-08641,train,1.748188,1.8142366,1.4771212,1.5770737
mb-03921,train,1.8808136,1.9030551,1.5797836,1.6442121
mb-04824,train,2.0899053,2.136358,1.8260748,1.8018723
mb-04290,train,1.8976271,1.838409,1.5910646,1.5253662
mb-02068,train,0.47712135,1.42386,1.4913617,1.4003398
mb-02481,train,1.6532125,1.6826885,1.4313638,1.5625397
mb-09614,train,1.748188,1.6722759,1.39794,1.3988675
mb-10480,train,1.6334684,1.6904802,0.9542425,1.1054863
mb-07403,train,2.2718415,2.2225907,2.0934217,2.09449
mb-00762,train,1.7160033,1.6442246,1.5314789,1.4832678
mb-09974,train,1.9138138,1.9641044,1.3802112,1.4545316
mb-05483,train,1.7242758,1.7959087,1.39794,1.5368309
mb-09082,train,2.252853,2.2346976,1.8920946,1.830723
mb-07250,train,0.47712126,0.5081286,0.30103,0.3277495
mb-00142,train,1.0791813,0.92580605,0.7781513,0.74037296
mb-02391,train,2.0253057,1.9430617,1.748188,1.7441555
mb-10057,train,2.1105897,2.0130236,1.9190781,1.8305626
mb-07346,train,1.5563024,1.5773723,1.3222193,1.3663878
mb-09488,train,2.232996,2.1927533,1.8573325,1.8268232
mb-03226,train,2.4899585,2.5160494,2.209515,2.2726989
mb-00744,train,2.0043213,2.0118785,1.90309,1.8334992
mb-03826,train,2.133539,1.9745722,1.9822712,1.779711
mb-01563,train,2.164353,2.1102896,1.90309,1.9207379
mb-03418,train,2.243038,2.3023307,2.1038036,2.0129538
mb-03515,train,2.146128,2.0211864,1.90309,1.8316088
mb-10275,train,2.209515,2.1278849,1.8573325,1.829695
mb-01319,train,1.5682018,1.6443584,1.3802112,1.4974282
mb-04483,train,2.0681858,2.1100593,1.690196,1.7887903
mb-08369,train,1.7403628,1.5537302,1.5682018,1.3289541
mb-05627,train,2.2552726,2.220567,1.8512584,1.817487
mb-03305,train,0.9542425,0.9111245,0.7781513,0.68497485
mb-07456,train,2.155336,2.098882,2.045323,1.9803929
mb-09173,train,1.8061799,1.8953192,1.7403626,1.8591249
mb-07781,train,2.230449,2.0933616,1.845098,1.8194695
mb-06403,train,2.0170333,1.9722981,1.6720978,1.6586074
mb-05118,train,2.1760912,2.1131737,1.8129133,1.7348566
mb-00381,train,1.748188,1.5758274,1.462398,1.3349179
mb-04951,train,2.1172714,2.0883758,1.6127839,1.5130581
mb-01573,train,1.8450981,1.8068513,1.4313638,1.5128641
mb-00047,train,2.2718415,2.194161,1.9444827,1.9371419
mb-09235,train,2.0334237,2.0225022,1.770852,1.8555666
mb-00528,train,2.2741578,2.2569282,1.9444827,1.881205
mb-06658,train,2.3283796,2.140178,2.2718415,2.1331553
mb-06001,train,1.9138138,1.8962046,1.4771212,1.4606116
mb-07037,train,1.6989701,1.7019558,1.5682018,1.4790664
mb-01158,train,0.8450981,0.7642105,0.60206,0.55253017
mb-00811,train,2.09691,2.046096,1.8260748,1.8328259
mb-03396,train,1.8061799,1.8331805,1.7403626,1.7512754
mb-08538,train,1.770852,1.7017835,1.4771212,1.4169403
mb-05722,train,2.0211892,1.9477309,1.8692317,1.738296
mb-10832,train,2.2253094,2.1936922,1.9637878,1.9912324
mb-00332,train,1.968483,2.0323403,1.5440681,1.6934261
mb-08775,train,1.3222193,1.2857864,1.0,0.9197104
mb-08858,train,2.3710678,2.3114371,1.9822712,1.9165537
mb-05833,train,1.6532125,1.6281166,1.1760913,1.1677109
mb-05550,train,2.0086002,2.0011683,1.4313638,1.4246446
mb-10851,train,1.7634281,1.8563204,1.6334685,1.6257205
mb-09314,train,1.7708521,1.7700703,1.39794,1.4035532
mb-00927,train,2.2671719,2.2521136,1.8512584,1.7768848
mb-07876,train,2.164353,2.1694832,1.8325089,1.8586653
mb-02069,train,2.0791812,1.933635,1.7853298,1.666744
mb-07173,train,2.2600713,2.1825898,1.9444827,1.8663507
mb-02578,train,1.462398,1.4055724,1.230449,1.2409363
mb-04619,train,2.146128,2.1349058,1.845098,1.8826783
mb-08738,train,2.3096302,2.2075188,1.7781513,1.9004858
mb-07333,train,2.0086002,2.1888597,1.8750613,2.051889
mb-02333,train,1.6127839,1.6157937,1.4149734,1.4079962
mb-07846,train,1.5797836,1.543582,1.3617278,1.3768001
mb-06018,train,2.120574,2.0145686,1.5314789,1.4730388
mb-09535,train,2.1038036,2.0127213,1.39794,1.3543794
mb-07824,train,2.045323,1.9760827,1.7242758,1.6835295
mb-00476,train,1.7923918,1.8093156,1.6127839,1.6410633
mb-00334,train,1.929419,1.8133432,1.6627579,1.599054
mb-02647,train,1.8633229,1.8348552,1.5185139,1.5945685
mb-10386,train,2.4183013,2.4138265,2.1522884,2.142918
mb-08479,train,1.4313638,1.550507,1.3617278,1.4759561
mb-08089,train,2.0791812,2.058997,1.8920946,1.9089364
mb-08670,train,2.1038036,2.0491712,1.5682018,1.5705912
mb-08139,train,2.3944516,2.3021693,2.0211892,2.01445
mb-01029,train,1.80618,1.7572352,1.2787536,1.2818347
mb-10939,train,1.7993405,2.0458488,1.50515,1.4862878
mb-03881,train,1.9395192,1.8756437,1.3802112,1.4434046
mb-09697,train,1.6627579,1.654644,1.2552725,1.3456235
mb-00833,train,1.8129134,1.80636,1.2787536,1.2856164
mb-10069,train,1.748188,1.6154836,1.7242758,1.4491099
mb-03768,train,2.029384,1.989949,1.7075702,1.7424537
mb-02213,train,1.230449,1.2531326,0.7781513,0.84581494
mb-02029,train,2.25042,2.1403995,1.968483,1.8228312
mb-03883,train,1.94939,2.009584,1.6532125,1.8544121
mb-09864,train,1.5682018,1.5921608,1.2787536,1.3186669
mb-03434,train,1.6334685,1.757621,1.5563025,1.6183834
mb-04676,train,2.0,1.976498,1.3617278,1.3518889
mb-10950,train,1.9637878,1.9327943,1.60206,1.6715252
mb-10349,train,2.1038036,2.0883355,1.69897,1.8184494
mb-09225,train,1.968483,2.076174,1.7323937,1.7619779
mb-10539,train,1.9867718,2.0096645,1.3424227,1.4700488
mb-00734,train,2.0170333,1.856223,1.763428,1.6518689
mb-08863,train,1.39794,1.1638049,0.90309,0.79537076
mb-01067,train,2.2227166,2.2065716,1.8512584,1.86922
mb-03509,train,2.2878017,2.283063,1.9190781,1.9768825
mb-10586,train,1.6232493,1.7594794,1.2787536,1.4618199
mb-06533,train,2.3222194,2.2888575,1.94939,1.9031746
mb-07093,train,2.1003706,2.047217,1.6532125,1.6331297
mb-09010,train,1.6532124,1.6524172,1.3222193,1.3624271
mb-02586,train,1.80618,1.605438,1.3617278,1.2478036
mb-02954,train,1.6334684,1.7464992,1.5797836,1.5554268
mb-07770,train,2.045323,2.0064502,1.7323937,1.7012119
mb-06209,train,2.1931245,2.0576127,1.8920946,1.7189181
mb-01123,train,1.9084849,1.7743322,1.763428,1.6231587
mb-01155,train,1.2552725,1.1721812,1.0,0.8509216
mb-02009,train,1.9294189,1.9151745,1.4771212,1.473769
mb-00268,train,1.5314789,1.4771478,1.146128,1.1137298
mb-01200,train,1.1760913,1.0541092,0.69897,0.6702809
mb-03891,train,2.2878017,2.2545476,1.8976271,1.8765521
mb-01399,train,1.0791813,1.2983667,0.7781513,0.99504113
mb-05241,train,1.7993406,1.9725614,1.462398,1.5425915
mb-08001,train,2.2624512,2.112487,1.9867717,1.9690195
mb-02912,train,1.8195438,1.8200636,1.447158,1.4971923
mb-10417,train,2.0170333,1.9544113,1.447158,1.4029307
mb-00919,train,1.8061799,1.8437568,1.69897,1.6730106
mb-07903,train,1.1139433,1.1552244,1.0791812,1.0392244
mb-09615,train,1.1760913,1.318939,0.7781513,0.9252605
mb-02028,train,1.7160033,1.5664155,1.5314789,1.4797975
mb-06795,train,1.5563025,1.4553629,1.4149734,1.3663945
mb-08222,train,2.3053513,2.0976017,2.0170333,1.7772249
mb-02456,train,1.8864907,1.8324652,1.7558749,1.7483442
mb-00709,train,1.8633229,1.8249458,1.4771212,1.4769922
mb-09046,train,0.7781513,0.80768,0.47712126,0.54034376
mb-01462,train,2.382017,2.2306924,1.9956352,1.9432833
mb-07254,train,2.146128,2.0761898,1.7160033,1.7405298
mb-00884,train,1.9590414,1.8852842,1.690196,1.6314523
mb-06170,train,2.2479732,2.078615,1.8129133,1.656141
mb-05015,train,2.1038036,2.1640768,1.9344984,2.006725
mb-03682,train,2.3541083,2.293972,1.8750613,1.8181231
mb-05322,train,2.0934217,2.0263262,1.7993406,1.7414572
mb-05544,train,2.0211895,1.9749335,1.6127839,1.5787206
mb-07724,train,2.252853,2.0795455,1.8808136,1.8419218
mb-10723,train,1.8325089,2.008056,1.7242758,1.8508865
mb-03914,train,1.897627,1.7340488,1.447158,1.5163685
mb-04156,train,2.133539,2.1295404,1.7923917,1.8408318
mb-03694,train,2.4608977,2.5046315,2.3117537,2.3611066
mb-09567,train,2.1003704,2.1104305,1.763428,1.8157966
mb-00050,train,1.447158,1.3951827,1.0791812,1.1485438
mb-03779,train,1.8573325,1.8402331,1.50515,1.5315797
mb-05657,train,1.8808136,1.9945875,1.5682018,1.7131639
mb-01046,train,2.1038036,1.9998959,1.763428,1.6785133
mb-06072,train,1.9493899,1.9828794,1.5314789,1.5465398
mb-01504,train,1.94939,2.0095615,1.6127839,1.6691384
mb-01068,train,1.7558749,1.7372727,1.2552725,1.277058
mb-09741,train,1.9084849,1.879609,1.770852,1.6064042
mb-01358,train,2.0253057,2.0838394,1.9138138,1.8769135
mb-05127,train,1.819544,1.8367614,1.5563025,1.6285157
mb-07160,train,1.30103,1.6396704,1.5440681,1.572952
mb-09732,train,2.1303337,2.1058524,1.7160033,1.6948766
mb-09500,train,2.2624512,2.2733154,1.90309,1.9502704
mb-06407,train,1.5314789,1.5512385,1.1139433,1.2047206
mb-06308,train,2.033424,2.0699732,1.6627579,1.6512309
mb-08285,train,1.30103,1.3743877,1.20412,1.2381067
mb-03164,train,1.6627578,1.6922643,1.3222193,1.4267628
mb-07582,train,1.0791813,1.0058854,0.7781513,0.72990066
mb-00866,train,1.7853298,1.6200807,1.5797836,1.3862476
mb-09311,train,2.089905,2.0940452,1.9731278,1.9269651
mb-09497,train,1.7160034,1.8490479,0.9542425,1.0349778
mb-06127,train,2.1760912,2.171918,1.5682018,1.6566186
mb-08251,train,1.7323937,1.7490214,1.447158,1.4526707
mb-07336,train,2.2900345,2.3011355,1.90309,1.9070094
mb-07318,train,1.50515,1.2408618,1.0791812,0.9370167
mb-07881,train,1.4313637,1.6176336,1.6434526,1.5496639
mb-08446,train,0.0,1.0834814,0.90309,0.9345885
mb-09531,train,2.120574,2.0580957,1.6812413,1.7048967
mb-00053,train,1.9242793,1.8769805,1.7075702,1.6719153
mb-01551,train,1.5563024,1.4896116,1.4771212,1.3948543
mb-06167,train,2.1430147,2.1051342,1.690196,1.717414
mb-10733,train,2.0530784,1.9795476,1.50515,1.5627176
mb-06818,train,2.2833014,2.2126245,1.94939,2.0056484
mb-06341,train,2.378398,2.3427544,2.10721,2.0296714
mb-04883,train,2.0128372,2.026774,1.69897,1.6834946
mb-08602,train,2.0211892,2.00749,1.7075702,1.9063079
mb-03094,train,2.1702619,2.117188,1.90309,1.9006592
mb-02833,train,2.1673174,2.165255,1.8976271,1.8724152
mb-03365,train,2.1271048,2.1778677,1.690196,1.7149633
mb-03421,train,1.4771214,1.5170479,1.30103,1.3531047
mb-04327,train,1.6020601,1.5764214,1.4913617,1.5244341
mb-07712,train,1.230449,1.3853847,1.1139433,1.2572793
mb-02944,train,2.363612,2.3494043,1.9731278,1.9947828
mb-03487,train,1.9867717,1.9572474,1.8808136,1.9002255
mb-08337,train,1.6127839,1.6992892,1.230449,1.3518952
mb-04767,train,1.0791813,0.97359407,0.7781513,0.7143062
mb-02018,train,2.39794,2.3400898,2.0,1.9927498
mb-08745,train,2.1238518,2.087731,1.7781513,1.7010381
mb-04125,train,2.0253057,1.958946,1.7242758,1.6305707
mb-02879,train,1.9822712,1.9380165,1.50515,1.5271271
mb-00590,train,2.033424,2.0453887,1.5440681,1.568612
mb-01355,train,1.5185139,1.3379394,1.2787536,1.1254185
mb-04421,train,2.2430382,2.2103007,1.80618,1.7732825
mb-01736,train,2.0,1.9863639,1.8692317,1.7986621
mb-08211,train,2.0934217,2.0824907,1.763428,1.7513839
mb-02375,train,1.9684829,1.8120203,1.6720978,1.5546016
mb-06289,train,2.2855573,2.2619061,1.9542425,1.9200737
mb-09396,train,2.232996,2.1962965,1.9590414,1.9880432
mb-04408,train,1.9138138,1.9519852,1.3424227,1.3466997
mb-02595,train,2.1931245,2.141358,2.1105897,2.0719666
mb-00702,train,2.1673174,2.1585052,1.748188,1.772553
mb-10385,train,1.7923917,1.6481231,1.4771212,1.5486373
mb-09745,train,2.3304138,2.161693,2.0413928,1.952682
mb-03971,train,2.146128,2.0790696,1.7853298,1.6994867
mb-07118,train,2.3364596,2.2279828,1.7075702,1.7459525
mb-06827,train,1.5314789,1.6654993,0.9542425,1.1472077
mb-00787,train,2.0530784,2.012695,1.6127839,1.6058593
mb-00127,train,2.0934217,2.135928,2.0,2.0247645
mb-03865,train,1.8325089,1.9234109,1.4913617,1.5695609
mb-07203,train,1.9395192,1.888694,1.6434526,1.6569258
mb-07444,train,1.8976271,1.9670857,1.6232493,1.6614542
mb-01665,train,1.3802114,1.3761244,1.1760913,1.1727785
mb-03244,train,2.1673174,2.049859,1.8573325,1.7686222
mb-04639,train,0.9542425,0.9623304,0.69897,0.7061895
mb-07432,train,1.6812413,2.1430206,1.50515,1.7260392
mb-10576,train,1.7923917,1.5669377,1.5797836,1.4058902
mb-04725,train,1.80618,1.6562808,1.60206,1.5604938
mb-02495,train,1.3802112,1.3433778,0.69897,0.911635
mb-10841,train,1.8388491,1.9130226,1.763428,1.6302514
mb-00896,train,2.1172712,2.1868653,1.9590414,2.0502665
mb-07475,train,2.1303337,2.0554683,1.690196,1.6641726
mb-00383,train,1.7993405,1.7604584,1.5185139,1.5043087
mb-10244,train,1.8808136,1.829869,1.5797836,1.6043518
mb-08098,train,2.0530784,2.0342147,1.7993406,1.8210738
mb-01631,train,2.10721,2.0299594,1.845098,1.7486162
mb-05041,train,1.968483,1.9393258,1.3802112,1.5087461
mb-06637,train,2.120574,2.06648,1.6720978,1.7067686
mb-07583,train,2.2764618,2.2665045,1.8808136,1.8926873
mb-09219,train,2.1818435,2.1227872,1.7558749,1.7363003
mb-03341,train,2.2878017,2.1192062,1.9867717,1.9634922
mb-09988,train,2.2671716,2.2013242,1.6434526,1.8607304
mb-04416,train,1.8573326,1.8859088,1.5563025,1.5999278
mb-05030,train,2.143015,2.0111494,1.9294189,1.8422732
mb-00063,train,2.454845,2.373566,2.164353,2.025049
mb-07199,train,1.6812413,1.7407954,1.1139433,1.1531258
mb-01594,train,1.2041199,1.1435843,0.69897,0.7246771
mb-04840,train,2.2787535,2.1759095,1.6434526,1.6978626
mb-08980,train,1.7781513,1.8965969,1.5797836,1.7129905
mb-04397,train,1.7160034,1.5662805,1.146128,1.0850745
mb-01737,train,2.0170333,2.0704987,1.5314789,1.6640123
mb-02024,train,2.4183013,2.455329,2.1139433,2.1157792
mb-04170,train,1.690196,1.6501832,1.5185139,1.480024
mb-07348,train,1.819544,1.8127575,1.5682018,1.6051792
mb-07778,train,1.7242758,1.8927436,1.0791812,1.2417179
mb-00087,train,1.6989701,1.4823955,1.39794,1.2200804
mb-02373,train,2.1931245,2.1953692,1.845098,1.8994608
mb-05422,train,1.1760913,1.083353,0.7781513,0.66911703
mb-02726,train,1.9444828,1.8900139,1.4313638,1.4831023
mb-07894,train,2.2148438,2.1800058,1.763428,1.8250481
mb-00408,train,2.2624512,2.2456434,1.9294189,1.8526922
mb-07387,train,1.7558749,1.6811619,1.5314789,1.4813654
mb-05261,train,1.7923917,1.7576065,1.3802112,1.3565502
mb-03366,train,2.0492182,2.009882,1.6334685,1.6095568
mb-06927,train,1.8512583,2.0029938,1.6720978,1.7536618
mb-04220,train,1.9956352,1.9528853,1.69897,1.6533349
mb-06984,train,2.39794,2.3565543,2.0,1.9992751
mb-10098,train,1.9637878,1.9185394,1.7781513,1.7119752
mb-01862,train,1.90309,1.9222234,1.3802112,1.4063034
mb-08118,train,1.8808136,1.8872595,1.3222193,1.3873329
mb-10190,train,1.9190781,2.098249,1.748188,1.8053812
mb-03169,train,1.9731278,1.9656788,1.69897,1.7069196
mb-05858,train,1.7160034,1.6916765,1.2787536,1.2916332
mb-04204,train,2.232996,2.1961355,2.049218,2.0566132
mb-00875,train,2.049218,1.9571483,1.8692317,1.8201023
mb-08151,train,1.8325089,1.773983,1.3802112,1.3771361
mb-09260,train,1.30103,1.5512235,1.1760913,1.20682
mb-02602,train,2.0086002,2.0471597,1.80618,1.8247331
mb-10061,train,2.1271048,2.0714834,1.8388491,1.7420019
mb-02924,train,1.146128,1.4901061,1.4149734,1.3907886
mb-05943,train,1.968483,1.984551,1.462398,1.448023
mb-07110,train,1.7558749,1.5465586,1.1760913,1.0516032
mb-02232,train,1.9395193,1.9605867,1.7993406,1.7727559
mb-00444,train,1.973128,2.018764,1.7993406,1.7777812
mb-09045,train,1.3010299,1.3676336,1.0413927,1.1502362
mb-10855,train,1.7160033,1.7152679,1.3617278,1.4691541
mb-06641,train,2.1522884,2.132977,1.9637878,1.9582094
mb-04797,train,1.2787536,1.149719,1.1760913,1.0398626
mb-03770,train,1.3802114,1.4261136,1.1760913,1.2623314
mb-02237,train,1.9190781,1.948764,1.6532125,1.7043624
mb-05470,train,2.09691,2.1071823,1.770852,1.899178
mb-01991,train,2.133539,2.1399655,1.6627579,1.6837268
mb-02999,train,1.60206,1.6953801,0.47712126,0.5385921
mb-09376,train,2.4771214,2.3812985,2.2944663,2.1962922
mb-06330,train,2.0293837,1.9919933,1.5797836,1.5916305
mb-02052,train,2.3159702,2.2666483,2.0211892,1.977856
mb-04908,train,2.274158,2.2363212,2.120574,2.0909731
mb-09101,train,2.143015,2.050696,1.7075702,1.5939904
mb-04515,train,1.8260748,1.8486402,1.146128,1.1986613
mb-03793,train,1.832509,1.786943,1.5440681,1.5573843
mb-08404,train,2.3521824,2.25775,1.9590414,1.8462965
mb-07078,train,1.8864907,1.7928852,1.5185139,1.4658123
mb-07442,train,1.230449,1.2647521,1.146128,1.2018406
mb-01866,train,2.2253094,2.14362,1.8692317,1.838618
mb-01672,train,0.90309,0.940776,0.69897,0.7089496
mb-02195,train,1.5563024,1.5630226,1.4771212,1.3897177
mb-02144,train,1.3222194,1.3172022,0.7781513,0.8516719
mb-04678,train,2.4517865,2.4218304,2.120574,2.1741064
mb-01870,train,1.462398,1.3694167,1.146128,1.1452754
mb-02142,train,2.0374265,2.171726,1.6127839,1.7206762
mb-05918,train,1.7403626,1.6947311,1.50515,1.4362893
mb-02498,train,1.0,0.98585564,0.845098,0.84551555
mb-03651,train,2.3384564,2.2419145,2.2741578,2.1581373
mb-04288,train,1.7853298,1.7785927,1.4313638,1.5181022
mb-07482,train,2.2966652,2.2431662,1.8750613,1.8670465
mb-07401,train,1.8260748,1.7397017,1.20412,1.2314608
mb-10617,train,2.198657,1.9923123,1.6232493,1.5996256
mb-02272,train,2.2227163,2.23831,1.7853298,1.8018676
mb-08268,train,1.0413927,1.314874,1.146128,1.1462374
mb-00323,train,1.8750613,1.7896521,1.7242758,1.5698422
mb-01725,train,1.8633229,1.9596632,1.39794,1.4531237
mb-06351,train,2.2329962,2.130228,1.5682018,1.6808138
mb-09981,train,1.518514,1.5435325,1.5440681,1.6616628
mb-00237,train,1.968483,1.9071048,1.5440681,1.5384307
mb-07018,train,1.5797837,1.6707966,1.39794,1.4176645
mb-07260,train,1.3222193,1.2324545,0.845098,0.8143287
mb-07282,train,2.1553361,2.1190708,1.9395193,1.9598491
mb-05963,train,2.089905,2.0323133,1.763428,1.7431638
mb-09666,train,2.3673558,2.315686,1.9542425,1.9876595
mb-05807,train,2.3201463,2.3248324,1.9344984,1.9711318
mb-07772,train,1.5682018,1.687891,1.1139433,1.1207095
mb-00319,train,1.4149734,1.3347908,1.0,0.99963105
mb-03859,train,0.9542425,0.9532376,0.7781513,0.86868185
mb-00945,train,2.064458,2.0599775,1.7160033,1.7016706
mb-10548,train,2.4653828,2.4303455,2.1731863,2.2444959
mb-02955,train,2.0253057,2.0355098,1.7323937,1.7185405
mb-01354,train,1.832509,1.7701828,1.5682018,1.5452127
mb-06111,train,1.60206,1.4411938,1.5185139,1.3848774
mb-03613,train,1.0791812,0.92073077,0.69897,0.6305256
mb-02933,train,1.361728,1.224023,1.20412,1.099545
mb-06545,train,1.748188,1.7020531,1.1760913,1.3068014
mb-07874,train,2.1172714,2.1420574,1.6127839,1.6694946
mb-05781,train,2.2013972,2.1307824,1.8325089,1.8270969
mb-02378,train,1.6334684,1.3441522,1.0791812,0.9512029
mb-01061,train,1.3802112,1.2019798,1.0,0.8624731
mb-01280,train,1.863323,1.8280985,1.6127839,1.655148
mb-00737,train,1.9542425,1.8812581,1.7558749,1.7000439
mb-04573,train,1.9590414,1.8901589,1.50515,1.4392873
mb-00530,train,2.071882,2.1374693,1.9590414,2.0474212
mb-02452,train,1.7781513,1.6980592,1.5797836,1.5800787
mb-10389,train,2.2624512,2.002312,1.9637878,1.6926008
mb-01972,train,2.369216,2.3263695,2.1105897,2.0372427
mb-09575,train,2.130334,2.0698698,1.8260748,1.7399666
mb-01398,train,2.089905,1.943164,1.90309,1.7141945
mb-06334,train,1.9590414,1.946727,1.4771212,1.4864041
mb-05529,train,2.298853,2.2738094,2.0293837,1.9722853
mb-03889,train,2.0170333,2.0920627,1.4913617,1.531107
mb-03258,train,2.2278867,2.2274535,1.845098,1.7701986
mb-06346,train,2.4361625,2.3840632,2.089905,2.0275333
mb-00487,train,1.4471581,1.4841776,1.20412,1.2807479
mb-03910,train,2.049218,1.9809675,1.7558749,1.7887516
mb-07731,train,1.8692317,1.8568445,1.5314789,1.5521841
mb-05662,train,1.9822713,1.8533177,1.5682018,1.4954218
mb-01490,train,1.4471581,1.4949838,1.2552725,1.3122534
mb-02149,train,2.3324385,2.301973,1.770852,1.83941
mb-09455,train,1.4913616,1.561022,1.0791812,1.1176323
mb-04891,train,2.0211892,2.0257432,1.7403626,1.7171067
mb-03077,train,1.69897,1.7481143,1.50515,1.5005829
mb-07281,train,2.1903317,2.189548,1.9344984,1.9559841
mb-02283,train,0.90309,0.9945119,0.69897,0.8002422
mb-08223,train,1.6020601,1.6753726,0.90309,1.0277512
mb-09383,train,2.4983106,2.4778216,2.2764618,2.2750094
mb-06696,train,2.1818438,2.1779985,1.8260748,1.7814237
mb-04446,train,1.5563024,1.5088987,1.3222193,1.3115066
mb-10607,train,2.2121875,2.203289,1.3617278,1.5034885
mb-04557,train,1.8260747,1.7982059,1.447158,1.5315326
mb-08383,train,1.7558749,1.8640015,1.5314789,1.6334386
mb-03885,train,2.045323,2.041206,1.60206,1.599828
mb-06733,train,2.143015,2.0467596,1.819544,1.7468414
mb-03663,train,2.0086002,2.1106195,1.7558749,1.8546804
mb-09049,train,1.908485,1.87079,1.4913617,1.4634262
mb-02881,train,2.075547,2.0538607,1.8129133,1.8431711
mb-02998,train,1.9637878,2.0119503,1.7558749,1.8159462
mb-08818,train,2.1172712,2.0139184,1.8573325,1.7761039
mb-08637,train,1.9777236,1.9693246,1.6434526,1.6214815
mb-01330,train,2.0211892,1.9205492,1.7403626,1.7068206
mb-01812,train,2.2600713,2.2192602,1.819544,1.8894287
mb-00578,train,1.9344984,1.8957632,1.6232493,1.6559557
mb-09812,train,1.5797836,1.496998,1.0791812,1.0853609
mb-05944,train,1.8388491,1.8704947,1.1760913,1.2653573
mb-01208,train,1.9542426,1.9508312,1.5563025,1.5895032
mb-09698,train,1.5910647,1.6996015,1.4149734,1.5828328
mb-04852,train,2.089905,2.1186554,1.9190781,1.9479365
mb-05357,train,2.0934217,2.0281029,1.8692317,1.7216098
mb-01872,train,1.2552725,1.3696997,1.0413927,1.1593461
mb-10043,train,2.2671719,2.276364,1.9395193,1.840529
mb-01880,train,1.531479,1.5036854,1.4313638,1.4178696
mb-07453,train,2.2648177,2.1896498,1.8864907,1.9485643
mb-04370,train,1.3617278,1.4342042,1.146128,1.2518518
mb-04013,train,1.6720978,1.5986122,1.5314789,1.4955268
mb-10974,train,1.7323937,1.5924083,1.2552725,1.1424025
mb-10838,train,2.307496,2.1813521,1.7993406,1.8277326
mb-07030,train,0.30102998,0.6310071,0.90309,0.89077055
mb-09791,train,1.6532125,1.7531706,1.5440681,1.5971032
mb-08812,train,2.0827854,2.0748148,1.60206,1.7462339
mb-08995,train,1.763428,2.0207436,1.7160033,1.8647387
mb-09128,train,1.8864907,1.8437047,1.5797836,1.5655357
mb-04089,train,1.80618,1.7710519,1.3617278,1.3147733
mb-02178,train,2.220108,2.190896,1.9294189,1.9230382
mb-03448,train,1.9731278,1.8937534,1.7403626,1.6615803
mb-08695,train,1.5185139,1.4774783,1.30103,1.3647708
mb-08887,train,1.4471581,1.5041744,1.30103,1.3863798
mb-05298,train,2.2148438,2.1919022,1.9138138,1.9075218
mb-08834,train,2.3117537,2.1998975,2.2552724,2.1456125
mb-09284,train,1.8692317,1.8062884,1.7323937,1.7022567
mb-09969,train,1.8808136,1.9805951,1.6532125,1.8083067
mb-01073,train,1.4149734,1.2842002,1.20412,1.1067601
mb-08018,train,1.8864908,1.7689683,1.230449,1.2398765
mb-04322,train,2.161368,2.067263,1.9777236,1.8983018
mb-03503,train,2.340444,2.3453982,2.064458,2.063972
mb-05882,train,1.7558749,1.6807923,1.5185139,1.4721771
mb-02102,train,2.269513,2.214057,1.9590414,1.9011061
mb-06714,train,0.60206,0.49207282,0.47712126,0.3523475
mb-00478,train,2.220108,2.1476257,1.9542425,1.9060993
mb-05213,train,2.480007,2.499157,2.30103,2.361957
mb-10074,train,2.1789768,2.1244059,2.146128,2.1087933
mb-10635,train,1.4771214,1.5042927,1.20412,1.1854222
mb-10729,train,2.25042,2.1302645,1.9867717,1.8591632
mb-10489,train,0.47712126,0.7902067,0.30103,0.58856297
mb-04586,train,1.30103,1.219151,0.90309,0.9383731
mb-00369,train,1.6334685,1.5705025,1.39794,1.317109
mb-09581,train,2.1760912,2.1957974,1.7853298,1.9507363
mb-09230,train,2.3283796,2.2662504,1.90309,1.9013687
mb-01911,train,2.0791812,1.9545012,1.9344984,1.8336806
mb-04401,train,2.3443923,2.3089871,1.9777236,2.08888
mb-04210,train,2.1702616,2.1999412,1.8325089,1.8679043
mb-07759,train,2.217484,2.1580262,1.5910646,1.5764166
mb-09777,train,2.3159704,2.2672222,1.8808136,1.9477776
mb-04058,train,1.8129133,1.892504,1.60206,1.6040826
mb-00435,train,1.69897,1.6553845,1.4771212,1.5185852
mb-00309,train,1.4471581,1.4405931,1.2787536,1.3986346
mb-07585,train,1.7403628,1.7828405,1.4913617,1.5332943
mb-03982,train,1.770852,1.8552152,1.3222193,1.3932437
mb-10064,train,1.9493899,2.07576,1.60206,1.7251383
mb-03706,train,1.8450981,1.7967621,1.5682018,1.5933204
mb-10754,train,2.2810333,2.1984591,2.071882,2.0407076
mb-03870,train,1.9777236,2.0021808,1.7923917,1.8477281
mb-00962,train,2.2380462,2.175457,1.8692317,1.8253063
mb-03497,train,1.9777236,1.9791471,1.8325089,1.838809
mb-02777,train,1.6989701,1.7018178,1.4313638,1.3722389
mb-08149,train,2.0530784,2.0718687,1.7323937,1.8192573
mb-01097,train,2.1583624,2.1009429,1.7781513,1.7076131
mb-07344,train,1.7993405,1.7766042,1.3802112,1.3540429
mb-05589,train,1.1139433,1.1365842,0.7781513,0.8192444
mb-01458,train,1.724276,1.6517298,1.30103,1.3344638
mb-02718,train,2.3117537,2.2294838,1.9822712,1.9030285
mb-05493,train,1.60206,1.7685966,1.0413927,1.2403027
mb-10575,train,1.8864907,2.2197511,1.5797836,1.8719342
mb-06202,train,1.6901962,1.6513656,1.4313638,1.4589106
mb-08201,train,1.9637879,1.9094119,1.4913617,1.545369
mb-05281,train,1.9956353,1.8007121,1.146128,1.0931107
mb-06147,train,1.8260748,1.8798782,1.5440681,1.5729392
mb-00604,train,2.2121875,2.2241828,1.770852,1.8430253
mb-06043,train,1.8633229,1.8714705,1.3617278,1.4716588
mb-10625,train,2.1398792,2.158657,1.6532125,1.6000592
mb-07389,train,1.3979399,1.3143617,1.1139433,1.150847
mb-03337,train,1.8260748,1.7277291,1.5682018,1.4666437
mb-01515,train,1.8325089,1.8698641,1.6232493,1.5979578
mb-09693,train,2.3838153,2.463714,2.0211892,2.2275133
mb-02364,train,1.7853299,1.8383697,1.6127839,1.6103085
mb-10937,train,2.2405493,2.1845112,2.0413928,1.9869403
mb-09757,train,1.5314789,1.506007,0.845098,0.91902924
mb-02883,train,1.5440681,1.5307531,1.230449,1.2799222
mb-07769,train,1.7708521,1.800354,1.3424227,1.4588306
mb-02431,train,1.1139433,1.1200881,1.1139433,1.1247479
mb-09035,train,1.4313638,1.4324235,1.1139433,1.1351733
mb-03031,train,2.1367207,2.1874878,1.94939,2.0394657
mb-09958,train,2.3201463,2.2832732,1.9542425,1.8861483
mb-07366,train,1.5185139,1.547673,0.69897,0.82294965
mb-01861,train,2.264818,2.3085399,1.9242793,2.0231857
mb-02843,train,1.7558749,1.7001361,1.3617278,1.2741685
mb-10026,train,2.4248817,2.2931092,1.9294189,1.887486
mb-07402,train,1.6020601,1.64593,1.2787536,1.3735312
mb-05090,train,2.198657,2.1749084,1.9867717,2.0360618
mb-05033,train,1.146128,1.25283,0.9542425,1.094645
mb-10247,train,1.7853298,1.534995,1.3617278,1.1533369
mb-02133,train,1.7853298,1.7562702,1.5185139,1.4971539
mb-09773,train,2.1903317,2.071712,2.0,1.8724492
mb-06902,train,2.0569048,2.0518,1.2787536,1.378424
mb-04772,train,1.748188,1.6373634,1.5185139,1.3758178
mb-08640,train,1.5910647,1.5237429,1.20412,1.1739075
mb-02748,train,1.3802112,1.5294514,1.0,1.171144
mb-01713,train,2.5453072,2.5135684,2.2855573,2.2896934
mb-03096,train,2.3159704,2.3273957,1.8573325,1.9956988
mb-10958,train,1.5910647,1.5404681,1.30103,1.2956711
mb-05566,train,1.6127839,1.5681691,1.230449,1.2470788
mb-10865,train,2.1271048,1.915165,1.8976271,1.7153473
mb-00932,train,1.6901962,1.6352987,1.230449,1.2628357
mb-06956,train,1.7708521,1.6261594,1.39794,1.3539362
mb-05540,train,1.845098,1.8704113,1.5910646,1.6295905
mb-03087,train,2.1139433,1.998167,1.80618,1.6072736
mb-07130,train,2.3747482,2.3331914,2.0530784,1.9922105
mb-02081,train,1.2787536,1.308827,1.1760913,1.2260906
mb-09884,train,1.4913617,1.5140659,1.3802112,1.2171638
mb-10357,train,1.7075702,2.0000663,1.5440681,1.6742601
mb-03567,train,2.0334237,2.040399,1.6720978,1.6575512
mb-08263,train,1.8388491,1.8442408,1.39794,1.5333464
mb-07111,train,1.20412,1.0664046,0.90309,0.8208953
mb-00457,train,2.0043213,1.9832951,1.845098,1.8395891
mb-01337,train,1.7634281,1.7708507,1.4313638,1.4029884
mb-05695,train,2.161368,2.1023765,1.4771212,1.4902067
mb-02609,train,1.968483,2.0757961,1.5440681,1.6748254
mb-02347,train,1.8129133,2.0672114,1.60206,1.7440914
mb-07293,train,2.4132996,2.333876,2.045323,1.9733388
mb-09231,train,1.7323937,1.7037125,1.3222193,1.3586154
mb-02613,train,2.045323,2.0038087,1.6627579,1.6817963
mb-04507,train,2.120574,2.0812058,1.8633229,1.8212862
mb-00239,train,2.0211892,1.8400366,1.690196,1.531661
mb-01669,train,1.146128,1.1213728,1.0,1.0086873
mb-00410,train,1.7160034,1.7858688,1.4313638,1.4969951
mb-00250,train,1.8976271,1.8426403,1.7075702,1.6432897
mb-03110,train,2.178977,2.2115626,1.9777236,1.9990079
mb-05728,train,1.7781513,1.7984971,1.2552725,1.253271
mb-01057,train,0.60205996,1.3059095,1.0,1.1563463
mb-09216,train,2.1958997,2.2008803,1.20412,1.3007667
mb-05580,train,2.4132998,2.3171227,2.1105897,2.0400696
mb-08262,train,2.10721,1.9969718,1.6532125,1.5768188
mb-01322,train,1.9344984,2.0139585,1.5910646,1.7881999
mb-06148,train,2.0374265,2.0524714,1.462398,1.5019206
mb-04237,train,1.9637878,1.870823,1.7558749,1.6590112
mb-07145,train,1.60206,1.5756216,1.0791812,1.1020503
mb-04539,train,2.2430382,2.2774236,1.9242793,1.9101698
mb-03125,train,1.5563025,1.5877715,1.1139433,1.1635516
mb-07252,train,1.5185139,1.5582229,1.2787536,1.4078767
mb-02199,train,2.1367207,2.101504,2.1553361,2.0099661
mb-00377,train,1.80618,1.8222679,1.60206,1.6178908
mb-08143,train,2.2624512,2.2489557,2.075547,1.9741852
mb-09296,train,1.9242792,1.9708703,1.60206,1.5100998
mb-07619,train,1.5563025,1.5511096,1.3424227,1.2953658
mb-04709,train,1.6334685,1.7695215,1.230449,1.3763974
mb-09944,train,1.6127839,1.6130308,1.30103,1.3218096
mb-10544,train,2.0681858,2.1899421,1.690196,1.7777776
mb-06479,train,1.8388491,1.8060849,1.1139433,1.2072709
mb-01397,train,2.0211892,1.9727485,1.69897,1.7189459
mb-04902,train,1.7558749,1.6918546,1.1139433,1.1200944
mb-00378,train,2.09691,2.0890594,1.8750613,1.8745017
mb-07914,train,2.075547,1.8543003,1.5563025,1.3708304
mb-00321,train,1.748188,1.707314,1.3222193,1.3372296
mb-01962,train,1.5910647,1.5667324,1.3424227,1.3330071
mb-07862,train,2.1583624,2.1055913,1.4771212,1.4306641
mb-02654,train,1.5682017,1.8322892,1.5910646,1.6492412
mb-06856,train,2.3283796,2.1399508,2.2718415,2.1330051
mb-05424,train,0.8450981,0.8721019,0.60206,0.59762
mb-09720,train,1.7075702,1.6031218,1.4313638,1.468523
mb-01695,train,1.8633229,1.8387012,1.6232493,1.5657969
mb-09577,train,1.8808136,1.8724515,1.6232493,1.629783
mb-07476,train,2.209515,2.1959267,1.8750613,1.8804325
mb-02152,train,1.8692317,1.9132047,1.5440681,1.5914807
mb-06604,train,1.90309,1.8068466,1.6532125,1.5724697
mb-05666,train,1.9242792,1.8710047,1.5314789,1.4824445
mb-01567,train,2.149219,2.1390984,1.9294189,1.943068
mb-03142,train,1.0,1.1238501,0.9542425,0.8717231
mb-07811,train,1.3802114,1.390026,1.20412,1.2302302
mb-02513,train,1.7853298,1.7820657,1.3424227,1.3600875
mb-01507,train,1.9542426,1.9856548,1.6127839,1.637226
mb-06231,train,1.9956352,2.06345,1.4771212,1.6117136
mb-01297,train,2.2405493,2.2233465,1.8512584,1.8272703
mb-03494,train,1.5797837,1.5641708,1.39794,1.3492738
mb-09476,train,1.6334685,1.5373983,1.1760913,1.1420504
mb-08972,train,2.149219,2.1739783,1.5440681,1.6579603
mb-10541,train,1.5910646,1.5654691,1.2552725,1.2383231
mb-05201,train,1.80618,1.7137431,1.39794,1.4218779
mb-09629,train,2.09691,2.073254,1.60206,1.61684
mb-02526,train,2.2121875,2.1560934,1.845098,1.8574172
mb-07501,train,1.3010299,1.1755157,0.845098,0.8633025
mb-04903,train,1.9395193,1.9009266,1.7323937,1.7124542
mb-01127,train,1.9190781,1.8455367,1.5185139,1.5181779
mb-10944,train,2.09691,2.0339432,1.9138138,1.8771361
mb-03055,train,2.298853,2.2588556,2.0374265,1.965852
mb-01044,train,1.690196,1.6592453,1.4771212,1.5107547
mb-04149,train,2.5118835,2.5116532,2.326336,2.2640002
mb-03980,train,1.230449,1.1946762,0.7781513,0.79875016
mb-01655,train,1.230449,1.0762115,1.0,0.9045212
mb-10707,train,2.1731863,1.9694079,1.7403626,1.6484423
mb-10598,train,2.2944663,2.3720136,1.8808136,1.9911599
mb-05522,train,2.1760912,2.21124,1.968483,1.855164
mb-04785,train,1.9867718,2.032149,1.6627579,1.7435892
mb-04899,train,2.1238518,2.056951,1.968483,1.8666506
mb-02228,train,1.1760913,1.1038034,0.90309,0.8618856
mb-02387,train,1.6232493,1.5358423,1.4313638,1.3178176
mb-10320,train,2.4593923,2.3881104,2.0334237,2.0611706
mb-06851,train,2.0413926,1.9603839,1.8692317,1.7886564
mb-05711,train,1.2552725,1.1331922,1.1139433,1.0622909
mb-10738,train,1.748188,1.6585572,1.2787536,1.28006
mb-05039,train,2.1958997,2.0638895,1.8920946,1.7754581
mb-01985,train,2.1367207,2.035218,1.8388491,1.7963246
mb-05288,train,2.1903317,2.2215235,1.8260748,1.7950342
mb-01805,train,1.7993406,1.6440738,1.3424227,1.3566704
mb-10507,train,2.1105897,1.981689,1.9731278,1.8152188
mb-03855,train,2.1818435,2.0923429,1.7558749,1.712716
mb-03673,train,2.0606978,2.1361728,1.8750613,1.9823607
mb-01334,train,1.5797836,1.5584692,1.50515,1.4744045
mb-03786,train,1.7923917,1.9741163,1.748188,1.750065
mb-04919,train,2.1760912,1.9065907,2.09691,1.827241
mb-09564,train,1.7075702,1.6534266,1.5563025,1.4588158
mb-05145,train,2.3159704,2.231065,1.9822712,1.8700633
mb-07850,train,1.9956353,1.993534,1.6627579,1.614682
mb-04981,train,2.3304138,2.2209282,1.94939,1.8123205
mb-08560,train,2.0413926,2.076421,1.845098,1.8460059
mb-01722,train,2.3961995,2.3483667,2.1875207,2.146265
mb-03588,train,1.7708521,1.8527935,1.6127839,1.6620499
mb-05957,train,1.69897,1.7157189,1.5185139,1.5309469
mb-07978,train,2.252853,2.2069836,1.8325089,1.8209189
mb-01437,train,2.1038036,2.0805385,1.8573325,1.8323427
mb-08971,train,2.0606978,1.9558737,2.0293837,1.898766
mb-05214,train,2.307496,2.2290418,2.0530784,1.9854584
mb-01728,train,1.7634281,1.5622879,1.5440681,1.5298395
mb-09243,train,1.763428,1.7991493,1.4149734,1.5392238
mb-07766,train,1.968483,1.7281519,0.845098,0.76754963
mb-02187,train,2.1238515,2.1857083,1.845098,1.8597312
mb-10926,train,2.064458,1.9188128,1.8920946,1.7064803
mb-02895,train,1.7558749,1.7993264,1.4771212,1.4894024
mb-07364,train,2.2479732,2.2174804,2.0170333,2.0693712
mb-09283,train,1.9822712,1.9218978,1.6720978,1.6713779
mb-09619,train,2.217484,2.079787,1.9190781,1.7752371
mb-03397,train,2.3996737,2.3951073,2.3838153,2.3619227
mb-10092,train,2.1731863,2.1655276,1.8692317,1.9406871
mb-04641,train,1.1139433,1.092074,0.69897,0.7148181
mb-02637,train,1.5682018,1.5978988,1.2787536,1.2621682
mb-07872,train,2.1958995,2.1165268,1.9956352,1.9581406
mb-05210,train,1.3617278,1.2397118,1.2552725,1.0733848
mb-06719,train,2.0211892,2.0751567,1.0413927,1.0923324
mb-03061,train,1.7993405,1.7231059,1.5185139,1.4410864
mb-01564,train,2.2479732,2.2186797,2.0293837,2.0179086
mb-00519,train,1.8920946,2.0922098,1.6627579,1.7884989
mb-00347,train,2.298853,2.1095672,1.7853298,1.7796564
mb-09053,train,2.089905,2.1017377,1.690196,1.7464178
mb-06025,train,1.4149734,1.190321,1.0413927,0.89216304
mb-04598,train,1.8129134,1.7868266,1.3617278,1.3600057
mb-01813,train,1.3010299,1.4838668,1.0413927,1.1915649
mb-00712,train,1.3222194,1.4026997,1.146128,1.1979196
mb-00798,train,2.033424,2.0570097,1.7781513,1.750694
mb-00427,train,1.0413927,1.2367289,0.9542425,0.987196
mb-06502,train,2.2227166,2.1415699,1.8920946,1.8237565
mb-05812,train,2.2648177,2.2162158,1.8920946,1.84527
mb-06497,train,2.3710678,2.365611,2.0863597,2.0109732
mb-02379,train,1.7160034,1.6157963,1.462398,1.4832346
mb-06870,train,1.0,1.0585235,0.60206,0.686725
mb-07834,train,1.9444827,1.8486073,1.6812413,1.587573
mb-00244,train,1.6334685,1.5249454,1.39794,1.3350817
mb-03957,train,2.2648177,2.223526,2.0253057,1.9208375
mb-06811,train,2.209515,2.1581795,1.50515,1.5334251
mb-03575,train,2.1731863,2.0905213,1.9637878,1.8687166
mb-06020,train,1.5682017,1.5672414,1.3222193,1.3336544
mb-08388,train,1.9956352,1.9814165,1.5314789,1.5468633
mb-00562,train,2.230449,2.1914833,1.7558749,1.784553
mb-03461,train,1.7853298,1.760928,1.5563025,1.6134347
mb-07352,train,1.1760912,1.2963845,1.0,1.1181281
mb-10799,train,1.90309,1.894573,1.6127839,1.7257627
mb-02867,train,1.4149734,1.5252974,1.3802112,1.3827952
mb-00510,train,1.9242792,1.9718605,1.690196,1.744947
mb-05089,train,1.60206,1.4687084,1.5314789,1.4767742
mb-02262,train,1.6720979,1.6555011,1.2552725,1.2932742
mb-06582,train,2.0128372,2.020809,1.7558749,1.7872827
mb-06454,train,1.5682018,1.2374985,1.6334685,1.3480096
mb-00318,train,2.2121875,2.2588563,2.161368,2.1863897
mb-07068,train,1.7160034,1.7681161,1.2787536,1.3227735
mb-06624,train,2.0293837,2.0240579,1.748188,1.7844123
mb-04464,train,1.3617277,1.357061,1.0791812,1.1166956
mb-06138,train,2.3891659,2.3914404,2.089905,2.0340137
mb-09876,train,1.9444826,1.9187841,1.5797836,1.6694882
mb-00343,train,1.8388491,1.8026645,1.50515,1.542364
mb-00394,train,1.0,1.0673133,0.60206,0.6971127
mb-09599,train,1.0791812,1.1093168,0.845098,0.8237792
mb-00157,train,1.3802112,1.3965158,1.230449,1.2346051
mb-00746,train,2.1303337,2.1242645,1.9637878,1.9601818
mb-01026,train,0.90309,0.9834223,0.60206,0.65977085
mb-10208,train,2.0170333,2.0749047,1.7323937,1.7439374
mb-05615,train,2.2227166,2.127194,1.9395193,1.9128797
mb-00274,train,2.1139433,1.9918385,1.69897,1.7492545
mb-02735,train,2.0681858,1.9992068,1.908485,1.8113232
mb-09486,train,1.60206,1.5353867,1.2552725,1.2710534
mb-09674,train,1.819544,1.8378544,1.3424227,1.3803568
mb-02870,train,2.1702616,2.0984633,1.9294189,1.8709505
mb-02442,train,1.9493899,1.8175354,1.6232493,1.5779207
mb-10500,train,2.269513,2.1817067,1.8692317,1.8168159
mb-05060,train,1.7323937,1.6468675,1.2552725,1.2834924
mb-04467,train,1.9590415,1.9607949,1.4913617,1.654047
mb-09664,train,1.5910647,1.9045208,1.462398,1.6319239
mb-09978,train,0.47712126,0.44432288,0.0,0.039664388
mb-01396,train,1.9867717,2.0136003,1.60206,1.6572803
mb-03817,train,1.7993405,1.6972305,1.7242758,1.6454291
mb-05872,train,1.3222194,1.4259928,1.39794,1.3755354
mb-09171,train,2.1139433,2.330233,1.8512584,1.967536
mb-07809,train,1.7558749,1.6373137,1.4313638,1.3338774
mb-03977,train,1.7853299,1.7501979,1.6334685,1.5527972
mb-04077,train,2.4248817,2.35445,2.1271048,2.1167157
mb-02462,train,1.8325089,1.7675805,1.5185139,1.4964699
mb-08088,train,0.90309,1.1526301,0.47712126,0.7941618
mb-01924,train,1.20412,1.5659968,1.4313638,1.3831027
mb-09995,train,2.230449,1.6667236,1.3617278,1.4181113
mb-02615,train,1.0791813,1.0795238,0.9542425,0.9961646
mb-04329,train,2.1367207,2.0968056,1.908485,1.8470012
mb-00564,train,2.029384,1.9197271,1.7075702,1.6656392
mb-02266,train,1.1139433,1.0837089,0.845098,0.7880317
mb-07249,train,1.9294189,1.7592914,1.5185139,1.5482638
mb-08275,train,2.0170333,2.038587,1.7781513,1.8116856
mb-06492,train,1.7403628,1.7319942,1.462398,1.4165016
mb-03280,train,2.5289168,2.474994,2.206826,2.2083797
mb-02682,train,1.819544,1.7976607,1.4313638,1.4683942
mb-06399,train,1.90309,1.924016,1.5185139,1.3426467
mb-03799,train,2.1818435,2.166734,1.9637878,1.9991636
mb-06773,train,1.3617278,1.2996749,1.39794,1.341469
mb-02856,train,1.863323,1.833946,1.2787536,1.266914
mb-05638,train,1.7403628,1.7768216,1.6532125,1.5103405
mb-00360,train,1.7403628,1.819587,1.4313638,1.5468535
mb-05965,train,1.7558749,1.8030057,1.3424227,1.3800145
mb-06698,train,1.7923918,1.7617247,1.5440681,1.5015104
mb-02286,train,2.1931245,2.162851,1.7781513,1.8504312
mb-05013,train,2.3560257,2.230784,1.7853298,1.7345159
mb-04067,train,1.7993405,1.8298379,1.4771212,1.5211325
mb-05146,train,2.0681858,2.035641,1.80618,1.8647262
mb-04042,train,1.60206,1.5271508,1.447158,1.4243426
mb-10886,train,1.6434526,1.6636502,1.230449,1.11598
mb-02126,train,1.3424227,1.2398854,1.146128,1.0560399
mb-04838,train,1.7708521,1.6921227,1.230449,1.2060041
mb-05902,train,2.0569048,2.1086078,1.3424227,1.4668872
mb-08289,train,1.5797837,1.7352608,1.39794,1.5628904
mb-02584,train,1.5682017,1.6151388,1.447158,1.4515706
mb-01076,train,1.7993405,1.7812122,1.2552725,1.316504
mb-01575,train,2.146128,2.0884585,1.8573325,1.8942704
mb-06169,train,2.3673558,2.270425,1.9867717,1.922724
mb-05453,train,2.0791812,2.1565762,2.0,2.0459173
mb-10134,train,1.4913617,1.6290476,1.0413927,1.1973534
mb-07246,train,1.5440681,1.5739677,1.1139433,1.214653
mb-06590,train,1.30103,1.2983364,0.9542425,0.9928991
mb-06728,train,1.8260748,1.7883996,1.3424227,1.2956641
mb-03999,train,2.0413928,2.0306253,1.6627579,1.5934557
mb-03560,train,2.1038036,2.1791403,1.748188,1.8452884
mb-01803,train,2.307496,2.2259371,1.8325089,1.8283687
mb-06699,train,2.3304136,2.1403959,2.2718415,2.1335216
mb-05756,train,1.462398,1.41762,1.3617278,1.3405447
mb-05253,train,1.7853298,1.7373998,1.50515,1.4703759
mb-10517,train,1.763428,2.0938263,1.3802112,1.7117627
mb-04407,train,2.1238518,2.092329,1.8512584,1.7615958
mb-10397,train,2.2148438,2.194833,1.845098,1.8869821
mb-07599,train,2.1903317,2.2113204,1.7993406,1.885797
mb-04647,train,1.7242758,1.7625222,1.447158,1.5189829
mb-10171,train,2.130334,2.1056993,1.5440681,1.7374682
mb-02589,train,1.8808136,1.9341677,1.7160033,1.7451805
mb-05506,train,1.3222193,1.2220364,1.0413927,1.0091884
mb-00921,train,2.303196,2.2726188,1.968483,1.9131193
mb-10096,train,1.4149734,1.6668389,1.230449,1.4567647
mb-05353,train,2.0211892,2.0346992,1.763428,1.7963098
mb-05911,train,1.9542426,1.8458198,1.5682018,1.4992069
mb-03003,train,1.4913617,1.3329146,1.3424227,1.1593692
mb-02417,train,1.9822713,1.9191337,1.6812413,1.6354792
mb-03298,train,1.1760912,1.9055228,1.6720978,1.6780534
mb-00229,train,1.763428,1.688318,1.3424227,1.2977287
mb-09770,train,1.4313638,1.3128816,1.146128,1.1031474
mb-01086,train,2.1105897,2.1241145,1.6720978,1.7946117
mb-01384,train,1.3010299,1.4043921,1.0791812,1.1880214
mb-01790,train,1.9731278,2.0471153,1.908485,1.8863442
mb-06118,train,2.4281347,2.4086719,2.0043213,2.0576134
mb-05455,train,2.0293837,1.9644893,1.690196,1.7064111
mb-05200,train,2.0170333,2.037237,1.5563025,1.6707411
mb-09639,train,1.9542425,1.9512892,1.3222193,1.3976859
mb-07838,train,2.4533184,2.3150392,2.071882,1.9619133
mb-07207,train,2.1875207,2.161891,1.94939,1.9892309
mb-04879,train,2.08636,2.0498314,1.3424227,1.3675263
mb-02238,train,1.770852,1.8054172,1.4771212,1.4903418
mb-09195,train,1.39794,1.2655021,1.146128,1.0569518
mb-02458,train,1.968483,1.8894762,1.7853298,1.7088796
mb-04630,train,1.7708521,2.106722,1.5682018,1.7443731
mb-08910,train,2.2013972,2.2044115,2.0128372,2.0712333
mb-00100,train,1.4771212,1.5916374,0.47712126,0.5250629
mb-07885,train,1.0,0.8257138,0.60206,0.48664165
mb-00912,train,1.8573325,1.8536208,1.7242758,1.6932635
mb-04962,train,1.6989701,1.6901639,1.146128,1.1979032
mb-06222,train,2.1673174,2.3073413,1.7993406,1.932665
mb-07663,train,1.146128,1.1116222,0.7781513,0.74590874
mb-05885,train,1.2552725,1.1912007,0.845098,0.8247683
mb-01518,train,2.164353,2.1834383,1.9190781,1.9352314
mb-05053,train,2.252853,2.2186646,1.8920946,1.8776654
mb-08177,train,1.1760912,1.2257804,1.0791812,1.0879785
mb-06911,train,1.4149734,1.395027,1.1760913,1.2236542
mb-04701,train,1.30103,1.3494604,1.1760913,1.1252959
mb-09653,train,2.033424,2.013886,1.6532125,1.6852149
mb-06889,train,1.4913617,1.4972743,1.3617278,1.3814853
mb-04195,train,1.968483,1.9380478,1.7993406,1.752878
mb-06481,train,2.10721,2.0634112,1.8129133,1.716396
mb-04671,train,2.2174838,2.1992214,2.0293837,2.000267
mb-08516,train,1.9777236,1.911002,1.6434526,1.7074786
mb-03508,train,2.4248817,2.3920074,2.3283796,2.303328
mb-09252,train,2.2253094,2.1096122,2.071882,1.9802439
mb-03892,train,1.7323937,1.6054668,1.5910646,1.5177467
mb-03774,train,2.1731863,2.1148968,2.0170333,1.9430467
mb-09649,train,1.6720979,1.5967131,1.462398,1.4373995
mb-03254,train,1.8512583,1.8689679,1.60206,1.7559146
mb-06864,train,2.1238515,2.0754247,1.5910646,1.5907849
mb-02585,train,1.146128,1.0214022,0.90309,0.77214074
mb-09585,train,2.2355285,2.201838,2.0,1.9746673
mb-05746,train,1.5797837,1.4933197,1.462398,1.4034933
mb-10737,train,1.5910646,1.5501026,1.2552725,1.306118
mb-06829,train,2.1702616,2.2073808,1.7323937,1.7554196
mb-06186,train,1.908485,1.8694851,1.5682018,1.605897
mb-08116,train,1.8750613,1.8538327,1.4913617,1.4636818
mb-00067,train,1.6334684,1.7278839,1.0413927,1.1414545
mb-09898,train,1.763428,1.4138026,1.4913617,1.1353433
mb-07786,train,2.2479732,2.228258,1.8325089,1.8168645
mb-07288,train,2.376577,2.1723287,2.0934217,2.0057602
mb-02229,train,1.8260748,1.9612899,1.5682018,1.7055547
mb-02284,train,1.8573325,1.8453922,1.0791812,1.1695762
mb-02569,train,1.30103,1.165191,1.0,0.9014325
mb-00327,train,2.0253057,2.0245063,1.6720978,1.6996061
mb-02974,train,1.5682018,1.5435591,1.4313638,1.3936557
mb-00275,train,2.1367207,2.1195621,1.7558749,1.8303463
mb-00657,train,2.1846914,2.1436582,1.69897,1.696905
mb-04273,train,1.4771212,1.4948525,1.0413927,1.0804302
mb-09507,train,1.7923918,1.7664392,1.146128,1.4594132
mb-04570,train,2.238046,2.1826189,2.139879,1.9913185
mb-06690,train,2.0211892,1.9758877,1.6532125,1.7022971
mb-00246,train,1.5440681,1.5153221,1.39794,1.3566756
mb-06405,train,1.5314789,1.5179608,1.0,1.0395342
mb-08047,train,1.2787536,1.3573129,0.90309,1.0192595
mb-03524,train,1.8750613,1.8205286,1.60206,1.6098585
mb-00018,train,1.9138138,1.9017167,1.6434526,1.7269741
mb-04536,train,2.0334237,2.0461733,1.8692317,1.8975897
mb-01837,train,1.7853298,1.7950007,1.690196,1.6345388
mb-00238,train,1.8750613,1.7144507,1.6232493,1.4656749
mb-01601,train,1.3010299,1.2912344,1.1139433,1.1353693
mb-02934,train,2.2878017,2.2336662,1.8512584,1.8547604
mb-04723,train,2.0569048,2.0622091,1.7323937,1.7924682
mb-00240,train,1.7403626,1.7111099,1.3802112,1.4891115
mb-04320,train,1.8808136,1.7920213,1.6232493,1.6718287
mb-01494,train,1.6127838,1.7587585,1.3222193,1.419128
mb-02831,train,2.0492182,2.0484118,1.8260748,1.8254836
mb-01071,train,2.1903317,2.1526117,2.0128372,1.9995301
mb-01886,train,1.3222193,1.260465,1.0,0.9614343
mb-10630,train,2.120574,2.0502517,1.9777236,1.9156803
mb-07514,train,2.365488,2.3088586,2.0128372,1.9922009
mb-01328,train,1.0,1.0023724,0.60206,0.61736894
mb-06779,train,1.4149734,1.3202064,0.90309,0.9642031
mb-00498,train,1.9242792,1.7486036,1.50515,1.4140972
mb-02008,train,1.5563024,1.4196438,1.0791812,1.0810304
mb-01512,train,1.9294188,1.8955858,1.6720978,1.7049768
mb-07821,train,1.230449,1.141197,0.90309,0.8624944
mb-05753,train,2.2329962,2.1763496,1.7558749,1.6995612
mb-05948,train,1.9822712,1.8928951,1.5797836,1.5799062
mb-10740,train,1.763428,1.9121829,1.4149734,1.6256871
mb-08136,train,2.155336,2.0885215,1.8864907,1.8708087
mb-02518,train,2.348305,2.3388355,2.0413928,1.9848211
mb-10108,train,1.6020601,1.4983907,1.2787536,1.2084875
mb-04151,train,2.4065402,2.4308612,2.1139433,2.1093838
mb-09725,train,1.7075702,1.708821,1.3617278,1.4336566
mb-00507,train,2.0170333,1.950356,1.6812413,1.6405458
mb-00626,train,1.724276,1.6586473,1.3424227,1.3635156
mb-05050,train,2.2013972,2.166287,1.80618,1.7719969
mb-03499,train,1.4913617,1.5788188,1.3802112,1.3785306
mb-03092,train,2.1818435,2.1307075,1.8750613,1.8096718
mb-02212,train,2.2552724,2.1960452,1.690196,1.6700279
mb-10162,train,2.3747485,2.2420745,2.164353,2.0891266
mb-10685,train,2.3443923,2.1979747,2.0170333,1.9451568
mb-03002,train,2.3783977,2.305997,2.0293837,1.9039862
mb-05021,train,1.9190781,1.8989607,1.7403626,1.7096931
mb-03777,train,2.1172712,2.0526931,2.0827854,2.1020985
mb-02556,train,1.8388491,1.8446168,1.5185139,1.6262498
mb-05046,train,1.4471581,1.4113648,1.2787536,1.2092731
mb-04205,train,1.9867717,1.8960409,1.5314789,1.5424235
mb-10033,train,2.2380462,2.0924401,1.9138138,1.7747166
mb-00284,train,1.8325088,1.819711,1.3222193,1.3883879
mb-04405,train,1.4149734,1.2861602,1.146128,1.018895
mb-00677,train,2.3222194,2.2686126,1.8808136,1.8203309
mb-09807,train,1.2552725,1.2623391,1.1139433,1.148751
mb-09690,train,2.243038,2.107893,1.763428,1.734022
mb-03641,train,1.5185139,1.4945711,1.0413927,1.0675583
mb-02862,train,1.9731278,2.1352365,1.5797836,1.6894414
mb-02246,train,1.9084849,1.9502926,1.4771212,1.4948521
mb-00231,train,2.0128372,2.099435,1.7323937,1.7889783
mb-09407,train,1.5682018,1.4740436,1.3802112,1.3091958
mb-10293,train,2.120574,2.1895971,1.9344984,1.8517467
mb-00708,train,1.30103,1.4636976,1.3617278,1.3858708
mb-07275,train,1.6627579,1.6722243,1.39794,1.3997508
mb-04132,train,2.029384,2.0167284,1.6532125,1.4959733
mb-07605,train,2.1105897,2.2128623,1.8512584,1.934496
mb-04385,train,1.8512584,1.7634982,1.4913617,1.4764743
mb-03937,train,1.9822712,1.9154514,1.690196,1.6064186
mb-02019,train,1.7075701,1.6249475,1.1139433,0.9957343
mb-04461,train,2.1760912,2.099271,1.8920946,1.8079313
mb-07642,train,1.690196,1.6614053,1.447158,1.4299253
mb-06584,train,2.4727564,2.3084042,2.133539,2.004959
mb-04153,train,2.139879,2.159654,1.7923917,1.8555052
mb-06794,train,0.845098,0.74569005,0.69897,0.6215418
mb-10789,train,2.120574,2.186161,1.6627579,1.7638885
mb-07146,train,1.6334685,1.5956268,1.39794,1.3562725
mb-04307,train,2.252853,2.1653576,1.4149734,1.407203
mb-09738,train,2.1139433,2.164937,1.7160033,1.8570238
mb-08877,train,1.7403626,1.7793087,1.146128,1.181236
mb-02640,train,2.0334237,2.0000415,1.447158,1.4606229
mb-03293,train,2.423246,2.4272525,2.0681858,2.1408868
mb-00186,train,1.6127839,1.5201124,1.30103,1.2592108
mb-05860,train,1.518514,1.4534564,1.462398,1.3523421
mb-02425,train,1.9956352,1.8911514,1.690196,1.5192714
mb-00354,train,1.30103,1.463044,1.1760913,1.2898235
mb-08124,train,1.8450981,1.6443962,1.6127839,1.4765141
mb-09815,train,1.6532125,2.0243351,1.39794,1.6930966
mb-03219,train,1.8195438,1.8427582,1.5314789,1.5235572
mb-06885,train,2.0043213,2.0785928,1.7853298,1.7462828
mb-06329,train,1.6127839,1.5455607,1.146128,1.1245303
mb-01752,train,2.1583624,2.1314483,1.9138138,1.9507713
mb-02894,train,2.1673174,2.2210197,1.845098,1.8704953
mb-02535,train,1.9294189,1.8935709,1.5185139,1.5035146
mb-07365,train,1.6812412,2.205849,1.9542425,2.0120144
mb-05312,train,1.9777236,1.8896999,1.30103,1.2866961
mb-10887,train,2.075547,2.1879063,1.5682018,1.7149361
mb-08600,train,1.8388491,1.9333904,1.230449,1.3967386
mb-08629,train,2.2900348,2.2688458,1.7993406,1.8614508
mb-03029,train,2.2355285,2.2866833,2.0530784,1.9618621
mb-08723,train,1.3222193,1.1527534,1.0413927,0.93064636
mb-01486,train,2.045323,2.0252573,0.90309,0.82027763
mb-09965,train,2.1430147,2.1770205,1.8129133,1.8850987
mb-04145,train,1.230449,1.1764028,1.0,0.9667656
mb-10077,train,1.4623979,1.3768868,1.0791812,1.0451226
mb-10665,train,1.9637878,1.8960254,1.146128,1.1903762
mb-03386,train,2.0606978,2.0000157,1.6434526,1.5870664
mb-09388,train,1.6627579,1.6591899,0.90309,0.92817885
mb-04083,train,1.9190781,2.0029109,1.5910646,1.7313426
mb-07581,train,1.8750613,1.7441301,1.462398,1.4077609
mb-03538,train,2.1271048,2.0984414,1.8808136,1.9069601
mb-09793,train,1.5682018,1.5286936,1.1760913,1.1397314
mb-08919,train,2.30103,2.1960554,1.9777236,1.8431418
mb-06244,train,2.0530784,2.0101485,1.5797836,1.6232843
mb-04191,train,1.8808136,1.7235215,1.5563025,1.5736865
mb-07176,train,2.2227166,1.8228688,1.20412,0.8396156
mb-04471,train,2.1846914,2.0651603,1.968483,1.8726554
mb-00585,train,1.9777236,1.83087,1.4313638,1.3497139
mb-09901,train,1.6901962,1.6620809,1.20412,1.2871443
mb-06918,train,1.1139433,1.2418761,1.0413927,1.0725155
mb-05598,train,2.3926969,2.2784128,1.690196,1.6896923
mb-05649,train,1.7853298,1.7431598,1.2787536,1.2657251
mb-07615,train,2.3996737,2.4348357,2.1958997,2.163679
mb-07895,train,2.0569048,1.9404553,1.7923917,1.7055255
mb-07332,train,2.2900345,2.1882844,1.770852,1.7078421
mb-01914,train,2.1038036,2.0376692,1.7323937,1.7654194
mb-04870,train,1.7403626,1.6534828,1.60206,1.57328
mb-02840,train,1.8976271,1.8561069,1.4149734,1.40881
mb-01092,train,1.845098,1.8327544,1.447158,1.4378667
mb-06101,train,1.7242758,1.8070389,0.90309,0.98093444
mb-09191,train,1.6127839,1.6619208,1.5440681,1.4924619
mb-03823,train,2.3304138,2.2650006,1.9956352,1.9730964
mb-05679,train,2.363612,2.366313,2.0128372,2.08454
mb-00241,train,1.8692317,1.9099287,1.69897,1.6997279
mb-06309,train,2.2671719,2.0286589,1.9242793,1.7217993
mb-02434,train,1.8388491,1.7833762,1.6232493,1.4773042
mb-09954,train,1.8260748,1.7266704,1.6127839,1.5294231
mb-05868,train,1.6812413,1.6520605,1.462398,1.4073306
mb-04314,train,1.5910646,1.6811728,1.2552725,1.3638605
mb-09100,train,2.198657,2.276041,2.0128372,1.9927554
mb-09079,train,0.8450981,0.8090265,0.60206,0.5898285
mb-02940,train,1.4913617,1.3693131,1.2787536,1.2548012
mb-09754,train,2.2648177,2.2312357,1.7923917,1.8120165
mb-09345,train,1.7923917,1.6403639,1.5185139,1.5063435
mb-01225,train,2.209515,2.186367,1.9344984,1.940322
mb-08975,train,1.6232493,1.6208578,1.3222193,1.4103317
mb-00438,train,1.7323937,1.6234992,1.4149734,1.3845655
mb-10211,train,1.9867718,1.9975307,1.7075702,1.7819228
mb-02492,train,2.4927604,2.3993945,2.30103,2.2322588
mb-01616,train,1.9731278,1.7996254,1.50515,1.4294254
mb-05428,train,1.8388491,1.7643995,1.30103,1.2121255
mb-02581,train,1.8750613,1.8915203,1.146128,1.2065692
mb-02001,train,2.164353,2.169846,1.8920946,1.7995524
mb-09838,train,2.0606978,2.0261345,1.6127839,1.7025596
mb-07553,train,2.1430147,2.0834439,2.1139433,2.0397065
mb-00516,train,1.9190781,1.8433802,1.2787536,1.2199342
mb-07039,train,1.8920946,2.134973,1.6720978,1.8273051
mb-10574,train,1.94939,2.1000822,2.0086002,2.010765
mb-03505,train,2.1271048,2.1434994,1.5185139,1.6218182
mb-02080,train,0.4771213,0.9579786,0.60206,0.67762625
mb-08539,train,1.9731278,1.9489746,1.4913617,1.4668416
mb-08874,train,2.20412,2.1822226,1.8260748,1.7992651
mb-00680,train,1.8388491,1.79185,1.3617278,1.4243025
mb-01132,train,1.7160034,1.6979411,1.5440681,1.5868629
mb-00228,train,1.908485,1.8955112,1.6334685,1.5910028
mb-07237,train,2.198657,2.2239857,1.8573325,1.8991004
mb-04653,train,2.313867,2.2349517,1.9294189,1.7939823
mb-07478,train,1.7558749,1.7037919,1.5314789,1.5049455
mb-08339,train,2.2227166,2.1960533,1.6532125,1.703061
mb-08957,train,2.0530784,2.1362386,1.9444827,2.0457623
mb-06712,train,1.9822712,1.9967829,1.6232493,1.6743478
mb-02366,train,1.7923917,1.6755712,1.50515,1.4502009
mb-00121,train,1.7558749,1.6991708,1.6434526,1.5520487
mb-07753,train,2.220108,2.1780236,1.8920946,1.822754
mb-02424,train,1.2552725,1.249666,1.1139433,1.1415051
mb-09775,train,1.9637878,1.819152,1.7242758,1.5954711
mb-01187,train,1.3979399,1.4614325,1.1139433,1.2414002
mb-08615,train,1.6720978,1.7141242,1.5185139,1.528021
mb-03787,train,2.1367207,1.9730937,1.8325089,1.729847
mb-05143,train,2.1903317,2.1786542,2.0606978,2.0168736
mb-06914,train,1.7923918,1.7162371,1.30103,1.2582288
mb-03650,train,1.80618,1.6583782,1.5314789,1.3859454
mb-09804,train,2.1003704,2.07713,1.770852,1.8501968
mb-06997,train,1.9344984,2.0500278,1.8129133,1.8248696
mb-07136,train,2.155336,2.1928945,1.770852,1.784969
mb-02501,train,2.0569048,2.035627,1.69897,1.8437098
mb-03360,train,1.6720979,1.4046347,1.4313638,1.2431775
mb-01623,train,2.2576785,2.1259153,2.09691,1.8568227
mb-02154,train,2.149219,2.0990107,1.8260748,1.7635759
mb-02346,train,1.2304488,1.5638729,1.3222193,1.3740926
mb-03907,train,1.9190781,2.0144637,1.7323937,1.8337417
mb-06822,train,1.39794,1.2763973,1.230449,1.1223984
mb-09039,train,2.1818435,2.1703582,1.8388491,1.8566325
mb-02121,train,1.5910646,1.6536071,1.3222193,1.393865
mb-06255,train,2.1238515,2.06929,1.748188,1.6714039
mb-02704,train,1.1139433,1.0232571,0.845098,0.80216557
mb-01699,train,1.6232493,1.618312,1.230449,1.3033267
mb-08160,train,1.5682018,1.670923,1.39794,1.5254285
mb-01961,train,1.7160034,1.7175571,1.5563025,1.4919525
mb-09246,train,2.0863597,1.9492775,1.6720978,1.5885987
mb-08515,train,2.0043213,1.9616958,1.60206,1.724797
mb-04665,train,0.90309,0.91425884,0.60206,0.6395734
mb-06011,train,1.9493899,1.895378,1.3802112,1.5103818
mb-04977,train,2.0413926,2.0811658,1.8388491,1.9023335
mb-04939,train,2.0374265,2.1447186,1.6334685,1.71294
mb-00400,train,1.0791812,1.1728989,0.845098,0.9430769
mb-10224,train,2.1846914,2.2506886,1.6127839,1.7109873
mb-01445,train,1.863323,1.9078138,1.3424227,1.3572307
mb-07347,train,1.6434528,1.560631,1.20412,1.2272637
mb-05792,train,1.6020601,1.5053726,1.462398,1.4452553
mb-05069,train,1.4313638,1.4362323,0.845098,0.978652
mb-00463,train,2.1038036,2.0439837,1.819544,1.8517624
mb-05247,train,1.748188,1.7177217,1.230449,1.2816428
mb-08246,train,2.363612,2.3057783,2.045323,1.9822178
mb-06383,train,1.7558749,1.7562566,1.1760913,1.2466075
mb-00701,train,1.6720978,1.7189465,1.4771212,1.5214176
mb-04060,train,2.1461282,2.1022103,1.7075702,1.7146423
mb-05763,train,1.60206,1.6368058,1.3802112,1.4296029
mb-04001,train,2.209515,2.2472932,1.9444827,1.9837776
mb-00907,train,2.146128,2.1537945,1.770852,1.7746964
mb-00718,train,1.4771214,1.410778,1.20412,1.1788111
mb-07965,train,1.7558749,1.6599803,1.447158,1.5436702
mb-07958,train,2.2648177,2.2637131,1.90309,1.9381981
mb-04664,train,2.1238518,2.1729755,1.80618,1.8378386
mb-07268,train,1.7242758,1.6945041,1.39794,1.3710592
mb-09484,train,1.5797837,1.5991158,1.30103,1.4082707
mb-07763,train,2.164353,2.1035452,1.5440681,1.5117226
mb-07463,train,1.8573325,1.7852802,1.5910646,1.5021958
mb-09532,train,1.90309,1.2357321,0.69897,0.61274636
mb-09814,train,1.4913617,1.4626707,1.4149734,1.39423
mb-06682,train,1.7993406,1.6852243,1.5682018,1.4868033
mb-03729,train,2.0606978,2.0691345,1.7853298,1.7353295
mb-06261,train,2.075547,2.049707,1.6434526,1.6281002
mb-06249,train,2.2741578,2.2292247,1.8129133,1.8539696
mb-03657,train,1.8388491,1.8152308,1.69897,1.6081021
mb-09635,train,1.2041199,1.3704287,1.0413927,1.2004477
mb-07075,train,2.130334,2.1573086,1.3802112,1.2379699
mb-04108,train,2.269513,2.3010123,2.0128372,2.0667167
mb-01338,train,1.9242792,1.9713796,1.8129133,1.8240544
mb-02899,train,1.1760912,1.1413084,1.0791812,1.0319142
mb-06245,train,1.5185139,1.6790268,1.30103,1.4443139
mb-06123,train,2.0374265,2.0178976,1.6232493,1.6329436
mb-06693,train,0.845098,0.8593017,0.47712126,0.5338818
mb-08254,train,1.7993405,1.707908,1.5314789,1.616368
mb-09456,train,1.5563025,1.9787046,1.3617278,1.5928408
mb-09841,train,2.38739,2.2429504,1.94939,1.895157
mb-01654,train,2.4132998,2.4217978,2.1367207,2.1493223
mb-05511,train,1.2552725,1.554144,0.9542425,1.3169601
mb-09790,train,2.1846914,2.1507263,1.9444827,1.9417169
mb-07847,train,2.0413926,1.7276822,1.60206,1.4934214
mb-08345,train,1.5314789,1.5208297,1.3802112,1.3670018
mb-01310,train,1.9242792,1.9014121,1.50515,1.493993
mb-05262,train,2.133539,2.133654,1.69897,1.6291004
mb-04054,train,1.6812412,1.6726372,1.5314789,1.4516215
mb-08724,train,1.4471581,1.801353,1.462398,1.5309031
mb-01220,train,2.1522884,2.147602,1.80618,1.810509
mb-09688,train,1.5797837,1.4681963,1.39794,1.2811565
mb-08753,train,2.1139433,2.098059,1.8573325,1.8432226
mb-04698,train,1.3617278,1.3726757,1.146128,1.2196068
mb-07283,train,2.0293837,2.0248377,1.763428,1.713047
mb-08770,train,1.230449,1.1889727,1.0,0.8453882
mb-02626,train,2.1958995,2.2025287,1.690196,1.6577365
mb-01566,train,2.1172712,2.1121848,1.6720978,1.7005413
mb-04047,train,1.8573325,1.8845832,1.50515,1.555241
mb-04651,train,1.8388491,1.8778111,1.6232493,1.7081043
mb-08312,train,2.303196,2.2540321,2.0128372,1.9954014
mb-07855,train,1.4623979,1.6167542,1.6434526,1.5495347
mb-10573,train,2.198657,2.1635532,1.7558749,1.6728659
mb-03700,train,2.0128372,1.9605744,1.80618,1.8257403
mb-03978,train,1.8573326,1.7413926,1.6627579,1.579807
mb-06306,train,2.3598354,2.3801959,2.0043213,2.031793
mb-06920,train,1.9294189,1.9618902,1.6812413,1.7150807
mb-07836,train,1.69897,1.6682968,1.3617278,1.4702485
mb-00267,train,1.3010299,1.432839,1.1139433,1.1573389
mb-10690,train,2.1673174,2.0269442,1.5563025,1.4141657
mb-02215,train,2.0086002,1.9331661,1.0791812,1.1113164
mb-02316,train,1.690196,1.6596138,1.4771212,1.430211
mb-06676,train,2.2405493,2.25199,1.8692317,1.9250138
mb-07277,train,2.4183013,2.297336,1.9542425,1.9229577
mb-06505,train,1.8750613,1.9148263,1.50515,1.5956515
mb-01115,train,1.5797837,1.6203698,1.30103,1.3510125
mb-09201,train,1.7781513,1.7731023,1.462398,1.4159421
mb-03952,train,1.9190781,1.9006293,1.3802112,1.4627349
mb-09563,train,1.4771212,1.6291542,1.3222193,1.393529
mb-09726,train,1.3979399,1.3502289,0.845098,0.8385954
mb-02886,train,1.5185139,1.7336371,1.2552725,1.3734683
mb-03455,train,2.2741578,2.2166154,2.0374265,2.0345302
mb-06114,train,1.9867717,1.9616522,1.3802112,1.5215334
mb-05524,train,2.025306,1.8983159,1.6627579,1.5791758
mb-04851,train,2.0569048,1.8869171,1.770852,1.7200623
mb-03334,train,2.178977,2.110999,2.075547,2.002764
mb-02072,train,1.9294189,1.7768302,1.8325089,1.6459104
mb-09769,train,1.5051501,1.6054299,0.90309,1.031846
mb-01527,train,0.9542425,0.9904252,0.7781513,0.78158194
mb-08772,train,2.298853,2.1067173,2.0043213,1.7664235
mb-01416,train,1.361728,1.3301997,1.20412,1.1738627
mb-04505,train,1.748188,1.657862,1.4149734,1.3883636
mb-05794,train,2.1931245,2.250173,1.8692317,1.8605907
mb-07825,train,1.6232493,1.656884,1.4313638,1.4260691
mb-05676,train,2.1003706,2.050434,1.30103,1.1910683
mb-06092,train,2.0791812,2.0375338,1.6627579,1.6662747
mb-10497,train,1.5314789,1.5494888,0.90309,0.9597079
mb-06976,train,1.6901962,1.6299245,1.3424227,1.3513155
mb-06083,train,2.0170333,2.0069602,1.6334685,1.6369128
mb-00628,train,1.7160034,1.7184551,1.2787536,1.3098639
mb-09132,train,2.049218,1.887542,1.447158,1.3939635
mb-10358,train,1.50515,1.4813433,1.146128,1.2466137
mb-08624,train,2.029384,2.0324852,1.8512584,1.867097
mb-02997,train,1.230449,1.3171525,1.0413927,1.1600425
mb-01464,train,2.1903317,2.1950696,1.8633229,1.8406149
mb-06711,train,1.6232493,1.6343062,1.462398,1.3922644
mb-06952,train,1.3010299,1.3134882,0.845098,0.9182189
mb-05079,train,2.075547,2.0873618,1.6720978,1.6717647
mb-09433,train,1.9637878,1.9696603,1.39794,1.3499194
mb-10369,train,1.6232493,2.1049693,1.50515,1.7483895
mb-06412,train,2.1367207,2.1658082,1.7853298,1.813225
mb-03270,train,2.2600713,2.142059,2.09691,1.9948118
mb-07066,train,2.178977,2.143629,1.845098,1.7963831
mb-05899,train,1.8129134,1.7271599,1.5563025,1.4878533
mb-05485,train,2.2278867,2.1423488,1.9912261,1.9532671
mb-03250,train,2.0,1.9521295,1.5910646,1.6519775
mb-04913,train,1.7323937,1.731149,1.146128,1.1917892
mb-03122,train,1.845098,1.946455,1.50515,1.5398912
mb-00693,train,1.7993406,1.9546149,1.5563025,1.6474925
mb-07947,train,2.2329962,2.0538719,2.143015,1.9993056
mb-07191,train,2.09691,1.9902167,1.3424227,1.4463465
mb-01078,train,2.2148438,2.1889699,1.8864907,1.8236659
mb-10382,train,2.0374265,2.2284195,1.69897,1.821845
mb-07919,train,1.4471581,1.4258454,1.146128,1.2592527
mb-09449,train,1.8129133,1.9448973,1.5185139,1.6343441
mb-05612,train,1.4149734,1.325039,1.0413927,1.1080794
mb-10581,train,1.462398,1.3318979,1.2552725,1.1667063
mb-10196,train,2.1818435,2.1452222,1.7781513,1.7879909
mb-02251,train,1.7075701,1.9142356,0.845098,1.0406513
mb-03981,train,1.819544,1.8199811,1.6532125,1.6369077
mb-10960,train,2.0170333,1.8234235,1.8325089,1.729639
mb-08956,train,2.2329962,2.1754513,1.9444827,1.9012382
mb-04937,train,2.0530784,2.102715,1.8512584,1.9530646
mb-07706,train,1.8750613,1.7893162,1.5185139,1.5046489
mb-01042,train,2.2855573,2.3172,2.0569048,2.1080606
mb-06601,train,1.7708521,1.7746563,1.4913617,1.5317513
mb-03749,train,1.6532125,1.5473268,1.5563025,1.489325
mb-07675,train,1.6532125,1.5711756,1.462398,1.3670065
mb-03532,train,1.8512583,1.8297468,1.690196,1.6083107
mb-01850,train,1.8750613,1.8069357,1.5910646,1.5096443
mb-06153,train,1.8260748,1.851607,1.50515,1.5973113
mb-00871,train,2.1398792,2.1190605,1.8750613,1.8190734
mb-02618,train,1.9344984,2.0114446,1.60206,1.7517713
mb-00543,train,1.4149734,1.5232215,1.462398,1.4494662
mb-04043,train,1.770852,1.7697731,1.50515,1.5053554
mb-02013,train,2.2430382,2.23882,1.9190781,1.8640612
mb-02921,train,1.763428,1.7328396,1.4149734,1.4479973
mb-00418,train,2.161368,2.2115126,2.049218,2.045217
mb-03416,train,2.3096302,2.2446477,2.064458,1.9371486
mb-02249,train,2.045323,2.049113,1.8808136,1.8503293
mb-10743,train,2.3159704,2.2227585,1.7075702,1.8459609
mb-00551,train,1.146128,1.4405993,1.2552725,1.4620531
mb-09554,train,2.1430147,2.1279967,1.690196,1.6697464
mb-05235,train,2.1271048,2.126162,1.7923917,1.8194239
mb-05274,train,1.724276,1.6267374,1.3424227,1.3123629
mb-01215,train,1.7993405,1.8024489,1.3222193,1.3144445
mb-05584,train,1.6989701,1.6004193,1.5440681,1.4354974
mb-08622,train,1.770852,1.7520318,1.3222193,1.5010339
mb-06567,train,2.363612,2.2844582,1.9956352,1.9341106
mb-01406,train,1.2787536,1.1033232,1.0413927,0.93170315
mb-05520,train,1.146128,1.0728973,1.146128,0.93715066
mb-04006,train,1.6989701,1.6547313,1.0413927,1.0609481
mb-01320,train,1.8976271,1.9272168,1.5440681,1.7026608
mb-05095,train,2.2576785,2.293599,2.0211892,2.0270836
mb-06286,train,1.9731278,1.9611123,1.50515,1.4891323
mb-08993,train,2.3364596,2.1915436,1.6434526,1.7299156
mb-03017,train,2.5658476,2.4893975,2.2552724,2.2517166
mb-07023,train,1.8976271,1.8740661,1.6532125,1.6306187
mb-07233,train,1.7708521,1.8052642,1.20412,1.2881515
mb-04267,train,2.20412,2.2783706,2.139879,2.0906472
mb-08423,train,1.9190781,1.8402226,1.5314789,1.6119074
mb-02402,train,2.146128,2.1006148,1.9294189,1.8841877
mb-09515,train,1.361728,1.5427477,1.20412,1.2002343
mb-03615,train,2.0211892,2.0349286,1.8325089,1.861925
mb-08394,train,1.1760913,1.2253958,1.1760913,1.2408826
mb-08126,train,1.3802112,1.3026927,1.230449,1.1220665
mb-08520,train,2.2810333,2.1454515,1.8920946,1.768602
mb-07189,train,2.0492182,2.1032598,1.7993406,1.8608264
mb-05840,train,2.326336,2.2438927,1.968483,1.8740165
mb-05556,train,2.4456043,2.312388,1.9912261,1.9098003
mb-02124,train,2.2600713,2.208015,1.8808136,1.8620325
mb-08051,train,1.6020601,1.5622399,1.146128,1.1753796
mb-02031,train,1.8388491,1.7806963,1.4913617,1.3952334
mb-02202,train,1.8325089,1.8373475,1.5314789,1.5561577
mb-10047,train,2.2671719,2.159409,1.4913617,1.4591922
mb-08358,train,2.2227166,2.204731,1.908485,1.824017
mb-06743,train,1.39794,1.374543,1.0,1.019786
mb-00611,train,2.075547,2.0186632,1.8512584,1.6942434
mb-01375,train,2.0374265,2.0417113,1.5682018,1.7081537
mb-00773,train,1.6720979,1.7538506,1.3617278,1.5130103
mb-05933,train,2.0791812,2.0501611,1.39794,1.4607271
mb-06556,train,2.30103,2.379481,2.0530784,2.0311651
mb-05321,train,1.3617277,1.1830231,1.0791812,1.0016232
mb-03195,train,2.089905,2.0874681,1.690196,1.6184893
mb-03491,train,1.6434526,1.6643683,1.2552725,1.1738372
mb-06215,train,1.763428,1.7479665,1.39794,1.3788587
mb-02608,train,1.819544,1.8380661,1.4771212,1.5182493
mb-05874,train,2.0086002,2.0158877,1.4149734,1.3731995
mb-06319,train,1.6334685,1.599997,1.39794,1.4577538
mb-05964,train,1.6532124,1.6335763,1.447158,1.4321814
mb-10192,train,2.0863597,1.9631447,1.8129133,1.7300605
mb-00491,train,1.9138138,1.9274626,1.2787536,1.2688254
mb-05533,train,2.230449,2.1259887,1.968483,1.8911455
mb-10067,train,1.4913617,1.4031515,1.146128,1.0574381
mb-03542,train,2.2227163,2.1573365,2.0211892,1.896786
mb-01615,train,1.8129134,1.8430319,1.2552725,1.2991514
mb-03185,train,1.845098,1.8889942,1.5185139,1.4894873
mb-08817,train,1.6334685,1.5993859,1.4149734,1.3939133
mb-10287,train,1.3802112,1.2856327,1.146128,1.0637251
mb-01391,train,1.5314789,1.5081902,0.90309,0.9373055
mb-04685,train,1.2787536,1.2328705,0.9542425,0.96181244
mb-10702,train,1.9542426,2.030601,1.6532125,1.7314014
mb-05863,train,2.1139433,2.013882,1.8750613,1.6617608
mb-09953,train,1.770852,1.8619576,1.5314789,1.5492543
mb-06325,train,2.1003704,2.069774,1.5314789,1.5471655
mb-02761,train,1.1760913,1.0944669,0.69897,0.71170413
mb-06888,train,2.2329962,2.0919492,2.0086002,1.8447832
mb-01701,train,2.0,2.0587184,1.5314789,1.5402802
mb-10412,train,1.2787536,1.2269061,0.9542425,0.9242784
mb-02519,train,2.38739,2.3805964,2.0170333,2.0521507
mb-04368,train,1.5563024,1.5635517,1.0791812,1.1202414
mb-03019,train,1.80618,1.7443911,1.60206,1.5976292
mb-02463,train,2.2833014,2.266071,1.9912261,2.007884
mb-09027,train,1.0413927,1.0576401,0.69897,0.75958085
mb-02629,train,2.3096302,2.2704132,2.0681858,2.0192957
mb-09212,train,1.7558749,1.7075425,1.4771212,1.4517013
mb-08430,train,1.7558749,1.6586864,1.3222193,1.3632078
mb-05437,train,2.2855573,2.263697,1.80618,1.8095478
mb-04958,train,2.1003704,2.0189457,1.7403626,1.6648003
mb-08810,train,2.0170333,2.1649208,1.6627579,1.8499544
mb-00356,train,1.5682018,1.6480721,1.20412,1.3546427
mb-05077,train,1.7853298,1.7671638,1.0,1.0858858
mb-01794,train,1.6532125,1.5937264,1.20412,1.1834228
mb-03297,train,1.5185139,1.3703815,1.2552725,1.1440282
mb-01889,train,2.143015,2.1011322,2.0170333,1.9707582
mb-04680,train,1.5797837,1.6720804,1.2787536,1.3809528
mb-05094,train,2.0086002,1.9843802,1.50515,1.5365231
mb-02252,train,1.8129134,1.8502251,1.5440681,1.5899944
mb-09453,train,1.30103,1.6512911,1.30103,1.3059878
mb-01161,train,1.0791813,1.1694734,0.7781513,0.85488486
mb-01740,train,2.0374265,2.0151353,1.7403626,1.7916392
mb-03554,train,2.0211892,2.0396943,1.6720978,1.689369
mb-09297,train,2.20412,2.1096618,1.8976271,1.7738007
mb-05457,train,1.9590414,1.9284036,1.60206,1.6218159
mb-00252,train,1.968483,2.0228796,1.6434526,1.723321
mb-08199,train,1.90309,1.72324,1.4313638,1.3486629
mb-10892,train,2.3856063,2.2101066,2.206826,2.1517982
mb-03204,train,2.298853,2.2476935,2.064458,1.9737343
mb-05003,train,2.1105897,2.0679326,1.763428,1.7344193
mb-06009,train,1.8633229,1.714824,1.50515,1.2905929
mb-03289,train,1.7160033,1.6537709,1.0791812,1.1210907
mb-00279,train,1.30103,1.1689944,0.9542425,0.8397569
mb-06227,train,1.6720979,1.6126347,1.3424227,1.2827883
mb-01441,train,1.3617278,1.3089935,1.230449,1.231582
mb-07370,train,2.2013972,2.242042,1.8920946,1.931842
mb-06849,train,2.4955444,2.5190363,2.3096302,2.2346978
mb-02175,train,1.230449,1.2126291,0.90309,0.85175014
mb-06495,train,1.8864908,1.8749683,1.2787536,1.2266461
mb-09461,train,2.2380462,2.203829,1.8573325,1.8286195
mb-04969,train,1.7781513,1.7199771,1.5797836,1.5061854
mb-03659,train,1.4623979,1.3371432,1.0791812,0.94915915
mb-04672,train,1.230449,1.171212,0.90309,0.85838103
mb-09880,train,2.209515,2.1793005,1.4913617,1.6506283
mb-10786,train,2.0413928,2.0537076,1.50515,1.5804785
mb-09917,train,2.2988532,2.2869558,1.9444827,1.9381015
mb-05576,train,2.1367207,2.0218022,1.690196,1.6777368
mb-05834,train,1.8633229,1.8480694,1.39794,1.4034194
mb-07549,train,2.1643527,2.0819044,2.1303337,1.9914299
mb-02730,train,1.8260748,1.7058526,1.4771212,1.4163818
mb-03469,train,2.3483047,2.3904846,2.0606978,2.042202
mb-10225,train,2.1818435,2.1436007,1.690196,1.7096514
mb-08579,train,2.1522884,2.0599256,1.819544,1.6881915
mb-05718,train,1.2041199,1.3698192,1.0,1.144143
mb-07767,train,1.5797837,1.4187503,0.90309,0.84876543
mb-06239,train,1.6334684,1.6648855,1.0791812,1.1708958
mb-06110,train,2.2810333,2.327196,1.9542425,1.9583862
mb-03433,train,1.80618,1.8736584,1.4149734,1.4479582
mb-09605,train,2.075547,1.9707518,1.39794,1.4445198
mb-03592,train,1.9912262,1.936584,1.5440681,1.5463313
mb-08904,train,0.69897,0.5959848,0.47712126,0.46521688
mb-01744,train,1.6901962,1.602859,1.5563025,1.4288908
mb-04862,train,2.0530784,2.062609,1.690196,1.7078543
mb-03340,train,1.8692317,1.8137941,1.7923917,1.6402477
mb-05092,train,1.7853299,1.9037824,1.5682018,1.65936
mb-01691,train,2.2355285,2.1838977,1.8692317,1.8277615
mb-02725,train,1.8129134,1.7999098,1.30103,1.2756896
mb-01245,train,1.1760912,1.1291373,1.0,0.98903614
mb-09908,train,1.8692317,1.8402967,1.3222193,1.2939049
mb-01611,train,1.8325089,1.893126,1.6627579,1.703371
mb-10039,train,1.5797836,1.6480937,1.1139433,1.240826
mb-01647,train,0.9542425,0.90195525,0.69897,0.685306
mb-07073,train,1.30103,1.450325,1.3802112,1.4080784
mb-04914,train,1.9637879,1.9857862,1.5563025,1.6239026
mb-09365,train,2.3873897,2.2289267,2.243038,2.1182504
mb-06079,train,1.80618,1.715256,1.3617278,1.3658926
mb-00733,train,2.3324385,2.3074791,2.0128372,1.9674413
mb-02429,train,1.8260748,1.7988641,1.50515,1.536
mb-02889,train,1.7853298,1.7285485,1.3802112,1.4648594
mb-06904,train,1.3010299,1.1583483,1.0413927,1.0305731
mb-00684,train,0.69897,0.71858764,0.30103,0.3837917
mb-00513,train,1.9637878,1.9952763,1.5910646,1.6184666
mb-00058,train,0.9542425,0.9616573,0.0,-0.1318959
mb-08902,train,2.1003704,2.1652708,1.4771212,1.5401611
mb-10882,train,1.6334685,1.5150995,1.39794,1.2683012
mb-09193,train,1.0,1.1229945,0.69897,0.8368867
mb-09340,train,1.4771212,1.6817381,1.39794,1.5576023
mb-06199,train,2.3521824,2.3099732,1.9637878,1.9130199
mb-06300,train,1.5797836,1.5332541,1.3222193,1.4000809
mb-03880,train,2.0253057,1.9340074,1.8692317,1.8071651
mb-04138,train,1.8388491,1.8270481,1.3617278,1.4679621
mb-04254,train,2.1731863,2.2261915,2.0606978,2.131641
mb-08331,train,2.303196,2.2479687,1.9956352,1.995989
mb-08978,train,2.10721,2.03996,1.9542425,1.9491578
mb-09787,train,1.7853299,1.7182649,1.5682018,1.5551413
mb-02348,train,1.9912261,2.0031116,1.6232493,1.6214777
mb-01825,train,1.4313638,1.4631479,1.4149734,1.3923304
mb-05378,train,2.2455127,2.195326,1.80618,1.7529268
mb-07814,train,1.7558749,1.77649,1.230449,1.3197219
mb-05040,train,1.6532125,1.9842458,1.7923917,1.7558109
mb-10706,train,2.0086002,2.07239,1.5797836,1.6576799
mb-09772,train,2.0043213,1.991588,1.5314789,1.5929979
mb-04137,train,2.120574,2.0753083,1.7853298,1.744815
mb-04786,train,1.6434526,1.6592476,1.4149734,1.4438103
mb-08805,train,2.283301,2.210434,1.690196,1.6283625
mb-01506,train,1.9590414,1.9873341,1.6232493,1.6398515
mb-00361,train,1.2552725,1.3257285,0.9542425,1.1114242
mb-06266,train,2.1958997,2.145668,1.9138138,1.6989293
mb-09800,train,0.7781513,0.70980996,0.47712126,0.4664203
mb-06377,train,2.2966652,2.2541604,1.7853298,1.7586827
mb-06594,train,2.1731863,2.0576577,1.8512584,1.7752697
mb-03136,train,2.161368,2.1029408,1.9731278,1.8964169
mb-01576,train,1.3979399,1.1753024,1.1139433,1.0610414
mb-01859,train,1.9777236,1.877045,1.5563025,1.5851555
mb-01168,train,2.1818435,2.101905,1.8633229,1.8117473
mb-08106,train,1.9084849,1.9811838,1.7323937,1.7251577
mb-06810,train,2.363612,2.3364687,2.0863597,1.9853708
mb-08494,train,1.6627578,1.9096464,1.447158,1.589712
mb-05345,train,2.178977,2.2241359,1.6434526,1.7346816
mb-01195,train,2.178977,2.1882367,1.7242758,1.7679325
mb-05710,train,2.3483047,2.225277,2.0170333,1.8872184
mb-02743,train,0.60206,0.6106945,0.47712126,0.52973044
mb-06978,train,2.3010302,2.2643902,1.9242793,1.89237
mb-09288,train,1.5682018,1.7595392,1.146128,1.4154981
mb-00066,train,1.6532125,1.5078146,1.5185139,1.3989018
mb-01479,train,1.5797836,1.9480788,1.3802112,1.70743
mb-00320,train,2.049218,2.1051478,1.763428,1.9047061
mb-01288,train,1.748188,1.813305,1.3222193,1.2749853
mb-03984,train,2.0086002,1.9736968,1.4771212,1.5480407
mb-06620,train,2.133539,2.1806,1.7323937,1.752528
mb-10521,train,2.2253094,2.2803984,2.0374265,2.121561
mb-09993,train,2.0334237,2.2996018,1.845098,1.9481931
mb-10006,train,2.164353,2.1862652,1.7781513,1.9009763
mb-02789,train,2.3747482,2.332007,2.064458,1.9234911
mb-00350,train,2.2787538,2.173336,1.908485,1.873655
mb-00209,train,1.4149734,1.3199115,1.2552725,1.1897517
mb-08839,train,1.8260747,1.7012389,1.447158,1.44084
mb-02663,train,1.0413927,1.0444634,0.7781513,0.8760742
mb-10904,train,1.9294189,1.7551854,1.5185139,1.4853426
mb-00561,train,0.90309,1.5072536,1.39794,1.2203277
mb-08115,train,1.5440681,1.4906449,0.9542425,0.99781376
mb-04103,train,2.1038039,2.1224933,2.1553361,2.044081
mb-10338,train,2.3096302,2.3609812,1.9444827,2.016629
mb-09774,train,1.8573325,1.8524442,1.3617278,1.4230947
mb-04622,train,1.968483,1.9365618,1.60206,1.5978459
mb-00104,train,1.8573325,1.861308,1.4771212,1.5325077
mb-02956,train,1.5314789,1.3050001,1.39794,1.1768942
mb-10711,train,2.045323,2.045107,1.8692317,1.800545
mb-01915,train,2.1673174,2.1356616,1.6812413,1.7376602
mb-09591,train,1.6334685,1.6175942,1.4313638,1.4709142
mb-00303,train,2.1702619,2.1387517,1.8260748,1.8012744
mb-09137,train,2.075547,2.1394,1.6627579,1.7899728
mb-00754,train,2.2148438,2.1705317,1.8750613,1.8198023
mb-06632,train,0.30103,0.30925158,0.0,0.04433918
mb-07747,train,1.5797837,1.1770859,1.1760913,0.85535747
mb-06935,train,1.0,1.0381771,0.7781513,0.79472125
mb-10698,train,2.3201463,2.3722742,2.0606978,2.0544088
mb-09121,train,2.209515,2.110796,1.7160033,1.6785078
mb-00683,train,2.1003706,2.063594,1.6532125,1.6818655
mb-03166,train,1.8864907,1.7582769,1.5185139,1.3537203
mb-09417,train,0.84509814,1.160903,1.1760913,0.7619405
mb-06539,train,1.4913617,1.4990665,1.230449,1.2467835
mb-07623,train,1.9867717,1.931076,1.50515,1.5195249
mb-01363,train,1.60206,1.5667734,1.3617278,1.3942131
mb-02223,train,1.819544,1.9629345,1.5682018,1.7071224
mb-07689,train,2.2380462,2.1696312,1.7242758,1.775224
mb-00191,train,1.9444828,1.7146487,1.4313638,1.3186997
mb-06373,train,2.149219,2.110483,1.8512584,1.8070915
mb-01025,train,1.9395193,1.8875679,1.6627579,1.4885038
mb-05826,train,2.1731863,2.1214988,1.5910646,1.645347
mb-04362,train,2.161368,2.0541046,1.9590414,1.8604262
mb-02301,train,1.1760913,1.2328637,0.9542425,1.0276247
mb-10121,train,2.209515,2.1941524,1.2552725,1.2503172
mb-08894,train,2.2695131,2.3623075,2.1367207,2.1506693
mb-09040,train,2.1172714,2.0895457,1.5563025,1.4927894
mb-03475,train,1.7160034,1.5624506,1.4149734,1.3436004
mb-02908,train,1.5563025,1.5400441,1.2552725,1.3181796
mb-01773,train,2.1139433,1.9124705,1.819544,1.6361109
mb-05279,train,2.1522884,2.1005425,1.7323937,1.7619706
mb-10554,train,2.2671719,2.234229,1.80618,1.8847208
mb-10795,train,2.2227166,2.2595887,1.8750613,1.8887122
mb-07422,train,1.9822713,1.9733611,1.4913617,1.5778924
mb-05697,train,2.071882,2.0144167,1.6720978,1.6248811
mb-07407,train,1.6627579,2.1430295,1.4913617,1.7260618
mb-01818,train,2.0,2.004582,1.8692317,1.6946055
mb-07150,train,2.0374265,2.0680847,1.7993406,1.8277459
mb-00166,train,1.1760913,1.2987133,1.146128,1.2089167
mb-07510,train,2.206826,2.1790333,1.9294189,1.847791
mb-04074,train,1.5563025,1.5123135,1.3617278,1.3362035
mb-03790,train,2.139879,2.0967283,1.763428,1.7413957
mb-03149,train,0.90309,1.0197625,0.69897,0.81413925
mb-08068,train,2.1958995,2.1607225,1.690196,1.7605202
mb-06899,train,1.8633229,1.7081058,1.5910646,1.4676657
mb-02776,train,0.90309,1.2629963,0.7781513,1.1171579
mb-02973,train,1.60206,1.554319,1.447158,1.4072082
mb-05062,train,2.0934217,2.0184748,1.845098,1.8117545
mb-03048,train,1.9822713,2.0016778,1.5682018,1.7259954
mb-09543,train,1.544068,1.4824635,1.4771212,1.4309436
mb-09459,train,1.7323937,1.6544476,1.1139433,1.1938922
mb-07524,train,2.2095149,2.2199764,1.8129133,1.7658939
mb-06260,train,2.2624512,2.2009366,1.8573325,1.8284026
mb-01544,train,2.2855573,2.2382975,2.045323,1.9384604
mb-01018,train,1.50515,1.3905215,1.2552725,1.1519026
mb-10971,train,2.1038036,2.138319,1.8808136,1.7554885
mb-02977,train,1.8920946,1.9646763,1.447158,1.5625774
mb-05444,train,2.2764618,2.1903834,1.8573325,1.8030242
mb-09610,train,1.690196,1.6796407,1.5797836,1.5345135
mb-10654,train,2.0043213,2.1591003,1.7558749,1.8532324
mb-08968,train,1.8260748,1.8155221,1.4913617,1.4452153
mb-04801,train,1.6334685,1.5687791,1.4313638,1.3488293
mb-08072,train,1.5797836,1.4671733,1.1139433,1.0574384
mb-08093,train,1.1139433,1.2395786,0.845098,0.9175008
mb-01912,train,2.2552724,2.2295732,1.8920946,1.9199026
mb-00245,train,1.7993406,1.8077424,1.20412,1.2488627
mb-03022,train,1.7242758,1.7745514,1.4771212,1.4509767
mb-08390,train,2.252853,2.1699357,1.9190781,1.8598313
mb-02328,train,1.3802112,1.3252661,1.1139433,1.1215885
mb-04029,train,2.409933,2.313744,2.1958997,2.0015016
mb-03834,train,1.9294189,1.8143047,1.80618,1.5834229
mb-03577,train,1.908485,1.8575957,1.6232493,1.6926043
mb-01505,train,2.3873897,2.3271055,2.0681858,2.0205164
mb-09643,train,1.9242792,1.8147181,1.5314789,1.5869957
mb-02818,train,2.1139433,2.0843735,1.7403626,1.7294521
mb-02358,train,1.230449,1.0649192,0.9542425,0.9452817
mb-01973,train,1.6434528,1.4836283,1.30103,1.2090479
mb-02758,train,2.3263357,2.22846,2.1238515,1.9654207
mb-07670,train,1.9242793,1.7229736,1.1760913,1.0587816
mb-00750,train,1.8633229,1.817841,1.5314789,1.551012
mb-00679,train,1.20412,1.1508415,0.9542425,0.9333852
mb-04907,train,2.1003706,2.1122413,1.9395193,1.8616586
mb-07920,train,2.0128372,1.990309,1.5185139,1.5237383
mb-10800,train,1.5314789,1.5653784,1.2552725,1.3093318
mb-03960,train,1.9190781,2.0091865,1.1139433,1.2609581
mb-07178,train,2.0606978,2.0302625,1.7160033,1.7102661
mb-05629,train,1.8692317,1.8512012,1.7242758,1.6666886
mb-08654,train,1.8692317,1.8208494,1.50515,1.4850211
mb-02611,train,1.5185139,1.5956506,1.39794,1.4387226
mb-08024,train,2.2855573,2.318338,2.0530784,2.025259
mb-02226,train,0.90309,1.0105876,0.69897,0.7609333
mb-04226,train,2.0530784,2.0121572,1.763428,1.6861141
mb-04391,train,1.7993405,1.6805516,1.447158,1.4504597
mb-00603,train,1.5797837,1.505778,1.3424227,1.4023819
mb-01282,train,0.47712126,0.41969043,0.0,0.03877461
mb-08960,train,2.120574,2.0800905,1.7993406,1.8698376
mb-00508,train,1.5185139,1.552993,1.3424227,1.3698252
mb-10961,train,1.9294189,1.9406714,1.69897,1.6320872
mb-04690,train,2.2068257,2.214526,1.9138138,1.7144186
mb-06639,train,1.146128,1.1763636,0.9542425,1.0530834
mb-00594,train,2.1931245,2.0873919,1.9912261,1.8953005
mb-09321,train,2.1760912,2.0711405,1.6720978,1.7276227
mb-01731,train,1.8864907,1.8703945,1.2552725,1.3137497
mb-04055,train,2.09691,2.2160985,1.8388491,1.9045932
mb-01806,train,1.7403626,1.6988684,1.5797836,1.5683465
mb-10226,train,1.6720979,1.6993604,1.20412,1.2460068
mb-00772,train,2.0,2.0035915,1.5185139,1.7052141
mb-08635,train,2.1731863,2.1296551,1.5682018,1.587713
mb-07020,train,2.340444,2.3042634,1.968483,2.0142531
mb-00736,train,2.049218,2.0914972,1.9637878,1.9327388
mb-04986,train,1.8195438,1.7111222,1.5797836,1.4635868
mb-01755,train,1.90309,1.7820988,1.5797836,1.496259
mb-06491,train,2.2741578,2.3305902,1.9912261,2.0232284
mb-05581,train,1.7993405,1.7882392,1.50515,1.5255302
mb-10258,train,1.5682017,1.5542264,1.3222193,1.3337376
mb-08011,train,1.6989701,1.6635934,1.4313638,1.4151365
mb-08697,train,1.6020601,1.5548162,1.146128,1.1617608
mb-04342,train,1.3222193,1.2370803,1.0,0.9756644
mb-03194,train,2.1673174,2.1097054,1.770852,1.7019109
mb-05579,train,2.326336,2.275921,2.0211892,1.9157293
mb-10471,train,2.1172714,2.075551,2.1003706,2.0251594
mb-07447,train,0.9542425,1.0253626,0.7781513,0.8853324
mb-08484,train,1.9637879,1.9557571,1.5440681,1.5204654
mb-02888,train,2.1105897,2.1090736,1.8573325,1.820972
mb-00850,train,1.7160034,1.7244195,1.230449,1.2786736
mb-02350,train,2.303196,2.2578444,2.0293837,1.9549851
mb-06826,train,2.2504199,2.2745552,2.0681858,2.0566432
mb-05440,train,2.20412,1.9843224,1.748188,1.4675981
mb-09186,train,1.8512583,1.8367501,1.5185139,1.5875201
mb-04048,train,2.25042,2.1713505,1.8750613,1.7534963
mb-00532,train,2.0606978,1.5889258,1.1139433,0.92245907
mb-06113,train,1.3424227,1.2122991,0.845098,0.8424959
mb-09560,train,1.146128,1.0774621,0.90309,0.8799402
mb-01650,train,0.9542425,0.980712,0.69897,0.70801115
mb-04111,train,1.8129134,1.7701397,1.6627579,1.6360317
mb-02298,train,1.968483,1.8878778,1.2552725,1.1603186
mb-01349,train,2.372912,2.2532387,1.8633229,1.895999
mb-07995,train,1.8325089,1.7234312,1.60206,1.5741265
mb-09932,train,1.845098,1.7935637,1.50515,1.4353709
mb-09905,train,2.4377506,2.3593452,1.9590414,1.9580916
mb-05464,train,2.0569048,2.0714455,1.69897,1.7461307
mb-00248,train,1.929419,1.9752138,1.4913617,1.4907954
mb-08253,train,1.361728,1.3051325,1.1760913,1.1236807
mb-06707,train,1.832509,1.8357185,0.69897,0.7081014
mb-09679,train,1.146128,1.0194025,1.146128,1.1704284
mb-02927,train,2.3031962,2.2821722,1.8260748,1.8157972
mb-07316,train,2.0569048,2.0408723,1.3617278,1.3200521
mb-10688,train,1.5682017,1.5907494,1.0791812,1.1347694
mb-04087,train,1.90309,1.7977268,1.6334685,1.5926201
mb-09980,train,2.0293837,2.1383777,1.770852,1.8331548
mb-10907,train,2.3838153,2.2048476,1.8808136,1.8223304
mb-10752,train,2.0170333,2.0262146,1.8808136,1.8810539
mb-05651,train,1.8864907,1.8044534,1.5910646,1.5744326
mb-05360,train,1.5910647,1.7569766,1.4149734,1.4781636
mb-02775,train,1.8692317,1.8647914,1.4771212,1.4961495
mb-02929,train,1.9637878,2.0429485,1.6532125,1.7172706
mb-09744,train,1.9242793,1.9477063,1.146128,1.2736459
mb-03353,train,2.4031205,2.3063254,2.2455127,2.1976924
mb-08961,train,2.1303337,2.0872703,1.770852,1.7434932
mb-03667,train,1.7403626,1.69393,1.447158,1.4629722
mb-05417,train,2.064458,2.0262444,1.845098,1.8321378
mb-07007,train,2.0681858,2.0403752,1.8692317,1.8621185
mb-09959,train,2.2878017,2.182854,1.8750613,1.635906
mb-01429,train,1.7160034,1.7263317,1.4313638,1.471504
mb-08448,train,2.089905,1.8937641,1.4771212,1.4419614
mb-00280,train,1.6434526,1.612332,1.2552725,1.1883361
mb-05042,train,2.206826,2.1467752,1.8976271,1.8253765
mb-01402,train,1.7403626,1.7914267,1.447158,1.4867601
mb-04534,train,2.1903317,2.1345649,1.8512584,1.7790734
mb-00748,train,1.4913617,1.4383806,1.20412,1.1279893
mb-03208,train,2.4913616,2.4178104,2.2479732,2.1727371
mb-02531,train,2.2121875,2.1977746,1.8573325,1.9888632
mb-02470,train,1.4471581,1.1161011,1.2787536,1.0153672
mb-04900,train,2.3201463,2.268498,1.968483,1.9966912
mb-03012,train,1.9344984,1.9053714,1.447158,1.4581484
mb-08074,train,1.6627579,1.6423129,1.39794,1.3947331
mb-05187,train,2.0043213,1.998033,1.5563025,1.4507451
mb-10880,train,1.7781513,1.9627243,1.39794,1.5996454
mb-06559,train,2.3541083,2.314339,2.064458,1.9605039
mb-04768,train,1.3979399,1.3892133,1.1139433,1.1151531
mb-10442,train,2.2600713,2.2228224,1.9190781,1.9186263
mb-06912,train,1.20412,1.1499939,0.7781513,0.84432286
mb-04477,train,2.1003706,2.094513,1.7075702,1.7534474
mb-10924,train,2.2900345,2.1745248,2.0043213,1.8878584
mb-00292,train,2.4548447,2.383527,2.146128,2.1645684
mb-08981,train,1.9190781,1.8712767,1.4149734,1.4554183
mb-02533,train,2.3283796,2.2222056,1.447158,1.3529127
mb-06449,train,2.155336,2.2375345,1.0413927,1.1202028
mb-02410,train,1.30103,1.4145803,1.0,1.069826
mb-07516,train,1.7242758,1.7189367,1.2552725,1.263543
mb-01992,train,1.7558749,1.7753133,1.462398,1.4774632
mb-01372,train,1.8692317,1.8698943,1.30103,1.332062
mb-10788,train,2.2552724,2.216634,1.8388491,1.8985087
mb-06069,train,1.748188,1.707989,1.5440681,1.5109246
mb-01756,train,2.0086002,1.9596971,1.9190781,1.8300495
mb-02778,train,2.029384,1.9198595,1.7075702,1.6814967
mb-02086,train,2.2405493,2.1976712,2.0,1.9720261
mb-02140,train,1.6812412,1.6951027,1.5314789,1.4570524
mb-04781,train,2.240549,2.2228367,1.7323937,1.870089
mb-05848,train,2.3384564,2.269944,1.9912261,1.9198583
mb-00665,train,1.9294189,1.8833534,1.5185139,1.5776334
mb-06536,train,2.1760912,2.218385,1.8129133,1.9324691
mb-07223,train,1.7558749,1.773881,1.3424227,1.3803564
mb-04460,train,1.9084849,1.8631419,1.6720978,1.603468
mb-00880,train,1.6532125,1.7177349,1.4913617,1.4783552
mb-06945,train,1.80618,1.8010182,1.6532125,1.588301
mb-07171,train,2.1335387,2.0060947,1.8129133,1.7139075
mb-01233,train,1.3802112,1.4395509,1.0413927,1.142893
mb-03213,train,2.3222194,2.3610976,2.0681858,2.0839884
mb-00221,train,2.1846914,2.115192,1.9242793,1.8218942
mb-03063,train,1.7075702,1.7176222,1.0413927,1.1767673
mb-10003,train,2.0128372,2.1408572,1.5563025,1.6771165
mb-03804,train,1.6334684,1.6511471,1.5185139,1.534438
mb-05950,train,2.3384564,2.3710084,2.1038036,2.0499349
mb-00743,train,1.1139433,1.1293987,0.90309,0.91940844
mb-01617,train,2.4313638,2.2821026,2.0170333,1.9765075
mb-07665,train,2.378398,2.3391073,2.0334237,1.9853325
mb-10839,train,2.0043213,1.996109,1.3617278,1.3185158
mb-09282,train,2.0413926,2.0353944,1.8388491,1.841775
mb-04139,train,2.1367207,2.1250114,1.4771212,1.4442719
mb-02625,train,1.9190781,1.8844054,1.8260748,1.7439163
mb-08330,train,2.2121878,2.101839,1.6532125,1.7214626
mb-07796,train,1.8808136,1.9292052,1.7075702,1.7415848
mb-01815,train,2.350248,2.2482526,2.0934217,1.9295973
mb-09638,train,1.9444826,2.1194253,1.6720978,1.8422483
mb-02329,train,1.763428,1.7579148,1.50515,1.5168114
mb-02404,train,1.0,0.9559994,0.60206,0.72136503
mb-01273,train,1.9444826,1.944202,1.447158,1.5077561
mb-03032,train,2.033424,1.9985944,1.39794,1.4528347
mb-00497,train,2.2552724,2.2025638,1.9444827,1.9836512
mb-03685,train,2.3053513,2.242434,2.0128372,1.9608259
mb-02017,train,1.7160034,1.6990314,1.2552725,1.3279715
mb-04581,train,2.1139433,2.0956948,1.7160033,1.790634
mb-07040,train,1.7781513,1.7984867,1.3424227,1.3758965
mb-08507,train,2.3692157,2.3242853,2.064458,2.0196028
mb-04930,train,1.8450981,1.8479415,1.6127839,1.6678286
mb-02233,train,1.7923918,1.699913,1.5682018,1.4294577
mb-01905,train,2.1875207,2.1289434,1.968483,1.9807618
mb-01706,train,1.9912261,1.9744922,1.7075702,1.7701128
mb-03872,train,1.9822712,1.8561592,1.8976271,1.6761516
mb-06964,train,1.80618,1.7802709,1.39794,1.4087447
mb-07433,train,1.9344985,1.8407438,1.4149734,1.3555926
mb-09025,train,1.8573325,1.7297356,1.39794,1.3524848
mb-03813,train,1.6127839,1.6954864,1.20412,1.3634741
mb-09441,train,2.307496,2.173762,2.0211892,1.946177
mb-04192,train,2.1398792,2.0328262,1.968483,1.9006529
mb-08014,train,1.6812413,1.6521701,1.3617278,1.3572541
mb-04165,train,2.1875207,2.1845326,1.763428,1.7869023
mb-07279,train,1.8325089,1.7891324,1.3424227,1.4210966
mb-04148,train,2.0374265,2.018183,1.6232493,1.6057373
mb-02269,train,1.7323937,1.724394,1.2552725,1.3373216
mb-07636,train,0.90308994,1.0339048,0.845098,0.8967562
mb-10251,train,2.3521824,2.3139694,2.1303337,2.0631573
mb-01883,train,1.6812413,1.6910632,1.3802112,1.4031453
mb-04540,train,1.9242792,1.8868212,1.6720978,1.6723535
mb-06125,train,1.748188,1.7135115,1.2552725,1.3103994
mb-01311,train,1.1139433,1.017152,0.69897,0.70431006
mb-05669,train,1.8750613,1.8240167,1.2552725,1.2291261
mb-09648,train,1.5314789,1.6009891,0.7781513,0.89241916
mb-02220,train,2.7411516,2.12495,1.7323937,1.6574582
mb-04929,train,2.120574,2.1657503,1.9731278,2.0357907
mb-03904,train,1.9444827,1.9671792,1.80618,1.826128
mb-04395,train,2.0293837,2.1257408,1.8633229,1.9914031
mb-03656,train,2.378398,2.3919625,2.0,2.0183125
mb-10771,train,1.6720978,2.0791178,1.9867717,1.8964549
mb-10111,train,2.2121878,2.2013252,1.30103,1.3913765
mb-00813,train,2.30103,2.2080102,1.8920946,1.8691376
mb-09265,train,1.7242758,1.670848,1.3802112,1.3742354
mb-07839,train,1.8920946,1.9793069,1.6127839,1.7831622
mb-05909,train,1.4149734,1.366537,1.20412,1.1876677
mb-01175,train,1.80618,1.6387842,1.3617278,1.2909149
mb-01221,train,2.3283796,2.3185754,1.9395193,1.9330559
mb-01152,train,1.90309,1.8809456,1.50515,1.474907
mb-00608,train,0.90309,1.0424013,0.60206,0.7181369
mb-09926,train,2.3483047,2.1127493,1.9542425,1.8742363
mb-10983,train,1.724276,1.6957088,1.4313638,1.4304037
mb-04694,train,1.724276,1.7003074,1.5682018,1.4810764
mb-01894,train,1.7853298,1.7833178,1.3617278,1.426851
mb-02104,train,1.361728,1.4931785,1.1760913,1.3236994
mb-01041,train,2.2455125,2.2864337,2.139879,2.0380764
mb-08137,train,2.2121875,2.1254745,2.0293837,1.9214618
mb-09168,train,1.39794,1.206304,1.0,0.86966085
mb-07552,train,1.9956352,1.951715,1.50515,1.4704993
mb-09508,train,2.09691,2.1010003,1.5185139,1.5101924
mb-06466,train,2.1731863,2.185596,1.763428,1.7256916
mb-08573,train,1.8450981,1.8519118,1.5440681,1.4747765
mb-06422,train,2.4248817,2.2699735,1.9294189,1.925525
mb-06424,train,2.0128372,1.9435239,1.6532125,1.5357141
mb-10376,train,2.045323,2.1708975,1.9912261,1.9624832
mb-08879,train,2.2988532,2.2942686,1.8808136,1.9876924
mb-03661,train,1.3802112,1.4467871,1.0791812,1.0767437
mb-04299,train,1.8920946,1.8952603,1.5682018,1.5879731
mb-01637,train,1.6532125,1.7111259,1.1760913,1.2828695
mb-08833,train,2.217484,2.2168095,1.9138138,1.9495413
mb-08221,train,2.243038,2.1934288,1.9344984,1.9231579
mb-09370,train,2.0530784,2.017046,1.748188,1.7394992
mb-09099,train,2.209515,2.1814568,1.8573325,1.7999351
mb-09947,train,2.146128,2.2364259,1.6434526,1.7621377
mb-07775,train,1.6232493,1.5934391,1.4149734,1.3782502
mb-10481,train,2.3283796,2.2497768,2.0413928,1.9732085
mb-02292,train,1.5051501,1.5216678,1.30103,1.3123819
mb-08991,train,2.2741578,2.1258001,1.9590414,1.7760097
mb-10669,train,1.6989701,1.7764405,1.4149734,1.5030589
mb-02575,train,1.4913616,1.4096048,1.447158,1.4191732
mb-07802,train,2.4248815,2.346321,2.3483047,2.2819524
mb-01882,train,2.0827854,2.103244,1.8260748,1.7655776
mb-06654,train,1.770852,2.2094276,1.9344984,2.0099196
mb-02880,train,2.1903317,2.1778977,1.8864907,1.9342136
mb-01346,train,2.2810333,2.298534,1.8325089,1.9660592
mb-08456,train,2.0043213,2.0781708,1.5682018,1.6163658
mb-02648,train,1.7993406,1.7407385,1.4913617,1.4746454
mb-07080,train,2.2552724,2.269139,2.045323,2.0509732
mb-00181,train,2.045323,1.9610542,1.50515,1.4968114
mb-03990,train,2.298853,2.1473742,2.1760912,1.9968841
mb-08090,train,2.206826,2.139125,1.39794,1.4510386
mb-08099,train,1.968483,2.0601597,1.6812413,1.8179176
mb-02897,train,2.2966652,2.261497,2.146128,2.1709883
mb-05922,train,2.3324385,2.1983092,2.1038036,1.8698082
mb-00069,train,1.5910647,1.5912563,1.4149734,1.4496396
mb-03894,train,2.0043213,1.931069,1.7323937,1.6922963
mb-04438,train,2.3747482,2.4029045,2.0863597,2.0493362
mb-01043,train,1.0791812,1.0484003,0.845098,0.80318326
mb-01457,train,2.071882,2.0149713,1.4149734,1.3850083
mb-07975,train,1.6901962,1.6982839,1.2787536,1.298883
mb-10645,train,2.303196,2.1822846,1.8692317,1.8885267
mb-04789,train,1.8976271,1.8462946,1.5910646,1.5694793
mb-06149,train,2.2148438,2.2039747,1.8388491,1.8290967
mb-05623,train,2.198657,2.1633716,1.7781513,1.8011518
mb-10714,train,2.365488,2.2096176,1.6532125,1.594863
mb-08990,train,2.217484,2.1898227,2.0170333,1.9753137
mb-10306,train,2.10721,2.0658507,2.0934217,2.013213
mb-06163,train,2.2355285,2.2136948,1.9395193,1.8824058
mb-09597,train,1.2552725,1.1603606,1.1760913,0.79235935
mb-06470,train,2.1702616,2.1386979,1.8633229,1.7592373
mb-09750,train,1.9731278,1.9169688,1.2552725,1.218714
mb-04501,train,1.8573325,1.661334,1.5797836,1.4861076
mb-05572,train,2.1367207,2.1573954,1.1760913,1.239413
mb-10378,train,2.0934217,2.1262517,1.50515,1.6191452
mb-00367,train,1.1760913,1.2609506,0.7781513,0.9037669
mb-03546,train,1.80618,1.7999135,1.4313638,1.4989189
mb-07502,train,1.30103,1.3431077,0.47712126,0.58182555
mb-04965,train,1.845098,1.8151624,1.6434526,1.6617159
mb-02405,train,0.30103,0.27227828,0.30103,0.27151072
mb-10952,train,1.0,0.9910229,0.47712126,0.5823722
mb-04872,train,2.0606978,2.0272615,1.7242758,1.7503804
mb-02185,train,1.4149733,1.4525008,1.0791812,1.1879311
mb-00640,train,1.845098,1.7691954,1.20412,1.2063015
mb-09479,train,1.6989701,1.7627048,1.5563025,1.5897769
mb-07954,train,1.9912261,1.9011145,1.4913617,1.4812745
mb-10172,train,2.2355285,2.2328126,1.9395193,1.905339
mb-09645,train,1.5440681,1.5750574,1.3802112,1.3871073
mb-02500,train,1.1760913,1.4385475,0.90309,1.1413708
mb-08895,train,1.5314789,1.6440284,0.90309,1.085042
mb-07143,train,1.5682018,1.5755775,1.30103,1.3639416
mb-01597,train,1.5440681,1.5279087,1.3424227,1.4168241
mb-02873,train,2.3324385,2.2387214,2.1105897,1.9694253
mb-05369,train,2.252853,2.2107377,1.9294189,1.8178227
mb-09189,train,2.0681858,2.0297465,1.4913617,1.5199269
mb-00218,train,1.4313638,1.3883067,1.0413927,1.0149552
mb-04420,train,2.2552726,2.264223,1.7993406,1.9286435
mb-06782,train,1.6812413,1.550861,1.5185139,1.3904885
mb-00802,train,1.9777236,1.908203,1.8260748,1.7267909
mb-08546,train,1.90309,1.8886089,1.6232493,1.6032932
mb-05190,train,2.045323,1.9572424,1.8260748,1.8212705
mb-06141,train,1.90309,1.8829389,1.7558749,1.7385054
mb-10514,train,2.198657,2.176,1.6627579,1.9020288
mb-01004,train,1.8450981,1.8089137,1.4313638,1.4654475
mb-01711,train,1.6720979,1.6432419,1.3617278,1.3976328
mb-03232,train,1.7923918,1.8287687,1.6334685,1.7284142
mb-08299,train,2.30103,2.381229,2.0374265,2.1695223
mb-10826,train,2.133539,2.1790135,1.5682018,1.7584081
mb-07883,train,1.9190781,1.9172735,1.8388491,1.8786097
mb-00800,train,1.991226,2.0303795,1.6720978,1.8484343
mb-05070,train,2.269513,2.21664,1.8633229,1.8088821
mb-05741,train,1.690196,1.7402847,1.3617278,1.4121393
mb-03619,train,1.8325089,1.8531446,1.7323937,1.7796208
mb-03001,train,2.1818438,2.1701667,1.8260748,1.8669297
mb-02302,train,1.1139433,1.1855578,0.69897,0.82303786
mb-07539,train,2.09691,1.9776545,1.462398,1.3230982
mb-04693,train,2.363612,2.2847047,1.8633229,1.8180034
mb-00351,train,1.6989701,1.632395,1.4149734,1.3631006
mb-09566,train,2.1238515,2.1203415,1.8129133,1.7166035
mb-01418,train,1.4313638,1.4034464,1.1760913,1.163168
mb-00203,train,1.5910647,1.6518667,1.30103,1.3466526
mb-05397,train,2.1003706,2.0756314,1.9294189,1.8329049
mb-04682,train,0.60206,0.75988525,0.60206,0.5328418
mb-06708,train,1.7993405,1.6883168,1.6720978,1.5159755
mb-07859,train,1.8388491,1.7957453,1.50515,1.4830592
mb-06058,train,2.2455127,2.2309356,1.94939,1.9079828
mb-04180,train,1.0,1.0680552,0.7781513,0.7974784
mb-05027,train,1.9867717,1.9738083,1.763428,1.8369269
mb-02176,train,1.7993405,1.7639146,1.2552725,1.2158654
mb-01784,train,1.94939,1.8039116,1.5563025,1.5372521
mb-03875,train,1.9242793,2.0136383,1.20412,1.2697024
mb-09481,train,1.9395192,1.9151511,1.50515,1.5420562
mb-03274,train,2.1903317,2.2178721,1.8129133,1.8583221
mb-10864,train,1.8195438,1.7916664,1.5314789,1.5704753
mb-05365,train,1.9294189,1.8830476,1.7323937,1.7117422
mb-02536,train,2.0827854,2.1055512,1.8692317,1.8261732
mb-01593,train,2.1398792,2.039277,1.7993406,1.7307935
mb-03253,train,1.690196,1.7146368,1.3617278,1.4187702
mb-07379,train,1.5185139,1.5249448,1.3617278,1.2936735
mb-00020,train,1.5440681,1.4739009,1.3424227,1.3554361
mb-09375,train,1.6627578,1.6568452,1.3222193,1.3644454
mb-03521,train,2.3384564,2.2929058,2.198657,2.1831837
mb-01618,train,1.6334684,1.5488186,1.5185139,1.5855074
mb-05198,train,1.8920946,1.8495694,1.6812413,1.572085
mb-02716,train,0.60205996,1.1218759,0.90309,0.9021442
mb-07360,train,1.69897,2.2040145,1.9777236,2.0120227
mb-03816,train,2.0530784,2.0775356,1.690196,1.7031357
mb-10292,train,1.6720979,1.5824511,1.39794,1.3689533
mb-08008,train,2.1583626,2.1719298,1.9395193,1.9538972
mb-09686,train,2.1931248,2.21253,1.8512584,1.9262614
mb-07058,train,2.0413928,2.0176008,1.7993406,1.8106114
mb-06922,train,2.0606978,2.1376157,1.770852,1.8554878
mb-00865,train,1.5051501,1.3943756,1.230449,1.1573167
mb-08757,train,2.1553361,2.1391234,1.7558749,1.825495
mb-09850,train,1.3424227,1.5645261,0.90309,1.1286448
mb-05537,train,1.2787536,1.1976068,1.0413927,1.0710845
mb-04618,train,1.462398,1.3871578,1.146128,1.2082148
mb-01027,train,1.8808136,1.812158,1.447158,1.4702727
mb-03315,train,2.340444,2.260616,2.1271048,2.0569918
mb-06014,train,2.198657,2.161701,1.7781513,1.7713519
mb-01670,train,2.1673174,2.1650443,1.9242793,1.954409
mb-04918,train,1.6127839,1.6280999,1.3617278,1.4697733
mb-02312,train,2.0899053,2.0934467,1.4149734,1.3871384
mb-02388,train,2.3598356,2.2622542,2.3304138,2.2139826
mb-08242,train,1.80618,1.8814784,1.5682018,1.6678938
mb-06553,train,1.863323,1.8234797,1.6127839,1.6047542
mb-03898,train,1.5910647,1.5044051,1.5440681,1.4536064
mb-02909,train,2.139879,2.1901417,2.064458,2.0952735
mb-04950,train,2.1003706,2.058378,0.9542425,0.97000045
mb-03597,train,1.908485,1.9364362,1.4149734,1.4551718
mb-10094,train,1.30103,1.2817578,0.90309,1.0233275
mb-01258,train,1.1139433,1.0914608,0.60206,0.6593041
mb-01284,train,2.1931245,1.9751985,1.5185139,1.4751643
mb-05921,train,1.60206,1.4701794,1.1139433,1.1207042
mb-10483,train,2.0606978,1.9502795,1.6812413,1.6150432
mb-04159,train,1.6812412,1.5851898,1.447158,1.4699162
mb-09501,train,2.1238515,2.1276941,1.4771212,1.4429859
mb-00982,train,2.2764616,2.2898245,2.0293837,2.0280118
mb-02916,train,1.6334685,1.6197681,1.4313638,1.4379529
mb-09896,train,1.6232493,1.5317326,1.4149734,1.3908616
mb-07024,train,2.0530784,2.0496159,1.6434526,1.6557121
mb-02164,train,2.1303337,2.1146502,1.9294189,1.9559509
mb-02042,train,2.2878017,2.372669,2.0374265,2.0498643
mb-04712,train,1.7781513,1.6450005,1.4149734,1.3976244
mb-10857,train,1.8750613,1.8593769,1.30103,1.3195326
mb-04247,train,1.9956353,2.0006776,1.3802112,1.4649105
mb-08215,train,2.1038036,2.110001,1.50515,1.5346872
mb-06948,train,1.9867717,1.902827,1.3802112,1.3667831
mb-03283,train,1.5185139,1.4386476,1.30103,1.2349678
mb-06088,train,1.9912261,1.979275,1.39794,1.3969834
mb-06077,train,1.7403628,1.8142934,1.3424227,1.2853557
mb-08027,train,2.1931245,2.1796603,1.9912261,1.9579575
mb-05994,train,1.8976271,1.9064071,1.7323937,1.6994271
mb-04003,train,1.531479,1.5460081,1.20412,1.2150886
mb-04696,train,2.0170333,2.1119206,1.3617278,1.4525743
mb-01956,train,2.0374265,1.9655603,1.770852,1.7026718
mb-04821,train,2.146128,2.207868,1.8129133,1.8769168
mb-02692,train,1.5563025,1.2881947,1.146128,0.9234064
mb-05479,train,2.2988532,2.2898102,1.8325089,1.8827815
mb-02305,train,2.2576785,2.0893612,1.7853298,1.6930209
mb-08509,train,1.7160034,1.6978676,1.39794,1.4381245
mb-07915,train,2.2576785,2.199402,2.1875207,2.091813
mb-08504,train,2.2121875,2.2138393,1.7558749,1.8128444
mb-02807,train,2.198657,2.2091527,1.9444827,1.8861557
mb-00764,train,1.94939,1.8842101,1.30103,1.1304436
mb-07384,train,2.3010302,2.260034,1.7558749,1.8514273
mb-10335,train,2.2764618,2.2117157,2.0170333,1.9729414
mb-04490,train,1.690196,1.7155169,1.0,1.1130986
mb-03406,train,2.365488,2.3050792,1.8512584,1.9528685
mb-08113,train,2.3424225,2.311356,2.049218,2.0067558
mb-04970,train,2.3031962,2.2504702,1.4313638,1.4546021
mb-02616,train,2.0681858,1.6749396,1.6334685,1.2721524
mb-05968,train,2.1731863,2.0494285,1.39794,1.2978663
mb-01189,train,1.5910646,1.6129897,1.3222193,1.3725189
mb-10286,train,2.0681858,2.020081,1.748188,1.7623931
mb-05787,train,1.8633229,1.8132154,1.6532125,1.623787
mb-10343,train,1.3979399,1.4594995,1.1139433,1.2022308
mb-03671,train,1.9444827,1.8480067,1.60206,1.5455003
mb-00469,train,1.819544,1.777183,1.5440681,1.5024728
mb-05856,train,2.3117537,2.2383263,2.0043213,1.9065373
mb-03608,train,2.4132998,2.3774786,2.1139433,2.114489
mb-00175,train,1.8260748,1.841267,1.60206,1.6300162
mb-04979,train,2.2148438,2.1923857,1.6627579,1.7258401
mb-05425,train,2.071882,2.0279891,1.690196,1.5801171
mb-03847,train,1.6434526,1.6354572,1.3617278,1.4334288
mb-02038,train,1.6232493,1.6337767,1.5440681,1.4385972
mb-04972,train,2.2405493,2.1390438,2.1139433,1.994689
mb-09233,train,1.4771212,1.434895,1.0791812,1.0883517
mb-01550,train,2.033424,2.0150971,1.6127839,1.6195161
mb-09913,train,2.2810333,2.228878,1.9867717,1.8566576
mb-08064,train,1.6812413,1.6944872,1.30103,1.2525501
mb-03985,train,1.69897,1.6902938,1.50515,1.4402459
mb-04181,train,2.3222194,2.1703725,2.3324385,2.1784976
mb-03824,train,2.1583624,2.1605575,1.8129133,1.8818328
mb-08250,train,1.6532125,1.6139522,1.4771212,1.4744078
mb-08690,train,1.3222193,1.163397,1.0,0.92621356
mb-02319,train,1.0413927,0.87474394,0.7781513,0.67545915
mb-03235,train,1.748188,1.7098813,1.4313638,1.4459066
mb-01491,train,1.9395193,1.9567306,1.6812413,1.7360739
mb-08169,train,1.6812413,1.5668005,1.5563025,1.4014113
mb-04560,train,1.69897,1.6867695,1.4771212,1.4762309
mb-09430,train,1.6232493,1.4971884,1.3424227,1.1804765
mb-08523,train,1.9242793,1.862299,1.5440681,1.585526
mb-10465,train,2.2479732,2.1827135,1.968483,1.8971493
mb-02661,train,1.146128,0.98830426,0.9542425,0.678516
mb-08293,train,1.5910646,1.5156866,1.3222193,1.2485209
mb-03647,train,2.0,1.9131671,1.2552725,1.226079
mb-09058,train,1.8692317,1.8939798,1.4913617,1.6133481
mb-04271,train,1.9777236,1.9566121,1.447158,1.4385178
mb-09528,train,1.9542425,1.9582682,1.7323937,1.6443416
mb-06596,train,1.6434526,1.6643186,1.2787536,1.4097289
mb-02864,train,1.7993406,1.7869303,1.5682018,1.5872233
mb-02680,train,1.7558749,1.6776799,1.447158,1.430102
mb-08055,train,2.0128372,1.9573016,1.7160033,1.658095
mb-06815,train,1.146128,1.0820963,0.69897,0.74088186
mb-03458,train,2.2253094,2.2768297,1.819544,1.8805746
mb-00440,train,1.0791812,1.1367671,1.0,1.0525172
mb-08350,train,2.3180633,2.3606467,1.9542425,2.017804
mb-08071,train,1.3010299,1.2443693,1.0791812,1.0323699
mb-01965,train,2.120574,2.0822697,1.748188,1.7566884
mb-05633,train,1.770852,1.7901807,1.50515,1.4937595
mb-02227,train,1.7403628,1.6512055,1.4149734,1.2681288
mb-06367,train,1.7993405,1.7902626,1.3802112,1.4208784
mb-04239,train,1.3424227,1.3347875,1.1139433,1.1722766
mb-06969,train,1.9395193,1.9068682,1.4313638,1.4850491
mb-04996,train,2.1172712,2.206398,1.7242758,1.7307675
mb-03614,train,2.064458,1.9782974,1.770852,1.6752291
mb-06226,train,2.3926969,2.3979638,1.9867717,2.058855
mb-05270,train,1.80618,1.7805219,1.20412,1.2365183
mb-10676,train,0.0,1.0678159,1.0791812,1.0636178
mb-02935,train,1.8388491,2.0036395,1.7853298,1.8253316
mb-09962,train,2.2405493,2.213485,1.7558749,1.8342533
mb-00542,train,1.3424227,1.165114,0.90309,0.81141615
mb-08988,train,2.1105897,2.0522058,1.7993406,1.8034444
mb-07308,train,1.8864907,1.9238387,1.7781513,1.8312632
mb-01851,train,2.09691,2.0822453,1.6627579,1.6763637
mb-10168,train,2.3617277,2.338806,2.0128372,2.1074638
mb-04692,train,2.4857213,2.4912496,2.2718415,2.2392592
mb-07356,train,1.763428,1.7232171,1.5185139,1.5424794
mb-02480,train,2.0211892,1.6530421,1.7853298,1.479148
mb-05883,train,2.1958997,2.212086,1.8388491,1.8429956
mb-07169,train,1.748188,1.751941,1.2552725,1.2422147
mb-09410,train,2.2576785,2.0082526,2.0,1.7931993
mb-07935,train,2.0413926,1.9991322,1.763428,1.7042835
mb-00068,train,1.5910647,1.5659354,1.39794,1.3775915
mb-04825,train,1.7853298,2.03696,1.50515,1.7143389
mb-00711,train,1.3222194,1.2684081,0.9542425,0.9869357
mb-07660,train,2.0374265,2.046987,1.0413927,1.0670428
mb-09436,train,2.1818435,2.1872096,1.8750613,1.8752946
mb-03646,train,1.7993405,2.089896,1.5910646,1.7611216
mb-03767,train,1.4471581,1.4850103,0.47712126,0.5914154
mb-01101,train,1.544068,1.6235536,1.3222193,1.4295139
mb-06858,train,1.8129134,1.7577481,1.3617278,1.3109818
mb-07981,train,2.220108,2.227434,1.9590414,1.9278429
mb-05372,train,1.4149734,1.4560937,1.20412,1.2800742
mb-01864,train,2.3364596,2.2569208,1.8260748,1.872394
mb-10577,train,1.7708521,1.8327641,1.4913617,1.5650256
mb-10416,train,2.1038036,2.1806717,1.69897,1.7355716
mb-08642,train,1.462398,1.4285426,1.2552725,1.2343893
mb-01393,train,1.748188,1.8172097,1.5185139,1.6102158
mb-10896,train,1.6720978,1.6630825,1.0791812,1.1415789
mb-04920,train,2.0253057,1.9711668,1.5314789,1.6448817
mb-03997,train,2.3521824,2.3282924,1.9138138,1.9658437
mb-08749,train,2.0128372,2.0113754,1.5563025,1.5573907
mb-03078,train,1.8808136,1.9637728,1.5910646,1.5862236
mb-09767,train,1.3010299,1.2647994,1.0791812,1.0924066
mb-05709,train,1.5563025,1.6130662,1.3802112,1.4157705
mb-04106,train,2.3673558,2.2428231,1.8750613,1.8411691
mb-00996,train,1.8388491,1.7777473,1.3617278,1.3058114
mb-09617,train,2.064458,1.9690601,1.5797836,1.6321465
mb-02655,train,2.1139433,2.1467423,1.690196,1.7077204
mb-08029,train,1.146128,0.9597701,0.90309,0.7793018
mb-03789,train,2.217484,2.2393458,1.968483,1.9562378
mb-01482,train,1.9637878,1.9552047,1.770852,1.7871704
mb-05309,train,2.0043213,2.01115,1.770852,1.8072107
mb-08059,train,2.1271048,2.177644,1.6334685,1.6966542
mb-08067,train,1.9242793,1.8720149,1.6334685,1.6629248
mb-09483,train,2.3443923,2.2736487,2.0043213,1.9733462
mb-08518,train,2.178977,2.1849513,1.9344984,1.8785982
mb-04898,train,1.7781512,1.7361999,1.447158,1.3373696
mb-09182,train,1.8692317,1.906956,1.4771212,1.5503198
mb-00531,train,1.0,1.0280247,0.7781513,0.82801396
mb-01860,train,1.4771212,1.482763,1.3802112,1.3691729
mb-05595,train,2.6031444,2.6323643,2.4132998,2.4091413
mb-06754,train,2.2380462,2.2384224,1.8864907,1.905518
mb-06474,train,1.6901962,1.6741959,1.2787536,1.3324128
mb-01723,train,1.39794,1.3799269,1.230449,1.2530434
mb-00409,train,1.7923918,1.7625322,1.3424227,1.372452
mb-06041,train,1.5314789,1.5406246,1.0413927,1.1330447
mb-06039,train,2.20412,2.1246238,2.0827854,1.9989588
mb-03428,train,2.1398792,2.1584573,1.7075702,1.7771639
mb-04739,train,1.30103,1.3148853,0.69897,0.73481494
mb-10751,train,2.4756713,2.4996157,2.133539,2.165086
mb-07383,train,1.6627579,1.6797523,1.5440681,1.4954681
mb-10768,train,2.303196,2.2117095,1.30103,1.275497
mb-08489,train,2.029384,2.069495,1.5682018,1.6872212
mb-09034,train,1.6232493,1.6027062,1.230449,1.3137033
mb-04007,train,2.2148438,1.7953076,1.845098,1.5437746
mb-04484,train,2.149219,2.1650205,1.9138138,1.9301207
mb-10106,train,1.7160034,1.8362504,1.462398,1.5380998
mb-02670,train,0.8450981,0.97478944,0.7781513,0.9057087
mb-02675,train,2.423246,2.3412678,1.9731278,1.9236541
mb-08997,train,1.2552725,1.3526248,1.146128,1.1748096
mb-07911,train,1.6232493,1.5601058,0.845098,0.8463742
mb-06034,train,1.819544,1.796768,1.462398,1.4504783
mb-05778,train,2.1105897,2.0854652,1.447158,1.3791474
mb-06005,train,1.9867717,1.9767276,1.5797836,1.5987345
mb-00972,train,1.7160034,1.7733164,1.4913617,1.5465441
mb-01006,train,1.7323937,1.631277,1.5563025,1.5287782
mb-04233,train,2.0253057,1.8482175,1.7160033,1.5837892
mb-03189,train,1.819544,1.6702827,1.4313638,1.3788121
mb-00777,train,1.9956353,1.9413314,1.4313638,1.2557197
mb-09837,train,1.7075701,1.7391983,1.447158,1.4578366
mb-08897,train,1.5440681,1.5501839,1.2552725,1.2934793
mb-02508,train,2.1731863,2.0683222,1.9344984,1.939441
mb-00840,train,1.7160033,1.7389637,1.4771212,1.5111034
mb-08184,train,1.7558749,1.8416318,1.0,1.0947647
mb-07053,train,2.1583626,2.2007473,1.908485,1.9057137
mb-00952,train,1.9542425,1.9388881,1.5185139,1.5794638
mb-00114,train,2.1702616,2.14547,1.748188,1.8339607
mb-09205,train,1.7075702,1.746611,1.2552725,1.3224268
mb-05503,train,2.1760912,2.1230867,1.9395193,1.9855585
mb-01321,train,1.7558749,1.7261629,1.4771212,1.4031775
mb-05314,train,2.283301,2.1648655,2.0043213,1.8417022
mb-00096,train,1.146128,1.1018062,0.9542425,0.88994914
mb-04121,train,1.9637879,1.9349451,1.4913617,1.4836937
mb-00941,train,2.2380462,2.1833067,1.4913617,1.4093518
mb-00810,train,2.0170333,2.0655065,1.8808136,1.9035598
mb-08701,train,2.1522884,2.1224353,1.9731278,1.9696935
mb-01352,train,2.3560257,2.2700393,2.045323,2.0456886
mb-03011,train,2.0170333,2.026309,1.447158,1.5595615
mb-04740,train,2.217484,2.177423,1.6627579,1.6504903
mb-00424,train,1.6532125,1.6574398,1.3424227,1.3240932
mb-10045,train,2.0128372,1.9812641,1.748188,1.7255561
mb-10675,train,1.80618,1.766959,1.2552725,1.3091165
mb-02299,train,1.7160033,1.6971997,1.4771212,1.4384415
mb-07517,train,2.0170333,2.0300636,1.39794,1.4327974
mb-02263,train,1.8195438,1.6962078,1.5314789,1.4488024
mb-07238,train,2.0128372,2.1892185,1.8750613,2.0522554
mb-06270,train,1.146128,1.1406987,0.7781513,0.816759
mb-01612,train,1.7323937,1.7275443,1.30103,1.3463354
mb-10049,train,1.6989701,1.6607963,1.146128,1.1608512
mb-04110,train,1.763428,1.8397205,1.50515,1.4297831
mb-01877,train,1.690196,1.4954467,1.39794,1.3336598
mb-08612,train,1.9956352,2.0598335,1.60206,1.775258
mb-08013,train,2.209515,2.2323701,1.90309,1.9472344
mb-07458,train,2.252853,2.0924973,1.7403626,1.6640475
mb-09187,train,2.1461282,2.048504,1.8260748,1.8142395
mb-04901,train,1.2041199,1.2804776,1.1139433,1.1086745
mb-00120,train,1.9731278,1.9313554,1.6812413,1.7664487
mb-04817,train,1.80618,1.7440362,1.462398,1.458389
mb-09669,train,2.139879,2.167786,1.7923917,1.8767462
mb-03689,train,2.307496,2.3136268,2.0606978,2.1235023
mb-08639,train,1.5797836,1.4451097,1.3222193,1.2093047
mb-05552,train,1.8129134,1.8192028,1.6232493,1.5965039
mb-01230,train,1.5797837,1.5851744,1.39794,1.5056691
mb-00059,train,1.8129134,1.7931514,1.5563025,1.5769615
mb-04275,train,1.7403628,1.6782917,1.20412,1.2292331
mb-02344,train,0.60206,0.6074924,0.30103,0.38188934
mb-10085,train,2.0128372,1.962019,1.4149734,1.241476
mb-03346,train,1.7160034,1.5508791,1.462398,1.3236427
mb-10424,train,1.5910646,1.5949633,1.3802112,1.2910328
mb-04394,train,1.9242793,1.9022305,1.8512584,1.8134264
mb-06358,train,1.7853298,1.7520255,1.3424227,1.3569713
mb-08410,train,1.6720979,1.6427205,1.39794,1.3798847
mb-04474,train,1.8388491,1.8020139,1.5185139,1.5183418
mb-02148,train,1.7075702,1.7629088,1.3617278,1.452225
mb-02774,train,1.5910647,1.474026,1.39794,1.3437824
mb-07139,train,1.9956352,1.9261427,1.8129133,1.7218561
mb-00546,train,2.1038036,2.1595528,1.5314789,1.6323634
mb-02771,train,1.5682018,1.5865692,1.462398,1.510211
mb-02407,train,2.2479732,2.224554,1.8573325,1.8668957
mb-00534,train,1.7160034,1.5793357,1.5563025,1.3597764
mb-05762,train,2.161368,2.1676104,1.7558749,1.7594637
mb-02837,train,1.763428,1.7256134,1.230449,1.2342664
mb-00079,train,2.071882,1.9986978,1.8750613,1.7600701
mb-08224,train,2.2648177,2.2684014,2.049218,2.0807884
mb-02099,train,1.80618,1.8372469,1.462398,1.5174533
mb-01289,train,1.7853298,1.723564,1.5563025,1.5517613
mb-06200,train,2.1522884,2.118342,1.7323937,1.7207994
mb-08086,train,2.0211892,1.9567758,1.7853298,1.7792034
mb-06426,train,1.6532125,1.617861,1.3424227,1.3486916
mb-04655,train,1.8976271,2.0522785,1.6232493,1.726167
mb-06734,train,2.0211892,2.0084407,1.4149734,1.4473213
mb-10468,train,2.143015,2.1589942,1.1760913,1.2198136
mb-02181,train,1.8864908,1.9200764,1.6127839,1.6990981
mb-06959,train,1.0,1.2125479,0.69897,0.93893754
mb-00399,train,1.3617278,1.3803989,1.146128,1.2062858
mb-06580,train,1.5440681,1.535912,1.462398,1.3045535
mb-08827,train,1.7323937,2.0171375,1.5797836,1.6265266
mb-05111,train,1.7403626,1.6132451,1.60206,1.4506464
mb-05278,train,2.209515,2.1881847,1.770852,1.6788343
mb-09363,train,1.39794,1.3174998,0.90309,0.94409674
mb-10763,train,1.6334685,1.6173872,1.230449,1.4391153
mb-08097,train,1.8573325,1.7643882,1.5797836,1.5191345
mb-09678,train,2.348305,2.3211207,1.908485,1.979307
mb-00496,train,2.1673174,2.078711,1.80618,1.8039758
mb-08769,train,1.6232493,1.6238779,1.3424227,1.3639433
mb-08351,train,1.7781513,1.9489182,1.6812413,1.6935606
mb-08419,train,1.6127839,1.6152309,1.3802112,1.4320141
mb-04714,train,1.5185139,1.5097982,1.3222193,1.2667546
mb-02683,train,1.3802112,1.3888083,1.1139433,1.1606146
mb-03961,train,1.8976271,1.8160673,1.5440681,1.5312284
mb-03010,train,1.0,1.4770844,1.20412,1.2198586
mb-07320,train,2.2068257,2.353762,1.9344984,2.1020753
mb-03468,train,1.9777236,2.189241,1.8388491,2.0522785
mb-07028,train,1.5910647,1.5470972,1.30103,1.2414162
mb-01272,train,1.4313638,1.379643,0.845098,0.9231501
mb-00654,train,1.5563024,1.5293018,1.3222193,1.3573493
mb-08217,train,1.462398,1.1599796,1.20412,0.88703775
mb-01578,train,2.2095149,2.0570118,2.089905,1.8759792
mb-05825,train,2.2148438,2.1471157,1.690196,1.6369964
mb-02847,train,1.9294189,1.9102762,1.5910646,1.6518369
mb-08397,train,2.2966652,2.2730687,1.1139433,1.1186508
mb-01344,train,1.9444826,1.912167,1.5314789,1.6164267
mb-10181,train,2.0043213,2.0302777,1.447158,1.5118725
mb-04189,train,2.1003706,1.9454137,1.8750613,1.6893651
mb-03281,train,1.6434526,1.6069717,1.2552725,1.2141693
mb-10443,train,1.7923917,1.764809,1.50515,1.5387104
mb-00890,train,2.0863597,2.097053,1.845098,1.811891
mb-03923,train,2.429752,2.3684185,2.0863597,1.9655205
mb-06561,train,1.6020601,1.5366218,1.2787536,1.261929
mb-08773,train,2.025306,2.0923162,1.5563025,1.600829
mb-07572,train,2.1461282,2.1032133,1.39794,1.3483937
mb-08367,train,1.7558749,1.6260818,1.20412,1.2140828
mb-00501,train,1.1139433,1.2737175,0.9542425,1.1023335
mb-00886,train,2.089905,2.0537305,1.9344984,1.8274292
mb-07313,train,2.1818435,2.0432494,1.7853298,1.6799879
mb-06392,train,2.25042,2.2676542,1.819544,1.926946
mb-01739,train,1.690196,1.7120041,1.5185139,1.6184057
mb-02638,train,1.3802112,1.3069077,1.146128,1.1036284
mb-03710,train,2.0374265,2.0343122,1.5440681,1.6122844
mb-10455,train,2.2988532,2.2027266,1.8692317,1.8895173
mb-06152,train,2.2810333,2.2650232,1.845098,1.9022617
mb-07441,train,2.0569048,2.0789719,1.6232493,1.84652
mb-02035,train,2.2648177,2.1821446,1.8692317,1.7349838
mb-08464,train,2.025306,1.939921,1.6812413,1.6792072
mb-08826,train,1.6434526,1.6010783,1.60206,1.5328509
mb-04638,train,2.0899053,2.037157,1.6334685,1.5721495
mb-04936,train,1.462398,1.3066227,1.230449,1.1301949
mb-04319,train,2.463893,2.4079459,2.292256,2.2288492
mb-10199,train,0.7781513,1.066846,1.1139433,1.1989229
mb-02512,train,1.6720979,1.5178628,1.3802112,1.240566
mb-01785,train,2.120574,2.1448343,1.7160033,1.7446514
mb-01559,train,2.350248,2.335023,1.968483,2.0406373
mb-05350,train,2.2810333,2.1865916,2.1583624,2.1374936
mb-10804,train,1.7075702,1.7105149,1.39794,1.4263343
mb-05395,train,1.4913617,1.4134688,1.146128,1.1018231
mb-00071,train,1.3424227,1.404031,1.146128,1.221602
mb-03323,train,1.7075703,1.72663,1.1760913,1.2918139
mb-07812,train,1.763428,1.628459,1.6532125,1.4989902
mb-06532,train,2.1931245,2.1951475,1.7323937,1.7464948
mb-03034,train,2.25042,2.206428,1.90309,1.871084
mb-08822,train,1.5910647,1.5391612,1.1760913,1.2331314
mb-03154,train,1.690196,1.5540853,1.3222193,1.326477
mb-00602,train,2.0827854,2.0214217,1.8325089,1.8115058
mb-03688,train,2.3222191,2.2056963,2.149219,2.0243816
mb-06128,train,2.1583624,2.2894702,1.8325089,1.9296606
mb-04886,train,1.518514,1.4662035,1.462398,1.4337466
mb-06611,train,1.9138138,1.9497292,1.7323937,1.7608312
mb-01921,train,2.389166,2.2758832,1.8692317,1.791899
mb-07506,train,2.350248,2.3947227,2.075547,2.0820603
mb-10379,train,2.1461282,2.2764986,1.6627579,1.8467443
mb-08756,train,1.8920946,1.8930225,1.6434526,1.6725756
mb-01131,train,1.4913617,1.3794165,1.0413927,1.0358927
mb-02503,train,1.7403626,1.6483834,1.50515,1.4547222
mb-09704,train,1.80618,1.8536791,1.5440681,1.5791073
mb-10891,train,1.5682018,1.5392976,1.0,1.1494291
mb-05838,train,1.8692317,1.8670962,1.3424227,1.4229462
mb-07315,train,1.748188,1.7245849,1.4149734,1.4117599
mb-06234,train,2.3096302,2.2400336,1.9637878,1.902513
mb-05148,train,2.3222194,2.348398,1.9344984,2.0168622
mb-08273,train,1.9444826,1.9278228,1.447158,1.5451508
mb-10853,train,1.8129134,1.8485548,1.4913617,1.5020982
mb-07412,train,2.0170333,1.8257977,1.5563025,1.5702326
mb-03776,train,1.9542425,1.943849,1.3802112,1.3991655
mb-00652,train,1.7923918,1.6592176,1.3424227,1.2964271
mb-02859,train,2.3521824,2.3243046,2.0827854,1.9801661
mb-04580,train,1.9444827,1.879382,1.6232493,1.6772676
mb-10553,train,2.0170333,1.9858166,1.6627579,1.6571847
mb-03803,train,1.9395192,1.9585035,1.763428,1.7479308
mb-10609,train,1.9444828,1.8841138,1.3424227,1.4306748
mb-06860,train,2.1818435,2.203603,1.5797836,1.5853689
mb-10023,train,1.7993406,1.6900088,1.20412,1.2334995
mb-10267,train,2.133539,2.1363444,1.2552725,1.2905464
mb-04844,train,1.7923918,1.8190597,1.230449,1.3672154
mb-05898,train,1.763428,1.7464149,1.230449,1.238822
mb-08650,train,1.748188,1.2853907,1.5563025,1.1098223
mb-06947,train,2.0211892,1.9685043,1.7558749,1.7686869
mb-03085,train,2.2718418,2.2080626,2.1367207,2.0830996
mb-00135,train,0.69897,0.7427118,0.69897,0.6195578
mb-06599,train,2.1846914,2.2107358,2.1271048,2.1283495
mb-03447,train,1.5051501,1.542791,1.2787536,1.2983687
mb-00243,train,1.6334684,1.5885613,1.447158,1.4275386
mb-01001,train,1.0413927,1.2066443,0.845098,0.9826938
mb-03886,train,1.5563025,1.4904727,1.39794,1.4404597
mb-08628,train,1.7160034,1.7675756,1.5563025,1.598281
mb-09270,train,1.90309,1.8647218,1.4313638,1.5304914
mb-00758,train,2.209515,2.186786,1.9294189,1.8608084
mb-08731,train,1.39794,1.3881972,1.20412,1.1496196
mb-01824,train,2.4440448,2.4704292,2.365488,2.41021
mb-09490,train,1.0791813,1.1393317,0.7781513,0.83111954
mb-06589,train,2.143015,2.1530807,1.9777236,2.0202723
mb-10302,train,0.845098,0.8600919,1.0791812,1.0087525
mb-06507,train,2.1846914,2.1562657,2.0043213,1.8111633
mb-10277,train,1.2787536,1.3671274,1.1760913,1.1612761
mb-00025,train,1.913814,1.9014684,1.5440681,1.5789591
mb-00816,train,1.9138138,2.0880535,1.6720978,1.8086979
mb-01260,train,2.1731863,2.1258526,1.7923917,1.8456246
mb-08741,train,1.5314789,1.6151819,1.50515,1.371944
mb-00649,train,1.4771214,1.4339659,1.230449,1.231205
mb-10571,train,2.0863597,2.0341563,1.8633229,1.7648332
mb-03950,train,2.0606978,1.8503275,1.6334685,1.4572833
mb-00881,train,1.5682018,1.519029,1.20412,1.1417065
mb-00674,train,2.3053513,2.2287211,1.9294189,1.9170437
mb-05605,train,1.0791812,1.0592314,0.845098,0.7941643
mb-02636,train,2.2810335,2.2694545,1.908485,1.9237432
mb-03238,train,2.0253057,1.8225274,1.69897,1.5332793
mb-06730,train,1.8260747,1.9697001,1.690196,1.662616
mb-09338,train,2.2405493,2.1922326,1.908485,1.9071388
mb-05290,train,2.2329962,2.1135194,2.120574,1.9486897
mb-04829,train,1.9542425,1.9336059,1.748188,1.761589
mb-09202,train,2.0413928,1.9971999,1.8750613,1.8208184
mb-03276,train,1.8325089,1.6387202,1.4149734,1.305358
mb-01697,train,2.161368,2.114466,1.763428,1.7570806
mb-07926,train,2.230449,2.1101015,2.198657,2.1239977
mb-07369,train,1.7558749,1.727599,1.39794,1.4564081
mb-00977,train,2.2304487,2.1692193,2.0863597,2.025895
mb-10747,train,1.7323937,1.8367946,1.3222193,1.4977782
mb-10097,train,2.4471579,2.3519444,2.146128,2.1557014
mb-07337,train,2.033424,2.0811749,1.908485,1.9550431
mb-01907,train,1.7323937,1.7432327,1.3617278,1.3499882
mb-00416,train,1.9084849,1.8854575,1.69897,1.6575224
mb-03720,train,1.4313638,1.3589655,1.1139433,1.127172
mb-05388,train,2.1172714,2.0894074,1.8808136,1.8355494
mb-06029,train,2.4199557,2.3643312,2.0681858,2.0123289
mb-08821,train,1.60206,1.5000362,1.3802112,1.2854198
mb-08361,train,1.462398,1.4486802,1.20412,1.215427
mb-04073,train,2.3856063,2.469874,2.045323,2.2416465
mb-03160,train,2.1846914,2.1134346,1.9822712,1.9580196
mb-06075,train,1.7993406,1.7275543,1.2787536,1.2191687
mb-03322,train,1.690196,1.559707,1.39794,1.4004645
mb-09587,train,1.748188,1.8313651,1.6434526,1.6977627
mb-07755,train,1.30103,1.3598884,1.0,1.1213968
mb-00023,train,1.50515,1.5715357,1.3617278,1.3776432
mb-01836,train,1.447158,1.2100816,1.1139433,0.9519346
mb-02821,train,2.2148438,2.1642084,1.8750613,1.8984722
mb-05702,train,2.3541083,2.3101401,1.9822712,1.9185884
mb-04961,train,2.049218,2.0308402,1.9867717,1.932766
mb-01764,train,2.0606978,2.0429425,1.8692317,1.8935504
mb-08581,train,1.6532125,1.6652864,1.30103,1.3179998
mb-10931,train,2.1583624,2.188882,1.7923917,1.7838085
mb-01450,train,1.819544,1.8978288,1.6232493,1.6989006
mb-07168,train,1.447158,1.5057249,1.3802112,1.3741356
mb-06896,train,2.0569048,2.1924977,1.9822712,1.9424996
mb-00039,train,1.8864907,1.696832,1.690196,1.4970189
mb-02222,train,2.0128372,1.9315916,1.69897,1.7748047
mb-04538,train,2.0170333,2.0172224,1.69897,1.6378554
mb-04704,train,1.3424227,1.3607038,1.1760913,1.1591716
mb-05019,train,2.133539,2.2165701,1.6434526,1.616489
mb-01532,train,1.7708521,1.9312028,1.6532125,1.7450838
mb-00518,train,1.5910647,1.4712381,1.1760913,1.1423768
mb-03039,train,1.748188,1.8335335,1.0413927,1.1907202
mb-06333,train,1.9912261,1.9346893,1.5797836,1.5768692
mb-02620,train,2.071882,2.0971127,1.7923917,1.8965607
mb-01940,train,2.1818435,2.1570015,2.0170333,1.9974585
mb-02197,train,2.0791812,2.1555364,1.9395193,2.0175924
mb-07362,train,1.9444827,1.9509848,1.6532125,1.7108592
mb-06950,train,1.8129134,1.841347,1.6232493,1.7058694
mb-01087,train,1.0791812,1.094272,0.69897,0.7755047
mb-10552,train,1.9867717,2.004274,1.6720978,1.618732
mb-08976,train,1.5314789,1.557437,1.5185139,1.5650988
mb-08344,train,2.0934217,2.0400846,1.50515,1.5970676
mb-07957,train,1.5314789,1.5689282,1.0413927,1.1188791
mb-03227,train,1.9542426,2.0237954,1.5563025,1.6659619
mb-01093,train,1.690196,1.8533542,1.5314789,1.058435
mb-04304,train,1.845098,1.8703643,1.7323937,1.7239543
mb-01111,train,1.531479,1.5291834,1.230449,1.2841523
mb-06500,train,1.9242792,1.8931494,1.2552725,1.3134062
mb-01881,train,2.0086002,1.9429749,1.8512584,1.7913975
mb-00573,train,1.3424227,1.5330787,1.230449,1.409361
mb-01318,train,1.6720978,1.5862215,1.50515,1.4906278
mb-03827,train,1.90309,1.7712953,1.763428,1.6947342
mb-03879,train,1.819544,1.7276933,1.50515,1.4553201
mb-00862,train,2.0791812,2.0293853,1.90309,1.8551035
mb-07153,train,1.6020601,1.6927246,0.9542425,1.1850008
mb-05166,train,0.7781513,0.78541243,0.30103,0.38044703
mb-10901,train,2.2355285,2.1547673,1.90309,1.847651
mb-10985,train,1.770852,1.7799635,1.5797836,1.5438441
mb-05356,train,2.149219,2.072646,2.0170333,1.9507263
mb-10601,train,1.8864908,1.9054558,1.5440681,1.5353211
mb-04982,train,2.143015,2.1243703,1.8512584,1.7188108
mb-07951,train,1.94939,1.9814103,1.6334685,1.6717417
mb-02221,train,0.30103,0.6087321,0.0,0.38420153
mb-10767,train,1.6720979,1.6604747,1.1139433,1.1119127
mb-04584,train,2.1038039,2.0275748,1.8512584,1.7979298
mb-01275,train,2.3820171,2.3987222,2.0827854,2.085593
mb-10979,train,2.3344538,2.2149866,1.8976271,1.8320695
mb-01451,train,1.6334684,1.611261,1.5185139,1.4832371
mb-01954,train,1.146128,1.487584,0.90309,1.2460735
mb-10360,train,1.6627579,1.7674758,1.4313638,1.5214089
mb-06004,train,1.8864908,1.8015853,1.4313638,1.3547157
mb-08735,train,1.4771214,1.6362783,1.30103,1.2938025
mb-01692,train,1.6127839,1.4867599,1.4913617,1.4142847
mb-01953,train,2.164353,2.1110203,1.8808136,1.9282389
mb-06803,train,1.7323937,1.737843,1.2552725,1.2828342
mb-01407,train,1.7853298,1.7554004,1.20412,1.2069592
mb-05828,train,1.748188,1.7268767,1.4149734,1.3533345
mb-01323,train,1.690196,1.8054324,1.39794,1.5596611
mb-01754,train,2.1461282,2.1593847,1.908485,1.9535888
mb-06587,train,1.20412,1.2341357,0.9542425,0.950721
mb-09023,train,1.6627579,1.5015962,1.0413927,0.98254234
mb-07413,train,1.146128,1.1760378,1.0413927,1.0644863
mb-00558,train,2.0170333,1.842751,1.6334685,1.5465847
mb-01236,train,2.3201463,2.2284982,2.230449,2.1607327
mb-03691,train,2.2121875,2.2006664,1.8325089,1.8098086
mb-10078,train,2.240549,2.2042408,1.9867717,2.1056364
mb-04595,train,2.0530784,1.9778804,1.6720978,1.7820959
mb-10419,train,2.0791812,2.117145,1.5440681,1.8029478
mb-04527,train,2.0374265,2.0660875,1.4913617,1.5437932
mb-05583,train,1.9731278,1.806635,1.8692317,1.581916
mb-05692,train,2.2624512,2.2729487,1.7781513,1.8734213
mb-07472,train,1.6334685,1.6476125,1.3424227,1.409588
mb-02543,train,0.90309,0.9633918,0.60206,0.6381018
mb-07414,train,1.8388492,1.851577,1.5440681,1.4432913
mb-00420,train,2.4712915,2.340262,2.252853,2.1298575
mb-04528,train,2.3304138,2.2498257,2.164353,2.017322
mb-02588,train,1.0791812,1.0413762,0.69897,0.70825195
mb-00821,train,2.1958997,2.2000813,1.9294189,1.9123366
mb-09279,train,2.2121875,2.1643548,1.7558749,1.7447785
mb-09824,train,1.6127839,1.525151,1.146128,1.203887
mb-05362,train,1.9822713,1.9130181,1.5440681,1.4509618
mb-07716,train,2.230449,2.2676387,1.9777236,1.8847318
mb-02835,train,2.0170333,1.8010292,1.6532125,1.5179211
mb-10087,train,2.1673174,2.0707386,1.90309,1.9413865
mb-10187,train,2.0413928,2.0284078,1.5682018,1.6703933
mb-06759,train,1.845098,1.7990879,1.5563025,1.5754249
mb-03265,train,1.9777236,2.0923998,1.8750613,1.9437814
mb-08532,train,1.5563025,1.523478,1.3617278,1.3071364
mb-07900,train,2.2855573,2.2576644,1.9956352,1.9854931
mb-09539,train,1.3617278,1.3251653,1.0413927,1.0303133
mb-09875,train,2.3138673,2.2584116,1.8808136,1.9682695
mb-06281,train,1.7323937,1.5870546,1.4771212,1.4255462
mb-07746,train,1.7781513,1.7011912,1.4771212,1.3824462
mb-08450,train,2.292256,2.1023896,2.1846914,1.9555286
mb-04613,train,2.064458,2.0616856,1.9190781,1.8999573
mb-08517,train,2.09691,2.0695062,1.8976271,1.8499701
mb-10133,train,1.9867717,2.001057,1.5910646,1.6543288
mb-02813,train,1.3617278,1.3163335,1.230449,1.2980304
mb-07334,train,2.3053513,2.297543,1.8325089,1.8798759
mb-08046,train,1.8325089,1.8221545,1.3802112,1.3992724
mb-06321,train,2.0413928,2.044792,1.5563025,1.6920002
mb-09107,train,1.20412,1.1022189,0.0,0.6291073
mb-04059,train,2.0569048,2.132473,1.7242758,1.7534927
mb-10139,train,2.307496,2.3619938,1.968483,2.0863497
mb-08198,train,1.9912261,1.9324429,1.2552725,1.2454499
mb-02510,train,2.2878017,1.9930975,2.143015,1.8356358
mb-00033,train,1.1760913,1.3503232,0.90309,1.0741327
mb-02995,train,1.763428,1.7362303,1.4771212,1.5309731
mb-05730,train,1.9344984,1.9081829,1.50515,1.420473
mb-08760,train,1.6627579,1.6370595,1.1760913,1.2025359
mb-03299,train,1.770852,1.9186876,1.6434526,1.8409353
mb-02804,train,1.9444827,1.8841574,1.748188,1.7236892
mb-09030,train,2.2355285,2.232209,1.6627579,1.7873027
mb-04017,train,2.0569048,2.0511897,1.2552725,1.284863
mb-06224,train,1.8388491,1.5452533,1.4913617,1.290174
mb-07990,train,1.9395193,2.0598066,1.7993406,1.8392761
mb-05459,train,1.6434526,1.5225339,1.5314789,1.3629751
mb-06615,train,1.5563025,1.4795653,1.3802112,1.3282287
mb-07782,train,1.9242793,2.022218,1.6627579,1.7169155
mb-09069,train,2.2329962,2.2107608,1.8976271,1.9632124
mb-04411,train,1.5797837,1.4390087,1.30103,1.1391089
mb-07251,train,1.7323937,1.6443458,1.3424227,1.3406565
mb-00828,train,1.9731278,1.9672129,1.690196,1.7615275
mb-05616,train,2.1398792,2.0412147,1.7781513,1.6828302
mb-07937,train,1.6020601,1.6492419,1.1760913,1.2595549
mb-02234,train,2.0492182,2.0013885,1.4149734,1.4408715
mb-08303,train,2.378398,2.3255324,1.9867717,2.0250347
mb-08643,train,2.3673558,2.3295398,1.9822712,1.983536
mb-00379,train,1.7781513,1.7579315,1.4313638,1.452484
mb-03424,train,2.307496,2.3224473,1.9822712,2.068344
mb-09889,train,1.9731278,2.1416752,1.7323937,1.7600378
mb-10537,train,1.9395192,1.9146786,1.7242758,1.6863658
mb-09083,train,1.6020601,1.5300069,1.1760913,1.1820486
mb-08875,train,2.292256,2.2299623,1.968483,1.9235604
mb-06913,train,2.1522884,2.1642249,1.3222193,1.2959511
mb-10093,train,1.4913616,1.3865955,1.447158,1.3459073
mb-03562,train,1.544068,1.5141556,1.5185139,1.4759384
mb-08926,train,2.409933,2.366704,2.0086002,2.0397303
mb-00008,train,2.320146,2.3146236,2.0211892,2.0458453
mb-06106,train,2.3838153,2.234545,1.9190781,1.8756976
mb-07071,train,1.724276,1.6998429,1.230449,1.2655556
mb-06204,train,1.9444827,1.9641709,1.4149734,1.4261711
mb-01857,train,1.4471581,1.4344473,1.39794,1.341628
mb-03795,train,2.2833014,2.323389,1.8808136,1.9683863
mb-06608,train,2.0569048,2.0342536,1.690196,1.634747
mb-05606,train,2.2878017,2.187193,1.7923917,1.6938452
mb-08406,train,1.5051501,1.5438935,1.230449,1.2743399
mb-08192,train,1.5440681,1.7463081,1.1139433,1.3257117
mb-03724,train,1.763428,1.6095467,1.69897,1.7066877
mb-06534,train,2.049218,1.9994335,1.5797836,1.6017472
mb-06946,train,1.5910646,1.5952784,1.2552725,1.3474135
mb-01412,train,1.20412,1.1597466,0.90309,0.8742692
mb-00903,train,1.929419,1.924585,1.462398,1.5307189
mb-07331,train,1.4313638,1.3722762,1.230449,1.1671883
mb-05558,train,2.0827854,2.0752382,1.5682018,1.5510402
mb-00749,train,1.8573326,1.8309933,1.5563025,1.5825492
mb-00618,train,1.6627579,1.5183078,1.4913617,1.3574766
mb-10783,train,1.80618,1.6969318,1.50515,1.4359658
mb-06752,train,1.6627579,1.6606169,1.3617278,1.3932254
mb-08075,train,1.7781513,1.7611753,1.5797836,1.5904922
mb-03393,train,1.8808136,1.9687483,1.748188,1.7432281
mb-09701,train,2.1731863,1.9858575,1.6812413,1.6174669
mb-04339,train,1.770852,1.6941025,1.3617278,1.3226705
mb-02063,train,1.8450981,1.7361996,1.5682018,1.4909527
mb-09883,train,2.5599065,2.532518,2.269513,2.231265
mb-01937,train,1.7781513,1.8132584,1.3802112,1.4495254
mb-09293,train,2.10721,2.2404013,1.5797836,1.6684189
mb-05434,train,2.075547,2.0431626,1.8976271,1.8557385
mb-10216,train,2.4471579,2.2791417,2.1172712,1.9500399
mb-10568,train,1.9294189,1.8032045,1.8129133,1.6473092
mb-06103,train,1.3802112,1.1696439,1.146128,1.0732965
mb-02093,train,2.0,1.9655406,1.8750613,1.8598555
mb-01666,train,2.1335387,2.1216528,1.6720978,1.7323165
mb-02728,train,2.0606978,2.1108084,1.8260748,1.9565188
mb-07434,train,1.9637879,1.999542,1.6627579,1.6977273
mb-04415,train,1.8260748,1.8502307,1.5185139,1.5830288
mb-03504,train,2.10721,2.1498098,1.763428,1.7884758
mb-04915,train,1.6532124,1.6161962,1.5314789,1.5282793
mb-08457,train,2.089905,2.1021032,1.5314789,1.5394564
mb-08869,train,1.7558749,1.7895759,1.3802112,1.4408643
mb-10144,train,1.39794,1.2156593,0.69897,0.6237958
mb-02059,train,1.7993405,1.5905255,1.447158,1.3460392
mb-02191,train,1.968483,1.8904945,1.7323937,1.7282089
mb-04400,train,2.143015,2.0659378,1.9190781,1.8437768
mb-04726,train,1.8260748,1.8955326,1.6627579,1.7214391
mb-10650,train,2.4683473,2.4365284,2.252853,2.2534552
mb-00287,train,1.94939,2.0265756,1.7075702,1.6603098
mb-03498,train,1.9542425,1.9643097,1.690196,1.6103976
mb-10485,train,2.0413928,2.02895,1.7075702,1.7627047
mb-07882,train,2.0043213,1.9889349,1.770852,1.7815934
mb-00316,train,2.0791812,2.0033588,1.748188,1.7054018
mb-06921,train,2.357935,2.220885,2.09691,2.0172374
mb-10091,train,2.1522884,2.2022772,1.6434526,1.8472899
mb-01047,train,1.0,0.9589758,0.9542425,1.0128589
mb-00462,train,2.2764618,2.2361953,2.1271048,2.068659
mb-04264,train,1.9637878,1.9736872,1.4149734,1.6376872
mb-06055,train,1.8388491,1.8306339,1.4149734,1.43018
mb-09886,train,1.9731278,1.9226754,1.7075702,1.6750927
mb-06117,train,2.1846914,2.157816,1.8573325,1.8330936
mb-09073,train,2.1553361,2.1260393,1.8808136,1.8119009
mb-01427,train,1.3222193,1.3110707,1.0,0.99494773
mb-05504,train,2.2600713,2.2367039,1.9956352,1.9723806
mb-00915,train,2.071882,2.0538888,1.763428,1.8869312
mb-07676,train,2.09691,2.0588543,1.7075702,1.8249319
mb-00339,train,2.2405493,2.2200007,1.7853298,1.7838393
mb-05338,train,1.863323,1.8408808,1.4313638,1.4870087
mb-04028,train,2.2455127,2.1457973,1.770852,1.7654108
mb-07187,train,2.1931245,2.15196,1.7853298,1.7607082
mb-06348,train,2.292256,2.305848,1.8808136,1.8980339
mb-10236,train,1.6532125,1.610122,1.0791812,1.0864196
mb-03014,train,1.9294189,1.9188094,1.770852,1.7814913
mb-04004,train,1.7558749,1.703177,1.5797836,1.5903378
mb-04974,train,2.243038,2.1216412,2.0,1.9223258
mb-01944,train,1.9444827,1.9770836,1.8388491,1.8565719
mb-08607,train,2.0253057,1.9719725,1.845098,1.7412632
mb-05924,train,1.5314789,1.5547613,1.1139433,1.1549857
mb-10361,train,1.9637879,2.0185764,1.7993406,1.8840189
mb-02987,train,1.6434528,1.655915,1.4313638,1.4575276
mb-08671,train,2.2966652,2.2735493,1.8633229,1.904193
mb-10180,train,1.447158,1.5810097,1.3222193,1.247008
mb-03609,train,2.2787538,2.186411,1.94939,1.8268901
mb-00820,train,2.0170333,1.8641956,1.7323937,1.5147157
mb-09658,train,1.5185139,1.564815,1.30103,1.150525
mb-03233,train,2.5132177,2.4862182,2.2455127,2.2069721
mb-08302,train,1.9294189,2.0754087,1.6232493,1.6254159
mb-03074,train,2.155336,2.157053,1.2552725,1.3255578
mb-03528,train,2.2900345,2.2521942,2.0530784,1.9647403
mb-07944,train,2.0334237,2.1281111,1.5797836,1.6689954
mb-10314,train,2.0827854,2.0390687,1.7242758,1.8767657
mb-01181,train,2.1105897,2.1037292,1.69897,1.766635
mb-02623,train,1.9912261,1.9658172,1.3617278,1.3086672
mb-06458,train,1.5682018,1.6228691,1.230449,1.2261982
mb-09659,train,1.6334684,1.620568,1.0,1.0476351
mb-09289,train,2.2278867,2.245892,1.6812413,1.8527273
mb-09248,train,2.120574,2.1199203,1.7403626,1.7443755
mb-09894,train,1.9190781,1.9898655,1.6812413,1.698591
mb-08081,train,1.7781512,1.7365006,1.447158,1.4085803
mb-08563,train,1.763428,1.7811738,1.2787536,1.3477348
mb-08939,train,2.08636,1.9996569,1.7558749,1.6344022
mb-03601,train,2.164353,2.2223122,1.8573325,1.9003634
mb-01244,train,2.3654878,2.3096435,2.0293837,1.9689527
mb-10076,train,2.0211892,2.016962,1.7075702,1.775036
mb-01565,train,1.9822712,1.9722368,1.7075702,1.7808355
mb-03954,train,2.3384566,2.3149881,2.2764618,2.2252045
mb-09940,train,1.2787535,1.2917758,1.0791812,1.1435497
mb-10154,train,2.064458,2.086533,1.50515,1.5079501
mb-10593,train,2.0863597,2.1487,1.7323937,1.832902
mb-03540,train,1.7242758,1.7118746,1.5314789,1.5799649
mb-02077,train,2.3560257,2.3200178,1.9956352,1.9071903
mb-04265,train,1.9590414,1.9832335,1.7558749,1.7747054
mb-01036,train,1.7323937,1.7414846,1.30103,1.3569016
mb-01702,train,2.2855573,2.1777415,1.9956352,1.8559272
mb-04645,train,2.5646663,2.1871715,2.3138673,1.998749
mb-04614,train,1.3617278,1.3129858,1.146128,1.0933919
mb-09734,train,2.1335387,2.1892967,1.3222193,1.4199674
mb-01902,train,2.220108,2.1969366,1.9590414,2.0395188
mb-06434,train,2.292256,2.2322931,1.9395193,1.8850186
mb-05809,train,2.2671716,2.2110567,1.8692317,1.8788695
mb-07149,train,2.0086002,2.1276593,1.7993406,1.8866698
mb-09839,train,2.1522882,2.1229703,1.8129133,1.9111624
mb-10810,train,2.4857216,2.4085045,2.2764618,2.167933
mb-03115,train,1.1760912,0.84126556,1.0413927,0.7168926
mb-00474,train,1.544068,1.624075,1.0791812,1.20935
mb-06464,train,1.9956353,2.0706317,1.30103,1.3790557
mb-05821,train,2.2671719,2.237968,1.748188,1.8366554
mb-05553,train,1.9444827,1.8841462,1.3617278,1.3511966
mb-02214,train,2.1673174,2.194646,1.8864907,1.9635932
mb-09552,train,2.230449,2.22088,1.6812413,1.8406714
mb-02517,train,2.220108,2.1757545,1.4771212,1.4869729
mb-00609,train,1.9444826,1.9662853,1.7403626,1.7229055
mb-09684,train,2.1673174,2.0430982,1.7075702,1.6326454
mb-10021,train,2.120574,2.1108534,1.60206,1.6745472
mb-02474,train,1.8920946,1.656718,1.6127839,1.4600531
mb-04848,train,2.1958995,2.1345406,1.9542425,1.9014317
mb-05677,train,2.3802114,2.2854805,2.09691,1.9821162
mb-02236,train,2.2121875,2.1809714,1.8808136,1.8416654
mb-04410,train,2.3242824,2.176867,2.30103,2.1422417
mb-04487,train,2.5051498,2.3865929,2.2278867,2.1530943
mb-02177,train,1.8920946,1.7944019,1.4913617,1.4647071
mb-02147,train,2.1367204,2.1104202,2.1818435,2.0477843
mb-03379,train,2.3117537,2.2034278,1.8573325,1.7966518
mb-05523,train,1.6720979,1.5770364,1.230449,1.2218183
mb-10380,train,1.5563025,1.5373226,1.0413927,1.1040683
mb-03296,train,1.748188,1.7218763,1.30103,1.2338462
mb-02174,train,1.39794,1.4637845,1.20412,1.3090072
mb-08742,train,1.7993405,1.6396828,1.5797836,1.4173403
mb-08747,train,1.763428,1.7635255,1.5185139,1.575618
mb-01263,train,1.8633229,1.8557181,1.4149734,1.3718402
mb-04542,train,1.3617278,1.3398405,1.2552725,1.272171
mb-07801,train,1.4313638,1.285547,1.30103,1.0033202
mb-05519,train,1.6812413,1.6328461,1.39794,1.4106584
mb-02413,train,1.7558749,1.7951579,1.50515,1.5253515
mb-06571,train,1.8195438,1.9587095,1.5314789,1.7053497
mb-09302,train,1.8976271,1.806383,1.60206,1.5693336
mb-09008,train,1.9637879,1.8802304,1.6334685,1.501214
mb-04953,train,1.5051501,1.4451435,1.4313638,1.3644156
mb-00678,train,1.146128,1.2087743,0.9542425,0.98782295
mb-01592,train,1.6532125,1.6566544,1.230449,1.2949172
mb-09598,train,2.3579347,2.2539754,1.9956352,2.0226984
mb-04589,train,1.8920946,1.7877284,1.5797836,1.6164417
mb-07081,train,1.90309,1.8013247,1.5797836,1.5682888
mb-08604,train,1.5797836,1.5543681,1.3802112,1.3418434
mb-00110,train,1.9912261,1.9995522,1.8633229,1.8427156
mb-01503,train,1.6720979,1.6387599,1.4149734,1.3739058
mb-00753,train,1.6627579,1.6412377,1.5440681,1.5302212
mb-05419,train,2.029384,2.070005,1.9190781,1.9303828
mb-04590,train,1.2787536,1.2840927,0.90309,0.95119023
mb-04559,train,1.7708521,1.6825845,1.2552725,1.2361195
mb-00506,train,2.143015,2.1263967,1.6334685,1.6531888
mb-09393,train,2.3560257,2.290528,2.1238515,2.0875542
mb-04168,train,2.1238518,2.1898217,1.6627579,1.8299193
mb-02691,train,1.5440681,1.7108335,1.4149734,1.4382133
mb-03439,train,1.4913617,1.470527,1.2787536,1.2638896
mb-04984,train,2.2695131,2.2449265,1.7993406,1.7330482
mb-08487,train,2.025306,2.0014114,1.5682018,1.609894
mb-08964,train,2.0791812,2.0686522,1.60206,1.6642102
mb-08300,train,2.0569048,2.0677748,1.50515,1.6294147
mb-04387,train,2.30103,2.2563965,1.8920946,1.8718486
mb-09578,train,2.0374265,1.9834272,1.8260748,1.8059895
mb-10526,train,1.8573325,1.867825,1.6720978,1.5482594
mb-07467,train,0.69897,0.52682495,0.30103,0.21235347
mb-02165,train,1.9344984,1.857488,1.6434526,1.5337543
mb-05733,train,1.94939,1.8826478,1.4913617,1.4155592
mb-03869,train,1.9190781,1.9286757,1.748188,1.7816141
mb-09544,train,1.7781513,1.7747686,1.3424227,1.3907448
mb-00199,train,2.130334,2.0988598,1.7993406,1.8064456
mb-09325,train,2.198657,2.1744204,1.763428,1.7749095
mb-06760,train,2.1271048,2.0766513,1.9777236,1.8594472
mb-04035,train,2.3159704,2.287556,1.9138138,1.898951
mb-07048,train,1.6232493,1.6632943,1.39794,1.4387524
mb-09334,train,2.2624512,2.221994,1.9637878,1.9324677
mb-07070,train,2.1139433,2.0946677,1.819544,1.8395942
mb-03317,train,2.149219,2.0527294,2.0043213,1.9354793
mb-04357,train,2.5276299,2.5288534,2.2741578,2.3122387
mb-00326,train,1.6020601,1.6562734,1.3424227,1.4987359
mb-05308,train,2.220108,2.2376566,1.908485,1.8971851
mb-09329,train,2.2405493,2.0942025,1.968483,1.8878967
mb-04617,train,1.6901962,1.6396674,1.6334685,1.580303
mb-02701,train,2.2329962,2.199591,2.0086002,1.8719723
mb-02268,train,1.5797836,1.4127208,1.2552725,1.1708354
mb-08035,train,2.064458,1.968601,1.8129133,1.7573215
mb-04134,train,1.2552724,1.2286533,1.0791812,1.093781
mb-06459,train,2.1398792,2.1238687,1.6627579,1.6589563
mb-01732,train,2.0043216,1.9768283,1.462398,1.4283843
mb-01129,train,1.7323937,1.6370696,1.60206,1.4852867
mb-06703,train,1.4149734,1.3096269,1.0,0.96015507
mb-01558,train,2.049218,2.0186079,1.770852,1.7109826
mb-05153,train,1.3802112,1.2839894,1.0,0.9715024
mb-09135,train,1.6127839,1.4761157,1.1760913,1.1670456
mb-08732,train,1.6127839,1.6348052,1.4149734,1.3555815
mb-08425,train,1.9731278,2.0406833,1.5797836,1.6534536
mb-03057,train,2.1903317,2.1289966,1.8920946,1.8051318
mb-00617,train,2.25042,2.2231176,1.8692317,1.8830469
mb-00446,train,2.3502479,2.2891357,2.146128,2.1188052
mb-01231,train,1.9190781,1.7502444,1.8260748,1.621201
mb-01204,train,2.143015,2.0382235,1.9731278,1.8302834
mb-04659,train,0.30103,0.2629589,0.0,0.007332802
mb-01114,train,1.2552725,1.1670052,0.845098,0.82405853
mb-07628,train,2.372912,2.3797765,2.071882,2.1170921
mb-05554,train,1.7323937,1.7299278,1.3424227,1.3156909
mb-10387,train,1.763428,1.740546,1.447158,1.4194711
mb-08693,train,1.5563025,1.5283915,1.3424227,1.3742974
mb-01009,train,1.8260747,1.8967919,1.447158,1.4041454
mb-10736,train,1.6334684,1.6561277,1.3617278,1.3676288
mb-01452,train,2.198657,2.2445111,2.0170333,2.1548028
mb-03539,train,2.178977,2.1384885,1.90309,1.9186889
mb-07106,train,2.0086002,1.7988007,1.6232493,1.514665
mb-03785,train,2.2718415,2.2142081,1.9294189,1.8349053
mb-09360,train,2.2810333,2.2481751,2.0211892,1.905085
mb-04274,train,2.220108,2.240341,1.8750613,1.864309
mb-08298,train,1.8920946,1.9336864,1.6434526,1.7371477
mb-07532,train,1.8260748,1.8500574,1.3802112,1.3692797
mb-06576,train,2.1398792,2.1528246,1.819544,1.9198253
mb-00582,train,1.30103,1.5776794,1.230449,1.5814599
mb-09238,train,2.133539,1.9088508,1.6812413,1.5903417
mb-07017,train,0.845098,1.2182944,0.69897,0.9467814
mb-05412,train,1.7075702,1.7091112,1.4313638,1.3953843
mb-09747,train,1.5563025,1.5554957,1.230449,1.3043083
mb-02239,train,1.7993405,1.8925445,1.7160033,1.722272
mb-04766,train,2.2576785,2.216239,2.0,1.9886929
mb-06923,train,2.0827854,1.9680955,1.9731278,1.8719075
mb-06129,train,1.9637879,1.7500887,1.6334685,1.4622998
mb-01293,train,2.0530784,2.0368166,1.3802112,1.3717082
mb-09389,train,1.8920946,2.1973822,1.5910646,1.9216473
mb-04019,train,1.8692317,1.8404186,1.5314789,1.5797515
mb-04351,train,1.6989701,1.5292183,1.5440681,1.4263144
mb-01696,train,1.7242758,1.6624084,1.4149734,1.3913245
mb-08015,train,1.6532125,1.6634042,1.3802112,1.3208245
mb-02131,train,1.544068,1.5007374,1.0791812,1.1291744
mb-00057,train,2.198657,2.1369123,2.0,1.949417
mb-03370,train,2.1430147,2.192149,1.7403626,1.7121168
mb-10523,train,2.3802114,2.3714602,2.206826,2.1451669
mb-05267,train,1.8129134,1.7850885,1.30103,1.3727034
mb-02389,train,1.2041199,1.2491655,0.69897,0.8119524
mb-05403,train,1.763428,1.7565732,1.3617278,1.4618444
mb-08868,train,2.0128374,2.1064942,1.6334685,1.8397028
mb-07440,train,1.897627,1.8738698,1.6720978,1.6848686
mb-06065,train,1.5682018,1.5109606,1.230449,1.2544802
mb-08107,train,1.80618,1.7230135,1.5797836,1.488359
mb-00570,train,1.8195438,1.7133342,1.5797836,1.5697722
mb-02122,train,2.264818,2.2629158,1.9395193,1.8831137
mb-03176,train,1.8388491,1.7002207,1.6720978,1.5913644
mb-06080,train,2.252853,2.1595993,2.161368,1.9483483
mb-03931,train,1.9138138,1.9301615,1.7853298,1.8162624
mb-04447,train,2.0606978,2.0751944,1.8573325,1.908747
mb-03545,train,1.7075702,1.6827672,1.50515,1.5274217
mb-09502,train,1.2552725,1.1409477,1.0,0.9549898
mb-07637,train,2.1702616,2.1806533,1.8388491,1.7990354
mb-07261,train,1.0,1.0403333,0.69897,0.70332074
mb-00300,train,2.133539,2.0889204,1.8692317,1.8089743
mb-10850,train,1.4771214,1.5427413,1.2787536,1.2280926
mb-04808,train,1.819544,1.7099545,1.462398,1.4502631
mb-00965,train,2.164353,2.1805134,1.7160033,1.7000554
mb-09320,train,2.2966652,2.2865722,1.8976271,1.975476
mb-01361,train,2.3710678,2.289181,2.071882,2.0694814
mb-02980,train,2.064458,2.0708144,1.6232493,1.5436355
mb-00310,train,1.6334685,1.5952027,1.4913617,1.4796772
mb-06037,train,1.7558749,1.687223,1.5910646,1.5581948
mb-09242,train,1.9190781,1.8673158,1.3222193,1.3797479
mb-06369,train,1.690196,1.6596079,0.845098,0.84284765
mb-08365,train,2.1238515,2.118481,2.1760912,2.0595372
mb-05939,train,1.7708521,1.7696644,1.30103,1.3109593
mb-04084,train,1.5682018,1.4983401,1.3617278,1.2822466
mb-10545,train,1.6232493,2.115505,1.447158,1.7832792
mb-05564,train,1.8573325,1.920404,1.3424227,1.5883927
mb-07963,train,1.7160034,1.7738215,1.30103,1.3811935
mb-07529,train,1.7323939,1.6800696,1.5440681,1.5045258
mb-02565,train,2.064458,2.086465,1.8325089,1.8339415
mb-09946,train,1.9822712,2.007195,1.5185139,1.6142179
mb-03459,train,1.6127838,1.6540742,1.447158,1.4759885
mb-07197,train,2.499687,2.2598884,2.4653828,2.078164
mb-03425,train,1.6627579,1.5881733,1.5185139,1.509542
mb-02542,train,2.0170333,1.9344087,1.763428,1.7033867
mb-05516,train,2.3283796,2.303595,2.0211892,1.8915356
mb-02294,train,2.0374265,2.0185575,1.6720978,1.6353563
mb-07644,train,1.9822712,1.825695,1.4771212,1.4073324
mb-01984,train,1.9822713,2.0128262,1.6127839,1.6255217
mb-07563,train,1.5797837,1.575501,1.3424227,1.3700813
mb-03059,train,2.2148438,2.1187975,2.0,1.8866578
mb-01782,train,2.0492182,1.9314692,1.8260748,1.7206141
mb-09842,train,1.6532125,1.5236089,1.2552725,1.2022859
mb-01144,train,1.0,0.9205417,0.845098,0.8357976
mb-00565,train,2.029384,1.9852782,1.6532125,1.675889
mb-10254,train,2.3673558,2.1369631,1.6434526,1.6007552
mb-00445,train,1.5185139,1.4397442,1.146128,1.2201997
mb-01425,train,1.4471581,1.3992095,1.146128,1.0770817
mb-08537,train,1.5440681,1.6092696,1.0413927,1.1513213
mb-07649,train,1.7781513,1.7673835,1.5440681,1.5985792
mb-01833,train,2.0211892,2.0198972,1.6532125,1.6792972
mb-08923,train,1.1139433,1.1473551,0.90309,0.92375195
mb-04541,train,2.0681858,1.9424145,1.690196,1.6241885
mb-09530,train,1.7558749,1.9273343,1.1760913,1.4336015
mb-09318,train,1.60206,1.4777739,1.1139433,1.225244
mb-09921,train,1.7160033,1.5290105,1.3802112,1.3149428
mb-08468,train,2.1903317,2.1886973,1.8692317,1.9262764
mb-08403,train,2.1238515,1.6417047,1.7323937,1.5669353
mb-07540,train,1.1139433,1.2182436,1.0413927,1.0939748
mb-06689,train,1.2041199,1.2044213,0.845098,0.85662353
mb-09443,train,1.8450981,1.7165875,1.6334685,1.4912972
mb-02892,train,2.3096302,2.33274,1.9637878,2.0211992
mb-00012,train,1.3222193,1.3564901,1.0791812,1.1125945
mb-00451,train,2.1846914,2.1673007,1.90309,1.8540635
mb-09559,train,0.7781513,1.210804,1.0,1.0550462
mb-06679,train,1.3424227,1.285053,1.1139433,1.1057535
mb-04392,train,2.3222191,2.3082151,2.064458,2.1311464
mb-10220,train,2.2355285,2.1760705,2.1367207,2.0915155
mb-08481,train,1.9684829,2.0053203,1.7403626,1.779848
mb-04823,train,2.320146,2.3244195,2.049218,2.0121396
mb-07335,train,2.1003706,1.897848,1.6532125,1.6097201
mb-07135,train,2.1238515,2.0804052,1.763428,1.7445704
mb-02605,train,1.30103,1.127662,0.9542425,0.87473553
mb-04623,train,1.8325089,1.7997049,1.2787536,1.3598025
mb-07006,train,2.2576785,2.3043642,2.0681858,2.1067677
mb-04863,train,1.4471581,1.4931523,1.2552725,1.2975103
mb-01470,train,1.6127839,1.5549717,1.3424227,1.2891477
mb-04201,train,2.143015,2.1884902,1.80618,1.8203619
mb-05471,train,1.6627579,1.6142298,1.3802112,1.3997828
mb-07795,train,2.2900345,2.2474334,1.9444827,1.8597865
mb-03367,train,2.4955442,2.4735734,2.3242824,2.2520683
mb-03856,train,1.3424227,1.1506375,1.0,0.88132626
mb-00664,train,1.6532125,1.6570784,1.3802112,1.4505129
mb-03431,train,2.1038036,2.0957284,2.0211892,1.9957793
mb-07377,train,1.3979399,1.119169,1.1139433,0.85438126
mb-07645,train,1.6434528,1.5277822,1.4313638,1.3849325
mb-04582,train,1.3010299,1.2140186,1.1139433,1.0797304
mb-08188,train,1.3424227,1.6766216,1.50515,1.5487945
mb-04115,train,2.0413926,1.8830681,1.7403626,1.6105317
mb-04514,train,2.149219,2.2559261,2.1172712,2.2087379
mb-10930,train,2.298853,2.2773013,2.0128372,2.1500654
mb-09922,train,2.120574,2.1134243,1.6720978,1.6461746
mb-09960,train,1.7993406,1.805498,1.5440681,1.6162667
mb-04925,train,2.0791812,2.0908887,1.462398,1.4444014
mb-03071,train,1.9344984,2.0312018,1.447158,1.6046437
mb-04769,train,1.5910647,1.3805401,1.4149734,1.1809888
mb-04587,train,1.230449,1.2435521,0.90309,0.9365393
mb-09997,train,1.6127839,1.6525679,1.30103,1.3478037
mb-04813,train,1.0791812,1.0173069,0.845098,0.77970135
mb-04773,train,2.4132998,2.3811398,2.09691,2.1643536
mb-10367,train,2.0128372,2.2268376,1.6627579,1.9008442
mb-04756,train,2.2479732,2.219487,1.7923917,1.8760697
mb-03084,train,1.8750613,1.8813243,1.5185139,1.5421076
mb-00076,train,1.690196,1.690711,1.5910646,1.5236077
mb-09261,train,1.3617278,1.2765834,1.146128,1.0866972
mb-10519,train,1.6334685,1.6540195,1.146128,1.2736707
mb-06022,train,1.90309,1.9264148,1.3424227,1.4169894
mb-01747,train,1.8692317,1.8449708,1.1760913,1.2153548
mb-08185,train,1.5440681,1.5273678,1.0,1.0024045
mb-00710,train,2.2227163,2.0808775,1.8573325,1.8401916
mb-04248,train,1.7323937,1.8157183,1.5910646,1.6379123
mb-09271,train,1.5910646,1.4903806,1.1139433,1.106199
mb-03197,train,1.9912262,1.9080379,1.4313638,1.3385068
mb-06094,train,1.8920946,1.7686753,1.6627579,1.5949975
mb-06673,train,2.3283796,2.14014,2.2718415,2.1331902
mb-05628,train,1.531479,1.6428326,1.3424227,1.4800583
mb-04027,train,2.3180633,2.2815728,1.9242793,1.9668745
mb-02792,train,2.4361627,2.4498632,2.1003706,2.0986636
mb-01234,train,1.1760913,1.3655622,0.7781513,0.9589341
mb-01945,train,1.7781513,1.717683,1.462398,1.4093537
mb-10135,train,2.217484,2.1640391,1.2552725,1.1592132
mb-03165,train,1.9344984,1.8418893,1.7075702,1.5986456
mb-00883,train,2.2278867,2.1550844,2.1038036,2.0176947
mb-04010,train,1.748188,1.7814761,1.5440681,1.615176
mb-00296,train,2.1238515,2.0778232,2.0170333,1.9870579
mb-00751,train,2.071882,2.041801,1.9294189,1.8587371
mb-10977,train,1.60206,1.6832793,1.0413927,1.1483302
mb-04454,train,2.4281347,2.4100413,2.1038036,2.1758094
mb-02755,train,1.6232493,1.5667156,1.20412,1.2503785
mb-03454,train,1.0,0.9898572,0.60206,0.660153
mb-00613,train,1.7708521,1.7172089,1.39794,1.3740573
mb-01688,train,1.3010299,1.2872365,1.0413927,0.9383173
mb-01075,train,2.1731863,2.095169,1.8388491,1.8734968
mb-03068,train,2.1702616,2.1467376,1.4771212,1.7177489
mb-05337,train,2.0569048,1.7921535,1.7993406,1.6190859
mb-02509,train,2.1003706,2.1182206,1.6127839,1.6209406
mb-05461,train,1.8573326,1.8369411,1.6627579,1.6389921
mb-02905,train,2.10721,2.1073322,1.9138138,1.9466878
mb-01644,train,2.4814425,2.475736,2.1818435,2.2340312
mb-02754,train,1.6720978,1.751257,1.4771212,1.4938414
mb-01797,train,2.2278867,2.1953392,1.1139433,1.1088389
mb-09234,train,2.178977,2.233296,1.20412,1.4998994
mb-06240,train,1.929419,1.9058347,1.462398,1.5389098
mb-07953,train,2.120574,2.1064677,1.7923917,1.73177
mb-04050,train,2.3443923,2.3364663,2.0128372,2.0560188
mb-06867,train,1.6627579,1.698271,1.4313638,1.4565619
mb-06798,train,2.269513,2.2787037,1.819544,1.8799987
mb-06593,train,2.0530784,1.9646409,1.819544,1.7647285
mb-08183,train,1.6627579,1.6651285,1.30103,1.3696605
mb-09341,train,1.763428,1.7988201,1.5185139,1.5564302
mb-04706,train,0.60206,0.66088444,0.60206,0.5605341
mb-09144,train,2.1522882,2.0609646,1.9590414,1.8292682
mb-05228,train,1.8512583,1.8134477,1.4771212,1.6131293
mb-05487,train,1.2787536,1.4558841,1.30103,1.3129618
mb-05289,train,1.8512583,1.7966487,1.60206,1.5535297
mb-01955,train,1.8976271,1.8209124,1.5314789,1.5150733
mb-07259,train,2.1238515,2.1378183,1.770852,1.7950794
mb-02710,train,1.5563024,1.7055944,1.0791812,1.2170132
mb-09784,train,2.075547,2.1122022,1.9344984,2.0030682
mb-00636,train,1.9138138,1.8425211,1.7923917,1.7465558
mb-01255,train,1.6989701,1.7033795,1.2552725,1.1687605
mb-00675,train,1.5682018,1.5516055,1.3617278,1.2963712
mb-10758,train,2.3159704,2.2655246,1.8512584,1.8661249
mb-03474,train,2.1903317,2.0963242,1.763428,1.7475013
mb-01557,train,2.220108,2.2094538,1.9344984,1.9479839
mb-08594,train,2.2479732,2.1930938,1.819544,1.8581023
mb-06884,train,1.60206,1.6442072,1.5797836,1.503876
mb-09301,train,2.1367207,2.173119,1.5910646,1.6200683
mb-05035,train,2.4440448,2.4892533,2.1105897,2.1437955
mb-02464,train,2.0086002,1.9513476,1.3222193,1.3381493
mb-00398,train,1.5682018,1.5559645,1.230449,1.2961193
mb-01413,train,2.0934217,2.0282154,1.9912261,1.8656974
mb-10155,train,2.1003706,2.1114535,1.7993406,1.8067915
mb-03645,train,1.8808136,1.7828763,1.5563025,1.5169765
mb-00017,train,1.50515,1.4867233,1.146128,1.2276444
mb-09897,train,2.1003706,2.0422149,1.462398,1.5118777
mb-03372,train,1.7160034,1.6984136,1.30103,1.3377311
mb-06934,train,2.1398792,2.0429192,1.908485,1.8101052
mb-06700,train,2.029384,1.9763991,1.30103,1.2728875
mb-02006,train,1.724276,1.6527601,1.4913617,1.4668567
mb-03079,train,2.2576785,2.1305664,2.0374265,1.965224
mb-04948,train,2.1846914,2.1298327,2.0170333,1.9941797
mb-06134,train,2.3344536,2.2598386,2.0569048,1.9076365
mb-03529,train,1.6434528,1.6139555,1.4313638,1.4538299
mb-06461,train,2.1271048,2.0673618,1.9190781,1.7800282
mb-04412,train,1.9138138,1.8418945,1.7403626,1.6817368
mb-02732,train,2.0791812,2.020899,1.8750613,1.8468707
mb-07386,train,1.1760912,1.2237301,1.0,1.0240778
mb-03457,train,2.363612,2.3169868,2.0569048,1.9607058
mb-09634,train,2.0253057,2.1344924,1.748188,2.0023289
mb-08950,train,1.8512583,1.8776975,1.3802112,1.4555124
mb-07452,train,1.7781513,1.7616081,1.30103,1.3557965
mb-06606,train,1.3424227,1.1894791,1.0413927,0.9769033
mb-05836,train,2.350248,2.3375921,1.90309,1.965312
mb-06291,train,2.149219,2.147359,1.80618,1.7559354
mb-00653,train,2.1139433,2.0470595,1.8388491,1.8145955
mb-00447,train,2.3783977,2.3987045,2.146128,2.1668167
mb-05196,train,1.4313638,1.2456723,1.1139433,1.0001826
mb-03375,train,2.5477746,2.2879832,2.3541083,1.9463965
mb-09616,train,1.6812413,1.6568549,1.30103,1.2974677
mb-03860,train,2.0492182,2.0428505,1.7993406,1.9437091
mb-09257,train,2.0827854,2.0969183,1.819544,1.8234167
mb-03599,train,1.3424227,1.2201252,1.1139433,1.061353
mb-01808,train,1.90309,1.906523,1.5185139,1.4684371
mb-01162,train,2.1818435,2.1642601,1.7242758,1.716726
mb-10476,train,1.1760912,1.270251,1.0,1.108995
mb-01602,train,2.1731863,2.1146476,1.5314789,1.6610782
mb-08816,train,1.690196,1.7276764,0.7781513,0.83627063
mb-01890,train,2.3692157,2.3326757,2.0293837,1.9914322
mb-08730,train,1.2787536,1.3651032,1.0,1.1710073
mb-02087,train,1.39794,1.3125933,1.0,1.0230378
mb-02444,train,2.164353,2.0875206,1.9637878,1.8140246
mb-00019,train,1.0413927,1.0941972,0.69897,0.75059086
mb-04323,train,1.5314789,1.5084746,1.3802112,1.4662383
mb-10744,train,1.690196,1.6055511,1.4771212,1.3647988
mb-10281,train,1.6532125,1.6603967,1.20412,1.3322988
mb-09445,train,1.7323937,1.5121374,1.20412,1.1214348
mb-02485,train,2.2900345,2.2609413,1.9542425,1.9131075
mb-07983,train,2.2900345,2.2112198,1.9344984,1.815518
mb-05526,train,1.4913617,1.4697652,1.3617278,1.3378819
mb-01172,train,1.6232493,1.4229977,1.30103,1.2000628
mb-00540,train,1.230449,1.1862936,0.9542425,0.9585744
mb-05983,train,2.303196,2.2622867,1.9867717,1.9294527
mb-08372,train,1.9912261,2.096579,1.845098,1.8851529
mb-08272,train,2.4065402,2.3786206,2.2013972,2.1301284
mb-05769,train,2.025306,2.075146,1.6334685,1.7200037
mb-09694,train,1.4149734,1.405989,1.2552725,1.3492038
mb-01987,train,2.1238515,2.047884,1.8129133,1.7797406
mb-00958,train,1.9912262,1.9633412,1.7993406,1.7865863
mb-07195,train,1.724276,1.7749536,1.2787536,1.3028367
mb-10528,train,1.3222193,1.2773719,1.1139433,1.0692796
mb-09609,train,1.3617278,1.5268763,1.2552725,1.2585449
mb-04500,train,1.8325089,1.758594,1.5314789,1.4830326
mb-10619,train,0.90309,0.93882674,0.60206,0.6279407
mb-05527,train,1.5051501,1.5251727,1.2787536,1.361512
mb-00370,train,1.7403626,1.6292146,1.3802112,1.3391416
mb-02957,train,1.9242792,1.7818264,1.8388491,1.654614
mb-02240,train,1.8388491,1.8686062,1.4913617,1.5343128
mb-05837,train,1.7708521,1.7427316,1.5440681,1.4889036
mb-08610,train,1.8633229,1.9153329,1.770852,1.7768588
mb-08898,train,1.6020601,1.6439084,1.0,1.1111059
mb-07558,train,1.7323937,1.7300956,1.3617278,1.3794174
mb-01247,train,1.9294189,1.9111922,1.69897,1.7838546
mb-00715,train,2.1583626,2.1490934,2.0086002,2.051647
mb-07204,train,2.2624512,2.2969003,1.8808136,1.9462657
mb-05217,train,2.2227166,2.246346,1.8750613,1.8788948
mb-07998,train,2.2833014,2.2122078,1.7323937,1.645304
mb-02550,train,2.1238515,2.144597,2.139879,2.0476334
mb-05940,train,2.0334237,2.0097947,2.0170333,1.9894903
mb-04284,train,2.2479732,2.0710206,2.089905,1.8916073
mb-09401,train,1.6334685,1.6248591,1.230449,1.2754638
mb-09833,train,1.9084849,1.9486833,1.4771212,1.5451999
mb-03617,train,2.252853,2.156822,2.0293837,1.962652
mb-02910,train,2.029384,2.0067983,1.4913617,1.4644692
mb-00738,train,2.0211892,1.9635159,1.7403626,1.6806173
mb-06557,train,1.8260748,1.8226188,1.20412,1.2645965
mb-09021,train,1.39794,1.2818236,1.20412,1.113807
mb-01642,train,1.8808136,1.85063,1.5314789,1.5889013
mb-05067,train,1.2552724,1.1726695,1.0791812,1.026905
mb-03251,train,1.8920946,1.8858131,1.462398,1.4631913
mb-05665,train,1.8325088,1.7867787,1.3222193,1.3021299
mb-03309,train,2.3944516,2.373825,2.1271048,2.0179315
mb-03275,train,2.4593923,2.4699059,2.1583624,2.1711516
mb-02960,train,1.8808136,1.8434467,1.6720978,1.6019965
mb-08696,train,2.0253057,2.0261636,1.8388491,1.9309564
mb-07698,train,2.2671716,2.3104205,2.0334237,2.0479488
mb-00549,train,2.2355285,2.215278,1.8573325,1.8243018
mb-02276,train,1.8260748,1.7418232,1.462398,1.438357
mb-01760,train,1.7242758,1.6597357,1.3802112,1.3800405
mb-10874,train,1.7708521,1.6324781,1.4313638,1.3654253
mb-08360,train,1.8450981,1.7563878,1.462398,1.5289222
mb-06814,train,1.531479,1.4857212,1.30103,1.2645665
mb-09661,train,1.8325089,1.6722544,1.5314789,1.3183868
mb-05032,train,2.1105897,2.009092,1.9242793,1.839457
mb-07034,train,1.5440681,1.5044475,1.3424227,1.2562033
mb-04194,train,1.5797837,1.6166779,1.20412,1.2792782
mb-08180,train,1.7781513,1.9513679,1.5314789,1.5874206
mb-09120,train,2.3521824,2.166406,2.0569048,1.8378551
mb-07367,train,1.5682018,1.5368681,1.20412,1.2937703
mb-01371,train,2.1760912,2.2028654,1.6232493,1.7320188
mb-07072,train,1.7403628,1.7249548,1.4913617,1.4978219
mb-02534,train,2.2253094,2.1000507,1.9138138,1.8115292
mb-02901,train,2.045323,1.9994087,1.7242758,1.7064378
mb-09123,train,1.3802112,1.4285963,1.146128,1.2346222
mb-06995,train,1.8864908,1.9103215,1.5682018,1.4999247
mb-00380,train,1.7160034,1.7270217,1.5563025,1.5517142
mb-07306,train,1.230449,1.2733805,1.0413927,1.0939404
mb-06974,train,1.8573325,1.8790736,1.69897,1.7856884
mb-10730,train,1.4471581,1.5900357,0.9542425,1.1173842
mb-03269,train,1.8573325,1.8676538,1.60206,1.7693133
mb-01606,train,2.220108,2.1822848,1.845098,1.8423338
mb-06973,train,1.0791812,0.9181521,0.90309,0.7520814
mb-09198,train,1.9822713,1.9926474,1.6812413,1.7287606
mb-02288,train,2.155336,2.108419,2.0681858,1.9878383
mb-01583,train,1.6627579,1.6779068,1.30103,1.3600465
mb-05097,train,2.4471579,2.478043,2.3747482,2.4223456
mb-00681,train,1.7323937,1.6438215,1.447158,1.4341404
mb-03758,train,1.3424227,1.4192816,1.230449,1.3166411
mb-09012,train,2.4899585,2.357595,2.1673174,2.122948
mb-03329,train,2.510545,2.3293228,2.3324385,2.149107
mb-05817,train,1.8808136,1.8553045,1.6627579,1.6478183
mb-07948,train,2.4727566,2.2894857,2.206826,1.9413317
mb-04550,train,2.2430382,2.1388154,1.94939,1.8080816
mb-10452,train,2.1875207,2.1822965,2.089905,2.06203
mb-09845,train,1.7160033,1.5063373,1.3802112,1.1890923
mb-08729,train,1.5797837,1.5647678,1.30103,1.3148897
mb-10260,train,2.209515,2.1884847,1.7993406,1.8364533
mb-00505,train,2.0211892,2.112599,1.60206,1.8301666
mb-02724,train,2.432969,2.394103,2.139879,2.1450706
mb-03402,train,1.4313638,1.2185354,1.20412,0.9907913
mb-00443,train,1.3802112,1.3863368,1.0,1.0876172
mb-04850,train,2.1105897,2.0239873,1.8325089,1.7790935
mb-03765,train,1.9912261,1.8955232,1.8512584,1.8079144
mb-01192,train,2.243038,2.2063806,2.045323,1.9593629
mb-04229,train,2.20412,2.2426405,1.8920946,1.8819773
mb-04591,train,1.0413927,1.0957531,0.7781513,0.7521349
mb-00985,train,1.9444827,1.8795131,1.2787536,1.236245
mb-08375,train,1.4771214,1.6425624,0.9542425,1.1134712
mb-01721,train,2.071882,1.9919877,1.7853298,1.8443449
mb-07760,train,2.269513,2.2274163,2.0043213,1.9594935
mb-03159,train,1.9822712,2.0004327,1.6532125,1.6629231
mb-09174,train,1.7075702,1.7144017,1.146128,1.1535366
mb-08328,train,1.3802112,1.3649018,1.1139433,1.1296897
mb-00270,train,1.7323937,1.6814497,1.39794,1.3752753
mb-05620,train,1.146128,1.1551217,0.90309,0.85995543
mb-04724,train,1.8864908,1.8077115,1.7993406,1.7343966
mb-03857,train,1.3424227,1.2436159,1.0,1.0070616
mb-08158,train,1.7075701,1.6299059,1.5314789,1.4363596
mb-00908,train,2.0827854,2.1247637,1.6532125,1.7121849
mb-02037,train,1.8692317,1.8445101,1.748188,1.6870258
mb-05659,train,1.544068,1.6260347,1.3222193,1.4196057
mb-02594,train,1.6232493,1.5659231,1.20412,1.1446311
mb-00372,train,1.7242758,1.744672,1.4771212,1.5522025
mb-09781,train,2.1583626,2.1099439,1.5440681,1.7124591
mb-10834,train,2.0211892,1.9032588,1.60206,1.4885527
mb-06627,train,1.6532125,1.604552,1.20412,1.3053904
mb-07841,train,2.146128,2.126468,1.7853298,1.7735748
mb-06338,train,2.3242824,2.326256,1.9294189,1.9554768
mb-02173,train,1.6434528,1.5731245,1.462398,1.3707069
mb-07477,train,1.8260747,1.8634216,1.5910646,1.5866816
mb-04439,train,1.8325089,1.8010356,1.6532125,1.6148847
mb-01681,train,1.7403628,1.7073418,1.39794,1.384089
mb-01477,train,1.9190781,1.9499698,1.3424227,1.6997929
mb-02089,train,2.2718415,2.2522843,1.9822712,2.003963
mb-09428,train,2.0569048,2.0039787,1.60206,1.7020888
mb-02123,train,2.20412,2.1770103,1.8976271,1.9809802
mb-08327,train,2.569374,2.5066354,2.3138673,2.2779284
mb-06425,train,1.6020601,1.6466124,0.30103,0.39904022
mb-10298,train,1.9242792,1.9598696,0.845098,1.0297865
mb-01770,train,1.748188,1.8227243,1.3617278,1.5417688
mb-02614,train,1.9190781,1.8799216,1.6434526,1.7067953
mb-10927,train,1.60206,1.666815,1.3617278,1.4340497
mb-07284,train,2.2278867,2.1746483,1.5682018,1.6563648
mb-10911,train,1.7853298,1.7870498,1.2787536,1.3369277
mb-00261,train,2.0170333,1.6633369,0.9542425,0.9919755
mb-08295,train,1.9777236,1.9260032,1.6334685,1.5698208
mb-07861,train,1.0,0.9857594,0.47712126,0.55166185
mb-00858,train,1.9777236,1.9250785,1.7403626,1.7380044
mb-04620,train,2.045323,2.1236198,1.5563025,1.6243857
mb-01190,train,2.2718415,2.1260254,2.0293837,1.9053006
mb-08398,train,1.2552725,1.2553242,1.0413927,1.1066347
mb-07109,train,1.90309,1.6595759,1.3222193,1.2433355
mb-04765,train,1.9294188,1.8789247,1.6720978,1.7241806
mb-03877,train,1.7781513,1.7868106,1.3617278,1.4472895
mb-04988,train,2.1702619,2.1136806,1.6812413,1.7662332
mb-02968,train,2.2253094,2.205754,1.6532125,1.7173166
mb-04093,train,2.1583624,2.093408,1.5910646,1.4420724
mb-05803,train,2.3483047,2.2571867,2.0863597,1.9890864
mb-02803,train,1.4313638,1.426621,1.1760913,1.2686386
mb-07309,train,1.8692317,1.7840466,1.6720978,1.5636227
mb-00452,train,2.2148438,2.2030358,1.9637878,1.9513665
mb-06455,train,1.7403628,1.6702015,1.3424227,1.2572328
mb-07338,train,0.90309,0.9451703,0.60206,0.63073766
mb-04127,train,2.307496,2.251292,1.9956352,1.9690754
mb-01206,train,0.60206,0.65045,0.47712126,0.48324275
mb-02945,train,1.7558749,1.6590337,1.447158,1.4151433
mb-00029,train,1.763428,1.7693782,1.4149734,1.3433816
mb-02487,train,1.2552725,1.2642078,0.90309,0.8757152
mb-10223,train,2.2718415,2.2752612,1.8920946,1.9944271
mb-10504,train,2.075547,2.0719156,1.770852,1.780792
mb-10518,train,2.0170333,2.17037,1.3424227,1.4726546
mb-07107,train,2.045323,2.0462525,1.447158,1.5007138
mb-07359,train,1.9294189,1.8714626,1.748188,1.7361847
mb-08682,train,2.1583624,2.1366162,1.8573325,1.7583233
mb-07701,train,1.9956353,1.9105769,1.80618,1.7665198
mb-01253,train,1.8692317,1.8045557,1.2787536,1.2831749
mb-00222,train,2.2810335,2.2565231,1.9395193,1.8921641
mb-08928,train,1.6020601,1.6316136,1.20412,1.3018456
mb-05065,train,2.09691,2.0399988,1.6812413,1.6460267
mb-10255,train,1.146128,1.1020424,0.69897,0.7245276
mb-10903,train,1.8920946,1.9271588,1.4913617,1.5262451
mb-06691,train,2.10721,2.0862079,1.50515,1.6328639
mb-10667,train,2.198657,2.2280698,1.80618,1.809739
mb-09372,train,2.0934217,2.1349576,1.6532125,1.7839223
mb-07533,train,1.819544,1.7860328,1.5682018,1.4748063
mb-00194,train,1.8692317,1.8370991,1.4771212,1.4460001
mb-09185,train,1.7853298,2.0066652,1.2552725,1.4628267
mb-05743,train,1.863323,1.7863994,1.4313638,1.4240196
mb-09369,train,2.3096302,2.2490015,1.9822712,1.9098248
mb-04478,train,0.7781513,0.66533,0.47712126,0.39551497
mb-10124,train,2.3283796,2.2701495,1.9395193,1.9361938
mb-06909,train,1.763428,1.7266173,1.4913617,1.5397491
mb-09210,train,1.9912261,2.0803268,1.6627579,1.710284
mb-02913,train,1.9867717,1.8841232,1.60206,1.6128434
mb-01156,train,1.9294189,1.8302295,1.6434526,1.5606345
mb-00969,train,1.4913616,1.4801518,1.3222193,1.338544
mb-06998,train,2.20412,2.0739086,1.908485,1.8175448
mb-06605,train,2.1931245,2.1993926,1.7781513,1.7928647
mb-03383,train,1.6020601,1.5539958,1.4149734,1.3914021
mb-07596,train,1.2787536,1.2648652,0.7781513,0.76993525
mb-04272,train,1.5440681,1.5803692,1.2787536,1.2798146
mb-07505,train,1.30103,1.2785892,1.3802112,1.284951
mb-09402,train,2.2833014,2.18404,1.8512584,1.8882403
mb-00993,train,2.025306,1.9006706,1.20412,1.1268535
mb-00122,train,1.908485,2.2036018,1.908485,1.8671198
mb-04122,train,1.6720979,1.5984119,1.2552725,1.200478
mb-05386,train,1.4313638,1.474961,1.20412,1.3138616
mb-01508,train,2.10721,2.0375283,1.7075702,1.670631
mb-04041,train,1.4913617,1.5461632,1.1760913,1.229874
mb-02537,train,2.20412,2.1110046,1.8808136,1.7972776
mb-06726,train,1.3979399,1.2218456,1.0791812,1.0161201
mb-09158,train,1.770852,1.7736069,1.770852,1.571054
mb-00584,train,2.4698222,2.306756,2.0086002,1.9759481
mb-02230,train,1.0,0.9073102,0.69897,0.73623294
mb-02577,train,1.9242792,2.0247824,1.7160033,1.801165
mb-06968,train,1.8920946,1.8239684,1.447158,1.4975246
mb-00216,train,2.3747482,2.335377,2.0293837,1.9837505
mb-07741,train,2.1760912,2.1343,1.8573325,1.8509476
mb-08909,train,1.2787536,1.3548506,1.0413927,1.1785563
mb-05956,train,2.378398,2.4305315,1.9542425,2.0659642
mb-04733,train,1.819544,1.7902119,1.5185139,1.5684038
mb-01876,train,1.5185139,1.6031399,1.146128,1.2679754
mb-08191,train,2.2380462,2.1867087,1.908485,1.9107924
mb-02706,train,2.2671719,2.2005384,2.0,1.9727547
mb-05121,train,1.7558749,1.7175443,1.2787536,1.2632341
mb-05648,train,1.8750613,1.9448991,1.30103,1.3264894
mb-03547,train,1.8864907,1.8887076,1.5797836,1.5059012
mb-07844,train,1.3222193,1.2332652,1.0791812,1.0705788
mb-00595,train,2.0413928,2.0391386,1.8633229,1.8474374
mb-03246,train,2.214844,2.16779,1.9242793,1.8901186
mb-06715,train,2.1553361,2.121506,1.9444827,1.9022145
mb-08759,train,2.1105897,2.184464,1.9294189,2.0189948
mb-09254,train,2.307496,2.3431718,1.9590414,2.0396104
mb-01775,train,1.7075702,1.6986349,1.39794,1.4182957
mb-08323,train,0.9542425,0.97483665,0.60206,0.66290015
mb-00188,train,1.5682018,1.624213,1.2787536,1.3055267
mb-05707,train,2.3541083,2.1185064,1.80618,1.6743493
mb-03846,train,2.0606978,2.005982,1.6127839,1.5761029
mb-02057,train,1.5440681,1.3362019,0.9542425,0.8169069
mb-01513,train,2.3765771,2.1715674,2.1367207,1.8970801
mb-09385,train,2.434569,2.4229374,2.1731863,2.125914
mb-01364,train,1.8260748,1.7940912,1.4771212,1.4608335
mb-08463,train,1.6334685,1.7026782,1.20412,1.1699251
mb-01821,train,1.9590414,1.9863694,1.8129133,1.7996726
mb-05594,train,2.2966652,2.4176345,1.9777236,2.083852
mb-04101,train,2.2552726,2.1614323,2.1003706,1.9555496
mb-09518,train,1.4313638,1.3657868,1.1760913,1.2229891
mb-03064,train,2.09691,2.150875,1.69897,1.7402518
mb-02451,train,2.0170333,1.9598585,1.845098,1.7803904
mb-05780,train,1.7075702,1.6858865,1.230449,1.2929355
mb-00524,train,2.10721,1.9795038,1.8573325,1.7971476
mb-07116,train,0.95424247,0.81256294,0.30103,0.50815344
mb-00179,train,1.462398,1.3476123,1.2552725,1.1783483
mb-02304,train,1.0,1.119762,0.47712126,0.6072408
mb-06221,train,1.1760913,1.2152331,0.90309,0.9316446
mb-00605,train,2.143015,2.099715,1.8864907,1.7224383
mb-04782,train,0.845098,0.75277543,0.47712126,0.46276653
mb-00168,train,1.531479,1.4955716,1.30103,1.2823532
mb-03344,train,1.6434526,1.5928497,1.230449,1.2520359
mb-10301,train,1.4771212,1.5406466,1.3802112,1.3908155
mb-01621,train,1.748188,1.6755552,1.2552725,1.26692
mb-01033,train,1.6627579,1.628479,1.3802112,1.3337908
mb-02919,train,2.1461282,2.0962486,1.6532125,1.7379785
mb-00109,train,1.0,0.9755206,0.7781513,0.7613929
mb-08373,train,1.6720979,1.7248176,1.30103,1.404303
mb-02715,train,1.531479,1.6849258,1.20412,1.3918144
mb-05358,train,1.6627579,1.6455374,1.2787536,1.3191344
mb-10122,train,1.8808136,1.682233,1.447158,1.3762172
mb-03362,train,2.164353,2.2269866,1.7993406,1.8210188
mb-06942,train,2.1303337,2.113668,1.763428,1.7828032
mb-01595,train,2.2787535,2.2273717,2.0253057,2.0336149
mb-00230,train,2.0606978,2.0598497,1.763428,1.7925361
mb-08891,train,2.0128374,1.652389,1.6334685,1.3912578
mb-01299,train,2.1038036,2.0928428,1.9822712,1.9878685
mb-09771,train,1.6720979,1.7574223,1.3424227,1.4626946
mb-00010,train,1.8864907,1.9379979,1.770852,1.843054
mb-00511,train,2.198657,2.1663468,1.7075702,1.7151337
mb-09159,train,1.8512584,2.0034704,1.4313638,1.7133914
mb-01996,train,1.9912261,1.9169978,1.9242793,1.8055403
mb-03123,train,2.4871383,2.3320265,2.2600713,2.102655
mb-09542,train,1.968483,1.9794102,1.462398,1.4305102
mb-01295,train,1.39794,1.1914111,1.2552725,1.0398128
mb-02627,train,1.7781513,1.7348866,1.4313638,1.46516
mb-00705,train,2.5250447,2.4992416,2.3180633,2.2693655
mb-05795,train,1.9912261,1.9914166,1.5797836,1.5938866
mb-09951,train,1.9395192,2.0474877,1.4771212,1.6048526
mb-07082,train,1.39794,1.4987526,1.146128,1.2227616
mb-03956,train,1.7558749,1.7249092,1.5185139,1.4694749
mb-08490,train,1.748188,1.7592988,1.230449,1.3433357
mb-05737,train,1.763428,1.9484857,1.0413927,1.1052606
mb-06498,train,1.9867718,1.9953998,1.4913617,1.5201541
mb-00480,train,2.2013972,2.1132655,1.8573325,1.7858759
mb-05133,train,1.3424227,1.414061,1.2787536,1.2394633
mb-01074,train,1.8129133,1.9217114,1.7160033,1.6946396
mb-01543,train,2.3180633,2.3203409,2.0334237,2.098208
mb-08572,train,1.819544,1.816684,1.5440681,1.6331149
mb-10801,train,1.230449,1.2801015,0.9542425,1.0372279
mb-01656,train,1.0791812,1.0441934,0.69897,0.76487035
mb-07032,train,1.9637878,1.9583642,1.5797836,1.6051043
mb-05076,train,1.20412,1.0440738,0.60206,0.56408304
mb-01083,train,2.1818435,2.0905695,2.064458,1.9081795
mb-03947,train,2.3996737,2.2688274,1.819544,1.7919974
mb-07342,train,1.6532124,1.6094084,1.3222193,1.320568
mb-03290,train,1.770852,1.6840692,1.5910646,1.3718672
mb-03535,train,1.7781513,1.7049813,1.5797836,1.5189334
mb-00289,train,1.9084849,1.7644422,1.5910646,1.507006
mb-03482,train,2.1398792,2.1141596,1.5440681,1.5192014
mb-01789,train,2.1931245,2.153605,1.9138138,1.8683168
mb-04303,train,1.748188,1.7340429,1.2552725,1.2892597
mb-10423,train,1.770852,1.7529185,1.7323937,1.7073498
mb-07091,train,2.1583624,2.205195,1.7923917,1.8797537
mb-03563,train,1.6532125,1.569392,1.5185139,1.4865248
mb-03833,train,1.3617278,1.3005648,1.3617278,1.3523557
mb-02963,train,2.283301,2.2382314,1.770852,1.7925284
mb-04691,train,2.1702619,2.2341871,1.8512584,2.0697794
mb-00694,train,1.3222194,1.1597786,0.9542425,0.963622
mb-07624,train,2.0,1.9723507,1.748188,1.6688724
mb-05306,train,2.365488,2.293468,2.1673174,2.0160656
mb-08260,train,1.6627579,1.6759269,1.30103,1.373929
mb-07372,train,1.5440681,1.5569031,1.230449,1.3184311
mb-10054,train,1.6127839,1.7462511,1.30103,1.4953669
mb-07588,train,2.447158,2.3863695,2.1958997,2.0972762
mb-04774,train,2.1003706,2.0698214,1.6127839,1.5871638
mb-07497,train,1.80618,1.7096913,1.6434526,1.6182861
mb-03842,train,2.2380462,2.2533064,1.8573325,1.8539016
mb-02486,train,2.1702616,2.184328,1.8573325,1.8325365
mb-04663,train,2.029384,1.9587903,1.6334685,1.6732783
mb-02484,train,1.80618,1.7924023,1.3802112,1.5244701
mb-04214,train,1.8808136,1.8263196,1.7242758,1.6501524
mb-06692,train,1.3424227,1.2864575,1.1139433,1.1042215
mb-04866,train,1.9344985,1.577187,1.5440681,1.3294435
mb-04975,train,1.6720979,1.6585649,1.3424227,1.4301589
mb-02544,train,1.9731278,1.9714463,1.5682018,1.5763464
mb-05384,train,1.8388491,1.7473117,1.5910646,1.4993712
mb-00904,train,2.1731863,2.111033,1.9242793,1.8175707
mb-06070,train,1.8920946,1.9421663,1.4313638,1.4739034
mb-02981,train,2.0899053,2.0074246,1.6812413,1.7824005
mb-04567,train,2.2900348,2.2418654,1.908485,1.884593
mb-00809,train,2.0569048,1.9853303,1.8512584,1.7752938
mb-09623,train,2.1702616,2.1760006,1.60206,1.6693817
mb-09835,train,2.1702619,2.1694837,1.20412,1.3644375
mb-06076,train,1.8260748,1.824204,1.4149734,1.4284852
mb-10427,train,2.25042,2.2071028,1.7853298,1.771354
mb-09982,train,1.90309,2.0347629,1.6812413,1.8366708
mb-09816,train,1.4913617,1.440336,1.39794,1.3757383
mb-07740,train,2.1673174,2.0929132,1.690196,1.6198514
mb-08524,train,1.4149734,1.459355,1.230449,1.3069818
mb-00479,train,2.120574,2.0301378,1.7075702,1.7538427
mb-01379,train,1.7403626,1.7805389,1.0,1.0798578
mb-02256,train,1.0791813,1.2873869,0.7781513,0.91688496
mb-02161,train,1.6532125,1.5407743,1.2552725,1.1727171
mb-03526,train,2.1702619,2.214036,1.9242793,1.9759665
mb-05406,train,2.0043213,2.0073607,1.7242758,1.6600343
mb-04196,train,2.1038036,2.1254313,1.7853298,1.839031
mb-07550,train,2.0530784,2.0008337,1.8129133,1.8311012
mb-10852,train,1.4313638,1.58231,1.3424227,1.4329017
mb-08725,train,1.5051501,0.9944282,1.30103,0.8931825
mb-04123,train,2.4065404,2.4883056,2.143015,2.2692857
mb-03413,train,2.4248815,2.5345285,2.1818435,2.291777
mb-10945,train,1.0791813,1.0930153,0.7781513,0.8426815
mb-07157,train,1.5797836,1.5388424,1.3222193,1.2861279
mb-10105,train,1.8388491,1.8044937,1.30103,1.3370043
mb-06219,train,1.7242758,1.6754698,1.2552725,1.2504644
mb-01104,train,1.0791812,1.0505364,0.845098,0.8329812
mb-04231,train,2.075547,2.0275726,1.770852,1.6664629
mb-09709,train,2.25042,2.2038298,1.4771212,1.4837029
mb-03103,train,2.071882,1.9443164,1.8129133,1.7415832
mb-07512,train,2.2878017,2.3087444,2.1139433,2.0931425
mb-07235,train,2.0128372,2.0024266,1.8260748,1.7874441
mb-04865,train,2.0606978,1.9592491,1.8388491,1.7109989
mb-04099,train,2.1846914,2.1572921,1.8692317,1.7886099
mb-07726,train,1.7634281,1.6419637,1.462398,1.3881266
mb-05961,train,1.7160033,1.6636733,1.3802112,1.3519378
mb-05749,train,2.3521824,2.304783,2.0863597,1.9468428
mb-08764,train,1.0413927,1.145182,0.9542425,1.0701056
mb-04131,train,2.1139433,2.0567436,1.5910646,1.6158577
mb-07536,train,2.1271048,2.1701088,1.9590414,2.0698636
mb-03410,train,1.4771214,1.6523412,1.2787536,1.4456685
mb-01535,train,2.2764618,2.1820426,2.0170333,1.9543619
mb-09330,train,1.7923918,1.6801906,1.1760913,1.1691167
mb-06400,train,2.303196,2.254733,1.9731278,1.8749329
mb-06247,train,2.3344536,2.309767,2.0211892,1.9478148
mb-01596,train,1.9242793,1.7802986,1.80618,1.6364392
mb-05492,train,1.9395193,1.8590993,1.6127839,1.6513187
mb-00550,train,1.6434526,1.4807816,1.2552725,1.1919029
mb-04546,train,2.1139433,2.1120808,1.9590414,1.8690021
mb-00713,train,2.2900345,2.219124,1.8692317,1.8349859
mb-03121,train,1.929419,2.0011353,1.4149734,1.4944323
mb-01405,train,1.8573325,1.9047767,1.6532125,1.717707
mb-06508,train,1.69897,1.6224475,1.5314789,1.4635141
mb-07612,train,2.4183013,2.4679637,2.1367207,2.104531
mb-10644,train,1.5440681,1.4025769,1.0413927,1.0008878
mb-07601,train,1.2552725,0.65537167,1.30103,0.8694123
mb-06517,train,2.071882,2.050339,1.7160033,1.7625972
mb-00170,train,1.5563025,1.6085107,1.4149734,1.4194223
mb-00843,train,1.3222193,1.4499471,1.0,1.113716
mb-02795,train,2.1172712,2.060083,1.7923917,1.787387
mb-05333,train,2.0170333,1.9955491,1.5910646,1.5920786
mb-00471,train,1.5797837,1.7158593,1.39794,1.4083327
mb-02729,train,0.30103,0.33320364,0.0,0.078415036
mb-10948,train,1.7708521,1.6641355,1.4149734,1.3593112
mb-05674,train,1.7558749,1.7232101,1.2787536,1.3155926
mb-05684,train,1.5910647,1.4890769,1.462398,1.4208374
mb-09068,train,1.9344984,1.8952459,1.5185139,1.443649
mb-01082,train,2.1105897,2.1418438,1.7853298,1.8529633
mb-04334,train,1.5910647,1.4712311,1.462398,1.3712244
mb-03805,train,1.6127839,1.4653816,1.3424227,1.2480915
mb-10473,train,2.2878017,2.2562046,1.9444827,2.0076606
mb-04475,train,1.9637878,1.9733667,1.7558749,1.8034867
mb-05272,train,2.0043213,2.0893664,1.50515,1.5737813
mb-01174,train,1.8633229,1.7528538,1.6812413,1.5715914
mb-05802,train,2.1172712,2.0779362,1.7242758,1.7519171
mb-08840,train,2.0043213,1.9052458,1.5797836,1.4985088
mb-03801,train,2.0606978,2.0433013,1.7075702,1.6930736
mb-00214,train,1.6127838,1.6494455,1.3222193,1.369005
mb-02549,train,2.1760912,2.147159,1.7075702,1.8098378
mb-04429,train,1.8129134,1.7828522,1.462398,1.4599928
mb-03260,train,2.326336,2.2630408,1.9590414,1.8999579
mb-01536,train,1.9867718,1.9812318,1.7075702,1.6811736
mb-04246,train,1.9777236,1.9691849,1.2787536,1.2542958
mb-05935,train,2.434569,2.4142942,2.1553361,2.082536
mb-05938,train,2.2787535,2.236156,1.9294189,1.8192745
mb-06131,train,1.6127839,1.6133361,1.4149734,1.4038582
mb-07163,train,1.2787536,1.30393,1.0,1.0168259
mb-06848,train,2.2576785,2.2054324,1.9542425,1.9799496
mb-06119,train,2.3096302,2.2813568,1.9731278,1.938899
mb-02115,train,2.0413928,1.9613084,1.7781513,1.7163651
mb-09611,train,2.1818435,2.1972349,1.8325089,1.9034607
mb-02020,train,2.1430147,2.1513171,1.7242758,1.8250641
mb-07100,train,1.7075703,1.7311282,1.1760913,1.2988513
mb-05555,train,2.429752,2.308499,2.0334237,1.92678
mb-04216,train,1.7403626,1.7565285,1.6232493,1.5634401
mb-00842,train,0.90309,0.95088375,0.60206,0.6806057
mb-04224,train,1.8512583,1.9973295,1.5797836,1.7065667
mb-06977,train,1.7242758,1.5986753,1.5314789,1.428469
mb-05908,train,2.1172712,2.0301042,1.6434526,1.5874228
mb-06618,train,2.1271048,2.049253,1.763428,1.7526656
mb-02941,train,2.075547,2.1263247,1.7242758,1.7697749
mb-04350,train,1.748188,1.698801,1.230449,1.2426467
mb-04310,train,1.8633229,1.8841485,1.60206,1.5666305
mb-00149,train,2.2576785,2.2151165,1.9637878,1.9087112
mb-03277,train,2.303196,2.2740417,1.9444827,1.9258091
mb-04874,train,1.3802114,1.1901727,0.7781513,0.7837126
mb-10520,train,1.39794,1.5858145,1.20412,1.4363042
mb-00592,train,1.361728,1.2543819,1.1760913,1.1169037
mb-08675,train,2.1139433,2.1341505,1.763428,1.794081
mb-01624,train,1.7160034,1.8751378,1.230449,1.4465787
mb-10438,train,2.3944516,2.2603803,2.0606978,1.8225303
mb-06568,train,2.2878017,2.2952855,2.0086002,2.0076008
mb-03964,train,1.9242793,1.9057151,1.6812413,1.7316817
mb-00509,train,2.139879,2.0735977,1.8692317,1.7956362
mb-07773,train,2.3344538,2.2556386,2.0086002,1.8953978
mb-07103,train,1.9138138,1.835055,1.3617278,1.3559347
mb-05273,train,2.2479732,2.1138766,1.819544,1.7676312
mb-06765,train,1.6720979,1.6607692,1.6627579,1.6830397
mb-00333,train,1.5682018,1.5410211,1.0,1.1998607
mb-10921,train,1.3979399,1.2040951,1.0791812,0.93647885
mb-10444,train,2.2380462,2.2487748,1.60206,1.7506022
mb-00755,train,2.025306,2.0437927,1.7075702,1.7256619
mb-10551,train,2.0413928,1.8731887,1.819544,1.7262659
mb-07542,train,2.0086002,1.9983124,1.7993406,1.7937216
mb-00839,train,2.2552724,2.169116,2.1271048,2.077092
mb-07871,train,1.3424227,1.154135,1.230449,1.0192823
mb-00515,train,1.9867718,1.968337,1.30103,1.201508
mb-06188,train,1.748188,1.7075888,1.50515,1.4542783
mb-09142,train,2.064458,1.9328107,1.8573325,1.7721437
mb-02471,train,1.8388491,1.8518945,1.7323937,1.8068514
mb-01963,train,1.3222193,1.5050297,1.3222193,1.2042446
mb-06264,train,2.30103,2.1772268,2.1931245,2.0856423
mb-04113,train,2.209515,2.1484914,1.8573325,1.7795832
mb-00111,train,1.8750613,1.8991513,1.462398,1.4998827
mb-01769,train,1.7993406,1.6805241,1.6334685,1.5245136
mb-10664,train,1.20412,1.1224313,0.7781513,0.7279066
mb-03350,train,2.0170333,2.0143466,1.819544,1.80996
mb-05818,train,1.6812413,1.6224025,1.4771212,1.450835
mb-05454,train,1.8573325,1.7632688,1.50515,1.3940494
mb-02506,train,2.08636,2.0096436,1.9395193,1.9115824
mb-02310,train,1.39794,1.5350376,1.30103,1.4663876
mb-04453,train,1.7853298,1.6766591,1.5797836,1.5012594
mb-04185,train,1.6127839,1.5160562,1.146128,1.1458335
mb-09240,train,1.5910646,1.5892253,1.0791812,1.1676418
mb-03501,train,1.763428,1.7635617,1.3802112,1.36905
mb-09700,train,2.1072102,2.1949208,1.7993406,1.926454
mb-03994,train,2.2227163,2.216408,2.1818435,2.1207888
mb-07702,train,2.3579347,2.3310974,2.0128372,1.9761224
mb-00801,train,1.6812412,1.5906409,1.3222193,1.3376442
mb-05859,train,2.1105897,2.167126,1.6232493,1.7158725
mb-02985,train,2.361728,2.2424984,2.1105897,2.0075905
mb-07913,train,2.049218,2.0987701,1.819544,1.8302829
mb-04498,train,2.09691,2.108261,1.9344984,1.9490508
mb-08973,train,2.1522884,2.1436908,1.9637878,1.9263023
mb-08181,train,1.690196,1.6977224,1.3802112,1.435865
mb-07562,train,2.155336,2.116823,1.447158,1.3954619
mb-06510,train,1.7781513,1.7689259,1.2787536,1.3155233
mb-10090,train,2.045323,2.02053,1.447158,1.5374382
mb-07589,train,2.3541083,2.1600986,2.0043213,1.8757621
mb-03780,train,1.819544,1.8336841,1.6627579,1.632136
mb-07931,train,1.8573325,1.7721637,1.146128,1.1770749
mb-10032,train,2.0530784,2.0552757,1.8808136,1.8337381
mb-08084,train,1.544068,1.421466,1.3222193,1.2560368
mb-02449,train,2.3242824,2.2641127,1.8808136,1.8585914
mb-04287,train,2.209515,2.1789036,1.770852,1.7769203
mb-10214,train,2.0681858,2.082738,1.4771212,1.4993062
mb-03543,train,2.1613681,2.086501,1.968483,1.8929167
mb-08823,train,1.6127838,1.5771195,1.0791812,1.0829605
mb-08176,train,1.690196,1.7454886,1.2552725,1.3276422
mb-05740,train,1.5185139,1.5291356,1.2552725,1.2759941
mb-00472,train,0.9542425,0.9114891,0.60206,0.62693435
mb-09047,train,1.3802112,1.6391028,1.1139433,1.4039136
mb-05363,train,2.045323,2.0233903,2.071882,1.988292
mb-07567,train,1.7923917,1.8772256,1.5185139,1.5501128
mb-08012,train,1.819544,1.7776129,1.462398,1.3764029
mb-05171,train,1.3222193,1.2191311,1.0,1.0558804
mb-00307,train,2.3096302,2.3472326,1.9956352,2.1006527
mb-10420,train,1.9590414,2.0493445,1.748188,1.8464518
mb-08142,train,2.25042,2.2218175,1.5185139,1.6261883
mb-03782,train,2.0569048,2.1095831,1.9138138,1.8691758
mb-00627,train,1.0413927,0.95310426,0.60206,0.6291291
mb-08153,train,1.7923918,1.7478262,1.4149734,1.4513317
mb-06220,train,2.10721,2.0844426,1.763428,1.7715884
mb-06983,train,1.9637878,1.9520373,1.80618,1.8020188
mb-10809,train,1.9344985,1.8839649,1.4149734,1.4821714
mb-04565,train,1.7708521,1.762946,1.39794,1.4974345
mb-04026,train,1.8450981,1.917013,1.5682018,1.716669
mb-05790,train,1.6232493,1.6484623,1.3617278,1.3533347
mb-03533,train,1.7558749,1.6750846,1.5563025,1.5070904
mb-08417,train,1.7781513,1.9351145,1.7558749,1.797141
mb-00735,train,2.161368,2.044044,1.9637878,1.757185
mb-05226,train,1.9590414,1.9924822,1.7853298,1.8105066
mb-05096,train,1.3222194,1.240996,0.90309,0.88692635
mb-08052,train,2.2121878,2.1824117,1.6812413,1.7460675
mb-02002,train,2.2278867,2.2069886,1.8633229,1.8692107
mb-02917,train,1.9777236,1.8836619,1.4771212,1.4362869
mb-05830,train,1.8808136,1.9135244,1.146128,1.1385972
mb-05798,train,1.6812413,1.7613113,1.4771212,1.5764928
mb-08085,train,1.39794,1.5216527,1.2552725,1.3791132
mb-01598,train,1.5051501,1.4320762,1.30103,1.3227906
mb-09359,train,2.1903317,2.249647,1.50515,1.6961851
mb-05193,train,1.8325088,1.8395541,1.5797836,1.521984
mb-05916,train,2.2988532,2.3242264,2.0170333,2.0282385
mb-01117,train,0.8450981,0.92270863,0.60206,0.64151454
mb-04105,train,2.0791812,2.1359723,1.9444827,1.9798844
mb-01302,train,2.209515,2.2900825,1.8864907,1.977271
mb-02994,train,2.10721,2.0525594,1.690196,1.661545
mb-00073,train,1.6020601,1.6857271,1.4913617,1.5353507
mb-09413,train,2.1818435,1.9190426,1.8750613,1.6032462
mb-02315,train,1.7075702,1.6604431,1.5185139,1.4815212
mb-06648,train,2.3483047,2.2640164,1.8808136,1.85817
mb-00868,train,1.8750613,1.7365857,1.6812413,1.5722575
mb-00831,train,2.2329962,2.1991956,1.9242793,1.934561
mb-09710,train,1.4149734,1.3498616,1.0413927,1.0150297
mb-04104,train,1.4149734,1.4093156,1.1139433,1.1461775
mb-05339,train,2.3222194,2.2777905,1.7853298,1.8345804
mb-01520,train,1.3802112,1.3391191,0.90309,0.98258424
mb-03844,train,2.0086002,1.9847169,1.3802112,1.5033276
mb-10980,train,1.819544,2.0455139,1.8388491,1.8905863
mb-04414,train,2.1903317,2.1612577,1.7403626,1.8068023
mb-10859,train,2.5010593,2.2636576,2.1139433,2.016899
mb-09419,train,2.2966652,2.2333982,1.7403626,1.6805074
mb-04333,train,1.968483,1.919904,1.690196,1.6760736
mb-01817,train,2.2355285,2.1192486,1.9344984,1.8080904
mb-06830,train,1.8260748,1.7369198,1.5185139,1.469979
mb-04518,train,2.1172712,2.0665874,1.763428,1.7318896
mb-00576,train,2.155336,2.199042,1.9731278,1.9749036
mb-06475,train,1.6901962,1.5836742,1.4313638,1.3463444
mb-05202,train,2.0128372,2.0190089,1.9190781,1.9426137
mb-04834,train,1.5563024,1.7418771,1.5185139,1.6843133
mb-04633,train,1.748188,1.7103949,1.30103,1.2871102
mb-00766,train,2.0899053,2.0144732,1.6532125,1.4913232
mb-10877,train,2.6394866,2.298467,2.7160034,2.2589312
mb-03076,train,2.1818435,2.1328592,1.8633229,1.8418115
mb-01107,train,1.39794,1.4836091,1.146128,1.1946706
mb-05850,train,1.7781513,1.7361262,1.4313638,1.4806706
mb-03217,train,2.08636,2.1046019,1.6127839,1.7628642
mb-03979,train,1.8750613,1.7433509,1.6720978,1.5814794
mb-10709,train,2.1003706,2.0321941,1.6127839,1.5875365
mb-00877,train,2.2278867,2.2247312,1.8976271,1.8186361
mb-02525,train,2.3802114,2.316052,2.09691,2.0065458
mb-06410,train,1.7403626,1.6457317,1.50515,1.5033236
mb-00834,train,1.8388491,1.8815004,1.4149734,1.5810542
mb-02253,train,1.8260747,1.9710684,1.5797836,1.7237059
mb-08893,train,2.1238515,2.0138564,1.9956352,1.7951021
mb-04561,train,2.0043213,1.8713176,1.39794,1.4753292
mb-00134,train,2.2787535,2.2613454,1.90309,1.9257274
mb-05245,train,2.045323,1.981601,1.8260748,1.7234436
mb-04337,train,2.283301,2.2202716,1.7242758,1.7981895
mb-05586,train,2.0334237,2.0242016,1.748188,1.7584685
mb-01476,train,1.6720979,1.7961963,0.90309,1.0969521
mb-09668,train,1.9822712,1.8538679,1.7323937,1.6991749
mb-03582,train,2.130334,2.220046,1.8512584,1.897074
mb-02073,train,2.307496,1.9895822,1.9542425,1.7939416
mb-00401,train,1.5440681,1.5389689,1.3424227,1.3557252
mb-07566,train,1.7853298,2.0220425,1.4771212,1.7630295
mb-00658,train,1.0791813,0.95453185,0.7781513,0.73864084
mb-01855,train,1.6020601,1.652622,1.39794,1.4055347
mb-04335,train,2.130334,2.0940688,1.4313638,1.4715607
mb-05489,train,1.8260748,2.1366553,1.6627579,1.8282162
mb-01385,train,1.6812413,1.6313268,1.4313638,1.3811399
mb-00990,train,2.130334,1.9804304,1.8920946,1.7753057
mb-08310,train,2.198657,2.1828356,1.9138138,1.8746858
mb-05250,train,2.164353,2.1600142,1.7160033,1.7776577
mb-05376,train,2.3521824,2.2643552,2.049218,1.9975505
mb-02598,train,0.7781513,0.9204958,0.90309,0.729368
mb-06962,train,2.178977,2.1663685,1.9444827,1.8369724
mb-05640,train,1.9294188,1.826641,1.3222193,1.2388519
mb-01383,train,2.0293837,2.0507846,1.690196,1.7129139
mb-04336,train,1.3222193,1.2114604,1.0791812,0.96338683
mb-00251,train,1.9395192,2.0667996,1.69897,1.7774484
mb-02094,train,1.9242792,1.913757,1.763428,1.7078553
mb-06486,train,2.0,2.0310624,1.5185139,1.5862596
mb-04867,train,1.7993406,1.7875376,1.5440681,1.5078523
mb-05775,train,1.7558749,1.6183027,1.60206,1.6070522
mb-05754,train,2.346353,2.3659685,1.9822712,1.9899594
mb-04864,train,1.7853298,1.8114847,1.4913617,1.598652
mb-02477,train,1.5910646,1.6170131,1.3617278,1.3934
mb-03049,train,2.146128,2.0589273,1.7323937,1.6939373
mb-01345,train,2.2121878,2.2241366,1.5682018,1.6646029
mb-08542,train,1.5440681,1.5162789,1.4149734,1.3629823
mb-01002,train,1.6812413,1.7903569,1.3802112,1.4927944
mb-08292,train,1.8692317,1.7332897,1.1139433,1.0673995
mb-04574,train,1.913814,1.9347587,1.6127839,1.5836991
mb-02127,train,2.2966652,2.2725158,1.9242793,1.8851207
mb-07603,train,2.3344536,2.2932494,2.161368,2.1240175
mb-03387,train,1.6434526,1.7017413,1.5797836,1.5911916
mb-00212,train,2.143015,2.168705,1.5682018,1.6159238
mb-07791,train,2.1139433,2.1010923,1.7781513,1.7318901
mb-07487,train,1.6532125,1.6538674,1.5563025,1.5166854
mb-10687,train,1.7160034,1.7459936,1.146128,1.1766286
mb-00639,train,0.6989701,1.4215916,1.20412,1.3830109
mb-08715,train,2.1522884,2.176385,1.748188,1.7357929
mb-09026,train,1.5185139,1.550693,0.69897,0.74250954
mb-09478,train,2.0,2.1298826,1.94939,2.0120766
mb-09411,train,2.3344538,2.1879847,1.9190781,1.8631634
mb-02984,train,2.3117537,2.2067184,2.0293837,1.9518125
mb-09848,train,0.9542425,0.9414752,1.0,1.0244994
mb-02183,train,2.1673174,2.1139858,1.9242793,1.9530236
mb-03262,train,2.2576785,2.1652167,1.6334685,1.6492434
mb-06366,train,1.6020601,1.6191845,1.3424227,1.3262882
mb-05653,train,2.372912,2.3242245,2.0211892,2.001159
mb-04742,train,1.0413927,0.9854303,0.47712126,0.5137868
mb-08280,train,1.929419,1.9512149,1.6627579,1.7330985
mb-07625,train,1.6334685,1.3238126,1.39794,1.1812018
mb-02689,train,2.0863597,2.0273418,1.763428,1.7387072
mb-03679,train,2.356026,2.19564,2.3159704,2.1280382
mb-10469,train,1.8750613,1.9153898,1.5797836,1.6618046
mb-02639,train,2.2671716,2.138256,2.0043213,1.787826
mb-00895,train,2.3521826,2.4254289,2.3283796,2.4021664
mb-09206,train,2.3242824,2.236561,2.0569048,1.9932764
mb-03218,train,1.5797837,1.5398804,1.2787536,1.2693719
mb-09103,train,1.3424227,1.5398622,0.90309,1.1426547
mb-05216,train,1.0791812,0.8848791,0.845098,0.6210434
mb-01278,train,2.1760912,2.1186802,1.8388491,1.7933979
mb-04062,train,2.1367204,2.1417828,2.0293837,2.1128912
mb-02722,train,2.2833014,2.228983,1.6812413,1.8061819
mb-01552,train,2.1875207,2.1787481,1.8920946,1.8724569
mb-08576,train,1.8512583,1.848784,1.3802112,1.5018538
mb-05296,train,1.3010299,1.2597717,1.0413927,1.0060453
mb-02523,train,2.243038,2.1913915,2.0374265,1.9537294
mb-01298,train,1.0,1.0504055,0.845098,0.8664133
mb-06670,train,0.9542425,1.059684,1.0413927,0.9399534
mb-10831,train,2.133539,2.2498293,2.0374265,2.1662667
mb-03000,train,2.1673172,2.0396028,2.045323,1.9014127
mb-07972,train,1.7403628,1.6839795,1.3424227,1.4144385
mb-02607,train,1.3617278,1.2524408,1.0413927,0.9950215
mb-02882,train,2.2430382,2.2053406,1.9190781,1.8691565
mb-03196,train,1.845098,1.8510526,1.146128,1.2226076
mb-05264,train,2.2576785,2.1827774,1.8976271,1.8376694
mb-00061,train,1.7242758,1.6430457,1.447158,1.3850744
mb-09209,train,2.1931245,2.1411366,1.60206,1.5712872
mb-04657,train,0.7781513,0.63996005,0.47712126,0.45480895
mb-10510,train,2.1818438,1.9751332,1.4313638,1.3763015
mb-09859,train,2.1760912,2.1107402,1.908485,1.7923235
mb-03705,train,2.3364596,2.2903364,1.8325089,1.8522172
mb-05992,train,2.2121875,2.1729414,1.8750613,1.8067362
mb-06821,train,1.9822712,1.9037066,1.8976271,1.7804228
mb-05303,train,2.1367207,2.1240642,1.9242793,1.9978681
mb-00622,train,2.2253094,1.9993558,1.9344984,1.7825223
mb-10597,train,2.25042,2.245894,1.0,1.0876522
mb-10086,train,2.2718415,2.1781979,2.064458,2.054705
mb-06390,train,1.7708521,1.7649391,1.230449,1.2346194
mb-10559,train,1.8260748,1.8558751,1.7323937,1.7109228
mb-08736,train,2.220108,2.1918936,1.8129133,1.8464344
mb-01010,train,0.69897,0.56188756,0.47712126,0.40531898
mb-07659,train,2.2624512,2.2357965,1.7403626,1.680064
mb-05018,train,1.9867717,2.0141811,1.7558749,1.8033
mb-06552,train,2.2878017,2.26169,1.908485,1.8925296
mb-01105,train,2.1139433,2.0274606,1.8325089,1.8320069
mb-10245,train,1.5797836,1.6229684,1.0791812,1.2110248
mb-06786,train,1.4771212,1.3193258,1.146128,0.961791
mb-04730,train,0.7781513,0.8136574,0.7781513,0.6658427
mb-04276,train,1.6334685,1.6811965,1.4149734,1.4795029
mb-07807,train,2.075547,2.0834332,1.6812413,1.6186224
mb-08728,train,2.2552726,2.1901546,1.7993406,1.8859084
mb-08218,train,1.5563025,1.6256555,1.2787536,1.5472065
mb-08771,train,2.1172714,2.1798136,1.6627579,1.7351991
mb-05371,train,1.748188,1.6990905,1.3617278,1.3536117
mb-04751,train,2.2944663,2.2746572,1.8633229,1.8544192
mb-05102,train,2.1398792,2.126289,1.8512584,1.8345546
mb-03783,train,1.69897,1.7011986,1.4771212,1.4789876
mb-01676,train,2.3521824,2.3045175,1.9822712,1.9851454
mb-00901,train,1.8864907,1.9354081,1.7403626,1.7433112
mb-07220,train,1.6989701,1.4311223,1.462398,1.2587984
mb-01022,train,2.1003706,2.0227885,1.819544,1.6793023
mb-07822,train,1.6989701,1.6960635,1.4913617,1.4243265
mb-01201,train,1.6434528,1.5922977,1.4913617,1.4395897
mb-01657,train,2.1903317,2.1188343,1.9294189,1.9325755
mb-02830,train,1.7993406,1.8108938,1.20412,1.1835449
mb-07267,train,1.80618,1.7897596,1.5314789,1.4928406
mb-05512,train,1.763428,1.6450639,1.0791812,1.0912536
mb-07884,train,1.748188,1.7137184,1.3424227,1.2931954
mb-00745,train,1.39794,1.5492784,1.0,1.2306123
mb-09520,train,1.9395193,1.724146,1.2787536,1.0989683
mb-06311,train,2.0128372,1.7818822,1.0791812,0.9444381
mb-03698,train,1.908485,1.8631871,1.6812413,1.7004471
mb-05761,train,1.9822712,1.8787394,1.5314789,1.4000636
mb-08625,train,1.8976271,1.82493,1.462398,1.6442866
mb-04843,train,1.5440681,1.8011869,1.462398,1.641794
mb-09081,train,2.049218,2.0971186,1.690196,1.7567047
mb-02021,train,1.5797837,1.5242248,1.39794,1.3376687
mb-02446,train,2.4116197,2.273735,1.8573325,1.8230233
mb-05551,train,2.4116197,2.2945805,1.9731278,1.9468265
mb-08500,train,1.9956353,1.9403892,1.6127839,1.5401123
mb-06476,train,2.5365584,2.4257543,2.089905,2.1427946
mb-10334,train,1.8573325,1.7150058,1.5185139,1.4486537
mb-07381,train,2.2900345,2.1881845,1.770852,1.7036934
mb-05528,train,1.8976271,1.8388125,1.4913617,1.5120413
mb-02103,train,1.30103,1.1481423,0.90309,0.79822797
mb-00662,train,1.7993406,1.7782589,1.4313638,1.4890165
mb-06562,train,1.8976271,1.8068757,1.6127839,1.5585527
mb-01580,train,2.10721,2.0557556,1.6812413,1.6849703
mb-06496,train,2.4313638,2.3526542,2.075547,1.9839017
mb-10648,train,2.08636,2.0749013,1.9242793,1.8567307
mb-10509,train,2.1172712,2.2904222,2.0827854,2.02784
mb-06216,train,2.1172712,2.176495,1.69897,1.7760352
mb-10902,train,1.5563025,1.6755344,1.3802112,1.5609529
mb-08431,train,1.7993405,1.739032,1.5314789,1.5492316
mb-02522,train,2.3856063,2.320791,2.09691,2.0147767
mb-05061,train,2.3344538,2.2404988,2.0934217,1.9663371
mb-10350,train,2.045323,2.0016124,1.69897,1.612281
mb-03307,train,2.5854607,2.390057,2.445604,2.1555097
mb-02409,train,2.1172714,1.9855089,1.7781513,1.7205293
mb-06006,train,2.0086002,1.9841826,1.3802112,1.3454657
mb-02295,train,2.0043213,1.9931902,1.60206,1.6230435
mb-10113,train,2.0681858,1.927402,1.4771212,1.5098252
mb-07633,train,1.4771212,1.423335,1.1139433,1.1025038
mb-08488,train,2.1139433,2.1230235,1.7853298,1.8893335
mb-04759,train,1.690196,1.6467029,1.4149734,1.4126301
mb-05297,train,1.8129133,1.784405,1.5910646,1.6224482
mb-04640,train,1.8920946,1.9270822,1.2552725,1.3280467
mb-00298,train,2.4265113,2.3509884,2.1522884,2.029299
mb-01408,train,1.1139433,1.420978,1.146128,1.2879305
mb-04896,train,1.7075701,1.6882188,1.447158,1.399211
mb-10843,train,1.819544,1.7833817,1.50515,1.578791
mb-07739,train,1.8864907,1.9089164,1.7923917,1.8265318
mb-06797,train,2.1846914,2.1393104,1.9190781,1.937999
mb-06191,train,1.7075702,1.6920002,1.4913617,1.4531077
mb-04667,train,1.447158,1.3694339,1.1139433,1.0515112
mb-05748,train,2.2741578,2.2466278,1.90309,1.9199171
mb-02678,train,2.4313638,2.3932161,2.09691,2.132316
mb-09112,train,1.8325088,1.6747676,1.3222193,1.1530292
mb-10898,train,2.243038,2.1917975,2.0128372,2.0881696
mb-08243,train,1.7853298,1.7815695,1.1760913,1.3615909
mb-05914,train,1.7160034,1.6860895,1.146128,1.1393187
mb-00742,train,1.9956352,1.9781137,1.9444827,1.8429463
mb-04695,train,2.089905,2.072835,1.8692317,1.9242814
mb-03347,train,1.7558749,1.7281032,1.39794,1.3812716
mb-10370,train,2.2552724,2.2171695,1.763428,1.8374257
mb-03408,train,1.94939,1.9003136,1.6127839,1.5398118
mb-08408,train,2.198657,2.0943565,1.4149734,1.403835
mb-10596,train,1.5910647,1.5889633,1.1760913,1.2873381
mb-03479,train,2.421604,2.3865545,2.2944663,2.2925415
mb-05505,train,1.8260747,1.7754734,1.69897,1.6160076
mb-00143,train,2.0253057,1.9271033,1.748188,1.6832643
mb-10472,train,2.0374265,1.9857025,1.4913617,1.4948807
mb-04783,train,2.0211892,1.9714957,1.69897,1.7184477
mb-01526,train,2.0413928,2.0386205,1.8512584,1.8711989
mb-05705,train,2.2068257,2.190146,1.690196,1.7186058
mb-05755,train,1.5563024,1.5079691,1.447158,1.4077637
mb-08005,train,1.6434528,1.6665876,1.4313638,1.4868494
mb-10193,train,2.049218,2.088578,1.6232493,1.7391586
mb-06651,train,2.0827854,2.0151746,1.6812413,1.7191596
mb-07974,train,1.7075702,1.8070331,1.4913617,1.5808285
mb-04162,train,2.243038,2.219851,1.9777236,1.9812961
mb-00254,train,1.7160033,1.6911237,1.5797836,1.5188283
mb-10071,train,1.6532125,1.7248147,1.39794,1.5028936
mb-03438,train,1.462398,1.5463026,1.30103,1.3076663
mb-09149,train,1.8388491,1.7777078,1.5563025,1.4989612
mb-04822,train,0.0,-0.030295968,0.0,0.0076224804
mb-07559,train,1.7323937,1.7368977,1.2787536,1.4345765
mb-00253,train,2.0530784,2.1053286,1.7993406,1.786528
mb-07090,train,1.5563025,1.6403699,1.3802112,1.4158461
mb-08814,train,2.3117537,2.290545,2.0128372,2.0530162
mb-05381,train,2.0043213,1.9600966,1.5314789,1.5450209
mb-03245,train,1.69897,1.672648,1.4771212,1.468723
mb-00041,train,1.0791812,1.0247564,0.69897,0.7163627
mb-03130,train,1.819544,1.7024207,1.4313638,1.3929052
mb-07816,train,2.2833014,2.2386565,1.50515,1.5565695
mb-03075,train,2.217484,2.1718242,1.9344984,1.8828659
mb-01516,train,2.1522882,2.0987697,2.0211892,1.9674121
mb-10354,train,2.0791812,2.082319,1.6812413,1.7006798
mb-01475,train,1.819544,1.7563736,1.2552725,1.2131994
mb-05637,train,2.303196,2.297522,1.968483,1.9074891
mb-05973,train,2.0934217,2.1277738,1.7075702,1.7199248
mb-08582,train,1.6232493,1.6136519,1.3222193,1.3595381
mb-10639,train,2.2148438,2.22334,1.5185139,1.6190904
mb-02515,train,2.164353,2.2305775,2.0530784,2.1216006
mb-00183,train,1.7558749,1.7658718,1.39794,1.4033235
mb-05199,train,1.94939,1.9200883,1.6532125,1.6929097
mb-04085,train,2.4313638,2.4422188,2.120574,2.1289313
mb-10149,train,2.0043213,2.0241776,1.6532125,1.7638044
mb-04024,train,1.9138138,1.9771298,1.7242758,1.7399107
mb-08881,train,2.0170333,1.8964839,1.4149734,1.4311779
mb-01950,train,1.5563025,1.396245,1.146128,1.0376327
mb-06994,train,2.0211892,2.0936224,1.8325089,1.9348263
mb-02374,train,1.7323937,1.7181132,1.230449,1.288677
mb-10336,train,1.7242758,1.6617438,1.447158,1.4973643
mb-04826,train,2.0086002,1.9723467,1.8325089,1.8195755
mb-10142,train,2.045323,2.025095,1.80618,1.7913605
mb-02532,train,2.1238518,1.9745346,1.7558749,1.6488855
mb-03686,train,1.7242758,1.650006,1.4771212,1.5286849
mb-10099,train,2.1673174,2.1538935,1.9190781,1.9129605
mb-00544,train,1.0,0.95268726,0.69897,0.6870882
mb-05766,train,2.0863597,2.004078,1.6232493,1.6047916
mb-00003,train,2.1172714,2.0674381,1.7075702,1.6625111
mb-09290,train,1.6532125,1.6739508,1.20412,1.2962822
mb-08778,train,1.845098,1.7974825,1.2552725,1.2779709
mb-06720,train,1.4149734,1.56847,1.230449,1.287835
mb-01989,train,2.3053515,2.297296,1.968483,1.9670504
mb-06280,train,1.2787536,1.2029848,1.0,0.9661335
mb-08878,train,1.6127839,1.5231776,1.3424227,1.3259963
mb-01716,train,1.845098,1.8350816,1.447158,1.4738386
mb-06672,train,2.1172714,2.1005244,1.6232493,1.604806
mb-07416,train,1.770852,1.8037736,1.3222193,1.4609994
mb-04502,train,2.389166,2.3087952,1.9444827,1.9577025
mb-03551,train,1.7558749,1.7241641,1.5682018,1.5129654
mb-02696,train,2.1303337,2.1047714,1.447158,1.4591203
mb-08102,train,1.8976271,1.9454756,1.7853298,1.8165249
mb-06622,train,1.845098,1.8671081,1.30103,1.3537146
mb-06756,train,1.3617278,1.2268463,1.146128,1.0576843
mb-00864,train,1.6127838,1.578771,1.447158,1.4445239
mb-01892,train,2.1522884,2.0285754,1.7781513,1.7088181
mb-08236,train,2.0211892,2.0443878,1.7075702,1.6870024
mb-01660,train,2.206826,2.2078648,1.8920946,1.8765451
mb-06478,train,2.0934217,2.0831628,1.6627579,1.6348916
mb-05430,train,2.049218,2.0815816,1.9542425,1.9255363
mb-08663,train,2.3541086,2.299303,2.1003706,2.0773115
mb-00673,train,2.356026,2.299852,2.1731863,2.1442447
mb-09538,train,1.5563025,1.7037665,1.30103,1.4548819
mb-06925,train,0.7781513,0.8058957,0.47712126,0.51778185
mb-00084,train,1.20412,1.0709152,0.9542425,0.825253
mb-02631,train,2.08636,2.0453248,1.8260748,1.7976955
mb-07780,train,1.5314789,1.5211197,1.3222193,1.2958286
mb-04983,train,2.1003706,1.9545987,1.908485,1.7486016
mb-07680,train,1.1760913,1.2458605,0.9542425,1.0358291
mb-05698,train,1.7403626,1.7114406,1.146128,1.2262796
mb-08469,train,1.6720979,1.5233567,1.30103,1.1897051
mb-09469,train,1.9242793,1.844316,1.39794,1.3585778
mb-00795,train,2.0170333,2.0020506,1.748188,1.7628609
mb-02414,train,1.5910647,1.5839925,1.4149734,1.4310654
mb-06160,train,2.2671716,2.2034104,1.9956352,1.9082087
mb-00185,train,1.531479,1.5158226,1.3424227,1.2822391
mb-01807,train,1.8920946,1.890685,1.6232493,1.6543758
mb-04510,train,1.9867718,1.9621032,1.7781513,1.7758663
mb-09572,train,1.6334685,1.6043502,1.2787536,1.2115959
mb-04301,train,2.09691,2.1155562,1.9242793,1.9776897
mb-10529,train,2.1673174,2.1356635,1.3222193,1.2818483
mb-03635,train,1.9637878,1.9123596,1.50515,1.5171518
mb-09682,train,1.8573325,1.7326427,1.230449,1.4235386
mb-10371,train,1.7160033,1.7081326,1.0791812,1.1352061
mb-04711,train,1.6232493,1.6450914,1.5185139,1.5391061
mb-02270,train,2.1875207,2.192546,1.8864907,1.934602
mb-05731,train,1.8750613,1.6717045,1.5563025,1.420915
mb-05366,train,2.4361627,2.4372768,2.365488,2.4020948
mb-08495,train,2.340444,2.2661667,1.9542425,1.9538484
mb-04877,train,2.1958997,2.150621,1.5563025,1.4779303
mb-05652,train,2.161368,2.173903,1.7075702,1.6579797
mb-10660,train,2.311754,2.2282796,1.94939,1.798884
mb-06531,train,1.8920946,1.8589121,1.3617278,1.3359451
mb-10869,train,2.2741578,2.0956473,1.845098,1.7692578
mb-06379,train,1.5185139,1.4776658,1.3424227,1.2573295
mb-05839,train,2.2855573,2.2648642,1.7558749,1.7852153
mb-03963,train,1.6627578,1.5379953,1.5910646,1.501092
mb-09915,train,1.4771214,1.4264864,1.2787536,1.2880634
mb-05354,train,1.7634281,1.5182178,1.5682018,1.3633821
mb-03933,train,2.4871385,2.5179048,2.3304138,2.3099024
mb-09211,train,2.340444,2.2845097,1.7403626,1.8179736
mb-05559,train,2.1731863,2.10012,1.8808136,1.894632
mb-08556,train,1.690196,1.7298026,0.845098,0.797653
mb-00037,train,1.7160034,1.6498426,1.39794,1.4164841
mb-02746,train,1.748188,1.6958165,1.6127839,1.6193635
mb-10913,train,2.2253094,2.0441887,1.5910646,1.6039797
mb-00368,train,1.2552725,1.3488973,1.0,1.1630849
mb-09303,train,1.9294189,1.9419706,1.7403626,1.7087362
mb-01400,train,1.9344985,1.9419926,1.3424227,1.4181504
mb-00494,train,1.7403628,1.7781202,1.4313638,1.485254
mb-08596,train,2.1003706,2.0434566,2.217484,1.8022295
mb-00450,train,2.2966652,2.2856758,1.9956352,2.0225303
mb-02651,train,1.8573325,1.8502386,1.6812413,1.6668772
mb-03573,train,2.198657,2.2219024,1.8808136,1.8607907
mb-02749,train,2.133539,2.062774,1.9867717,1.9464495
mb-04521,train,2.064458,2.0759695,1.763428,1.7590111
mb-00198,train,1.8573325,1.7973493,1.4913617,1.4678439
mb-02553,train,1.5682018,1.5480168,1.3617278,1.3545156
mb-08316,train,1.5051501,1.2155007,1.1760913,0.914441
mb-06649,train,2.232996,2.1947637,1.9822712,1.8576629
mb-09622,train,2.220108,2.1716533,1.7242758,1.6457872
mb-05682,train,2.3838153,2.2590232,1.7853298,1.7791007
mb-09749,train,2.161368,2.1635635,1.770852,1.8565679
mb-01079,train,1.8920946,1.757817,1.5440681,1.5332266
mb-03772,train,1.7160034,1.5732322,1.4913617,1.4350189
mb-03862,train,1.9190781,1.9828359,1.8260748,1.8787525
mb-10587,train,1.5185139,1.4394059,1.0413927,1.0824409
mb-07086,train,1.8388491,1.767337,1.5185139,1.4962097
mb-09382,train,2.1673174,2.138732,1.6812413,1.7123792
mb-04215,train,1.7403628,1.781386,1.6334685,1.6863711
mb-02903,train,2.10721,1.8986083,1.60206,1.5630302
mb-04791,train,1.9294189,1.9778607,1.6812413,1.7587593
mb-08269,train,0.7781513,0.809326,0.47712126,0.529886
mb-06953,train,1.770852,1.854947,1.60206,1.6266237
mb-10534,train,1.5682018,1.5390431,1.1139433,1.0918953
mb-07448,train,2.064458,2.0596418,1.7403626,1.8036596
mb-00700,train,2.075547,2.083494,1.770852,1.7489625
mb-07465,train,1.8573325,1.851032,1.3617278,1.4078498
mb-09006,train,2.0899053,2.0394156,1.7558749,1.7039701
mb-09332,train,1.5563025,1.5738888,1.5682018,1.4606658
mb-04076,train,1.9956352,2.041487,1.60206,1.6062987
mb-09067,train,2.3283796,2.1404953,2.2718415,2.1335034
mb-02787,train,1.8388491,1.5480733,1.2552725,1.1853011
mb-10395,train,2.1038036,2.090556,1.9590414,1.8852654
mb-08252,train,2.240549,2.1577735,1.5910646,1.6355929
mb-04504,train,0.90309,0.8203662,0.60206,0.519665
mb-02323,train,1.8750613,1.8214257,1.5185139,1.5536826
mb-04381,train,1.7403628,1.6763039,1.6812413,1.601959
mb-00776,train,2.2253094,2.1092274,1.9777236,1.7990816
mb-08743,train,2.071882,2.020427,1.7323937,1.5998211
mb-09956,train,1.8450981,2.3142185,2.0086002,2.0131683
mb-05636,train,1.4913617,1.5838797,1.30103,1.391656
mb-04012,train,1.5185139,1.5178698,1.30103,1.3244104
mb-04746,train,1.6334684,1.5865331,1.3617278,1.3472731
mb-09480,train,2.2855573,2.1104372,1.8260748,1.816916
mb-06890,train,2.164353,1.9732964,1.39794,1.3044758
mb-02966,train,1.6627579,1.6332803,1.39794,1.3627126
mb-04228,train,2.1003706,2.0043952,1.8512584,1.7104237
mb-06385,train,2.0827854,2.075303,1.6627579,1.6440364
mb-07704,train,2.1172712,2.157578,1.60206,1.6190702
mb-01317,train,1.2787535,1.3672044,1.0791812,1.1494501
mb-02061,train,1.9542425,1.9969642,1.770852,1.8044587
mb-10478,train,1.5314789,1.4228466,1.3802112,1.2884197
mb-01471,train,1.20412,1.2195247,0.9542425,0.9062408
mb-09656,train,1.7242758,1.6616662,1.146128,1.1060907
mb-07785,train,2.0043213,1.9493308,1.7853298,1.7293514
mb-05993,train,1.5563025,1.6918541,1.1760913,1.345769
mb-06061,train,1.7634281,1.7242968,1.5563025,1.5010786
mb-08762,train,1.5314789,1.3968346,1.0791812,1.0969919
mb-00844,train,1.4471581,1.355863,1.0413927,0.95987815
mb-04985,train,1.9956352,1.9562062,1.7853298,1.7704012
mb-05155,train,1.7323937,1.6448524,1.3222193,1.3019722
mb-08420,train,1.90309,1.826281,1.748188,1.6409503
mb-05452,train,1.6989701,1.8080792,1.4913617,1.5108863
mb-07793,train,1.7323939,1.7149003,1.4313638,1.4371399
mb-08209,train,2.240549,2.1876018,1.9590414,1.9184211
mb-09280,train,1.6020601,1.5343833,1.0,0.9587889
mb-09938,train,2.133539,2.02523,1.7558749,1.6309179
mb-08758,train,2.0644581,2.0979085,1.5682018,1.7528718
mb-03973,train,2.0681858,2.126522,1.0,1.0719736
mb-04102,train,2.25042,2.1866922,2.0934217,2.016665
mb-03485,train,1.94939,1.9650204,1.230449,1.2544982
mb-09511,train,1.9956353,1.8681204,1.7558749,1.7225169
mb-10567,train,2.25042,2.219989,1.8808136,1.8906667
mb-05131,train,1.9956352,1.9771228,1.7403626,1.7376994
mb-10004,train,1.8260748,1.8159263,1.20412,1.3111515
mb-07917,train,2.2600713,2.245793,1.690196,1.7469845
mb-06838,train,1.6232493,1.620839,1.447158,1.4370129
mb-08851,train,1.9777236,2.0108993,1.7242758,1.7988801
mb-07371,train,1.5797837,1.6103683,1.2787536,1.2938869
mb-01613,train,2.139879,2.1742015,2.1760912,2.2106004
mb-02308,train,2.2121875,2.1777542,2.0863597,2.0501633
mb-08842,train,1.6720979,1.659987,1.4149734,1.456063
mb-03632,train,1.7558749,1.7675719,1.2552725,1.315744
mb-05460,train,1.6532125,1.692508,1.230449,1.2418047
mb-10923,train,2.0606978,2.172549,1.8573325,1.9879109
mb-02765,train,1.8976271,1.6237788,1.5440681,1.3537545
mb-03114,train,2.1303337,2.1056147,1.7160033,1.6750065
mb-05427,train,2.3636122,2.333573,1.8512584,1.9072028
mb-01988,train,2.0644581,2.0798888,1.5440681,1.5845326
mb-10546,train,1.9637878,2.1193898,1.7853298,1.7881832
mb-02354,train,1.7558749,1.61184,1.4913617,1.4384083
mb-02273,train,1.4913617,1.433739,1.4149734,1.3763546
mb-06878,train,0.7781513,0.8055117,0.47712126,0.5171257
mb-08658,train,1.9912261,1.9370297,1.845098,1.819616
mb-08992,train,2.1461282,2.1354375,1.5563025,1.6498483
mb-09215,train,1.90309,2.0124314,1.5440681,1.7353214
mb-05400,train,1.832509,1.76893,1.20412,1.1514103
mb-07363,train,1.8260747,1.8032774,1.5797836,1.5843571
mb-10178,train,2.0827854,1.9707637,1.6812413,1.6876748
mb-05467,train,1.9822712,1.9001552,1.7403626,1.6576097
mb-01326,train,1.5440681,1.3778535,1.4913617,1.332642
mb-00313,train,1.3424227,1.2447288,0.9542425,0.92091113
mb-06727,train,2.139879,2.129513,2.0569048,2.0253153
mb-09427,train,2.3502479,2.282213,2.1238515,2.1082563
mb-00128,train,2.2013972,2.1351478,1.9542425,1.9340214
mb-07771,train,1.7160034,1.7013235,1.2787536,1.3493804
mb-03131,train,2.0293837,2.0178676,1.8388491,1.8321482
mb-09245,train,2.0086002,1.9890288,1.60206,1.6282538
mb-02258,train,1.7993406,1.8631759,1.5440681,1.5977585
mb-02521,train,1.8512584,1.715644,1.6812413,1.450416
mb-00731,train,2.1172714,2.0789843,1.7075702,1.72777
mb-08114,train,1.5314789,1.5936399,1.3222193,1.3907899
mb-07690,train,1.230449,1.1662842,0.845098,0.8150727
mb-04878,train,1.3222194,1.2677456,0.90309,0.89397186
mb-02829,train,2.3463528,2.342846,2.0681858,2.1227539
mb-10679,train,2.2380462,2.273756,1.6627579,1.8470203
mb-07744,train,1.845098,1.7509961,1.6532125,1.5915986
mb-09157,train,1.6812413,1.6082449,1.30103,1.2955617
mb-06096,train,2.2405493,2.1847537,1.8920946,1.7969005
mb-05681,train,1.8388491,1.8547114,1.763428,1.7079766
mb-00439,train,2.0863597,2.1567895,1.5797836,1.6816152
mb-02851,train,1.8864908,2.060652,1.4913617,1.7676729
mb-06706,train,1.2552725,1.1553949,1.1139433,1.0517044
mb-10562,train,1.8325089,1.6824741,1.3617278,1.2894287
mb-06345,train,1.9444828,1.8913978,1.3424227,1.2480335
mb-02653,train,2.3283796,2.3130214,1.9590414,1.9627105
mb-09633,train,2.3222194,2.2700353,2.0681858,1.9670732
mb-10957,train,1.6532124,1.6443654,1.447158,1.363091
mb-01226,train,2.3180633,2.3458767,1.9822712,2.0759892
mb-08614,train,1.5440681,1.5664245,1.2552725,1.1257114
mb-09752,train,2.0043216,1.9327576,1.462398,1.449635
mb-00344,train,2.075547,2.0355158,1.770852,1.7495613
mb-00397,train,1.5910646,1.544005,1.3617278,1.393368
mb-05286,train,1.8750613,1.8819144,1.7242758,1.783441
mb-00407,train,2.0293837,1.9786773,1.7242758,1.6151958
mb-02540,train,2.220108,2.2490396,1.9777236,1.9723475
mb-06109,train,2.0086002,1.981102,1.6232493,1.5695996
mb-01977,train,2.1003706,2.0630493,1.90309,1.8420467
mb-03820,train,1.9242792,1.7854028,1.5314789,1.4413817
mb-06355,train,2.230449,2.256062,1.9138138,1.9329602
mb-09942,train,2.0334237,1.8203698,1.5185139,1.4169248
mb-03399,train,2.0863597,2.089603,1.8325089,1.7943628
mb-07217,train,1.6127839,1.6124692,1.4149734,1.3675702
mb-10310,train,1.7403628,1.7701169,1.3424227,1.405324
mb-10198,train,1.6232493,1.5894654,1.230449,1.257613
mb-08550,train,1.9912261,2.0036283,1.6812413,1.7347736
mb-00848,train,2.0863597,2.0534623,1.8750613,1.8540204
mb-01151,train,2.311754,2.2597537,1.8512584,1.8948163
mb-03717,train,1.7634281,1.6817374,1.4313638,1.4272346
mb-05999,train,2.0569048,2.0544598,1.60206,1.6017512
mb-05399,train,2.2121878,2.082448,1.6127839,1.6110005
mb-08003,train,2.1760912,2.1676183,1.8864907,1.8724759
mb-01032,train,2.149219,2.1452885,1.5563025,1.443374
mb-10342,train,1.8388491,1.8897961,1.60206,1.6653996
mb-06586,train,1.8864907,1.926979,1.5314789,1.549602
mb-02034,train,1.8260748,1.7925556,1.4149734,1.4423722
mb-01795,train,2.071882,2.0669363,1.8512584,1.8756721
mb-03949,train,2.4065402,2.308957,1.968483,1.964885
mb-04660,train,0.69897,0.8077518,0.30103,0.44583797
mb-07991,train,1.7403628,1.622672,1.3424227,1.3665149
mb-09759,train,2.1958995,2.038835,1.7242758,1.6663954
mb-01979,train,1.7403628,1.6591305,1.6334685,1.5802687
mb-00601,train,1.3010299,1.2631764,0.845098,0.87182975
mb-05767,train,1.6812413,1.716903,1.0,1.0895109
mb-06098,train,1.7403626,1.739216,1.3617278,1.4731579
mb-00829,train,2.1522884,2.0779634,1.7923917,1.6832553
mb-09891,train,2.133539,2.0782578,1.90309,1.8497162
mb-06865,train,1.3222194,1.4929684,1.5682018,1.4639606
mb-04321,train,1.9030899,1.8187371,1.6720978,1.6653173
mb-02548,train,1.518514,1.4590796,1.4313638,1.3837104
mb-05972,train,1.6532125,1.6282833,1.30103,1.333834
mb-07255,train,2.2253094,2.2262087,1.8692317,1.8415366
mb-10689,train,1.5682018,1.628201,1.3424227,1.3786845
mb-05317,train,1.6020601,1.6946368,1.30103,1.3523306
mb-10720,train,1.69897,1.6288756,1.0791812,1.0135877
mb-00429,train,2.3096302,2.2237697,1.7403626,1.7471699
mb-02783,train,2.1731863,1.6215802,1.5797836,1.4441649
mb-03464,train,2.3324385,2.395037,2.1105897,2.04886
mb-05804,train,2.1398792,2.1601982,1.5682018,1.6597174
mb-04235,train,1.8573325,1.7992835,1.6532125,1.5568248
mb-09418,train,2.3180633,2.1599264,2.0827854,2.0133333
mb-04832,train,1.9912261,1.864594,1.6232493,1.5509661
mb-01145,train,2.0170333,1.8332008,1.908485,1.7657894
mb-05990,train,1.9637879,1.9817789,1.6334685,1.5648366
mb-00129,train,2.2787535,2.2829227,1.9956352,1.9643058
mb-07450,train,2.1875207,2.1039574,1.6434526,1.6960938
mb-02114,train,2.0128372,2.1425016,1.6232493,1.7062134
mb-01269,train,2.0,1.8324704,1.3222193,1.193152
mb-00223,train,2.2988532,2.2242308,1.8260748,1.813509
mb-07985,train,2.4149733,2.3623142,1.845098,2.0096018
mb-02576,train,2.2787535,2.2895424,1.9867717,2.0160856
mb-05138,train,2.3159702,2.3798642,2.2787535,2.3703856
mb-03836,train,1.8692317,1.761425,1.3617278,1.301605
mb-03035,train,2.1003706,2.1347554,1.8512584,1.92871
mb-04155,train,2.049218,2.020854,1.9190781,1.8936393
mb-00167,train,1.763428,1.6852726,1.4771212,1.4407868
mb-09930,train,1.30103,1.2881564,1.30103,1.3092642
mb-01456,train,1.8573326,1.5860264,1.5440681,1.3955717
mb-06520,train,1.6232493,1.61786,1.2787536,1.3061037
mb-02412,train,1.20412,1.1538286,0.9542425,0.8981194
mb-04066,train,2.456366,2.3598802,2.2253094,2.2289104
mb-08777,train,2.0086002,1.9020046,1.748188,1.6870486
mb-03021,train,2.2671719,2.3458674,1.9912261,2.0414948
mb-10390,train,1.9590415,1.95421,1.1760913,1.208235
mb-10166,train,2.2764618,2.2892494,2.09691,1.9998661
mb-10918,train,2.120574,2.2829106,1.8512584,2.025543
mb-01891,train,1.724276,1.7746164,1.5563025,1.5466844
mb-08986,train,2.2787535,2.1624918,2.045323,1.9205893
mb-10742,train,1.6127838,1.5695734,1.3222193,1.1875029
mb-09764,train,2.1760912,2.2359552,1.7923917,1.7678161
mb-03555,train,1.7853298,1.8645501,1.60206,1.7027448
mb-02802,train,2.146128,2.180214,1.447158,1.4838094
mb-04963,train,1.5440681,1.5366902,1.3802112,1.4415517
mb-02275,train,1.8808136,1.8348049,1.4913617,1.4971019
mb-05359,train,1.20412,0.9191955,0.90309,0.80183834
mb-04384,train,2.346353,2.356973,2.0413928,2.0707
mb-10959,train,1.1139433,1.2268902,0.845098,0.9714215
mb-00171,train,1.5440681,1.4230316,1.1760913,1.1104943
mb-05405,train,1.69897,1.655734,1.3802112,1.3725367
mb-00305,train,1.3617278,1.2385327,1.0413927,0.9824967
mb-00421,train,2.20412,2.2004724,1.8633229,1.8796878
mb-09016,train,1.39794,1.3803492,0.9542425,1.0567932
mb-00788,train,1.8388491,1.932404,1.3617278,1.3793476
mb-10330,train,1.7853298,1.8458788,1.4313638,1.556348
mb-01259,train,1.447158,1.3162501,1.1139433,1.0520345
mb-02335,train,2.2671716,2.2452843,2.0334237,2.0215442
mb-00567,train,1.3424227,1.2593346,1.0413927,1.0489733
mb-02592,train,2.0334237,1.9899172,1.6720978,1.6581277
mb-06357,train,1.0791812,1.1289496,0.69897,0.7984197
mb-09673,train,2.164353,2.1553319,1.8260748,1.8482835
mb-00637,train,2.3344536,2.306178,2.0334237,1.9730648
mb-08028,train,1.0791812,1.2006599,1.3617278,1.0670457
mb-01203,train,1.5440681,1.5268413,1.39794,1.3410306
mb-08112,train,1.9444827,1.9883887,1.819544,1.7816945
mb-01186,train,1.8692317,1.8856746,1.30103,1.3952112
mb-10110,train,1.69897,1.6642957,1.0791812,0.9590415
mb-01119,train,1.5563025,1.6875145,1.30103,1.4209045
mb-05703,train,1.4313637,1.4264712,1.0791812,1.0957346
mb-03135,train,1.5185139,1.4523426,1.30103,1.308855
mb-03948,train,1.8260748,1.7693366,1.4771212,1.389943
mb-10304,train,2.4683473,2.410098,2.2671716,2.2299562
mb-09776,train,1.6627579,1.6951176,1.1760913,1.2196485
mb-00527,train,1.7160033,1.7055646,1.3617278,1.3883386
mb-05632,train,1.6127839,1.5684401,1.4313638,1.4457935
mb-06451,train,1.7993406,1.8450705,1.462398,1.4758132
mb-01210,train,2.0791812,2.105833,1.8325089,1.9301716
mb-09117,train,1.4913617,1.1519212,1.2552725,0.98593724
mb-01730,train,2.0827854,2.0513911,1.845098,1.802788
mb-01489,train,2.2068257,2.1939874,1.6434526,1.637598
mb-00900,train,1.4471581,1.3362247,1.1760913,1.118825
mb-10663,train,2.269513,2.1755803,1.50515,1.5902224
mb-10565,train,1.0791812,1.0939866,0.845098,0.88894916
mb-02826,train,1.4149734,1.2424872,1.20412,1.0506892
mb-06886,train,2.0863597,2.1373932,1.9822712,2.0473185
mb-08401,train,2.10721,2.0810993,2.0128372,2.001615
mb-04708,train,2.1702619,2.2520013,1.80618,1.979608
mb-07681,train,2.143015,2.081117,1.8633229,1.8258665
mb-01634,train,2.0374265,2.0036342,1.7558749,1.7129191
mb-06972,train,2.0569048,2.0405943,1.8633229,1.7691914
mb-03312,train,1.7242758,1.7895833,1.1139433,1.2589623
mb-09423,train,1.908485,1.8869452,1.6334685,1.7112237
mb-03163,train,2.1673174,2.1458097,1.7853298,1.7538832
mb-01232,train,1.0,1.0881077,0.69897,0.76189387
mb-08276,train,1.6627579,1.6110893,1.30103,1.3972241
mb-00467,train,1.8450981,1.7930038,1.5682018,1.4987756
mb-10678,train,1.9731278,1.9653587,1.447158,1.4673848
mb-07310,train,1.544068,1.512843,1.447158,1.3908864
mb-00093,train,1.3424227,1.4684248,1.1760913,1.1982298
mb-01020,train,1.8260748,1.7948577,1.230449,1.2443047
mb-10404,train,2.1238518,2.1339998,1.8750613,1.928608
mb-07535,train,2.1038036,2.0342298,1.60206,1.598407
mb-04032,train,2.2405493,2.2255507,2.1673174,2.0937586
mb-06162,train,1.7923918,1.7799153,1.30103,1.3134525
mb-07743,train,2.2013972,2.2263768,1.8692317,1.9011158
mb-10792,train,1.3802112,1.3035464,1.0413927,1.0243428
mb-02798,train,2.369216,2.2852757,1.9912261,1.951433
mb-00293,train,1.8129134,1.7860255,1.30103,1.3327049
mb-09929,train,1.845098,1.7328064,1.50515,1.4892353
mb-00706,train,1.544068,1.4648151,1.4771212,1.4230838
mb-05074,train,1.230449,1.1848933,0.9542425,0.90592366
mb-04011,train,1.5185139,1.4576868,1.3222193,1.3406991
mb-07794,train,2.0791812,2.1274846,1.6232493,1.8160144
mb-04679,train,2.149219,2.1078734,1.7781513,1.8397728
mb-06436,train,2.1702619,2.0838692,1.9190781,1.9235487
mb-05613,train,1.6127839,1.5943806,1.30103,1.3108455
mb-10332,train,1.8864907,1.7211953,1.5314789,1.4252163
mb-01729,train,2.1335387,2.0682952,1.8129133,1.7904973
mb-07798,train,2.38739,2.3547103,2.1139433,2.1040614
mb-03027,train,1.845098,1.7896634,1.5910646,1.6031363
mb-02337,train,2.1875207,2.1526,1.7403626,1.7981255
mb-06384,train,2.3324385,2.22468,2.0043213,1.8935153
mb-05215,train,1.8195438,1.7352158,1.5797836,1.5053242
mb-03357,train,2.4132996,2.3994644,2.2552724,2.2179403
mb-09071,train,2.075547,2.058956,1.7923917,1.6938274
mb-00765,train,1.9493899,1.8619441,1.7323937,1.6945069
mb-09820,train,1.531479,1.5545812,1.1760913,1.3049474
mb-06173,train,1.6334684,1.6480248,1.3222193,1.3604071
mb-05991,train,2.0128374,1.9515871,1.2787536,1.2261121
mb-00090,train,2.2576787,2.3024173,2.0413928,2.0384834
mb-05562,train,1.4313638,1.4410074,1.146128,1.2475698
mb-10491,train,1.8750613,1.8855641,1.3617278,1.4401984
mb-06681,train,2.2944663,2.2151704,2.0043213,2.0076346
mb-04294,train,1.7993405,1.8060304,1.4771212,1.6050878
mb-10941,train,1.4149734,1.4747093,1.230449,1.3714584
mb-03693,train,2.2380462,2.1522799,1.9956352,1.8822256
mb-00931,train,1.9138138,1.8620175,1.7242758,1.6923249
mb-05254,train,1.7160033,1.7268338,1.3617278,1.4018099
mb-07354,train,1.80618,1.8183169,1.4771212,1.4666402
mb-08888,train,1.929419,1.885553,1.5682018,1.5470635
mb-02699,train,1.6627579,1.5893443,1.30103,1.3004092
mb-08768,train,1.9395192,1.7680991,1.6434526,1.5647824
mb-06825,train,2.2648177,2.2263749,1.9637878,1.9771347
mb-07341,train,1.6334685,1.4417341,1.1760913,1.0988294
mb-06663,train,2.3304136,2.1401727,2.2718415,2.1331635
mb-10908,train,1.770852,1.7246115,1.5910646,1.5902754
mb-05009,train,1.90309,1.8820283,1.7323937,1.7211908
mb-02769,train,1.9395192,1.9439975,1.770852,1.7215481
mb-03465,train,2.2455127,2.228953,1.6232493,1.6394691
mb-00983,train,2.1931245,2.1676483,1.447158,1.4690295
mb-04317,train,2.3424227,2.3082573,1.8976271,1.9259926
mb-06837,train,1.6532125,1.6409531,1.5185139,1.5306095
mb-07699,train,2.269513,2.1914592,1.9956352,1.8499377
mb-06683,train,1.7708521,1.6845679,1.4313638,1.4261385
mb-04933,train,2.4927604,2.3645358,2.220108,2.1843596
mb-09415,train,2.240549,2.2179105,1.9956352,1.9740586
mb-05650,train,2.3053513,2.252937,1.8808136,1.8916332
mb-04794,train,2.4216042,2.3860114,2.1553361,2.1926007
mb-00173,train,1.9344984,1.9428195,1.6232493,1.7883239
mb-01395,train,1.4313638,1.470762,1.230449,1.319599
mb-08674,train,2.198657,2.2153125,1.8692317,1.8999808
mb-05643,train,1.0791812,0.93698347,0.90309,0.80177385
mb-08091,train,2.1673174,2.1135297,1.8750613,1.8205963
mb-02619,train,2.0170333,1.9098668,1.60206,1.4308593
mb-04119,train,1.2552724,1.227403,1.0791812,1.092656
mb-09660,train,2.3541083,2.2694821,1.9138138,1.9738859
mb-00465,train,2.25042,2.2115808,1.8976271,1.8428603
mb-01251,train,2.0128372,1.9864982,1.4771212,1.4650778
mb-04315,train,1.8325089,1.6721232,1.6334685,1.4778863
mb-06836,train,1.748188,1.7079868,1.447158,1.4620755
mb-07737,train,2.0334237,2.0496511,1.6720978,1.6667137
mb-00366,train,1.4313638,1.4838672,0.90309,0.8712354
mb-06758,train,1.845098,1.7675011,1.5314789,1.4963549
mb-10459,train,1.5440681,1.5371076,1.0,1.0910585
mb-09990,train,1.531479,1.5928634,1.20412,1.1672314
mb-03901,train,1.6989701,1.5926857,1.3424227,1.2578877
mb-05255,train,1.6232493,1.566608,1.230449,1.2872732
mb-02112,train,2.164353,2.0663598,2.120574,1.8658533
mb-00949,train,2.376577,2.4867759,1.9956352,2.1427736
mb-01426,train,2.161368,2.1953573,1.9637878,2.0121121
mb-05212,train,2.075547,1.9809947,1.8573325,1.7593026
mb-02166,train,2.2013972,2.1189184,1.9138138,1.8409793
mb-06695,train,1.3010299,1.1370957,1.0413927,0.83028
mb-00461,train,2.2552724,2.2506378,2.0043213,2.0410366
mb-03449,train,2.089905,2.055871,1.69897,1.69758
mb-00598,train,1.20412,1.1572062,0.9542425,0.89440256
mb-09570,train,2.3117537,2.150779,1.8325089,1.8299832
mb-06312,train,2.2671716,2.2690659,2.0211892,1.9608881
mb-08811,train,1.6434526,1.6491717,1.39794,1.3803282
mb-00861,train,1.7160033,1.71061,1.5314789,1.5888121
mb-09712,train,2.0086002,1.9324518,1.4149734,1.4309756
mb-07647,train,1.5563025,1.5649607,1.0,1.0656579
mb-00752,train,1.9242793,1.8631939,1.6232493,1.6644951
mb-04343,train,1.9190781,1.8909142,1.4771212,1.4775411
mb-06448,train,1.6532125,1.7485998,1.4313638,1.425704
mb-03784,train,1.9242793,1.8817325,1.6627579,1.699723
mb-00160,train,1.7075701,1.6360852,1.5797836,1.5173984
mb-08065,train,2.2121875,2.1614666,1.770852,1.7770172
mb-09748,train,1.6434528,1.6592557,1.1760913,1.219611
mb-02707,train,1.2552725,1.0436401,0.90309,0.7151539
mb-02596,train,1.5563025,1.383122,1.2552725,1.1796358
mb-02505,train,1.9637878,2.033123,1.7403626,1.8195367
mb-06915,train,2.298853,2.2188504,2.0043213,2.014503
mb-07013,train,2.0043213,1.9688077,1.770852,1.7824318
mb-10966,train,1.763428,1.7329339,1.50515,1.4954413
mb-03945,train,1.3802112,1.4532411,1.0413927,1.2185136
mb-04554,train,1.8129134,1.8211098,1.3802112,1.4326501
mb-10464,train,1.8388492,1.7507398,1.4313638,1.4321669
mb-09307,train,1.3010299,1.309393,1.0413927,1.0531495
mb-01919,train,1.6020601,1.5760839,1.4313638,1.4867282
mb-09522,train,2.2479732,2.2664957,1.7075702,1.7593619
mb-03284,train,1.7323937,1.7775538,1.230449,1.2937024
mb-09994,train,1.7853298,1.8423675,1.3424227,1.4462628
mb-04166,train,1.3424227,1.222183,0.9542425,0.8657888
mb-09514,train,2.292256,2.2277079,1.9777236,1.9394147
mb-03939,train,1.230449,1.2277503,0.7781513,0.825104
mb-08371,train,2.1038036,2.060307,1.9344984,1.8423082
mb-07580,train,1.5797837,1.5006347,1.30103,1.2801988
mb-06625,train,1.5682018,1.5326948,1.4313638,1.3851503
mb-07810,train,1.8976271,1.8843769,1.5314789,1.4803516
mb-10490,train,2.1846914,2.2400565,1.690196,1.7995204
mb-08255,train,1.690196,1.5957855,1.50515,1.3987812
mb-09551,train,2.2787538,2.2269022,2.178977,2.1017654
mb-08347,train,1.4771214,1.5113498,1.20412,1.36371
mb-02135,train,1.3222194,1.5217597,1.230449,1.3886166
mb-04990,train,2.0334237,2.0045733,1.8864907,1.7475413
mb-09226,train,1.6334685,1.6231749,1.230449,1.1790977
mb-01786,train,1.8750613,1.9223816,1.69897,1.671341
mb-02398,train,2.1583624,2.1256175,2.198657,2.0719259
mb-06745,train,1.8573325,1.8872093,1.7242758,1.7478193
mb-09165,train,1.146128,1.2166849,0.845098,0.9547367
mb-07301,train,1.6812413,1.6223999,1.0,1.0110645
mb-04880,train,1.9590414,1.9104066,1.5797836,1.5114527
mb-09494,train,1.6627579,1.5284998,1.30103,1.2738743
mb-08301,train,1.9542426,2.089593,1.8260748,1.8671489
mb-09621,train,1.8692318,2.0875947,1.5682018,1.8454174
mb-02885,train,2.09691,1.9770124,1.8325089,1.682369
mb-09395,train,2.155336,2.05305,1.8388491,1.7533575
mb-10241,train,2.217484,2.2068162,1.845098,1.9238998
mb-09228,train,1.4913617,1.543456,1.146128,1.2742105
mb-01014,train,1.8750613,1.7802505,1.80618,1.6780558
mb-02339,train,1.2787536,1.3119946,1.0,1.0862029
mb-01055,train,2.292256,2.220656,2.0827854,1.9854598
mb-00724,train,2.1003704,2.0278466,1.7853298,1.736357
mb-06595,train,2.2966652,2.242494,1.8750613,1.8518363
mb-07923,train,2.1903317,2.1208615,1.845098,1.8397663
mb-02128,train,1.9444827,1.9224681,1.5185139,1.4840571
mb-04217,train,1.8573325,1.696719,1.5185139,1.3941486
mb-00492,train,1.8129134,1.8470056,1.4149734,1.4952066
mb-00807,train,2.2900345,2.196564,2.2355285,2.0862885
mb-03118,train,1.690196,1.457112,1.3617278,1.2189238
mb-09377,train,2.1038036,2.0400372,1.5314789,1.6104755
mb-09055,train,1.9590414,2.0193493,1.845098,1.7773187
mb-00906,train,2.2966652,2.2294018,2.045323,2.013444
mb-07845,train,2.3384566,2.247177,2.0413928,2.0519042
mb-00402,train,1.897627,1.8781707,1.6720978,1.611123
mb-09156,train,2.075547,1.8959857,1.8976271,1.7751498
mb-02360,train,1.7160034,1.8728223,1.5682018,1.6572918
mb-05890,train,2.39794,2.3183498,1.9912261,2.0387425
mb-04828,train,1.6020601,1.5575327,1.0,1.072768
mb-08324,train,1.8388491,1.7112868,1.6232493,1.4872991
mb-09237,train,1.8388492,1.7021413,1.5682018,1.490708
mb-03848,train,2.292256,2.1808417,1.763428,1.8288181
mb-09935,train,1.9731278,2.045358,1.6127839,1.8010244
mb-01135,train,1.3802112,1.3508936,0.9542425,1.0080619
mb-06876,train,1.6532124,1.5377402,1.3222193,1.2617446
mb-09702,train,1.3802112,1.0837404,1.2787536,1.0127537
mb-08432,train,2.2552724,2.278853,1.9138138,1.8926167
mb-05739,train,1.9444828,1.936182,1.1760913,1.2231919
mb-06592,train,1.1139433,1.0495673,0.845098,0.8325444
mb-09286,train,2.1846914,2.1343849,1.6232493,1.6489488
mb-04080,train,2.0334237,2.0705452,1.6720978,1.684699
mb-09713,train,2.1105897,2.1416862,1.60206,1.905695
mb-07654,train,1.6812412,1.626621,1.5910646,1.4634761
mb-02345,train,1.763428,1.6837332,1.39794,1.4258444
mb-03286,train,1.6434526,1.6762092,1.3222193,1.3653738
mb-08000,train,1.3979399,1.244864,1.1139433,1.040779
mb-00315,train,1.7708521,1.6817594,1.4913617,1.4253019
mb-06159,train,1.518514,1.5454644,1.4913617,1.4435999
mb-00263,train,1.4313637,1.6268389,1.5314789,1.5617794
mb-03045,train,2.230449,2.2252014,1.908485,1.8935826
mb-09602,train,2.2355285,2.2022345,1.7923917,1.719048
mb-02763,train,2.09691,2.2200713,1.9912261,2.145528
mb-07856,train,2.1238518,2.0755236,1.6812413,1.7052963
mb-10722,train,1.8808136,1.8531046,1.4149734,1.2659734
mb-08016,train,2.071882,2.014629,1.7993406,1.6865513
mb-05654,train,1.690196,1.6536949,1.2552725,1.2365091
mb-08196,train,1.8976271,1.9065922,0.9542425,1.0084268
mb-09626,train,2.2041202,2.2091,1.4313638,1.4548712
mb-05174,train,2.2552724,2.2474778,2.0791812,2.0355985
mb-01446,train,1.908485,1.8720106,1.748188,1.6125436
mb-03995,train,2.071882,2.0505023,1.5563025,1.524598
mb-00257,train,2.2479732,2.1118615,2.0681858,1.9323374
mb-10446,train,1.7403626,1.7638347,1.3802112,1.429734
mb-03268,train,2.5051498,2.5650864,2.269513,2.3037422
mb-08159,train,1.7708521,1.6905012,1.5440681,1.4810073
mb-04607,train,0.60206,0.50654465,0.30103,0.25131297
mb-07586,train,1.3424227,1.3785738,1.2552725,1.3044274
mb-03743,train,1.9867717,2.0030794,1.763428,1.723748
mb-01164,train,2.292256,2.2336988,1.9867717,1.9495537
mb-10764,train,2.3521824,2.0440807,2.0,1.8142372
mb-00930,train,2.3201463,2.2479603,1.770852,1.7818588
mb-08060,train,2.2552724,2.160469,2.0128372,1.9514786
mb-01285,train,0.69897,0.6206051,0.60206,0.51960754
mb-07225,train,1.6334685,1.6406844,1.3424227,1.2175534
mb-07573,train,1.2787536,1.3412653,1.0413927,1.0568373
mb-10655,train,2.2695131,2.2228985,1.5440681,1.6534654
mb-10605,train,0.30102992,1.5052915,1.5185139,1.3701916
mb-03915,train,1.8864907,1.8624711,1.6720978,1.6960377
mb-05721,train,1.7160034,1.6706679,1.39794,1.3634913
mb-10731,train,2.1271048,2.1450138,1.8260748,1.6411022
mb-06857,train,1.0791812,1.167817,0.90309,1.0389599
mb-06437,train,2.1003706,2.0782037,1.9294189,1.8863741
mb-02004,train,1.9822712,1.9684818,1.50515,1.6770451
mb-01952,train,2.1367207,2.1693501,1.6334685,1.6546036
mb-02392,train,1.4913617,1.4428989,1.20412,1.1936936
mb-00375,train,2.2355285,2.2226741,1.7853298,1.7306576
mb-08857,train,2.0211892,2.1097007,1.7075702,1.7666245
mb-05851,train,1.4313637,1.2334952,1.0791812,1.0104432
mb-01091,train,1.2552725,1.3972032,1.1139433,1.1933105
mb-10249,train,1.7781513,1.6949744,1.6127839,1.5018897
mb-03133,train,2.252853,2.2485695,1.9956352,1.8969896
mb-00062,train,1.8512583,1.6603487,1.4771212,1.4262836
mb-04710,train,1.0413927,1.1618595,0.69897,0.76439714
mb-05441,train,1.230449,1.3150204,0.90309,0.9424301
mb-08216,train,1.7242758,1.7559497,1.4771212,1.4769166
mb-10170,train,1.4149734,1.4108257,0.9542425,1.0124846
mb-02890,train,2.2479734,2.2451844,1.9242793,1.9281402
mb-04302,train,2.0863597,2.0975983,1.8325089,1.8449483
mb-01434,train,1.8808136,1.8604691,1.146128,1.2773228
mb-07305,train,1.5797836,1.5961317,1.2552725,1.3099998
mb-06772,train,1.819544,1.9362888,1.7075702,1.7669799
mb-01661,train,2.0863597,2.0300193,1.763428,1.705228
mb-05515,train,1.90309,1.8339396,1.146128,1.1279216
mb-04482,train,2.1818435,2.1659963,1.5797836,1.6421952
mb-04609,train,2.240549,2.2031662,1.9956352,1.9541005
mb-04279,train,2.243038,2.220411,1.845098,1.8296407
mb-09657,train,1.763428,1.795291,1.4149734,1.4803582
mb-09608,train,2.0170333,2.016432,1.3222193,1.4134549
mb-10976,train,2.217484,2.2421548,1.819544,1.8260343
mb-06273,train,0.69897,0.72035944,0.60206,0.57108843
mb-08830,train,2.2576785,2.1364377,1.8864907,1.7719208
mb-01360,train,1.7708521,2.306687,2.1105897,2.1109755
mb-09014,train,2.2355285,2.0653572,1.90309,1.8104218
mb-10329,train,2.3909352,2.419209,2.0934217,2.0769978
mb-05736,train,1.8325088,1.816067,1.3222193,1.3420271
mb-00031,train,2.0043213,1.996879,1.7160033,1.691191
mb-07640,train,2.146128,2.1267939,1.8808136,1.8992919
mb-05112,train,1.0791812,1.2157584,0.90309,1.0227185
mb-01780,train,2.1367207,1.9790344,1.9138138,1.770945
mb-00857,train,1.3222194,1.3589875,1.146128,1.2085016
mb-09728,train,2.10721,2.2601693,1.8512584,1.9506009
mb-08835,train,1.6720979,1.6685535,1.4149734,1.3961365
mb-01698,train,1.7075702,1.7196102,1.230449,1.315692
mb-05336,train,2.1172712,2.2120595,1.9590414,2.1007562
mb-08042,train,1.9395192,1.959327,1.6720978,1.7650591
mb-03109,train,2.2430382,2.205314,1.8512584,1.7598062
mb-01781,train,2.0,1.9887033,1.80618,1.838201
mb-08421,train,1.8692317,1.8763239,1.3802112,1.487067
mb-03811,train,1.462398,1.3658067,1.30103,1.2499278
mb-02628,train,2.346353,2.2904963,1.9822712,1.9366108
mb-02445,train,2.1760912,2.0789015,1.9542425,1.7508272
mb-02362,train,1.7075702,1.7324319,1.5185139,1.5414048
mb-00783,train,1.3222194,1.2734286,1.1760913,1.0457661
mb-02858,train,2.346353,2.2990556,1.9637878,1.960845
mb-03723,train,1.763428,1.6323082,1.6434526,1.6394215
mb-10511,train,1.6127839,1.584407,1.2787536,1.3532443
mb-10339,train,2.1522884,2.1637316,1.8573325,1.7937989
mb-03932,train,2.0934217,2.0777874,1.7075702,1.7159482
mb-08655,train,2.2718415,2.2299485,1.8573325,1.9495307
mb-07945,train,1.30103,1.3634571,0.9542425,1.018161
mb-06650,train,2.1760912,2.1542416,1.9190781,1.9091113
mb-02441,train,2.1172712,1.8849359,1.5314789,1.4463253
mb-02277,train,1.8325089,1.7282969,1.5314789,1.5154287
mb-07244,train,1.9637878,1.9235387,1.7853298,1.6704817
mb-07955,train,1.7075702,1.6602856,1.3424227,1.2991148
mb-05910,train,1.7853299,1.7578558,1.6334685,1.568675
mb-03837,train,1.80618,1.8227643,1.50515,1.4910191
mb-01659,train,1.30103,1.3266442,1.4149734,1.3788491
mb-04649,train,1.9822712,1.9492857,1.6232493,1.6202807
mb-03058,train,2.1875207,2.1280823,1.8388491,1.8056456
mb-06621,train,1.39794,1.1236897,1.0,0.836807
mb-04292,train,1.0,0.8949193,0.90309,0.9367614
mb-09475,train,2.2648177,2.1999547,1.8692317,1.7889485
mb-03126,train,1.4771212,1.4408237,1.1139433,1.0895624
mb-00944,train,1.8325089,1.9167136,1.9138138,1.6008062
mb-08359,train,2.1931245,2.2364342,1.763428,1.9001243
mb-05927,train,1.3979399,1.3989265,0.845098,0.8726594
mb-04161,train,1.94939,1.8420552,1.6812413,1.6162459
mb-04173,train,2.2944663,2.2424676,1.8976271,1.881333
mb-01424,train,1.8388491,1.9663367,1.5797836,1.6909655
mb-07228,train,2.0170333,1.7730451,1.690196,1.5805825
mb-01116,train,1.5563025,1.7161832,1.1139433,1.2792666
mb-06121,train,1.6127839,1.6495602,1.3617278,1.3982351
mb-01438,train,2.3384564,2.3567638,1.9731278,2.024133
mb-04949,train,2.064458,2.0681024,1.770852,1.8290675
mb-04328,train,2.2148438,2.1493626,1.3424227,1.26657
mb-03201,train,1.8450981,1.7177664,1.6334685,1.5126878
mb-08353,train,2.2648177,2.2623165,1.9542425,1.9944959
mb-04213,train,1.7160033,1.6958069,1.60206,1.552821
mb-06739,train,1.7323937,1.6780047,1.4913617,1.4650133
mb-00721,train,2.2648177,2.2162876,1.9822712,1.9304419
mb-08593,train,1.1139433,1.2944593,0.9542425,1.0087533
mb-03896,train,1.6627579,1.6407454,1.20412,1.2795339
mb-08798,train,1.7708521,1.7974577,1.462398,1.4584085
mb-07411,train,1.5314789,1.4275286,1.1139433,1.1525278
mb-04209,train,1.90309,2.070705,1.6434526,1.8123262
mb-02167,train,1.832509,1.8898159,1.5682018,1.6479887
mb-02617,train,2.064458,2.0407457,1.6532125,1.7204462
mb-08030,train,1.9956353,2.0456157,1.7558749,1.6803873
mb-02351,train,1.8129134,1.7591412,1.3617278,1.3550848
mb-07925,train,2.2455127,2.196283,1.7558749,1.7441244
mb-08828,train,1.6127839,1.7506444,1.20412,1.3998489
mb-07256,train,2.1139433,2.0830638,1.30103,1.3783677
mb-04366,train,2.1105897,2.0810082,1.9912261,1.9912107
mb-05379,train,2.365488,2.2953067,1.9242793,1.9679468
mb-02436,train,1.9190781,1.8120623,1.6127839,1.5673676
mb-05853,train,2.3820171,2.3949308,2.1105897,2.0485964
mb-05186,train,2.217484,2.2597263,1.690196,1.7896007
mb-03320,train,1.9912261,2.028483,1.6812413,1.6359816
mb-06597,train,1.9190781,1.8622459,1.7781513,1.7315307
mb-08108,train,2.0128372,1.9863602,1.60206,1.6561576
mb-10451,train,2.230449,2.2030902,1.8388491,1.941522
mb-06365,train,1.5440681,1.5465466,1.3802112,1.3530545
mb-03697,train,2.243038,2.1965594,1.845098,1.8694375
mb-09166,train,0.845098,0.6578139,1.0413927,0.9328886
mb-06630,train,1.763428,1.8417923,1.3617278,1.4942248
mb-09378,train,2.30103,2.1988971,1.5910646,1.5295427
mb-06975,train,2.2624512,2.2140408,1.9444827,1.9900992
mb-01705,train,1.7160033,1.6087162,1.4771212,1.4514679
mb-06741,train,2.2855573,2.2147098,1.819544,2.006966
mb-08244,train,1.6334685,1.6302443,1.230449,1.2980576
mb-10341,train,1.8633229,1.8298467,1.5797836,1.5922178
mb-05841,train,2.2787535,2.2207584,2.0,1.9005858
mb-03351,train,1.5910647,1.6995113,1.2787536,1.3239671
mb-06522,train,1.748188,1.6938673,1.3617278,1.299217
mb-07050,train,1.7160034,1.7885048,1.3424227,1.4949641
mb-04126,train,2.0530784,2.079534,1.9344984,1.9174261
mb-04423,train,2.3324385,2.2015984,2.1238515,1.9551334
mb-02952,train,1.544068,1.6347184,1.4771212,1.2688504
mb-01212,train,2.0863597,1.9827386,1.7242758,1.7556736
mb-10337,train,2.1003704,2.1444173,1.6720978,1.7110304
mb-06657,train,2.120574,2.0958471,1.60206,1.6834443
mb-07952,train,2.08636,2.0580025,1.5563025,1.6305227
mb-10569,train,1.9956353,1.6240051,1.3802112,1.3295336
mb-00893,train,2.2148438,2.1500401,2.10721,2.0084739
mb-07142,train,1.8573326,1.8541288,1.5563025,1.5213751
mb-00960,train,2.0606978,2.0018873,1.8573325,1.8793349
mb-02805,train,2.0374265,2.0684383,1.6334685,1.6607996
mb-05497,train,2.340444,2.3544283,2.09691,2.0987875
mb-06259,train,2.045323,2.061467,1.462398,1.4933152
mb-00414,train,1.8388492,1.859582,1.5682018,1.5808359
mb-06666,train,1.2787536,1.282285,1.0413927,1.0742118
mb-08414,train,1.8808136,1.8359973,1.4771212,1.4630367
mb-10954,train,1.7781513,1.7653725,1.5440681,1.4981191
mb-04551,train,1.8260747,1.6962016,1.7160033,1.6257282
mb-01896,train,1.3617278,1.3566277,1.0413927,1.0938537
mb-06623,train,2.0253057,1.9648445,1.7323937,1.732701
mb-06769,train,2.3979402,2.4173772,2.075547,2.0697708
mb-05952,train,2.2787538,2.1610737,1.94939,1.8168705
mb-08931,train,2.0293837,2.0959737,1.6720978,1.7032648
mb-07485,train,1.7323937,1.6332351,1.4913617,1.467925
mb-05128,train,2.045323,1.988297,1.4913617,1.4686563
mb-06314,train,1.6532125,1.5328114,1.4771212,1.4277067
mb-06883,train,1.7323937,1.7103208,1.3617278,1.3528672
mb-07213,train,2.1522884,2.175422,1.6812413,1.6617364
mb-10856,train,2.0374265,2.029699,1.7075702,1.7345287
mb-01630,train,2.1583624,2.076474,1.8864907,1.7988046
mb-05518,train,1.6812413,1.6552402,1.3802112,1.354138
mb-03423,train,1.819544,1.8913779,1.3617278,1.390433
mb-04860,train,2.146128,2.1954675,1.9344984,1.9732909
mb-10830,train,1.230449,1.8388851,1.3424227,1.730484
mb-08039,train,1.9242792,1.8649666,1.8864907,1.7880864
mb-10829,train,1.7993406,1.5565802,1.6812413,1.5267438
mb-03791,train,2.075547,2.113039,1.6812413,1.7889814
mb-03653,train,1.7923918,1.7490525,1.6334685,1.6367915
mb-06275,train,2.217484,2.2067916,1.908485,1.861362
mb-00607,train,2.0569048,2.068812,1.5440681,1.5275271
mb-08918,train,2.164353,2.1524577,1.5440681,1.6151655
mb-05714,train,2.1139433,1.8489839,2.075547,1.7127321
mb-00934,train,1.6127839,1.6324432,1.230449,1.2972693
mb-08832,train,1.7242758,1.6873802,1.39794,1.3943517
mb-10889,train,1.9822712,2.0313952,2.0,1.9212077
mb-04244,train,1.8388491,1.9451344,1.5185139,1.6012641
mb-07749,train,1.845098,1.7895565,1.39794,1.359009
mb-07276,train,2.0681858,2.1368856,1.9637878,2.0466344
mb-09373,train,1.7853299,1.7009389,1.5440681,1.5128746
mb-08873,train,1.5440681,1.4894694,1.3617278,1.3630767
mb-08511,train,1.2787536,1.3121288,1.146128,1.115594
mb-01287,train,1.8573325,1.7600182,1.7075702,1.6594101
mb-04202,train,1.7323937,1.7379454,1.30103,1.3899403
mb-05700,train,2.1105897,2.0791004,1.7323937,1.6798455
mb-09429,train,1.4471581,2.0221083,1.230449,1.7322878
mb-00648,train,1.3424227,1.2251744,1.1139433,1.1281092
mb-05209,train,2.3242824,2.3134303,1.8864907,1.957283
mb-02045,train,2.463893,2.4876275,2.1583624,2.138134
mb-02988,train,2.0569048,1.9841897,1.3802112,1.4084486
mb-02182,train,2.033424,1.993217,1.6127839,1.614093
mb-00837,train,2.0681858,2.126376,1.8976271,1.9285454
mb-00642,train,1.20412,1.2078665,0.90309,0.95694625
mb-03272,train,1.6127839,1.6492903,1.2552725,1.3487414
mb-05329,train,1.748188,1.7778419,1.39794,1.444222
mb-09758,train,1.8750613,1.7335491,1.6434526,1.4949764
mb-09727,train,2.198657,2.1761067,1.770852,1.8878222
mb-10503,train,2.230449,2.1503642,1.90309,1.828664
mb-06427,train,2.5575073,2.5092554,2.2966652,2.24927
mb-03212,train,2.2944663,2.2451053,1.8692317,1.8316836
mb-10610,train,1.4313637,1.8205142,1.3222193,1.5175887
mb-04476,train,1.8388491,1.8814368,1.6232493,1.6700289
mb-10127,train,2.3222194,2.4319391,1.968483,2.2280557
mb-02580,train,1.518514,1.513915,1.20412,1.2937173
mb-03090,train,2.09691,2.1473813,1.7242758,1.7775924
mb-08145,train,2.0253057,1.9615867,1.4771212,1.4290072
mb-04683,train,1.90309,1.8942374,1.4913617,1.5042317
mb-09074,train,1.8750613,1.6780725,1.5440681,1.446985
mb-07229,train,1.7075702,1.771874,1.2787536,1.3214492
mb-07879,train,1.4149734,1.4149777,1.20412,1.2907115
mb-05573,train,2.0863597,2.1240861,2.20412,2.0531015
mb-07864,train,1.5314789,1.5139693,1.2787536,1.2674751
mb-09683,train,1.968483,2.0043156,1.7160033,1.8468187
mb-00620,train,2.149219,2.052456,1.9294189,1.8666198
mb-08694,train,2.240549,2.2261305,1.5797836,1.6890008
mb-02773,train,1.6127839,1.5974386,1.4149734,1.3703533
mb-09612,train,2.3053513,2.2312043,1.9956352,1.9223695
mb-00136,train,2.1702619,2.1708987,1.8976271,1.8329126
mb-06778,train,2.033424,1.9415638,0.845098,0.73549134
mb-07198,train,1.8260748,1.5962578,1.6127839,1.3836643
mb-08225,train,1.9344985,2.0123746,1.6532125,1.6436714
mb-08141,train,1.230449,1.1709356,0.845098,0.8282022
mb-10863,train,1.9956353,1.9310235,1.3617278,1.278362
mb-08661,train,2.178977,2.226333,1.8750613,1.8192043
mb-05768,train,1.9395193,1.9612976,1.30103,1.4815556
mb-01166,train,2.1903317,2.185204,1.5563025,1.5427902
mb-02918,train,1.7160033,1.6018734,1.3617278,1.3688202
mb-00176,train,2.232996,2.1611023,2.09691,2.0039582
mb-08241,train,1.6720978,1.7307599,1.447158,1.5179895
mb-00870,train,1.90309,1.8475018,1.5563025,1.5727905
mb-04331,train,1.5797836,1.4852266,1.3617278,1.27142
mb-10986,train,1.9542425,2.0013719,1.69897,1.7046247
mb-10441,train,1.7993406,2.3514469,1.8920946,2.0533543
mb-10437,train,2.1238515,2.1545649,1.7853298,1.8510671
mb-00692,train,2.0170333,1.8988123,1.7075702,1.6301005
mb-08037,train,2.209515,2.1855729,1.90309,1.9129965
mb-00460,train,2.1553361,2.1664097,1.819544,1.7785516
mb-02685,train,1.9444827,2.0330737,1.6532125,1.7334383
mb-02962,train,1.9493899,1.9461629,1.0,1.0110726
mb-03308,train,1.8129134,1.7926269,1.4313638,1.4585178
mb-09641,train,1.7993406,1.6228845,1.20412,1.1277273
mb-00290,train,1.7242758,1.5695996,1.60206,1.548463
mb-10790,train,2.0128372,2.0950966,1.5185139,1.6796606
mb-09218,train,1.0413927,1.2718405,0.845098,1.0489062
mb-02267,train,2.071882,2.116726,1.50515,1.4777594
mb-07750,train,1.6127838,1.5849495,1.447158,1.2667403
mb-04253,train,1.1139433,1.1759958,0.9542425,1.0528091
mb-09782,train,1.6812413,1.6111219,1.1139433,1.2404611
mb-08022,train,2.143015,2.1886418,2.071882,2.103538
mb-09556,train,2.2479732,2.1491241,2.075547,1.9069333
mb-00916,train,1.9444827,1.9152572,1.6232493,1.5827001
mb-02184,train,2.149219,2.0807457,1.5682018,1.560471
mb-05729,train,2.0681858,2.0890532,1.3222193,1.3766656
mb-09020,train,1.7075702,1.7613672,1.3424227,1.4792682
mb-07545,train,1.1760912,1.2481191,1.0413927,1.0723822
mb-10406,train,1.6434526,1.4244545,1.447158,1.2306757
mb-08163,train,1.3222193,1.3317952,1.0791812,1.0698297
mb-02055,train,2.0681858,2.0591373,1.5910646,1.605434
mb-03442,train,1.8920946,1.8939613,1.447158,1.4158695
mb-02290,train,2.3521824,2.3230493,2.0293837,2.0240023
mb-03664,train,1.1139433,1.4086113,1.4771212,1.2858622
mb-05635,train,2.1731863,2.1757553,2.0,1.9430219
mb-00616,train,1.3617278,1.1562682,0.845098,0.72507274
mb-09214,train,1.39794,1.6240642,0.9542425,1.1788125
mb-03966,train,1.9242792,1.943307,1.763428,1.7331251
mb-03132,train,1.8633229,1.8296238,1.4771212,1.4368708
mb-01719,train,1.724276,1.6890099,1.30103,1.2888124
mb-08204,train,1.8573325,1.8220727,1.3424227,1.3642923
mb-01822,train,1.4771212,1.5901669,1.3222193,1.383308
mb-09536,train,1.6532125,2.041332,1.39794,1.6868852
mb-09153,train,2.075547,2.0254796,1.9731278,1.9490256
mb-07646,train,1.8129134,1.862277,1.30103,1.3186984
mb-03618,train,1.9867717,1.9516416,1.7558749,1.6938621
mb-07108,train,1.8512584,1.7233031,1.5563025,1.520574
mb-01126,train,1.7323937,1.7116606,1.4913617,1.4874018
mb-07819,train,1.7923917,1.7539606,1.447158,1.3902974
mb-03703,train,2.2227166,2.1839762,2.0413928,2.0892482
mb-10872,train,1.3222194,1.2900212,0.90309,0.9399369
mb-04098,train,1.9956353,2.0481968,1.7781513,1.7291064
mb-02926,train,1.7853298,1.7937067,1.5797836,1.5612404
mb-08740,train,1.6812412,1.6646291,1.447158,1.4171166
mb-10761,train,1.6989701,1.6764407,1.30103,1.3236765
mb-08270,train,0.90309,0.9564307,0.60206,0.7187162
mb-03060,train,1.3802112,1.2333212,1.0413927,0.93147516
mb-04787,train,1.6434526,1.5127409,1.230449,1.200285
mb-01858,train,1.1760912,1.0679824,0.845098,0.7807866
mb-03680,train,2.2787535,2.2080626,1.9867717,1.9590433
mb-04610,train,1.9084849,1.9364827,1.5314789,1.5359885
mb-05687,train,2.0934217,2.0690656,1.5440681,1.563148
mb-08117,train,2.232996,2.1909392,1.8573325,1.8024136
mb-06550,train,1.9956353,1.9481174,1.4313638,1.458186
mb-05328,train,1.6334684,1.6096704,1.5185139,1.5238401
mb-01118,train,1.4149734,1.4241087,1.1139433,1.1178505
mb-08171,train,2.198657,2.1322594,1.770852,1.7383498
mb-09584,train,1.6627579,1.6424128,1.3424227,1.3522577
mb-06023,train,1.90309,2.0861034,1.7993406,1.7167996
mb-00624,train,1.9867718,1.8235916,1.462398,1.4114027
mb-07779,train,1.5910647,1.5137118,1.4313638,1.3549305
mb-01835,train,2.363612,2.376789,2.0530784,2.0514052
mb-10642,train,2.2718418,2.214593,1.7993406,1.9108442
mb-01766,train,2.1958997,2.1554837,1.8750613,1.9422251
mb-02801,train,2.2405493,2.1793814,1.8864907,1.8595009
mb-03590,train,1.9190781,1.8957003,1.6812413,1.697337
mb-00849,train,1.7558749,1.7750404,1.3617278,1.3999
mb-01143,train,0.60206,0.5484015,0.30103,0.30320883
mb-02583,train,1.5440681,1.6988677,1.2787536,1.451389
mb-04625,train,1.9637878,1.9867394,1.3424227,1.3020967
mb-03941,train,1.7075702,1.6511804,1.5440681,1.4811457
mb-05639,train,2.09691,2.062739,1.6334685,1.669513
mb-03757,train,1.5185139,1.5691094,1.2787536,1.4029696
mb-02902,train,2.045323,2.077882,1.8976271,1.8836173
mb-06554,train,1.8325089,1.8442998,1.2552725,1.3259028
mb-06717,train,2.283301,2.2412112,1.9344984,1.8837886
mb-01553,train,1.7923918,1.7217293,1.3424227,1.4566406
mb-10885,train,2.5740314,2.3883917,2.178977,2.0671897
mb-08066,train,1.7781513,1.8465222,1.60206,1.6194193
mb-01603,train,2.0086002,1.9965416,1.5185139,1.5627172
mb-06225,train,1.6812412,1.6471512,1.447158,1.448588
mb-03473,train,1.8388491,1.7777711,1.7323937,1.5902965
mb-03502,train,1.6127839,1.6451315,1.4313638,1.3982586
mb-03495,train,2.029384,2.03293,1.94939,1.9327983
mb-04241,train,1.9542426,1.9517525,1.6532125,1.6405314
mb-09644,train,2.161368,2.0391557,1.7781513,1.6498331
mb-03548,train,1.7558749,1.727211,1.5910646,1.5819718
mb-00437,train,1.7993405,1.7511393,1.60206,1.6610712
mb-00566,train,1.30103,1.0101774,0.7781513,0.64138776
mb-10204,train,1.6627579,1.6401467,1.20412,1.2291565
mb-10814,train,0.69897,0.4481563,0.69897,0.5137553
mb-01064,train,1.6989701,1.6941509,1.5440681,1.5939785
mb-10806,train,1.8388492,1.8488256,1.462398,1.4054792
mb-08104,train,1.6812413,1.6234834,1.3617278,1.2572014
mb-02751,train,1.146128,1.3979429,1.146128,1.2023388
mb-04075,train,1.5682018,1.4948266,1.3802112,1.3582513
mb-01149,train,0.0,0.04888627,0.0,0.05811405
mb-05819,train,1.6232493,1.6301765,1.39794,1.3969353
mb-05477,train,2.10721,2.0283475,1.7323937,1.8028371
mb-10564,train,1.6334684,1.6823295,1.4771212,1.5496088
mb-09295,train,1.8920946,1.8654178,1.6232493,1.5859429
mb-08061,train,2.2624512,2.2092266,1.9731278,1.8946584
mb-06205,train,1.7242758,1.7017264,1.0413927,1.0951618
mb-10652,train,1.9344984,1.9723803,1.7403626,1.807835
mb-00030,train,1.763428,1.6580074,1.447158,1.572286
mb-05500,train,0.9542425,0.97517264,0.69897,0.7325745
mb-06242,train,2.4440448,2.4250832,2.1003706,2.045565
mb-10250,train,1.8512584,1.8021269,1.6232493,1.5577377
mb-04594,train,1.9444827,2.0957665,1.5440681,1.7669611
mb-04836,train,1.9190781,2.0976214,1.7853298,1.7789328
mb-04245,train,1.80618,1.7527303,1.4313638,1.4634392
mb-05236,train,1.6901962,1.7174902,1.462398,1.474417
mb-09716,train,1.5797837,1.6577543,1.39794,1.4265554
mb-03332,train,2.2764618,2.2930405,1.9590414,2.0105639
mb-05532,train,2.2878017,2.2722316,2.0791812,1.953949
mb-08854,train,1.5185139,1.6904185,1.0,1.2113184
mb-06179,train,2.2764618,2.2014184,1.60206,1.6065391
mb-09794,train,1.845098,1.8688338,0.7781513,0.8758833
mb-10305,train,2.2479732,2.2372916,1.9190781,1.908294
mb-03422,train,1.9493899,1.9769827,1.2552725,1.2305204
mb-07290,train,2.3283796,2.2697358,1.9777236,1.9297832
mb-08933,train,1.6720979,1.6105869,1.39794,1.2368543
mb-01897,train,1.146128,1.149541,0.90309,0.94298345
mb-00164,train,1.4471581,1.4014748,1.20412,1.2203782
mb-04486,train,1.863323,1.8767756,1.4313638,1.4507773
mb-06725,train,1.9190781,1.9276322,1.8325089,1.746303
mb-04529,train,2.356026,2.3074162,2.1139433,2.0215623
mb-05304,train,2.3617277,2.1496143,1.9344984,1.7859234
mb-07933,train,1.763428,1.6762369,1.4149734,1.3383108
mb-08806,train,1.6334684,1.6978458,1.1139433,1.183588
mb-10498,train,1.6627579,1.6608665,0.90309,0.8189523
mb-09941,train,2.2810333,2.2125516,1.8864907,1.9105494
mb-04842,train,2.2355285,2.217989,2.0211892,2.0699492
mb-05688,train,1.7160034,1.692678,1.1139433,1.1329684
mb-10713,train,1.5185139,1.5170939,1.2552725,1.3230729
mb-04015,train,1.6127838,1.5587938,1.4771212,1.4659224
mb-03557,train,2.3560257,2.2977169,2.243038,2.234337
mb-07828,train,1.30103,1.2493769,1.146128,1.1002097
mb-03819,train,2.0791812,2.034624,1.6334685,1.6032556
mb-03611,train,2.075547,1.9913981,1.7993406,1.6965612
mb-01926,train,1.4771214,1.3828897,1.7993406,1.1482038
mb-10232,train,2.178977,2.068852,1.770852,1.7493426
mb-08077,train,1.8388492,1.8274171,1.6127839,1.6118621
mb-02574,train,1.1760913,1.1118753,1.146128,1.1139176
mb-01934,train,2.0211892,2.025191,1.80618,1.7780625
mb-06085,train,2.146128,2.169576,1.7403626,1.7636611
mb-07607,train,2.3053513,2.1950567,1.690196,1.676914
mb-02928,train,1.20412,1.2224865,0.90309,0.9418977
mb-04631,train,1.8633229,1.7493823,1.748188,1.6753049
mb-04472,train,2.0453231,2.0559685,1.7993406,1.8225778
mb-00786,train,1.7853298,1.6159127,1.4771212,1.352327
mb-01975,train,1.69897,1.7131867,1.6232493,1.5922861
mb-05197,train,2.39794,2.3276343,2.2600713,2.2805614
mb-08165,train,2.0043213,1.9504472,1.4771212,1.4517756
mb-00403,train,1.4313638,1.2015506,1.3617278,1.0482228
mb-06958,train,1.8808136,1.8900242,1.5563025,1.5973324
mb-04078,train,1.7075703,1.6996458,1.20412,1.230521
mb-02554,train,1.7075701,1.4756511,1.3222193,1.3522105
mb-05488,train,1.3424227,1.4301485,1.1760913,1.2091637
mb-08200,train,1.6434528,1.5332751,1.20412,1.2029109
mb-00812,train,2.133539,2.191529,1.60206,1.6938206
mb-00756,train,2.3443923,2.3390691,1.9590414,2.0165448
mb-09992,train,1.7323937,1.6905986,1.50515,1.4688354
mb-04552,train,2.0934217,2.0571976,1.770852,1.7392691
mb-06206,train,2.033424,2.0381842,1.1760913,1.1716433
mb-03938,train,1.7993406,1.826658,1.3424227,1.3279834
mb-02684,train,1.5797836,1.5008147,1.3222193,1.295665
mb-10845,train,1.9395193,1.9989117,1.6232493,1.7213708
mb-01329,train,1.0,0.8594554,0.60206,0.5394273
mb-08548,train,2.1105897,2.143494,1.9395193,2.0118823
mb-09977,train,2.1398792,2.0759225,1.3617278,1.5381507
mb-09371,train,1.5563025,1.0179892,1.5682018,0.9073334
mb-03205,train,1.8512584,1.84181,1.5440681,1.5075283
mb-10493,train,1.5797837,1.8782741,1.39794,1.612628
mb-03518,train,1.5185139,1.4736122,1.3424227,1.3642846
mb-00034,train,1.3424227,1.2911507,1.0413927,1.0303915
mb-04776,train,0.0,0.0013092756,0.0,-0.0042289495
mb-02688,train,1.146128,1.229083,0.69897,0.8769807
mb-05268,train,2.0934217,2.1423333,1.748188,1.8148627
mb-09739,train,2.38739,2.2375102,1.94939,1.8919518
mb-03737,train,1.3222194,1.3979577,1.30103,1.4118809
mb-05098,train,2.3324385,2.2865894,2.0334237,2.0007267
mb-04656,train,1.8388491,1.6517851,1.4149734,1.3778274
mb-09458,train,0.30103,0.35503155,0.0,0.10182428
mb-04444,train,2.0606978,1.8867147,1.8325089,1.7490315
mb-04128,train,2.1367207,2.0503058,1.819544,1.7922467
mb-01008,train,2.1522884,2.1293998,1.6532125,1.6899425
mb-08793,train,1.7708521,1.8270323,1.6127839,1.6231014
mb-10674,train,1.9912261,1.9628501,1.7323937,1.7531935
mb-10394,train,1.7323937,1.6949993,1.5185139,1.4937335
mb-01814,train,1.7558749,1.6590523,1.6334685,1.5984066
mb-03544,train,1.7993406,1.8016472,1.6334685,1.6184158
mb-00349,train,1.6127839,1.6132208,1.4313638,1.4403871
mb-06440,train,2.1003706,2.1285763,1.6127839,1.637841
mb-04326,train,1.7923917,1.7256868,1.3802112,1.3747815
mb-09919,train,1.748188,1.718194,1.5910646,1.570323
mb-03101,train,1.8512583,1.7674292,1.50515,1.5289115
mb-05163,train,2.2810333,2.2533758,1.8325089,1.8725584
mb-06045,train,2.1367204,2.0538359,1.7403626,1.6726611
mb-05263,train,2.2552724,2.2236025,1.9822712,1.9464688
mb-06189,train,1.8750613,1.8544753,1.1139433,1.1138474
mb-07323,train,1.8633229,1.8401794,1.690196,1.6522896
mb-08229,train,2.1522884,2.1497495,2.0170333,2.0155997
mb-07454,train,2.0413928,1.8860054,1.8512584,1.7173747
mb-03314,train,1.8129133,1.7682136,1.4771212,1.4155118
mb-08440,train,1.7242758,1.680782,1.4771212,1.4456722
mb-07685,train,1.146128,1.3084137,0.9542425,1.1365653
mb-05398,train,1.6020601,1.4996336,1.2787536,1.13019
mb-03210,train,1.3424227,1.3784273,1.0,1.1175592
mb-07435,train,1.0,0.981826,0.7781513,0.78309923
mb-00337,train,2.3820171,2.273582,1.9777236,2.0069573
mb-01793,train,1.4149734,1.4577185,1.0,1.0853775
mb-05206,train,1.20412,1.2312589,0.9542425,1.0646834
mb-09779,train,1.7323937,1.671586,1.146128,1.1548338
mb-00625,train,2.0863597,1.9359367,1.69897,1.6935748
mb-00336,train,1.20412,1.1229984,0.9542425,0.95748436
mb-03199,train,2.2810333,2.2349339,1.7160033,1.7073416
mb-10405,train,1.5797837,1.8735487,1.39794,1.4646955
mb-07484,train,2.4533184,2.547523,2.0606978,2.2040474
mb-09350,train,1.4771212,1.4097456,1.1139433,1.0916861
mb-10276,train,2.1818435,2.1831763,1.7558749,1.9226162
mb-01993,train,2.064458,1.9843208,1.8864907,1.7144332
mb-04753,train,1.5563025,1.524255,1.146128,1.1648549
mb-03603,train,2.060698,2.050209,1.462398,1.5689591
mb-02091,train,2.0791812,2.1349716,1.7993406,1.7919996
mb-05382,train,1.908485,1.7694471,1.6812413,1.5793983
mb-07445,train,1.9822713,2.0748851,1.8260748,1.8441033
mb-10638,train,2.2944663,2.2151468,2.0374265,1.975225
mb-06535,train,1.6232493,1.4896204,1.3802112,1.3458872
mb-00112,train,1.230449,1.1894385,0.845098,0.84371597
mb-09129,train,1.6232493,1.6509717,1.20412,1.323265
mb-08497,train,2.4668674,2.3779657,2.149219,2.1330137
mb-01350,train,0.845098,0.8072834,0.69897,0.6754073
mb-01370,train,1.7160034,1.8335134,1.5563025,1.5765105
mb-08852,train,0.60206,0.7191932,0.30103,0.52692986
mb-09440,train,0.30103,0.3463098,0.0,0.0953877
mb-03306,train,1.763428,1.7346336,1.3424227,1.3865253
mb-09533,train,2.08636,2.0900059,1.7075702,1.6630211
mb-03832,train,2.4756713,2.4382958,2.075547,2.0888767
mb-03116,train,1.9242793,1.985907,1.6334685,1.7214105
mb-09118,train,2.1673174,2.2071755,1.9242793,1.9038821
mb-06537,train,2.3364599,2.2502587,1.94939,1.8719084
mb-02812,train,1.748188,1.7651496,1.3617278,1.3756299
mb-04140,train,2.025306,2.081211,1.7075702,1.752974
mb-03707,train,2.20412,2.1792445,1.7781513,1.7998946
mb-06263,train,2.220108,2.2732172,1.7403626,1.8650476
mb-08416,train,2.0170333,1.8263807,1.7853298,1.5558953
mb-01562,train,2.25042,2.194278,1.8808136,1.8527713
mb-07530,train,2.0253057,2.0766227,1.69897,1.765709
mb-06086,train,2.130334,2.0353603,1.4149734,1.3010585
mb-08069,train,1.6720979,1.4132535,1.3424227,1.1214416
mb-03815,train,1.7403628,1.7302523,1.5563025,1.6563934
mb-07720,train,1.4771212,1.2151299,1.1139433,0.8388753
mb-05603,train,1.9190781,1.9962599,1.7853298,1.8318539
mb-06761,train,1.8129134,1.7728758,1.1760913,1.1949754
mb-06360,train,1.6434528,1.6769509,1.1760913,1.1769226
mb-04377,train,1.6127839,1.6327101,1.4313638,1.4807174
mb-05130,train,2.161368,2.1002507,1.7781513,1.7524955
mb-07820,train,2.0530784,1.9334674,1.8750613,1.7686529
mb-04053,train,1.3222194,1.2436503,1.146128,1.1130376
mb-02206,train,1.7993405,1.7964296,1.50515,1.520853
mb-09854,train,1.80618,1.8056686,1.5563025,1.6417135
mb-00651,train,1.9912262,2.0349061,1.6334685,1.612522
mb-07799,train,2.0606978,2.0462651,1.9395193,1.8785703
mb-02948,train,1.6020601,1.5748714,1.4313638,1.4014145
mb-08882,train,1.5185139,1.6383104,1.447158,1.4339664
mb-06307,train,2.0128372,1.9643576,1.447158,1.3500894
mb-06301,train,1.9590415,1.8929178,1.4313638,1.3559277
mb-02095,train,2.2121875,2.1571884,1.7558749,1.7715404
mb-07854,train,1.5563025,1.4093068,1.2787536,1.2458941
mb-06784,train,2.1818438,2.1857986,1.94939,1.9337262
mb-08880,train,2.0863597,2.1309643,1.6720978,1.826482
mb-05894,train,2.0170333,1.8960463,1.763428,1.5808145
mb-07399,train,1.6812413,1.6657416,1.3424227,1.4172255
mb-06017,train,2.2810333,2.2824268,1.8808136,1.9229424
mb-00676,train,2.064458,1.7343779,1.50515,1.1807566
mb-03214,train,1.9493899,1.891631,1.8573325,1.7393674
mb-07324,train,1.39794,1.6695528,1.39794,1.4916128
mb-06705,train,1.7558749,1.7253366,1.4771212,1.4093881
mb-10797,train,2.1238515,2.094363,1.8808136,1.9501852
mb-01049,train,1.230449,1.2423512,0.60206,0.7215713
mb-06027,train,2.2855573,2.1525288,1.8512584,1.7018619
mb-04600,train,2.143015,2.0114925,1.7323937,1.6192441
mb-00644,train,2.0827854,2.0666783,1.7781513,1.8017359
mb-05900,train,1.80618,1.7930512,1.3222193,1.3590019
mb-07493,train,2.1903317,2.1224117,1.9138138,2.0215824
mb-00335,train,1.8633229,1.8441311,1.60206,1.6360492
mb-03968,train,2.2253094,2.247854,1.8573325,1.8576313
mb-03143,train,1.80618,1.7803891,1.6334685,1.6472287
mb-05331,train,2.1038039,2.0661263,1.6334685,1.5405335
mb-06447,train,1.5314789,1.6554977,1.3222193,1.4705913
mb-08936,train,2.1731863,2.2342916,1.7242758,1.7840234
mb-09857,train,1.5314789,1.5315292,1.2787536,1.2430623
mb-03288,train,2.2227166,2.1588275,1.9242793,1.9594605
mb-09462,train,2.149219,2.1667793,1.7853298,1.7413074
mb-00538,train,1.3979399,1.0539697,1.0791812,0.6958422
mb-04597,train,2.3579347,2.3613863,2.0334237,1.9844885
mb-07488,train,1.5682018,1.4697913,1.30103,1.2601786
mb-09934,train,2.1903317,2.241245,1.770852,1.8477466
mb-06161,train,2.2833014,2.1970525,1.8633229,1.7611133
mb-03095,train,1.8388492,1.845976,1.462398,1.4934427
mb-05747,train,1.6434528,1.6665039,1.20412,1.2573857
mb-09696,train,2.3010302,2.2392702,1.7075702,1.8793163
mb-03377,train,1.146128,1.2021606,1.1139433,1.0666453
mb-08128,train,1.5051501,1.4800773,1.2787536,1.3419163
mb-06415,train,2.3283796,2.3088393,1.94939,1.8823886
mb-07877,train,1.9777236,1.9300884,1.770852,1.7981908
mb-03261,train,2.149219,1.9806763,1.763428,1.7421545
mb-03704,train,1.8750613,1.8538388,1.5563025,1.6481483
mb-00643,train,2.120574,2.1055284,1.845098,1.940386
mb-00808,train,1.9084849,1.8370332,1.6434526,1.6696173
mb-03612,train,2.3324385,2.1697514,2.049218,1.9015309
mb-09024,train,1.4149734,1.624117,1.0413927,1.2406002
mb-10757,train,1.9542425,1.7325966,1.4771212,1.5009477
mb-03746,train,1.7403626,1.7586989,1.6232493,1.5647842
mb-02996,train,2.164353,2.1303651,1.8920946,1.8366126
mb-04508,train,2.252853,2.2593067,1.9956352,1.9994224
mb-05165,train,2.3096302,2.2562454,1.8388491,1.9204971
mb-10374,train,1.6020601,1.9025066,1.462398,1.6844934
mb-09136,train,1.9294189,2.0848897,1.6812413,1.7340107
mb-00577,train,1.690196,1.5866883,1.3802112,1.3982674
mb-00102,train,1.8388491,1.7956281,1.3617278,1.3551308
mb-08836,train,2.0374265,2.170806,1.690196,1.7729133
mb-04745,train,2.0086002,2.0103016,1.690196,1.748162
mb-08870,train,1.8388491,1.8875146,1.39794,1.4464107
mb-07837,train,2.25042,2.1974456,1.6434526,1.7082369
mb-07968,train,2.2528532,2.2909403,1.94939,1.9385704
mb-02370,train,2.1072102,2.1041265,1.7993406,1.7782865
mb-05857,train,2.2576785,2.1747823,1.9242793,1.9049549
mb-04372,train,1.6127839,1.5856855,1.4149734,1.3918399
mb-06982,train,1.146128,1.0837954,0.7781513,0.74196804
mb-09592,train,2.1583624,2.1485887,1.5910646,1.5890545
mb-00184,train,0.7781513,0.70676315,0.47712126,0.43698812
mb-00180,train,1.90309,1.8327944,0.30103,0.5612758
mb-00889,train,2.09691,2.0206265,1.8129133,1.739625
mb-02809,train,1.7853298,1.7214955,1.50515,1.5424297
mb-02650,train,1.0791813,1.0823054,0.47712126,0.5207914
mb-10881,train,1.8325089,1.8310896,1.748188,1.8107682
mb-05375,train,1.845098,1.7140931,1.60206,1.5391017
mb-05260,train,1.8388491,1.8717638,1.3222193,1.4628141
mb-05521,train,1.9138138,1.9741461,1.8920946,1.5676038
mb-06431,train,2.3856063,2.337496,2.0253057,1.983012
mb-08332,train,2.2855573,2.2489262,1.4313638,1.5079422
mb-01180,train,2.3944516,2.3671584,2.064458,2.0020847
mb-04731,train,1.8920946,1.7645074,1.7403626,1.6201879
mb-06248,train,1.763428,1.6972554,1.447158,1.4314177
mb-06753,train,1.5563025,1.5233428,1.3424227,1.3878014
mb-05081,train,2.4149733,2.3838494,2.1238515,2.10399
mb-07930,train,2.0827854,2.025513,1.3802112,1.3013163
mb-03100,train,1.9777236,1.8505957,1.8692317,1.6706887
mb-09873,train,2.2405493,2.175819,1.8692317,1.827905
mb-04112,train,1.7242758,1.6894109,1.5314789,1.4565191
mb-08362,train,1.8260748,1.7402211,1.6812413,1.5528244
mb-05014,train,1.8750613,1.9803399,1.690196,1.7813839
mb-10592,train,1.2787535,1.2492062,1.0791812,1.0853543
mb-02084,train,2.033424,1.9623245,1.8260748,1.7826279
mb-08626,train,2.3053513,2.2014375,1.9912261,1.9647496
mb-05411,train,2.2764618,2.2677767,1.8692317,1.9392254
mb-10399,train,2.0606978,1.9507942,1.690196,1.6224098
mb-08092,train,1.763428,1.743751,1.3802112,1.4130845
mb-04603,train,1.9242793,1.9329363,1.30103,1.4261589
mb-02478,train,1.8573325,1.9392081,1.30103,1.3864403
mb-02041,train,1.6127839,1.9464709,1.4149734,1.6075329
mb-05087,train,2.1367207,2.0716136,1.8976271,1.8329495
mb-06820,train,1.6812412,1.7535628,1.3222193,1.4130962
mb-02579,train,2.2671716,2.2127173,1.9344984,1.9539343
mb-02657,train,2.357935,2.3061829,1.8976271,1.952655
mb-10062,train,1.3424227,1.5505165,1.20412,1.3875293
mb-02201,train,2.1038036,2.029839,1.845098,1.802419
mb-07662,train,1.39794,1.4855729,1.1760913,1.2371444
mb-05045,train,2.0492182,2.0702188,1.7781513,1.8999536
mb-01811,train,2.209515,2.2030137,1.8864907,2.0120614
mb-02876,train,2.09691,2.0725887,1.6720978,1.6280714
mb-00815,train,1.8512584,1.9030627,1.2787536,1.3570008
mb-01765,train,2.1673174,2.1552114,1.8388491,1.8513631
mb-09603,train,1.8325089,1.7671965,1.4771212,1.5564594
mb-10158,train,1.6434526,1.7147669,1.3617278,1.4514564
mb-10835,train,2.0211892,2.1396825,1.690196,1.736134
mb-02397,train,1.9190781,1.8989034,1.2787536,1.3028646
mb-02264,train,1.5797837,1.3869634,1.3424227,1.1771346
mb-07236,train,1.7075702,1.741607,1.230449,1.26765
mb-00672,train,2.1702616,2.2058163,1.8388491,1.8905215
mb-01459,train,1.763428,1.7070465,1.3802112,1.4258018
mb-06577,train,1.7993405,1.7467216,1.60206,1.5819762
mb-05176,train,1.6720979,1.602351,1.2787536,1.280369
mb-07797,train,1.7075702,1.7042793,1.4771212,1.4907905
mb-09628,train,1.1760913,1.0801219,0.69897,0.7044648
mb-06428,train,1.5440681,1.6912429,1.3802112,1.4085455
mb-09316,train,1.8573325,1.8597165,0.90309,0.96509564
mb-05340,train,2.326336,2.2747865,1.690196,1.6897771
mb-04034,train,1.748188,1.7238615,1.3802112,1.3303205
mb-03669,train,1.8864908,1.8183262,1.5440681,1.5784906
mb-04371,train,2.0681858,2.1213298,1.7923917,1.78441
mb-10849,train,2.3673558,2.3118374,2.0827854,2.163434
mb-00967,train,2.1139433,2.0773206,1.6627579,1.671748
mb-08506,train,2.071882,2.1170125,1.50515,1.5658143
mb-07033,train,2.2355285,1.982341,1.9344984,1.6836011
mb-02861,train,1.1760913,1.2105446,0.69897,0.81358874
mb-10578,train,1.4913617,1.4432309,1.0,1.0887713
mb-08921,train,1.2787536,1.2261299,0.90309,0.8860193
mb-09043,train,2.0128372,2.0007741,1.7923917,1.7937342
mb-02372,train,1.544068,1.465981,1.0791812,1.1068361
mb-08348,train,2.0334237,1.9979279,1.5910646,1.6025991
mb-07499,train,2.3053513,2.1773953,1.9138138,1.9946979
mb-05481,train,1.7993406,1.9013997,1.5682018,1.7301598
mb-07297,train,2.209515,2.0878768,1.9444827,1.8728304
mb-07428,train,1.2552725,1.3288422,0.90309,1.0017569
mb-05928,train,1.462398,1.4700518,1.39794,1.3987762
mb-09169,train,1.7323939,1.8249688,1.4313638,1.4890527
mb-05071,train,2.2405493,2.1598508,1.845098,1.628657
mb-09523,train,2.089905,2.1341245,1.8864907,1.9413004
mb-05431,train,2.440909,2.2907822,2.303196,2.163443
mb-09060,train,2.3096302,2.167347,1.908485,1.8156335
mb-00838,train,1.9190781,1.9010116,1.5440681,1.578113
mb-08355,train,2.365488,2.251119,1.9912261,1.8875644
mb-04418,train,1.9138138,1.8578339,1.5797836,1.4795704
mb-06054,train,2.2355285,2.211755,1.8260748,1.8281257
mb-00389,train,1.748188,1.8053281,1.2787536,1.393811
mb-08699,train,2.0211895,1.8961802,1.5682018,1.526648
mb-07764,train,1.9822712,1.94016,1.60206,1.5705193
mb-01922,train,1.7075701,1.5555056,1.5797836,1.48509
mb-09398,train,0.60206,0.532364,0.30103,0.31471312
mb-04332,train,1.6434528,1.6086626,1.5682018,1.5045413
mb-05020,train,1.8573325,1.8245293,1.5185139,1.5025866
mb-08291,train,1.7160034,1.6926534,1.20412,1.2397473
mb-03975,train,2.3324385,2.2125282,1.908485,1.7730396
mb-02939,train,2.3053513,2.2406192,1.9344984,1.9120767
mb-03934,train,1.8633229,1.7912431,1.4771212,1.4984024
mb-03316,train,1.748188,1.75969,1.20412,1.3630811
mb-06832,train,2.1702616,2.1515865,1.6720978,1.5530638
mb-03616,train,2.09691,2.175186,1.9777236,2.054035
mb-03043,train,2.3856063,2.2300456,1.9444827,1.8256856
mb-01222,train,0.90309,1.0729927,0.69897,0.8508353
mb-07503,train,2.1903317,2.2199867,1.5910646,1.6726804
mb-10479,train,1.8325089,1.8136381,1.6127839,1.5526834
mb-09495,train,1.4771214,1.9407737,1.3424227,1.2773823
mb-07001,train,1.2552725,1.2661649,0.90309,0.97197986
mb-07713,train,2.2329962,2.180596,1.968483,1.896907
mb-08399,train,2.0899053,2.1126451,1.8512584,1.8658493
mb-04934,train,2.1931248,2.096702,1.8512584,1.7830973
mb-07803,train,2.1172714,1.8178399,1.7781513,1.5830953
mb-01219,train,1.90309,1.970111,1.7923917,1.8002801
mb-10435,train,2.10721,2.1371508,1.80618,1.8270924
mb-09636,train,1.968483,1.9412353,1.69897,1.7295884
mb-07934,train,1.690196,1.7251971,1.2552725,1.3504717
mb-06955,train,2.2430382,2.1971564,1.90309,2.0110292
mb-05683,train,2.2121878,2.1613734,1.3424227,1.3459305
mb-04686,train,1.7781513,1.6085453,1.7923917,1.532319
mb-00803,train,2.0863597,2.1270833,1.770852,1.870135
mb-10052,train,2.1367207,2.0948625,1.845098,1.7586519
mb-01848,train,1.5797836,1.3255702,1.0791812,0.95345515
mb-09344,train,1.7323937,1.8399634,1.230449,1.3779087
mb-03924,train,2.0791812,2.1045055,1.7923917,1.9010878
mb-05696,train,1.8388491,1.8082227,1.5314789,1.5048376
mb-00782,train,2.264818,2.1954267,2.143015,2.052879
mb-05723,train,2.1003704,2.0926793,2.045323,2.061687
mb-09343,train,2.283301,2.210162,2.1238515,2.1084495
mb-02572,train,2.0374265,1.9281461,1.6627579,1.5214698
mb-05945,train,1.9444827,1.9052967,1.5682018,1.4893721
mb-05064,train,1.9138138,1.8609314,1.763428,1.7224262
mb-00430,train,2.0492182,2.0298295,1.6627579,1.6320978
mb-01831,train,2.3117537,2.2075126,1.80618,1.8329074
mb-09654,train,1.20412,1.1959071,0.7781513,0.8564602
mb-02108,train,1.9395193,1.8116158,1.845098,1.6981845
mb-06195,train,2.2253094,2.1284285,1.6532125,1.6541214
mb-07709,train,1.4771214,1.4847513,1.230449,1.255909
mb-05599,train,2.4031205,2.401754,2.161368,2.1184456
mb-06485,train,2.3856063,2.3340325,2.1139433,1.9651169
mb-00348,train,1.7075703,1.5819013,1.1760913,1.1248245
mb-00826,train,1.6720979,1.6975054,1.4313638,1.5087421
mb-05034,train,2.1430147,2.0218778,1.7923917,1.6770453
mb-04568,train,1.8976271,1.979434,1.4771212,1.5846883
mb-04193,train,1.9777236,1.9480741,1.5185139,1.5676336
mb-02245,train,2.463893,2.4164414,2.139879,2.163484
mb-03207,train,2.1038036,2.139254,1.6720978,1.7352663
mb-09366,train,1.9395193,1.8343048,1.7853298,1.5697147
mb-00415,train,2.363612,2.3260846,1.8976271,1.9987521
mb-05847,train,2.075547,2.0694456,1.5440681,1.5561075
mb-03668,train,1.146128,1.7130973,1.3424227,1.4879878
mb-06903,train,1.0,1.0365027,0.845098,0.8748992
mb-08750,train,2.462398,2.3987768,2.2121875,2.152256
mb-06105,train,2.146128,2.121497,1.5185139,1.6400534
mb-07817,train,2.0827854,1.8828932,1.5910646,1.5386742
mb-08849,train,2.1583626,2.126613,1.8512584,1.9152355
mb-06828,train,1.7075702,1.619153,1.3617278,1.2916617
mb-08483,train,0.69897,0.9210814,0.47712126,0.7040023
mb-09663,train,2.2576785,2.213793,1.8633229,1.8995931
mb-03871,train,2.1367207,2.099043,1.6812413,1.5912633
mb-07897,train,1.4149734,1.4156077,1.146128,1.3530661
mb-03371,train,1.1760912,1.2043968,1.0,1.0536013
mb-06003,train,1.9395193,1.9139166,1.4913617,1.5431433
mb-04141,train,2.0492182,2.0601542,1.4149734,1.5136203
mb-02457,train,1.6532125,1.5481298,1.39794,1.4178706
mb-09391,train,1.8129134,1.8280976,1.4913617,1.5377637
mb-07036,train,1.8633229,1.814661,1.60206,1.5083741
mb-09272,train,2.0791812,2.0362468,1.763428,1.8457347
mb-01373,train,1.4913617,1.3866912,0.9542425,0.9630793
mb-02781,train,2.060698,2.033206,1.5440681,1.4890754
mb-09003,train,1.4913617,1.8441186,0.9542425,1.3023466
mb-00535,train,1.90309,1.7993038,1.8388491,1.6610171
mb-10811,train,1.4471581,1.4245547,1.1760913,1.195513
mb-01632,train,2.09691,2.1361508,1.80618,1.8129549
mb-09642,train,2.2764618,2.1921673,1.8808136,1.9058211
mb-09420,train,0.0,-0.19480577,0.0,-0.11254799
mb-00139,train,1.6720979,1.5769942,1.3424227,1.2986804
mb-03023,train,1.3979399,1.3048211,1.0791812,0.99860466
mb-04707,train,1.8750613,1.856952,1.5682018,1.5223466
mb-01277,train,1.462398,1.287497,1.2787536,1.1068584
mb-09730,train,2.2741578,2.2167938,1.8573325,1.856268
mb-09931,train,1.6720979,1.621453,1.1760913,1.2431641
mb-04025,train,2.2944663,2.2581484,1.9867717,1.9606549
mb-07853,train,1.0791812,1.1032422,0.69897,0.7888641
mb-07300,train,1.5797836,1.684065,1.447158,1.4972451
mb-07852,train,2.0128372,2.0421908,1.6627579,1.7804208
mb-04081,train,1.8129134,1.8728136,1.5440681,1.6310179
mb-08982,train,1.4913617,1.4685185,1.2787536,1.2484832
mb-06929,train,1.7781513,1.6770414,1.5682018,1.5484946
mb-08193,train,1.7558749,1.7311249,1.3802112,1.4325372
mb-04816,train,0.0,0.044694006,0.0,0.05952072
mb-04448,train,2.178977,2.1371331,1.690196,1.8292869
mb-04086,train,1.3979399,1.3647335,1.0791812,1.0291393
mb-06472,train,2.1818435,2.1614141,1.9731278,1.95473
mb-00151,train,2.1875207,2.0240488,1.9444827,1.8401961
mb-09133,train,2.1583624,2.0421405,1.7403626,1.6282674
mb-03016,train,2.389166,2.4342172,2.1367207,2.161444
mb-01411,train,1.2787535,1.0837867,0.845098,0.79803574
mb-07631,train,2.133539,2.1565552,1.7242758,1.840593
mb-04252,train,1.7708521,1.7673378,1.2787536,1.3210431
mb-02118,train,2.20412,2.1350968,2.0,1.9473097
mb-08413,train,1.5185139,1.5189872,1.4149734,1.4125891
mb-09586,train,1.6720978,1.6617659,1.3222193,1.2925572
mb-08588,train,2.133539,2.0966015,1.90309,1.8811662
mb-01840,train,2.1139433,2.1536973,2.1583624,2.0522637
mb-04894,train,2.1818435,2.1870356,2.0934217,2.0601845
mb-08952,train,2.1818435,2.2245133,1.7853298,1.8170732
mb-07556,train,2.0791812,2.0544057,1.690196,1.6554357
mb-01746,train,1.3222193,1.3872768,0.845098,0.947579
mb-04856,train,1.4913617,1.5063407,1.3617278,1.4275562
mb-02313,train,1.8750613,1.9603511,1.7242758,1.7925191
mb-00431,train,1.3424227,1.3160418,1.0,1.0581399
mb-08846,train,1.8260748,1.9126568,1.5682018,1.6813022
mb-06158,train,1.8808136,1.8977183,1.230449,1.2806206
mb-08720,train,2.075547,2.080133,1.20412,1.311433
mb-08678,train,1.7558749,1.7749732,1.230449,1.2951858
mb-10418,train,1.9344985,1.9423921,1.5682018,1.4687086
mb-06187,train,2.0827854,2.0601516,1.6232493,1.5310638
mb-10159,train,2.1172714,2.058921,1.8512584,1.7568007
mb-07222,train,1.5682018,1.5627207,1.1139433,1.2477275
mb-09855,train,2.0827854,1.8902142,1.4149734,1.2439194
mb-03621,train,1.763428,1.7195215,1.5797836,1.5074182
mb-04069,train,1.5051501,1.4820615,1.30103,1.3187088
mb-09722,train,2.1522884,2.1991606,1.8808136,1.9792802
mb-01885,train,2.1105897,2.0669131,1.7993406,1.8674046
mb-08948,train,2.089905,2.139138,1.7160033,1.8846596
mb-03400,train,1.9242792,1.8538148,1.5185139,1.4869163
mb-05861,train,2.3443923,2.3019874,2.0374265,1.9454958
mb-05117,train,2.243038,2.1956525,2.146128,2.0821784
mb-06713,train,2.09691,1.9940164,1.3802112,1.3145937
mb-10138,train,2.390935,2.3162193,2.0681858,2.0173233
mb-00872,train,1.230449,1.157444,1.1760913,1.0938239
mb-09432,train,1.5797837,1.5781169,0.9542425,0.99286145
mb-07600,train,1.5440681,1.129162,1.1760913,0.88497627
mb-02039,train,1.3617278,1.3718603,1.1139433,1.1323278
mb-07887,train,0.6989701,1.4067099,1.5440681,1.3804809
mb-02119,train,2.0827854,2.077662,1.5682018,1.5945414
mb-04688,train,1.462398,1.395138,1.1139433,1.0010448
mb-08912,train,1.5797837,1.5610557,1.39794,1.4452308
mb-05025,train,2.298853,2.2226872,1.770852,1.6681165
mb-06685,train,1.5440681,1.5166283,1.2787536,1.3231043
mb-10777,train,1.8512584,1.8024449,1.146128,1.1435022
mb-03463,train,2.252853,2.1993392,1.748188,1.7068213
mb-04847,train,2.1461282,2.1364202,1.8976271,1.9377723
mb-06951,train,2.4361627,2.353062,2.0934217,2.040721
mb-05955,train,1.7923918,1.7531526,1.20412,1.2864873
mb-07065,train,2.3283796,2.140248,2.2718415,2.1333249
mb-01351,train,2.3424227,2.299958,1.8633229,1.9599311
mb-03190,train,1.9731278,1.9048064,1.5797836,1.5510988
mb-03333,train,2.3201463,2.38063,1.9956352,2.010617
mb-04942,train,1.7634281,1.7316012,1.5563025,1.498109
mb-08889,train,2.356026,2.3662539,1.9294189,2.0290093
mb-02884,train,2.2455127,2.245029,1.9242793,1.9337392
mb-09821,train,2.064458,2.0756867,1.6434526,1.7635999
mb-09176,train,1.6812413,1.688232,1.3617278,1.4488454
mb-06343,train,2.2833014,2.1888008,1.80618,1.8089643
mb-06558,train,1.8512584,1.9128029,1.30103,1.3355807
mb-10145,train,2.2355285,2.217195,1.6434526,1.6581328
mb-00108,train,1.90309,1.8341041,1.6334685,1.5618511
mb-04038,train,1.763428,1.7642348,1.2552725,1.3031702
mb-05318,train,2.1522884,2.1528223,1.6812413,1.6666464
mb-05152,train,2.4014006,2.263225,1.968483,1.9497522
mb-05786,train,1.8692317,1.8557098,1.20412,1.207402
mb-08786,train,2.3926969,2.4122498,2.0170333,2.123539
mb-02855,train,2.0253057,1.9807864,1.69897,1.7220458
mb-00363,train,1.5440681,1.5814697,1.230449,1.3205732
mb-07015,train,1.6812413,1.4820528,1.2787536,1.2410796
mb-10217,train,2.4149733,2.3143985,2.1139433,2.0157325
mb-10393,train,1.9637878,1.9296088,1.462398,1.4500427
mb-00489,train,2.2227166,2.16123,1.9731278,1.8968613
mb-01314,train,1.20412,0.9599028,0.7781513,0.7114517
mb-03006,train,2.25042,2.103781,1.908485,1.7846255
mb-08454,train,1.8129134,1.8621821,1.462398,1.4736168
mb-06560,train,1.6020601,1.6163536,1.20412,1.1754836
mb-09778,train,1.908485,1.7285309,1.39794,1.3037597
mb-06636,train,2.2430382,2.2254617,2.1673174,2.0936756
mb-09037,train,1.6901962,1.6941612,1.2787536,1.3152944
mb-05610,train,1.6127839,1.6433971,1.4149734,1.3675244
mb-01453,train,2.049218,2.0103643,1.7923917,1.7280672
mb-09033,train,2.264818,2.2520905,1.9242793,1.8749505
mb-04064,train,1.6720979,1.5204238,1.5682018,1.4346417
mb-07711,train,1.5682018,1.398543,1.39794,1.2705626
mb-04532,train,2.0086002,2.0175388,1.7160033,1.7204487
mb-03369,train,2.456366,2.5010962,2.3820171,2.4382753
mb-06512,train,1.913814,1.9030701,1.462398,1.488295
mb-06176,train,2.434569,2.4202654,2.1238515,2.0695958
mb-01392,train,2.1072102,2.0455704,1.5563025,1.5297914
mb-04668,train,1.8450981,2.024748,1.462398,1.627361
mb-02545,train,1.4471581,1.4092332,1.2552725,1.2236574
mb-06394,train,2.346353,2.2834003,2.0413928,1.8963454
mb-00722,train,1.9344984,1.8174701,1.6232493,1.6643088
mb-10704,train,2.0043213,2.142829,1.7558749,1.8877025
mb-06504,train,1.4913617,1.5719548,1.0413927,1.1974005
mb-07272,train,2.1760912,2.0859668,1.8633229,1.8714542
mb-00322,train,1.8864907,1.7628837,1.69897,1.5807861
mb-07248,train,2.0,1.9819691,1.9956352,1.8901525
mb-03206,train,2.089905,2.0465488,1.9294189,1.8657552
mb-06444,train,1.863323,1.840759,1.4913617,1.4562268
mb-05404,train,1.9444827,1.9621385,1.230449,1.286773
mb-02816,train,2.2878017,2.2627532,2.143015,2.114516
mb-07608,train,1.5563025,1.5316138,1.1760913,1.2592368
mb-08043,train,1.80618,1.8068228,1.4913617,1.582461
mb-08239,train,1.8976271,1.8435088,1.5314789,1.525497
mb-09262,train,2.209515,2.1779,1.9395193,1.8493329
mb-02949,train,1.9294189,1.9048356,1.3802112,1.4524224
mb-04520,train,2.025306,2.0089078,1.6532125,1.625856
mb-00432,train,1.4471581,1.3397095,1.146128,1.0616786
mb-00328,train,2.2121875,2.1069648,1.80618,1.7593718
mb-01981,train,1.69897,1.6126065,1.3802112,1.3381406
mb-06871,train,1.80618,1.8833587,1.20412,1.4071796
mb-09534,train,2.0128374,2.0170865,1.4313638,1.4203514
mb-06897,train,2.2648177,2.2503428,1.9956352,1.9013869
mb-09579,train,2.3117537,2.2448714,1.5797836,1.7096144
mb-06569,train,1.8808136,1.8870078,1.447158,1.4639443
mb-05715,train,2.1238515,2.0015008,1.9542425,1.7420768
mb-06499,train,1.7853298,1.749466,1.60206,1.6095817
mb-09085,train,1.770852,1.7519876,1.5797836,1.5336369
mb-08752,train,2.4377506,2.482148,2.089905,2.1319675
mb-05205,train,1.7075702,1.7752292,1.5563025,1.6459779
mb-04002,train,1.3979399,1.3827192,1.3222193,1.2176884
mb-03202,train,2.1105897,2.0645394,1.4913617,1.4552135
mb-03761,train,1.94939,1.9823402,1.5440681,1.610049
mb-03902,train,1.968483,2.0220244,1.7781513,1.8110747
mb-03411,train,1.6127839,1.4555855,1.20412,1.093244
mb-09529,train,1.4471581,1.3866339,0.9542425,0.9434522
mb-07131,train,1.7558749,1.5647516,1.4149734,1.329459
mb-02209,train,1.8920946,1.9130914,1.4149734,1.47676
mb-08278,train,1.9637878,1.9629366,1.5910646,1.5274773
mb-09558,train,2.1271048,1.8830324,1.8808136,1.7163231
mb-00132,train,1.7403628,1.6491189,1.6127839,1.6066942
mb-09743,train,2.2966652,2.2672334,1.9590414,1.9094722
mb-00035,train,1.8325089,1.749018,1.5314789,1.5287086
mb-08660,train,1.7403628,1.7263774,1.2787536,1.3366239
mb-01417,train,2.3117537,2.221192,1.80618,1.7860891
mb-02673,train,2.1139433,2.1262357,1.7558749,1.9320756
mb-10202,train,1.146128,1.0836993,1.146128,1.094369
mb-04280,train,1.724276,1.7434973,1.4313638,1.3729706
mb-00483,train,2.071882,2.0225904,1.7923917,1.8776273
mb-09976,train,1.3802112,1.3557717,1.146128,1.121351
mb-08763,train,1.6232493,1.5983206,1.20412,1.1975968
mb-06124,train,1.7075701,1.6754051,1.3222193,1.2695688
mb-09162,train,2.2552726,2.1459482,1.9242793,1.816671
mb-02676,train,1.39794,1.3892285,1.0413927,1.0734017
mb-02340,train,1.6127839,1.9169941,1.3802112,1.5941739
mb-01879,train,1.7558749,1.8102186,1.3617278,1.4761056
mb-00177,train,1.5440681,1.6426612,1.3802112,1.5224683
mb-07634,train,2.0128372,2.139618,1.8260748,1.8695781
mb-02709,train,2.0,1.9834764,1.5563025,1.5615511
mb-05181,train,2.143015,2.1244092,1.9294189,1.9177248
mb-04601,train,1.3802112,1.4851139,0.9542425,1.0688622
mb-06271,train,1.8808136,1.9147842,1.1139433,1.152523
mb-01176,train,1.7993405,1.8760116,1.7403626,1.7440608
mb-04827,train,1.9344985,1.9134887,1.5563025,1.5697412
mb-09871,train,1.7853298,1.82548,1.39794,1.3203113
mb-06112,train,2.0530784,2.0996344,1.9395193,1.9254578
mb-00278,train,2.243038,2.2362351,1.8692317,1.8449366
mb-07969,train,1.8573325,1.8291385,1.60206,1.5918356
mb-10558,train,1.9912261,2.164312,1.2552725,1.2942053
mb-07174,train,2.389166,2.436914,2.0043213,2.0719328
mb-08400,train,1.8512583,1.9133116,1.5797836,1.6763295
mb-05930,train,1.9731278,1.9683783,1.5563025,1.5417323
mb-03838,train,1.1760913,1.2654636,1.2787536,1.2636406
mb-08970,train,1.4471581,1.5829004,0.69897,0.93316597
mb-10787,train,1.4471581,1.8121322,1.230449,1.5388079
mb-01224,train,1.7160033,1.6700197,1.60206,1.5033568
mb-00898,train,1.9637879,1.8869371,1.6627579,1.6831118
mb-07210,train,1.4313638,1.4415348,0.9542425,1.0716535
mb-06032,train,1.770852,1.7403519,0.0,-0.092059255
mb-10818,train,1.6232493,1.5982339,1.30103,1.2480524
mb-08009,train,1.146128,1.0686958,0.7781513,0.7331307
mb-00548,train,1.3222193,1.359643,1.0,1.0669868
mb-05958,train,2.232996,2.1703653,1.50515,1.4955794
mb-01473,train,2.2068257,2.1814408,1.7853298,1.6926756
mb-06762,train,1.9444827,1.8222897,1.6434526,1.5620996
mb-03407,train,1.9637878,1.9133308,1.5314789,1.5067121
mb-03139,train,2.139879,2.0051916,2.0791812,1.875087
mb-05634,train,1.4149734,1.5465363,1.1760913,1.2926736
mb-10728,train,1.8195438,1.9072199,1.6434526,1.7229688
mb-05244,train,1.4149734,1.4450963,0.90309,0.9539714
mb-09753,train,1.0,1.2032523,0.60206,0.85852474
mb-10129,train,1.9867717,1.8452232,1.7323937,1.5798159
mb-00106,train,1.8750613,2.010085,1.5682018,1.7338002
mb-08127,train,1.3424227,1.0647055,0.90309,0.74282044
mb-10803,train,1.9542425,2.0702653,1.0413927,1.12914
mb-01053,train,1.6020601,1.4677982,1.39794,1.2950016
mb-10156,train,2.1583626,2.0967245,1.8512584,1.743302
mb-03585,train,2.164353,2.2475405,1.7923917,1.8636036
mb-06339,train,2.0,1.8717738,1.770852,1.709406
mb-02145,train,1.8808136,1.9212612,1.7160033,1.7328705
mb-04522,train,1.462398,1.4375002,1.1760913,1.2010913
mb-03887,train,1.7853298,1.8081101,1.20412,1.2780986
mb-05204,train,2.376577,2.349516,2.3541083,2.3161373
mb-07678,train,2.0211892,1.9819767,1.5797836,1.5563316
mb-08617,train,2.133539,2.0981305,1.8808136,1.9026363
mb-04626,train,1.6232493,1.6957552,1.2787536,1.3798095
mb-01030,train,2.3598354,2.2908134,1.9956352,1.9854999
mb-07498,train,1.6334685,1.6170168,1.462398,1.4410977
mb-10288,train,2.1583624,2.1388013,1.7242758,1.7170461
mb-10900,train,0.845098,0.73757327,0.69897,0.6919375
mb-07889,train,1.5314789,1.446934,1.2552725,1.2768116
mb-06429,train,1.7242758,1.7834696,1.4149734,1.504025
mb-03146,train,1.4149734,1.3755342,1.1139433,1.1366256
mb-03513,train,2.3242824,2.3471525,2.0530784,2.021971
mb-06443,train,2.2741578,2.2483385,1.9444827,1.9162261
mb-01582,train,2.075547,2.0902252,1.748188,1.7702686
mb-01250,train,1.0791813,0.9903532,0.7781513,0.7626602
mb-06547,train,1.69897,1.6619775,1.3802112,1.3465178
mb-03558,train,2.120574,2.0743256,1.7242758,1.723106
mb-02970,train,2.369216,2.2488651,1.9731278,1.8914459
mb-02467,train,2.2671716,2.0802603,2.064458,1.9308422
mb-04262,train,1.7558749,1.7254648,1.6434526,1.6025295
mb-03574,train,1.7558749,1.6966324,1.4313638,1.407746
mb-00468,train,1.8920946,1.8549259,1.5440681,1.6150957
mb-10547,train,1.9956352,1.755204,1.7853298,1.6171371
mb-10309,train,1.8808136,1.9335772,1.3802112,1.4483228
mb-01964,train,1.7923917,1.7168316,1.3222193,1.3055567
mb-03773,train,1.6020601,1.5966035,1.1760913,1.1710842
mb-05508,train,1.9542425,1.9398087,1.6434526,1.6313232
mb-06363,train,1.9444827,1.8771209,1.2787536,1.3099324
mb-01147,train,0.47712126,0.3488437,0.30103,0.1438142
mb-06647,train,2.2068257,2.2460637,1.770852,1.8144937
mb-08366,train,2.089905,2.012416,1.4771212,1.4761509
mb-04579,train,1.8260748,1.7219329,1.6532125,1.5819104
mb-10759,train,2.209515,2.1448972,1.7323937,1.8027319
mb-07420,train,2.252853,2.176367,1.763428,1.7109357
mb-08274,train,2.1583626,2.1010234,1.6127839,1.53191
mb-10890,train,1.832509,1.8383093,0.69897,1.1206249
mb-05275,train,2.2878017,2.2524724,2.0293837,1.9232957
mb-10670,train,2.130334,2.128058,1.8976271,1.8066285
mb-08317,train,2.0863597,2.0992458,1.7403626,1.7228546
mb-05822,train,2.2944663,2.3127613,1.9590414,1.932078
mb-08455,train,2.0374265,2.004889,1.5314789,1.4840125
mb-07792,train,2.274158,2.1217408,1.8512584,1.8458378
mb-07971,train,2.1875207,2.2320173,2.0128372,2.031925
mb-10700,train,1.5797836,1.7510228,1.1139433,1.3239506
mb-02669,train,2.2944663,2.2357507,1.8864907,1.828068
mb-03755,train,0.9542425,0.8331773,0.60206,0.5208231
mb-04575,train,0.9542425,0.97870743,0.69897,0.7789715
mb-05694,train,1.5185139,1.496817,1.230449,1.2905693
mb-07182,train,2.1760912,2.1569314,1.8633229,1.8183097
mb-08138,train,2.0863597,2.1477473,1.8325089,1.8197744
mb-02865,train,1.8692317,1.5980806,1.6720978,1.4510586
mb-06237,train,1.7403628,1.6556592,1.1760913,1.1313926
mb-07614,train,1.9138138,1.9063408,1.4149734,1.4345945
mb-05509,train,2.089905,2.0568712,1.690196,1.6698388
mb-02155,train,2.4969296,2.4740355,2.2648177,2.2497642
mb-06026,train,1.9395193,1.871269,1.748188,1.6561863
mb-10066,val,1.9395192,1.8878217,1.690196,1.7140901
mb-05154,val,2.064458,1.9356894,1.748188,1.5469538
mb-00436,val,2.3159702,2.2714097,2.0253057,1.9906743
mb-03897,val,1.230449,1.2284486,0.90309,0.95149124
mb-02529,val,2.045323,1.9291859,1.5440681,1.5165
mb-00147,val,2.1702616,2.201018,2.071882,2.06834
mb-10543,val,1.7634281,1.8982222,1.5563025,1.6925023
mb-03237,val,2.0334237,1.7367926,1.8692317,1.57617
mb-09013,val,2.2121875,2.3346393,1.9637878,2.0776875
mb-02046,val,1.462398,1.4088264,1.2787536,1.2277418
mb-09885,val,2.1038036,2.0868409,1.7403626,1.7376896
mb-02297,val,1.3617277,1.2455161,1.0791812,1.0245998
mb-06907,val,2.0334237,2.1312914,1.7323937,1.7894022
mb-10466,val,2.0,2.0033817,1.8260748,1.8036374
mb-00867,val,1.8633229,1.6161749,1.6434526,1.4243318
mb-07788,val,1.2041199,1.1545426,1.0413927,0.9676838
mb-06097,val,2.0569048,1.5745564,1.5185139,1.4084673
mb-04154,val,1.230449,1.6424026,1.4771212,1.4833691
mb-10978,val,2.206826,1.9539609,1.7781513,1.7796617
mb-02953,val,1.8325089,1.82465,1.7403626,1.6629976
mb-05175,val,2.2855573,2.2355664,2.0086002,1.8418093
mb-06579,val,1.7558749,1.68389,1.50515,1.4688612
mb-00141,val,0.90309,1.1017721,0.7781513,0.817742
mb-07062,val,2.2253094,2.2245185,1.9731278,1.8555148
mb-09498,val,2.0530784,2.145249,1.7323937,1.8339914
mb-07950,val,1.5563025,1.5578539,1.3424227,1.355892
mb-01023,val,2.2355285,2.1365883,2.0043213,1.8950008
mb-07010,val,2.2900345,2.2802389,1.9956352,1.9721006
mb-08718,val,1.8512584,1.8623958,1.4313638,1.4685826
mb-00685,val,2.08636,2.1658914,1.462398,1.7290174
mb-03140,val,1.8325089,1.8859338,1.748188,1.7496674
mb-03699,val,2.3096302,2.2773688,2.089905,2.1241398
mb-00986,val,1.3617278,1.3744582,1.0413927,0.9677088
mb-07088,val,2.230449,2.156096,1.968483,1.9126108
mb-00406,val,2.243038,1.623205,1.9590414,1.5182408
mb-00187,val,1.3424227,1.4333408,1.0,1.0451365
mb-03259,val,1.4623979,1.6684953,1.0791812,1.2511433
mb-03234,val,2.0934217,2.08074,1.8388491,1.8175993
mb-10116,val,1.9777236,2.0108085,1.6720978,1.5387658
mb-00955,val,1.7558749,1.7189773,1.30103,1.4684892
mb-04481,val,2.0,2.0322695,1.8325089,1.8191825
mb-06144,val,2.1958997,2.1997821,1.9242793,1.7830453
mb-07230,val,1.8864907,1.8827715,1.7160033,1.5344484
mb-08876,val,1.1760912,1.2929583,1.0413927,1.1404706
mb-04531,val,2.155336,2.067313,1.8633229,1.7589748
mb-07993,val,0.845098,1.0861995,0.47712126,0.8563989
mb-01932,val,2.269513,2.2056103,1.8692317,1.8462874
mb-02563,val,1.8388491,1.7443212,1.6627579,1.5392045
mb-10604,val,1.5563024,1.5056595,1.0791812,1.3857121
mb-00454,val,2.3996737,2.5155547,2.0043213,2.2747965
mb-08885,val,2.4653828,2.3331065,2.2355285,2.102291
mb-10213,val,0.99999994,1.5974383,1.0791812,1.2303549
mb-01449,val,2.1583624,2.1427083,1.7160033,1.6994591
mb-07016,val,2.1105897,2.1325166,1.690196,1.6520939
mb-07327,val,1.5910647,1.624383,1.230449,1.3388634
mb-07397,val,1.0413927,1.0707669,0.7781513,0.8022753
mb-00352,val,1.6532125,1.7040741,1.146128,1.1431237
mb-08706,val,1.5682018,1.6552255,1.2787536,1.4452406
mb-00785,val,2.2600713,2.2168086,2.1038036,2.1020513
mb-08329,val,2.1139433,2.0536144,1.69897,1.7653672
mb-06397,val,1.1139433,1.0197222,0.845098,0.71983874
mb-05543,val,2.243038,2.2634337,2.0211892,1.9770346
mb-01134,val,1.8573326,1.7478056,1.4313638,1.4894998
mb-08447,val,2.089905,2.03729,1.8573325,1.8086112
mb-10963,val,1.6812413,1.5387328,1.3617278,1.3592268
mb-04577,val,2.164353,2.1212656,1.9444827,1.9071902
mb-06267,val,2.3541083,2.3141234,2.064458,1.9464194
mb-08264,val,2.209515,2.108898,1.9542425,1.8591797
mb-00910,val,2.20412,2.1092513,2.045323,1.9184533
mb-09975,val,2.120574,2.0618465,1.3802112,1.698077
mb-01800,val,1.7160034,1.7439181,1.20412,1.4220655
mb-08591,val,1.3222194,1.2151477,0.90309,0.8337645
mb-09895,val,1.929419,1.9585359,1.462398,1.486262
mb-06789,val,1.0791813,1.0805001,0.7781513,0.7401646
mb-10893,val,1.6434526,1.6384122,1.2552725,1.1338975
mb-03965,val,1.6434528,1.530059,1.3424227,1.2912588
mb-05476,val,1.8512583,1.816578,1.5797836,1.4855214
mb-06628,val,2.0606978,2.0506208,1.748188,1.7100387
mb-06262,val,2.071882,2.1528268,1.69897,1.73061
mb-06450,val,2.133539,2.1826587,1.7781513,1.8177881
mb-08657,val,1.5314789,1.4457679,1.2552725,1.0874941
mb-06171,val,2.1238518,2.0412712,1.6334685,1.7137406
mb-10618,val,2.4014006,2.2916446,2.1731863,2.0955908
mb-09400,val,1.8808136,1.8445331,1.770852,1.6428171
mb-10878,val,2.2278867,2.0543175,1.8920946,1.7137417
mb-06656,val,1.3424227,1.3099222,1.0,0.9533259
mb-02694,val,1.8573325,1.7849556,1.50515,1.5510193
mb-07054,val,1.4149733,1.318135,1.0791812,1.0967187
mb-00016,val,1.447158,1.3766323,1.0791812,1.0829451
mb-07446,val,1.7160033,1.5824966,1.690196,1.632509
mb-08785,val,2.3364596,2.2002366,2.0253057,1.8913465
mb-09785,val,2.3159704,2.2507749,1.7781513,1.8176527
mb-10868,val,1.8633229,1.6926566,1.5314789,1.3986827
mb-07378,val,1.8692317,1.7590985,1.50515,1.4946237
mb-03427,val,1.7323937,1.7904325,1.60206,1.4041501
mb-03336,val,2.2455127,2.217225,1.8260748,1.9602582
mb-03730,val,2.0128374,2.1423793,1.462398,1.7098701
mb-09096,val,1.4149734,1.527926,1.20412,1.2612857
mb-08320,val,1.819544,1.7746447,1.462398,1.4559689
mb-06919,val,2.1367204,2.138747,2.0606978,2.039258
mb-01753,val,2.3159704,2.2040675,2.2380462,2.1277962
mb-00989,val,2.2944663,2.2380207,1.90309,1.8735416
mb-08998,val,2.0086002,1.9576105,1.4913617,1.4908216
mb-10010,val,1.30103,1.4799463,1.0,1.2262182
mb-07084,val,1.4149734,1.537199,1.0413927,1.2387922
mb-04545,val,1.832509,1.7847264,1.462398,1.4604759
mb-05671,val,2.3180633,2.2744305,1.9777236,1.7646812
mb-02671,val,2.217484,2.2774787,2.0043213,2.071155
mb-08021,val,1.5185139,2.138798,1.5185139,1.8466836
mb-09519,val,1.7923918,1.792255,1.230449,1.3311156
mb-05223,val,2.0170333,1.965094,1.462398,1.4489175
mb-03802,val,2.2253094,2.1958141,1.8976271,1.9276475
mb-06218,val,2.0934215,2.1122386,2.0253057,2.0226507
mb-05621,val,1.8864908,1.920408,1.146128,1.395266
mb-01428,val,1.20412,1.1560564,0.9542425,0.7421942
mb-08439,val,1.929419,1.7580566,1.4913617,1.3840624
mb-00796,val,1.9493899,1.9835632,1.69897,1.7805423
mb-08286,val,2.4653828,2.4480584,2.0791812,2.1097682
mb-04941,val,1.845098,1.881803,1.2787536,1.3332037
mb-04928,val,1.8864908,1.8763392,1.4149734,1.3626224
mb-07165,val,2.0086002,2.0294025,1.6812413,1.6427785
mb-00007,val,1.9912262,1.7928408,1.30103,1.3572454
mb-09691,val,2.033424,2.1027286,1.4149734,1.6332486
mb-06936,val,0.9542425,1.216979,0.69897,0.94390535
mb-09736,val,1.6532124,1.6755991,1.447158,1.4812756
mb-07154,val,1.845098,1.9195285,1.4771212,1.4438101
mb-01227,val,1.5797836,1.5124656,1.3802112,1.2942299
mb-10005,val,2.133539,2.0565002,1.8633229,1.8850089
mb-06775,val,2.1875207,2.0994477,1.763428,1.7521507
mb-10701,val,1.5563025,2.1614256,1.8512584,1.8047706
mb-03311,val,2.3598354,2.3306808,2.0681858,1.9408349
mb-02649,val,2.0334237,1.6640127,1.60206,1.4510484
mb-01668,val,1.230449,1.1647139,0.7781513,0.88839626
mb-03568,val,2.0492182,1.9488441,1.6627579,1.7130089
mb-10513,val,2.2013972,2.227747,1.8388491,1.9623681
mb-04599,val,2.0413926,2.081349,1.8573325,1.7935215
mb-05433,val,2.1731863,2.22491,1.8325089,1.9557155
mb-08977,val,2.2966652,2.2566433,1.6232493,1.7334504
mb-06675,val,1.230449,1.0086839,1.1139433,1.0554472
mb-04088,val,2.0413928,2.0122423,1.6232493,1.4700124
mb-07899,val,1.6532125,1.5748676,1.39794,1.3857629
mb-05219,val,1.897627,1.8882796,1.447158,1.5183073
mb-05995,val,1.7075701,1.6404542,1.3222193,1.3115734
mb-10246,val,1.8750613,1.7599354,1.6532125,1.6067226
mb-01461,val,1.8129133,1.746733,1.5797836,1.6342031
mb-03665,val,1.9731278,1.942361,1.4771212,1.7006158
mb-02010,val,2.2148438,2.241269,1.9344984,1.9023397
mb-00276,val,1.1760912,1.1824713,1.0,1.0470893
mb-00874,val,2.1038036,2.0503871,1.9138138,1.8981749
mb-01000,val,2.307496,2.2615833,2.1367207,2.1004019
mb-02757,val,2.198657,2.2072484,1.8864907,1.8639896
mb-10461,val,2.164353,2.1351395,1.3424227,1.284266
mb-01629,val,2.1903317,2.1925871,1.9294189,1.9249375
mb-09408,val,1.5051501,1.6505967,1.462398,1.4550006
mb-03162,val,1.6720978,1.616968,1.3222193,1.2638019
mb-05590,val,2.539076,2.474688,2.3364596,2.2114909
mb-08841,val,2.0530784,2.1435428,1.7923917,1.7954657
mb-06652,val,1.7781512,1.7054858,1.447158,1.4793288
mb-02257,val,2.230449,2.0981722,1.5440681,1.4984344
mb-07345,val,1.8129134,1.7921116,1.3802112,1.3886892
mb-06036,val,1.3010299,1.197629,1.0791812,1.027175
mb-06381,val,1.447158,1.4903522,1.1139433,0.949333
mb-04648,val,1.30103,1.5900449,1.3617278,1.506483
mb-10080,val,1.7558749,1.8710021,1.4771212,1.3232671
mb-03716,val,1.6434526,1.5926893,1.1139433,1.4121187
mb-04732,val,2.209515,2.137837,1.7853298,1.8746994
mb-03655,val,2.209515,2.1643016,1.690196,1.8178931
mb-07904,val,2.120574,2.1381717,1.80618,1.8134481
mb-05897,val,1.8260747,1.7122529,1.6434526,1.5144581
mb-01088,val,1.5440681,1.4478369,1.1760913,1.1554627
mb-10820,val,2.198657,2.0406966,1.5910646,1.8791434
mb-03864,val,2.3096302,2.2612643,1.9956352,1.9745338
mb-08179,val,1.146128,1.3436533,1.0413927,0.8818247
mb-09061,val,2.1931245,2.101627,2.064458,1.8534544
mb-02282,val,2.274158,2.2143698,1.8260748,1.9049904
mb-09755,val,1.20412,1.1911261,0.9542425,1.0481948
mb-02289,val,1.724276,1.7503657,1.2787536,1.2944615
mb-10103,val,2.1958997,2.2121844,1.9395193,1.9317336
mb-03637,val,2.2430382,2.2092566,1.8920946,1.8057463
mb-07285,val,1.230449,1.4960446,0.90309,1.0126207
mb-01196,val,1.7075702,1.5497204,1.6127839,1.413302
mb-09315,val,1.9590415,1.930041,1.5682018,1.6099417
mb-07656,val,2.3222194,2.2839403,1.94939,1.9305317
mb-02437,val,1.9242792,1.7914248,1.60206,1.5436858
mb-08636,val,1.6532125,1.6894321,1.3424227,1.3020868
mb-02078,val,2.0934217,2.0237806,1.8512584,1.7931098
mb-00281,val,1.8195438,1.8064933,1.6434526,1.589491
mb-03216,val,2.2528532,2.236641,1.9242793,1.8238008
mb-09729,val,2.2013972,2.129502,1.80618,1.7485796
mb-05962,val,1.5797837,1.5230099,1.4313638,1.4000571
mb-00138,val,1.6812413,1.5831674,1.462398,1.4975052
mb-06869,val,1.7781513,1.7149589,1.3802112,1.3805652
mb-09596,val,2.0170333,2.0877447,1.6532125,1.756231
mb-00695,val,2.240549,2.2043343,2.220108,2.0910625
mb-07269,val,1.7323937,1.5092038,1.230449,1.2517676
mb-00968,val,2.071882,2.0618057,1.690196,1.715064
mb-09632,val,1.7075702,1.7395636,1.3424227,1.368043
mb-10641,val,2.507856,2.490828,2.1875207,2.2584634
mb-00845,val,1.6127839,1.6292493,1.146128,1.282209
mb-01447,val,1.845098,1.8626722,1.5910646,1.5831585
mb-07180,val,1.8976271,1.7874546,1.6812413,1.6024463
mb-09487,val,1.0413927,1.21465,0.69897,0.9257565
mb-08384,val,1.8388491,1.5674822,1.20412,1.4625976
mb-09426,val,2.217484,2.1195288,1.8573325,1.7207906
mb-06525,val,2.1875207,2.2857442,1.9867717,1.9708471
mb-03230,val,1.80618,1.7934837,1.1139433,1.4608636
mb-10231,val,2.6106603,2.3033288,2.5728717,2.2056558
mb-05525,val,1.8388491,1.8898697,1.5797836,1.7211783
mb-01929,val,2.1931245,2.1584344,1.9395193,1.9234351
mb-08429,val,2.0086002,2.0223255,1.8808136,1.795683
mb-01257,val,1.908485,1.7081032,1.7075702,1.5510964
mb-09285,val,1.8388491,1.9585574,1.5910646,1.419944
mb-05744,val,1.9542425,1.9961108,1.3222193,1.3780396
mb-08892,val,2.2479732,2.273101,1.9294189,1.966933
mb-02179,val,2.376577,2.1745348,2.0934217,1.9967961
mb-01249,val,1.6901962,1.8970493,1.2787536,1.5567069
mb-09125,val,2.1931245,2.1251884,1.7160033,1.6576816
mb-06091,val,1.7993406,1.7700474,1.39794,1.3385898
mb-02326,val,1.7075702,1.6920525,1.5185139,1.4925663
mb-05591,val,1.146128,1.008302,0.60206,0.698265
mb-09424,val,2.469822,2.3281143,2.1139433,1.9890542
mb-04697,val,2.38739,2.382096,2.0827854,2.0875053
mb-01772,val,1.3617278,1.4877173,0.90309,0.9845749
mb-03628,val,2.064458,2.1306934,1.8750613,1.9458086
mb-04236,val,2.40824,2.4348233,2.2988532,2.2360895
mb-08503,val,2.0,2.0140507,1.80618,1.9408214
mb-02780,val,1.5051501,1.4259125,1.1760913,1.0606645
mb-06352,val,1.60206,1.6697042,1.0791812,1.2118902
mb-08203,val,0.69897,1.7803686,1.2552725,1.2169459
mb-06139,val,2.4048338,2.527351,1.9956352,2.2005155
mb-00123,val,1.6627579,1.5159458,1.6127839,1.4705938
mb-10929,val,1.7993406,1.8999065,1.30103,1.7787637
mb-10454,val,2.2552724,2.075578,1.9822712,1.8084064
mb-00448,val,1.8692317,1.9022906,1.5185139,1.4294769
mb-04364,val,1.9444827,1.8959424,1.60206,1.5680029
mb-02494,val,1.9590414,1.940237,1.146128,1.4459525
mb-07758,val,1.2787536,1.2373626,0.90309,0.89151776
mb-00697,val,1.9444827,1.8955834,1.6434526,1.4671543
mb-09799,val,1.3617278,1.2640729,0.9542425,1.2203685
mb-00355,val,1.50515,1.5557398,1.0791812,1.310107
mb-09063,val,1.8061799,1.7782675,1.69897,1.6660581
mb-08606,val,1.8512584,1.8093572,1.5563025,1.6277783
mb-02475,val,1.4471581,1.3700655,1.0,1.1097715
mb-04009,val,1.9956353,1.9533582,1.7781513,1.7789543
mb-05251,val,1.9867717,2.1046743,1.447158,1.6270902
mb-01826,val,1.763428,1.7521474,1.230449,1.2910277
mb-10791,val,2.1271048,2.1930964,1.8512584,1.8376803
mb-10522,val,2.363612,2.2967975,2.161368,1.9905351
mb-03713,val,1.8692317,1.9335885,1.5185139,1.6072006
mb-08570,val,2.161368,2.0470116,1.8573325,1.7643583
mb-01829,val,2.283301,2.2382174,1.9344984,1.912908
mb-05001,val,2.2600713,2.2181914,1.845098,1.8003774
mb-01510,val,1.8920946,1.9228345,1.69897,1.6925966
mb-09038,val,2.045323,1.908809,1.3424227,1.4823728
mb-02011,val,1.9190781,1.7287697,1.6334685,1.5629493
mb-10157,val,1.8129134,1.7985668,1.230449,1.1297796
mb-10088,val,2.2810335,2.2311988,1.9242793,1.8508105
mb-10684,val,1.4313638,1.4120643,1.2787536,1.0782999
mb-02158,val,2.0934217,2.0210168,1.5563025,1.7069296
mb-03137,val,1.8750613,1.7544807,1.5314789,1.5098215
mb-03220,val,2.3996737,2.335727,1.7558749,2.009027
mb-05341,val,2.3747482,2.3615863,2.0374265,2.0498893
mb-00097,val,1.908485,1.8715295,1.6532125,1.6451495
mb-10261,val,2.5224442,2.3938127,2.2278867,2.112452
mb-05469,val,2.1367204,2.1302495,2.0606978,2.0263734
mb-01798,val,2.0211895,2.088638,1.7993406,1.8043618
mb-07697,val,1.94939,1.9643862,1.5563025,1.6169478
mb-06793,val,2.2741578,2.136619,1.9822712,1.9751773
mb-01140,val,2.2380462,2.133881,2.0170333,1.9890734
mb-08844,val,1.7923918,1.6438382,1.4913617,1.2946467
mb-01927,val,2.1673174,2.13988,1.6232493,1.6908679
mb-01325,val,2.3364596,2.271612,2.0211892,1.8636773
mb-07226,val,1.6901962,1.6725111,1.230449,1.3581301
mb-10363,val,2.2405493,2.1718464,1.968483,2.0428343
mb-03878,val,2.3579347,2.3576512,2.0530784,2.0425315
mb-03868,val,1.4913617,1.7339147,1.4313638,1.6330942
mb-08746,val,2.164353,2.1083257,1.69897,1.6427991
mb-02352,val,1.7923917,1.67114,1.50515,1.4400334
mb-00357,val,1.4313638,1.3681054,1.230449,1.223671
mb-05832,val,1.7781513,1.7349532,1.30103,1.2665707
mb-06257,val,1.1760913,1.2305648,0.9542425,1.0275967
mb-05806,val,2.1958997,2.2268136,1.9294189,1.9638993
mb-06895,val,1.7323937,1.7595596,1.2787536,1.4206991
mb-07193,val,1.3802112,1.3854295,1.0791812,1.0276608
mb-02092,val,2.0934217,2.055673,1.6812413,1.480631
mb-00386,val,2.0374265,1.9962609,1.8129133,1.6974027
mb-09229,val,1.4149734,1.4644302,1.2787536,1.2523329
mb-05252,val,1.748188,1.6795665,1.2787536,1.2303176
mb-05693,val,2.10721,1.9868844,1.94939,1.5406549
mb-09291,val,1.5051501,1.5207179,1.2787536,1.3099601
mb-00891,val,1.9395192,1.9618781,1.6720978,1.7589488
mb-02659,val,1.968483,1.9240842,1.6812413,1.7400407
mb-02852,val,1.5314789,1.4540563,1.2552725,1.2272208
mb-01549,val,1.7403626,1.7375225,1.447158,1.3432484
mb-04837,val,2.139879,2.0742648,1.9344984,1.9203633
mb-02066,val,1.3222193,1.5026644,1.0791812,1.2423669
mb-10566,val,1.8750613,1.9287398,1.3222193,1.2915668
mb-04221,val,2.1760912,2.1888354,2.0334237,2.0912366
mb-06068,val,1.9867717,1.9978931,1.60206,1.5759355
mb-04458,val,2.3053515,2.28273,2.075547,2.0659828
mb-06764,val,2.0128372,2.189011,1.8750613,2.0520432
mb-08713,val,1.3979399,1.1831843,0.845098,0.85149544
mb-02194,val,1.8129133,1.791461,1.5314789,1.5397608
mb-09513,val,2.1271048,2.114005,1.8129133,1.8816204
mb-02070,val,1.3424227,1.4357768,1.1760913,1.1524272
mb-06445,val,1.763428,1.7676088,1.2552725,1.2780006
mb-09178,val,1.9777236,2.088509,1.690196,1.800591
mb-05661,val,2.372912,2.3060272,2.0681858,1.9623864
mb-10765,val,2.2253094,2.1757333,2.0374265,2.0124054
mb-07137,val,1.908485,1.9214685,1.5440681,1.4779205
mb-07042,val,2.09691,2.1775913,1.8129133,1.8821187
mb-10975,val,1.60206,1.6391919,1.3802112,1.3551106
mb-07167,val,1.518514,1.7260499,1.20412,1.0194709
mb-10205,val,1.929419,2.077722,1.5563025,1.7617068
mb-02591,val,1.9731278,1.9738306,1.7403626,1.7309353
mb-06056,val,2.0934217,2.092455,1.4771212,1.5059675
mb-09368,val,1.8692317,1.9858588,1.748188,1.8748088
mb-10827,val,2.143015,2.260411,1.8976271,1.9801261
mb-05010,val,1.919078,1.8485126,1.6720978,1.646218
mb-08927,val,2.313867,2.2932627,2.064458,2.0205202
mb-01635,val,1.3617278,1.341866,1.146128,1.0525087
mb-04117,val,1.8864907,1.8871139,1.4771212,1.5409737
mb-01715,val,1.6812413,1.6557658,1.5185139,1.5748781
mb-00236,val,1.9395192,1.8446957,1.69897,1.5878555
mb-05037,val,1.2041199,1.4183887,1.0413927,1.211809
mb-09620,val,2.045323,2.0064979,1.6812413,1.7567677
mb-04728,val,1.9822712,1.9376887,1.7160033,1.6913416
mb-10661,val,2.133539,2.1120846,1.2552725,1.7570812
mb-05929,val,2.3344536,2.2975137,2.0569048,2.0183754
mb-07695,val,1.770852,1.7214401,1.50515,1.5028331
mb-02788,val,1.4313638,1.3415828,1.0413927,1.0036657
mb-06626,val,1.9190781,1.9390402,1.4149734,1.4800326
mb-06361,val,1.9395193,1.9751916,1.4149734,1.4917555
mb-06549,val,2.2121878,2.2077467,1.9242793,1.8989272
mb-04857,val,2.0413928,2.0362353,1.4313638,1.4341401
mb-02841,val,1.4313638,1.4383943,1.0413927,1.1485564
mb-06574,val,1.8692318,1.8561273,1.5682018,1.494822
mb-03119,val,2.2479732,2.182785,1.9138138,1.7821484
mb-10060,val,2.0334237,2.001048,1.9590414,1.8663955
mb-07115,val,1.5682018,1.546521,1.30103,1.3511049
mb-07202,val,2.313867,2.1260958,2.089905,1.9567454
mb-00359,val,2.1303337,2.0326893,1.8129133,1.8160808
mb-10029,val,1.8325089,1.7120074,1.5563025,1.4258307
mb-00946,val,1.462398,1.372281,1.39794,1.2835567
mb-07177,val,1.5563025,1.5221884,1.3424227,1.2832779
mb-01356,val,1.1139433,1.0727057,0.845098,0.71860725
mb-09249,val,1.2041199,1.2260821,0.69897,0.8612637
mb-07604,val,1.0,1.1191132,0.845098,0.8603212
mb-06093,val,2.378398,2.3972607,2.049218,2.0327163
mb-01900,val,1.146128,1.3423274,0.845098,1.0092859
mb-10570,val,2.0043213,2.0002074,1.7403626,1.5998893
mb-01809,val,2.146128,2.1397905,1.90309,1.7818874
mb-03630,val,1.9542426,1.8681,1.6627579,1.549253
mb-05985,val,1.9867717,2.0672395,1.5185139,1.390903
mb-03331,val,1.7923918,1.7900641,1.4313638,1.4296404
mb-08475,val,2.3961995,2.35312,1.9190781,2.0089817
mb-03926,val,1.724276,1.7905605,1.1760913,1.3662186
mb-01286,val,2.089905,2.0857847,1.770852,1.8115891
mb-00575,val,1.3222193,1.2685672,1.0413927,0.9436482
mb-01969,val,1.39794,1.429554,0.90309,1.2830299
mb-05923,val,2.4248815,2.2854967,2.1931245,2.034368
mb-04285,val,0.8450981,0.8715056,0.60206,0.5493953
mb-07351,val,1.5797836,1.1204104,1.50515,0.87405115
mb-03727,val,2.4132996,2.479645,2.0211892,2.117793
mb-09882,val,2.1903317,2.1581888,1.8129133,1.806972
mb-08551,val,1.6532125,1.7291911,1.462398,1.5230949
mb-04283,val,1.9493899,1.9097365,1.7160033,1.6859727
mb-10542,val,2.2121875,2.1536353,1.7853298,1.8736856
mb-01403,val,1.6020601,1.6622428,1.3424227,1.4578646
mb-05907,val,2.2718415,2.2919002,1.9190781,1.9797407
mb-04998,val,2.1003704,2.1571236,1.6434526,1.721559
mb-03191,val,2.089905,2.1092727,1.748188,1.753979
mb-09188,val,2.2648177,2.1771803,1.9444827,1.8571904
mb-05904,val,1.6127838,1.503459,1.3222193,1.1635835
mb-02342,val,0.60206,1.0260038,0.47712126,0.44153166
mb-08333,val,2.0569048,2.0769358,1.8864907,1.8174192
mb-00423,val,1.8450981,1.8890433,1.5682018,1.6301689
mb-01431,val,1.4313638,1.4516473,1.1760913,1.3788295
mb-07986,val,2.2355285,2.2245464,1.8573325,1.8481344
mb-02828,val,1.9590414,1.9790446,1.6812413,1.709151
mb-00358,val,1.8129134,1.7653174,1.30103,1.2867265
mb-07264,val,2.1271048,2.1877413,1.7403626,1.7998551
mb-02634,val,1.3802112,1.4372618,1.0413927,1.1358147
mb-07295,val,1.4913617,1.4912589,1.3617278,1.3754709
mb-04652,val,1.146128,1.8017004,1.6532125,1.7666283
mb-07045,val,2.0569048,2.0716984,1.8750613,1.8919206
mb-09840,val,2.146128,1.7007997,1.69897,1.494411
mb-08963,val,1.9777236,1.9122318,1.6532125,1.6617641
mb-01237,val,1.8325089,1.7824838,1.6127839,1.5414264
mb-03858,val,2.2671716,2.1775894,2.220108,2.0892153
mb-02547,val,1.8260748,1.6785848,1.5185139,1.4469243
mb-01439,val,1.748188,1.7277756,1.3222193,1.469524
mb-08325,val,1.6901962,1.6890371,1.5563025,1.4760804
mb-09015,val,2.1583624,2.1041853,1.7403626,1.528011
mb-09923,val,2.230449,2.1958232,1.9294189,1.9391767
mb-10075,val,0.7781513,1.03471,0.30103,0.5868893
mb-01589,val,2.0413926,2.014001,1.5797836,1.8213105
mb-07117,val,1.5563024,1.4914387,1.3222193,1.2651694
mb-09294,val,1.9590414,2.0101905,1.6532125,1.7037455
mb-10125,val,1.7923918,1.5997233,1.5563025,1.4034628
mb-08853,val,1.3222193,1.2841657,1.1139433,1.1139481
mb-07835,val,2.1673174,2.0691571,1.7558749,1.7734213
mb-07175,val,0.60206,0.6078458,0.30103,0.4019134
mb-00689,val,1.8573326,1.7830641,1.6334685,1.5575887
mb-09881,val,2.2576785,2.2394218,1.8750613,1.9232192
mb-09276,val,2.217484,2.1654034,1.8920946,1.8050808
mb-08656,val,1.6532125,1.716703,1.2787536,1.3667016
mb-09788,val,1.90309,1.8606606,1.5682018,1.5731113
mb-05482,val,1.7708521,1.7195221,1.6334685,1.542944
mb-07156,val,1.7075702,1.780804,1.230449,1.3137302
mb-00396,val,1.819544,1.8797922,1.5185139,1.5671605
mb-05673,val,1.9395192,1.8409839,1.7242758,1.5675126
mb-00899,val,2.2253094,2.2059507,2.0086002,1.9626938
mb-07122,val,2.1846914,2.1434293,1.748188,1.8157476
mb-10516,val,1.5910647,1.6462353,1.3424227,1.4235901
mb-08535,val,1.80618,1.7885473,1.5185139,1.3413426
mb-03493,val,2.0128372,2.0690675,1.690196,1.7162329
mb-09651,val,1.5440681,1.549412,1.2787536,1.2672014
mb-08848,val,1.8750613,1.8953145,1.4771212,1.5153888
mb-10283,val,2.3242824,2.195407,1.7781513,1.8643184
mb-10194,val,2.252853,2.2086203,1.8692317,1.955811
mb-04005,val,2.1271048,2.0390809,1.8750613,1.8028662
mb-08900,val,2.2855573,2.229867,1.9867717,1.9988077
mb-05075,val,2.201397,2.2190766,1.8129133,1.7594621
mb-07718,val,1.9395192,1.973058,1.3617278,1.2985111
mb-06633,val,2.4409091,2.3283672,2.3820171,2.0263987
mb-03361,val,2.392697,2.2404935,2.1522884,2.11308
mb-09092,val,1.9867718,1.783082,1.6127839,1.4896002
mb-05110,val,2.361728,2.2397668,1.94939,1.9101453
mb-06755,val,1.4149734,1.3372581,1.0413927,0.93421006
mb-06115,val,1.5797837,1.4935844,1.39794,1.2359792
mb-07123,val,1.7403628,1.7127292,1.4149734,1.4174533
mb-00458,val,2.049218,2.0885344,1.7242758,1.8657969
mb-01517,val,2.3117537,2.293667,1.9731278,1.9208069
mb-04644,val,2.0934217,2.1078877,1.7923917,1.8309147
mb-01177,val,1.0413927,1.044463,0.7781513,0.8043468
mb-03830,val,2.075547,1.9939828,1.9344984,1.7965167
mb-01819,val,2.209515,2.1457326,1.9444827,1.9106704
mb-10179,val,1.9912261,1.9706075,1.7242758,1.7153219
mb-02324,val,1.8388491,1.9266485,1.3617278,1.560972
mb-02490,val,1.4149734,1.9483187,1.2787536,1.5553215
mb-03225,val,2.4727566,2.4033768,2.2380462,2.0837185
mb-04431,val,1.748188,1.6750578,1.1760913,1.2804108
mb-07057,val,1.9777236,1.9244164,1.763428,1.7367373
mb-07618,val,2.2600713,2.106966,1.748188,1.6830254
mb-04916,val,2.2227163,2.251803,2.0128372,2.0323231
mb-02384,val,2.1139433,2.1261632,1.9242793,2.018804
mb-00855,val,2.2900345,2.2216446,2.071882,1.9094319
mb-06710,val,1.6812413,1.7793355,1.0791812,1.2956662
mb-06272,val,1.763428,1.7575179,1.30103,1.3054597
mb-02169,val,1.8260748,1.8542542,1.5563025,1.6226685
mb-01169,val,2.2148438,2.2319236,1.819544,1.8310099
mb-07527,val,1.4149734,1.2548776,1.0413927,0.93982476
mb-07097,val,1.6127839,1.4844111,0.7781513,1.1986673
mb-07569,val,1.968483,1.9306889,1.2787536,1.4415231
mb-01846,val,1.1760913,1.2043469,0.9542425,0.8739286
mb-02964,val,1.4313638,1.5360658,1.30103,1.3677156
mb-03456,val,1.819544,1.8469912,1.2552725,1.2167264
mb-10152,val,1.9867717,2.127888,1.7323937,1.7203064
mb-01207,val,1.9190781,1.9104333,1.3802112,1.4979639
mb-06812,val,1.8260748,1.6963227,1.3802112,1.3174539
mb-06285,val,2.307496,2.304461,1.9956352,2.0186672
mb-00572,val,1.8920946,1.5256641,1.60206,1.3260474
mb-05946,val,1.845098,1.7782674,1.4771212,1.3938409
mb-09364,val,2.1139433,2.1155221,1.9344984,1.9974806
mb-04897,val,2.264818,2.2314587,1.80618,1.8569658
mb-06441,val,2.2355285,2.2418196,1.8260748,1.833998
mb-01303,val,2.09691,2.0023227,1.90309,1.8443714
mb-02349,val,1.3424227,1.2680887,1.0413927,0.94415843
mb-05947,val,1.6232493,1.3763306,1.39794,1.1334219
mb-10313,val,2.0934217,2.1178253,1.7781513,1.8012843
mb-01712,val,1.518514,1.6030333,1.5563025,1.5323981
mb-05413,val,2.2329962,2.18999,1.8976271,1.8776356
mb-03348,val,2.4983106,2.3601708,2.307496,2.1156063
mb-07227,val,1.39794,1.3261685,1.230449,1.153049
mb-07179,val,1.1139433,1.3096123,0.90309,1.1427252
mb-08036,val,1.8750613,1.889347,1.3424227,1.5083513
mb-01440,val,0.30103,0.24483019,0.0,0.17551744
mb-09259,val,2.1702616,2.1752288,1.447158,1.9290429
mb-00727,val,2.2013972,2.1520855,1.8976271,1.9497067
mb-10515,val,2.2833014,2.0920005,1.146128,1.6265067
mb-08189,val,1.7403628,1.8398709,1.5682018,1.331282
mb-01774,val,1.3802112,1.3922077,1.0,1.0459514
mb-10410,val,2.149219,2.1875958,1.8976271,1.9092135
mb-08649,val,1.8692317,1.820206,1.0,0.9547174
mb-04761,val,1.230449,1.1687315,1.0413927,0.91028404
mb-00630,val,2.230449,2.1744242,1.7781513,1.8199426
mb-09094,val,2.143015,2.1935482,1.7075702,1.8884504
mb-07096,val,1.8260748,1.7428904,1.4313638,1.5165788
mb-07473,val,2.0413926,2.030392,1.690196,1.7254404
mb-02160,val,1.2787536,1.1728976,0.9542425,0.95902145
mb-01842,val,1.991226,1.9646653,1.8129133,1.7758814
mb-07851,val,2.5611014,2.5355392,2.2227166,2.2356422
mb-07691,val,1.8808136,1.82102,1.1760913,1.2664936
mb-08883,val,1.9867718,2.1191564,1.6127839,1.7412161
mb-01522,val,2.292256,2.3534892,2.0086002,2.0981443
mb-07848,val,1.9395192,1.9274006,1.0791812,1.5170056
mb-00976,val,1.7075702,1.6326994,1.3424227,1.2150848
mb-07684,val,2.4899583,2.3977983,2.2810333,2.2311914
mb-08597,val,2.0128372,2.0584393,1.60206,1.5840544
mb-05891,val,2.313867,2.2513795,1.60206,1.6647152
mb-02394,val,1.9956352,1.6347922,1.4771212,1.3315893
mb-03714,val,2.0086002,2.0686753,1.5440681,1.6687521
mb-00340,val,1.2552725,1.1768847,0.845098,0.9759117
mb-03384,val,1.8808136,1.7383053,1.20412,1.2532145
mb-05208,val,2.0374265,2.021532,1.770852,1.7729864
mb-03415,val,2.3364596,2.293759,1.8808136,1.8314304
mb-04875,val,2.1673174,1.7761381,2.0413928,1.4686681
mb-08941,val,2.045323,1.9961698,1.6720978,1.6993114
mb-00514,val,1.9138138,1.8380148,1.7075702,1.6116185
mb-04114,val,1.7075702,1.7359773,1.230449,1.2315242
mb-07064,val,1.7923918,1.7172388,1.230449,1.3764346
mb-05784,val,1.9138138,1.9402325,1.7853298,1.7548456
mb-08734,val,1.9344985,1.9360873,1.6627579,1.6862292
mb-00488,val,1.7242758,1.6406395,1.5185139,1.4162214
mb-09463,val,2.0374265,2.063485,1.6532125,1.8016506
mb-01080,val,1.9867717,1.943984,1.7242758,1.7691151
mb-08686,val,2.2148438,2.236082,1.7323937,1.7933096
mb-01137,val,0.69897,0.6237395,0.47712126,0.24900258
mb-05498,val,1.9138138,1.8659471,1.0791812,1.3660356
mb-10910,val,2.1702619,2.2236357,1.819544,1.8291912
mb-08555,val,2.0,2.009797,1.5440681,1.6073574
mb-02359,val,1.6627579,1.7857046,1.4313638,1.4256771
mb-03537,val,2.1931245,2.1652422,1.9444827,1.9233499
mb-02426,val,2.3096302,2.1900783,1.8512584,1.7520354
mb-02172,val,1.8692318,1.9213474,1.5682018,1.6668936
mb-00963,val,2.0530784,2.0148976,1.7853298,1.4812782
mb-05409,val,1.30103,1.4085851,1.0,1.1868119
mb-08534,val,2.120574,2.0679479,1.447158,1.5898657
mb-00405,val,2.2227163,2.0718288,1.9344984,1.8156786
mb-01185,val,1.8976271,1.8560886,1.2787536,1.395776
mb-03953,val,1.845098,1.8104646,1.5563025,1.5953786
mb-05113,val,2.2764618,2.214213,2.0170333,1.9817817
mb-00619,val,1.7781513,1.614296,1.4913617,1.4775743
mb-05777,val,2.3159702,2.1920729,2.045323,1.8321813
mb-02203,val,1.9590414,1.7838042,1.7558749,1.6624764
mb-05105,val,1.4913617,1.5177171,1.4149734,1.37426
mb-10228,val,2.232996,2.1708894,1.7323937,1.8849434
mb-02235,val,1.9822712,2.0388396,1.7403626,1.8488175
mb-10745,val,1.5797837,1.6665893,1.20412,1.4227219
mb-02356,val,2.164353,2.2074938,1.6720978,1.7559946
mb-06993,val,2.1702616,2.1038287,1.8129133,1.6846433
mb-07426,val,1.6532125,1.6677918,1.462398,1.5138866
mb-05036,val,2.1846914,2.1502337,1.5563025,1.6184303
mb-07927,val,1.2041199,1.1584754,0.845098,0.96960014
mb-07094,val,1.4313638,1.532987,1.39794,1.4202827
mb-07815,val,1.748188,1.885392,1.0413927,0.9730914
mb-04798,val,2.0681858,2.0483677,1.8750613,1.8857737
mb-05704,val,2.08636,1.970587,1.1760913,1.5643761
mb-10102,val,2.0492182,1.9528489,1.4913617,1.4665235
mb-00140,val,1.0413927,1.1371539,0.47712126,0.82320017
mb-06963,val,1.748188,1.713006,1.3424227,1.3657889
mb-01627,val,1.7923918,1.9123496,1.6532125,1.7906992
mb-06299,val,1.9138138,1.9058,0.845098,1.1865287
mb-08078,val,2.133539,1.9864333,1.8388491,1.7309521
mb-07979,val,2.1271048,1.8750705,1.7323937,1.7103004
mb-00024,val,1.5910647,1.5747244,1.2787536,1.3432015
mb-06519,val,1.9542425,1.9617077,1.6232493,1.5526319
mb-09607,val,2.3673558,2.389417,2.0374265,2.02191
mb-04882,val,2.346353,2.2504613,1.8976271,1.8823532
mb-01588,val,2.0569048,1.9711022,1.80618,1.7904822
mb-01283,val,2.164353,2.208969,1.8633229,1.9191595
mb-01938,val,1.6901962,1.6039777,1.5440681,1.4080404
mb-01478,val,1.7323937,1.6397018,1.3802112,1.3508103
mb-09317,val,1.8976271,1.873887,1.5440681,1.5643653
mb-07294,val,1.5563025,1.601548,1.230449,1.3021672
mb-10414,val,0.9542425,1.0002496,0.60206,0.6327438
mb-08122,val,2.130334,2.1478226,1.4913617,1.6132623
mb-05631,val,2.3483047,2.3401453,1.9731278,1.9482012
mb-08478,val,1.6720979,1.724741,0.845098,0.86451703
mb-08925,val,2.7363966,2.3050895,1.9822712,1.8489468
mb-02224,val,1.763428,1.7790401,1.5314789,1.4797221
mb-08496,val,1.6232493,1.8224217,1.462398,1.6532215
mb-06659,val,2.3283796,2.1401606,2.2718415,2.1331828
mb-09131,val,1.9242793,2.0576875,1.30103,1.680141
mb-08123,val,1.5440681,1.52027,1.20412,1.2880273
mb-09756,val,2.340444,2.2435968,2.0043213,1.9347539
mb-08652,val,1.9590414,1.8045945,1.5314789,1.3934795
mb-07128,val,1.6020601,1.5872614,1.3424227,1.339352
mb-01266,val,1.7853298,1.5938631,1.146128,1.412963
mb-03736,val,2.4031205,2.4611812,2.2764618,2.2614493
mb-01863,val,1.0413927,1.1135724,0.69897,0.6528323
mb-09933,val,1.5910647,1.4705555,1.39794,1.2716339
mb-02767,val,1.7160033,1.6733755,1.447158,1.3700927
mb-09221,val,1.908485,1.8190693,1.39794,1.4103403
mb-03523,val,1.9493899,1.799911,1.6434526,1.5832326
mb-09300,val,2.3304138,2.257408,1.9190781,1.8910464
mb-07462,val,1.2552725,0.95226234,0.9542425,0.75800115
mb-09004,val,2.133539,2.0504236,1.9344984,1.7469175
mb-10719,val,2.164353,2.2604072,1.94939,1.9882832
mb-09979,val,1.819544,1.9395015,1.462398,1.6167784
mb-09256,val,2.3053515,2.1243982,1.80618,1.7841613
mb-03807,val,2.1613681,2.1627355,1.9190781,1.9547311
mb-08632,val,2.161368,2.132474,1.7242758,1.7653162
mb-03426,val,1.9493899,1.8743466,1.8129133,1.7465667
mb-08210,val,2.3304138,2.3375468,2.0043213,1.9649825
mb-00392,val,2.2479732,2.1462028,1.8325089,1.7806932
mb-00781,val,2.0934217,1.9867868,1.8692317,1.7665559
mb-09489,val,1.462398,1.7066463,1.230449,1.4495665
mb-09783,val,2.0863597,2.0549562,1.748188,1.7276509
mb-02416,val,1.8633229,1.8232318,1.3617278,1.3175062
mb-09801,val,1.6127839,1.5627077,1.1760913,1.1585807
mb-06256,val,1.845098,1.7001023,1.7075702,1.6000035
mb-08125,val,2.0934217,2.0462508,1.5682018,1.5166544
mb-09222,val,1.968483,1.8859334,1.6434526,1.6215882
mb-09450,val,1.94939,1.8914983,1.4313638,1.6726625
mb-10269,val,1.748188,1.8103755,1.3617278,1.4391146
mb-04912,val,2.3560257,2.2932482,2.161368,2.0090098
mb-08405,val,1.9956353,2.0136175,1.819544,1.7085766
mb-09967,val,1.5563025,1.4627812,1.3424227,1.4101481
mb-04045,val,1.8633229,1.84786,1.5910646,1.6784004
mb-10842,val,1.763428,1.7742796,1.3222193,1.5377576
mb-01751,val,2.238046,2.2202168,2.0211892,1.9730861
mb-01572,val,1.6532125,1.6855595,1.5185139,1.1294067
mb-03670,val,2.1172712,1.9291732,1.8692317,1.6191156
mb-03236,val,2.0,1.8800585,1.69897,1.6941372
mb-07166,val,2.1172712,2.1182847,2.0211892,1.9637951
mb-07525,val,1.6334684,1.6881663,1.447158,1.4375712
mb-10769,val,1.5797837,1.2370974,1.30103,1.0742018
mb-07340,val,1.7075702,1.6045738,1.60206,1.4069575
mb-07728,val,1.80618,1.8251402,1.50515,1.5259175
mb-06230,val,1.6989701,1.6291766,1.146128,1.2183347
mb-07761,val,2.0043213,1.9975262,1.5185139,1.5351324
mb-03081,val,1.5797837,1.6093887,1.3424227,1.3256319
mb-07003,val,1.5682018,1.6047672,1.20412,1.3620427
mb-00413,val,1.7075702,1.7392559,1.462398,1.4638052
mb-04449,val,1.90309,1.9342105,1.5185139,1.5572014
mb-01011,val,1.7323937,1.6610832,0.9542425,1.2379601
mb-05054,val,1.9190781,1.8623334,1.690196,1.5214734
mb-06140,val,1.9395192,1.8568182,1.4771212,1.5033547
mb-09356,val,2.3560257,2.32942,1.9542425,2.0154846
mb-04744,val,2.0170333,2.053623,1.7403626,1.7720919
mb-01442,val,1.6812413,1.693099,1.3802112,1.4344517
mb-08681,val,1.9294189,1.925887,1.5185139,1.6381958
mb-01138,val,1.4149734,1.2458632,1.1139433,0.9192645
mb-02247,val,1.90309,1.9175705,1.690196,1.6341776
mb-05291,val,2.30103,2.333092,1.8325089,1.9967723
mb-06527,val,2.0791812,1.995754,1.5185139,1.6463169
mb-10732,val,2.1172712,2.10306,1.7323937,1.8339893
mb-10600,val,2.120574,2.0980344,1.7923917,1.8159895
mb-07548,val,1.9637878,1.982772,1.770852,1.8463165
mb-05099,val,1.5185139,1.5548033,1.3617278,1.3300055
mb-02090,val,2.0334237,2.050025,1.6720978,1.7980089
mb-10955,val,2.2833014,2.3327641,1.8920946,1.9799547
mb-03398,val,2.1702616,2.1587877,2.071882,2.0227585
mb-06246,val,2.357935,2.244625,1.80618,1.88885
mb-04796,val,1.7781512,1.5772907,1.447158,1.3216835
mb-08935,val,1.8808136,1.8852756,1.2552725,1.2042025
mb-10591,val,1.6127839,1.5515957,1.3424227,1.4362487
mb-04790,val,2.143015,2.1863918,1.8750613,1.9146723
mb-05808,val,1.5797837,1.6027366,1.20412,1.2870461
mb-02990,val,2.5051498,2.372767,2.243038,2.0511231
mb-02188,val,1.7634281,1.7530344,1.5440681,1.5056779
mb-05439,val,2.2900345,2.2200532,1.8633229,1.7817731
mb-10871,val,1.6127839,1.60941,1.20412,1.1510868
mb-07151,val,1.544068,1.5483537,1.3222193,1.288371
mb-06744,val,1.7993406,2.207188,1.6812413,2.003903
mb-06401,val,2.0043213,2.0299885,1.8808136,1.8570046
mb-08850,val,2.2810335,2.1972938,1.9395193,1.68752
mb-05571,val,1.60206,1.4799812,1.447158,1.2606549
mb-01343,val,1.8976271,1.8353789,1.7853298,1.6891375
mb-10914,val,2.1903317,2.186141,0.30103,1.4741981
mb-09786,val,2.1238515,2.0547402,1.7403626,1.6779286
mb-02279,val,1.8692317,1.8095403,1.5563025,1.4486322
mb-04443,val,2.378398,2.3319435,2.206826,2.1478238
mb-09044,val,2.1846914,2.1128614,1.7075702,1.6819922
mb-08595,val,2.1238518,2.1362772,1.9190781,1.9084514
mb-05495,val,2.38739,2.3924232,2.075547,2.0300279
mb-06578,val,1.9138138,1.7833297,1.2552725,1.1958144
mb-01909,val,2.161368,2.005303,1.7558749,1.5385967
mb-03192,val,1.90309,1.9853636,1.7853298,1.8186297
mb-04378,val,1.9822712,1.9706758,1.50515,1.6641726
mb-02005,val,1.3424227,1.3012753,0.90309,0.96192217
mb-06721,val,1.4149734,1.2774696,1.2552725,1.1236348
mb-03732,val,2.3324385,2.297348,1.9395193,1.8250934
mb-08859,val,0.845098,1.4279147,1.0,1.1591547
mb-08667,val,1.5797837,1.5689187,1.2787536,1.3105879
mb-06610,val,2.1003706,1.960806,1.7558749,1.7472638
mb-00929,val,1.8864907,1.9012997,1.4771212,1.5503707
mb-06268,val,2.155336,2.1607962,1.8129133,1.7731032
mb-00597,val,1.8061799,1.696265,1.447158,1.4034804
mb-06900,val,0.90309,0.7546706,0.47712126,0.4878199
mb-09867,val,1.968483,1.8069856,1.7558749,1.5920422
mb-04615,val,2.0,1.963999,1.7403626,1.7544221
mb-06602,val,2.1139433,2.184674,1.763428,1.8411146
mb-09336,val,1.6232493,1.5606214,1.3424227,1.3738773
mb-07735,val,2.2741578,2.2724588,1.9294189,1.980294
mb-02390,val,1.462398,1.4160728,1.230449,1.1952006
mb-05774,val,2.3053515,2.2762473,1.6627579,1.8804919
mb-09042,val,2.064458,1.9503163,1.6434526,1.5365554
mb-10449,val,1.7853298,1.7278874,1.3222193,1.3746053
mb-08501,val,1.39794,1.242702,1.1760913,0.80348754
mb-07710,val,1.3222193,1.4676421,1.1139433,1.1999226
mb-10333,val,2.0934217,2.0595317,1.8920946,1.9071069
mb-04810,val,1.6020601,1.5671775,1.462398,1.4902257
mb-08466,val,2.3384564,2.3241782,2.0,1.9593265
mb-09537,val,2.049218,2.1447418,1.8388491,1.9407784
mb-10970,val,1.6020601,1.5383471,0.7781513,1.2296474
mb-02285,val,1.5797837,1.649827,1.4149734,1.4990714
mb-09573,val,0.8450981,1.1874597,0.60206,0.89888626
mb-04778,val,1.8864908,1.8492782,1.4313638,1.6124281
mb-10284,val,2.089905,2.187974,1.7242758,1.7895172
mb-04526,val,2.089905,2.0649848,1.69897,1.7096877
mb-08946,val,1.5797837,2.1323671,1.4313638,1.8195891
mb-05242,val,1.5910646,1.3940035,1.2552725,1.1564873
mb-10662,val,2.0374265,1.9901428,1.5440681,1.7651321
mb-04585,val,1.748188,1.6521086,1.230449,1.3340104
mb-00226,val,1.8129133,1.6580482,1.3222193,1.3633113
mb-08601,val,2.089905,1.976102,1.8633229,1.7872077
mb-08825,val,2.3424227,2.2225645,1.8633229,1.907373
mb-10425,val,2.1367207,2.213409,1.80618,1.8124666
mb-09406,val,1.6812413,1.6348767,1.50515,1.4109076
mb-10398,val,2.2253094,2.185502,1.8633229,1.9462433
mb-02810,val,1.6627578,1.6926367,1.5314789,1.5444413
mb-07696,val,1.8864907,1.9163384,1.690196,1.6294523
mb-04713,val,1.7403626,1.6782423,1.2552725,1.2933142
mb-06555,val,1.6989701,1.651964,1.4913617,1.4349109
mb-01898,val,2.2671716,2.1951864,1.9294189,1.8167751
mb-03586,val,1.9242792,1.823067,1.5797836,1.5097363
mb-02130,val,2.4377506,2.4673486,1.9822712,2.1601517
mb-03466,val,2.361728,2.3264017,2.1105897,2.046444
mb-01708,val,1.8976271,1.759947,1.5563025,1.436158
mb-02015,val,2.1003704,2.1067433,1.748188,1.6135895
mb-10860,val,1.6627579,1.8470068,1.2787536,1.4631174
mb-00234,val,1.60206,1.6559275,1.3802112,1.2342207
mb-03200,val,1.4313638,1.2524295,1.0413927,1.2011585
mb-07373,val,1.5682018,1.4678515,1.4313638,1.3619821
mb-02643,val,2.149219,2.1646435,2.0569048,2.0692186
mb-08648,val,1.8388491,1.834588,1.6232493,1.6245263
mb-00541,val,1.462398,1.5759397,1.39794,1.5072083
mb-07521,val,1.146128,0.9693838,0.845098,0.7542206
mb-02672,val,1.6627578,1.7364197,1.60206,1.726649
mb-09646,val,1.4913617,1.2108008,0.7781513,0.91532344
mb-04183,val,2.0863597,2.0743499,1.748188,1.8397434
mb-10331,val,2.2741578,2.2185392,1.8633229,1.9032438
mb-10184,val,1.6720979,1.2780727,0.845098,0.9763215
mb-06660,val,2.139879,2.1620324,2.049218,2.067553
mb-10703,val,2.3283796,2.3795564,2.0827854,2.065884
mb-01537,val,2.4116197,2.3829155,2.0863597,2.1384428
mb-06591,val,1.146128,1.1004333,1.0,0.9165622
mb-10785,val,1.968483,1.9623413,1.3802112,1.56056
mb-09526,val,2.1702619,2.1841497,1.6627579,1.9333911
mb-05047,val,2.133539,2.1478803,1.5314789,1.4159044
mb-01968,val,2.1003706,2.1234996,1.90309,1.8167801
mb-07921,val,1.39794,1.3086389,1.2787536,1.2516594
mb-02740,val,1.462398,1.5318531,1.30103,1.2868233
mb-00888,val,1.4913617,1.7071694,1.30103,1.4626175
mb-03414,val,1.8388491,1.8601761,1.39794,1.3858211
mb-04399,val,2.2380462,2.2019503,1.7853298,1.6796448
mb-07537,val,2.1846914,2.2024686,1.8920946,1.85846
mb-02834,val,1.8920946,1.8085546,1.4913617,1.4824846
mb-05410,val,2.283301,2.1991525,2.09691,1.7973437
mb-05203,val,1.3802114,1.3146049,1.1760913,1.1333282
mb-04945,val,2.060698,2.0834315,1.462398,1.4809576
mb-01724,val,1.5563025,1.5173664,1.2787536,1.2206966
mb-10488,val,2.120574,2.1542797,1.8388491,1.8052955
mb-07531,val,1.5563025,1.4481578,1.39794,1.1758945
mb-06142,val,2.0374265,2.109315,1.6434526,1.7181727
mb-02007,val,2.1958997,2.1553469,1.7923917,1.7747742
mb-04440,val,2.1172712,2.187682,1.8864907,1.9140255
mb-04650,val,1.6127839,1.7065868,1.3424227,1.3418263
mb-03173,val,1.7853298,1.7159125,1.3424227,1.3465986
mb-05160,val,1.9344985,2.0349684,1.462398,1.7399269
mb-05889,val,2.2479732,2.200581,1.8573325,1.830127
mb-05752,val,2.313867,2.2993357,1.9731278,1.9585085
mb-01651,val,1.8325089,1.7895722,1.6434526,1.6130717
mb-03906,val,1.9294189,2.0115511,1.8129133,1.8543667
mb-03683,val,1.7781512,1.6801252,1.690196,1.6050119
mb-09412,val,1.90309,1.9483788,1.50515,1.6402625
mb-09139,val,1.0791813,0.8927741,0.7781513,0.46415114
mb-05443,val,1.8633229,1.7266284,1.3802112,1.427004
mb-10146,val,2.421604,2.3078191,1.9822712,1.9374684
mb-01939,val,1.9242793,1.8547807,1.6627579,1.6761093
mb-09813,val,2.3344536,2.2887697,2.064458,2.0292292
mb-08385,val,1.9542425,1.9483317,1.3617278,1.3656316
mb-02309,val,1.5440681,1.119297,1.230449,0.8817615
mb-09545,val,2.2810333,2.301912,2.0128372,2.0383525
mb-04616,val,2.206826,2.1076853,2.209515,2.1197646
mb-05717,val,2.2966652,2.3108876,1.9731278,2.084185
mb-02242,val,1.8920946,1.4926883,1.4313638,1.2826916
mb-06674,val,2.3283796,2.1401544,2.2718415,2.1332092
mb-03654,val,1.690196,1.4981543,1.3617278,1.2206826
mb-07429,val,2.0827854,2.064259,1.5682018,1.4984466
mb-03036,val,2.2013972,2.1460369,2.0827854,2.0349348
mb-04839,val,1.8388491,1.8382592,1.5910646,1.5784835
mb-03750,val,2.1271048,2.2304785,1.8692317,2.1043663
mb-01089,val,1.5314789,1.7255948,1.0,1.324626
mb-10242,val,1.8260748,1.7723198,1.5185139,1.4877306
mb-06980,val,1.6127839,1.5198708,1.30103,1.2511444
mb-03976,val,2.3856063,2.275649,2.0863597,1.9112599
mb-04406,val,1.9084849,1.8579841,1.7403626,1.7057607
mb-07468,val,1.2787535,1.6321715,1.4771212,1.5659102
mb-10072,val,1.518514,1.1538857,1.20412,0.99184114
mb-02311,val,1.9731278,1.9081659,1.5185139,1.3142403
mb-08473,val,1.8750613,2.0578597,1.5185139,1.678346
mb-10915,val,1.6434526,1.6189451,1.2552725,1.179877
mb-10672,val,2.1038036,2.0401497,1.1760913,1.6339396
mb-07967,val,2.283301,2.3238268,1.8864907,1.978262
mb-10164,val,2.269513,2.114288,2.0827854,1.9294074
mb-09866,val,1.5051501,1.5538288,1.20412,1.3042824
mb-07470,val,2.0827854,2.1265762,1.5682018,1.5856196
mb-07880,val,2.0530784,2.0088017,1.60206,1.5437742
mb-10082,val,1.913814,1.978692,1.5682018,1.7055051
mb-07896,val,2.1105897,2.208142,1.9731278,1.9348814
mb-10070,val,1.7558749,1.745331,1.4313638,1.3951359
mb-02113,val,1.8920946,1.9676158,1.690196,1.6136281
mb-01610,val,1.6127839,1.4577491,1.146128,1.218602
mb-02448,val,2.232996,2.10937,2.1172712,1.890408
mb-08080,val,1.2552725,1.163116,0.90309,0.93495953
mb-06477,val,1.9242793,1.8838456,1.2787536,1.3716989
mb-03983,val,1.5314789,1.5150049,1.3222193,1.2690375
mb-09936,val,2.217484,2.2059069,1.8325089,1.6856468
mb-06788,val,1.4771214,1.4847176,1.230449,1.3287834
mb-10256,val,2.130334,1.7530105,1.8512584,1.5456984
mb-09394,val,2.3117537,2.2463498,1.9867717,1.9066504
mb-04259,val,1.94939,1.881942,1.6532125,1.6146911
mb-08033,val,2.0681858,2.082067,1.462398,1.652545
mb-08627,val,2.0934217,2.0488555,1.5563025,1.5699288
mb-10141,val,1.8260747,1.8241955,1.5797836,1.5296446
mb-06063,val,2.423246,2.2456722,2.0530784,1.8467382
mb-06089,val,2.3159704,2.2647576,1.9590414,1.9252725
mb-04628,val,2.3838153,2.287241,1.9344984,1.8294603
mb-01171,val,2.130334,2.0802364,1.9190781,1.8655598
mb-08703,val,2.2504199,2.2126198,2.0569048,1.9010257
mb-08611,val,1.8512583,1.8388816,1.5910646,1.5147057
mb-08797,val,1.230449,1.029379,0.7781513,0.72952586
mb-03291,val,2.4517863,2.3842733,2.243038,2.0216484
mb-07029,val,2.292256,2.3013632,1.9395193,2.0147495
mb-06078,val,2.303196,2.2637627,1.9344984,1.9376003
mb-07496,val,0.9542426,1.6335533,1.1760913,0.83580035
mb-08467,val,1.6812413,1.78966,1.3617278,1.6068455
mb-06511,val,1.9344985,2.0652552,1.5440681,1.5606953
mb-05647,val,1.462398,1.409761,1.230449,1.1181225
mb-05925,val,2.4199557,2.3995981,2.10721,2.0373185
mb-01827,val,2.264818,2.2044826,1.5682018,1.509886
mb-00442,val,2.3138673,2.2948344,2.075547,2.077809
mb-00459,val,2.1846914,2.148322,2.0170333,2.00011
mb-10101,val,1.724276,1.6591878,1.30103,1.4176359
mb-01735,val,1.748188,1.599173,1.4313638,1.386176
mb-00661,val,1.8864907,1.9193766,1.748188,1.7606486
mb-06012,val,2.0043213,1.9890705,1.5563025,1.6081023
mb-00529,val,1.8260747,1.8340845,1.447158,1.4668562
mb-01376,val,1.7923918,1.8008447,1.2787536,1.3249916
mb-03690,val,2.3304138,2.2791429,1.8808136,1.8428257
mb-06337,val,2.0681858,2.101606,1.50515,1.4928778
mb-05132,val,2.230449,2.2809293,1.845098,1.8936639
mb-01856,val,2.0170333,2.0176108,1.7923917,1.7710886
mb-01300,val,1.3802114,1.339584,1.1760913,1.1218334
mb-00935,val,1.8864907,1.8054588,1.5185139,1.4769472
mb-03607,val,1.3617278,1.3211691,1.0,1.1956133
mb-07394,val,1.7160034,1.7463187,1.2787536,1.2583015
mb-09964,val,1.8864907,1.9249243,1.60206,1.6033788
mb-10022,val,2.1818435,2.205938,1.9294189,1.8124161
mb-08727,val,1.7781513,1.8809309,1.230449,1.399259
mb-10317,val,1.9777236,1.8923709,1.845098,1.7403525
mb-05472,val,1.2787536,1.343647,1.0,1.1242759
mb-09264,val,2.3201463,2.1951847,2.0413928,1.8891802
mb-09349,val,1.7558748,1.7664568,1.6720978,1.6353482
mb-07427,val,1.908485,2.0285614,0.90309,1.3714117
mb-08944,val,1.146128,0.96390855,0.845098,0.8631383
mb-10953,val,1.2041199,1.3078371,0.69897,0.9479626
mb-05771,val,2.3820171,2.4991229,1.9395193,2.157777
mb-05724,val,2.232996,2.123004,1.9590414,1.9281784
mb-03828,val,1.6232493,1.6384475,1.3222193,1.335261
mb-05055,val,2.2878017,2.1722667,2.0863597,2.0255182
mb-06629,val,1.6020601,1.5541348,1.462398,1.4077013
mb-10633,val,2.274158,2.278389,1.94939,1.9457524
mb-00148,val,2.0128374,2.0876923,1.6127839,1.9326451
mb-00610,val,1.5563025,1.5209943,1.4149734,1.423286
mb-02016,val,1.9637878,1.7696736,1.50515,1.4410498
mb-09164,val,2.209515,2.193601,1.845098,1.8479005
mb-08505,val,2.0492182,2.1308546,1.8260748,1.8423343
mb-10692,val,1.518514,1.729527,1.20412,1.1704612
mb-04358,val,2.4265113,2.459106,2.2624512,2.2011397
mb-10079,val,2.0374265,2.1052597,1.7075702,1.713292
mb-01394,val,2.1105897,2.0478392,1.6334685,1.6933672
mb-06356,val,1.9637879,1.8297371,1.4313638,1.6634507
mb-04959,val,1.9344984,1.7855816,1.0,1.0424713
mb-04727,val,2.025306,2.0219178,1.7993406,1.8317432
mb-04517,val,1.9190781,2.0090091,1.3802112,1.6792456
mb-07353,val,1.5440681,1.5760874,1.1139433,1.2342992
mb-10840,val,1.9242793,2.1518998,1.819544,1.9787761
mb-04666,val,1.230449,1.3487166,0.7781513,1.1233084
mb-00913,val,1.50515,1.1990479,1.1139433,0.84286445
mb-04674,val,1.5051501,1.4250183,1.20412,1.1757616
mb-05008,val,2.045323,2.0223732,1.5910646,1.5618968
mb-07430,val,2.378398,2.3725188,2.178977,2.1616838
mb-06834,val,1.748188,1.7011242,1.3617278,1.4283031
mb-06813,val,1.7323937,1.8530928,1.447158,1.5558708
mb-04118,val,1.7075702,1.60212,1.5440681,1.4954522
mb-07133,val,1.6127838,1.6161976,1.3222193,1.3644749
mb-00182,val,1.9731278,2.0720549,1.8976271,1.8733573
mb-01878,val,1.3010299,1.1741247,1.1139433,1.1386166
mb-05347,val,1.4771214,1.4888046,1.230449,1.271
mb-03134,val,1.9242792,1.8510977,1.7323937,1.5957766
mb-07595,val,1.7708521,1.6610391,1.462398,1.3786336
mb-03363,val,2.2355285,2.2505944,1.7993406,1.7814996
mb-10634,val,0.90309,1.3432857,0.60206,1.034999
mb-10825,val,1.6812413,1.6583803,1.3424227,1.0725574
mb-06416,val,1.748188,1.7601223,0.90309,1.2680073
mb-10823,val,1.9822712,1.8212042,1.690196,1.6035485
mb-02334,val,2.0827854,2.0215812,1.7993406,1.705315
mb-06404,val,1.6127839,1.5382066,1.4149734,1.1334932
mb-03321,val,1.6434526,1.6198812,1.4771212,1.434263
mb-00482,val,2.269513,2.2488487,1.8260748,1.8655171
mb-00022,val,1.9731278,1.9610368,1.6812413,1.6877716
mb-00521,val,1.7558749,1.4726993,1.3802112,1.3149939
mb-09052,val,2.1818435,2.134238,1.6232493,1.5289503
mb-09305,val,2.38739,2.28599,2.25042,2.0604382
mb-08219,val,2.2764618,2.2282672,2.0530784,2.102074
mb-09496,val,1.60206,1.5215368,0.845098,1.1202075
mb-10527,val,1.8692318,1.7213233,1.6334685,1.556789
mb-06274,val,2.3598354,2.460689,1.8692317,2.1097264
mb-00282,val,2.298853,2.2160563,1.9867717,1.9115024
mb-08381,val,2.0791812,2.1155033,1.8864907,1.9749391
mb-04211,val,1.7075702,1.5316613,1.2552725,1.3139014
mb-08906,val,2.1172714,2.2295825,1.8920946,2.015123
mb-03835,val,2.220108,2.249519,1.845098,1.6974256
mb-00587,val,1.3222193,1.2521932,0.845098,0.8141702
mb-09056,val,2.3304136,2.1403732,2.2718415,2.1335537
mb-00013,val,2.3201463,2.2494602,2.071882,2.0502691
mb-02261,val,1.230449,1.5879861,0.845098,1.0763493
mb-06701,val,1.4913617,1.2116771,1.146128,1.0532818
mb-10712,val,1.5682018,1.5875626,1.3617278,1.3594276
mb-06566,val,2.1731863,2.2172437,1.770852,1.8432777
mb-10705,val,1.0,1.192141,0.69897,1.0372376
mb-00331,val,1.3424227,1.4286878,1.0,1.0645695
mb-05976,val,2.0934217,2.0669024,1.7558749,1.6729219
mb-02951,val,1.7853298,1.9263229,1.6232493,1.727084
mb-06780,val,0.60206,0.6129137,0.30103,0.39687753
mb-08553,val,1.6232493,2.069606,1.20412,1.5671213
mb-09190,val,1.20412,1.2461993,0.7781513,1.006485
mb-07155,val,2.4014006,2.1931894,2.149219,1.8612515
mb-07232,val,2.0681858,2.069745,1.1760913,1.3856094
mb-02151,val,1.9956353,1.9680915,1.5682018,1.5915445
mb-00158,val,1.39794,1.3988334,1.20412,1.1595386
mb-08561,val,2.346353,2.2794724,1.9731278,1.9394894
mb-09600,val,2.311754,2.2336342,1.7993406,1.6654067
mb-04172,val,1.6901962,1.6867825,1.3424227,1.399115
mb-00557,val,0.845098,1.445508,1.146128,1.294239
mb-07380,val,1.7160033,1.7754245,1.3222193,1.3597014
mb-02211,val,2.164353,2.1562376,1.9395193,1.8713992
mb-00470,val,1.4313638,1.6665654,1.4313638,1.5361073
mb-04020,val,1.8750613,1.8308636,1.5910646,1.5928596
mb-03273,val,2.2600713,2.2753558,1.9294189,2.0302393
mb-07870,val,1.7403626,1.6475571,1.447158,1.442815
mb-07451,val,1.7160034,1.7193508,1.4313638,1.4322672
mb-07551,val,1.462398,1.579569,1.3424227,1.3510416
mb-01948,val,1.1760912,1.1780607,0.845098,0.867696
mb-01577,val,2.209515,2.1805866,1.9344984,1.8370508
mb-03492,val,2.0530784,1.8082011,1.0,1.0758779
mb-04935,val,1.3010299,1.371912,1.0413927,0.96942925
mb-07597,val,1.2041199,1.8327849,1.0,1.4614791
mb-04743,val,2.2068257,2.1714728,1.9138138,1.8520446
mb-02989,val,2.2855573,2.2750423,1.80618,1.8484112
mb-09414,val,1.690196,1.6757659,1.447158,1.4096702
mb-00475,val,2.3159702,2.2628846,2.0791812,2.0400262
mb-09924,val,2.2253094,2.1864614,1.819544,1.806618
mb-06354,val,1.7075702,1.7085056,1.5440681,1.5085506
mb-08174,val,1.8129134,1.6758095,1.4913617,1.5338337
mb-03754,val,1.7923917,1.8024318,1.3617278,1.4183491
mb-08955,val,1.4913617,1.4936199,1.146128,1.2941734
mb-07519,val,2.1846914,2.1682994,1.80618,1.885829
mb-06763,val,2.2253094,2.2040086,2.0086002,1.963768
mb-05149,val,2.2355285,1.9821062,1.9395193,1.6853801
mb-06542,val,1.7160034,1.669813,1.462398,1.4666986
mb-06488,val,2.2900348,2.2738874,1.94939,1.9343277
mb-00021,val,2.2810333,2.2392657,2.0,1.9666822
mb-08590,val,1.8129134,1.8041561,1.462398,1.4317292
mb-06049,val,1.6720979,1.7122402,0.60206,1.2257493
mb-06985,val,1.9637878,1.9006163,1.819544,1.7180171
mb-02958,val,2.4232457,2.2976108,2.1238515,1.8742017
mb-04293,val,2.1271048,1.9141567,1.9138138,1.741235
mb-01239,val,1.20412,1.3361627,0.9542425,1.1409302
mb-05574,val,1.462398,1.5499876,1.1139433,1.275058
mb-02610,val,1.5910646,1.5832139,1.3222193,1.415344
mb-08287,val,2.1038036,2.1481285,1.845098,1.9211742
mb-10321,val,2.0170333,1.9972992,1.6812413,1.7953256
mb-03097,val,2.1702619,2.0685217,1.908485,1.7846863
mb-07329,val,0.9542425,1.3151345,0.90309,1.1344364
mb-06304,val,1.7993405,1.8046522,1.5910646,1.6165192
mb-06279,val,2.3180633,2.287606,1.8129133,1.9713022
mb-10721,val,1.6127839,1.6320994,1.3617278,1.3489395
mb-02857,val,1.4471581,1.3335632,1.0,1.0000322
mb-10218,val,2.071882,2.0810661,1.7403626,1.7528706
mb-00201,val,2.1702619,2.1621857,1.7993406,1.7567536
mb-10760,val,1.9242792,1.8944268,1.3617278,1.2481844
mb-10942,val,2.6394866,2.3038645,2.7185018,2.266963
mb-08424,val,1.8129134,1.8070589,1.5682018,1.6250156
mb-06430,val,1.6334685,1.6251132,1.1760913,1.2512834
mb-02668,val,1.3424227,1.272157,1.0,0.9311358
mb-03808,val,2.071882,1.7872932,1.5185139,1.1233482
mb-02196,val,2.143015,2.1507754,1.9242793,1.8062503
mb-05823,val,1.8808136,1.8641928,1.7160033,1.7169286
mb-07857,val,2.120574,2.1110253,1.7558749,1.9028307
mb-06290,val,2.1958997,2.1984923,1.7853298,1.8618736
mb-03959,val,2.0530784,2.0456657,1.763428,1.8813094
mb-00258,val,1.3617278,1.5036528,1.0413927,1.0285385
mb-06251,val,1.9395192,1.8669538,1.7160033,1.5687784
mb-05880,val,2.2552724,2.2822485,1.8864907,1.8465359
mb-05789,val,2.1139433,2.1018362,1.462398,1.7292882
mb-01638,val,1.6627579,1.7224017,1.230449,1.3949776
mb-01238,val,1.2552725,1.2671932,0.69897,0.8215393
mb-01141,val,1.462398,1.6228602,1.1760913,1.3470825
mb-02817,val,1.146128,1.4441538,0.9542425,0.8603993
mb-03516,val,1.7323937,1.8470639,1.4771212,1.5606617
mb-08784,val,1.8920946,2.0655394,1.8325089,1.8622051
mb-09380,val,1.5314789,1.6175938,1.0,1.3178536
mb-02875,val,2.133539,2.0505705,1.7558749,1.7438031
mb-00285,val,2.130334,2.1446495,1.1760913,1.2586694
mb-08493,val,2.1583624,2.0916882,1.770852,1.8142734
mb-07789,val,2.209515,2.2203496,1.8808136,1.720025
mb-07875,val,1.7403628,1.6999207,1.4913617,1.5417117
mb-09493,val,1.8976271,2.1352696,1.230449,1.4114804
mb-08103,val,1.7075702,1.6894794,1.2787536,1.3161079
mb-05248,val,2.0374265,2.004506,1.5440681,1.5063965
mb-07909,val,2.2504199,2.2480938,2.0293837,2.0835443
mb-06583,val,2.25042,2.2589726,1.9542425,1.9537921
mb-01974,val,2.1522884,2.1458316,1.8750613,1.8059982
mb-06894,val,1.7323937,1.6144235,1.7323937,1.4289318
mb-06284,val,2.09691,1.994817,1.447158,1.728832
mb-01689,val,1.3222193,1.7263334,0.845098,1.019815
mb-00818,val,2.2121875,2.1667962,1.9444827,1.9443256
mb-00998,val,1.6020601,1.4942338,1.3424227,1.2554002
mb-01497,val,1.7993406,1.7541631,1.462398,1.3812253
mb-03604,val,2.1139433,2.0561688,1.7923917,1.7391951
mb-05139,val,1.6720978,1.7126667,1.3222193,1.4173806
mb-00193,val,1.5440681,1.4924805,1.3802112,1.4928707
mb-07161,val,1.8864907,1.9449946,1.60206,1.7568706
mb-04576,val,1.462398,1.429345,1.20412,1.364017
mb-00269,val,2.1702616,2.1881516,1.7853298,1.8077435
mb-02785,val,1.9777236,1.905551,1.39794,1.413313
mb-03198,val,1.9344985,1.9265969,1.39794,1.4080383
mb-01159,val,1.9444827,1.9209449,1.7993406,1.7752439
mb-04152,val,2.298853,2.2230866,1.7923917,1.773313
mb-04624,val,2.3053513,2.285575,1.8633229,1.8990908
mb-02555,val,1.3617278,1.3155496,1.0413927,1.1618876
mb-04445,val,1.4913617,1.4840779,1.20412,0.9618732
mb-00948,val,1.9190781,1.8783325,1.5682018,1.5085026
mb-03831,val,2.0170333,1.8221064,1.39794,1.394756
mb-05793,val,2.3909352,2.3293622,1.968483,2.088409
mb-03471,val,2.0043213,2.1190257,1.7403626,1.6080091
mb-01999,val,1.748188,1.6780003,1.6127839,1.46544
mb-09509,val,2.025306,2.0125582,1.5682018,1.583141
mb-02660,val,2.198657,2.046561,2.0253057,1.797662
mb-08790,val,1.230449,1.4449494,1.0,1.2906427
mb-08710,val,1.6989701,1.6999959,1.2552725,1.3968905
mb-03800,val,1.9444827,1.9228885,1.60206,1.4907924
mb-01179,val,2.356026,2.3621612,2.0,2.0194728
mb-01936,val,1.9344985,1.9396715,1.6532125,1.7285357
mb-09421,val,1.9344984,2.042374,1.8388491,1.8292174
mb-02044,val,2.1367207,2.0471058,1.7323937,1.6562748
mb-05002,val,1.8750613,1.7201945,1.5185139,1.5057867
mb-07547,val,1.69897,1.8637545,0.845098,1.2140654
mb-07898,val,2.0086002,2.0733213,1.8260748,1.7948995
mb-09470,val,2.075547,2.075814,1.7242758,1.7962027
mb-09890,val,1.7242758,1.7049674,1.5314789,1.5290835
mb-02606,val,2.1367207,2.049195,1.6232493,1.6773044
mb-06823,val,1.9542425,1.9372321,1.60206,1.5671648
mb-01013,val,1.8750613,1.7067425,1.5910646,1.5064201
mb-10372,val,1.8976271,1.833596,1.7323937,1.7722645
mb-03631,val,1.9637878,1.9010681,1.462398,1.5464761
mb-00040,val,1.4149734,1.7311294,1.462398,1.6069641
mb-06133,val,1.7853298,1.7443655,1.2552725,1.406225
mb-08379,val,2.033424,1.9142318,1.6627579,1.6254293
mb-00163,val,2.0,2.0395455,1.6434526,1.7587701
mb-02530,val,2.1760912,2.120174,1.5797836,1.7612287
mb-00631,val,1.9444827,1.987809,1.6434526,1.7093827
mb-03899,val,2.0374265,2.050902,1.6232493,1.6074269
mb-04257,val,1.39794,1.5070893,0.90309,1.2223653
mb-02822,val,2.1958997,2.178597,1.9590414,1.9558976
mb-03553,val,2.146128,2.0952232,1.9344984,1.9320625
mb-00299,val,2.0128372,1.9613919,1.7923917,1.691692
mb-05243,val,2.3304138,2.2246351,2.0530784,1.7810315
mb-00905,val,0.9542425,1.3360988,0.69897,1.0243332
mb-03606,val,1.0,0.870005,0.7781513,0.67406446
mb-02361,val,2.2900345,1.6839024,1.7403626,1.3363166
mb-04318,val,2.025306,2.0228667,1.4313638,1.6984838
mb-10962,val,2.2355285,2.1403518,1.8129133,1.8553376
mb-08087,val,1.6127839,1.5556912,1.39794,1.3939636
mb-09108,val,1.748188,1.7479867,1.2787536,1.4165076
mb-01048,val,1.7323939,1.7283812,1.5682018,1.531745
mb-00560,val,1.7160034,1.7018329,1.39794,1.3398619
mb-06781,val,2.3242824,2.140401,2.2718415,2.1336448
mb-09751,val,1.8808136,1.7436868,1.6720978,1.5218616
mb-10095,val,2.0681858,1.8169442,1.690196,1.6747435
mb-08449,val,2.2787535,2.303652,2.045323,2.038697
mb-03967,val,2.071882,2.0868573,1.8573325,1.864409
mb-07902,val,1.8195438,1.6695347,1.447158,1.4283412
mb-09116,val,2.1105897,1.9411486,1.845098,1.6747862
mb-01455,val,1.8388491,1.7970252,1.5563025,1.5475686
mb-10353,val,1.6989701,1.5943787,1.230449,1.2291524
mb-07398,val,1.7160034,1.7637123,1.462398,1.5331496
mb-07170,val,1.60206,1.5123136,1.3617278,1.2917994
mb-05978,val,2.2013972,2.203703,1.6627579,1.8517791
mb-03634,val,1.9590414,1.7583485,1.748188,1.6118789
mb-04943,val,2.2552726,2.2321398,2.1875207,2.1333199
mb-06796,val,0.9542425,1.1621106,0.7781513,0.83060867
mb-05435,val,1.2552725,1.2517422,0.69897,0.83707285
mb-00006,val,1.9956353,1.9824699,1.4913617,1.5484222
mb-09448,val,2.3521826,2.2390308,2.0086002,1.9719012
mb-05624,val,1.9912261,2.0031738,1.4149734,1.5072548
mb-02461,val,1.5797836,1.5081913,1.4771212,1.3746994
mb-04904,val,2.3483047,2.2706523,1.9590414,1.9501519
mb-07961,val,1.5185139,1.2593869,1.0413927,0.90025806
mb-09113,val,2.220108,2.1691139,1.8260748,1.7685785
mb-08569,val,1.8750613,1.8091094,1.7075702,1.6886387
mb-03867,val,1.7781513,1.7276788,1.462398,1.4863163
mb-08599,val,1.39794,1.4274697,1.20412,1.1712494
mb-00894,val,1.5682018,1.5710673,1.3424227,1.2904565
mb-10273,val,1.6020601,1.4156328,1.4313638,1.3005278
mb-05078,val,2.3364596,2.25586,1.9542425,1.9469606
mb-04966,val,1.8808136,2.0375311,1.5563025,1.6020235
mb-08234,val,2.252853,2.225252,2.0170333,1.9827595
mb-01587,val,2.3521824,2.349528,2.0128372,1.9638171
mb-03591,val,2.220108,2.29246,2.075547,2.2342064
mb-01178,val,2.075547,2.0032995,1.69897,1.7384262
mb-07867,val,1.7242758,2.1351357,1.8573325,1.9518814
mb-07183,val,1.8864907,1.8171637,1.447158,1.4689828
mb-06406,val,2.30103,2.2191808,1.8750613,1.8772404
mb-09197,val,2.217484,2.175876,1.9867717,1.9228525
mb-05672,val,2.0374265,2.1015527,1.462398,1.5195811
mb-07544,val,1.20412,1.3540044,0.9542425,1.175925
mb-03712,val,1.9822712,1.9131017,1.50515,1.516964
mb-10266,val,1.4913616,1.5144845,1.0791812,1.3417032
mb-01012,val,2.149219,2.1400084,1.908485,1.932828
mb-05926,val,1.7993405,1.7752632,1.146128,1.3557327
mb-02979,val,1.6232493,1.6414208,1.5314789,1.489355
mb-01106,val,0.90309,0.7202298,0.60206,0.42908967
mb-02658,val,1.8864907,1.802875,1.5910646,1.5362061
mb-00159,val,2.20412,2.1839526,1.9395193,1.9651217
mb-00771,val,0.60206,0.48878253,0.30103,0.26795232
mb-05867,val,2.2900345,2.419941,2.0334237,2.0873885
mb-07031,val,2.0211892,1.7040659,1.748188,1.5201825
mb-06564,val,2.1702616,2.1111493,1.8864907,1.8840863
mb-10118,val,2.0334237,1.9859626,1.6434526,1.8076873
mb-02023,val,1.3802112,1.2743248,1.2787536,1.2407757
mb-02587,val,2.1958995,2.1613576,1.9956352,1.9647447
mb-09399,val,1.9731278,1.9608607,1.6720978,1.650495
mb-03249,val,2.1105897,2.088712,1.6627579,1.7145184
mb-08227,val,1.6812412,1.7759327,1.5797836,1.5994356
mb-06236,val,1.8325089,1.724954,1.3802112,1.2785293
mb-01241,val,1.3222193,1.5059583,1.1139433,1.3327332
mb-02422,val,1.748188,1.7498021,1.4149734,1.3221604
mb-02496,val,2.2718415,2.0468786,2.0681858,1.7428608
mb-03796,val,2.2253094,2.1548696,1.9190781,1.7178285
mb-09569,val,2.071882,2.061171,1.8633229,1.8575535
mb-10185,val,1.7781513,1.6543617,1.5797836,1.4956964
mb-06642,val,2.3304136,2.1401522,2.2718415,2.13308
mb-09996,val,2.10721,2.1066477,1.7242758,1.7865316
mb-08259,val,1.748188,1.5026447,1.462398,1.2053275
mb-10375,val,2.463893,2.3557494,2.075547,2.114091
mb-05335,val,2.4082398,2.1776786,2.045323,1.8997229
mb-09832,val,1.8633229,1.8317914,1.1139433,1.6152462
mb-05355,val,1.230449,1.0359676,0.90309,0.7656607
mb-09553,val,2.369216,2.3792038,2.2227166,2.2271042
mb-09849,val,1.819544,1.7061216,1.3802112,1.4765301
mb-03893,val,1.3222194,1.2993047,0.7781513,0.859484
mb-06638,val,1.3424227,0.91881806,1.1760913,0.84902084
mb-09095,val,1.845098,1.7765561,1.5185139,1.4698703
mb-01727,val,1.9590414,1.9085997,1.6720978,1.6679562
mb-10050,val,1.8808136,1.8082377,1.6127839,1.686022
mb-08855,val,1.7853298,1.9336044,1.748188,1.7672876
mb-02863,val,2.1335387,2.0570161,1.6720978,1.7161688
mb-04703,val,1.7853299,1.7909575,1.5682018,1.630283
mb-03112,val,1.2552725,1.2246175,0.90309,0.98717976
mb-02171,val,1.7853298,1.7856461,1.5797836,1.5428262
mb-04523,val,1.7323939,1.6648104,1.6127839,1.4280349
mb-08947,val,1.5185139,1.4841366,1.447158,1.3948908
mb-09746,val,2.071882,1.9920254,1.7923917,1.7296721
mb-06868,val,1.748188,1.6933495,1.2552725,1.1065165
mb-00365,val,2.0293837,2.0466611,1.4771212,1.8671703
mb-05901,val,1.968483,1.9280406,1.5185139,1.466066
mb-10252,val,2.5340261,2.3864198,2.38739,2.18368
mb-09177,val,1.9867718,1.9423596,1.4149734,1.5222358
mb-08100,val,1.1760912,1.0321311,1.0791812,0.98734623
mb-04917,val,1.908485,1.9245784,1.748188,1.8041484
mb-06716,val,2.130334,2.0994377,1.6627579,1.7093493
mb-08679,val,1.5797837,1.6285968,1.39794,1.346097
mb-05906,val,1.9956352,1.9921521,1.7403626,1.6314578
mb-06687,val,1.6627579,1.6695493,1.6232493,1.4972717
mb-01958,val,1.5314789,1.4297158,1.39794,1.3041123
mb-02460,val,2.0170333,1.9436712,1.6434526,1.5943173
mb-08544,val,1.5051501,1.5315849,1.230449,1.3916005
mb-08862,val,1.690196,1.6954037,1.1139433,0.89270985
mb-07842,val,1.7323939,1.7190546,1.5682018,1.5186998
mb-03083,val,1.8512584,1.801086,1.5440681,1.467367
mb-05086,val,2.262451,2.0690107,2.045323,2.0145078
mb-05686,val,1.9190781,1.8663106,1.6812413,1.4791424
mb-06344,val,1.5440681,1.451223,1.3617278,1.3255994
mb-04760,val,1.5563024,1.4987106,1.3222193,1.2758101
mb-01035,val,2.2479732,2.2376618,1.8920946,1.9847989
mb-08974,val,1.6020601,1.5937852,1.4313638,1.465211
mb-08480,val,2.143015,2.099327,1.2787536,1.3249462
mb-10779,val,1.6434526,1.6520464,1.50515,1.3592181
mb-06846,val,1.30103,1.6233387,1.0,1.0274715
mb-09909,val,1.8573326,1.7407777,1.4313638,1.346568
mb-06990,val,1.7075702,1.699718,1.146128,1.1717886
mb-03138,val,2.1367207,2.0674388,2.09691,1.7002395
mb-03178,val,1.9867717,2.11915,1.6232493,1.8958795
mb-08105,val,1.2787536,1.1228919,0.9542425,0.93512267
mb-08170,val,0.99999994,1.1176887,1.0791812,1.0226419
mb-01198,val,1.94939,1.931482,1.8633229,1.7596833
mb-07661,val,1.50515,1.5983894,1.0413927,1.0728443
mb-04437,val,2.1105897,1.9622315,1.9444827,1.5747898
mb-06362,val,1.5185139,1.507478,0.9542425,1.1822782
mb-00780,val,1.4149734,1.5149074,1.0,1.2320676
mb-03175,val,1.3222194,1.5221428,1.39794,1.2014488
mb-10906,val,2.0086002,2.1309915,1.7075702,1.7926626
mb-03302,val,2.1139433,2.1533434,1.9395193,1.7883664
mb-02800,val,2.064458,2.0896072,1.69897,1.6984128
mb-04258,val,1.3802112,1.234538,1.1139433,0.90751606
mb-03040,val,1.7403628,1.666493,1.5563025,1.4865123
mb-10328,val,1.8920946,1.8733225,1.4313638,1.5147303
mb-09957,val,2.201397,2.1536486,1.6720978,1.7125839
mb-07999,val,1.3424227,1.6036886,1.1139433,1.1803306
mb-09604,val,1.845098,1.8332368,1.6627579,1.6978863
mb-01388,val,2.0043213,1.9016469,1.60206,1.5190979
mb-06787,val,2.1522884,2.1251998,1.6532125,1.6511014
mb-01767,val,1.897627,1.8580252,1.69897,1.6621342
mb-07321,val,1.7160033,1.7370089,1.60206,1.5702124
mb-09983,val,2.0293837,2.0461993,1.4771212,1.3631284
mb-05238,val,1.8864908,1.666675,1.4149734,1.3118141
mb-05394,val,1.690196,1.656225,1.3802112,1.3948039
mb-04135,val,2.0293837,1.9411885,1.7403626,1.7389174
mb-10291,val,2.1522884,2.1186733,1.6334685,1.9061546
mb-03674,val,1.6989701,1.6614457,1.1139433,1.2721053
mb-01130,val,1.819544,1.7163832,1.5563025,1.552838
mb-10533,val,1.5314789,1.203335,0.845098,0.98351276
mb-00342,val,1.90309,1.896812,1.4313638,1.4501772
mb-05184,val,1.3222193,1.2749985,1.0413927,1.0850055
mb-06207,val,2.1958997,2.1819656,1.8573325,1.8141599
mb-04163,val,1.6127838,1.6037498,1.447158,1.4511315
mb-01124,val,1.9395192,1.849191,1.690196,1.6833459
mb-08688,val,2.075547,1.9359504,1.8512584,1.7333658
mb-08020,val,2.1958997,2.1527023,1.8808136,1.8904443
mb-02293,val,1.763428,1.7379043,1.3424227,1.3624009
mb-10969,val,1.8633229,2.179974,1.7075702,1.8847888
mb-04044,val,1.9138138,1.9497563,1.7160033,1.8077111
mb-03489,val,2.155336,2.1222916,1.69897,1.6195005
mb-10784,val,1.3617278,1.8357172,1.3424227,1.7740676
mb-07705,val,1.8864907,1.6987734,1.5797836,1.5740091
mb-08687,val,1.9138138,1.8498569,1.39794,1.4910882
mb-09447,val,1.908485,2.090655,1.9777236,1.9323628
mb-07736,val,1.5314789,1.5789948,1.2787536,1.2854636
mb-09404,val,1.0791812,0.98891085,0.69897,0.6822882
mb-07480,val,2.5440679,2.4728258,2.1172712,2.1629598
mb-01787,val,2.214844,2.1620216,2.178977,2.029073
mb-09904,val,1.908485,1.8429298,1.6627579,1.5887043
mb-03740,val,1.9444827,2.0586197,1.8260748,1.7379084
mb-03825,val,2.2013972,2.2647145,1.0,1.8307339
mb-03814,val,0.90309,0.94824934,0.69897,0.55396545
mb-09667,val,1.462398,1.439591,1.146128,1.2418128
mb-08284,val,2.178977,2.172716,1.763428,1.6694269
mb-02137,val,1.9637878,1.9851075,1.8129133,1.8076706
mb-02241,val,1.90309,1.9007467,1.5563025,1.5744563
mb-09072,val,2.243038,2.1605422,2.049218,1.9053617
mb-00441,val,1.9867717,1.9239566,1.7160033,1.7008748
mb-08438,val,1.9542426,1.9276891,1.6334685,1.65785
mb-05879,val,2.0374265,1.8450236,1.39794,1.1000772
mb-06099,val,1.0,1.3222661,1.1760913,1.0536203
mb-10940,val,1.4771214,1.4061475,1.230449,1.1324747
mb-09009,val,1.9294189,1.4990811,1.3802112,1.2448251
mb-01378,val,1.832509,1.7938747,1.462398,1.4222761
mb-04654,val,1.2552725,1.0564187,0.845098,0.59755224
mb-03167,val,1.9444827,1.8146853,1.7075702,1.5725389
mb-10629,val,2.049218,2.051573,1.6720978,1.7140888
mb-00923,val,2.2479732,2.2994297,1.9294189,1.9617376
mb-04558,val,1.0791813,1.1250606,0.7781513,0.7126821
mb-10407,val,1.7923918,1.6401074,1.30103,1.2648027
mb-09180,val,2.149219,2.0983949,1.9444827,1.905944
mb-05108,val,2.033424,1.9043008,1.6532125,1.6713997
mb-04895,val,1.7403628,1.7504208,1.2787536,1.2545278
mb-10221,val,2.161368,2.0737875,1.9731278,1.8526114
mb-10344,val,2.1958995,2.114415,1.60206,1.8397385
mb-03211,val,1.6720979,1.6642959,1.39794,1.4130956
mb-09499,val,2.0681858,2.0504997,1.2787536,1.308404
mb-00909,val,1.6434526,2.0193472,1.908485,1.7340955
mb-07742,val,2.0791812,2.1836512,1.80618,1.8551263
mb-02341,val,2.269513,2.238285,1.690196,1.8171489
mb-00882,val,1.9637878,1.890603,1.6812413,1.6834494
mb-05757,val,2.2855573,2.2915065,1.5797836,1.9753029
mb-06999,val,1.8573325,1.6548799,1.5185139,1.4136935
mb-04677,val,1.90309,1.8573036,1.7323937,1.8128715
mb-05330,val,1.9590415,1.9353445,1.5563025,1.5474504
mb-08872,val,2.230449,2.1626246,1.8512584,1.7874451
mb-06276,val,2.217484,2.1600873,1.94939,1.7986901
mb-09200,val,2.2576785,2.2035236,1.8573325,1.850743
mb-05510,val,1.7923918,1.6659074,1.6627579,1.4551226
mb-01946,val,2.25042,2.2405496,1.8692317,1.9262125
mb-01804,val,2.4361625,2.464085,2.064458,2.1004994
mb-01749,val,1.7160033,1.7258214,1.3617278,1.3308277
mb-08616,val,2.372912,2.3110206,2.0530784,2.0833702
mb-10595,val,1.748188,1.9982388,1.3802112,1.4712844
mb-09170,val,1.7853298,1.7558373,1.5185139,1.5892417
mb-06471,val,1.6989701,1.5626804,1.462398,1.3330588
mb-06816,val,1.7708521,1.8469589,1.4313638,1.476686
mb-08584,val,2.220108,2.1660995,1.8976271,1.8446379
mb-08796,val,2.2528532,2.064024,1.8260748,1.7918502
mb-06631,val,0.0,0.25013673,0.0,0.11744785
mb-08789,val,2.3673558,2.2945342,2.0170333,1.886631
mb-06048,val,2.2148438,2.1461706,1.80618,1.7805586
mb-07181,val,2.0530784,1.9755896,1.7853298,1.7383119
mb-04349,val,1.531479,1.5074594,1.30103,1.2837229
mb-02278,val,0.69897,0.96307033,0.47712126,0.38941324
mb-04909,val,1.6901962,1.5705496,1.5682018,1.4311098
mb-05141,val,1.6627579,1.6919591,1.3424227,1.2167672
mb-05782,val,2.3996737,2.3711715,2.049218,2.0309937
mb-03559,val,1.4771212,1.7074759,1.60206,1.3998153
mb-09312,val,2.0086002,2.0143323,1.60206,1.6727116
mb-03711,val,1.3617278,1.4764345,1.1139433,1.2110817
mb-01125,val,1.5563024,1.5978196,1.5314789,1.4051385
mb-00707,val,1.60206,1.2010329,1.1139433,0.56570387
mb-01229,val,1.1760913,1.1064322,0.60206,0.64042103
mb-10316,val,2.1760912,2.0805206,1.908485,1.8895724
mb-10846,val,1.50515,1.5357991,1.39794,1.4125352
mb-00660,val,1.6812413,1.6102788,1.3617278,1.4090184
mb-04699,val,1.9493899,1.9346815,1.7323937,1.7106781
mb-00632,val,2.1958997,2.131311,1.845098,1.8943609
mb-03747,val,2.2855573,2.0020568,2.1105897,1.9316565
mb-06807,val,1.3802112,1.2648014,1.146128,1.0830399
mb-08528,val,2.075547,2.0865657,1.50515,1.4887923
mb-09140,val,2.206826,2.188464,1.80618,1.8160285
mb-02597,val,1.8750613,1.8588793,1.5910646,1.5266826
mb-01529,val,1.7403628,1.677128,1.39794,1.3946958
mb-07922,val,2.149219,2.1961908,1.69897,1.8937002
mb-07471,val,2.1613681,2.177235,1.462398,1.7334099
mb-08613,val,2.2430382,2.0758123,1.8260748,1.7449899
mb-05738,val,2.2405493,2.1867237,1.9138138,1.7971606
mb-02159,val,2.0530784,2.1311514,1.8750613,1.9318277
mb-02367,val,2.2878017,2.263968,1.9822712,1.9475708
mb-03453,val,1.4771212,1.5139779,1.2552725,1.3273649
mb-02096,val,1.8633229,1.8428524,1.1139433,1.1740553
mb-03525,val,2.120574,2.0798647,1.7242758,1.7266613
mb-06570,val,1.7323937,1.6359359,1.5910646,1.5187024
mb-01037,val,1.7853298,1.7674974,1.2787536,1.3119302
mb-03822,val,1.9731278,1.9426209,1.6434526,1.6362654
mb-01274,val,1.819544,1.8776262,1.6627579,1.6351494
mb-01058,val,2.0086002,1.9818461,1.819544,1.3587571
mb-03935,val,2.2013972,2.2204866,1.7160033,1.7733612
mb-01960,val,2.0413926,1.955972,1.8129133,1.7899113
mb-02408,val,2.164353,2.1897802,1.819544,1.8558644
mb-08321,val,0.90309,1.0173349,0.69897,0.7378703
mb-08498,val,1.8808136,1.8894982,1.7993406,1.8078579
mb-04815,val,2.0569048,2.059294,1.6627579,1.7690709
mb-10356,val,2.0413928,2.0733109,1.5682018,1.736252
mb-05448,val,2.2787535,2.286078,1.8808136,1.898516
mb-00593,val,1.770852,1.8228214,1.3802112,1.5064496
mb-00973,val,2.5237465,2.54737,2.3096302,2.3117936
mb-05194,val,2.1038036,2.0785806,1.8633229,1.9387515
mb-01778,val,1.9590415,2.0472965,1.8260748,1.8776376
mb-08459,val,1.7708521,1.715173,1.6127839,1.4062551
mb-02772,val,2.025306,2.05516,1.819544,1.801899
mb-08197,val,1.5910646,1.4677789,1.2552725,1.1200502
mb-01667,val,1.20412,1.5132194,1.146128,1.3567188
mb-10053,val,2.064458,1.9706886,1.770852,1.7715007
mb-04646,val,1.7853298,1.7303733,1.4913617,1.5425726
mb-07121,val,2.0934217,2.1182058,1.447158,1.4745839
mb-04741,val,1.3617278,1.4656025,0.47712126,0.9934014
mb-09298,val,2.2528532,2.2242627,1.8976271,1.9280063
mb-03839,val,2.1303337,2.0519366,1.9777236,1.9131601
mb-02355,val,2.0569048,2.1624079,1.5797836,1.6830695
mb-04592,val,2.348305,2.3047361,2.1105897,2.0755103
mb-03988,val,1.4313638,1.2806505,1.2552725,1.1321528
mb-03488,val,2.4683473,2.4971688,2.209515,2.2527094
mb-06417,val,1.748188,1.6719332,1.4913617,1.4600357
mb-01967,val,2.029384,1.9735013,1.7781513,1.7214401
mb-03726,val,1.7242758,1.6199421,1.3802112,1.463357
mb-06317,val,2.120574,2.1961904,1.770852,1.8550599
mb-06551,val,2.120574,2.1355724,1.7781513,1.7623475
mb-01307,val,2.357935,2.3409352,2.0,2.1220045
mb-03920,val,1.845098,1.8280296,1.39794,1.4782237
mb-03752,val,1.8129134,1.7608796,1.7075702,1.562841
mb-07823,val,2.164353,2.112784,1.8512584,1.815935
mb-07358,val,2.149219,2.2158253,1.748188,1.8662038
mb-06770,val,2.0681858,2.0563116,1.8864907,1.9107933
mb-00256,val,1.30103,1.4309604,0.9542425,0.9220198
mb-08737,val,1.7993406,1.7526431,1.3424227,1.2114577
mb-09115,val,1.8692317,2.0638943,1.3222193,1.7054193
mb-06228,val,2.2278867,2.2126098,1.69897,1.6982999
mb-09326,val,1.3424227,1.1479162,1.1139433,0.9917608
mb-08140,val,1.30103,1.1176986,1.0,0.9034408
mb-05827,val,1.8195438,1.7600462,1.3222193,1.2969813
mb-03271,val,1.6812412,1.6396632,1.3222193,1.2265929
mb-01054,val,2.029384,2.0278156,1.80618,1.8091676
mb-07568,val,1.531479,1.5324233,1.3424227,1.284464
mb-04578,val,1.9542425,1.9877684,1.690196,1.773413
mb-09110,val,2.1903317,2.2343218,2.0863597,2.0177832
mb-01367,val,1.5682018,1.3862426,1.1139433,1.0945809
mb-10415,val,1.9395192,1.9221638,1.3617278,1.6473805
mb-08774,val,1.6232493,1.6232102,1.3617278,1.3866299
mb-04200,val,1.2041199,1.4430864,1.0,1.1719397
mb-05887,val,1.6232493,1.5639583,1.5314789,1.4416987
mb-10482,val,2.2355285,2.1900125,1.9542425,1.8877997
mb-08644,val,1.7558749,1.7359339,1.3617278,1.5027075
mb-07650,val,1.5563025,1.6506126,1.3802112,1.4063871
mb-06370,val,2.2479732,2.162575,1.80618,2.031006
mb-09019,val,1.7160033,1.622742,1.5797836,1.4732574
mb-07611,val,1.60206,1.5571822,1.3617278,1.1337514
mb-00703,val,2.209515,2.1513302,1.9190781,1.7333417
mb-00669,val,2.1702616,2.093634,1.9777236,1.9002835
mb-00200,val,1.4149734,1.3127878,1.20412,1.102452
mb-05546,val,2.262451,2.1613736,2.198657,2.036144
mb-02365,val,1.6020601,1.3469844,1.5440681,1.1766952
mb-02520,val,1.5682018,1.4355879,1.6127839,1.0193132
mb-08266,val,1.6812413,1.5013268,1.0791812,1.157712
mb-08212,val,1.7403628,1.7507616,1.5563025,1.568613
mb-06643,val,1.4913617,1.4063661,1.30103,1.18497
mb-10620,val,2.232996,2.2030053,1.5185139,1.6770687
mb-03179,val,1.3802112,1.5982957,1.2552725,1.3838542
mb-02307,val,2.155336,2.227177,1.7923917,1.7643182
mb-09392,val,2.1731863,2.069478,1.7993406,1.7249532
mb-10408,val,1.69897,2.0602975,1.748188,1.8102078
mb-10844,val,1.8260747,1.7570392,1.447158,1.5081836
mb-08458,val,1.7323937,1.6891602,1.3617278,1.2103502
mb-04082,val,2.10721,1.8832668,1.4771212,1.7465298
mb-02071,val,1.690196,1.6417308,0.845098,1.2166871
mb-10659,val,1.3222194,1.5224009,1.20412,1.1423078
mb-00011,val,1.1139433,1.2108331,0.7781513,0.90747875
mb-10579,val,2.2787538,2.190013,1.8976271,1.6929948
mb-01556,val,1.7923918,1.8197746,1.39794,1.4344168
mb-01560,val,2.1522884,2.0522013,1.9777236,1.865605
mb-06928,val,1.146128,1.1144869,0.7781513,0.66091466
mb-00987,val,1.9344984,2.075795,1.5797836,1.5834299
mb-04596,val,2.1958995,2.145954,1.6434526,1.7120776
mb-06979,val,1.9867718,1.9341351,1.8260748,1.7084205
mb-05810,val,1.8129134,1.7554303,1.5440681,1.5993798
mb-08186,val,1.9637878,1.9017421,1.7403626,1.7543232
mb-06581,val,2.2013972,2.1543708,1.8325089,1.8920574
mb-01674,val,2.4297523,2.4560177,2.340444,2.309689
mb-02723,val,1.3617278,1.1755528,1.230449,0.9437354
mb-07000,val,0.90309,1.0289166,0.60206,0.69077426
mb-01381,val,1.1139433,1.1128142,0.90309,0.8905939
mb-01492,val,2.2944663,2.0886545,1.9590414,1.9007599
mb-00902,val,2.2900345,2.3558297,2.0530784,2.0179546
mb-08564,val,1.819544,2.0575933,1.5563025,1.6790087
mb-00522,val,1.20412,1.1824107,0.7781513,1.0331945
mb-04583,val,1.4771212,1.0180453,1.0413927,0.76461715
mb-02527,val,1.8129134,1.7312126,1.3802112,1.2796309
mb-05004,val,2.4377506,2.4471571,2.2966652,2.3241005
mb-02819,val,1.8808136,1.7284347,1.50515,1.3882418
mb-05548,val,2.2855573,2.2439563,1.7993406,1.7845268
mb-07843,val,1.8976271,1.7828033,1.5563025,1.5472255
mb-08829,val,2.0827854,2.0864482,1.69897,1.7468971
mb-01246,val,1.2041199,1.4023385,1.0,1.189204
mb-06411,val,1.8633227,1.946872,1.0791812,1.5869896
mb-03648,val,1.7993405,1.7497743,1.3222193,1.4398705
mb-06880,val,1.3424227,1.2525182,1.146128,0.9823633
mb-10613,val,2.3747485,2.40471,2.2329962,2.1709504
mb-01742,val,2.3096302,2.2229714,1.9731278,1.871097
mb-10308,val,2.0934217,2.0753832,1.763428,1.7311774
mb-08562,val,1.2041199,1.0576133,0.845098,0.7999266
mb-06538,val,2.3483047,2.3822086,1.9590414,2.0193439
mb-05701,val,1.7993405,1.7948164,1.5910646,1.5683458
mb-04109,val,2.0334237,2.025943,1.8388491,1.8651979
mb-09676,val,2.071882,2.0730977,1.7323937,1.6731584
mb-03500,val,2.4393325,2.330932,2.1303337,1.9757227
mb-07638,val,1.6020601,1.6957133,1.146128,1.3030634
mb-00525,val,1.8864908,1.4077066,1.6532125,1.4730022
mb-07457,val,2.3201463,2.31225,1.94939,1.9570457
mb-00767,val,2.178977,2.181788,1.690196,1.7025708
mb-02014,val,1.0,1.1476843,1.1760913,1.1808653
mb-00115,val,1.5797836,1.6398332,1.3222193,1.4431024
mb-08387,val,1.7781512,1.7227238,1.447158,1.4348149
mb-02497,val,2.0681858,1.9326327,1.69897,1.5599697
mb-04255,val,2.0128374,1.9759023,1.5682018,1.4173244
mb-02567,val,2.3579347,2.1932936,1.9822712,2.0210428
mb-02274,val,1.1139433,1.0686865,0.9542425,0.82568556
mb-01628,val,1.8976271,1.8753619,1.6627579,1.6622734
mb-08453,val,1.8864907,1.893493,1.770852,1.6490774
mb-10530,val,1.8260748,1.7097671,1.5185139,1.3794289
mb-07504,val,1.6989701,1.7878847,1.4313638,1.5679042
mb-10717,val,1.7160034,1.63716,1.2552725,1.276761
mb-09761,val,1.7323937,1.5916052,1.1139433,1.389424
mb-01309,val,2.1903317,2.1506994,1.8976271,1.8235447
mb-08999,val,1.5185139,1.5718839,1.3424227,1.2412966
mb-09689,val,2.1553361,2.0312583,1.8750613,1.8221675
mb-10381,val,2.0128374,2.080645,1.5682018,1.4372448
mb-01884,val,2.0530784,2.0778382,1.819544,1.7582787
mb-05432,val,2.1461282,2.1290338,1.9190781,1.8875918
mb-02721,val,1.9395192,1.9849051,1.690196,1.8021021
mb-09258,val,1.4471581,1.5339495,0.9542425,1.1675533
mb-04260,val,1.7403628,1.6619312,1.39794,1.3343645
mb-02524,val,2.1367207,2.1286123,1.748188,1.7814958
mb-04987,val,2.4712915,2.4594657,2.3180633,2.3410034
mb-05607,val,2.4771214,2.4790905,2.1522884,2.186297
mb-10445,val,1.3617278,1.3504971,1.0413927,1.071332
mb-10808,val,1.5797836,1.573823,1.3802112,1.2105626
mb-05842,val,1.8573326,1.8274946,1.462398,1.465924
mb-09241,val,1.6434528,1.4778997,1.3424227,1.23153
mb-10296,val,2.346353,2.2565305,2.0043213,1.948829
mb-06465,val,1.5314789,1.5004758,1.4771212,1.415841
mb-04424,val,1.6989701,1.6270983,1.4313638,1.3981222
mb-02665,val,1.9084849,1.5891551,1.2552725,1.2556611
mb-01653,val,1.1139433,0.97403723,0.47712126,0.6561981
mb-03638,val,2.232996,2.1310117,2.089905,1.9631236
mb-00266,val,2.1522884,2.1207452,1.9138138,1.9633578
mb-00207,val,2.1398792,2.1006541,1.9242793,1.7927892
mb-06841,val,2.4608977,2.37317,2.2671716,2.1624422
mb-09618,val,2.139879,2.0548832,1.9444827,1.9377059
mb-05024,val,2.149219,2.2460473,1.7923917,1.7705017
mb-04669,val,2.1238518,2.0506556,1.8750613,1.7683811
mb-05668,val,1.80618,1.7552578,1.4149734,1.4843276
mb-02493,val,2.2741578,2.3514032,2.045323,2.1310608
mb-07052,val,1.8388491,1.7674334,1.5185139,1.4963142
mb-03158,val,1.4771212,1.4984044,1.0791812,1.2538004
mb-10151,val,1.6434526,1.6684766,1.2787536,1.3637369
mb-08608,val,1.9777236,2.0632987,1.69897,1.7642846
mb-01845,val,2.0606978,2.085666,1.6232493,1.7186698
mb-10656,val,2.0170333,2.0360227,1.8692317,1.8892674
mb-05147,val,2.071882,2.0093548,1.4771212,1.5044856
mb-05280,val,1.6627579,1.590911,1.4313638,1.3932116
mb-09244,val,1.3010299,1.2346184,1.0413927,1.101862
mb-00162,val,1.2041199,1.3394296,1.1139433,1.1370519
mb-00612,val,1.6334685,1.7409192,1.5682018,1.575024
mb-07461,val,2.0934217,1.9933977,1.8920946,1.7630402
mb-09680,val,1.6020601,1.5647913,1.146128,1.1313872
mb-05017,val,2.2576785,2.2674718,1.8573325,1.8329293
mb-10182,val,1.6627579,1.6441411,1.4149734,1.3673239
mb-07616,val,1.9912261,2.0709715,1.8512584,1.8647346
mb-10259,val,2.09691,2.0515738,1.8325089,1.8576813
mb-09613,val,1.7708521,1.837886,1.39794,1.4428806
mb-08461,val,1.5563025,1.524503,1.0413927,0.98060894
mb-07005,val,0.47712126,0.57233757,0.47712126,0.4313395
mb-06046,val,2.3541083,2.2225504,1.5185139,1.5989436
mb-03829,val,1.2552725,1.3079381,1.1139433,1.1253422
mb-02920,val,0.60206,0.48094285,0.30103,0.309587
mb-08435,val,1.8976271,1.4745113,1.146128,1.2560312
mb-02430,val,1.845098,1.8783708,1.447158,1.3473469
mb-06294,val,2.2552724,2.2070572,1.8920946,1.9057173
mb-08133,val,1.9777236,2.1630504,1.50515,1.7613837
mb-00078,val,1.8808136,1.8264979,1.6334685,1.5796517
mb-01264,val,2.0606978,1.9819202,1.9590414,1.8865261
mb-07940,val,2.10721,1.9350723,1.690196,1.5854323
mb-01348,val,2.3117537,2.2525666,1.9956352,1.8870778
mb-08664,val,2.0128374,2.2311099,1.30103,1.5994223
mb-09431,val,1.9542425,2.0029652,1.4771212,1.620203
mb-05845,val,1.5797837,0.7066644,0.60206,0.35144436
mb-06509,val,1.763428,1.7600596,1.3802112,1.367755
mb-00155,val,1.6901962,1.6970097,1.3424227,1.4660596
mb-09269,val,2.049218,2.095192,1.4771212,1.6124896
mb-01382,val,1.4149734,1.4090207,1.1139433,1.0515203
mb-03292,val,2.4533184,2.382456,2.1760912,2.0544603
mb-06052,val,1.8260748,1.7938846,1.3424227,1.2979594
mb-10812,val,1.4471581,1.4522074,1.146128,1.2199776
mb-06468,val,1.5185139,1.540535,1.5314789,1.4504404
mb-03536,val,2.0569048,2.011128,1.8692317,1.7946712
mb-10585,val,2.230449,2.2194972,1.8129133,1.7869103
mb-09695,val,1.8129133,1.4106487,1.5185139,1.1822522
mb-10403,val,2.217484,2.1909153,1.6334685,1.3195158
mb-00656,val,2.2013972,2.1309795,1.7075702,1.723288
mb-05374,val,1.146128,0.60796237,0.90309,0.7986659
mb-00942,val,1.8129134,1.8941132,1.230449,1.1304588
mb-10772,val,2.1367207,2.1415172,1.5910646,1.4768769
mb-00817,val,2.0681858,2.1096046,1.9294189,1.9545891
mb-02978,val,1.7323937,1.7643118,1.20412,1.2012956
mb-03180,val,2.217484,2.1510913,1.7853298,1.770894
mb-08665,val,0.90309,0.94540226,0.69897,0.61238354
mb-05000,val,2.1583624,2.238248,1.7781513,1.7405411
mb-00306,val,1.4913617,1.3357025,1.230449,1.1027753
mb-06563,val,1.6532124,1.6538305,1.3222193,1.3571657
mb-05189,val,1.230449,1.2579958,0.845098,0.8509621
mb-09416,val,2.1583624,2.0590618,1.7403626,1.6116568
mb-01100,val,1.9956353,1.8977607,1.7558749,1.7542485
mb-00264,val,2.3117537,2.2623868,2.089905,2.04319
mb-07355,val,1.8808136,1.8496239,1.5185139,1.5511938
mb-07664,val,1.6812413,1.7222964,1.5185139,1.5455239
mb-03970,val,2.075547,1.9664875,1.7075702,1.690972
mb-05670,val,2.3521824,2.2611833,1.9637878,1.8982816
mb-04037,val,2.2810333,2.2165606,1.90309,1.870773
mb-06164,val,1.69897,1.5760852,1.60206,1.5004333
mb-07622,val,1.968483,1.9213731,1.6127839,1.5288931
mb-03062,val,1.6127839,1.6810288,1.146128,1.2691789
mb-08704,val,1.8750613,1.926874,1.5910646,1.6951922
mb-04888,val,1.9867717,1.9963791,1.8388491,1.747109
mb-06007,val,1.819544,1.8417199,1.2787536,0.7143877
mb-03874,val,1.8976271,1.8266577,1.6532125,1.6562473
mb-06116,val,2.0043213,1.9309596,1.8633229,1.7720009
mb-01316,val,2.3053515,2.1389,1.819544,1.794352
mb-09647,val,2.252853,2.2230897,1.50515,1.8141422
mb-05656,val,1.8864908,1.9022574,1.20412,0.9313764
mb-08462,val,2.1702619,2.120818,1.6627579,1.6477697
mb-05178,val,2.2068257,2.2006862,1.8692317,1.9007621
mb-03390,val,2.3873897,2.3446789,2.0334237,1.9682359
mb-03702,val,1.7323939,1.7246008,1.5440681,1.4558805
mb-00581,val,1.690196,1.6108121,1.4149734,1.413963
mb-04356,val,2.4913619,2.4988937,2.2405493,2.2621436
mb-10109,val,2.1583624,2.1016283,1.7242758,1.7631406
mb-04940,val,1.763428,1.7641798,1.748188,1.5558857
mb-04470,val,0.9542425,1.2493082,0.69897,0.9468807
mb-08779,val,2.1875207,2.0665972,1.9242793,1.8604574
mb-09357,val,2.2121875,2.2174788,1.763428,1.8306806
mb-06548,val,2.3856063,2.3095262,2.0791812,1.9369549
mb-08474,val,1.991226,1.8473063,1.447158,1.4934946
mb-02702,val,1.50515,1.383419,1.1139433,1.0869412
mb-00204,val,1.7403628,1.8128934,1.462398,1.615196
mb-02376,val,1.0,0.94771844,0.69897,0.6343073
mb-00072,val,1.6989701,1.6368096,1.5563025,1.5592389
mb-00382,val,1.7075701,1.6511508,1.447158,1.4320928
mb-03243,val,1.8976271,1.9532144,1.3424227,1.4846423
mb-01019,val,1.4771214,1.72913,1.5440681,1.5157493
mb-03725,val,2.3909352,2.2858806,2.2624512,2.1192703
mb-10512,val,2.5037906,2.4624975,2.243038,2.1957138
mb-01228,val,2.2552724,2.1851726,2.064458,1.9761934
mb-05091,val,2.5340261,2.4927118,2.292256,2.2739563
mb-04340,val,1.9542425,1.9585088,1.5314789,1.6289715
mb-09811,val,2.198657,2.2628124,2.075547,2.1651628
mb-00646,val,1.2787536,1.6312819,1.20412,1.3770769
mb-01072,val,2.0681858,2.0071507,1.7853298,1.8236678
mb-05101,val,1.7853298,1.8362534,1.30103,1.5498679
mb-05416,val,2.0569048,1.9199901,1.8633229,1.7759011
mb-02186,val,0.0,0.11091849,0.0,0.10435605
mb-00939,val,1.8808136,1.8338873,1.7075702,1.6459342
mb-03052,val,1.6127839,1.5052916,1.39794,1.289186
mb-08714,val,1.7781513,1.5491557,1.5314789,1.2019982
mb-00374,val,2.164353,2.0850132,1.9956352,1.9210086
mb-04072,val,1.5051501,1.4213266,1.3424227,1.2649521
mb-05093,val,1.5682017,1.5872246,1.3222193,1.3876883
mb-05220,val,1.7160034,1.7591186,1.1139433,1.2080264
mb-05542,val,1.5185139,1.4735019,1.4149734,1.3687898
mb-10037,val,2.217484,1.9928972,1.6720978,1.6376095
mb-08618,val,1.5314789,1.3013921,1.0413927,0.96756494
mb-01390,val,0.95424247,1.101,0.845098,0.80262774
mb-00629,val,1.6232493,1.5374889,1.2787536,1.3137193
mb-06318,val,1.6627578,1.6125796,1.3222193,1.3008369
mb-05185,val,1.8633229,1.7492892,1.5910646,1.5676233
mb-01519,val,1.7781513,1.8164068,1.462398,1.6235299
mb-06040,val,1.6127839,1.4807485,1.1139433,1.140584
mb-10946,val,2.4814425,2.4155593,2.20412,2.163461
mb-06174,val,1.9867718,1.9403077,1.39794,1.4307795
mb-00052,val,1.5185139,1.6390328,1.2787536,1.3576471
mb-07374,val,2.3242824,2.2852678,1.8920946,1.9666349
mb-05835,val,1.863323,1.823594,1.6127839,1.4750501
mb-01474,val,0.90309,1.0806463,0.30103,0.7662007
mb-10264,val,1.9084849,2.1204424,1.7323937,1.8118675
mb-07929,val,2.4771214,2.3208537,1.9444827,2.0482893
mb-01377,val,1.6127839,1.6938301,1.4313638,1.5176208
mb-02624,val,1.9590414,1.9692545,1.6434526,1.7012093
mb-10807,val,1.5797837,1.5436057,1.230449,1.2335687
mb-10240,val,2.0293837,2.144333,1.763428,1.8382201
mb-03171,val,2.326336,2.2539973,1.9867717,1.9304293
mb-04008,val,1.9294189,1.98019,1.770852,1.8222061
mb-01525,val,2.1367207,2.0993912,1.6627579,1.7092793
mb-02097,val,1.8750613,1.8105038,1.69897,1.6487883
mb-05772,val,2.0492182,1.9928646,1.6812413,1.615602
mb-08422,val,2.252853,2.2456055,1.7242758,1.7804947
mb-10058,val,1.9822712,2.0700665,1.5797836,1.8180451
mb-00687,val,1.8388491,1.7277586,1.5563025,1.4739528
mb-02844,test,2.4361625,2.1857882,2.149219,1.7963483
mb-05387,test,1.7403628,1.6990829,1.5440681,1.5151464
mb-04555,test,1.690196,1.710388,1.3802112,1.4484779
mb-08082,test,1.9777236,1.9202899,1.819544,1.6587106
mb-07956,test,1.6901962,1.6728138,1.1760913,0.94960403
mb-05575,test,1.230449,1.2003851,0.90309,0.8448432
mb-05811,test,2.1903317,2.2096124,1.845098,1.7443284
mb-04208,test,1.5051501,1.3878019,1.2787536,1.1992909
mb-10377,test,1.6232493,1.5468817,1.5185139,1.3863517
mb-00638,test,1.5440681,1.4824991,1.30103,1.2647276
mb-05596,test,1.5682018,1.6318972,1.1139433,1.0993503
mb-02082,test,2.1105897,1.4610558,1.69897,1.411941
mb-08896,test,2.5289166,2.4371111,2.376577,2.247956
mb-05975,test,1.9190781,1.9309052,1.1760913,1.0470393
mb-06722,test,2.120574,2.0382812,1.9294189,1.8848624
mb-04142,test,2.2944663,2.2225292,1.9395193,1.9316138
mb-04495,test,1.4771212,1.5374291,1.1139433,1.2360091
mb-00202,test,1.6232493,1.6307076,1.2552725,1.389255
mb-02198,test,1.9637878,1.9743093,1.8573325,1.8626008
mb-09705,test,1.4771214,1.8045522,1.6627579,1.6348271
mb-06635,test,2.2671719,2.2173712,2.1522884,2.1314113
mb-05534,test,1.5185139,1.1214199,1.2552725,1.0237195
mb-03564,test,1.5682018,1.5040203,1.1760913,1.3091844
mb-00154,test,1.8260748,1.7527808,1.5314789,1.5234269
mb-00539,test,2.0211892,1.6677518,1.2552725,1.4392607
mb-10048,test,1.6127839,1.6545167,0.90309,1.132885
mb-07560,test,1.7242758,1.6188948,1.3802112,1.4028041
mb-08162,test,1.9637879,1.8751609,1.5682018,1.4098147
mb-00189,test,1.9912261,1.9623197,1.7923917,1.7292157
mb-08363,test,2.3053513,2.2516298,1.9731278,1.9290438
mb-00924,test,1.4149734,1.5782564,1.0,1.2045795
mb-02393,test,1.8864908,1.8919116,1.4313638,1.6153278
mb-03701,test,1.5563025,1.6161675,1.2552725,1.4371119
mb-07984,test,1.8808136,1.8094032,1.5314789,1.6013777
mb-10726,test,2.434569,2.231058,2.0827854,1.9442315
mb-04737,test,1.8864908,1.8542185,1.2787536,1.394246
mb-08120,test,1.6020601,1.5788255,1.1760913,1.3098806
mb-06168,test,1.9777236,1.9459465,1.4771212,1.4284214
mb-07667,test,2.0530784,2.1037402,1.7558749,1.9483137
mb-08754,test,2.4313638,2.3724055,2.1958997,2.1107001
mb-10615,test,2.220108,2.1881309,1.7075702,1.6540694
mb-10973,test,1.6989701,1.6375401,1.1139433,1.3848323
mb-00417,test,1.8129133,1.6346779,1.60206,1.4499965
mb-09827,test,2.0569048,1.904002,1.7993406,1.7484962
mb-07009,test,2.2787535,2.2969673,2.0863597,2.0510678
mb-04473,test,0.7781513,0.8495101,0.60206,0.68202615
mb-03394,test,2.3502479,2.4904633,2.1038036,2.2682455
mb-01571,test,1.7708521,1.7746722,1.4913617,1.4635665
mb-10716,test,1.8976271,1.7916446,1.4149734,1.4876
mb-01077,test,1.6232493,1.6223749,1.1139433,1.2515153
mb-05732,test,1.8388491,1.7970408,1.50515,1.3959577
mb-04263,test,2.3838155,2.1893907,2.2380462,2.1271033
mb-06732,test,1.5563025,1.4617159,1.4313638,1.2686056
mb-08322,test,2.340444,2.2222323,1.9395193,1.9727824
mb-07643,test,2.3053513,2.3172886,1.9542425,1.9632427
mb-02491,test,2.2380462,2.1103747,1.9444827,1.9194043
mb-10805,test,2.1367207,2.157784,1.1760913,1.6482759
mb-03054,test,2.0334237,2.0177555,1.763428,1.7234802
mb-04425,test,2.2329962,2.21837,2.209515,2.1269276
mb-00137,test,2.0569048,1.9724935,1.7781513,1.6723982
mb-10725,test,1.8633229,1.8786587,1.2552725,1.3122759
mb-07830,test,1.5682018,1.5649872,1.2552725,1.1233234
mb-00716,test,2.3180633,2.0840013,2.1931245,2.0402112
mb-08932,test,1.9956353,2.0055919,1.4149734,1.5451632
mb-09524,test,2.2900345,2.3652751,2.045323,2.2261386
mb-08135,test,1.8573325,1.7503778,1.4149734,1.4665939
mb-08208,test,1.7075701,1.6182516,1.7403626,1.4700394
mb-10401,test,1.9190781,2.1230493,1.7242758,1.8126007
mb-09331,test,2.0413926,1.991111,1.6434526,1.6015522
mb-07101,test,1.6334685,1.5805104,1.39794,1.2563114
mb-07124,test,2.0,2.1368344,1.8920946,2.0465655
mb-04566,test,2.1875207,2.2166524,1.8388491,1.8430235
mb-10614,test,0.845098,0.95346904,0.69897,0.770047
mb-01081,test,2.378398,2.1191282,1.763428,1.7646917
mb-02849,test,2.149219,2.0543656,1.9444827,1.8811152
mb-08782,test,2.2253094,2.1876476,1.9777236,1.906374
mb-03788,test,2.161368,2.1329014,1.69897,1.7503394
mb-05776,test,2.2528532,2.2019305,1.80618,1.7887226
mb-04805,test,1.80618,1.7001641,1.60206,1.5581635
mb-10486,test,2.2479732,2.2315574,1.7558749,1.9553967
mb-08967,test,1.9395192,2.1727748,1.5185139,1.8473452
mb-01763,test,2.143015,2.0622258,1.7853298,1.7814684
mb-04171,test,2.269513,2.1556766,2.1139433,1.9160484
mb-02797,test,1.908485,1.9825289,1.6812413,1.7733006
mb-10000,test,2.340444,2.1935775,2.269513,2.1806183
mb-09041,test,2.0606978,1.8561463,1.6532125,1.5132484
mb-09181,test,1.3222193,1.209106,1.1139433,1.0980358
mb-08920,test,2.232996,2.1860878,1.7075702,1.7516501
mb-08808,test,2.2671716,2.2651958,1.60206,1.8408467
mb-02878,test,1.9822713,2.0821118,1.5440681,1.8055136
mb-00667,test,1.770852,1.6629483,1.1139433,1.2302179
mb-10501,test,1.7323937,1.6596189,1.4913617,1.4851195
mb-05029,test,1.0,1.0158256,0.69897,0.73290384
mb-00271,test,1.9190781,1.91213,1.5797836,1.570525
mb-06042,test,2.372912,2.362972,2.1038036,2.0743115
mb-08194,test,1.4771214,1.5590332,1.30103,1.3047588
mb-00791,test,1.8976271,2.0085742,1.7558749,1.813561
mb-06737,test,1.146128,1.1763189,0.9542425,1.0530233
mb-02079,test,2.5428255,2.5238695,2.1903317,2.3170695
mb-05233,test,2.3483047,2.283524,2.0334237,1.9993806
mb-05592,test,1.4313637,1.4005393,1.3802112,1.3590994
mb-03391,test,1.9138138,1.973754,1.770852,1.7487091
mb-00001,test,1.6334684,1.5660934,1.5185139,1.5004019
mb-00235,test,1.9731278,1.8798807,1.5910646,1.4652526
mb-09310,test,1.9493899,1.912342,1.7853298,1.6755838
mb-08954,test,0.47712126,0.39429298,0.30103,0.21437705
mb-05779,test,2.0413926,1.9788628,1.447158,1.4996675
mb-07651,test,1.9542425,1.9558108,1.30103,1.3537315
mb-02806,test,1.6532125,1.6642718,1.39794,1.3556354
mb-05442,test,2.2380462,2.1996856,1.8573325,1.8586881
mb-06331,test,2.2329962,2.1403952,1.8976271,1.7403233
mb-09492,test,2.0606978,2.0905097,1.7242758,1.6926557
mb-06573,test,2.2552724,2.1934147,1.8920946,1.9526169
mb-08202,test,1.6434526,1.678227,1.230449,1.305035
mb-08073,test,1.968483,1.9891701,1.3424227,1.6153796
mb-05855,test,1.544068,1.5322092,1.0791812,1.0801193
mb-04799,test,2.298853,2.0984774,2.2787535,2.0407703
mb-02558,test,1.4313638,1.2467945,1.20412,1.1466025
mb-05346,test,1.7242758,1.795908,1.50515,1.4936305
mb-00504,test,1.6812413,1.5248194,1.0413927,0.9683449
mb-08340,test,2.0,2.00183,1.5682018,1.4974165
mb-09831,test,2.0899053,2.1503835,1.6127839,1.7589923
mb-06254,test,1.8512583,1.8267165,1.0413927,1.253099
mb-02814,test,1.4771212,1.4744244,1.146128,1.2010136
mb-01796,test,1.80618,1.7795441,1.30103,1.2840794
mb-06136,test,2.307496,2.3026383,1.9912261,2.0049791
mb-07546,test,2.0863597,2.073338,1.8388491,1.8624563
mb-10173,test,1.908485,2.1869345,1.94939,1.8830146
mb-08044,test,2.2278867,2.114947,2.0043213,1.8497195
mb-06420,test,1.4471581,1.5371233,1.4313638,1.3650434
mb-00876,test,2.1303337,2.065473,1.9637878,1.9216802
mb-07002,test,0.9542425,1.4034692,1.4913617,1.3769388
mb-05977,test,2.1958997,2.1434968,1.8512584,1.7548739
mb-01531,test,1.60206,1.674132,1.3617278,1.443473
mb-04973,test,2.243038,2.1526294,2.0827854,2.0186188
mb-08580,test,1.7993405,1.759002,1.5314789,1.563035
mb-07424,test,1.7242758,1.6951165,1.4149734,1.3632106
mb-01148,test,1.462398,1.9672365,1.4313638,1.4330664
mb-00197,test,1.9956352,2.1409402,1.5910646,1.8492869
mb-00077,test,2.161368,2.1364362,1.8129133,1.793709
mb-06668,test,1.3424227,1.1674272,1.1760913,1.038562
mb-08884,test,1.2041199,1.0884247,0.845098,0.79667026
mb-01389,test,1.4149733,1.3235424,1.0791812,1.0859644
mb-04433,test,2.2624512,2.213798,1.908485,1.8902045
mb-07206,test,2.0043213,2.188063,1.8633229,2.0510907
mb-10932,test,1.531479,1.4594969,1.1760913,1.1563313
mb-07916,test,2.292256,2.1992218,2.1931245,2.0915809
mb-05256,test,2.0681858,2.0635405,1.690196,1.644425
mb-04621,test,1.9777236,2.0148153,1.770852,1.6780131
mb-08905,test,2.2253094,2.1166744,1.9242793,1.922878
mb-04636,test,2.209515,2.1227913,1.8512584,1.7603866
mb-07186,test,1.6720979,1.7665989,1.3424227,1.4049952
mb-05085,test,2.4456043,2.367502,2.133539,1.9820384
mb-02062,test,2.0681858,1.9874183,1.7075702,1.5877398
mb-00262,test,2.1461282,2.090137,1.8260748,1.8416688
mb-02141,test,1.7160033,1.6475054,1.447158,1.3980978
mb-00009,test,1.845098,1.9260141,1.6812413,1.66979
mb-10429,test,2.071882,1.6620778,1.50515,1.4083253
mb-07239,test,1.5910647,1.2209876,1.3424227,1.042372
mb-01761,test,2.139879,2.1503906,1.9294189,1.9047241
mb-03676,test,2.209515,2.216638,1.5682018,1.7150792
mb-01810,test,2.1673174,2.2194703,1.763428,1.8492997
mb-01291,test,2.10721,2.1007874,1.8692317,1.8063688
mb-04493,test,2.220108,2.1178224,1.7403626,1.766388
mb-00260,test,1.9590415,1.8077706,1.5563025,1.558472
mb-03556,test,1.4313638,1.2872596,1.30103,1.2710907
mb-09963,test,1.9395193,2.13024,1.30103,1.7970443
mb-05913,test,2.3283796,2.207019,1.819544,1.8734844
mb-06949,test,1.4471581,1.3365874,0.7781513,0.7210549
mb-05600,test,2.4885507,2.5037618,2.2855573,2.2816744
mb-00574,test,2.0043213,1.7210166,1.4913617,1.4404652
mb-01931,test,0.30103,0.6251826,0.0,0.13251853
mb-07418,test,1.6232493,1.6916752,1.0413927,1.4461209
mb-07490,test,2.0374265,2.1062956,1.7558749,1.960006
mb-03327,test,2.4031205,2.4970086,2.4031205,2.4560564
mb-00130,test,1.7993406,1.8052194,1.3424227,1.3171959
mb-00974,test,2.2600715,2.2061923,1.908485,1.8351038
mb-04964,test,2.4698222,2.3411312,2.3521826,2.303865
mb-09078,test,1.7323937,1.6597075,1.2552725,1.3077856
mb-10346,test,2.0413928,2.0312188,1.6627579,1.7842298
mb-10359,test,0.60206,0.5250745,0.47712126,0.2934872
mb-07241,test,2.1613681,2.152433,1.462398,1.6954654
mb-04735,test,2.1522884,2.214696,1.94939,1.9845611
mb-00784,test,2.457882,2.4781783,2.2900345,2.3381774
mb-07350,test,2.2833014,2.2420692,1.9190781,1.9261624
mb-01304,test,2.2455127,2.121651,1.9867717,1.9424791
mb-06303,test,2.2878017,2.281198,2.0293837,2.0031812
mb-10253,test,2.230449,2.1332593,1.6812413,1.8104262
mb-08647,test,0.47712126,0.58002925,0.30103,0.4361961
mb-00918,test,2.209515,2.1632981,2.0934217,2.0254743
mb-09860,test,1.8920946,1.9927219,1.763428,1.8295441
mb-00571,test,1.9444827,1.9233601,1.748188,1.6760556
mb-00384,test,2.2624512,2.1596148,2.0374265,1.970472
mb-08258,test,1.7781513,1.6674316,1.5440681,1.5345945
mb-05475,test,1.9493899,1.9348902,1.69897,1.6108042
mb-00317,test,0.90309,1.2035202,0.7781513,0.9853043
mb-01007,test,1.7993406,1.7856042,1.230449,1.3166965
mb-05232,test,1.5682018,1.4388013,1.4313638,1.5125235
mb-06898,test,2.2576785,2.1699462,1.8388491,1.5992646
mb-00412,test,1.8808136,1.873903,1.748188,1.7318695
mb-02645,test,1.8750613,1.6960964,1.4149734,1.2422457
mb-04297,test,1.9294189,1.8771609,1.7558749,1.6835055
mb-02489,test,2.071882,2.1499455,1.5185139,1.6136591
mb-01771,test,1.3802112,1.3135273,0.90309,0.8610519
mb-07158,test,1.7323939,1.6726918,1.4313638,1.479944
mb-07813,test,2.0791812,2.1471546,1.5797836,1.5874795
mb-04413,test,2.421604,2.3696833,1.8129133,2.0986054
mb-01990,test,1.5440681,1.3903818,1.20412,1.2660558
mb-08787,test,2.1673174,2.116844,1.7923917,1.6831679
mb-06966,test,1.3424227,1.4346985,1.1760913,1.2089624
mb-10015,test,1.9395193,1.9390934,1.5440681,1.6365834
mb-07218,test,2.0170333,2.002108,1.5797836,1.5607591
mb-00778,test,2.206826,2.1756935,1.8325089,1.8535783
mb-00980,test,1.9138138,1.9179008,1.5185139,1.4614825
mb-03028,test,2.3598356,2.2525456,2.164353,1.937927
mb-07141,test,1.4471581,1.4448276,1.1760913,1.2091407
mb-06446,test,0.7781513,0.60780585,0.30103,0.38263464
mb-06617,test,1.9190781,1.6372793,1.4149734,1.3113127
mb-01065,test,2.1139433,2.0361295,1.6127839,1.6003367
mb-00853,test,1.20412,1.3353615,0.90309,1.0535591
mb-03974,test,1.7781513,1.8312708,1.5440681,1.628866
mb-00060,test,1.9084849,1.9167159,1.5797836,1.516722
mb-00419,test,1.7242758,1.6577158,1.50515,1.4812075
mb-00959,test,1.8692317,1.8946441,1.6127839,1.656512
mb-00153,test,1.9344985,1.9256388,1.6334685,1.5959854
mb-03152,test,1.6989701,1.8139353,1.230449,1.5973834
mb-07657,test,1.7558749,1.525018,1.3802112,1.2105639
mb-03644,test,1.6334685,1.5876664,1.5563025,1.5470619
mb-02504,test,2.2624512,1.6250118,1.1139433,1.2308412
mb-02193,test,1.3802112,1.5928513,1.3617278,1.5175456
mb-07098,test,2.3802114,2.357886,2.2253094,2.1499944
mb-09409,test,2.2227166,2.1429768,1.9444827,1.9480385
mb-01685,test,1.5563025,1.5772121,1.30103,1.3376466
mb-03762,test,2.0086002,1.9357193,1.9138138,1.8738264
mb-05959,test,2.0,1.965303,1.5314789,1.555845
mb-03476,test,2.0569048,2.0076551,1.8573325,1.8035558
mb-03310,test,1.544068,1.4657483,1.3222193,1.2504854
mb-07730,test,2.0934217,2.1167665,1.6627579,1.8806453
mb-02738,test,2.3242826,2.2097635,2.143015,1.9901322
mb-03636,test,2.2944663,2.2102258,2.1931245,2.0965004
mb-02967,test,1.6720979,1.6255193,1.5682018,1.4715309
mb-10495,test,2.0086002,1.933614,1.20412,1.7646356
mb-05536,test,1.3222193,1.3750964,1.0,1.018059
mb-03141,test,1.9731278,1.9830977,1.4771212,1.4094768
mb-06190,test,1.8920946,1.8387606,1.3424227,1.4226773
mb-02120,test,1.8750613,1.861876,1.230449,1.259726
mb-09950,test,2.25042,2.2289188,1.7781513,1.8443984
mb-02396,test,0.69897,0.86748624,0.30103,0.64303464
mb-09358,test,1.9242792,2.0027618,1.7160033,1.8237692
mb-05352,test,1.7923918,1.7952693,1.5440681,1.5078765
mb-05949,test,1.5682018,1.475116,1.2787536,1.2333068
mb-04107,test,1.3010299,1.2587852,1.0791812,1.0934275
mb-10867,test,1.8692317,1.8994081,0.845098,1.5497042
mb-08705,test,2.045323,1.9872574,1.80618,1.7466282
mb-01933,test,2.029384,1.9884199,1.5682018,1.5781986
mb-08707,test,2.0413928,2.0219812,1.6127839,1.6364646
mb-08702,test,2.149219,2.2258897,1.7558749,1.7528527
mb-05084,test,1.94939,1.9574878,1.7558749,1.6674122
mb-01750,test,1.968483,1.9770962,1.7781513,1.7931532
mb-03335,test,1.6627579,1.6099443,1.4913617,1.4315103
mb-07314,test,1.9912261,1.9750617,1.50515,1.5586226
mb-00943,test,1.3802112,1.1336249,1.0,0.83155507
mb-01762,test,2.2764618,2.3000302,1.968483,2.0270631
mb-10819,test,1.462398,1.5045644,1.30103,1.2263424
mb-02136,test,1.2552725,1.550839,1.0413927,1.2719738
mb-02060,test,1.5682018,1.6873094,1.30103,1.3878636
mb-06235,test,2.2121878,2.0380676,1.6532125,1.6958084
mb-10235,test,2.130334,2.0956473,1.5563025,1.7434511
mb-09106,test,2.1461282,2.025464,1.5563025,1.4926044
mb-01604,test,0.90309,0.9141896,0.69897,0.6329531
mb-05240,test,2.367356,2.2441719,2.164353,2.0873466
mb-10432,test,2.2741578,2.207355,1.8633229,1.871531
mb-08230,test,1.5051501,1.5454383,1.230449,1.2755073
mb-10802,test,2.2718415,2.3055766,1.6627579,1.9842571
mb-04218,test,2.09691,2.1390598,1.7923917,1.7720344
mb-07184,test,1.7242758,1.7047806,1.2552725,1.3117479
mb-04858,test,1.8976271,1.8295155,1.462398,1.4165604
mb-10430,test,1.6627579,1.5926079,1.462398,1.2871653
mb-00823,test,1.6627579,1.7286069,1.2787536,1.2438945
mb-04468,test,1.0413927,1.1516243,0.69897,0.8604694
mb-07385,test,2.0681858,2.226463,1.6532125,1.8194064
mb-05301,test,1.5797836,1.8090855,1.6720978,1.6132154
mb-05191,test,1.7853298,1.7420329,1.230449,1.1962463
mb-04289,test,1.3222194,1.2885101,1.230449,1.1526316
mb-09155,test,2.1931245,2.1804354,1.7558749,1.8083944
mb-09918,test,1.9542425,1.9054552,1.0413927,1.1785098
mb-05408,test,2.1522884,2.059414,1.7853298,1.6627169
mb-03629,test,2.1172714,2.1791139,1.9190781,1.9389384
mb-02482,test,1.5051501,1.50044,1.1760913,1.2732224
mb-08945,test,2.3222191,2.2724233,2.0253057,1.9247414
mb-07863,test,1.6812413,1.7267194,1.462398,1.4325353
mb-03462,test,2.5092025,2.48428,2.2600713,2.2099721
mb-05348,test,1.7242758,1.6416501,1.0,1.2090427
mb-04188,test,2.1875207,2.2518597,1.8573325,1.8741058
mb-01050,test,1.6989701,1.6571803,1.2552725,1.2438335
mb-03687,test,1.9444826,1.9303076,1.5910646,1.407787
mb-01906,test,2.075547,2.0110219,1.819544,1.7739092
mb-03419,test,2.201397,2.1516128,1.5314789,1.6489962
mb-06197,test,1.6627579,1.6030099,1.4771212,1.3664286
mb-09862,test,0.69897,0.72374713,0.47712126,0.5176897
mb-00846,test,1.8512583,1.7929662,1.6720978,1.5986745
mb-01060,test,2.0827854,1.8671203,1.819544,1.5376025
mb-01646,test,1.0413927,1.0462196,0.69897,0.7377382
mb-05713,test,2.2227166,2.2648833,1.8512584,1.8823996
mb-04752,test,1.9822712,1.933317,1.3802112,1.4040937
mb-07526,test,1.8512583,1.805272,1.3617278,1.3634455
mb-08958,test,1.2787536,1.3862503,1.0413927,1.2116957
mb-06368,test,2.326336,2.2748513,1.968483,1.8919333
mb-06233,test,1.7558749,1.7044193,1.3617278,1.3040695
mb-07805,test,1.5797837,1.7656745,1.4313638,1.618359
mb-08038,test,2.08636,1.9588758,1.8260748,1.678577
mb-01059,test,2.3765771,2.3419552,2.1553361,2.1082044
mb-04242,test,1.6020601,1.6010967,1.3424227,1.2958913
mb-04223,test,1.6812413,1.64798,1.462398,1.3737789
mb-09207,test,2.220108,2.1063704,1.94939,1.9273608
mb-06892,test,2.0043213,1.995683,1.5797836,1.5824382
mb-07554,test,1.7993406,1.6885388,1.4913617,1.2917026
mb-03812,test,1.6334685,1.618614,1.1760913,1.2722085
mb-01069,test,1.6627579,1.6981744,1.50515,1.3951817
mb-02969,test,1.770852,1.7809174,1.447158,1.4545242
mb-00126,test,1.7403628,1.7460624,1.4313638,1.3761322
mb-10002,test,1.845098,1.7986875,1.60206,1.4738091
mb-00822,test,2.143015,2.0498352,1.7853298,1.7482594
mb-08004,test,1.7323937,1.6982105,1.3617278,1.3795552
mb-07164,test,1.8260748,1.8142532,1.3222193,1.1740332
mb-00917,test,2.2833014,2.3238578,1.9912261,1.9704787
mb-07683,test,1.9084849,1.4196639,1.6434526,1.2530882
mb-05423,test,1.4771212,1.3880938,1.1139433,1.0696083
mb-00341,test,1.6812412,1.7113922,1.447158,1.4444425
mb-10538,test,1.146128,1.346951,0.7781513,0.7783608
mb-09945,test,1.7403626,1.5051279,1.50515,1.2755402
mb-04719,test,2.2576785,2.1754503,2.1038036,2.0442243
mb-00094,test,1.9493899,1.8133777,1.5910646,1.5116144
mb-07408,test,1.6127839,1.5532584,1.4313638,1.3563718
mb-02116,test,0.0,-0.2766291,0.0,-0.35236776
mb-01555,test,2.1818435,2.1257324,1.9190781,1.8389387
mb-10011,test,0.4771213,0.9415902,0.60206,0.7053158
mb-09077,test,1.7242758,1.8324314,1.6232493,1.6675396
mb-06645,test,1.7853298,2.2059643,1.7323937,2.0082517
mb-05415,test,1.8633229,1.7394851,1.5185139,1.3601651
mb-04859,test,1.819544,1.82316,1.5682018,1.5126802
mb-06833,test,2.0086002,2.0126343,1.7993406,1.8108218
mb-04795,test,1.908485,1.9734931,1.6532125,1.6654897
mb-10234,test,2.220108,2.2649827,2.0170333,2.0688822
mb-00255,test,2.0681858,2.0814126,1.690196,1.6094437
mb-05658,test,2.252853,2.0381773,1.9444827,1.6923018
mb-01792,test,2.3053513,2.3329706,2.0128372,2.063839
mb-07437,test,2.1271048,2.1467583,1.7075702,1.6622876
mb-08907,test,2.1105897,2.1123493,1.80618,1.7769169
mb-10870,test,2.357935,2.4058557,2.1903317,2.174643
mb-05126,test,2.3138673,2.3022878,1.94939,1.9755621
mb-07027,test,2.075547,2.0061896,1.6434526,1.766485
mb-10766,test,1.90309,1.4597847,1.39794,1.1224699
mb-00717,test,1.1139433,0.68217087,0.90309,0.57576466
mb-06882,test,1.724276,1.7221314,1.230449,1.3009026
mb-10150,test,2.1461282,2.1994288,1.6232493,1.9804698
mb-01925,test,1.7558749,1.8225434,1.3617278,1.4070286
mb-07221,test,1.8692317,1.6947412,1.4149734,1.2983692
mb-08659,test,2.2787538,2.2569594,1.7558749,1.7492425
mb-01707,test,2.0170333,2.0202658,2.0043213,1.8908025
mb-01959,test,2.1613681,2.0796592,1.6627579,1.7055146
mb-02914,test,1.90309,1.8454294,1.5797836,1.4861656
mb-03144,test,2.1303337,2.1818023,1.770852,1.8585685
mb-09561,test,2.133539,2.256901,1.845098,1.4843857
mb-10411,test,2.064458,1.8796241,0.845098,1.2907902
mb-00860,test,2.0211892,2.0708191,1.7160033,1.8530624
mb-03756,test,2.1038036,2.0366645,1.9190781,1.8565204
mb-10352,test,2.10721,1.9954627,1.6434526,1.6490284
mb-03343,test,1.9867717,1.9842772,1.6720978,1.6817118
mb-10447,test,1.8573325,1.5825303,1.20412,0.88575745
mb-05622,test,1.8512583,1.8187233,1.3222193,1.3501277
mb-03117,test,2.049218,1.9336879,1.690196,1.5805615
mb-05188,test,2.0827854,2.1108766,1.6812413,1.7839756
mb-08433,test,2.311754,2.2255237,1.6127839,1.6193944
mb-06396,test,2.356026,2.1398025,1.9731278,1.8859677
mb-03598,test,1.6720979,1.6166005,1.6127839,1.5520294
mb-00956,test,2.3201463,2.2455025,1.9912261,1.9357677
mb-03530,test,1.8512583,1.8562353,1.5314789,1.6911958
mb-03430,test,1.5682018,1.4721633,1.2552725,1.1500379
mb-06278,test,2.2355285,2.2338681,1.94939,1.9363024
mb-02711,test,1.7403628,1.7622794,1.30103,1.3164382
mb-07357,test,2.2648177,2.241136,1.9138138,1.8768275
mb-06809,test,1.5185139,1.5008017,1.0791812,1.1295325
mb-07112,test,2.0211892,2.0793421,1.6812413,1.7595379
mb-06783,test,1.146128,1.5098642,1.146128,1.1867046
mb-03672,test,1.4913617,1.6081142,1.2787536,1.3986881
mb-10626,test,1.9138138,2.0045657,1.6627579,1.8401427
mb-08592,test,2.1702619,2.0953972,1.6627579,1.586674
mb-07555,test,1.9777236,1.9764533,1.80618,1.8105888
mb-02026,test,1.9084849,1.8681145,1.447158,1.5508451
mb-04249,test,1.9777236,1.8538318,1.5440681,1.3705827
mb-07892,test,2.0413926,2.0159307,1.5314789,1.4943035
mb-07014,test,1.9138138,1.7820785,1.770852,1.6377568
mb-05373,test,1.968483,1.9552599,1.7160033,1.7155385
mb-04780,test,2.307496,2.1587067,1.9822712,1.8117388
mb-06910,test,2.1139433,2.0802047,1.9867717,1.893903
mb-04892,test,1.4471581,1.3634017,1.230449,1.2388343
mb-08172,test,2.164353,2.2006855,1.690196,1.7210574
mb-09687,test,2.1731863,2.1412964,1.39794,1.698267
mb-10727,test,1.8325088,1.495327,1.3222193,1.2768376
mb-07026,test,1.5797836,1.6111693,1.3222193,1.3528925
mb-04944,test,1.2787536,1.651071,1.0,1.4388726
mb-06677,test,1.8864907,1.7544609,1.50515,1.5094482
mb-01016,test,1.5440681,1.611522,1.3802112,1.4215326
mb-10391,test,1.6127839,1.3875449,1.1760913,1.042557
mb-05997,test,1.9777236,1.9311662,1.6127839,1.5949198
mb-01816,test,2.0043213,1.9601724,1.5314789,1.6122507
mb-02923,test,1.0413927,1.4382665,1.3222193,1.4895604
mb-07043,test,1.6720979,1.7895385,1.4313638,1.4361608
mb-06943,test,2.3856063,2.4880555,2.149219,2.1430569
mb-02433,test,1.3222193,1.2895058,1.0791812,0.93220717
mb-10195,test,1.8750613,1.9487308,1.7403626,1.7479987
mb-06402,test,1.5185139,1.4734434,1.1139433,1.1178666
mb-04311,test,2.0128372,1.9923024,1.69897,1.674545
mb-01248,test,2.1903317,2.1293242,1.9542425,1.9831777
mb-02734,test,1.3424227,1.1943333,1.146128,0.9503668
mb-03769,test,1.6812413,1.6856009,1.4313638,1.5002831
mb-09163,test,2.1818435,2.1523976,1.7558749,1.7886978
mb-02911,test,1.968483,1.8894925,1.6232493,1.5820194
mb-08783,test,1.929419,2.0111244,1.4149734,1.7938468
mb-01290,test,2.0827854,2.0377574,1.8573325,1.8069172
mb-00116,test,1.4471581,1.3952742,1.230449,1.2104051
mb-01122,test,1.0413927,0.9746181,0.845098,0.72014785
mb-02469,test,2.3201463,2.1899548,1.7403626,1.7480944
mb-02557,test,2.149219,2.2530947,1.8512584,1.8296709
mb-01341,test,1.6334684,1.6982734,0.69897,1.2829349
mb-05222,test,1.90309,1.9185818,1.7403626,1.7114348
mb-09706,test,1.230449,1.6085211,1.4771212,1.455737
mb-10474,test,1.8573325,1.9310187,1.69897,1.7399455
mb-03356,test,1.6720979,1.6216669,1.2787536,1.3200994
mb-08801,test,1.9912261,2.026626,1.3617278,1.3158514
mb-09007,test,2.4593925,2.2955656,2.0413928,1.9509854
mb-01312,test,2.1139433,2.092451,1.8864907,1.7291679
mb-06655,test,1.748188,2.2025836,1.770852,2.0101404
mb-01542,test,0.90308994,1.012821,0.845098,0.7765205
mb-03056,test,2.164353,2.1522446,1.8260748,1.8365012
mb-08220,test,2.4814425,2.4356248,2.252853,2.2670503
mb-03496,test,1.9084849,1.8042619,1.3802112,1.252557
mb-03067,test,2.0492182,2.079941,1.6127839,1.5901569
mb-08434,test,2.326336,2.2765226,2.0086002,1.9165803
mb-06490,test,2.09691,2.1305223,1.5797836,1.6059382
mb-06019,test,1.9395192,1.8943205,1.3802112,1.2729317
mb-10028,test,1.3617278,1.3149657,1.146128,1.1148208
mb-05249,test,1.8388492,1.8057482,1.4313638,1.3691294
mb-09949,test,1.690196,1.6412358,1.5185139,1.4457542
mb-10433,test,1.9542425,2.0277557,1.6720978,1.638804
mb-02180,test,2.3138673,2.2803247,1.90309,1.8590862
mb-03170,test,2.0086002,2.0087214,1.770852,1.7448338
mb-10602,test,2.0530784,2.0618913,1.5314789,1.5729691
mb-04971,test,2.064458,2.0184522,1.6532125,1.577283
mb-05915,test,2.0043213,1.9421641,1.7075702,1.664877
mb-08195,test,1.5440681,1.5513136,1.2787536,1.2888026
mb-05797,test,2.206826,2.1852255,1.8920946,1.8492122
mb-04980,test,2.1303337,2.1570895,1.7403626,1.7180958
mb-08780,test,1.4149734,1.4399252,1.20412,1.1306186
mb-00004,test,1.690196,1.6038146,1.60206,1.524605
mb-06988,test,1.9590415,1.8969581,1.6127839,1.5347406
mb-04494,test,1.9637878,1.9481894,1.6434526,1.6856457
mb-10325,test,2.09691,2.0001726,1.5797836,1.5408918
mb-06031,test,1.3222193,1.0938935,1.0,0.98153406
mb-04079,test,2.0827854,2.0449145,1.770852,1.6793956
mb-09105,test,2.294466,2.2430649,2.045323,1.9638401
mb-03900,test,2.1846914,2.2409477,1.8808136,1.878368
mb-03345,test,1.4149733,1.484759,0.845098,0.96769124
mb-00878,test,1.9190781,1.9053079,1.2787536,1.269786
mb-07215,test,1.7558749,1.8144336,1.462398,1.5214328
mb-10631,test,2.149219,2.1574068,1.8920946,1.8850412
mb-07679,test,1.968483,1.882536,1.6532125,1.463153
mb-04853,test,1.8692317,1.6530032,1.5910646,1.4669504
mb-04389,test,1.6232493,1.5917192,1.3802112,1.3534182
mb-09503,test,1.8633229,2.0441465,1.39794,1.4539042
mb-01306,test,2.2227163,2.0759165,1.9542425,1.8484715
mb-09721,test,1.6720979,1.9108193,1.4313638,1.5396125
mb-01917,test,0.90309,1.0176972,0.60206,0.7124818
mb-10426,test,1.6334684,1.4382548,1.5185139,1.2449841
mb-03840,test,1.7075702,1.6180704,1.4771212,1.377587
mb-06184,test,1.6434526,1.6458441,1.39794,1.4542818
mb-03943,test,1.3802114,1.2019129,1.1760913,1.1207983
mb-01521,test,1.69897,1.6265185,1.3802112,1.3979874
mb-00232,test,1.763428,1.7281002,1.3424227,1.317504
mb-01324,test,2.25042,2.1781912,2.0086002,1.8024251
mb-05644,test,1.8388491,1.7654084,1.230449,1.1615236
mb-02839,test,2.1875207,2.1748378,1.8920946,1.8534131
mb-03579,test,1.9395193,1.8385351,1.4313638,1.4984399
mb-01252,test,2.0899053,2.0818381,1.4149734,1.4311918
mb-02838,test,1.7781513,1.8550243,1.4913617,1.3199033
mb-09151,test,2.2671716,2.1804025,2.0128372,1.8973033
mb-07266,test,1.3617277,1.5352812,1.0791812,1.0029566
mb-10174,test,2.2576785,2.0699973,1.7781513,1.6993278
mb-06924,test,2.313867,2.3431304,1.9637878,2.0531745
mb-01994,test,2.0043213,1.9620038,1.5910646,1.5836676
mb-02050,test,2.2148438,2.1940098,1.8260748,1.8895986
mb-03581,test,2.243038,2.1918728,2.0253057,1.9248235
mb-09062,test,1.230449,1.3901513,0.90309,1.1187962
mb-08915,test,1.2552725,2.110439,1.3617278,1.7757329
mb-05116,test,1.991226,2.1099782,1.7403626,1.7339907
mb-00055,test,1.90309,1.8473343,1.6812413,1.6342732
mb-09637,test,1.0,0.9618813,1.146128,0.89185494
mb-08472,test,1.60206,1.590149,1.3617278,1.4011267
mb-04876,test,2.1105897,2.0314062,1.7558749,1.6457946
mb-06287,test,1.9138138,1.8728862,1.6434526,1.6954722
mb-02383,test,1.9822713,1.9822762,1.6812413,1.7906783
mb-00133,test,2.0170333,2.0038733,1.7160033,1.7331393
mb-03030,test,1.9912262,1.8010904,1.5440681,1.3349332
mb-09477,test,1.7160033,1.6702471,1.0791812,1.2036982
mb-09127,test,1.6627579,1.6461911,1.1760913,1.2733765
mb-05864,test,1.4313638,0.9888283,0.9542425,0.7302521
mb-02064,test,1.2041199,1.1023375,0.845098,0.66084576
mb-03005,test,2.1105897,2.0445106,1.7853298,1.8213242
mb-09111,test,0.90309,0.93981117,0.69897,0.75362337
mb-03376,test,2.2787535,2.2519689,1.8692317,1.8777814
mb-04124,test,1.5682018,1.4923308,1.230449,1.1141455
mb-04777,test,1.748188,1.6935358,1.5185139,1.4454855
mb-00536,test,1.6720978,1.6750411,1.4771212,1.4526466
mb-04186,test,1.9138138,1.9770696,1.7075702,1.6671937
mb-02511,test,2.2552724,2.350825,2.0606978,2.0880432
mb-08512,test,0.9542425,1.3554001,0.9542425,1.0948789
mb-05182,test,2.232996,2.2808568,2.1172712,2.0905602
mb-10773,test,1.5910646,1.7020116,1.2552725,1.4185953
mb-00953,test,2.4031205,2.408265,2.0569048,2.0387259
mb-07196,test,1.6627578,1.8698311,1.6720978,1.430164
mb-10583,test,2.2528532,2.155965,2.0413928,1.8967516
mb-08232,test,1.7242758,1.6737674,1.39794,1.4606682
mb-07511,test,2.3961995,2.378656,2.164353,2.0551744
mb-06002,test,2.1846914,2.1413202,1.69897,1.7162565
mb-10968,test,1.7075701,1.7755698,1.5797836,1.7242306
mb-07126,test,1.3010299,1.9463081,1.1139433,1.4165863
mb-02368,test,1.4149734,1.4633385,1.39794,1.4091638
mb-07561,test,2.3222194,2.2570524,1.50515,1.4438281
mb-07312,test,2.2528532,2.1900673,2.1105897,2.0428686
mb-00277,test,1.69897,1.7853498,1.5797836,1.6851782
mb-04234,test,1.462398,1.6041551,1.2552725,1.3465232
mb-10019,test,1.7853298,1.9416437,1.3424227,1.7467071
mb-03147,test,1.8750613,1.7981416,1.80618,1.6551287
mb-08017,test,2.1875207,2.1394928,1.69897,1.8210976
mb-00806,test,2.2278867,2.2186632,1.8920946,1.8834531
mb-04499,test,2.0934217,2.0495982,1.7242758,1.6856897
mb-03696,test,2.0530784,2.0198565,1.8129133,1.6355007
mb-05854,test,2.269513,2.305093,1.94939,1.9221749
mb-07022,test,2.0170333,2.1196396,1.8388491,1.9030944
mb-07274,test,1.462398,1.6569557,1.0413927,1.4323783
mb-02790,test,1.6127839,1.647563,1.4313638,1.3794676
mb-08407,test,1.5910647,1.6432319,1.146128,1.3265942
mb-07674,test,1.5910646,1.5482816,1.3802112,1.3475726
mb-10115,test,1.929419,1.8278208,1.6334685,1.7652727
mb-10262,test,1.4771214,1.2949574,0.90309,0.9852772
mb-04452,test,1.7781513,1.6435856,1.6532125,1.661216
mb-08527,test,2.20412,2.2192945,1.9294189,1.8818506
mb-07190,test,2.3263357,2.1400137,2.2671716,2.133204
mb-01986,test,2.2528532,2.1982088,1.4313638,1.5399725
mb-06269,test,1.7781513,1.7227602,1.39794,1.3641908
mb-04946,test,2.071882,1.8843409,1.9637878,1.6229416
mb-08477,test,1.447158,1.4477575,1.1139433,1.2969214
mb-09017,test,2.3483047,2.1755595,2.0374265,1.8556924
mb-04748,test,1.6812413,1.6539078,1.3617278,1.367489
mb-02560,test,1.8692317,1.8175142,1.3802112,1.4006009
mb-09167,test,1.4913617,1.7063001,1.462398,1.4257201
mb-08815,test,1.819544,1.5416082,1.3617278,1.3273618
mb-02322,test,1.9084849,1.8661819,1.6434526,1.5805464
mb-09852,test,1.6627578,1.4397869,1.3222193,1.2207747
mb-03174,test,2.2405493,2.2269533,2.0413928,2.136707
mb-03324,test,1.863323,1.833091,1.5682018,1.5197558
mb-09076,test,1.8633229,1.83758,1.6627579,1.6357088
mb-08619,test,2.2900345,2.323311,1.9590414,2.0696654
mb-08228,test,2.2787535,2.2545123,1.819544,1.8733312
mb-09986,test,1.9084849,2.0498943,1.8573325,1.8433545
mb-01841,test,1.146128,1.1923727,0.90309,1.0205678
mb-09828,test,1.2787536,1.2566991,1.0,1.1090608
mb-00775,test,2.3201463,2.2379005,2.2944663,2.1659386
mb-02681,test,1.7781513,1.7127137,1.3802112,1.3376833
mb-05343,test,1.9242793,1.8780601,1.4913617,1.4901578
mb-03610,test,1.8920946,1.9613662,1.5563025,1.7496586
mb-08245,test,2.3096302,2.323138,2.0569048,2.053517
mb-01678,test,2.1731863,2.1274111,1.763428,1.6373403
mb-03719,test,2.178977,2.145971,1.9822712,2.0241396
mb-01342,test,2.130334,2.1295195,1.9395193,1.9928341
mb-04422,test,2.230449,2.2120953,2.1931245,2.117078
mb-07790,test,2.164353,2.1075623,1.9190781,1.8131598
mb-07339,test,1.9542425,1.9846259,1.230449,1.3348997
mb-06028,test,2.0211892,2.0474882,1.5185139,1.7233601
mb-07069,test,2.30103,2.2327793,1.968483,1.8721986
mb-06619,test,2.2988532,2.1765485,1.8750613,1.8115321
mb-03850,test,1.8388491,1.8392162,1.6627579,1.6488339
mb-01980,test,1.7403628,1.7673576,1.5563025,1.4325128
mb-06767,test,1.8512584,1.883817,1.146128,1.1790524
mb-06122,test,2.3053513,2.2329068,2.0334237,1.876217
mb-06881,test,1.5797836,1.4742569,1.447158,1.3998073
mb-10936,test,2.269513,2.2074378,1.5910646,1.7298114
mb-04227,test,2.0681858,1.9393029,1.8129133,1.6843708
mb-08549,test,2.3242824,2.3604338,1.9590414,2.0729234
mb-07941,test,1.7075702,1.7204512,1.50515,1.4475962
mb-01865,test,1.9190781,1.8727627,1.8573325,1.7115347
mb-04232,test,2.264818,2.217327,2.1522884,2.131373
mb-03224,test,1.7634281,1.6971415,1.5563025,1.4922754
mb-06585,test,2.1553361,2.2403064,1.5440681,2.0038247
mb-01435,test,2.3856063,2.2572799,2.146128,1.7974709
mb-00892,test,1.9542426,1.9667761,1.6127839,1.4713293
mb-01949,test,1.908485,1.7607322,1.462398,1.38933
mb-01823,test,1.929419,1.888119,1.6334685,1.656534
mb-06893,test,2.3463528,2.2653775,2.0211892,1.9975643
mb-06709,test,2.4440448,2.5918498,1.9867717,2.255881
mb-01976,test,1.8808136,1.7802299,1.6532125,1.6281192
mb-07970,test,2.1731863,2.1658287,1.8129133,1.8048149
mb-02428,test,2.0827854,2.0105536,1.69897,1.744643
mb-07673,test,1.90309,1.9441969,1.5797836,1.6398116
mb-08669,test,1.8195438,1.8096424,1.6720978,1.7317303
mb-07489,test,2.1958997,2.1674564,1.8808136,1.9427166
mb-04388,test,2.3384566,2.3577003,2.1367207,2.0126855
mb-05801,test,1.5440681,1.5323589,1.4313638,1.4105531
mb-08335,test,1.9138138,1.9357795,1.7323937,1.7606618
mb-07368,test,1.9590414,1.8862451,1.230449,1.0150795
mb-02961,test,1.8325089,1.7416083,1.6812413,1.539473
mb-07059,test,1.3222193,1.5720779,1.1139433,1.2866527
mb-04361,test,1.7323937,1.6939244,1.748188,1.5378852
mb-06493,test,2.1367207,2.0895207,1.6334685,1.5453882
mb-04642,test,1.8633229,1.8877959,1.146128,1.3505177
mb-09823,test,2.1430147,2.2228115,1.7160033,1.858112
mb-05319,test,1.7923918,1.7697673,1.1760913,1.2102929
mb-02811,test,1.7853299,1.7080812,1.6334685,1.6510892
mb-08691,test,1.3222193,1.6704887,1.3802112,1.3446128
mb-10640,test,1.9444827,1.8970203,1.6627579,1.6063441
mb-00699,test,1.7781513,1.7712622,1.6334685,1.5448233
mb-00686,test,1.3802112,1.4701045,0.9542425,1.0484445
mb-08666,test,2.1673174,2.139042,1.8388491,1.840592
mb-05109,test,2.1673174,2.2072387,1.5682018,1.6378614
mb-02551,test,2.1958997,2.197474,1.90309,1.8983462
mb-07099,test,2.0086002,2.0179412,1.7781513,1.7864549
mb-01040,test,2.1367207,2.0318217,1.230449,1.3155928
mb-04670,test,1.5563024,1.6518186,1.0791812,1.33681
mb-00663,test,1.5682017,1.5714275,1.447158,1.3906273
mb-03436,test,2.4409091,2.5121546,2.1731863,2.2620497
mb-00951,test,1.4471581,1.5465895,1.2787536,1.2217364
mb-05124,test,2.2201083,2.201872,2.0413928,2.021524
mb-06154,test,2.0086002,2.0057912,1.4149734,1.2683667
mb-07119,test,1.3617278,1.1549501,0.90309,0.8831568
mb-06293,test,2.365488,2.3406796,1.80618,2.0209565
mb-03511,test,1.8388492,1.651147,1.5440681,1.5390989
mb-09576,test,1.8920946,1.8854288,1.39794,1.5051478
mb-01365,test,1.0,0.7751446,0.69897,0.49245322
mb-04300,test,1.9242792,1.8695769,1.7403626,1.6941293
mb-08428,test,1.6232493,1.7203004,1.3617278,1.5432478
mb-05315,test,2.049218,2.0182066,1.8976271,1.8573211
mb-04849,test,2.1846914,2.206957,1.8260748,1.9246914
mb-10933,test,1.748188,1.7395408,1.6127839,1.5719174
mb-01205,test,1.7403628,1.6753595,1.5563025,1.4648299
mb-09435,test,2.3283796,2.3033931,1.8750613,1.9010823
mb-00213,test,1.4771214,1.4239659,0.69897,1.0262989
mb-02051,test,2.2878017,2.2859604,1.763428,1.8904092
mb-09323,test,1.69897,1.6924511,1.3222193,1.3036146
mb-06891,test,2.2787535,2.265983,1.60206,1.7989362
mb-03420,test,1.462398,1.5421517,1.2787536,1.2988782
mb-07783,test,1.8129134,1.7614542,1.6627579,1.6383553
mb-01218,test,0.845098,0.99167705,0.69897,0.75101894
mb-09352,test,2.220108,2.0200052,2.0293837,1.8423066
mb-09504,test,1.7403626,1.5982077,1.6232493,1.5036935
mb-04968,test,2.1673174,2.1976378,1.8573325,1.8802278
mb-06600,test,1.30103,1.0834458,0.9542425,0.9175486
mb-00523,test,2.1731863,2.0395837,1.8325089,1.7852521
mb-09446,test,1.39794,1.5741044,0.9542425,1.1273735
mb-00635,test,1.2552725,0.78535676,1.0413927,0.7173544
mb-00659,test,2.1172714,2.0514553,1.8633229,1.802321
mb-06185,test,2.4471579,2.43514,2.049218,2.062234
mb-07994,test,1.8129134,1.7084112,1.3802112,1.352752
mb-00502,test,1.9542425,1.9662627,1.690196,1.7091999
mb-03797,test,2.3364596,2.2749836,1.9637878,1.933273
mb-06970,test,1.50515,1.3667723,0.845098,0.88463306
mb-03748,test,2.0086002,1.9534599,1.8633229,1.7580919
mb-06212,test,1.9242793,1.9669175,1.7781513,1.7773702
mb-04784,test,1.8864907,1.8373535,1.7323937,1.6594546
mb-01386,test,2.3201463,2.2515905,2.0170333,1.9768639
mb-03763,test,1.2552725,1.2398136,1.0,0.93467194
mb-05299,test,2.1731863,2.0782604,2.075547,1.8776182
mb-05539,test,0.69897,0.43072698,0.47712126,0.31170917
mb-07901,test,1.9867717,1.9247901,1.8573325,1.7841532
mb-03930,test,1.9242792,1.898086,1.690196,1.6661506
mb-03440,test,1.5910647,1.6333567,1.4149734,1.3953269
mb-02204,test,2.294466,2.2273571,2.2648177,2.2002265
mb-03155,test,1.94939,1.8696018,1.7781513,1.6934159
mb-08529,test,2.120574,2.0807745,1.8129133,1.8223773
mb-05390,test,1.8512583,1.8150762,1.5185139,1.571156
mb-00064,test,1.6434526,1.6488268,1.3222193,1.3022997
mb-00793,test,1.7993406,1.8158023,1.2787536,1.2634377
mb-05136,test,2.0530784,1.981414,1.5797836,1.5325422
mb-08392,test,1.3424227,1.5537187,1.39794,1.133412
mb-10671,test,2.25042,2.2485967,1.819544,1.9959095
mb-05052,test,2.1367204,2.148856,2.049218,2.0209873
mb-06736,test,1.90309,1.774683,1.39794,1.3560126
mb-04243,test,2.0253057,1.9464746,1.6720978,1.5187757
mb-03186,test,1.724276,1.7764415,1.1760913,1.0211298
mb-04432,test,1.80618,1.7275501,1.3802112,1.4206206
mb-05449,test,2.09691,2.0474708,1.9294189,1.857998
mb-08571,test,2.0086002,2.029944,1.60206,1.5564613
mb-09437,test,2.2855573,2.3077228,1.8633229,1.9445684
mb-06960,test,1.724276,1.7619365,1.230449,1.3049283
mb-00145,test,2.0293837,2.0128567,1.6232493,1.6943048
mb-05917,test,2.133539,2.0562649,1.6812413,1.6618654
mb-05311,test,1.4623979,1.6193231,1.0791812,1.2332755
mb-04492,test,1.8195438,1.7889214,1.5797836,1.4650232
mb-02056,test,1.1760913,1.3523796,0.7781513,1.0008231
mb-06704,test,1.8388492,1.6985195,1.4313638,1.3496017
mb-05056,test,1.7160034,1.7916241,1.2552725,1.337526
mb-05063,test,2.064458,1.9285431,1.8129133,1.5632998
mb-05150,test,1.9637878,1.9775587,1.6720978,1.8110448
mb-09274,test,1.8573325,1.8820636,1.4771212,1.4864053
mb-08306,test,2.0253057,2.0141191,1.60206,1.5638255
mb-04547,test,1.6020601,1.6419312,1.2787536,1.3899592
mb-10854,test,2.2013972,2.0364997,1.8692317,1.8208753
mb-07409,test,2.08636,2.0661843,1.5682018,1.5055149
mb-00728,test,1.8061799,1.6004425,1.447158,1.3972421
mb-10741,test,2.5465426,2.4416924,2.3384564,2.169178
mb-07041,test,2.0086002,2.0069292,1.819544,1.8016062
mb-05951,test,1.968483,1.9286096,1.5682018,1.559111
mb-04806,test,1.748188,1.4282923,1.3222193,1.0682858
mb-00671,test,1.2552725,1.3985302,0.60206,1.0530913
mb-02632,test,2.2878017,2.294905,2.0863597,2.136761
mb-09467,test,1.7242758,1.7436407,1.3222193,1.197436
mb-02869,test,1.8864907,1.8035033,1.5797836,1.4707522
mb-05941,test,2.209515,2.1672955,1.8388491,1.813098
mb-05334,test,1.8260748,1.8321688,1.39794,1.5296341
mb-08378,test,1.7323939,1.778439,1.5682018,1.6199379
mb-07483,test,1.6020601,1.5545224,1.4149734,1.3921715
mb-00920,test,1.7923918,1.7649368,1.146128,1.5918235
mb-06241,test,2.0934217,2.0386753,1.3424227,1.0769858
mb-10697,test,1.2552725,1.2157004,1.1139433,1.0772821
mb-01265,test,2.1003704,2.0077255,1.8573325,1.7032499
mb-05578,test,1.5682018,1.6394303,1.5563025,1.5014894
mb-01481,test,2.0374265,2.054638,1.69897,1.7390945
mb-02604,test,1.8976271,1.9324987,1.0791812,1.3426323
mb-10695,test,2.120574,2.1325428,1.94939,1.8634691
mb-08966,test,2.1818435,2.2243872,1.5797836,1.5227165
mb-10323,test,2.0293837,2.0383544,1.6434526,1.7215097
mb-07287,test,2.0043213,1.9433349,1.7403626,1.7417166
mb-07140,test,1.8692318,1.886349,1.6334685,1.5234848
mb-01693,test,2.2833014,2.271601,1.80618,1.9502734
mb-03020,test,1.6720979,1.95534,1.39794,1.7532275
mb-05031,test,1.9242792,1.8596961,1.3222193,1.386705
mb-01709,test,2.09691,2.0578842,1.9344984,1.9169431
mb-10668,test,1.8573325,1.891783,1.0791812,1.1235821
mb-09146,test,1.7558749,1.4610784,1.5563025,1.1848326
mb-00362,test,1.80618,1.7189478,1.6532125,1.462073
mb-06971,test,1.690196,1.7611591,1.2552725,1.3192981
mb-09474,test,1.6232493,1.5054086,1.30103,1.3641664
mb-07648,test,1.6627579,1.6546111,1.3802112,1.3514951
mb-02143,test,1.9912261,1.933582,1.7323937,1.7132697
mb-09374,test,2.0374265,2.0505989,1.6532125,1.8126388
mb-08820,test,1.6334684,1.7474483,1.3802112,1.156214
mb-04203,test,1.5440681,1.6933051,1.1760913,1.4293958
mb-01540,test,1.7323937,1.763169,1.4771212,1.5262891
mb-03004,test,1.9444827,1.955501,1.80618,1.7486455
mb-05984,test,2.1731863,2.1607842,1.6334685,1.5373425
mb-05445,test,2.230449,2.185907,2.0606978,2.0180192
mb-01664,test,1.4623979,1.481406,1.3222193,1.3120778
mb-04021,test,1.4149734,1.6641965,1.3617278,1.369128
mb-03561,test,1.8260748,1.8065656,1.6627579,1.6005223
mb-04893,test,2.2148438,2.250103,1.8808136,1.8687673
mb-05986,test,2.0606978,2.0563178,1.7075702,1.6483496
mb-10964,test,2.1367207,2.1452217,1.5682018,1.6934662
mb-02327,test,1.7781513,1.8114883,1.462398,1.4623322
mb-09454,test,2.4031205,2.2973328,2.0606978,1.9142964
mb-06353,test,2.283301,2.313359,1.9542425,1.9715014
mb-02419,test,2.161368,1.9537255,1.8129133,1.5500885
mb-04206,test,1.9912261,1.9819164,1.7853298,1.8606751
mb-09273,test,2.240549,2.1265337,1.7923917,1.8345563
mb-00824,test,2.2013972,2.1935656,2.1003706,2.0748572
mb-09547,test,1.9777236,2.0757997,1.6627579,1.7772136
mb-06941,test,1.5563025,1.1757979,1.1760913,0.8570508
mb-08213,test,1.5563024,1.6619774,1.447158,1.2966259
mb-07486,test,2.0827854,2.1310189,1.6720978,1.6235852
mb-06371,test,2.10721,2.0686202,1.7075702,1.6373227
mb-02371,test,1.6232493,1.632282,1.4149734,1.4469271
mb-00995,test,2.0827854,2.0370197,1.7781513,1.657829
mb-01021,test,1.8692317,1.8011132,1.5563025,1.5572206
mb-02747,test,1.5563025,1.5961814,1.4313638,1.4425633
mb-03242,test,1.819544,1.800838,1.6127839,1.7041874
mb-04158,test,1.7634281,1.8885753,1.6334685,1.7090521
mb-07421,test,1.3222193,1.33703,0.845098,0.7659848
mb-06546,test,1.8388491,1.8011627,1.146128,1.2697918
mb-05276,test,2.1731863,2.2173777,1.80618,1.8603162
mb-08930,test,1.8808136,1.7613955,1.0791812,1.0724698
mb-08662,test,1.9242792,1.8619136,1.7242758,1.6940266
mb-02808,test,2.2600715,2.2358716,1.94939,1.9648525
mb-09719,test,2.143015,2.1435094,1.7781513,1.7871189
mb-06015,test,1.7075702,1.6463549,1.4771212,1.3508055
mb-08901,test,1.6532125,1.681688,1.0,1.0792887
mb-07734,test,1.6127839,1.685396,1.2787536,1.6717241
mb-05567,test,1.4913617,1.4632156,1.2552725,1.2892101
mb-02779,test,1.5185139,1.2714002,1.3424227,1.1197777
mb-07891,test,1.7323937,1.5545094,1.3222193,1.3536141
mb-04496,test,2.2227166,2.129855,1.9777236,1.8646786
mb-10817,test,2.2455127,2.270317,1.7558749,1.8505197
mb-03744,test,1.690196,1.6902647,1.5910646,1.5286288
mb-03444,test,1.748188,1.7044431,1.5563025,1.5473084
mb-00074,test,1.7323937,1.7888097,1.5797836,1.7127228
mb-08308,test,1.7558749,1.6949067,1.39794,1.4879681
mb-09872,test,2.1003704,1.9100765,1.748188,1.2707272
mb-02635,test,1.5910647,1.6029522,1.39794,1.3852313
mb-04820,test,0.30103,-0.041089863,0.0,0.01578331
mb-10148,test,1.6020601,1.5549634,1.2787536,1.1846428
mb-04033,test,2.4183013,2.3281193,1.8750613,1.9481034
mb-08987,test,2.133539,2.0987015,1.770852,1.7508429
mb-03972,test,1.819544,1.727817,1.4149734,1.3653289
mb-04090,test,2.149219,2.1192598,2.1760912,2.0382383
mb-08586,test,1.7075701,1.7928538,1.5314789,1.6062744
mb-07079,test,1.4313638,1.2302434,1.1139433,0.8849877
mb-03380,test,1.748188,1.5584362,1.50515,1.5433693
mb-02049,test,2.1760912,2.199677,1.7993406,1.5912607
mb-05699,test,1.9444826,1.8607509,1.690196,1.5922964
mb-09650,test,2.1760912,2.2509968,1.763428,1.8406247
mb-04611,test,1.819544,1.7632391,1.6127839,1.7713569
mb-03600,test,2.372912,2.31521,1.845098,1.9085876
mb-00583,test,2.198657,2.249837,1.690196,1.8145986
mb-06467,test,2.3180633,2.2995477,1.39794,1.9432454
mb-01063,test,1.3222194,1.3664126,0.9542425,1.0402002
mb-03510,test,1.8129134,1.8516109,1.20412,1.2203476
mb-02541,test,2.1522882,2.1388588,1.6720978,1.7098336
mb-09087,test,2.1702616,2.1910577,1.7323937,1.7869679
mb-03775,test,2.4149733,2.364182,2.1846914,2.0990446
mb-00390,test,1.7403628,1.7327361,1.39794,1.3079298
mb-10136,test,1.4913617,1.4640214,0.9542425,1.2487501
mb-05177,test,1.748188,1.733333,1.50515,1.4188224
mb-08190,test,1.6232493,1.6079545,1.39794,1.409755
mb-02074,test,2.0934217,2.1219664,1.9344984,1.913775
mb-02731,test,1.5563024,1.2112135,1.4771212,1.2111496
mb-06819,test,1.845098,1.7673697,1.5185139,1.4962381
mb-04426,test,1.8976271,1.850744,1.5185139,1.5508683
mb-05293,test,2.292256,2.2427344,1.9138138,1.819345
mb-04491,test,1.9731278,2.0662935,1.819544,1.964885
mb-10365,test,1.3010299,1.4015164,1.0791812,1.1950091
mb-04278,test,1.9444827,1.9483285,1.5563025,1.5902001
mb-04133,test,1.1139433,1.1875507,0.69897,0.9377455
mb-00301,test,2.25042,2.145803,1.80618,1.7806501
mb-06806,test,1.4771212,1.421193,1.146128,1.2682204
mb-01838,test,1.0,1.2136117,0.845098,1.0394511
mb-06766,test,1.9731278,1.8276001,1.80618,1.6712873
mb-01240,test,1.1760913,1.332995,0.90309,1.0275756
mb-04926,test,1.832509,1.8767385,1.30103,0.96884185
mb-10833,test,1.9344984,1.8797524,0.90309,1.337034
mb-00225,test,1.8512583,1.8676214,1.3802112,1.4632547
mb-10457,test,1.7993406,1.4244244,1.5440681,1.3152608
mb-10160,test,1.9294189,1.9037585,1.3802112,1.5533767
mb-05073,test,2.274158,2.0565405,1.5563025,1.7153361
mb-03157,test,1.0791812,1.0357299,0.90309,0.8833736
mb-01333,test,1.8129134,1.6642642,1.6334685,1.5498147
mb-05565,test,1.6532125,1.7270141,1.2787536,1.2354724
mb-03633,test,1.50515,1.5096451,1.3617278,1.2987069
mb-01682,test,1.9867717,1.9360296,1.8129133,1.8029685
mb-03266,test,1.7323937,1.9567547,1.3424227,1.4796982
mb-05179,test,2.0128374,2.0053911,1.6127839,1.3046412
mb-10686,test,1.5797837,1.4560547,1.2787536,1.2361352
mb-06305,test,2.376577,2.344093,1.9344984,1.9212167
mb-08942,test,1.94939,1.9448235,1.80618,1.8351853
mb-09333,test,1.80618,1.8962083,1.5185139,1.6901976
mb-05765,test,1.845098,1.8526607,1.3424227,1.2162554
mb-03818,test,2.230449,2.0765681,2.0569048,2.077671
mb-10967,test,1.763428,1.7336503,1.5185139,1.5484706
mb-04831,test,1.8388491,1.8941833,1.748188,1.7192298
mb-04736,test,2.0086002,2.0091794,1.5440681,1.7046478
mb-03876,test,2.5276299,2.363327,2.4313638,2.2954855
mb-08646,test,2.1903317,2.0991323,2.1303337,1.9681098
mb-00688,test,1.845098,1.7709227,1.6232493,1.5392214
mb-04530,test,1.8388491,1.7607203,1.690196,1.6799257
mb-03549,test,1.8512584,1.7678905,1.6127839,1.5730567
mb-06035,test,1.9590414,1.9391949,1.5314789,1.5759436
mb-09091,test,1.7558749,1.9045132,1.7075702,1.6640652
mb-10027,test,2.2787538,2.2868261,2.1003706,1.996986
mb-03385,test,2.1522882,2.1856196,1.69897,1.7985113
mb-07455,test,1.8388491,1.7664031,1.3222193,1.3525046
mb-01256,test,1.230449,1.045362,0.90309,0.76815367
mb-09086,test,1.763428,1.6129797,1.4771212,1.4809461
mb-04543,test,1.4313637,1.2891605,1.3222193,1.2267559
mb-00770,test,1.4771214,1.626546,1.30103,1.3445385
mb-03124,test,2.340444,2.101858,1.94939,1.8451182
mb-06484,test,1.819544,1.7918841,1.0413927,1.245183
mb-00005,test,2.0606978,2.098065,1.845098,1.9440534
mb-07330,test,1.2787535,1.3288301,0.845098,0.92726547
mb-01648,test,2.0253057,1.9834224,1.7403626,1.657401
mb-00466,test,2.2552724,2.225873,1.9138138,1.896777
mb-01663,test,1.991226,1.9602013,1.7160033,1.6718941
mb-01191,test,2.326336,2.3540678,2.0569048,2.136358
mb-07004,test,2.2253094,2.2356052,1.6434526,1.7250456
mb-10147,test,2.3820171,2.2871163,2.1139433,1.9995005
mb-08996,test,1.724276,1.5118327,1.5682018,1.2493801
mb-05966,test,2.3384564,2.3518016,1.8864907,1.9591646
mb-00559,test,1.0791813,1.1997123,0.47712126,0.8797735
mb-09998,test,2.3838153,2.2541142,1.845098,1.9203625
mb-06102,test,1.4149734,1.4883677,1.20412,1.3328798
mb-08238,test,1.8864907,1.8526502,1.447158,1.5521914
mb-01165,test,1.8573325,1.8545537,1.6532125,1.6660006
mb-09064,test,1.770852,1.8114226,1.763428,1.5463998
mb-03452,test,1.1760913,1.4353346,0.9542425,1.1664113
mb-05134,test,2.4456043,2.4276717,2.1522884,2.1337657
mb-06090,test,2.1673174,2.141964,1.7923917,1.744621
mb-09328,test,2.4297523,2.0605736,1.8633229,1.7938465
mb-05919,test,2.2878017,2.2427902,1.9731278,1.9331897
mb-06288,test,2.2121875,2.1423333,1.8864907,1.8369629
mb-08567,test,1.60206,1.5871813,1.3802112,1.1969249
mb-10584,test,1.6532125,2.0456066,1.50515,1.7239661
mb-03987,test,2.294466,2.1091166,2.0863597,1.7841222
mb-01619,test,2.5301998,2.4825504,2.307496,2.2440658
mb-02898,test,2.367356,2.203403,2.120574,2.0423522
mb-01028,test,1.6127839,1.610158,1.30103,1.3243045
mb-02832,test,1.8129134,1.7152592,1.5440681,1.4811351
mb-04282,test,1.6334685,1.6040225,1.30103,1.1807944
mb-07721,test,1.7923917,1.8045954,1.3222193,1.4970492
mb-00190,test,2.064458,2.012705,1.8573325,1.7981566
mb-04729,test,1.9777236,1.9781849,1.6532125,1.6743068
mb-10748,test,1.7708521,1.8369985,1.5682018,1.5347105
mb-10935,test,2.2855573,2.222785,2.0374265,2.0064974
mb-03854,test,2.161368,2.1574593,1.7403626,1.735324
mb-04451,test,1.5910646,1.8118672,1.2552725,1.4584404
mb-09138,test,2.1903317,2.2427359,2.1238515,1.9542104
mb-01625,test,1.7160034,1.6831808,1.4913617,1.4821684
mb-02539,test,1.7075702,1.8875195,1.60206,1.5389606
mb-07849,test,2.311754,2.2860036,2.0086002,1.9233407
mb-03330,test,2.4265113,2.179851,1.7781513,1.7895014
mb-10229,test,1.3222193,2.1377125,1.7323937,1.8298347
mb-06748,test,2.045323,2.0564497,1.50515,1.427452
mb-09098,test,2.045323,1.7414627,1.3424227,1.369373
mb-03099,test,0.7781513,0.80441576,0.47712126,0.5024992
mb-07827,test,2.0934217,2.0270085,1.7403626,1.7488828
mb-07326,test,1.763428,1.7176502,1.3617278,1.4160821
mb-05043,test,2.2121878,2.1811767,1.9242793,1.8712242
mb-05788,test,2.3384564,2.318872,2.045323,1.9894593
mb-09126,test,2.209515,2.2519488,1.8808136,1.9524182
mb-04036,test,2.3324385,2.3184626,1.9542425,2.0129757
mb-04465,test,1.4471581,1.4366257,1.146128,1.1865509
mb-05625,test,1.94939,1.9032284,1.3424227,1.2560402
mb-05690,test,1.9444827,1.9515907,1.7923917,1.7182981
mb-07494,test,0.90309,1.3123376,0.60206,1.1236839
mb-02782,test,2.0170333,1.9153637,1.763428,1.6591583
mb-10470,test,1.6127839,1.6223918,1.4913617,1.4519753
mb-00329,test,1.7323937,1.8116509,1.6812413,1.6266315
mb-07776,test,1.3979399,1.4282929,1.0791812,1.0724766
mb-03627,test,0.9542425,1.0015272,0.7781513,0.808844
mb-06996,test,1.6812413,1.6136581,1.39794,1.2956898
mb-01686,test,2.2253094,2.2423544,1.5797836,1.7451828
mb-10402,test,2.20412,2.1028461,1.770852,1.6948259
mb-08865,test,1.4313637,1.582336,1.4771212,1.3151762
mb-05392,test,1.763428,1.7081815,1.3802112,1.4648211
mb-09834,test,1.7403626,1.6942766,1.4771212,1.4310572
mb-03584,test,1.9190781,1.8509499,1.60206,1.6095464
mb-08058,test,1.763428,1.7179825,1.30103,1.3952578
mb-02043,test,2.1367207,2.0794542,1.6812413,1.6535146
mb-09337,test,2.3159704,2.288951,1.9637878,1.9748175
mb-05734,test,2.292256,2.234192,1.9731278,1.8760118
mb-06667,test,2.562293,2.5368426,2.2380462,2.237566
mb-10879,test,1.819544,1.8267221,1.0,1.3925574
mb-06359,test,2.2855573,2.2962346,1.8976271,1.9427569
mb-10691,test,1.90309,1.5164247,1.6334685,1.2872812
mb-06799,test,2.243038,2.252432,1.9822712,2.1162832
mb-09348,test,1.9731278,1.7940795,1.6127839,1.4962755
mb-06612,test,2.1139433,2.0604858,1.690196,1.6166046
mb-05068,test,2.09691,2.128035,1.748188,1.7192795
mb-10750,test,2.2227163,2.1945996,1.60206,1.7384758
mb-06852,test,1.230449,0.99221796,0.69897,0.6429557
mb-04911,test,2.1702616,2.179896,1.8573325,1.8438265
mb-06132,test,2.350248,2.1985478,1.7075702,1.7926389
mb-04061,test,1.8976271,1.8813475,1.6627579,1.6496081
mb-09442,test,2.25042,2.210964,1.8920946,1.8412787
mb-08712,test,2.089905,2.0343425,1.9344984,1.8030043
mb-02502,test,1.690196,1.6685107,1.0791812,1.2084048
mb-02674,test,1.4771212,1.4119585,1.2552725,1.2319239
mb-03531,test,1.80618,1.881053,1.5910646,1.6581107
mb-02048,test,2.1846914,2.200111,1.7923917,1.7552543
mb-02466,test,1.7160034,1.6981186,1.20412,1.1874341
mb-02768,test,1.6127839,1.5613778,0.9542425,1.3896672
mb-05161,test,2.143015,1.9269571,1.7993406,1.6515882
mb-01154,test,2.0,2.015341,1.763428,1.741145
mb-05383,test,2.0899053,2.0665786,1.6532125,1.6585034
mb-09865,test,1.7323937,1.6711751,1.4913617,1.4295286
mb-00481,test,1.8388491,1.5641098,1.6232493,1.4756916
mb-01607,test,2.3483047,2.2704592,2.0211892,1.7838125
mb-02946,test,1.9344985,1.9005781,1.5440681,1.6218652
mb-01759,test,1.6532125,1.6846044,1.39794,1.2635876
mb-06541,test,2.1818438,2.076555,1.30103,1.5787656
mb-00395,test,1.4149734,1.6396711,1.2552725,1.5412999
mb-03300,test,2.071882,2.073796,1.8864907,1.7590708
mb-02712,test,2.269513,2.2495117,1.9822712,1.9227402
mb-02205,test,2.1613681,2.0896575,1.9395193,1.940327
mb-01301,test,1.9084849,1.852301,1.5185139,1.6176845
mb-06265,test,1.6532124,1.8089905,1.7160033,1.3393891
mb-01308,test,2.10721,1.9694419,1.69897,1.6497837
mb-08056,test,1.80618,1.716676,1.4771212,1.4849322
mb-06731,test,1.7323937,1.7921184,1.3424227,1.4649662
mb-08476,test,1.9084849,1.9133216,1.5910646,1.4001844
mb-02047,test,2.1271048,2.0244713,1.8864907,1.7661428
mb-01184,test,2.1875207,2.206447,1.8976271,1.9412242
mb-04212,test,1.9956353,2.017541,1.7993406,1.836383
mb-00117,test,1.6627578,1.6068839,1.447158,1.4821557
mb-02931,test,1.3424226,1.3532166,1.0791812,1.1585983
mb-02713,test,2.2068257,2.2046318,1.8388491,1.8351467
mb-00851,test,2.1903317,2.1555104,1.8633229,1.8227675
mb-07147,test,0.95424247,1.0933053,0.30103,0.6866838
mb-01581,test,2.2355285,2.0962403,2.0413928,1.8796661
mb-05655,test,2.161368,2.154641,1.7242758,1.7517623
mb-08002,test,1.4913616,1.2337008,1.1139433,0.98824555
mb-10239,test,1.90309,1.9747422,1.30103,1.4828564
mb-04146,test,2.2013972,2.1133459,2.0128372,1.9136318
mb-00825,test,1.724276,1.7207193,1.5563025,1.5244365
mb-05393,test,1.832509,1.577041,1.230449,1.3525275
mb-07860,test,1.5682018,1.5496655,1.3617278,1.2929344
mb-05759,test,1.9542425,1.9427189,1.3617278,1.3622761
mb-05604,test,1.5797836,1.5297433,1.3222193,1.2542555
mb-01387,test,1.770852,1.5081761,1.447158,1.3187567
mb-00928,test,1.9395193,1.8802681,1.6812413,1.6815563
mb-03374,test,2.307496,2.233058,1.8260748,1.6565697
mb-02744,test,1.6627579,1.6154273,1.4913617,1.471953
mb-08623,test,1.9242792,1.888612,1.763428,1.656292
mb-00038,test,2.2855573,2.2849154,2.0606978,2.015097
mb-05560,test,2.089905,2.0590343,1.8864907,1.8776674
mb-08152,test,1.6232493,1.7417014,1.447158,1.4147472
mb-03695,test,2.243038,2.1851773,1.9956352,1.9509029
mb-10016,test,1.7160034,1.6855412,1.230449,1.4137906
mb-05750,test,2.029384,2.0713613,1.2787536,1.3687752
mb-01066,test,2.456366,2.3574927,2.146128,2.036893
mb-06229,test,2.1038036,1.8855382,1.6434526,1.5401034
mb-02573,test,2.0681858,2.0140777,1.6127839,1.694747
mb-08150,test,1.7403626,1.8075429,1.447158,1.4496742
mb-01868,test,2.0530784,1.9178925,1.845098,1.7422773
mb-05104,test,2.5105448,2.4742038,2.3053513,2.2053666
mb-10912,test,0.0,1.5974021,0.0,1.441929
mb-10611,test,2.1172712,2.2835376,2.0530784,2.1451979
mb-01279,test,2.206826,2.2119403,1.8325089,1.8230975
mb-01687,test,1.3222194,1.2666726,1.146128,1.1542709
mb-10265,test,1.9777236,2.0146694,1.39794,1.5760413
mb-10492,test,1.6127838,1.866059,1.3222193,1.4618459
mb-09762,test,0.47712126,0.49649188,0.0,0.11652684
mb-01852,test,2.2671716,2.2751937,1.9542425,1.9351163
mb-03594,test,2.1172712,2.1070461,1.7853298,1.8797013
mb-02000,test,1.9444827,1.4189075,1.1139433,1.0743647
mb-02192,test,1.1139433,1.2186773,1.0413927,1.0985273
mb-05305,test,1.2041199,1.2968893,1.0,1.1176835
mb-04430,test,1.5910647,1.6423248,1.230449,1.4003576
mb-09109,test,2.0043213,1.9589767,1.447158,1.3948929
mb-01267,test,1.9867718,1.7600992,1.4149734,1.3168771
mb-05791,test,1.8920946,1.7233725,1.1139433,1.1816636
mb-08684,test,2.2787535,2.2880335,1.9637878,1.9302167
mb-10582,test,1.845098,2.1234865,1.5797836,1.8250651
mb-10813,test,1.9242792,1.8579717,1.5910646,1.6966758
mb-08577,test,2.1238515,2.1096284,1.7853298,1.7965714
mb-04363,test,2.2405493,2.2521627,1.968483,1.93297
mb-10131,test,2.3201463,2.2402606,1.8920946,1.8627309
mb-06038,test,1.9190781,2.1346834,1.69897,1.7250735
mb-09208,test,2.0791812,1.9603797,1.5314789,1.4589202
mb-03446,test,1.5185139,1.5275297,1.2787536,1.3135686
mb-05295,test,1.8750613,1.9944452,1.5314789,1.6712304
mb-07449,test,1.7558749,1.7930793,1.30103,1.3823788
mb-00760,test,1.9493899,1.999368,1.7242758,1.7106119
mb-07777,test,2.217484,2.1676536,1.8864907,1.7912984
mb-01645,test,1.1760913,1.0008478,0.90309,0.8117544
mb-07693,test,1.6812413,1.6484269,1.5682018,1.5719017
mb-07982,test,1.544068,1.6065124,1.3222193,1.3234196
mb-09670,test,1.6232493,1.536567,1.2787536,1.2520444
mb-05878,test,2.39794,2.3862789,2.0934217,2.0184124
mb-06981,test,1.7781513,1.6563842,1.4149734,1.3936014
mb-09183,test,2.209515,2.1394393,1.6812413,1.7918735
mb-10176,test,2.1271048,1.9071717,1.5682018,1.4325523
mb-06376,test,2.409933,2.493215,2.0086002,2.144092
mb-01930,test,1.748188,2.1283438,1.8388491,1.8692534
mb-02950,test,2.1367207,2.0254645,1.7558749,1.7202331
mb-02717,test,2.120574,2.1403682,1.7993406,1.7230339
mb-07390,test,0.90309,0.7828754,0.60206,0.7151792
mb-00988,test,2.2600713,2.1822515,1.8573325,1.8462279
mb-05490,test,1.7242758,1.6891422,1.4149734,1.4314286
mb-03640,test,1.9912261,1.8281069,1.5185139,1.4594622
mb-04662,test,2.0374265,1.908428,1.763428,1.6309323
mb-07083,test,1.4913617,1.1798822,1.20412,0.99333227
mb-05585,test,1.7708521,1.8244886,1.6532125,1.7933234
mb-08867,test,2.130334,2.1336575,1.5440681,1.6470208
mb-08717,test,2.3283796,2.2275841,2.0211892,1.8960695
mb-01045,test,1.8573325,1.7382746,1.5185139,1.5563242
mb-06320,test,2.149219,2.120902,1.5910646,1.3990942
mb-03239,test,2.178977,2.0765429,1.69897,1.5311736
mb-03890,test,2.155336,2.101958,1.8692317,1.8622065
mb-06540,test,1.968483,1.7614679,1.6812413,1.5213706
mb-05342,test,2.357935,2.2072573,1.968483,1.9093356
mb-10274,test,2.2380462,2.22297,1.8129133,1.8508928
mb-06873,test,2.0170333,1.9813381,1.6127839,1.5567883
mb-06777,test,2.2068257,2.2272367,1.8129133,1.852876
mb-08519,test,2.1105897,2.0714607,1.7781513,1.7288573
mb-00249,test,2.2810335,2.3551826,1.8976271,2.0836089
mb-04018,test,2.0086002,2.016211,1.8692317,1.8497462
mb-01585,test,1.1139433,1.0504422,0.845098,0.84373105
mb-02105,test,2.1139433,2.122493,1.8129133,1.7530392
mb-04637,test,1.2787536,1.2875006,1.146128,1.1335324
mb-03810,test,2.3096302,2.254733,1.94939,1.6318365
mb-07240,test,2.0569048,2.0509384,1.8260748,1.8806932
mb-07208,test,1.968483,1.9837828,1.7323937,1.7208526
mb-10428,test,1.8388491,1.7160779,1.5563025,1.5115346
mb-04261,test,2.1903317,2.1937687,2.1003706,2.0870981
mb-01704,test,1.7558749,1.7029933,1.4149734,1.470226
mb-05954,test,2.3201463,2.2065015,1.9344984,1.7844796
mb-06588,test,1.6434528,1.7297302,1.462398,1.4455737
mb-08154,test,2.3242824,2.0705569,1.9867717,1.8879268
mb-09439,test,1.845098,1.6175466,1.3802112,1.0212467
mb-04000,test,1.2041199,1.2708249,1.0791812,1.1087903
mb-10972,test,1.6020601,1.6321254,1.4313638,1.5486418
mb-04548,test,2.3747482,2.37472,1.7242758,2.06179
mb-00224,test,1.5682018,1.4317527,1.3424227,1.2822212
mb-05463,test,1.230449,1.4359057,0.90309,0.87349415
mb-00294,test,1.7708521,1.6809958,1.4313638,1.4107817
mb-02472,test,1.5797836,1.3880126,1.447158,1.3701754
mb-07570,test,2.0530784,2.0440645,1.6720978,1.3671002
mb-04225,test,1.5682018,1.501948,1.3802112,1.2898798
mb-01331,test,1.9542425,1.9677148,1.7160033,1.5757705
mb-02162,test,1.5314789,1.4346535,1.1139433,1.1495644
mb-06047,test,2.3053513,2.205915,2.0374265,1.8508611
mb-02593,test,2.2552724,2.2064636,2.049218,1.9449863
mb-03596,test,2.1038036,2.068748,1.5797836,1.6840706
mb-09715,test,2.3304138,2.2266102,2.0043213,1.8561187
mb-02752,test,1.1760912,1.2076014,0.845098,1.0227937
mb-10119,test,2.2479734,2.1361737,2.0086002,1.9850821
mb-07270,test,1.6232493,1.658324,1.0791812,1.308588
mb-03843,test,2.2966652,2.2751691,2.0569048,2.0428877
mb-00552,test,2.0569048,2.1893191,1.690196,1.6787734
mb-00206,test,1.2787535,0.8806799,1.0791812,0.7497001
mb-03490,test,1.6532125,1.5548099,1.462398,1.420161
mb-08924,test,1.6127839,1.673106,1.5563025,1.4810969
mb-04673,test,2.1461282,2.1717143,1.230449,1.2689917
mb-09760,test,2.1760912,2.2020133,1.9731278,2.2448907
mb-10248,test,2.3838153,2.3201222,1.9637878,1.9914192
mb-00933,test,1.6989701,1.6038297,1.462398,1.3615563
mb-05626,test,1.7558749,1.6904573,1.50515,1.3991147
mb-09550,test,1.20412,1.0616803,0.0,0.73239344
mb-09937,test,1.748188,1.7900829,1.3424227,1.3472611
mb-03389,test,2.2479732,2.194288,1.8976271,1.9670502
mb-07987,test,2.2671716,2.332957,2.0681858,2.28124
mb-01150,test,1.6627579,1.6181487,1.3424227,1.3692656
mb-00580,test,1.8260748,1.7243228,1.5563025,1.5094655
mb-02125,test,2.1003706,1.977719,1.7075702,1.7759982
mb-04675,test,0.9542425,1.2529418,0.60206,0.6941969
mb-03354,test,1.5440681,1.5716784,1.2787536,1.3334434
mb-05486,test,1.9493899,1.9360396,1.6434526,1.611297
mb-10858,test,2.357935,2.1756935,1.9731278,1.8364367
mb-09444,test,1.9395192,1.9666783,1.50515,1.636415
mb-08680,test,2.0,2.054098,1.5682018,1.6577605
mb-08319,test,1.5910647,1.6019973,1.146128,1.2214628
mb-09907,test,2.2430382,2.2281213,1.80618,2.0298688
mb-01636,test,1.9084849,1.8644361,1.3222193,1.5307065
mb-10888,test,2.2380462,2.2490041,1.7323937,1.8333398
mb-05420,test,1.5185139,1.6025351,1.3222193,1.4148513
mb-00364,test,1.7923917,1.8702569,1.5314789,1.5283458
mb-06694,test,2.320146,2.2162158,2.1238515,2.0064523
mb-07906,test,2.0,1.9242113,1.462398,1.5613763
mb-08533,test,1.6127839,1.5545944,1.4149734,1.3588597
mb-05989,test,2.2900345,2.2224422,1.9590414,1.869552
mb-03738,test,1.4913617,1.4241128,1.2787536,1.2730099
mb-02443,test,2.214844,2.1073256,2.1003706,1.9373305
mb-02599,test,2.0681858,1.7980607,1.6434526,1.5672216
mb-03472,test,1.6434528,1.4875495,1.1760913,1.0798517
mb-10364,test,1.6434526,1.6029519,1.230449,1.5076736
mb-02976,test,2.3579347,2.2425063,2.049218,1.9566493
mb-09879,test,1.5563025,1.3479931,1.4149734,1.1068509
mb-04632,test,2.0606978,2.1088355,1.8750613,1.9438848
mb-05172,test,2.0334237,2.0366066,1.6232493,1.6595842
mb-06614,test,1.462398,1.2485917,1.30103,1.0973701
mb-05401,test,1.748188,1.7192456,1.6127839,1.5280689
mb-05530,test,1.9084849,1.9058546,1.3802112,1.3957229
mb-06565,test,2.0043213,1.9699383,1.6434526,1.6826873
mb-01854,test,1.7923917,1.623191,1.6434526,1.5210054
mb-06937,test,2.0374265,1.9647126,1.5563025,1.540369
mb-06917,test,1.748188,1.7001175,1.5910646,1.5677551
mb-01875,test,1.8512584,1.7906976,1.6627579,1.6203625
mb-04544,test,1.5185139,1.4127468,1.30103,1.2805071
mb-07102,test,1.2041199,0.907171,0.845098,0.6778006
mb-08130,test,2.0170333,2.0346947,1.462398,1.5698904
mb-05971,test,1.7923918,1.734032,1.4149734,1.4660646
mb-05370,test,2.120574,1.9591018,2.0530784,1.7779342
mb-10502,test,2.2013972,1.9236976,1.6434526,1.6383632
mb-00769,test,2.120574,2.1139665,1.8129133,1.7862296
mb-04164,test,2.1673174,2.1471038,1.69897,1.7125772
mb-08173,test,2.20412,1.8161762,1.6434526,1.6213324
mb-08007,test,1.8129134,1.78705,1.5440681,1.6145052
mb-06616,test,2.0899053,2.0441325,1.5682018,1.5674478
mb-03223,test,1.80618,1.7679722,1.6127839,1.6014953
mb-09204,test,2.133539,2.1132581,1.9822712,1.9270393
mb-07629,test,2.2855573,2.1892877,1.9731278,1.941883
mb-00098,test,2.133539,2.0550215,1.9344984,1.8742702
mb-01622,test,2.120574,2.0948467,1.8573325,1.8235277
mb-08609,test,1.9912261,2.1574075,1.6627579,1.828468
mb-07035,test,2.544068,2.3666296,2.3802114,2.1688664
mb-01167,test,1.8573325,1.9100653,1.8129133,1.7631592
mb-02033,test,1.845098,1.7083544,1.4913617,1.4516697
mb-10040,test,2.1238518,2.0806127,1.3617278,1.7609477
mb-01409,test,1.0791812,1.1959395,0.845098,0.885436
mb-08502,test,2.1583626,2.171842,1.9242793,1.9539825
mb-04569,test,1.1760913,0.98543584,0.69897,0.7225888
mb-00606,test,2.1003704,2.0513642,1.8692317,1.8747704
mb-04524,test,0.30103,0.67946464,0.30103,0.5073744
mb-07980,test,1.748188,1.7522148,1.50515,1.5641919
mb-10828,test,1.5682018,1.6000673,1.30103,1.2402844
mb-09692,test,2.09691,2.2039146,1.7993406,1.8410175
mb-10724,test,2.09691,2.0832443,1.7242758,1.9094768
mb-00830,test,2.0170333,1.9924648,1.8750613,1.8380824
mb-00768,test,1.9294189,1.9728606,1.6532125,1.7605038
mb-04177,test,2.149219,2.130043,1.968483,1.9532064
mb-09708,test,2.161368,2.149372,1.8864907,1.7930677
mb-10627,test,2.2552726,2.2699118,1.6127839,1.9378743
mb-04910,test,2.3856063,2.2842174,1.8920946,1.8845189
mb-01843,test,2.3159704,2.3164847,1.90309,1.934071
mb-05892,test,1.908485,1.7923553,0.845098,1.2806988
mb-02200,test,1.968483,1.3956892,1.5910646,1.2320187
mb-02866,test,1.9590414,1.9102961,1.447158,1.5397576
mb-10917,test,2.0681858,2.2119708,1.7781513,1.7256868
mb-03925,test,1.5051501,1.5742793,1.230449,1.2632194
mb-02612,test,0.60206,0.9510693,0.47712126,0.8067895
mb-10984,test,1.3424227,1.2087902,1.0,0.82906574
mb-01524,test,2.220108,2.2228315,1.8512584,1.8765621
mb-02745,test,1.0413927,0.8028313,0.845098,0.29691887
mb-03009,test,1.3222194,1.3405676,1.146128,1.125529
mb-01734,test,2.146128,2.1537578,1.90309,1.981427
mb-07343,test,1.6334685,1.5405422,1.2787536,1.2812033
mb-09510,test,2.2787538,2.229626,1.7781513,1.7743754
mb-04873,test,2.2741578,2.1600945,2.0863597,2.0400546
mb-08838,test,2.045323,1.895123,1.5910646,1.5045849
mb-00804,test,2.1583624,2.1059852,1.8573325,1.8167458
mb-08096,test,2.0128372,2.0845625,1.7242758,1.5832641
mb-02975,test,1.0791813,1.0959462,1.146128,0.85446286
mb-04497,test,2.217484,2.1879115,1.9344984,1.8107615
mb-03373,test,2.2121875,2.1656215,1.7853298,1.8149799
mb-08445,test,2.1958997,2.1833742,1.8976271,1.8496766
mb-02027,test,2.2810335,2.309269,1.9190781,1.9348352
mb-04612,test,1.8260748,1.7968032,1.60206,1.4472138
mb-02679,test,1.8573326,1.8547206,1.4313638,1.4694253
mb-01970,test,2.3384566,2.1514482,1.8976271,1.880964
mb-06024,test,1.8325088,1.6775024,1.5797836,1.3936253
mb-04268,test,1.5910646,1.5503155,1.3222193,1.3086071
mb-06665,test,1.9294189,2.01047,1.3802112,1.68221
mb-05258,test,1.8260747,1.8096523,1.447158,1.3771985
mb-09685,test,2.313867,2.2718663,2.0791812,2.009117
mb-06342,test,1.7558749,1.7657809,1.146128,1.2406772
mb-07804,test,2.064458,2.1618176,1.7853298,1.8067169
mb-05051,test,1.9590414,1.8717232,1.1139433,0.8343698
mb-05450,test,0.60206,0.8420706,0.47712126,0.58868086
mb-07509,test,2.143015,1.6428345,1.60206,1.5769552
mb-01296,test,2.1172712,2.0981016,1.7403626,1.7504867
mb-05726,test,2.1238515,2.0860958,1.447158,1.3335805
mb-00863,test,1.7160034,1.7476183,1.5682018,1.6232566
mb-06172,test,1.6434528,1.6821972,1.4913617,1.2525206
mb-04488,test,2.2013972,2.1254268,1.8573325,1.731575
mb-08032,test,1.0413928,0.7809566,1.30103,0.62810737
mb-01591,test,1.8388491,1.8060125,1.3617278,1.1709538
mb-01908,test,2.1760912,2.1059968,1.80618,1.6820948
mb-07858,test,1.8692317,1.7697381,1.6720978,1.5137786
mb-09874,test,1.8864908,1.6583903,1.4913617,1.3926536
mb-08427,test,1.8195438,1.7907609,1.5797836,1.6357896
mb-08311,test,1.7993406,1.7927866,1.3424227,1.248317
mb-05796,test,1.8512584,2.027082,1.4313638,1.4883487
mb-09179,test,2.1367207,2.016384,1.8512584,1.7827938
mb-03041,test,2.0170333,1.994874,1.7160033,1.8013027
mb-06439,test,2.10721,2.034964,1.748188,1.6098995
mb-08716,test,2.1238515,2.01092,1.8129133,1.8757346
mb-02421,test,2.2455127,2.160729,1.8864907,1.8396657
mb-10324,test,1.9777236,1.9802012,1.20412,1.3469518
mb-03073,test,1.8388491,2.0146942,1.4149734,1.7930561
mb-00054,test,1.9138138,1.8710608,1.69897,1.6537102
mb-00600,test,2.2227163,2.1657865,2.0043213,1.9164577
mb-09184,test,2.3443923,2.2859173,1.968483,1.8936212
mb-05881,test,2.143015,1.9982048,1.8633229,1.6004121
mb-07125,test,1.7558749,1.707312,1.60206,1.5722766
mb-02065,test,2.303196,2.2755966,2.0128372,2.032535
mb-06016,test,2.252853,2.2417884,1.9138138,1.8762087
mb-00556,test,2.363612,2.2429771,1.9590414,1.9776783
mb-01757,test,1.90309,1.9656546,1.5314789,1.5462224
mb-04757,test,1.0413927,1.2172891,0.60206,0.93178356
mb-10821,test,1.5563025,1.5831101,1.230449,1.0951741
mb-03863,test,2.363612,2.3366373,1.9867717,2.026933
mb-09018,test,2.08636,2.0451138,1.6334685,1.6913917
mb-03998,test,1.9637878,1.9729798,1.7558749,1.6918118
mb-07939,test,2.3692157,2.333284,1.9637878,1.9920107
mb-00936,test,1.9084849,1.8815138,1.5314789,1.6074011
mb-10230,test,2.421604,2.3202362,2.0681858,2.000307
mb-05016,test,1.39794,1.9347743,1.4313638,1.6060781
mb-10793,test,1.1139433,1.471457,1.0791812,1.0908427
mb-04150,test,2.178977,2.2058537,1.8129133,1.89429
mb-04887,test,2.0827854,2.1072955,1.60206,1.6776683
mb-02538,test,1.9395193,1.8732632,1.30103,1.2351563
mb-08914,test,2.1105897,2.032338,1.7853298,1.7334414
mb-03451,test,1.6127838,1.6849929,1.4771212,1.5255138
mb-05468,test,1.690196,1.4734025,1.447158,1.2059789
mb-00391,test,1.9822712,1.9062514,1.763428,1.627832
mb-04931,test,1.4149734,1.1558084,1.2552725,0.9500327
mb-10233,test,2.049218,1.9363589,1.8129133,1.6204927
mb-09506,test,1.5797837,1.557753,1.2787536,1.3057129
mb-09130,test,1.8512584,1.6920055,1.39794,1.4089388
mb-09555,test,2.0170333,1.9237462,1.6532125,1.6024469
mb-00854,test,1.9590414,1.8970776,1.7242758,1.5979267
mb-04116,test,1.724276,1.8540248,1.462398,1.3750713
mb-05083,test,2.4361625,2.3609672,2.0681858,2.009448
mb-10383,test,1.968483,1.787163,1.5440681,1.313039
mb-00614,test,2.2068257,2.0907445,1.8692317,1.8628433
mb-01460,test,1.8129134,1.7271987,1.3424227,1.3357348
mb-10494,test,1.462398,1.3901842,1.230449,1.1446896
mb-06456,test,1.8633229,1.8476458,1.7403626,1.746381
mb-03267,test,1.8692318,1.8654605,1.6334685,1.7701801
mb-08070,test,1.9190781,1.9429817,1.7853298,1.7006098
mb-07587,test,2.071882,2.0741155,1.690196,1.5966192
mb-09093,test,2.1038036,2.0652347,1.968483,1.8827682
mb-09452,test,1.6334685,1.8404305,1.230449,1.0452864
mb-08554,test,0.7781513,1.1017107,0.47712126,0.59502566
mb-04380,test,2.0681858,2.0159616,1.8976271,1.8343103
mb-07291,test,2.2810333,2.1988816,1.90309,1.865793
mb-07806,test,1.3802112,1.4688048,1.146128,1.1663725
mb-00950,test,1.8976271,1.8541191,1.7323937,1.6680311
mb-06544,test,2.0934217,2.1312141,1.8325089,1.2963682
mb-00814,test,1.8633229,2.039525,1.4771212,1.7152534
mb-03675,test,2.220108,2.2012136,1.819544,1.761598
mb-08041,test,2.450249,2.3788342,2.0128372,2.0581298
mb-02733,test,2.178977,2.1596315,1.770852,1.7682202
mb-07992,test,2.4885507,2.3467348,2.243038,2.2249
mb-09789,test,2.045323,1.7125397,1.5910646,1.5217836
mb-05645,test,1.7708521,1.7982652,1.3424227,1.4237922
mb-00545,test,1.9242792,1.4809471,1.4771212,1.2558362
mb-07832,test,1.7708521,1.7359003,1.2787536,1.5282815
mb-02695,test,2.4683473,2.3125734,2.1760912,2.0494204
mb-05691,test,1.7923918,1.6696107,1.2787536,1.4271201
mb-10219,test,2.1398792,2.1376936,1.5563025,1.7297031
mb-05745,test,2.025306,2.0232275,1.1760913,1.2701014
mb-06316,test,1.7781513,1.7776989,1.1760913,1.2507873
mb-10143,test,1.7558749,1.7095387,1.30103,1.4302996
mb-04841,test,2.1430147,2.1541154,1.7160033,1.7273698
mb-05115,test,2.1958997,2.1833692,1.8633229,1.8439757
mb-00345,test,1.748188,1.8260336,1.5185139,1.5631857
mb-05619,test,1.3617278,1.4200416,1.2552725,1.0306671
mb-04435,test,2.0,1.9830823,1.447158,1.5740026
mb-00569,test,1.724276,1.6942414,1.3424227,1.5067832
mb-06776,test,2.3673558,2.3155303,2.0253057,1.959196
mb-04788,test,1.7242758,1.6597241,1.50515,1.4831723
mb-10031,test,2.1731863,2.125926,1.7160033,1.642938
mb-01640,test,2.120574,2.1076798,1.6532125,1.7205422
mb-07576,test,2.1038036,2.0646813,1.8260748,1.8427927
mb-02983,test,1.9190781,1.692412,1.4913617,1.5148258
mb-08338,test,2.3673558,2.2850637,2.303196,2.2506354
mb-01828,test,2.3856063,2.3403628,2.049218,2.0515559
mb-04804,test,0.90309,0.88295585,0.60206,0.60218596
mb-07996,test,2.0374265,1.9930618,1.6334685,1.5934625
mb-09339,test,1.6020601,1.4581685,1.230449,1.3750671
mb-03572,test,1.8864907,1.7388233,1.6232493,1.5464343
mb-06166,test,2.1038036,2.020579,1.5797836,1.5520792
mb-08989,test,2.178977,2.1265182,1.7781513,1.7750826
mb-02255,test,1.80618,1.9387618,1.5563025,1.6359771
mb-05005,test,2.0128372,1.9957576,1.7923917,1.8390949
mb-04811,test,1.9444827,1.9580116,1.7323937,1.7573316
mb-03104,test,2.440909,1.4289875,1.0,1.115489
mb-10315,test,1.3424227,1.3034668,1.1139433,1.0594903
mb-01895,test,2.1105897,2.0271828,1.9395193,1.7521083
mb-00512,test,2.0530784,2.0375063,1.8325089,1.78008
mb-01380,test,1.0791812,1.1115198,0.90309,0.87068254
mb-01639,test,1.9542426,1.9079492,1.6334685,1.6992772
mb-06863,test,2.3344538,2.2684648,1.94939,1.9393022
mb-04809,test,2.2278867,2.129533,1.7075702,1.6882834
mb-07723,test,1.6232493,1.6480426,1.1139433,1.4732237
mb-07715,test,2.0170333,1.9234798,1.7781513,1.7238274
mb-07138,test,2.2878017,2.3135433,1.6232493,1.9826895
mb-06609,test,1.7853298,1.7504691,1.3222193,1.3955489
mb-08508,test,2.2148438,2.1885178,1.968483,2.0057883
mb-07943,test,2.1139433,2.0020077,1.6812413,1.7328001
mb-08389,test,1.7323937,1.7678442,1.146128,1.3239181
mb-10555,test,2.2380462,2.2364128,1.908485,1.9275022
mb-05895,test,1.4313638,1.5907135,0.90309,0.87054384
mb-07253,test,2.0128372,2.1125135,1.6232493,1.763103
mb-08053,test,0.60206,0.56624216,0.30103,0.0018548965
mb-07214,test,1.5563025,1.6882321,1.20412,1.4278841
mb-08800,test,2.2148438,2.2695258,1.690196,1.8626822
mb-07056,test,1.6812413,1.68752,1.3424227,1.3810081
mb-01120,test,2.075547,1.8170744,1.8325089,1.7156413
mb-04846,test,2.1553361,2.04367,1.7781513,1.7492617
mb-09588,test,1.8195438,1.7093259,1.60206,1.455467
mb-08010,test,1.9344984,1.9953083,1.7075702,1.7489933
mb-06514,test,1.7993406,1.7412103,1.5563025,1.5407526
mb-01062,test,1.146128,1.1687822,0.845098,1.0262855
mb-02156,test,1.7993405,1.8232294,1.447158,1.4411256
mb-07725,test,2.3364596,2.2310958,2.0530784,1.8628247
mb-08357,test,1.8692317,1.7817273,1.7160033,1.6227614
mb-09583,test,2.1818438,2.1252239,1.6127839,1.5626316
mb-06986,test,1.7923918,1.7021258,1.2787536,1.3417593
mb-01136,test,1.1760913,1.3240321,0.7781513,0.7686536
mb-03766,test,2.089905,2.1107805,1.8692317,1.9263561
mb-03911,test,2.0530784,1.9211099,1.845098,1.7583838
mb-08155,test,2.3673558,2.2038665,1.9867717,1.8150399
mb-05569,test,1.9444827,1.8419734,1.3617278,1.3564699
mb-01098,test,2.2174838,2.0955536,2.049218,1.888426
mb-01998,test,1.8750613,1.8754934,1.4913617,1.4712601
mb-02139,test,1.8260748,1.8057631,1.5185139,1.4848995
mb-02403,test,1.5440681,1.5592612,1.4149734,1.4568785
mb-02190,test,0.69897,0.86954486,0.30103,0.44102097
mb-10201,test,2.2552724,2.0805037,1.9867717,1.8136094
mb-01913,test,2.2966652,2.2449942,1.9912261,1.8933536
mb-10895,test,1.146128,1.2311802,1.0,1.0848565
mb-02891,test,2.0569048,1.9340152,1.770852,1.7414085
mb-09361,test,2.1583626,2.1719136,1.7993406,1.8622464
mb-03051,test,1.5563024,1.5762244,1.50515,1.4785903
mb-02343,test,1.146128,1.0134819,1.146128,0.8585833
mb-08766,test,1.80618,1.9142454,1.2787536,1.5645019
mb-03228,test,2.4969296,2.513897,2.2552724,2.274003
mb-10621,test,2.120574,2.220616,1.6812413,1.9333575
mb-10161,test,1.0413927,1.1888465,0.7781513,0.90326554
mb-06327,test,1.6127838,1.6835692,1.5185139,1.4744847
mb-02667,test,2.1553361,2.1934366,1.9242793,2.0417542
mb-01997,test,1.8388491,1.7910895,1.50515,1.4882811
mb-08442,test,2.0,2.0540018,1.4913617,1.6686462
mb-05870,test,1.6020601,1.529112,1.2787536,1.3782464
mb-00645,test,1.5185139,1.5407381,1.3617278,1.204359
mb-01202,test,1.1760912,1.4072288,1.0791812,1.2189194
mb-01495,test,1.8808136,1.8520024,1.5682018,1.4739498
mb-03241,test,2.0374265,2.1219454,1.7075702,1.5928649
mb-02720,test,2.269513,2.3228283,2.0863597,2.25139
mb-03486,test,2.09691,2.113531,1.8864907,1.8207293
mb-01605,test,2.161368,2.17904,1.9912261,1.9958733
mb-09911,test,2.2624512,2.1500268,2.0934217,2.0168874
mb-04070,test,2.029384,2.0291882,1.7781513,1.7810752
mb-05142,test,1.2041199,1.2395144,1.0,1.0943826
mb-02032,test,2.0413928,2.0340278,1.462398,1.49881
mb-05237,test,2.2455127,2.2319028,1.8976271,1.8317688
mb-06801,test,2.029384,1.8944563,1.6532125,1.5606775
mb-06905,test,1.8388491,1.767319,1.5185139,1.4961509
mb-10450,test,2.0569048,2.0372784,1.6232493,1.4574019
mb-07714,test,2.230449,2.1957183,1.7323937,1.6817353
mb-06506,test,2.2148438,2.1285138,1.8920946,1.8356004
mb-00161,test,1.230449,1.1396854,0.9542425,0.84160906
mb-05742,test,2.08636,2.0207381,1.6334685,1.6334895
mb-02736,test,1.748188,1.636816,1.3424227,1.2462363
mb-03506,test,0.69897,0.18512467,0.60206,-0.040340066
mb-03778,test,2.1003706,2.1119902,1.6812413,1.7945709
mb-07574,test,1.9138138,1.8957223,1.6627579,1.743403
mb-02106,test,2.1172714,2.062345,1.39794,1.4754355
mb-06313,test,1.6434526,1.5306271,1.4149734,1.3351624
mb-10594,test,1.8325089,1.9295695,1.3424227,1.3776864
mb-06457,test,1.5440681,1.3063486,1.1760913,0.9681521
mb-08175,test,2.2810333,2.305845,1.9912261,2.0616398
mb-01899,test,1.0413927,1.1498523,0.69897,0.820464
mb-05988,test,2.2253094,2.24539,1.7781513,1.7800825
mb-03517,test,2.1553361,1.9746237,1.39794,1.2969253
mb-02385,test,2.3159704,2.361257,2.0,2.0320857
mb-10734,test,2.0211892,1.8923438,1.4913617,1.5967402
mb-06183,test,2.075547,2.063895,1.7558749,1.8012608
mb-10282,test,1.819544,1.8601986,1.3617278,1.315674
mb-06528,test,1.0791813,0.91399145,0.7781513,0.7245379
mb-10628,test,2.2624512,1.9304273,1.5314789,1.5657135
mb-07419,test,1.1760913,1.371776,0.9542425,1.1730361
mb-10065,test,1.3802112,1.4269685,1.230449,1.2045038
mb-00966,test,2.20412,2.2218673,1.7923917,1.8547219
mb-08226,test,1.7993406,1.8010305,1.462398,1.4260535
mb-00634,test,1.6989701,1.5644463,1.30103,1.220259
mb-02219,test,1.1760912,1.1566157,0.845098,0.8590475
mb-03709,test,1.361728,1.3137019,1.20412,1.0830098
mb-03368,test,1.39794,1.3740734,1.2552725,1.1492586
mb-05088,test,1.7993405,1.7208277,1.5910646,1.5829773
mb-03072,test,2.143015,2.1187267,1.7075702,1.4957101
mb-02896,test,1.748188,1.6583092,1.2787536,1.3717983
mb-09662,test,1.447158,1.4841843,1.447158,1.4058142
mb-10682,test,2.3242824,2.3299632,1.9344984,1.9425282
mb-07617,test,1.4913616,1.4844731,1.3222193,1.3091453
mb-04175,test,2.3944516,2.2511938,2.089905,1.8849932
mb-01528,test,1.8573325,1.6813889,1.5314789,1.5159231
mb-03417,test,1.6812413,1.6927133,1.50515,1.5056646
mb-10505,test,1.6127839,1.6144303,1.1760913,1.3817763
mb-00666,test,1.3010299,1.4919485,1.0413927,1.401491
mb-03913,test,2.4048338,2.3889413,2.09691,2.0148306
mb-10123,test,1.7403626,1.5754461,1.50515,1.2381978
mb-02479,test,2.1105897,2.104046,1.7993406,1.7238568
mb-03304,test,1.8325089,1.5461307,1.2787536,1.3726298
mb-03735,test,2.0253057,1.9260429,1.7323937,1.6890806
mb-01733,test,1.6020601,1.7207165,1.146128,1.3771408
mb-10189,test,2.3304138,2.256653,1.8325089,1.9723971
mb-06150,test,2.3747482,2.3577652,2.0043213,2.0047393
mb-01853,test,2.3201463,2.3415904,1.9395193,1.9707568
mb-09817,test,1.9912262,1.9075738,1.4313638,1.4185619
mb-00954,test,1.4313638,1.3209443,1.1139433,1.0410941
mb-03177,test,1.6627579,1.5857186,1.39794,1.3559536
mb-02590,test,1.9242793,2.029459,1.3424227,1.5075705
mb-01679,test,1.146128,1.2117144,0.7781513,0.7802378
mb-08164,test,1.8260748,1.8705839,1.3802112,1.387288
mb-05618,test,1.4771214,1.4480134,1.20412,1.1393449
mb-07245,test,1.5682018,1.5193303,1.30103,1.2751467
mb-01633,test,1.90309,1.8094332,1.6127839,1.5452307
mb-04869,test,2.206826,2.201909,1.8633229,1.9323276
mb-04143,test,1.6232493,1.6167142,1.2552725,1.4251752
mb-06082,test,1.9344985,1.8728099,1.230449,1.5598749
mb-00922,test,2.2671716,2.2625062,1.8388491,1.7562155
mb-10822,test,1.5797837,1.6753345,1.2787536,1.3735006
mb-05535,test,2.161368,2.1008728,1.8633229,1.8865372
mb-07479,test,1.6334685,1.6175058,1.3424227,1.3682319
mb-00526,test,0.84509796,1.5482647,1.6720978,1.6039006
mb-00698,test,1.4313638,1.640363,0.90309,1.4619873
mb-02719,test,1.6720979,1.5440866,1.3802112,1.2805616
mb-04197,test,2.1903317,2.1574287,1.7160033,1.7637486
mb-05429,test,2.0128374,2.0482426,1.4313638,1.5256524
mb-09299,test,2.356026,2.191944,2.25042,2.1687043
mb-07513,test,2.0492182,2.0559273,1.462398,1.4245815
mb-07192,test,1.763428,1.7568572,1.2787536,1.3123999
mb-00537,test,2.2227163,2.096371,1.8864907,1.8848865
mb-02427,test,1.5051501,1.3821056,1.20412,1.1200187
mb-05877,test,1.462398,1.4322615,1.146128,1.1324825
mb-06530,test,1.770852,1.6737936,1.50515,1.3275206
mb-06238,test,1.8976271,1.8598671,1.39794,1.2705951
mb-02872,test,1.6334685,1.6168517,1.4913617,1.4168632
mb-10175,test,2.075547,2.1103184,1.7160033,1.7114284
mb-07491,test,1.7075702,1.5246545,1.2552725,1.342807
mb-09987,test,1.6720979,1.6331527,1.20412,0.9503545
mb-00827,test,2.164353,2.0898004,1.9867717,1.9074532
mb-05122,test,2.3344538,2.2561326,1.9395193,1.9009155
mb-01015,test,2.0086002,1.953156,1.5910646,1.5481676
mb-10191,test,2.206826,2.1675653,1.462398,1.7704146
mb-09540,test,2.0791812,2.046834,1.7923917,1.72949
mb-01214,test,1.991226,2.0103729,1.6720978,1.7302812
mb-08837,test,1.4313638,1.2859665,1.146128,1.0446768
mb-07687,test,1.0791813,1.0569806,0.7781513,0.7872212
mb-04178,test,2.3096302,2.1958344,1.9395193,1.8604385
mb-06295,test,2.3222194,2.3256688,1.968483,2.0085077
mb-04835,test,2.1583624,2.1139116,1.770852,1.7589037
mb-10300,test,1.6334684,1.5905919,1.4771212,1.5130081
mb-04346,test,1.6127839,1.595056,1.39794,1.2842561
mb-00089,test,1.361728,1.2720524,1.20412,0.89631367
mb-09521,test,0.90309,0.91965276,0.60206,0.72495925
mb-07575,test,1.7323937,1.7024685,1.5563025,1.5039985
mb-07577,test,2.3747485,2.2478456,2.075547,1.8701844
mb-07869,test,1.9777236,1.9085782,1.845098,1.7070596
mb-07400,test,2.230449,2.0888233,2.0413928,1.8723041
mb-04167,test,1.5440681,1.790063,1.1760913,1.4638637
mb-04286,test,1.8864907,1.8129282,1.447158,1.4510581
mb-02568,test,1.8750613,1.78389,1.6627579,1.5738689
mb-07543,test,2.0681858,2.1315837,1.7242758,1.8593256
mb-02382,test,1.4471581,1.489281,1.146128,1.263686
mb-10188,test,1.9344984,1.8664213,1.7403626,1.6675731
mb-04976,test,2.1038036,2.0559895,1.8750613,1.8206742
mb-07989,test,2.09691,2.04529,1.9344984,1.8431368
mb-09847,test,1.6434528,1.7538716,1.20412,1.2878444
mb-07973,test,1.9242792,1.8394545,1.447158,1.3344799
mb-03741,test,1.4149734,1.5004885,1.230449,1.319027
mb-09925,test,1.968483,1.5894173,1.7160033,1.1646953
mb-05541,test,2.2855573,2.3410265,2.0211892,1.9324776
mb-02739,test,1.6989701,1.5757132,1.3424227,1.1715832
mb-01500,test,2.4048338,2.369195,2.0606978,2.0030482
mb-07392,test,0.7781513,0.88695514,0.47712126,0.5666062
mb-01484,test,2.1731863,2.0516715,1.8129133,1.7690808
mb-08792,test,2.2648177,2.2873244,1.9956352,2.0677986
mb-07404,test,1.7403628,1.7725852,1.2787536,1.323178
mb-10295,test,1.9956352,1.9780949,1.6434526,1.6780082
mb-08356,test,1.9395192,1.817849,1.5185139,1.3748631
mb-07280,test,1.5797837,1.6318148,1.2787536,1.3539168
mb-07686,test,1.5563025,1.5434384,1.1139433,1.3434225
mb-03507,test,1.9395192,1.961674,1.2552725,1.2367002
mb-07833,test,1.30103,1.1959021,0.7781513,0.6160935
mb-10351,test,2.4014006,2.236701,1.690196,1.9026446
mb-06944,test,2.3673558,2.1426213,2.071882,1.7988064
mb-01887,test,1.6812412,1.5664599,1.3222193,1.3052344
mb-03845,test,1.748188,1.6576657,1.50515,1.387169
mb-04330,test,2.0170333,1.9335414,1.6532125,1.5804573
mb-02454,test,1.9395193,1.8962493,1.7323937,1.6256796
mb-06938,test,1.6989701,1.6919531,1.1760913,1.210154
mb-03086,test,1.3979399,1.2832806,1.0791812,1.0596054
mb-06738,test,2.2600713,2.181522,1.8864907,1.840189
mb-01466,test,2.045323,2.0562587,1.4913617,1.4269159
mb-01276,test,1.9294188,1.6477469,1.447158,1.4463482
mb-02243,test,2.2855573,2.1640801,2.1271048,2.0261693
mb-07694,test,1.8808136,1.9885011,1.6232493,1.7170804
mb-03093,test,2.3996737,2.435413,2.1038036,2.1623611
mb-08436,test,2.2148438,2.159331,1.9138138,1.8582146
mb-09795,test,2.217484,2.0765343,1.8260748,1.6880635
mb-03432,test,2.269513,2.1363773,1.968483,1.7745134
mb-05760,test,2.2810335,2.28553,1.908485,1.8992316
mb-08393,test,1.6334684,1.4868968,1.4771212,1.3025486
mb-09175,test,2.1105897,2.0830064,1.7242758,1.7126899
mb-08006,test,2.3384566,2.3058608,1.7558749,1.918894
mb-04324,test,0.47712123,1.0908712,1.1139433,1.0131335
mb-08633,test,1.146128,1.4805785,0.7781513,1.1660411
mb-08465,test,2.1818438,2.155921,1.4913617,1.455374
mb-09765,test,1.8260748,1.8009212,1.3424227,1.3322897
mb-04360,test,1.90309,1.8895898,1.4771212,1.4860947
mb-07641,test,1.6627579,1.8372824,1.3617278,1.4722707
mb-02693,test,1.748188,1.7836375,1.4149734,1.4365257
mb-00302,test,1.6532125,1.5736663,1.230449,1.2580106
mb-10782,test,1.6532125,1.5703474,1.30103,1.1096271
mb-07878,test,1.763428,1.7357942,1.3617278,1.316086
mb-00338,test,2.2479732,2.1858883,1.7403626,1.8387637
mb-03760,test,2.2878017,2.224999,2.089905,1.886565
mb-08755,test,1.8129133,1.7079655,1.6720978,1.5844898
mb-06283,test,1.7993406,1.7668232,1.6532125,1.5700185
mb-04179,test,1.6434528,1.8051594,1.3424227,1.3836921
mb-05588,test,1.6334684,1.6110339,1.447158,1.4215629
mb-04014,test,2.178977,2.182775,1.9637878,1.950516
mb-05675,test,1.6127839,1.5965612,1.3424227,1.3831114
mb-09766,test,2.1238515,2.0951378,1.748188,1.7506077
mb-02871,test,2.0374265,2.0220702,1.6532125,1.3097217
mb-06413,test,1.5797837,1.5255502,1.0,1.1369542
mb-06644,test,1.9684829,1.882189,1.6720978,1.5959258
mb-06469,test,1.8573325,1.7408346,1.4913617,1.4839653
mb-07114,test,1.2787536,1.3105752,0.9542425,0.9720908
mb-10345,test,2.0253057,1.9839756,1.6434526,1.6267163
mb-09268,test,1.30103,1.2653981,0.90309,0.83644146
mb-08352,test,1.69897,1.7107822,1.3617278,1.4192421
mb-08984,test,2.2253094,2.0760255,1.770852,1.6713197
mb-08415,test,1.8260748,1.8243746,1.5563025,1.6481653
mb-04658,test,2.1038036,2.0846162,1.90309,1.9131522
mb-08110,test,2.3242824,2.274842,1.9822712,2.004967
mb-05207,test,2.3996737,2.2951777,2.0934217,1.988775
mb-03294,test,1.8388492,1.8308164,1.6334685,1.6674168
mb-09822,test,2.1172712,2.0771618,1.7853298,1.8456553
mb-09516,test,2.130334,2.1293972,1.7558749,1.7891186
mb-01353,test,1.4149733,1.4116591,1.0791812,1.0355206
mb-03993,test,2.1731863,2.175,1.6232493,1.673052
mb-10677,test,2.262451,1.9815093,2.0253057,1.8206635
mb-07311,test,1.7853298,1.7353332,1.5185139,1.5123092
mb-00726,test,2.3324385,2.2758274,2.0863597,2.0794537
mb-00404,test,1.9542425,1.8983241,1.5314789,1.51052
mb-02265,test,1.462398,1.3941925,1.0413927,1.0969355
mb-05287,test,2.2479732,2.082056,1.9590414,1.7572684
mb-03108,test,2.382017,2.2831564,2.089905,1.9939458
mb-05320,test,1.6720978,1.710653,1.5797836,1.6817225
mb-10462,test,1.3222194,1.4294722,0.9542425,1.1080353
mb-02353,test,2.30103,2.218086,1.9190781,1.8829119
mb-00125,test,1.146128,1.1542735,0.7781513,0.88135326
mb-07668,test,1.7558749,1.6053872,1.4313638,1.3587524
mb-09580,test,1.230449,1.0227927,0.9542425,0.8155969
mb-02703,test,1.0791812,1.3012292,1.1139433,0.72992826
mb-10756,test,2.4742165,2.4185493,2.1958997,2.084146
mb-04199,test,1.8692317,1.8667797,1.690196,1.6952554
mb-00984,test,2.3673558,2.3815663,1.9731278,2.0084484
mb-09397,test,2.2278867,2.1340477,0.7781513,1.3184503
mb-09858,test,1.6232493,1.451383,1.146128,1.1457486
mb-08050,test,1.6434526,1.7782557,1.146128,1.3230302
mb-09005,test,2.0827854,2.053428,1.5440681,1.7462379
mb-00832,test,2.346353,2.1529765,2.2013972,2.1069202
mb-02824,test,1.60206,1.6454749,1.2552725,1.3632095
mb-02708,test,2.363612,2.3491278,2.0681858,1.970757
mb-06374,test,1.7403626,1.7357376,1.4771212,1.4280735
mb-04312,test,1.7853298,1.7323456,1.2787536,1.3812646
mb-10038,test,2.1003704,2.0207253,1.8692317,1.7531902
mb-01802,test,1.9867717,1.9046683,1.5185139,1.6252412
mb-08711,test,1.3424226,1.5047703,1.3222193,1.1385701
mb-06059,test,1.7403626,1.7535162,1.146128,1.2857103
mb-07564,test,2.1430147,2.050661,1.770852,1.8118578
mb-02786,test,2.1760912,2.140283,1.50515,1.8555204
mb-03342,test,1.9822712,1.9540416,1.6720978,1.6595562
mb-06640,test,2.3304136,2.1399872,2.2718415,2.1329472
mb-10210,test,1.6127839,1.5528886,1.3802112,1.2833378
mb-09888,test,1.690196,1.6370983,1.5314789,1.4504399
mb-09914,test,2.2405493,2.233906,2.0170333,1.8826733
mb-03042,test,1.146128,1.0778465,1.0413927,0.96312547
mb-08795,test,1.845098,1.8435936,1.5563025,1.6768706
mb-10257,test,2.1172714,2.1373506,1.6127839,1.7656956
mb-10209,test,1.1760912,1.2613132,0.845098,0.9974961
mb-04854,test,1.0791813,1.3112258,0.7781513,1.0090055
mb-02336,test,2.3304138,2.2585857,2.0,1.866915
mb-09347,test,1.8325088,1.7297337,1.3222193,1.4385778
mb-00105,test,1.9344984,1.942097,1.8129133,1.8123634
mb-10120,test,2.4014006,2.378916,2.2624512,2.3545165
