target,prediction
29.000000, 29.002975
68.000000, 68.000610
51.000000, 50.999638
7.000000, 6.997303
13.000000, 13.000613
78.000000, 77.990334
114.000000, 113.990952
46.000000, 46.001503
33.000000, 33.063217
118.000000, 117.959045
51.000000, 51.014545
27.000000, 26.984091
27.000000, 26.987570
13.000000, 12.997483
77.000000, 72.718277
29.000000, 28.982258
8.000000, 7.989536
21.000000, 20.467388
46.000000, 46.000790
107.000000, 106.997467
34.000000, 34.000080
67.000000, 67.037277
11.000000, 10.999889
47.000000, 46.992985
71.000000, 71.003235
13.000000, 12.973742
41.000000, 40.998684
4.000000, 3.990332
88.000000, 88.018341
100.000000, 99.978065
72.000000, 71.987984
55.000000, 54.992336
94.000000, 94.005890
44.000000, 43.995647
62.000000, 62.003151
74.000000, 73.976364
48.000000, 48.009281
35.000000, 34.999382
93.000000, 92.998528
93.000000, 93.000481
33.000000, 33.000233
50.000000, 49.990974
189.000000, 188.993912
104.000000, 104.009674
6.000000, 6.007206
34.000000, 34.000439
113.000000, 113.007751
96.000000, 96.019112
36.000000, 35.990795
48.000000, 48.001865
35.000000, 34.999439
26.000000, 25.991856
24.000000, 23.999283
34.000000, 33.999424
10.000000, 10.262576
29.000000, 29.001911
70.000000, 76.521271
20.000000, 19.999229
113.000000, 112.997131
16.000000, 15.997259
125.000000, 124.996887
20.000000, 20.007664
101.000000, 100.989151
28.000000, 27.995972
49.000000, 49.042973
43.000000, 43.003994
58.000000, 58.005993
125.000000, 124.984161
58.000000, 58.007465
11.000000, 11.000270
55.000000, 54.990322
94.000000, 94.002716
16.000000, 15.995536
4.000000, 4.000514
72.000000, 72.012894
36.000000, 35.998856
18.000000, 18.010017
52.000000, 51.988243
27.000000, 27.002151
46.000000, 46.001072
32.000000, 32.002350
33.000000, 32.998592
86.000000, 85.992805
8.000000, 7.998745
14.000000, 14.028441
244.000000, 243.955551
51.000000, 50.997444
48.000000, 47.997364
127.000000, 127.035507
1.000000, 0.996502
10.000000, 9.994227
71.000000, 70.998497
7.000000, 6.998517
23.000000, 22.999367
9.000000, 8.996355
23.000000, 22.997608
21.000000, 20.993271
18.000000, 17.999063
3.000000, 3.002111
12.000000, 12.003310
35.000000, 35.000370
130.000000, 129.994934
15.000000, 15.000098
19.000000, 19.007534
27.000000, 26.995943
69.000000, 68.989037
46.000000, 46.003899
56.000000, 47.320194
64.000000, 64.000755
42.000000, 41.986046
61.000000, 60.989414
30.000000, 29.975933
12.000000, 12.004325
11.000000, 11.003192
31.000000, 30.998829
58.000000, 58.010853
39.000000, 38.987915
14.000000, 14.003743
22.000000, 21.998526
87.000000, 86.977737
17.000000, 16.985550
57.000000, 57.001965
30.000000, 30.002712
76.000000, 75.995476
6.000000, 5.998281
10.000000, 9.999318
126.000000, 126.006912
22.000000, 22.001005
20.000000, 19.999088
10.000000, 9.999340
41.000000, 41.007740
4.000000, 3.999112
26.000000, 25.999783
32.000000, 32.000698
35.000000, 35.000019
23.000000, 23.000393
80.000000, 80.000000
24.000000, 24.012680
22.000000, 21.996037
16.000000, 16.000870
48.000000, 48.000908
63.000000, 63.005772
35.000000, 35.002491
13.000000, 12.998540
33.000000, 33.004875
73.000000, 73.006805
96.000000, 95.986618
40.000000, 40.011204
22.000000, 21.996773
54.000000, 53.998257
51.000000, 51.000423
20.000000, 19.989407
18.000000, 18.003822
25.000000, 24.996223
12.000000, 12.001237
44.000000, 43.990112
46.000000, 46.002369
48.000000, 48.002075
25.000000, 24.998936
48.000000, 48.004974
27.000000, 26.998524
49.000000, 48.992870
67.000000, 67.000748
99.000000, 98.994247
25.000000, 25.019585
67.000000, 66.997620
23.000000, 23.003742
25.000000, 25.002581
103.000000, 103.007904
73.000000, 72.994644
32.000000, 31.998634
55.000000, 54.992756
24.000000, 24.004763
38.000000, 37.990681
21.000000, 21.010014
44.000000, 44.006306
106.000000, 105.995842
43.000000, 43.002964
28.000000, 28.002642
25.000000, 24.997753
21.000000, 21.005144
31.000000, 31.002316
9.000000, 8.984790
28.000000, 27.989677
4.000000, 4.001475
25.000000, 24.985985
20.000000, 20.008699
64.000000, 64.008163
55.000000, 54.537891
117.000000, 117.002991
47.000000, 47.006649
63.000000, 63.013309
21.000000, 20.996372
64.000000, 63.988995
120.000000, 120.004059
55.000000, 55.000332
59.000000, 58.994839
78.000000, 78.024307
54.000000, 53.996662
32.000000, 32.000225
40.000000, 40.005615
46.000000, 45.997055
15.000000, 14.990395
71.000000, 71.002426
44.000000, 44.009396
78.000000, 77.992088
36.000000, 36.006947
78.000000, 77.998085
25.000000, 24.992947
70.000000, 70.004944
93.000000, 92.997284
7.000000, 6.998374
4.000000, 4.002388
57.000000, 56.997791
21.000000, 21.001345
38.000000, 38.062824
24.000000, 23.989098
15.000000, 14.988217
114.000000, 114.000763
10.000000, 9.996924
18.000000, 18.001041
54.000000, 54.001511
55.000000, 54.999138
66.000000, 66.002197
40.000000, 39.994427
62.000000, 62.007118
74.000000, 73.999481
86.000000, 85.998642
50.000000, 49.997875
44.000000, 43.999401
15.000000, 15.004799
40.000000, 39.999714
138.000000, 137.999100
76.000000, 76.001030
92.000000, 91.988113
35.000000, 34.999378
32.000000, 31.993217
43.000000, 43.026848
78.000000, 78.010574
17.000000, 16.995914
74.000000, 74.005661
40.000000, 39.994316
107.000000, 107.032768
11.000000, 11.002154
20.000000, 20.002495
52.000000, 52.006542
10.000000, 9.999291
23.000000, 23.001087
70.000000, 70.004333
6.000000, 6.000617
27.000000, 27.000813
8.000000, 8.604976
60.000000, 59.989071
33.000000, 33.001545
30.000000, 30.001303
3.000000, 2.996793
57.000000, 56.997532
115.000000, 115.020737
103.000000, 102.997299
59.000000, 59.002750
105.000000, 105.010887
57.000000, 56.994724
3.000000, 3.000276
30.000000, 30.010139
45.000000, 44.995914
51.000000, 51.000607
52.000000, 52.003330
200.000000, 200.016312
52.000000, 51.965694
38.000000, 38.001743
35.000000, 35.000858
73.000000, 72.996529
10.000000, 10.003337
46.000000, 45.997295
13.000000, 13.018258
8.000000, 8.013424
36.000000, 35.998665
23.000000, 22.995262
95.000000, 95.002441
47.000000, 46.997452
82.000000, 82.010262
34.000000, 34.005554
34.000000, 34.001705
27.000000, 27.002060
37.000000, 37.001163
18.000000, 18.002714
7.000000, 7.006139
39.000000, 39.000137
45.000000, 44.995525
64.000000, 63.996365
105.000000, 104.992599
17.000000, 17.001051
91.000000, 91.013474
54.000000, 53.998524
55.000000, 55.001621
49.000000, 48.999893
30.000000, 30.007376
41.000000, 41.002254
12.000000, 12.002951
16.000000, 16.000208
34.000000, 34.004932
112.000000, 111.999680
57.000000, 56.980633
20.000000, 20.004457
44.000000, 43.997578
21.000000, 21.004635
80.000000, 80.001602
8.000000, 7.999916
70.000000, 70.010132
34.000000, 34.006168
23.000000, 28.923141
193.000000, 193.124695
35.000000, 34.995701
36.000000, 35.998417
31.000000, 31.007341
67.000000, 67.003517
84.000000, 84.002220
51.000000, 50.975998
45.000000, 44.996891
17.000000, 17.007303
34.000000, 34.002979
110.000000, 110.007141
49.000000, 49.006672
39.000000, 38.996109
47.000000, 47.000179
22.000000, 22.044531
2.000000, 1.995901
79.000000, 78.265518
29.000000, 29.006481
8.000000, 7.998069
85.000000, 84.989677
35.000000, 35.001179
25.000000, 24.958252
81.000000, 80.983963
207.000000, 207.002914
35.000000, 35.002987
75.000000, 74.998116
214.000000, 213.967041
12.000000, 12.002631
89.000000, 88.997650
50.000000, 49.993774
65.000000, 65.003044
98.000000, 98.007652
44.000000, 44.000214
26.000000, 26.035927
101.000000, 101.011879
60.000000, 60.007648
70.000000, 70.005478
45.000000, 44.999546
23.000000, 23.004667
12.000000, 11.995438
51.000000, 51.003117
53.000000, 53.004303
24.000000, 23.999886
36.000000, 35.998352
93.000000, 92.999420
63.000000, 63.036095
26.000000, 25.991344
68.000000, 67.998428
39.000000, 39.008327
24.000000, 24.012199
25.000000, 25.020834
27.000000, 26.997501
50.000000, 50.277233
8.000000, 9.851926
22.000000, 21.999107
82.000000, 81.998856
32.000000, 32.000416
28.000000, 27.999924
123.000000, 122.999634
26.000000, 26.001263
65.000000, 65.010620
33.000000, 32.999256
22.000000, 21.999104
42.000000, 41.996181
78.000000, 78.001160
23.000000, 22.983591
80.000000, 79.994156
28.000000, 27.999279
75.000000, 74.998215
87.000000, 87.004593
31.000000, 30.999290
44.000000, 44.003063
15.000000, 14.997280
7.000000, 6.999020
3.000000, 2.998955
39.000000, 38.999775
16.000000, 15.999578
33.000000, 32.986633
18.000000, 18.005430
90.000000, 89.989746
44.000000, 43.996540
91.000000, 91.001343
90.000000, 89.986542
66.000000, 66.000832
31.000000, 31.005306
50.000000, 50.003201
53.000000, 53.000103
56.000000, 56.001591
20.000000, 20.002628
79.000000, 79.001038
45.000000, 44.987202
138.000000, 138.001266
25.000000, 25.003571
10.000000, 9.994293
5.000000, 5.008529
13.000000, 12.999945
16.000000, 16.000168
36.000000, 36.014198
22.000000, 21.774181
79.000000, 79.008835
30.000000, 30.003845
21.000000, 20.996191
89.000000, 89.006470
97.000000, 96.995224
58.000000, 57.980343
74.000000, 74.002090
51.000000, 50.988544
86.000000, 86.000427
33.000000, 33.008434
11.000000, 11.001365
40.000000, 39.994923
104.000000, 104.019859
19.000000, 18.996149
35.000000, 34.999939
53.000000, 52.989143
24.000000, 24.006109
59.000000, 58.999210
18.000000, 17.992424
145.000000, 144.990173
22.000000, 21.996943
77.000000, 77.006195
81.000000, 80.993652
33.000000, 33.390667
90.000000, 89.999451
26.000000, 26.004059
111.000000, 110.744720
44.000000, 44.004719
27.000000, 26.999863
41.000000, 40.998749
74.000000, 74.032928
62.000000, 62.008862
34.000000, 33.992580
103.000000, 102.997330
112.000000, 112.009003
32.000000, 31.999407
22.000000, 21.991886
63.000000, 63.002186
35.000000, 35.007202
14.000000, 14.000682
20.000000, 20.007072
54.000000, 54.000599
42.000000, 41.996677
38.000000, 38.011971
33.000000, 32.996876
75.000000, 74.995651
25.000000, 25.027510
35.000000, 34.993435
25.000000, 25.005924
81.000000, 80.997147
119.000000, 119.018082
48.000000, 48.003426
130.000000, 129.995880
29.000000, 28.985899
67.000000, 67.005028
72.000000, 71.968262
15.000000, 15.001307
118.000000, 117.993988
46.000000, 46.003956
82.000000, 82.006607
97.000000, 97.007767
11.000000, 10.999555
76.000000, 76.008713
91.000000, 91.000084
34.000000, 34.003094
23.000000, 22.995821
79.000000, 80.784019
26.000000, 25.997219
127.000000, 127.000946
65.000000, 65.015442
23.000000, 22.993792
113.000000, 113.007050
49.000000, 49.007870
49.000000, 48.999130
7.000000, 7.000640
90.000000, 90.001251
32.000000, 31.991318
69.000000, 68.973389
12.000000, 11.997633
126.000000, 126.027519
91.000000, 90.993332
36.000000, 35.992420
34.000000, 34.000256
28.000000, 27.987610
30.000000, 30.000793
38.000000, 37.999321
36.000000, 36.006535
113.000000, 112.999481
63.000000, 63.004169
65.000000, 65.001549
19.000000, 18.996868
35.000000, 34.998047
81.000000, 81.029465
5.000000, 5.032381
39.000000, 38.934883
55.000000, 54.990009
54.000000, 53.984760
64.000000, 63.996559
34.000000, 34.001270
29.000000, 29.010149
22.000000, 22.000576
9.000000, 9.013711
13.000000, 13.007073
25.000000, 24.999977
24.000000, 23.991203
48.000000, 48.003929
81.000000, 80.993965
31.000000, 30.998772
110.000000, 109.990204
44.000000, 43.993793
40.000000, 39.999523
103.000000, 103.000572
25.000000, 25.003693
17.000000, 17.015266
4.000000, 4.008763
47.000000, 47.000557
100.000000, 99.991379
16.000000, 16.003046
31.000000, 30.999420
41.000000, 41.000618
17.000000, 17.005798
37.000000, 36.997387
36.000000, 36.001316
37.000000, 36.990086
2.000000, 2.009714
202.000000, 201.959320
76.000000, 76.000046
60.000000, 59.997799
52.000000, 51.995373
11.000000, 10.993922
32.000000, 31.998947
64.000000, 64.012680
60.000000, 59.993580
24.000000, 23.118036
25.000000, 25.012932
128.000000, 127.994247
54.000000, 54.002075
54.000000, 54.005177
22.000000, 21.999643
38.000000, 38.004551
52.000000, 52.000774
19.000000, 19.005161
38.000000, 37.999977
26.000000, 25.979347
25.000000, 24.997108
79.000000, 79.003082
26.000000, 26.014530
53.000000, 52.998451
51.000000, 51.014118
104.000000, 104.005180
31.000000, 30.980881
28.000000, 28.001135
8.000000, 7.998906
44.000000, 43.999878
12.000000, 11.998935
11.000000, 10.992103
59.000000, 58.998798
23.000000, 23.001371
26.000000, 25.273392
37.000000, 37.000202
9.000000, 8.676052
16.000000, 15.993165
88.000000, 88.001724
51.000000, 48.920986
23.000000, 22.994740
78.000000, 77.989334
65.000000, 65.008026
35.000000, 34.997814
5.000000, 5.003155
38.000000, 37.978313
49.000000, 49.006840
15.000000, 15.612082
46.000000, 45.986290
75.000000, 74.996704
17.000000, 17.011219
36.000000, 36.009750
55.000000, 55.001385
22.000000, 22.004957
187.000000, 187.004425
34.000000, 33.999516
50.000000, 50.006161
55.000000, 55.005814
56.000000, 56.004482
30.000000, 29.994894
19.000000, 19.932091
34.000000, 33.998997
7.000000, 7.002908
112.000000, 112.009758
19.000000, 18.999996
48.000000, 47.997387
17.000000, 17.006424
20.000000, 19.995665
33.000000, 32.993671
83.000000, 82.988251
231.000000, 231.001770
208.000000, 207.991669
56.000000, 55.995651
90.000000, 89.983215
65.000000, 65.001617
9.000000, 9.001655
73.000000, 73.000183
26.000000, 26.006134
15.000000, 11.148474
11.000000, 10.992305
28.000000, 27.996164
29.000000, 29.000366
74.000000, 74.018990
65.000000, 64.996628
44.000000, 43.991928
124.000000, 124.007729
86.000000, 86.002144
35.000000, 34.986866
19.000000, 19.041964
5.000000, 4.997971
63.000000, 63.000477
64.000000, 63.997536
18.000000, 18.010347
24.000000, 24.015633
69.000000, 69.015518
213.000000, 213.082718
14.000000, 13.995551
58.000000, 58.000343
92.000000, 92.000252
34.000000, 33.998051
99.000000, 98.999878
28.000000, 28.001591
18.000000, 17.989056
17.000000, 17.000851
23.000000, 23.000189
32.000000, 32.001183
183.000000, 183.003113
48.000000, 47.999088
12.000000, 11.999025
121.000000, 120.996941
9.000000, 9.000657
53.000000, 53.002972
73.000000, 72.989372
60.000000, 59.998882
24.000000, 23.999508
26.000000, 26.007570
102.000000, 102.007423
24.000000, 24.004271
25.000000, 24.999176
63.000000, 62.984612
48.000000, 48.000397
20.000000, 20.000292
42.000000, 41.998905
96.000000, 96.000687
32.000000, 31.999844
79.000000, 79.009293
133.000000, 133.082275
19.000000, 18.995155
21.000000, 21.012449
19.000000, 18.999352
16.000000, 16.000677
19.000000, 19.007101
27.000000, 27.017929
43.000000, 43.001228
56.000000, 55.998562
71.000000, 71.006172
42.000000, 42.004848
67.000000, 67.004913
74.000000, 74.004196
40.000000, 40.001099
16.000000, 15.993564
115.000000, 115.015930
32.000000, 31.776758
383.000000, 299.821777
12.000000, 12.008273
41.000000, 41.003246
5.000000, 6.393822
24.000000, 23.999119
101.000000, 101.053284
28.000000, 27.999979
26.000000, 25.984407
43.000000, 43.013798
187.000000, 186.968353
33.000000, 33.002171
17.000000, 17.000210
29.000000, 28.999189
32.000000, 31.997404
15.000000, 15.000199
140.000000, 139.999542
97.000000, 96.995438
32.000000, 32.008354
10.000000, 9.990698
74.000000, 73.999146
37.000000, 36.999928
59.000000, 58.991718
92.000000, 92.003799
13.000000, 12.995130
69.000000, 69.021721
69.000000, 68.992752
110.000000, 110.002335
178.000000, 178.085297
122.000000, 121.999031
14.000000, 13.998410
6.000000, 6.001954
49.000000, 49.001751
116.000000, 115.999008
38.000000, 37.994846
103.000000, 102.999077
46.000000, 45.998871
76.000000, 76.003906
72.000000, 72.033676
3.000000, 2.991476
10.000000, 10.002755
13.000000, 12.998815
24.000000, 23.998245
60.000000, 60.002415
93.000000, 93.051628
40.000000, 39.986874
22.000000, 22.000023
14.000000, 14.001382
17.000000, 17.001450
40.000000, 40.001976
20.000000, 20.570824
27.000000, 27.000046
22.000000, 21.995022
24.000000, 23.998077
28.000000, 27.994022
66.000000, 66.000931
126.000000, 125.570564
37.000000, 37.008614
67.000000, 66.993477
58.000000, 58.009861
249.000000, 249.009933
101.000000, 100.996262
71.000000, 71.001671
48.000000, 47.996708
86.000000, 86.027756
47.000000, 47.002430
43.000000, 43.000263
102.000000, 102.004936
62.000000, 62.000805
9.000000, 9.547666
116.000000, 116.006912
30.000000, 29.996632
8.000000, 8.000374
79.000000, 78.996147
42.000000, 41.992077
61.000000, 61.005962
34.000000, 33.996792
123.000000, 123.009628
92.000000, 92.000244
51.000000, 51.020454
59.000000, 59.007774
56.000000, 56.003181
15.000000, 15.220387
47.000000, 47.005833
59.000000, 58.996700
49.000000, 49.001663
83.000000, 83.005951
15.000000, 14.991036
13.000000, 13.007781
29.000000, 28.999649
44.000000, 43.994343
2.000000, 1.996337
24.000000, 23.972275
17.000000, 16.996655
62.000000, 62.001339
111.000000, 111.013542
16.000000, 15.996895
53.000000, 52.994247
15.000000, 15.001006
23.000000, 22.984827
36.000000, 35.999233
36.000000, 35.996201
70.000000, 69.997414
1.000000, 1.006028
72.000000, 72.004463
46.000000, 45.995457
30.000000, 29.997528
35.000000, 34.997311
75.000000, 75.005882
49.000000, 48.998943
24.000000, 23.997694
16.000000, 16.019819
48.000000, 47.998455
46.000000, 46.037907
2.000000, 1.996653
74.000000, 74.008377
94.000000, 94.001793
51.000000, 51.002518
59.000000, 59.014164
26.000000, 26.007879
8.000000, 7.998883
98.000000, 97.996063
9.000000, 8.999578
23.000000, 25.297832
25.000000, 25.009804
11.000000, 11.005198
180.000000, 179.997284
15.000000, 14.998902
81.000000, 80.998993
189.000000, 189.046204
28.000000, 28.001410
71.000000, 70.971680
104.000000, 103.999763
10.000000, 9.994259
25.000000, 24.998707
13.000000, 12.994262
71.000000, 70.982056
46.000000, 46.006912
10.000000, 13.052258
70.000000, 70.010414
17.000000, 16.995890
22.000000, 21.994846
11.000000, 11.002077
46.000000, 46.005695
55.000000, 54.996731
38.000000, 38.002052
21.000000, 20.999290
48.000000, 48.002346
12.000000, 12.007781
74.000000, 73.977905
76.000000, 76.000664
46.000000, 45.991764
62.000000, 61.995655
51.000000, 51.001781
18.000000, 17.999319
29.000000, 28.998085
74.000000, 74.005508
25.000000, 24.986738
36.000000, 35.999996
79.000000, 77.997078
68.000000, 67.990448
35.000000, 35.003094
13.000000, 13.002540
26.000000, 25.999033
37.000000, 36.999908
53.000000, 53.003212
72.000000, 72.006882
50.000000, 50.004738
16.000000, 16.000065
24.000000, 23.999588
43.000000, 42.970192
6.000000, 5.996004
57.000000, 56.997154
44.000000, 43.999763
8.000000, 7.995670
47.000000, 46.986748
37.000000, 36.996384
111.000000, 110.968430
48.000000, 48.001297
17.000000, 16.983704
48.000000, 48.006168
47.000000, 47.019283
36.000000, 35.996174
120.000000, 120.005981
13.000000, 13.009284
69.000000, 69.003868
95.000000, 95.011230
31.000000, 31.001532
5.000000, 4.999634
29.000000, 29.007668
65.000000, 64.995209
61.000000, 60.983757
32.000000, 32.003315
26.000000, 26.003855
17.000000, 17.000248
70.000000, 69.995361
18.000000, 17.988834
19.000000, 18.997986
34.000000, 34.003956
53.000000, 52.998882
43.000000, 42.995182
20.000000, 20.001429
12.000000, 11.996942
51.000000, 51.003765
104.000000, 104.003952
72.000000, 71.988525
43.000000, 43.008289
56.000000, 55.998791
120.000000, 120.000351
33.000000, 32.976719
34.000000, 33.995808
33.000000, 33.011456
34.000000, 34.002579
50.000000, 49.998676
27.000000, 27.000446
21.000000, 20.995010
52.000000, 52.005695
21.000000, 21.001289
61.000000, 61.006481
41.000000, 41.001015
73.000000, 73.000282
32.000000, 31.997843
29.000000, 29.000942
22.000000, 21.999886
59.000000, 58.978748
36.000000, 35.989079
38.000000, 37.998386
118.000000, 117.974106
45.000000, 44.999859
37.000000, 37.000168
9.000000, 8.990514
16.000000, 15.999841
35.000000, 35.004303
100.000000, 100.000221
5.000000, 5.425209
43.000000, 42.998768
52.000000, 51.987713
37.000000, 37.007183
33.000000, 32.995693
77.000000, 77.517715
1.000000, 1.003379
14.000000, 14.006183
25.000000, 25.000401
84.000000, 84.009407
71.000000, 71.000580
21.000000, 20.999905
40.000000, 40.003513
21.000000, 16.887688
25.000000, 24.998098
94.000000, 93.945709
23.000000, 22.997616
88.000000, 87.982239
12.000000, 11.981072
40.000000, 40.004807
40.000000, 40.004898
91.000000, 90.999542
3.000000, 3.000587
26.000000, 25.998138
70.000000, 70.004272
62.000000, 62.004803
7.000000, 7.039394
60.000000, 60.000141
19.000000, 19.018578
120.000000, 119.998604
258.000000, 258.057892
6.000000, 6.003502
39.000000, 38.976963
19.000000, 18.992046
6.000000, 5.997057
11.000000, 10.999102
6.000000, 5.987834
78.000000, 78.004219
33.000000, 33.000458
18.000000, 17.130947
62.000000, 61.999149
28.000000, 27.999880
71.000000, 71.000443
25.000000, 24.998789
54.000000, 53.996479
37.000000, 37.000065
89.000000, 88.990891
21.000000, 20.999107
4.000000, 3.995963
25.000000, 24.991158
31.000000, 31.006836
13.000000, 12.998908
59.000000, 58.994343
30.000000, 29.992867
7.000000, 6.995461
187.000000, 187.036819
13.000000, 12.998687
1.000000, 0.994061
57.000000, 57.005840
85.000000, 85.001495
20.000000, 19.994427
114.000000, 113.997894
37.000000, 36.998508
82.000000, 81.987366
22.000000, 22.007801
62.000000, 62.007114
16.000000, 15.999454
96.000000, 95.999542
74.000000, 73.993454
39.000000, 38.999271
133.000000, 132.989624
67.000000, 67.006195
27.000000, 27.001150
50.000000, 49.997505
61.000000, 61.011745
40.000000, 40.009361
38.000000, 38.009365
24.000000, 24.006054
9.000000, 9.010505
73.000000, 72.992805
63.000000, 62.990044
34.000000, 33.982281
33.000000, 33.000874
105.000000, 105.000458
84.000000, 84.011703
51.000000, 51.000843
43.000000, 42.994335
26.000000, 26.002422
10.000000, 10.006059
52.000000, 52.000912
116.000000, 115.986061
50.000000, 50.000881
12.000000, 12.003341
30.000000, 30.002241
23.000000, 23.019844
54.000000, 54.000603
26.000000, 25.999763
100.000000, 100.001747
93.000000, 93.004120
26.000000, 25.991682
86.000000, 85.989609
13.000000, 12.995525
46.000000, 46.001259
63.000000, 62.979588
16.000000, 16.038744
13.000000, 12.999445
26.000000, 25.998081
3.000000, 3.007443
24.000000, 23.998302
18.000000, 17.982759
29.000000, 28.999365
7.000000, 6.992327
160.000000, 159.975388
16.000000, 16.003975
47.000000, 47.000050
74.000000, 73.991440
73.000000, 73.004601
40.000000, 39.998497
21.000000, 20.997181
36.000000, 36.018032
2.000000, 1.998730
18.000000, 17.994045
84.000000, 84.003540
76.000000, 76.000763
63.000000, 62.988987
29.000000, 29.000418
74.000000, 73.998199
15.000000, 15.014176
47.000000, 47.005848
30.000000, 30.006411
22.000000, 21.996931
73.000000, 73.019951
127.000000, 127.004303
13.000000, 13.006320
43.000000, 42.988274
17.000000, 17.004719
42.000000, 41.998718
70.000000, 69.995895
70.000000, 70.033463
121.000000, 121.003952
54.000000, 53.996319
24.000000, 24.000360
88.000000, 88.000748
1.000000, 1.000730
96.000000, 96.014435
58.000000, 57.978870
26.000000, 26.000740
4.000000, 4.004344
102.000000, 101.984879
56.000000, 56.001919
68.000000, 68.004456
14.000000, 13.999261
6.000000, 6.003590
155.000000, 155.070374
77.000000, 76.999634
33.000000, 32.997734
108.000000, 107.933662
60.000000, 59.996105
33.000000, 32.999866
12.000000, 11.999799
50.000000, 49.998646
85.000000, 84.994736
70.000000, 69.997673
25.000000, 24.999863
21.000000, 21.001879
16.000000, 16.006542
25.000000, 24.992661
41.000000, 41.001297
17.000000, 16.989941
40.000000, 40.000305
130.000000, 130.006851
15.000000, 15.000636
38.000000, 38.020679
38.000000, 38.002575
96.000000, 96.004250
10.000000, 9.998124
44.000000, 43.980633
17.000000, 17.002707
25.000000, 24.991255
15.000000, 14.966287
12.000000, 12.000619
3.000000, 3.003946
61.000000, 60.996929
64.000000, 63.986683
26.000000, 26.011517
10.000000, 9.996933
15.000000, 15.000476
37.000000, 36.998222
103.000000, 102.993927
46.000000, 45.996181
58.000000, 58.003387
109.000000, 108.985649
39.000000, 38.997719
87.000000, 86.892990
129.000000, 129.001160
81.000000, 81.000488
114.000000, 113.987892
7.000000, 7.000935
32.000000, 32.001747
31.000000, 30.986639
35.000000, 34.713619
61.000000, 60.499615
27.000000, 27.000338
30.000000, 30.001083
53.000000, 53.012772
16.000000, 16.008535
23.000000, 23.007191
46.000000, 45.999271
29.000000, 28.991570
111.000000, 111.000832
55.000000, 55.017403
32.000000, 31.998707
36.000000, 35.991512
93.000000, 93.005180
100.000000, 100.002106
41.000000, 40.997623
75.000000, 74.956924
5.000000, 5.010021
74.000000, 73.993797
12.000000, 11.995246
9.000000, 9.001527
77.000000, 77.003815
13.000000, 13.000762
41.000000, 40.885220
31.000000, 31.000145
33.000000, 33.070030
36.000000, 36.000687
27.000000, 27.004194
33.000000, 32.998512
46.000000, 46.018108
16.000000, 15.997092
53.000000, 52.995827
78.000000, 78.032745
11.000000, 10.982941
187.000000, 187.049133
25.000000, 25.003586
20.000000, 20.006172
29.000000, 29.000587
11.000000, 11.003615
89.000000, 89.012573
19.000000, 18.998014
40.000000, 39.999832
17.000000, 17.004086
79.000000, 78.995239
159.000000, 159.012024
55.000000, 55.007530
22.000000, 22.000330
14.000000, 14.002071
72.000000, 71.985703
102.000000, 101.993690
25.000000, 25.001236
60.000000, 59.994930
8.000000, 7.994827
28.000000, 28.002174
77.000000, 77.021080
19.000000, 18.998554
20.000000, 19.933037
31.000000, 33.545048
33.000000, 32.967232
54.000000, 53.995358
60.000000, 61.015518
35.000000, 35.008396
59.000000, 58.996521
152.000000, 152.018372
109.000000, 109.000259
101.000000, 101.001122
31.000000, 30.996508
20.000000, 19.991787
70.000000, 70.014153
5.000000, 5.012610
32.000000, 31.995369
16.000000, 15.999426
72.000000, 72.011703
85.000000, 85.002182
56.000000, 55.987526
15.000000, 15.000201
125.000000, 125.001755
96.000000, 95.998795
42.000000, 42.000294
60.000000, 60.005108
35.000000, 35.039738
126.000000, 125.998314
18.000000, 17.993099
9.000000, 9.001077
21.000000, 20.993053
35.000000, 34.989010
29.000000, 29.005714
33.000000, 32.998692
10.000000, 10.004274
62.000000, 61.999630
76.000000, 76.004776
23.000000, 23.001179
71.000000, 70.994270
76.000000, 75.998688
71.000000, 71.008224
138.000000, 138.018295
42.000000, 42.013485
24.000000, 24.001541
50.000000, 50.002991
89.000000, 89.005943
76.000000, 76.011307
170.000000, 169.996735
59.000000, 58.982876
19.000000, 19.025509
88.000000, 88.001900
53.000000, 53.000538
6.000000, 5.996851
78.000000, 78.003159
27.000000, 27.005482
87.000000, 87.002350
75.000000, 75.016479
115.000000, 114.997147
14.000000, 14.009845
82.000000, 78.815620
93.000000, 93.005859
52.000000, 51.991283
82.000000, 81.969902
13.000000, 12.995776
58.000000, 58.000484
86.000000, 85.996834
26.000000, 25.997742
28.000000, 27.999233
68.000000, 68.006126
33.000000, 33.005421
25.000000, 24.991686
18.000000, 18.002897
11.000000, 10.998851
8.000000, 8.616278
8.000000, 8.000084
25.000000, 25.000191
49.000000, 48.997887
7.000000, 7.005705
14.000000, 13.999936
95.000000, 94.991272
67.000000, 66.989769
71.000000, 71.009010
8.000000, 8.000587
23.000000, 22.999851
20.000000, 19.981129
132.000000, 132.009521
14.000000, 14.564303
13.000000, 13.001438
13.000000, 12.621217
131.000000, 130.986084
34.000000, 33.998615
31.000000, 30.988089
63.000000, 62.996521
39.000000, 39.002392
8.000000, 8.008693
109.000000, 108.990585
34.000000, 33.995487
34.000000, 34.027519
121.000000, 120.995987
25.000000, 24.983757
29.000000, 29.004070
66.000000, 66.000298
28.000000, 28.000809
36.000000, 36.083691
33.000000, 33.003128
28.000000, 28.003864
35.000000, 35.005131
17.000000, 16.998457
86.000000, 86.003937
85.000000, 84.990532
10.000000, 9.998309
5.000000, 4.994437
17.000000, 16.997349
45.000000, 44.996456
70.000000, 70.003586
59.000000, 59.001888
101.000000, 101.010429
86.000000, 86.011490
60.000000, 59.993908
78.000000, 75.964111
117.000000, 116.998978
10.000000, 9.998192
53.000000, 52.999729
46.000000, 46.002834
61.000000, 61.005260
57.000000, 57.015850
49.000000, 48.989346
41.000000, 41.000221
47.000000, 46.991283
16.000000, 15.999953
55.000000, 54.998894
40.000000, 40.002068
8.000000, 7.998148
4.000000, 4.004147
25.000000, 25.009331
74.000000, 74.008316
36.000000, 35.994122
75.000000, 75.007294
19.000000, 18.998035
6.000000, 6.007220
20.000000, 20.003403
19.000000, 19.011799
28.000000, 27.054447
24.000000, 23.998802
86.000000, 85.997192
134.000000, 133.996490
96.000000, 96.005310
54.000000, 53.998783
16.000000, 15.998983
25.000000, 25.006229
100.000000, 100.017426
51.000000, 50.975441
14.000000, 13.997058
10.000000, 10.001877
37.000000, 37.010578
66.000000, 65.984444
41.000000, 41.014889
27.000000, 27.003834
115.000000, 115.002098
18.000000, 18.003191
17.000000, 16.997746
14.000000, 13.999082
11.000000, 10.863766
9.000000, 9.002004
18.000000, 17.988773
55.000000, 54.995708
19.000000, 18.999203
48.000000, 47.989498
42.000000, 41.991154
24.000000, 24.001488
54.000000, 54.004314
43.000000, 43.009975
58.000000, 58.240463
44.000000, 43.999638
108.000000, 108.000885
76.000000, 76.013481
75.000000, 74.999329
90.000000, 89.997726
57.000000, 56.995991
26.000000, 25.999943
27.000000, 27.002314
15.000000, 15.002511
10.000000, 9.999036
64.000000, 64.000732
58.000000, 58.056232
22.000000, 22.028271
35.000000, 35.000763
82.000000, 81.998672
40.000000, 39.998432
11.000000, 11.002282
94.000000, 93.998314
26.000000, 26.002577
20.000000, 19.991402
50.000000, 50.011414
44.000000, 44.005306
24.000000, 23.997503
46.000000, 46.004406
41.000000, 40.963829
70.000000, 70.010857
88.000000, 88.055069
32.000000, 31.991291
90.000000, 90.020630
33.000000, 33.006565
6.000000, 5.993869
54.000000, 54.316013
14.000000, 13.515701
22.000000, 21.999371
132.000000, 131.998871
46.000000, 46.000652
15.000000, 15.000664
96.000000, 91.989380
49.000000, 48.998505
103.000000, 103.001297
13.000000, 12.995804
16.000000, 15.996267
28.000000, 28.004906
21.000000, 21.013412
55.000000, 55.007900
42.000000, 41.999249
27.000000, 27.005108
37.000000, 37.002064
14.000000, 13.999705
28.000000, 27.992525
27.000000, 27.006710
51.000000, 51.041950
56.000000, 55.998802
25.000000, 25.001152
53.000000, 52.997372
40.000000, 40.009445
32.000000, 31.906757
30.000000, 29.975456
30.000000, 29.997137
15.000000, 15.001210
17.000000, 16.993862
88.000000, 87.993683
27.000000, 27.004539
92.000000, 91.995972
69.000000, 69.001038
84.000000, 84.020683
14.000000, 14.002397
16.000000, 15.997104
12.000000, 12.002800
65.000000, 64.999077
19.000000, 18.999332
21.000000, 20.995699
13.000000, 13.001836
77.000000, 77.000824
17.000000, 17.005381
36.000000, 35.999836
29.000000, 28.984524
17.000000, 16.994299
25.000000, 24.796404
50.000000, 50.759796
63.000000, 62.998344
24.000000, 23.999104
26.000000, 25.998837
93.000000, 93.004898
93.000000, 93.002808
23.000000, 23.003666
20.000000, 20.013941
92.000000, 91.988235
59.000000, 59.003445
46.000000, 45.991982
7.000000, 7.004620
13.000000, 13.001058
16.000000, 16.002455
12.000000, 11.997297
19.000000, 18.983185
72.000000, 71.966331
21.000000, 21.006672
50.000000, 50.014259
13.000000, 12.982598
13.000000, 13.000518
13.000000, 12.993705
35.000000, 34.995617
43.000000, 42.993359
29.000000, 29.005816
46.000000, 46.006107
19.000000, 18.999004
107.000000, 106.978661
15.000000, 14.332601
259.000000, 258.604431
27.000000, 27.001751
2.000000, 2.016456
34.000000, 33.996632
69.000000, 69.003296
116.000000, 116.005783
53.000000, 53.010387
83.000000, 82.986229
23.000000, 23.027203
22.000000, 22.001234
30.000000, 29.995077
54.000000, 54.007267
32.000000, 31.998993
14.000000, 14.000635
7.000000, 7.005177
12.000000, 11.983130
89.000000, 84.025047
24.000000, 23.996204
32.000000, 31.994865
125.000000, 125.005249
151.000000, 151.004074
25.000000, 25.005520
9.000000, 8.988047
104.000000, 103.996063
117.000000, 116.985443
139.000000, 138.990204
48.000000, 47.990746
20.000000, 20.000187
42.000000, 42.000202
15.000000, 14.999396
18.000000, 18.003620
32.000000, 31.998869
24.000000, 24.002817
25.000000, 24.998125
85.000000, 84.986084
72.000000, 71.991570
22.000000, 22.008335
100.000000, 100.000198
53.000000, 53.005749
41.000000, 40.992878
16.000000, 16.003330
94.000000, 93.936325
14.000000, 13.999393
58.000000, 57.996395
23.000000, 23.026150
78.000000, 78.014969
19.000000, 19.010071
32.000000, 32.005688
46.000000, 46.003590
80.000000, 79.999405
56.000000, 55.976040
13.000000, 12.999047
26.000000, 26.000992
36.000000, 35.985180
98.000000, 97.989067
47.000000, 47.008972
88.000000, 88.010056
33.000000, 33.004768
29.000000, 29.000738
29.000000, 28.993999
61.000000, 61.008213
60.000000, 59.999855
76.000000, 75.997116
23.000000, 22.994244
83.000000, 83.008972
89.000000, 88.996002
8.000000, 8.006017
30.000000, 30.010273
13.000000, 12.997954
23.000000, 22.976929
2.000000, 1.998120
51.000000, 51.004494
41.000000, 40.976120
8.000000, 8.005639
25.000000, 24.987919
17.000000, 16.999340
58.000000, 58.000034
19.000000, 18.998295
51.000000, 50.998058
89.000000, 89.027397
32.000000, 31.998627
41.000000, 41.006836
99.000000, 98.982796
84.000000, 83.998367
34.000000, 33.926685
27.000000, 26.998947
74.000000, 73.994270
54.000000, 53.999691
89.000000, 88.997780
41.000000, 40.992699
19.000000, 19.009407
48.000000, 47.997471
109.000000, 109.001762
8.000000, 8.021095
23.000000, 23.005867
107.000000, 110.351646
54.000000, 53.995071
61.000000, 61.000385
27.000000, 26.999800
10.000000, 9.999175
53.000000, 52.998009
21.000000, 20.999241
65.000000, 64.999420
46.000000, 46.008648
98.000000, 98.007645
35.000000, 35.003376
67.000000, 66.998627
91.000000, 91.989426
9.000000, 9.022353
54.000000, 54.006062
67.000000, 66.994102
21.000000, 20.999290
22.000000, 22.003176
2.000000, 2.000179
102.000000, 102.008446
37.000000, 37.001362
8.000000, 7.995646
63.000000, 62.976093
26.000000, 25.997196
26.000000, 25.992538
64.000000, 64.040504
46.000000, 46.013714
91.000000, 91.063416
55.000000, 54.998486
79.000000, 78.983734
34.000000, 33.993790
104.000000, 104.027390
144.000000, 144.016388
17.000000, 16.999702
50.000000, 49.999615
33.000000, 33.005424
16.000000, 16.003677
7.000000, 6.999413
136.000000, 135.996521
48.000000, 47.985451
56.000000, 55.996998
14.000000, 13.998805
56.000000, 56.003811
117.000000, 117.016541
28.000000, 28.007223
33.000000, 33.007923
39.000000, 38.995144
32.000000, 31.994066
83.000000, 82.975342
70.000000, 69.970490
56.000000, 55.993809
58.000000, 58.037304
38.000000, 38.003292
43.000000, 43.007023
10.000000, 9.997153
83.000000, 83.001724
58.000000, 58.003139
60.000000, 59.997814
74.000000, 74.020752
104.000000, 103.999954
107.000000, 107.004349
86.000000, 86.034927
32.000000, 32.011192
40.000000, 39.991962
9.000000, 8.996615
19.000000, 18.991821
62.000000, 62.005543
76.000000, 76.008545
67.000000, 67.009842
36.000000, 35.999226
26.000000, 26.000736
144.000000, 144.000565
11.000000, 11.002299
20.000000, 20.003819
194.000000, 194.004333
74.000000, 74.003647
19.000000, 19.008511
16.000000, 16.011600
93.000000, 92.996857
46.000000, 45.997776
79.000000, 79.000748
43.000000, 34.076153
105.000000, 104.998360
31.000000, 31.011848
8.000000, 8.000678
58.000000, 57.996346
17.000000, 16.996952
89.000000, 88.988098
29.000000, 29.003815
9.000000, 8.966929
75.000000, 75.013847
23.000000, 22.982460
23.000000, 23.002300
25.000000, 24.999348
55.000000, 54.988529
27.000000, 26.987780
71.000000, 71.026932
65.000000, 64.998062
39.000000, 38.998730
22.000000, 21.995548
184.000000, 183.959930
62.000000, 62.009491
60.000000, 59.992489
45.000000, 44.999767
23.000000, 22.999071
69.000000, 69.016998
34.000000, 34.003365
31.000000, 31.059681
19.000000, 19.003199
48.000000, 48.001865
81.000000, 80.994614
54.000000, 53.996513
48.000000, 47.996483
12.000000, 11.998287
39.000000, 38.989979
4.000000, 3.997010
16.000000, 16.003820
11.000000, 11.006207
30.000000, 30.001869
29.000000, 29.007748
128.000000, 127.992569
53.000000, 53.004810
88.000000, 88.002686
5.000000, 4.985147
21.000000, 21.003864
41.000000, 40.997055
79.000000, 78.999771
57.000000, 57.003689
19.000000, 19.000320
42.000000, 41.983479
50.000000, 49.998158
8.000000, 7.987731
47.000000, 47.002865
74.000000, 74.000076
118.000000, 117.999573
28.000000, 28.005955
20.000000, 20.000429
4.000000, 4.006196
36.000000, 36.488392
29.000000, 29.000732
13.000000, 13.003183
39.000000, 38.997822
19.000000, 18.985165
117.000000, 117.004814
28.000000, 28.000748
6.000000, 6.009955
26.000000, 26.006756
43.000000, 47.512615
16.000000, 15.996547
44.000000, 44.011963
47.000000, 47.002735
24.000000, 23.998060
66.000000, 65.997925
23.000000, 22.998920
15.000000, 14.979751
73.000000, 73.014938
20.000000, 19.998510
38.000000, 38.001045
22.000000, 22.000196
16.000000, 15.998290
185.000000, 185.041946
80.000000, 79.979874
42.000000, 42.002636
14.000000, 13.994213
26.000000, 26.008087
25.000000, 25.014931
93.000000, 93.009262
45.000000, 44.999523
59.000000, 58.997440
33.000000, 32.999950
31.000000, 30.994888
112.000000, 112.004662
21.000000, 20.999832
41.000000, 41.002392
83.000000, 82.996880
57.000000, 57.006138
97.000000, 96.996918
83.000000, 82.986023
27.000000, 27.008141
44.000000, 44.001362
38.000000, 38.004456
93.000000, 92.941307
65.000000, 65.002960
39.000000, 38.996353
70.000000, 69.997177
30.000000, 30.004845
33.000000, 33.000027
16.000000, 15.988332
32.000000, 32.000267
21.000000, 20.999580
28.000000, 27.998098
79.000000, 78.991013
37.000000, 37.000484
12.000000, 11.999134
149.000000, 148.977783
24.000000, 24.008183
29.000000, 28.994835
23.000000, 22.993322
16.000000, 16.004766
21.000000, 20.994274
57.000000, 57.089821
23.000000, 22.997498
57.000000, 56.999176
40.000000, 40.004543
42.000000, 41.995182
40.000000, 39.999577
89.000000, 89.006104
8.000000, 7.999977
6.000000, 5.440880
90.000000, 89.999512
28.000000, 27.991735
49.000000, 48.993633
30.000000, 30.003559
44.000000, 44.010983
23.000000, 22.999826
26.000000, 26.000736
27.000000, 26.996628
20.000000, 19.980160
72.000000, 72.004669
21.000000, 20.991760
17.000000, 17.000145
60.000000, 60.009319
10.000000, 10.005580
37.000000, 36.996632
27.000000, 27.002552
34.000000, 33.998993
116.000000, 115.994461
52.000000, 51.999622
21.000000, 20.997450
40.000000, 40.156857
88.000000, 88.017746
71.000000, 71.007233
3.000000, 2.993228
18.000000, 17.988140
13.000000, 13.003545
82.000000, 82.002960
59.000000, 59.001545
11.000000, 10.999269
30.000000, 29.989216
180.000000, 179.959000
31.000000, 31.004053
130.000000, 129.996094
28.000000, 28.000149
47.000000, 46.995564
62.000000, 61.996494
58.000000, 58.008587
42.000000, 42.005604
81.000000, 81.003540
79.000000, 79.011581
63.000000, 62.991459
15.000000, 14.993937
18.000000, 17.997185
22.000000, 21.997696
67.000000, 67.020912
122.000000, 122.003128
53.000000, 53.000668
22.000000, 22.000458
122.000000, 121.999710
22.000000, 22.001266
28.000000, 28.014984
21.000000, 20.961025
66.000000, 75.129471
36.000000, 35.997875
5.000000, 4.994440
18.000000, 17.997478
10.000000, 9.997745
26.000000, 26.001808
174.000000, 174.003387
9.000000, 8.994287
121.000000, 120.998528
19.000000, 19.005917
38.000000, 38.000927
4.000000, 3.998231
98.000000, 97.991020
92.000000, 91.999924
74.000000, 73.990326
87.000000, 86.994324
29.000000, 28.999859
9.000000, 8.998143
92.000000, 92.000755
47.000000, 47.004799
39.000000, 38.999912
51.000000, 51.010590
47.000000, 47.008617
74.000000, 73.997467
28.000000, 27.984587
32.000000, 32.001133
9.000000, 9.001990
118.000000, 117.997093
31.000000, 31.000046
55.000000, 55.590298
116.000000, 115.994278
4.000000, 4.000455
84.000000, 99.767929
73.000000, 72.994057
84.000000, 83.990524
25.000000, 24.999529
37.000000, 36.998692
177.000000, 176.802582
56.000000, 55.995029
38.000000, 38.014874
11.000000, 10.990151
89.000000, 89.010696
16.000000, 16.006510
23.000000, 22.999239
27.000000, 27.001627
11.000000, 11.000253
10.000000, 10.012399
35.000000, 35.005924
29.000000, 28.989202
24.000000, 24.000854
13.000000, 12.971140
24.000000, 24.011429
48.000000, 47.996090
35.000000, 35.001461
62.000000, 62.000805
26.000000, 26.001051
33.000000, 33.001049
38.000000, 38.000858
20.000000, 19.999950
61.000000, 61.007931
52.000000, 51.985020
29.000000, 29.001982
63.000000, 63.006783
61.000000, 61.003925
14.000000, 13.993426
13.000000, 13.000085
34.000000, 33.999043
45.000000, 44.995220
20.000000, 20.011524
54.000000, 54.002575
37.000000, 37.001850
49.000000, 49.004368
38.000000, 38.000790
116.000000, 115.996323
59.000000, 59.014297
12.000000, 11.998573
36.000000, 36.000061
32.000000, 31.998493
42.000000, 42.000366
49.000000, 49.007755
61.000000, 60.869442
73.000000, 72.998924
19.000000, 19.017834
15.000000, 14.998248
137.000000, 136.996124
18.000000, 17.999229
32.000000, 32.006310
109.000000, 108.999832
101.000000, 101.015450
28.000000, 27.997898
31.000000, 31.003279
41.000000, 41.010094
151.000000, 151.016479
75.000000, 74.833145
25.000000, 24.998066
78.000000, 77.999672
30.000000, 29.990200
5.000000, 4.992641
37.000000, 37.000656
15.000000, 14.996638
76.000000, 76.001266
50.000000, 49.997448
51.000000, 51.001293
85.000000, 84.988205
50.000000, 49.999363
26.000000, 23.689747
44.000000, 47.144299
18.000000, 18.017212
8.000000, 8.000882
22.000000, 22.003944
13.000000, 12.980123
74.000000, 74.010483
23.000000, 22.998890
31.000000, 30.998419
26.000000, 26.014835
101.000000, 100.998367
97.000000, 96.964859
16.000000, 16.002295
53.000000, 52.992313
79.000000, 79.026772
11.000000, 11.002339
26.000000, 26.003532
59.000000, 59.002171
16.000000, 16.008204
24.000000, 24.011395
90.000000, 90.000710
105.000000, 104.999474
22.000000, 22.012602
3.000000, 2.998893
24.000000, 23.999855
40.000000, 40.001431
14.000000, 14.001702
33.000000, 33.000435
83.000000, 82.988342
22.000000, 21.996265
25.000000, 25.008400
9.000000, 8.989909
80.000000, 80.005264
27.000000, 26.999199
30.000000, 30.007175
10.000000, 10.001738
35.000000, 30.762915
6.000000, 5.985387
43.000000, 43.000717
46.000000, 45.991577
32.000000, 32.002346
21.000000, 21.001072
42.000000, 42.011616
84.000000, 83.992134
40.000000, 40.007954
28.000000, 28.003281
20.000000, 19.999228
83.000000, 83.012924
88.000000, 88.000710
81.000000, 80.987930
183.000000, 182.999786
127.000000, 127.016960
33.000000, 33.009254
19.000000, 18.998615
29.000000, 28.998234
25.000000, 24.999245
45.000000, 44.982250
17.000000, 17.004131
71.000000, 70.990860
58.000000, 57.875572
200.000000, 199.983368
42.000000, 42.010117
31.000000, 30.999521
60.000000, 58.579170
24.000000, 24.013317
35.000000, 34.990906
36.000000, 35.989735
2.000000, 2.001592
52.000000, 51.997417
24.000000, 24.002878
47.000000, 47.002941
66.000000, 65.981537
26.000000, 26.008463
211.000000, 211.098053
92.000000, 92.005524
17.000000, 16.999620
59.000000, 59.004452
47.000000, 47.000263
9.000000, 9.004972
11.000000, 10.989600
53.000000, 53.004055
47.000000, 46.984734
215.000000, 214.990952
50.000000, 49.999981
242.000000, 241.981720
24.000000, 23.987514
28.000000, 28.001415
95.000000, 95.004692
53.000000, 52.968510
38.000000, 37.988476
31.000000, 30.999874
42.000000, 41.989155
17.000000, 16.993607
86.000000, 86.003281
12.000000, 12.002090
43.000000, 42.997913
30.000000, 30.000273
14.000000, 15.321665
129.000000, 129.017044
48.000000, 48.000416
19.000000, 18.999044
31.000000, 31.000448
37.000000, 37.005287
33.000000, 32.982464
49.000000, 48.996418
175.000000, 174.958511
6.000000, 5.998304
14.000000, 14.000041
46.000000, 46.005901
113.000000, 113.008835
49.000000, 49.006584
30.000000, 30.104618
9.000000, 9.007714
82.000000, 82.053421
55.000000, 55.011024
139.000000, 138.974701
62.000000, 61.996342
81.000000, 80.985245
75.000000, 75.003761
61.000000, 61.039402
9.000000, 9.026606
172.000000, 171.999359
50.000000, 49.990044
158.000000, 158.011292
130.000000, 130.000381
77.000000, 76.998291
25.000000, 24.997787
47.000000, 46.998501
39.000000, 39.002144
32.000000, 32.001556
15.000000, 14.998097
57.000000, 57.000652
35.000000, 35.007915
54.000000, 53.998676
144.000000, 143.983719
56.000000, 56.000847
48.000000, 48.007809
22.000000, 22.001480
18.000000, 17.995108
44.000000, 44.025867
92.000000, 91.997498
8.000000, 7.998349
71.000000, 70.996902
49.000000, 48.997189
11.000000, 17.443665
3.000000, 2.988414
29.000000, 29.011990
72.000000, 71.999214
51.000000, 49.563038
29.000000, 28.997711
17.000000, 16.995092
60.000000, 59.991676
31.000000, 31.021687
26.000000, 25.998938
103.000000, 103.005707
26.000000, 26.000448
3.000000, 2.989848
32.000000, 31.999767
14.000000, 14.002851
95.000000, 95.014816
68.000000, 67.996956
34.000000, 34.001209
21.000000, 20.997505
42.000000, 41.998585
39.000000, 39.005123
26.000000, 26.017050
19.000000, 19.004494
26.000000, 26.016991
82.000000, 81.999054
3.000000, 3.002310
4.000000, 3.668561
80.000000, 79.997017
40.000000, 39.991810
69.000000, 68.993500
23.000000, 22.998600
94.000000, 94.010498
56.000000, 56.016506
5.000000, 4.999377
38.000000, 37.999409
38.000000, 37.993290
29.000000, 29.017168
107.000000, 106.995911
57.000000, 57.015141
23.000000, 23.001381
25.000000, 25.004082
58.000000, 58.008888
23.000000, 22.985992
137.000000, 137.019226
103.000000, 103.000824
54.000000, 53.999283
30.000000, 29.963856
79.000000, 79.013519
53.000000, 53.000805
34.000000, 34.002811
29.000000, 28.997059
6.000000, 5.997180
79.000000, 79.007980
4.000000, 3.993756
45.000000, 45.021172
44.000000, 44.003002
15.000000, 15.000838
48.000000, 47.996185
52.000000, 51.995708
17.000000, 16.998814
2.000000, 1.994269
60.000000, 59.999107
64.000000, 64.006027
42.000000, 42.003239
152.000000, 151.985687
61.000000, 60.984032
40.000000, 40.002705
11.000000, 11.000073
30.000000, 29.997139
68.000000, 68.000763
63.000000, 62.996662
35.000000, 34.997597
75.000000, 74.995003
59.000000, 59.012783
32.000000, 31.982334
10.000000, 10.001655
35.000000, 35.011478
10.000000, 10.013507
44.000000, 43.994896
30.000000, 29.996933
70.000000, 70.002281
104.000000, 103.997040
9.000000, 9.004567
26.000000, 26.003883
36.000000, 35.988575
22.000000, 22.000158
73.000000, 73.051804
8.000000, 7.988690
21.000000, 21.010174
97.000000, 96.997719
21.000000, 21.001133
30.000000, 30.008987
25.000000, 25.007740
7.000000, 7.000083
95.000000, 95.006294
53.000000, 52.995026
31.000000, 30.992958
49.000000, 49.000385
64.000000, 63.997932
40.000000, 39.992912
23.000000, 22.996613
100.000000, 100.003784
27.000000, 27.013916
18.000000, 18.000229
47.000000, 47.017574
10.000000, 9.989911
17.000000, 17.002369
71.000000, 70.993385
47.000000, 46.999393
116.000000, 116.001289
63.000000, 63.024612
129.000000, 129.001831
92.000000, 91.985138
25.000000, 25.000231
16.000000, 15.972794
38.000000, 37.999195
6.000000, 6.006501
60.000000, 60.001522
26.000000, 25.997150
48.000000, 49.562641
51.000000, 51.003048
35.000000, 34.999130
140.000000, 140.004669
11.000000, 11.018594
68.000000, 68.001587
11.000000, 11.004346
76.000000, 76.001030
21.000000, 21.007179
35.000000, 35.002567
91.000000, 90.990425
21.000000, 20.982964
111.000000, 111.001617
83.000000, 83.034119
129.000000, 129.011444
19.000000, 19.001558
77.000000, 76.997726
55.000000, 55.006897
24.000000, 24.269993
40.000000, 39.990147
84.000000, 84.009102
33.000000, 33.005962
44.000000, 43.996555
49.000000, 48.992443
9.000000, 9.001217
42.000000, 42.009251
48.000000, 47.998684
56.000000, 55.999638
44.000000, 44.003304
137.000000, 136.968811
58.000000, 58.002033
22.000000, 21.997330
65.000000, 65.002075
67.000000, 66.981827
40.000000, 40.001690
35.000000, 34.998791
49.000000, 48.468849
92.000000, 92.005554
31.000000, 30.995426
6.000000, 5.943576
85.000000, 84.999184
31.000000, 31.005754
96.000000, 95.998909
78.000000, 78.008179
137.000000, 136.998398
70.000000, 70.006989
63.000000, 63.009964
12.000000, 11.999993
105.000000, 105.006256
36.000000, 35.994747
52.000000, 52.000271
134.000000, 133.992661
111.000000, 111.006973
237.000000, 236.701752
83.000000, 83.000809
4.000000, 4.007415
186.000000, 185.890335
20.000000, 20.001923
15.000000, 14.980501
80.000000, 80.005936
32.000000, 31.999123
24.000000, 24.028446
12.000000, 11.999138
58.000000, 58.003563
22.000000, 22.027706
5.000000, 5.004206
117.000000, 117.009216
32.000000, 31.996792
35.000000, 34.999725
28.000000, 28.006895
34.000000, 33.981098
105.000000, 104.998657
18.000000, 18.002022
44.000000, 43.995743
13.000000, 13.003066
62.000000, 61.994884
13.000000, 13.003306
85.000000, 85.089653
76.000000, 75.985168
84.000000, 84.001419
35.000000, 35.002453
39.000000, 39.004784
46.000000, 45.998882
24.000000, 23.997982
45.000000, 44.991528
10.000000, 10.012828
33.000000, 32.999336
22.000000, 22.006178
187.000000, 186.969070
13.000000, 13.010827
48.000000, 48.001873
79.000000, 78.986343
139.000000, 139.009827
76.000000, 76.011200
28.000000, 28.003632
81.000000, 81.003494
29.000000, 29.004974
104.000000, 103.999191
30.000000, 30.007051
91.000000, 91.000244
57.000000, 56.991199
42.000000, 41.998425
20.000000, 19.999352
76.000000, 76.002998
146.000000, 146.012375
124.000000, 123.997177
35.000000, 34.988461
18.000000, 17.999149
41.000000, 41.010185
108.000000, 107.996475
48.000000, 47.998753
127.000000, 126.998215
29.000000, 29.010868
88.000000, 87.996918
22.000000, 22.002346
59.000000, 59.002987
64.000000, 64.004921
21.000000, 21.001675
36.000000, 36.003471
16.000000, 15.999898
16.000000, 16.002163
57.000000, 56.996052
48.000000, 47.973488
28.000000, 28.011179
20.000000, 20.004238
34.000000, 33.998875
26.000000, 26.010740
2.000000, 2.003523
187.000000, 186.937958
72.000000, 71.994202
19.000000, 19.002298
15.000000, 15.000350
42.000000, 42.000721
23.000000, 23.000492
19.000000, 18.996412
9.000000, 9.007171
24.000000, 24.001698
33.000000, 33.004574
19.000000, 18.995850
14.000000, 13.997835
101.000000, 101.001633
54.000000, 53.991055
193.000000, 192.996552
10.000000, 10.008555
25.000000, 24.998816
172.000000, 171.988220
32.000000, 32.369019
98.000000, 98.015739
54.000000, 54.003418
68.000000, 67.999130
125.000000, 124.994629
54.000000, 54.002056
60.000000, 59.990936
65.000000, 64.999161
5.000000, 4.998921
22.000000, 22.001944
45.000000, 48.796429
51.000000, 51.004368
17.000000, 17.000278
65.000000, 64.998230
80.000000, 80.009270
44.000000, 44.005806
104.000000, 103.986351
94.000000, 94.015594
81.000000, 81.016777
14.000000, 14.000286
130.000000, 130.005096
27.000000, 27.001278
67.000000, 67.010902
47.000000, 46.990208
46.000000, 46.001541
78.000000, 77.999268
34.000000, 33.990784
87.000000, 87.017128
89.000000, 89.000557
33.000000, 30.080969
40.000000, 39.998363
92.000000, 91.958855
72.000000, 72.008499
7.000000, 7.003563
32.000000, 31.997152
60.000000, 60.459377
9.000000, 9.301644
58.000000, 58.010868
99.000000, 99.011536
43.000000, 43.005596
14.000000, 13.993380
14.000000, 13.997762
42.000000, 42.002346
23.000000, 23.000259
29.000000, 29.004852
24.000000, 24.012358
116.000000, 116.018738
23.000000, 23.018690
8.000000, 7.996370
69.000000, 68.999596
93.000000, 93.005783
26.000000, 25.992094
38.000000, 37.985092
50.000000, 49.999050
29.000000, 29.016735
65.000000, 65.020294
33.000000, 33.000813
23.000000, 23.003315
24.000000, 23.996771
13.000000, 13.001938
4.000000, 4.004049
59.000000, 59.000298
57.000000, 57.005627
107.000000, 107.012390
15.000000, 14.996306
16.000000, 15.998741
17.000000, 16.998531
36.000000, 35.989990
32.000000, 31.998842
134.000000, 133.997208
85.000000, 85.011459
38.000000, 38.001247
38.000000, 37.999660
11.000000, 10.998064
28.000000, 27.996513
133.000000, 132.993301
10.000000, 9.984100
36.000000, 35.999752
47.000000, 46.998436
37.000000, 37.006405
34.000000, 33.997974
104.000000, 104.003830
107.000000, 107.005051
24.000000, 23.996693
83.000000, 82.949356
82.000000, 81.994949
41.000000, 40.997269
54.000000, 54.008644
61.000000, 60.992634
46.000000, 46.004009
13.000000, 13.002155
8.000000, 8.000199
86.000000, 85.997406
18.000000, 17.997725
231.000000, 249.028458
101.000000, 101.024536
36.000000, 35.998363
67.000000, 66.994423
13.000000, 13.240901
20.000000, 19.989864
34.000000, 33.996586
78.000000, 78.002701
68.000000, 68.001450
10.000000, 9.999249
82.000000, 82.011475
71.000000, 71.004219
26.000000, 26.014244
18.000000, 17.998487
50.000000, 44.271862
16.000000, 16.007399
166.000000, 165.995529
26.000000, 25.999985
108.000000, 107.990219
82.000000, 81.972809
3.000000, 2.998423
90.000000, 89.999893
59.000000, 59.001507
31.000000, 31.008739
20.000000, 19.995247
28.000000, 28.026232
83.000000, 83.190056
232.000000, 232.576355
39.000000, 39.016277
30.000000, 30.008385
20.000000, 20.000978
50.000000, 50.000393
20.000000, 19.986660
21.000000, 20.997969
37.000000, 37.004604
94.000000, 94.006378
27.000000, 27.011166
50.000000, 50.004185
47.000000, 47.005013
58.000000, 57.994419
76.000000, 83.871223
35.000000, 35.016689
16.000000, 15.993520
61.000000, 61.001644
42.000000, 42.008984
46.000000, 45.995930
19.000000, 19.009205
59.000000, 59.010860
54.000000, 53.999695
30.000000, 29.997660
97.000000, 97.007118
118.000000, 117.960907
74.000000, 73.997131
91.000000, 91.005508
212.000000, 211.982742
106.000000, 105.998978
47.000000, 47.009182
31.000000, 30.998608
65.000000, 64.997375
49.000000, 49.007774
75.000000, 74.999557
63.000000, 62.999786
28.000000, 27.994255
34.000000, 33.999798
10.000000, 10.009748
20.000000, 19.999767
65.000000, 64.999680
40.000000, 39.998188
28.000000, 28.003006
31.000000, 30.981827
188.000000, 188.048523
124.000000, 124.006973
80.000000, 79.999817
15.000000, 15.001447
55.000000, 55.010258
130.000000, 130.022614
59.000000, 59.000095
79.000000, 79.000656
77.000000, 76.999374
67.000000, 66.992401
35.000000, 35.000282
25.000000, 25.000568
8.000000, 8.298820
19.000000, 18.999439
61.000000, 60.993900
34.000000, 33.992771
20.000000, 19.999340
12.000000, 12.000875
36.000000, 36.003281
18.000000, 17.998405
64.000000, 64.001152
36.000000, 35.868649
21.000000, 20.999352
166.000000, 166.002472
70.000000, 70.016762
12.000000, 11.973894
105.000000, 105.009018
7.000000, 6.994206
23.000000, 22.999660
111.000000, 111.013588
26.000000, 26.000082
13.000000, 12.987576
11.000000, 11.003788
48.000000, 47.989620
68.000000, 67.992188
17.000000, 16.996956
76.000000, 75.983032
86.000000, 85.973099
72.000000, 72.011894
35.000000, 35.007378
23.000000, 22.437950
53.000000, 53.002270
99.000000, 99.068619
112.000000, 112.006836
100.000000, 100.015381
35.000000, 34.982685
21.000000, 20.999359
16.000000, 15.998742
129.000000, 129.002350
13.000000, 13.000438
37.000000, 36.786030
18.000000, 18.000210
34.000000, 34.009869
45.000000, 45.013042
34.000000, 33.510914
21.000000, 21.446611
11.000000, 10.622926
79.000000, 79.002724
26.000000, 26.003942
8.000000, 8.003182
91.000000, 90.995483
123.000000, 123.001266
12.000000, 11.994901
175.000000, 174.993408
96.000000, 95.999321
34.000000, 33.994629
21.000000, 21.011801
50.000000, 50.000599
51.000000, 50.979961
86.000000, 86.015564
20.000000, 19.995766
18.000000, 18.001612
125.000000, 125.006516
19.000000, 18.990692
41.000000, 40.996658
5.000000, 4.989909
24.000000, 24.009132
54.000000, 54.009281
100.000000, 99.953857
33.000000, 32.994633
75.000000, 74.998291
13.000000, 12.999453
82.000000, 82.005798
136.000000, 135.995102
13.000000, 13.001940
61.000000, 61.009777
15.000000, 14.988973
15.000000, 14.998410
23.000000, 22.999332
31.000000, 31.013702
77.000000, 77.022110
70.000000, 70.005943
46.000000, 45.992584
97.000000, 97.008438
34.000000, 33.999592
83.000000, 82.998520
35.000000, 35.018711
120.000000, 120.006660
31.000000, 30.995653
119.000000, 118.994560
27.000000, 26.992950
38.000000, 38.001736
112.000000, 112.002747
96.000000, 89.465591
37.000000, 37.003803
28.000000, 27.981356
37.000000, 37.007641
9.000000, 9.006392
27.000000, 26.964767
8.000000, 7.997559
43.000000, 43.005741
137.000000, 136.996399
38.000000, 38.001614
85.000000, 85.007629
24.000000, 24.002871
47.000000, 46.968498
211.000000, 210.975357
57.000000, 57.003498
35.000000, 34.995968
46.000000, 46.003239
54.000000, 54.005108
22.000000, 21.991373
40.000000, 39.984772
40.000000, 40.006561
65.000000, 64.967133
24.000000, 23.997402
53.000000, 53.004108
11.000000, 11.002742
87.000000, 86.998962
27.000000, 27.001516
41.000000, 41.010067
57.000000, 56.996494
55.000000, 55.002968
13.000000, 12.999551
76.000000, 76.005814
157.000000, 157.005081
61.000000, 60.998459
24.000000, 24.000082
72.000000, 72.006210
24.000000, 24.004990
17.000000, 17.008934
23.000000, 22.998875
91.000000, 90.995422
74.000000, 73.999794
11.000000, 10.989856
27.000000, 27.003199
29.000000, 29.013695
22.000000, 22.000011
28.000000, 27.997559
138.000000, 138.007523
30.000000, 29.998625
14.000000, 14.000925
63.000000, 63.000713
49.000000, 48.992229
39.000000, 39.003544
32.000000, 31.998653
21.000000, 20.999010
50.000000, 50.000481
39.000000, 38.983467
32.000000, 32.004715
31.000000, 30.999638
71.000000, 71.039314
30.000000, 30.003727
64.000000, 63.996861
5.000000, 4.980288
30.000000, 30.003405
47.000000, 47.004002
32.000000, 32.003746
21.000000, 20.992466
28.000000, 28.000685
18.000000, 18.001453
25.000000, 24.979277
41.000000, 41.017460
48.000000, 47.990788
15.000000, 14.989621
74.000000, 74.167542
54.000000, 53.994892
14.000000, 13.980523
69.000000, 68.963348
28.000000, 27.994894
60.000000, 60.002106
49.000000, 49.001049
40.000000, 39.999359
13.000000, 13.007024
76.000000, 75.996101
48.000000, 48.006332
43.000000, 43.000393
23.000000, 23.005816
104.000000, 104.019089
21.000000, 20.996172
56.000000, 55.996025
27.000000, 27.002117
12.000000, 12.012259
57.000000, 57.004055
47.000000, 47.010166
59.000000, 58.995956
47.000000, 46.999866
35.000000, 35.000652
40.000000, 39.993729
37.000000, 36.996967
72.000000, 72.002197
33.000000, 32.997646
28.000000, 27.993210
106.000000, 106.005898
52.000000, 51.996922
83.000000, 82.996323
23.000000, 23.000809
16.000000, 16.006176
14.000000, 13.998119
9.000000, 9.000546
104.000000, 104.046753
40.000000, 40.002251
60.000000, 59.994175
52.000000, 52.003605
58.000000, 58.012905
53.000000, 53.001896
15.000000, 15.004998
74.000000, 74.000427
51.000000, 51.000038
19.000000, 19.001421
58.000000, 57.988228
122.000000, 122.005188
66.000000, 65.993835
43.000000, 42.999611
14.000000, 25.442085
16.000000, 15.998980
7.000000, 7.001615
61.000000, 60.999828
43.000000, 43.001411
36.000000, 35.996021
36.000000, 36.000256
114.000000, 113.983109
56.000000, 55.991726
80.000000, 80.003052
43.000000, 42.999653
93.000000, 93.002235
111.000000, 111.006744
60.000000, 59.997868
54.000000, 54.000404
3.000000, 3.010288
40.000000, 39.986008
30.000000, 30.001894
71.000000, 70.995255
28.000000, 27.995070
16.000000, 15.998866
70.000000, 69.979141
34.000000, 33.994061
17.000000, 16.969673
80.000000, 79.995026
37.000000, 36.999287
71.000000, 70.984665
17.000000, 17.002266
28.000000, 27.077515
45.000000, 44.999508
76.000000, 75.981270
22.000000, 22.001232
11.000000, 10.999621
40.000000, 40.013817
72.000000, 72.004822
119.000000, 118.999382
67.000000, 66.998238
35.000000, 35.003010
37.000000, 36.994617
47.000000, 47.003338
36.000000, 35.994053
80.000000, 80.012825
29.000000, 28.995138
60.000000, 60.004532
19.000000, 19.029747
50.000000, 49.992046
76.000000, 75.977768
4.000000, 4.002420
14.000000, 14.006815
2.000000, 1.999308
58.000000, 57.992085
25.000000, 25.036955
115.000000, 115.011475
62.000000, 62.010632
61.000000, 61.003635
8.000000, 8.000873
36.000000, 36.009903
20.000000, 19.988220
61.000000, 60.997196
30.000000, 30.003601
33.000000, 32.990852
71.000000, 71.005768
12.000000, 11.998260
20.000000, 19.997959
105.000000, 104.994469
49.000000, 49.001881
27.000000, 26.999668
45.000000, 45.001457
32.000000, 31.998482
11.000000, 10.998874
30.000000, 29.754023
24.000000, 24.006630
20.000000, 19.995235
29.000000, 29.007191
98.000000, 97.918121
31.000000, 31.391201
91.000000, 90.999191
34.000000, 33.988693
32.000000, 31.994267
41.000000, 40.998943
6.000000, 6.001132
52.000000, 51.998608
27.000000, 26.991226
113.000000, 113.007767
158.000000, 158.003967
90.000000, 89.994766
12.000000, 12.000653
22.000000, 21.995907
29.000000, 28.999825
62.000000, 62.006214
38.000000, 38.004162
63.000000, 62.998028
47.000000, 47.000141
57.000000, 56.997631
76.000000, 76.000671
53.000000, 53.003593
15.000000, 15.000093
36.000000, 35.996098
1.000000, 0.993077
27.000000, 27.016331
55.000000, 55.007000
49.000000, 49.000553
10.000000, 10.000921
60.000000, 59.987118
23.000000, 22.991978
26.000000, 25.983143
11.000000, 11.001325
8.000000, 7.999485
15.000000, 15.000272
58.000000, 57.996815
40.000000, 39.996948
49.000000, 49.004551
63.000000, 63.006611
62.000000, 62.013802
82.000000, 81.997635
43.000000, 42.995003
108.000000, 108.004242
11.000000, 11.002128
24.000000, 23.967716
87.000000, 86.960266
40.000000, 40.001434
63.000000, 63.002235
19.000000, 19.003025
24.000000, 23.992376
40.000000, 40.002399
20.000000, 19.997047
18.000000, 18.001791
98.000000, 97.987503
20.000000, 20.005215
26.000000, 25.994768
30.000000, 29.996410
111.000000, 110.991318
95.000000, 95.011047
22.000000, 21.996281
89.000000, 88.991684
14.000000, 13.994348
58.000000, 58.005566
80.000000, 79.998123
25.000000, 25.002272
12.000000, 11.978362
39.000000, 39.005909
11.000000, 11.006892
89.000000, 89.038437
2.000000, 1.999555
85.000000, 85.043610
123.000000, 123.000656
22.000000, 21.994350
29.000000, 28.997559
15.000000, 15.000421
12.000000, 12.000262
63.000000, 62.999516
25.000000, 24.999178
37.000000, 36.999874
117.000000, 116.973785
17.000000, 16.999994
23.000000, 22.996708
60.000000, 60.002178
37.000000, 37.000607
15.000000, 14.621373
25.000000, 24.994175
71.000000, 71.029633
56.000000, 56.003368
57.000000, 57.000740
23.000000, 22.992283
85.000000, 84.995575
105.000000, 104.995796
5.000000, 13.731687
18.000000, 17.944275
16.000000, 40.520313
18.000000, 17.994442
63.000000, 62.999535
110.000000, 109.999016
20.000000, 19.998529
175.000000, 174.992035
31.000000, 30.997803
18.000000, 17.995922
96.000000, 96.017433
88.000000, 87.982758
27.000000, 27.002886
41.000000, 40.995815
29.000000, 29.002792
96.000000, 96.121552
20.000000, 20.003731
24.000000, 23.999567
36.000000, 35.999443
19.000000, 19.005646
71.000000, 70.999489
38.000000, 37.999348
98.000000, 98.001068
124.000000, 124.812408
41.000000, 41.004551
17.000000, 17.007847
16.000000, 16.008343
4.000000, 4.005095
20.000000, 20.098427
33.000000, 32.991421
62.000000, 62.003323
9.000000, 8.985883
75.000000, 74.995911
47.000000, 47.005970
6.000000, 5.994267
13.000000, 12.999556
183.000000, 182.974625
24.000000, 24.000023
49.000000, 48.985252
29.000000, 28.997059
64.000000, 63.998188
20.000000, 19.984970
15.000000, 15.002202
58.000000, 58.009411
9.000000, 9.007976
38.000000, 37.994961
20.000000, 20.008314
22.000000, 21.995907
17.000000, 16.996607
20.000000, 20.003525
87.000000, 86.993713
75.000000, 74.993744
67.000000, 67.008324
22.000000, 21.998934
124.000000, 124.000900
107.000000, 106.984840
84.000000, 83.994072
48.000000, 47.997448
1.000000, 1.002423
76.000000, 76.005753
8.000000, 8.564031
43.000000, 43.019070
123.000000, 122.995956
92.000000, 91.953461
49.000000, 49.010334
40.000000, 40.000813
19.000000, 18.998909
4.000000, 3.998593
21.000000, 21.016399
28.000000, 27.997311
49.000000, 49.001675
23.000000, 23.005566
41.000000, 41.002090
64.000000, 64.001183
5.000000, 5.004348
24.000000, 23.993237
7.000000, 7.001803
66.000000, 66.031578
36.000000, 36.001102
47.000000, 46.987225
4.000000, 4.013109
49.000000, 49.003124
77.000000, 77.002968
37.000000, 36.999756
53.000000, 52.996357
3.000000, 3.000371
46.000000, 46.000767
51.000000, 51.007008
35.000000, 35.015823
18.000000, 18.006592
81.000000, 80.998795
116.000000, 116.009888
68.000000, 68.002136
19.000000, 19.000788
70.000000, 69.989883
32.000000, 31.985468
51.000000, 51.005428
43.000000, 42.995937
103.000000, 103.014328
2.000000, 1.999647
22.000000, 21.984108
42.000000, 42.001049
7.000000, 7.005163
54.000000, 54.000317
18.000000, 18.000170
33.000000, 33.000870
196.000000, 195.989944
9.000000, 8.994447
15.000000, 15.000651
72.000000, 71.634354
16.000000, 16.002802
43.000000, 43.009312
147.000000, 146.999802
76.000000, 76.051254
58.000000, 58.004711
118.000000, 117.959427
69.000000, 68.999702
78.000000, 77.379242
43.000000, 42.995945
18.000000, 18.000416
45.000000, 44.995518
34.000000, 34.001141
92.000000, 91.998245
2.000000, 2.007365
100.000000, 99.977638
25.000000, 24.995146
16.000000, 16.009216
51.000000, 50.998600
72.000000, 71.993958
8.000000, 7.999461
18.000000, 18.009766
12.000000, 11.995957
18.000000, 18.001682
17.000000, 16.997169
10.000000, 10.001180
30.000000, 30.000294
46.000000, 46.003708
14.000000, 14.000772
41.000000, 41.002903
76.000000, 77.390305
35.000000, 34.987141
23.000000, 22.992630
35.000000, 34.999912
43.000000, 42.999310
38.000000, 38.257996
43.000000, 42.731850
37.000000, 36.999088
27.000000, 27.001968
95.000000, 94.995750
35.000000, 34.998093
32.000000, 31.985695
68.000000, 67.986343
21.000000, 21.005295
7.000000, 6.997323
27.000000, 26.999842
34.000000, 33.999107
80.000000, 79.991150
46.000000, 46.007694
28.000000, 27.997715
46.000000, 45.994686
10.000000, 9.997022
102.000000, 101.998604
58.000000, 57.999805
72.000000, 72.005753
37.000000, 37.006889
14.000000, 14.035206
39.000000, 38.965900
42.000000, 41.999283
29.000000, 29.001541
38.000000, 38.003670
17.000000, 16.999344
27.000000, 27.002289
11.000000, 10.971948
18.000000, 17.999870
36.000000, 36.002911
21.000000, 21.000555
20.000000, 19.984100
7.000000, 7.000215
37.000000, 36.999794
39.000000, 39.013645
10.000000, 10.003497
112.000000, 112.044220
29.000000, 29.002373
78.000000, 77.986694
18.000000, 17.999805
22.000000, 22.000124
5.000000, 5.254075
40.000000, 40.003460
12.000000, 11.977592
82.000000, 82.004333
38.000000, 38.003330
28.000000, 27.992241
73.000000, 73.009796
59.000000, 58.998249
62.000000, 61.994209
10.000000, 10.002051
51.000000, 50.965805
107.000000, 106.988197
68.000000, 68.001938
99.000000, 99.005150
71.000000, 70.997910
28.000000, 27.981911
63.000000, 63.003677
8.000000, 7.340727
18.000000, 18.005249
47.000000, 47.000111
17.000000, 16.999727
26.000000, 25.985542
70.000000, 70.001465
16.000000, 15.984982
107.000000, 107.015823
55.000000, 55.006931
53.000000, 53.007244
20.000000, 19.993338
26.000000, 25.989775
3.000000, 2.997573
61.000000, 61.005825
6.000000, 6.000435
49.000000, 48.994446
8.000000, 7.992553
21.000000, 21.001383
32.000000, 31.999340
8.000000, 8.026129
26.000000, 25.991966
37.000000, 37.008312
71.000000, 71.012863
10.000000, 9.993689
4.000000, 3.998848
17.000000, 16.988346
49.000000, 49.010395
99.000000, 99.020485
63.000000, 62.969639
41.000000, 40.985004
32.000000, 32.002590
54.000000, 54.000004
89.000000, 88.999069
70.000000, 70.003662
15.000000, 15.007453
22.000000, 21.999443
11.000000, 10.998992
28.000000, 27.999802
67.000000, 66.964966
58.000000, 57.992649
6.000000, 5.992902
69.000000, 68.963318
144.000000, 144.004486
35.000000, 34.993179
57.000000, 56.980385
18.000000, 17.992947
19.000000, 18.998594
40.000000, 39.998684
11.000000, 11.006095
27.000000, 27.000229
42.000000, 42.000568
14.000000, 13.997195
34.000000, 33.997276
100.000000, 100.014977
134.000000, 134.000336
71.000000, 71.008980
30.000000, 30.001091
12.000000, 11.996377
33.000000, 32.995895
12.000000, 11.994031
54.000000, 53.983578
25.000000, 25.003395
98.000000, 98.003944
69.000000, 68.995903
66.000000, 66.012856
72.000000, 72.019379
70.000000, 69.995720
27.000000, 27.000618
81.000000, 81.300674
42.000000, 42.000011
86.000000, 86.011902
24.000000, 23.995905
54.000000, 54.017536
50.000000, 49.999607
13.000000, 12.996361
18.000000, 17.985252
12.000000, 11.997818
14.000000, 13.995120
21.000000, 21.009315
6.000000, 6.005485
49.000000, 49.011654
24.000000, 24.007946
59.000000, 58.985088
6.000000, 6.005110
14.000000, 14.007556
104.000000, 104.018173
30.000000, 29.997458
49.000000, 49.005871
23.000000, 22.999491
29.000000, 29.004803
53.000000, 53.017723
2.000000, 1.999620
14.000000, 13.991168
52.000000, 52.006939
22.000000, 21.999559
54.000000, 53.991749
17.000000, 17.001869
17.000000, 16.996002
8.000000, 8.010228
19.000000, 19.002762
57.000000, 56.999710
62.000000, 62.007942
44.000000, 43.998379
90.000000, 89.991806
93.000000, 91.989403
66.000000, 65.997055
72.000000, 72.011627
20.000000, 20.011021
26.000000, 26.002693
105.000000, 104.994957
149.000000, 149.058777
29.000000, 29.000879
7.000000, 7.001143
36.000000, 35.997498
35.000000, 34.999348
94.000000, 93.998688
59.000000, 59.004219
162.000000, 161.992554
93.000000, 93.000587
39.000000, 38.986118
14.000000, 13.987042
48.000000, 48.003139
50.000000, 49.993679
37.000000, 36.999691
41.000000, 41.004684
104.000000, 104.008957
27.000000, 26.997665
4.000000, 3.995090
47.000000, 46.999058
113.000000, 112.992188
13.000000, 12.998706
14.000000, 13.999211
80.000000, 80.002472
84.000000, 84.001312
16.000000, 15.984289
50.000000, 49.994652
91.000000, 91.020966
72.000000, 71.995689
23.000000, 23.331718
71.000000, 71.001640
31.000000, 30.989393
122.000000, 121.992691
60.000000, 60.006107
68.000000, 67.996498
26.000000, 25.999514
121.000000, 120.996376
127.000000, 127.011574
70.000000, 69.989304
33.000000, 32.999844
45.000000, 44.985851
19.000000, 19.002417
21.000000, 21.000036
43.000000, 43.645817
36.000000, 35.986591
45.000000, 44.999569
8.000000, 8.000218
76.000000, 76.003601
243.000000, 242.935379
68.000000, 68.025833
31.000000, 30.997868
32.000000, 32.002926
28.000000, 28.000671
84.000000, 84.008598
31.000000, 31.009209
116.000000, 115.993660
88.000000, 88.002014
5.000000, 5.005366
77.000000, 77.014877
65.000000, 64.991364
59.000000, 59.003826
27.000000, 26.998552
27.000000, 27.002995
13.000000, 12.999983
82.000000, 82.001480
40.000000, 40.009106
66.000000, 65.998695
77.000000, 76.968597
169.000000, 168.997772
49.000000, 49.001587
9.000000, 9.004239
117.000000, 116.991447
49.000000, 48.996883
26.000000, 25.993921
38.000000, 37.991901
71.000000, 70.970444
15.000000, 14.998828
83.000000, 83.002335
7.000000, 7.005212
27.000000, 27.103771
85.000000, 85.002266
9.000000, 8.964070
45.000000, 45.001534
2.000000, 2.000722
19.000000, 19.009384
7.000000, 7.003115
85.000000, 85.008713
13.000000, 13.003029
96.000000, 96.007156
80.000000, 79.994110
24.000000, 23.986538
26.000000, 26.016727
28.000000, 27.998302
15.000000, 15.000474
37.000000, 37.026424
32.000000, 32.001297
94.000000, 94.005035
38.000000, 37.996372
91.000000, 90.998306
86.000000, 85.989777
34.000000, 34.003429
75.000000, 75.000580
54.000000, 53.998009
74.000000, 73.992836
20.000000, 19.987701
96.000000, 95.980438
40.000000, 40.012730
66.000000, 65.996933
99.000000, 98.980583
83.000000, 82.996170
62.000000, 62.002884
125.000000, 125.042007
71.000000, 70.994278
16.000000, 16.006676
59.000000, 58.987179
23.000000, 23.026436
80.000000, 79.994606
65.000000, 64.995308
20.000000, 20.005575
103.000000, 102.963371
98.000000, 98.013718
62.000000, 62.002369
147.000000, 146.998260
81.000000, 80.995705
23.000000, 22.995222
13.000000, 13.001323
54.000000, 54.000637
19.000000, 18.999626
19.000000, 18.999918
27.000000, 27.000660
46.000000, 45.996559
9.000000, 24.064653
80.000000, 80.000519
31.000000, 31.003571
38.000000, 37.988819
103.000000, 103.004204
112.000000, 112.016273
29.000000, 28.998833
14.000000, 13.885261
22.000000, 22.005674
35.000000, 34.990582
20.000000, 20.002001
10.000000, 9.997820
14.000000, 14.003860
23.000000, 22.995853
37.000000, 37.003338
57.000000, 57.002567
16.000000, 16.001923
86.000000, 85.987434
10.000000, 9.995580
24.000000, 24.030155
22.000000, 21.999802
30.000000, 30.007729
25.000000, 25.008644
86.000000, 86.036148
12.000000, 11.999339
74.000000, 73.995468
102.000000, 101.993561
38.000000, 37.998837
1.000000, 1.002757
112.000000, 112.006531
58.000000, 57.997395
16.000000, 16.002462
27.000000, 26.992765
106.000000, 106.006073
21.000000, 20.996456
120.000000, 120.011017
86.000000, 85.909706
31.000000, 31.002371
35.000000, 34.998405
43.000000, 42.999004
9.000000, 9.000965
31.000000, 31.000572
125.000000, 124.998993
170.000000, 170.015137
59.000000, 58.988628
27.000000, 27.001274
67.000000, 67.012169
111.000000, 110.998116
32.000000, 31.899593
23.000000, 22.998516
107.000000, 107.017593
32.000000, 31.990524
32.000000, 32.000637
72.000000, 72.000748
109.000000, 109.004883
59.000000, 58.993359
63.000000, 63.001125
7.000000, 6.988759
90.000000, 89.980988
24.000000, 24.006889
54.000000, 53.995354
20.000000, 19.993408
32.000000, 31.992104
99.000000, 98.994476
9.000000, 9.005304
39.000000, 39.003269
75.000000, 74.777176
66.000000, 66.021912
23.000000, 23.010801
71.000000, 71.001312
99.000000, 99.000793
27.000000, 27.009693
123.000000, 122.994904
36.000000, 35.987495
17.000000, 17.000874
9.000000, 8.995843
147.000000, 146.980469
27.000000, 26.991001
115.000000, 114.995178
51.000000, 50.993923
120.000000, 120.000916
6.000000, 5.998668
117.000000, 117.004974
18.000000, 17.998823
6.000000, 5.999542
14.000000, 13.999671
70.000000, 70.004959
11.000000, 11.000422
22.000000, 21.992897
16.000000, 16.000389
240.000000, 240.006531
33.000000, 33.000404
63.000000, 63.005219
42.000000, 42.010235
19.000000, 18.997559
4.000000, 4.000937
41.000000, 40.997631
26.000000, 25.999882
29.000000, 29.002249
42.000000, 42.001366
22.000000, 21.986813
19.000000, 19.005178
28.000000, 27.998356
31.000000, 31.000092
82.000000, 82.007484
56.000000, 56.010963
18.000000, 18.546257
115.000000, 115.003571
64.000000, 64.000771
81.000000, 80.993759
14.000000, 14.001970
25.000000, 25.005646
53.000000, 53.006283
99.000000, 99.007858
96.000000, 96.017014
14.000000, 14.002444
12.000000, 12.003634
147.000000, 147.010620
39.000000, 39.025230
58.000000, 58.005821
9.000000, 9.004105
20.000000, 19.997425
109.000000, 108.995392
45.000000, 47.270905
51.000000, 51.002739
45.000000, 44.974510
54.000000, 53.992119
35.000000, 35.007969
12.000000, 11.998930
21.000000, 21.005142
92.000000, 91.997231
120.000000, 120.026840
66.000000, 65.998398
13.000000, 13.002536
61.000000, 60.996635
15.000000, 14.997847
21.000000, 21.006920
91.000000, 91.007530
9.000000, 9.000318
74.000000, 74.002747
34.000000, 33.999622
15.000000, 15.009454
20.000000, 12.631886
20.000000, 19.997646
20.000000, 19.994810
124.000000, 124.016670
3.000000, 3.002343
17.000000, 16.999102
84.000000, 84.015976
8.000000, 8.004961
109.000000, 109.008453
31.000000, 30.995975
47.000000, 47.003719
84.000000, 83.990990
10.000000, 10.000607
52.000000, 51.999199
9.000000, 9.008050
40.000000, 39.999592
49.000000, 49.005318
31.000000, 31.000593
55.000000, 55.005970
18.000000, 18.005596
112.000000, 112.001595
72.000000, 71.996643
15.000000, 14.993851
25.000000, 24.997595
136.000000, 135.997467
30.000000, 30.007851
35.000000, 35.010479
35.000000, 34.999939
22.000000, 21.998661
45.000000, 44.971973
19.000000, 19.012665
39.000000, 38.855164
60.000000, 59.995647
58.000000, 57.998898
67.000000, 66.997528
58.000000, 58.011200
42.000000, 16.295063
80.000000, 79.998367
75.000000, 74.873817
48.000000, 47.997185
126.000000, 125.999916
33.000000, 33.003353
35.000000, 34.998116
27.000000, 26.999895
125.000000, 125.003998
23.000000, 23.001165
21.000000, 20.996494
27.000000, 26.998318
214.000000, 214.009155
57.000000, 56.995228
32.000000, 31.999166
45.000000, 45.003056
17.000000, 16.999086
94.000000, 94.008507
29.000000, 28.998882
12.000000, 12.006943
53.000000, 53.015503
25.000000, 24.996307
33.000000, 32.988239
63.000000, 62.989109
40.000000, 40.000038
22.000000, 21.997021
90.000000, 90.000587
42.000000, 41.997936
74.000000, 74.003113
27.000000, 27.000828
42.000000, 42.260426
123.000000, 122.996307
100.000000, 99.961700
8.000000, 8.017472
86.000000, 86.005501
26.000000, 25.993971
14.000000, 14.017879
60.000000, 60.001034
31.000000, 31.002068
66.000000, 65.999908
20.000000, 20.014502
8.000000, 8.000634
79.000000, 78.999664
49.000000, 48.992725
82.000000, 81.551407
58.000000, 57.997459
31.000000, 31.002247
14.000000, 14.000767
39.000000, 38.999786
46.000000, 46.003593
58.000000, 58.002563
65.000000, 65.005913
14.000000, 13.602431
26.000000, 26.004583
57.000000, 57.014362
105.000000, 104.994247
76.000000, 75.994896
45.000000, 44.999615
18.000000, 17.997459
100.000000, 100.003311
38.000000, 37.996670
25.000000, 24.994200
99.000000, 98.999496
67.000000, 66.995705
6.000000, 6.019388
11.000000, 11.000304
16.000000, 15.995453
45.000000, 45.000446
12.000000, 11.997556
17.000000, 16.999607
33.000000, 32.996464
48.000000, 47.991722
70.000000, 70.003616
121.000000, 120.985138
96.000000, 96.005508
34.000000, 33.997746
23.000000, 23.000338
18.000000, 17.995188
22.000000, 22.006958
97.000000, 97.000565
48.000000, 48.000278
13.000000, 13.000344
93.000000, 93.003288
23.000000, 23.024448
119.000000, 119.010948
15.000000, 15.002961
69.000000, 68.999588
99.000000, 99.015732
89.000000, 89.005470
28.000000, 28.000151
97.000000, 96.993744
29.000000, 28.981537
34.000000, 33.996792
37.000000, 37.004902
11.000000, 10.999043
39.000000, 38.989780
63.000000, 62.999203
34.000000, 34.002949
188.000000, 188.001541
78.000000, 78.001488
77.000000, 76.962692
31.000000, 20.978642
9.000000, 9.006619
30.000000, 29.998615
52.000000, 52.002506
72.000000, 72.001030
61.000000, 61.000462
15.000000, 14.999923
37.000000, 36.997337
72.000000, 72.007149
60.000000, 59.978916
26.000000, 25.996002
9.000000, 8.993455
31.000000, 30.992176
21.000000, 20.994101
19.000000, 19.010315
32.000000, 32.026669
67.000000, 66.996017
19.000000, 19.002512
147.000000, 146.993896
180.000000, 180.075714
42.000000, 42.015705
16.000000, 16.000109
125.000000, 124.993729
87.000000, 87.011429
47.000000, 46.983494
19.000000, 18.999241
12.000000, 12.006569
18.000000, 18.011559
41.000000, 41.045132
79.000000, 79.000008
49.000000, 49.000946
84.000000, 83.989471
30.000000, 30.000259
81.000000, 81.000839
40.000000, 40.000381
128.000000, 128.000198
18.000000, 17.986092
68.000000, 68.003494
24.000000, 23.997349
18.000000, 17.996181
37.000000, 37.003246
22.000000, 21.999805
16.000000, 15.995936
31.000000, 31.001480
15.000000, 14.996408
33.000000, 33.007683
99.000000, 99.001587
70.000000, 70.005585
19.000000, 18.994373
104.000000, 103.995262
10.000000, 10.011134
32.000000, 31.984037
84.000000, 84.000092
3.000000, 3.000948
15.000000, 14.996207
17.000000, 16.994766
119.000000, 118.961029
8.000000, 8.008350
32.000000, 32.011494
143.000000, 142.989899
23.000000, 23.000092
29.000000, 28.997776
86.000000, 86.013367
91.000000, 90.994316
22.000000, 21.997620
42.000000, 42.001438
39.000000, 38.990005
36.000000, 36.023430
76.000000, 75.984550
46.000000, 46.002838
31.000000, 31.004570
20.000000, 19.980131
32.000000, 31.999741
36.000000, 35.997288
20.000000, 19.999283
57.000000, 57.006001
46.000000, 45.999783
24.000000, 23.998640
38.000000, 37.995808
32.000000, 31.982758
33.000000, 32.982388
28.000000, 27.994370
59.000000, 59.005459
24.000000, 23.992653
5.000000, 4.978520
18.000000, 18.001585
43.000000, 43.004681
138.000000, 137.984100
34.000000, 33.999733
37.000000, 36.994061
5.000000, 4.997667
34.000000, 33.999313
45.000000, 44.994083
51.000000, 50.998241
74.000000, 74.011314
31.000000, 31.007523
20.000000, 20.007706
5.000000, 5.001149
72.000000, 72.015793
13.000000, 13.002790
44.000000, 43.978901
78.000000, 77.997025
11.000000, 11.002906
14.000000, 13.431163
17.000000, 16.988422
27.000000, 26.999565
54.000000, 53.998783
45.000000, 44.998989
65.000000, 65.000870
60.000000, 59.992161
87.000000, 87.022606
42.000000, 41.891949
42.000000, 41.997761
42.000000, 41.988972
55.000000, 55.008961
24.000000, 23.986965
88.000000, 88.008598
27.000000, 26.997076
23.000000, 23.003426
112.000000, 111.993011
21.000000, 21.003075
60.000000, 59.995079
9.000000, 8.994005
54.000000, 54.000206
4.000000, 4.001264
59.000000, 59.026333
45.000000, 45.020977
17.000000, 16.995594
17.000000, 16.993349
7.000000, 7.003571
128.000000, 127.999084
138.000000, 137.990448
13.000000, 13.004920
51.000000, 64.880554
69.000000, 68.998619
38.000000, 38.002430
61.000000, 61.000973
104.000000, 104.005089
14.000000, 13.981378
59.000000, 58.999622
81.000000, 80.969772
72.000000, 71.997246
8.000000, 7.998213
27.000000, 26.989845
49.000000, 49.003349
12.000000, 12.001118
46.000000, 45.995083
26.000000, 25.998405
86.000000, 85.997879
15.000000, 15.004629
42.000000, 42.015236
38.000000, 38.002697
8.000000, 8.021333
22.000000, 21.997307
36.000000, 36.004421
16.000000, 16.003370
57.000000, 56.993259
90.000000, 89.985733
76.000000, 75.999855
26.000000, 26.008709
34.000000, 34.003704
70.000000, 69.998001
83.000000, 83.024353
24.000000, 23.405849
42.000000, 41.999165
30.000000, 30.004108
99.000000, 99.000809
79.000000, 79.006584
54.000000, 54.002140
6.000000, 6.003792
44.000000, 44.006401
113.000000, 112.998711
68.000000, 68.637085
42.000000, 41.312149
46.000000, 46.003048
12.000000, 11.999883
87.000000, 87.004791
51.000000, 50.522038
4.000000, 4.003900
9.000000, 8.995452
31.000000, 31.004696
12.000000, 12.001338
60.000000, 59.966190
38.000000, 37.990093
71.000000, 70.993958
100.000000, 100.001701
85.000000, 84.982666
23.000000, 22.996378
64.000000, 64.000465
12.000000, 12.011294
79.000000, 79.005394
67.000000, 66.998077
80.000000, 80.012596
70.000000, 69.987457
10.000000, 9.999433
141.000000, 140.998520
24.000000, 23.997461
28.000000, 27.992207
92.000000, 91.994583
49.000000, 48.996609
54.000000, 54.003437
8.000000, 7.981400
48.000000, 47.998333
22.000000, 22.079559
96.000000, 95.995712
29.000000, 29.020538
48.000000, 47.994717
82.000000, 82.002502
74.000000, 74.005615
18.000000, 17.989765
5.000000, 5.001084
85.000000, 84.991646
36.000000, 36.006039
7.000000, 6.998820
38.000000, 38.003220
13.000000, 12.997199
11.000000, 11.003970
19.000000, 18.986387
86.000000, 85.998322
23.000000, 22.990185
41.000000, 40.998737
75.000000, 74.994179
65.000000, 65.001465
47.000000, 46.983479
74.000000, 73.988815
62.000000, 62.000984
91.000000, 90.997955
62.000000, 61.986546
102.000000, 102.007500
6.000000, 5.993231
69.000000, 69.000969
47.000000, 46.990719
68.000000, 67.983566
133.000000, 132.981552
62.000000, 62.018753
58.000000, 57.985241
122.000000, 122.000748
12.000000, 12.004964
34.000000, 34.007042
57.000000, 57.024933
26.000000, 26.003962
57.000000, 56.991398
62.000000, 62.002934
56.000000, 55.993687
27.000000, 27.000744
85.000000, 85.015083
20.000000, 19.987499
28.000000, 27.993790
21.000000, 20.999037
25.000000, 25.000683
8.000000, 7.999833
111.000000, 111.006775
54.000000, 54.002720
13.000000, 13.004138
33.000000, 32.998508
23.000000, 22.992954
89.000000, 88.985825
32.000000, 31.999750
84.000000, 84.001839
59.000000, 58.601612
21.000000, 20.993515
102.000000, 102.003891
56.000000, 55.997715
62.000000, 61.984127
169.000000, 168.998535
77.000000, 76.988571
97.000000, 97.001114
4.000000, 3.971151
18.000000, 15.257070
60.000000, 59.993977
81.000000, 80.989326
17.000000, 17.006361
36.000000, 35.999741
32.000000, 31.982557
30.000000, 30.013271
52.000000, 51.998554
19.000000, 18.998730
49.000000, 49.013721
13.000000, 12.997049
35.000000, 34.992966
37.000000, 37.003574
94.000000, 93.999466
41.000000, 41.003124
38.000000, 38.000198
49.000000, 49.004616
63.000000, 62.994038
7.000000, 7.002208
39.000000, 38.996754
6.000000, 6.003785
14.000000, 14.013023
61.000000, 60.999825
78.000000, 78.005829
4.000000, 4.023402
18.000000, 18.003172
8.000000, 8.000669
49.000000, 48.999973
143.000000, 143.055679
11.000000, 11.004579
72.000000, 72.002747
27.000000, 30.812693
42.000000, 41.998444
58.000000, 58.014774
45.000000, 45.000996
68.000000, 68.002502
10.000000, 10.006093
70.000000, 70.013855
55.000000, 55.000443
48.000000, 48.004967
35.000000, 34.995968
17.000000, 17.002771
120.000000, 119.997559
61.000000, 60.996525
24.000000, 24.004116
26.000000, 26.000195
137.000000, 136.927826
26.000000, 26.004404
22.000000, 22.001312
32.000000, 32.004055
100.000000, 100.000847
45.000000, 45.026855
35.000000, 35.003529
89.000000, 89.007568
24.000000, 23.998266
47.000000, 46.442818
108.000000, 107.993652
6.000000, 6.004339
40.000000, 39.996346
11.000000, 11.004639
47.000000, 46.998817
17.000000, 17.000244
151.000000, 150.999084
25.000000, 24.999218
48.000000, 48.000057
4.000000, 3.992722
65.000000, 65.003067
59.000000, 58.989140
30.000000, 29.992020
66.000000, 66.006226
23.000000, 23.430651
15.000000, 14.999403
12.000000, 11.991467
39.000000, 39.517460
6.000000, 6.008583
84.000000, 84.002060
55.000000, 55.000927
75.000000, 75.016907
7.000000, 7.005147
49.000000, 49.007877
51.000000, 50.998837
44.000000, 44.003933
48.000000, 48.002182
21.000000, 21.001032
101.000000, 100.995529
68.000000, 68.009354
58.000000, 57.989307
23.000000, 22.996979
150.000000, 149.992096
137.000000, 136.994965
122.000000, 122.046753
61.000000, 61.003010
64.000000, 63.988510
18.000000, 18.011854
57.000000, 57.000546
128.000000, 128.020264
57.000000, 56.998905
49.000000, 49.011967
19.000000, 18.997557
26.000000, 26.003181
47.000000, 46.998112
20.000000, 19.989920
44.000000, 43.992443
53.000000, 53.000744
6.000000, 5.986566
95.000000, 95.004013
49.000000, 49.000622
45.000000, 45.009068
21.000000, 20.990791
23.000000, 22.999092
18.000000, 17.998152
12.000000, 11.998524
108.000000, 108.015793
15.000000, 14.999784
27.000000, 27.009441
105.000000, 105.009933
71.000000, 70.997307
33.000000, 33.001308
19.000000, 18.998629
88.000000, 87.995949
10.000000, 10.328233
19.000000, 16.997118
60.000000, 60.003712
37.000000, 37.002270
49.000000, 49.003090
71.000000, 71.007141
30.000000, 29.999830
36.000000, 36.001698
22.000000, 21.992008
22.000000, 22.001434
155.000000, 155.040863
11.000000, 10.998024
67.000000, 67.038940
85.000000, 84.995140
8.000000, 8.003438
11.000000, 11.000910
31.000000, 31.004356
33.000000, 33.019138
77.000000, 76.994377
103.000000, 103.017380
14.000000, 13.999272
35.000000, 34.999592
28.000000, 27.994343
124.000000, 124.000473
19.000000, 18.991192
20.000000, 19.994272
12.000000, 11.992962
80.000000, 79.996803
34.000000, 34.002819
53.000000, 53.001812
15.000000, 15.002479
73.000000, 72.989388
99.000000, 98.988403
35.000000, 35.004269
14.000000, 13.988196
14.000000, 14.000881
28.000000, 28.213627
81.000000, 81.005272
109.000000, 108.997162
55.000000, 55.000587
5.000000, 5.000946
26.000000, 25.999428
46.000000, 46.000660
14.000000, 13.998116
47.000000, 47.001961
11.000000, 10.996917
176.000000, 176.003067
5.000000, 5.000394
32.000000, 32.003395
59.000000, 59.001492
65.000000, 65.004517
7.000000, 6.998185
2.000000, 1.944505
81.000000, 81.003632
22.000000, 21.993095
50.000000, 49.998020
57.000000, 57.002998
96.000000, 95.991669
13.000000, 12.998837
9.000000, 8.514556
54.000000, 53.997040
50.000000, 49.997890
19.000000, 19.000854
48.000000, 48.014099
65.000000, 65.002838
100.000000, 100.003113
19.000000, 19.010857
24.000000, 23.994331
25.000000, 25.014177
96.000000, 95.998596
28.000000, 27.999046
135.000000, 135.022522
140.000000, 139.972626
38.000000, 38.223629
39.000000, 39.025677
58.000000, 57.998592
79.000000, 79.002609
99.000000, 98.995026
41.000000, 41.004040
26.000000, 26.004820
55.000000, 55.000504
8.000000, 8.000504
79.000000, 79.012032
3.000000, 2.997769
15.000000, 14.987190
98.000000, 96.975845
46.000000, 46.003487
24.000000, 24.002193
16.000000, 15.986947
5.000000, 5.010297
24.000000, 24.012238
31.000000, 30.995773
76.000000, 76.010284
31.000000, 31.000275
30.000000, 30.003101
204.000000, 204.005478
31.000000, 31.001520
18.000000, 17.996296
67.000000, 66.995827
44.000000, 43.995323
73.000000, 73.001595
39.000000, 38.997375
92.000000, 91.976166
42.000000, 41.995773
108.000000, 107.998405
91.000000, 90.997894
38.000000, 38.003441
98.000000, 98.016197
34.000000, 34.001606
51.000000, 50.995350
9.000000, 9.011404
118.000000, 118.008286
8.000000, 8.014845
158.000000, 157.999817
19.000000, 19.000664
63.000000, 62.989964
16.000000, 15.994028
85.000000, 85.021057
75.000000, 75.005371
56.000000, 55.999538
63.000000, 62.977020
77.000000, 76.995453
101.000000, 100.996536
29.000000, 29.000835
106.000000, 105.984634
41.000000, 41.000065
7.000000, 6.968938
66.000000, 66.003365
84.000000, 84.093117
56.000000, 55.999538
54.000000, 54.007175
175.000000, 175.001373
35.000000, 34.996613
187.000000, 186.993256
161.000000, 160.996063
39.000000, 39.001602
23.000000, 23.002937
58.000000, 57.999722
4.000000, 3.993689
11.000000, 11.001008
44.000000, 44.002079
197.000000, 196.908951
72.000000, 71.992645
15.000000, 15.000285
40.000000, 40.006847
32.000000, 32.847736
60.000000, 60.001949
6.000000, 5.989484
33.000000, 32.999821
14.000000, 13.993080
27.000000, 27.005388
32.000000, 31.997313
35.000000, 35.004948
30.000000, 30.009150
18.000000, 17.994690
81.000000, 81.002342
30.000000, 30.000471
34.000000, 33.981121
53.000000, 52.996296
35.000000, 35.004848
47.000000, 47.000500
32.000000, 32.030720
35.000000, 34.996105
6.000000, 6.003325
39.000000, 39.002079
54.000000, 54.026417
23.000000, 22.998814
12.000000, 11.993890
57.000000, 56.999104
43.000000, 42.997845
32.000000, 32.001728
5.000000, 5.006569
63.000000, 63.007702
36.000000, 36.001740
29.000000, 28.993591
43.000000, 43.006176
125.000000, 124.915001
3.000000, 3.228601
22.000000, 21.997147
154.000000, 154.007324
25.000000, 24.993675
25.000000, 25.005466
37.000000, 36.999100
19.000000, 18.999363
55.000000, 54.996319
23.000000, 22.997082
100.000000, 100.007217
18.000000, 18.003624
22.000000, 22.002287
58.000000, 58.003826
16.000000, 16.000957
83.000000, 83.000191
117.000000, 116.996902
30.000000, 29.989294
59.000000, 59.007870
24.000000, 23.999771
24.000000, 23.990545
36.000000, 36.002296
27.000000, 27.000805
45.000000, 44.999531
60.000000, 60.024498
28.000000, 28.021135
91.000000, 91.013863
78.000000, 77.997307
11.000000, 10.999372
23.000000, 22.995329
140.000000, 140.002197
83.000000, 82.995956
23.000000, 22.999184
11.000000, 10.998356
36.000000, 36.009434
10.000000, 9.984927
108.000000, 108.004883
27.000000, 27.004230
51.000000, 51.005371
19.000000, 19.005663
7.000000, 7.002744
45.000000, 45.000877
68.000000, 67.908585
63.000000, 63.004894
54.000000, 53.977551
82.000000, 83.625328
51.000000, 51.008080
55.000000, 55.001194
33.000000, 32.997982
18.000000, 18.000027
186.000000, 185.967651
7.000000, 6.999088
14.000000, 14.013930
25.000000, 24.999571
33.000000, 32.923702
32.000000, 31.993595
2.000000, 1.992547
57.000000, 56.981953
39.000000, 39.006710
12.000000, 11.991745
78.000000, 77.997749
68.000000, 68.006783
51.000000, 51.007233
82.000000, 82.011078
163.000000, 155.427917
34.000000, 33.996033
138.000000, 138.001251
32.000000, 32.001644
68.000000, 67.967598
58.000000, 58.005695
68.000000, 67.996155
74.000000, 74.001297
3.000000, 3.003734
42.000000, 41.980774
24.000000, 24.003525
90.000000, 89.988686
57.000000, 56.998878
69.000000, 68.987167
23.000000, 23.008272
160.000000, 153.089005
44.000000, 44.017536
16.000000, 16.009096
112.000000, 111.994751
53.000000, 53.004597
27.000000, 27.002934
8.000000, 8.006810
11.000000, 10.778407
72.000000, 72.001671
37.000000, 36.998421
16.000000, 15.996386
28.000000, 27.997042
23.000000, 22.987322
67.000000, 66.988518
45.000000, 44.998119
72.000000, 71.998604
25.000000, 24.995495
11.000000, 11.002312
67.000000, 67.000351
30.000000, 30.034225
10.000000, 9.998794
39.000000, 38.997349
64.000000, 64.006912
34.000000, 34.025677
9.000000, 8.989832
102.000000, 102.004593
46.000000, 45.995045
13.000000, 12.999971
18.000000, 18.000622
31.000000, 31.012356
26.000000, 25.988401
43.000000, 42.997318
68.000000, 67.997368
60.000000, 60.009937
58.000000, 58.090645
20.000000, 20.000519
71.000000, 70.627319
72.000000, 72.006668
96.000000, 95.993050
182.000000, 181.985199
23.000000, 22.989616
48.000000, 48.009510
147.000000, 147.021530
23.000000, 23.007633
44.000000, 43.999580
31.000000, 30.998482
19.000000, 19.009760
206.000000, 206.002747
71.000000, 71.004204
76.000000, 76.004936
15.000000, 14.998269
61.000000, 60.998951
27.000000, 26.998966
21.000000, 21.015720
30.000000, 30.012768
76.000000, 75.999146
61.000000, 60.995586
74.000000, 73.994064
177.000000, 177.000534
16.000000, 15.998954
35.000000, 35.002747
7.000000, 7.000127
1.000000, 0.996526
53.000000, 53.004227
46.000000, 46.008629
67.000000, 66.996262
100.000000, 99.995544
63.000000, 63.010086
65.000000, 65.000214
43.000000, 42.990444
15.000000, 14.995711
5.000000, 4.992049
30.000000, 29.994568
65.000000, 65.000458
57.000000, 56.998981
24.000000, 23.984118
99.000000, 98.998695
188.000000, 188.028107
16.000000, 16.005983
35.000000, 34.984016
39.000000, 38.995655
4.000000, 3.984573
30.000000, 31.055792
26.000000, 26.001345
9.000000, 8.996459
43.000000, 42.984875
12.000000, 11.999087
22.000000, 22.007343
36.000000, 35.996059
41.000000, 41.122746
56.000000, 55.998890
44.000000, 43.998688
108.000000, 107.998337
98.000000, 97.946671
5.000000, 4.999845
11.000000, 11.002153
20.000000, 19.990120
12.000000, 12.001903
52.000000, 51.992859
152.000000, 151.998047
20.000000, 19.994762
40.000000, 39.999691
36.000000, 35.993710
23.000000, 23.004593
46.000000, 45.987911
16.000000, 15.997123
26.000000, 26.001183
74.000000, 73.995560
17.000000, 16.998735
26.000000, 25.999226
47.000000, 46.996494
43.000000, 42.995598
46.000000, 45.996975
30.000000, 30.013193
15.000000, 14.997560
113.000000, 113.010681
52.000000, 52.000858
113.000000, 113.001602
20.000000, 16.835400
32.000000, 31.995789
81.000000, 80.990265
75.000000, 76.074860
46.000000, 45.995838
84.000000, 84.004906
92.000000, 91.996635
24.000000, 24.000759
16.000000, 16.005413
20.000000, 19.999599
63.000000, 63.001194
88.000000, 87.984985
43.000000, 43.004223
96.000000, 95.991516
47.000000, 46.998287
51.000000, 51.009846
31.000000, 31.001352
3.000000, 3.430526
22.000000, 21.965338
51.000000, 50.994446
22.000000, 21.995239
39.000000, 38.986416
48.000000, 47.983974
42.000000, 41.999298
45.000000, 44.989716
8.000000, 8.000586
76.000000, 76.005447
20.000000, 19.998644
72.000000, 71.988693
23.000000, 23.001839
51.000000, 51.006470
21.000000, 20.998550
21.000000, 21.013338
54.000000, 53.994831
130.000000, 129.999588
20.000000, 19.989990
25.000000, 24.998569
55.000000, 54.996834
60.000000, 60.001675
44.000000, 43.995487
48.000000, 48.001621
89.000000, 89.002472
38.000000, 37.987919
75.000000, 74.995323
11.000000, 10.992184
33.000000, 34.379940
53.000000, 53.005215
58.000000, 57.995499
63.000000, 63.012482
21.000000, 20.999966
94.000000, 93.995667
9.000000, 9.063236
36.000000, 35.994534
28.000000, 28.006258
52.000000, 52.002487
51.000000, 51.004612
45.000000, 44.998894
64.000000, 63.996662
23.000000, 23.001831
18.000000, 17.999653
44.000000, 43.997665
73.000000, 73.006805
34.000000, 33.999676
64.000000, 64.010750
36.000000, 36.006554
27.000000, 27.012123
46.000000, 46.010670
5.000000, 5.008327
89.000000, 89.001953
30.000000, 29.999996
33.000000, 33.003254
63.000000, 62.999424
25.000000, 25.011784
31.000000, 30.999794
23.000000, 22.994373
30.000000, 29.997543
21.000000, 21.001909
16.000000, 16.002893
105.000000, 105.002930
129.000000, 129.000549
142.000000, 142.001663
163.000000, 162.999237
21.000000, 21.000389
83.000000, 83.000137
60.000000, 59.996758
11.000000, 11.003273
38.000000, 37.998165
40.000000, 39.500389
11.000000, 10.999812
78.000000, 77.995987
2.000000, 3.329128
37.000000, 36.999317
17.000000, 17.019388
74.000000, 73.985168
125.000000, 125.022156
12.000000, 12.000052
19.000000, 18.959789
48.000000, 48.002857
87.000000, 87.013069
15.000000, 15.008256
73.000000, 73.003746
6.000000, 6.001545
87.000000, 86.998466
65.000000, 65.004852
7.000000, 6.993545
46.000000, 46.011646
6.000000, 5.850418
25.000000, 25.000488
31.000000, 32.080841
101.000000, 100.993317
44.000000, 44.022305
39.000000, 39.000778
40.000000, 40.000469
43.000000, 43.134205
54.000000, 53.996429
25.000000, 25.007332
20.000000, 20.013039
38.000000, 37.997875
32.000000, 31.989311
35.000000, 35.006439
38.000000, 38.005512
10.000000, 9.975565
8.000000, 7.998008
40.000000, 39.998867
73.000000, 73.002258
20.000000, 20.002583
21.000000, 21.004856
27.000000, 27.008699
30.000000, 29.989014
28.000000, 27.976994
1.000000, 0.951192
25.000000, 24.997932
22.000000, 21.992060
63.000000, 62.990326
37.000000, 37.002197
24.000000, 24.004240
70.000000, 69.983910
19.000000, 18.998928
87.000000, 86.996346
20.000000, 19.999058
24.000000, 23.993275
62.000000, 62.000759
76.000000, 75.989952
27.000000, 27.001858
58.000000, 57.998840
133.000000, 132.996429
100.000000, 100.001747
79.000000, 79.029282
152.000000, 152.005936
67.000000, 66.997902
40.000000, 39.992222
22.000000, 22.002811
61.000000, 61.003590
47.000000, 46.989017
73.000000, 73.008347
39.000000, 39.010361
38.000000, 38.003494
29.000000, 29.005123
10.000000, 10.008265
7.000000, 6.983738
76.000000, 76.006149
17.000000, 16.980261
14.000000, 13.994637
65.000000, 64.998962
50.000000, 49.999699
49.000000, 48.993416
10.000000, 9.998862
91.000000, 91.015678
135.000000, 134.998596
93.000000, 93.006630
49.000000, 49.001022
61.000000, 60.995556
26.000000, 25.997963
35.000000, 34.994541
9.000000, 8.665019
56.000000, 56.008736
72.000000, 72.009361
33.000000, 33.006016
91.000000, 90.979828
64.000000, 63.966507
8.000000, 8.004556
50.000000, 49.990055
67.000000, 66.998810
24.000000, 23.983517
33.000000, 33.006901
74.000000, 74.001831
36.000000, 35.979435
44.000000, 44.007587
66.000000, 66.001938
27.000000, 26.998058
39.000000, 38.997658
11.000000, 10.996331
21.000000, 21.001625
29.000000, 29.001585
145.000000, 144.996460
33.000000, 33.005726
11.000000, 10.995744
67.000000, 66.999443
29.000000, 29.003803
46.000000, 46.001152
25.000000, 25.008568
15.000000, 15.006324
69.000000, 68.995964
36.000000, 35.998196
37.000000, 36.975521
12.000000, 12.015166
3.000000, 3.004183
99.000000, 98.990967
65.000000, 64.997978
39.000000, 39.002895
87.000000, 87.046005
33.000000, 32.998627
140.000000, 139.993103
18.000000, 17.992592
55.000000, 55.010891
23.000000, 22.997438
12.000000, 12.002234
85.000000, 85.006096
17.000000, 17.001305
93.000000, 93.010811
32.000000, 31.986507
34.000000, 33.999096
117.000000, 117.004044
43.000000, 43.000065
61.000000, 61.026047
13.000000, 12.994531
94.000000, 93.996315
62.000000, 62.004112
22.000000, 22.002287
12.000000, 12.001624
99.000000, 98.986374
17.000000, 17.000206
101.000000, 101.009819
49.000000, 49.003078
31.000000, 31.000381
50.000000, 50.009060
204.000000, 204.008209
22.000000, 22.004082
31.000000, 31.000156
31.000000, 31.075989
39.000000, 38.991848
17.000000, 16.988085
72.000000, 72.001846
51.000000, 51.001133
35.000000, 34.998932
67.000000, 67.005257
40.000000, 40.008282
70.000000, 70.004135
86.000000, 85.992104
75.000000, 75.005577
110.000000, 110.000793
124.000000, 124.011650
18.000000, 18.011518
66.000000, 66.001114
5.000000, 5.002673
38.000000, 38.066750
32.000000, 32.003227
52.000000, 51.994385
5.000000, 4.986998
18.000000, 22.388359
12.000000, 12.001159
6.000000, 5.931006
7.000000, 7.019998
67.000000, 67.002045
36.000000, 35.999279
53.000000, 52.996086
32.000000, 32.008606
35.000000, 34.985981
73.000000, 73.005997
34.000000, 34.009235
10.000000, 9.998004
21.000000, 20.976610
205.000000, 204.973572
17.000000, 16.988705
7.000000, 7.000935
72.000000, 72.003601
62.000000, 61.997742
58.000000, 58.029781
87.000000, 87.002907
32.000000, 31.997890
10.000000, 10.004401
7.000000, 6.995631
9.000000, 9.001517
29.000000, 29.002432
21.000000, 20.998484
137.000000, 136.956207
25.000000, 24.995159
49.000000, 48.993114
19.000000, 19.002979
16.000000, 16.002705
23.000000, 23.017193
82.000000, 81.968208
74.000000, 74.003540
81.000000, 81.007698
106.000000, 105.994843
64.000000, 64.013451
117.000000, 117.001114
21.000000, 20.997829
68.000000, 67.988991
51.000000, 51.006210
31.000000, 31.000214
18.000000, 18.000761
29.000000, 29.001156
15.000000, 15.001992
64.000000, 63.998566
32.000000, 32.001820
26.000000, 25.993895
18.000000, 18.001125
22.000000, 22.013134
88.000000, 87.984344
150.000000, 149.954742
30.000000, 30.000116
30.000000, 30.000397
38.000000, 37.996330
39.000000, 39.001732
43.000000, 43.002697
161.000000, 160.977386
19.000000, 18.997633
20.000000, 19.998671
4.000000, 4.001670
48.000000, 48.001316
79.000000, 78.986549
56.000000, 56.002949
19.000000, 19.001375
121.000000, 120.989441
50.000000, 50.014801
78.000000, 77.981247
16.000000, 15.994167
157.000000, 156.969116
86.000000, 85.998222
62.000000, 62.012177
7.000000, 6.999104
22.000000, 22.002129
28.000000, 28.000357
12.000000, 12.000569
56.000000, 56.039082
36.000000, 36.002430
22.000000, 22.006258
75.000000, 74.998199
70.000000, 70.587234
46.000000, 45.991497
6.000000, 6.009866
59.000000, 59.000774
27.000000, 27.002159
29.000000, 29.002811
58.000000, 57.999622
130.000000, 130.002518
8.000000, 8.013998
9.000000, 9.001008
56.000000, 56.003139
121.000000, 121.006927
7.000000, 6.976434
14.000000, 14.008945
28.000000, 28.014305
22.000000, 22.002697
8.000000, 7.999010
6.000000, 5.991502
38.000000, 37.997433
41.000000, 41.000507
10.000000, 10.004704
104.000000, 104.002487
50.000000, 50.003403
3.000000, 3.001404
24.000000, 24.001556
112.000000, 111.995148
13.000000, 12.997729
80.000000, 79.972794
50.000000, 49.998947
30.000000, 30.000244
32.000000, 32.005806
80.000000, 80.005135
23.000000, 22.996529
9.000000, 8.996741
37.000000, 37.003147
4.000000, 3.998141
37.000000, 37.114506
75.000000, 74.987587
9.000000, 9.006274
33.000000, 32.992062
77.000000, 77.000092
41.000000, 40.997311
1.000000, 0.981028
80.000000, 79.996681
15.000000, 17.773041
46.000000, 45.997124
31.000000, 30.997972
18.000000, 18.002800
14.000000, 14.007251
62.000000, 62.001038
24.000000, 25.026924
33.000000, 32.993656
76.000000, 76.000938
14.000000, 13.996715
61.000000, 60.997143
144.000000, 143.995941
16.000000, 16.003908
97.000000, 96.997330
2.000000, 2.007849
57.000000, 56.996922
21.000000, 20.997416
13.000000, 12.988511
47.000000, 46.996876
51.000000, 50.983433
26.000000, 25.999496
52.000000, 51.986584
34.000000, 33.999729
33.000000, 32.995808
57.000000, 56.996548
16.000000, 16.000607
124.000000, 123.991379
92.000000, 91.993210
88.000000, 87.994232
156.000000, 156.009644
124.000000, 123.999283
90.000000, 90.005135
38.000000, 38.002598
97.000000, 96.998352
59.000000, 58.988079
25.000000, 25.005661
37.000000, 37.000191
47.000000, 47.007401
20.000000, 19.999447
30.000000, 29.979448
18.000000, 17.984638
14.000000, 14.001468
36.000000, 35.996185
88.000000, 88.008652
30.000000, 30.004128
54.000000, 53.982380
10.000000, 10.002356
42.000000, 42.010754
32.000000, 31.981522
27.000000, 27.003616
28.000000, 27.997063
48.000000, 48.010902
90.000000, 89.987335
15.000000, 15.001906
35.000000, 34.999237
36.000000, 35.987938
45.000000, 44.996040
15.000000, 15.000035
18.000000, 18.000778
97.000000, 96.998749
141.000000, 155.016342
21.000000, 20.998558
35.000000, 35.004910
24.000000, 23.997044
45.000000, 44.929344
40.000000, 40.001244
21.000000, 21.012365
55.000000, 55.000721
25.000000, 25.010048
27.000000, 27.001305
57.000000, 56.997334
120.000000, 119.977692
104.000000, 103.998947
19.000000, 19.019737
146.000000, 146.018250
57.000000, 57.000637
30.000000, 29.998148
50.000000, 50.000870
91.000000, 91.013428
86.000000, 86.005623
9.000000, 8.999893
79.000000, 78.998955
70.000000, 69.984909
42.000000, 41.977718
31.000000, 31.013134
30.000000, 30.024017
25.000000, 24.998718
89.000000, 88.981689
32.000000, 31.999634
44.000000, 44.004135
47.000000, 46.990017
72.000000, 71.997635
8.000000, 7.979193
9.000000, 9.000877
26.000000, 25.993052
30.000000, 30.002026
18.000000, 17.999102
11.000000, 10.998669
8.000000, 8.011052
18.000000, 18.001190
32.000000, 31.396263
25.000000, 25.000595
41.000000, 40.998775
64.000000, 64.001175
2.000000, 2.000890
15.000000, 15.006465
5.000000, 5.000478
19.000000, 19.000105
8.000000, 8.003105
24.000000, 23.998329
2.000000, 1.995497
49.000000, 48.990562
5.000000, 5.001866
14.000000, 14.010817
9.000000, 8.999795
94.000000, 93.999420
40.000000, 40.002666
8.000000, 7.997998
43.000000, 42.997780
18.000000, 17.995800
9.000000, 8.988671
69.000000, 69.000870
48.000000, 47.994839
30.000000, 30.008711
54.000000, 53.993172
29.000000, 29.000610
68.000000, 67.999657
197.000000, 197.019989
111.000000, 111.006279
29.000000, 28.989841
65.000000, 65.004143
74.000000, 73.996742
11.000000, 10.981992
20.000000, 20.001175
18.000000, 17.997231
72.000000, 72.001389
8.000000, 8.001002
24.000000, 23.991131
16.000000, 15.995412
107.000000, 106.992706
32.000000, 32.000080
122.000000, 122.002342
37.000000, 37.033085
112.000000, 112.011520
15.000000, 15.005249
20.000000, 20.000610
66.000000, 66.000610
15.000000, 15.000266
97.000000, 97.005211
31.000000, 30.996588
8.000000, 8.005688
14.000000, 13.999501
53.000000, 53.002827
7.000000, 7.006575
65.000000, 65.010956
71.000000, 71.004280
17.000000, 17.375214
57.000000, 57.003567
72.000000, 71.999405
32.000000, 32.005695
37.000000, 37.005802
101.000000, 100.990509
19.000000, 19.009813
17.000000, 17.005667
27.000000, 27.004635
6.000000, 5.997756
13.000000, 13.001674
39.000000, 38.994602
15.000000, 15.011938
76.000000, 75.998810
30.000000, 29.996006
40.000000, 39.987610
76.000000, 76.002296
16.000000, 15.993106
63.000000, 62.998478
17.000000, 17.000986
99.000000, 99.024506
25.000000, 25.005726
9.000000, 8.999530
50.000000, 50.007214
26.000000, 25.853550
7.000000, 6.989855
25.000000, 25.249813
24.000000, 24.004107
18.000000, 17.997311
8.000000, 7.995880
31.000000, 31.001162
157.000000, 157.003738
24.000000, 23.996086
47.000000, 46.999874
86.000000, 86.000305
14.000000, 13.999443
41.000000, 40.997669
16.000000, 16.008703
30.000000, 30.028229
17.000000, 16.999968
55.000000, 55.003082
16.000000, 15.991555
18.000000, 18.001385
12.000000, 11.997092
8.000000, 8.000055
38.000000, 38.008114
43.000000, 42.985966
14.000000, 13.989506
21.000000, 21.155403
49.000000, 48.998478
15.000000, 18.252180
20.000000, 19.999256
25.000000, 25.001076
16.000000, 15.999631
43.000000, 43.002728
5.000000, 4.997050
10.000000, 9.996666
30.000000, 29.975231
16.000000, 15.994497
84.000000, 84.007607
99.000000, 91.989464
86.000000, 86.001251
7.000000, 7.002260
15.000000, 14.998894
36.000000, 36.006325
7.000000, 6.999719
21.000000, 20.992054
51.000000, 50.999454
29.000000, 29.018211
82.000000, 81.998810
51.000000, 50.997238
14.000000, 13.998763
24.000000, 23.998653
49.000000, 48.999828
10.000000, 9.999671
15.000000, 15.003285
41.000000, 40.990993
215.000000, 215.019806
19.000000, 19.001091
19.000000, 19.003984
58.000000, 58.012981
9.000000, 9.006859
64.000000, 63.999493
27.000000, 27.001028
44.000000, 44.004238
55.000000, 55.005478
29.000000, 29.007761
72.000000, 71.964600
56.000000, 56.146343
86.000000, 85.998291
4.000000, 3.991192
111.000000, 110.962288
37.000000, 36.988346
5.000000, 5.029639
76.000000, 76.004013
16.000000, 15.997991
32.000000, 32.000778
15.000000, 15.000135
54.000000, 53.995827
93.000000, 92.987732
61.000000, 60.996658
62.000000, 62.000599
5.000000, 5.000226
30.000000, 30.005466
51.000000, 50.999344
18.000000, 17.391720
13.000000, 13.001723
23.000000, 23.000282
52.000000, 51.996834
12.000000, 11.994637
31.000000, 31.001785
33.000000, 32.994953
20.000000, 13.896330
38.000000, 37.993626
10.000000, 10.004497
110.000000, 110.021866
25.000000, 25.000374
10.000000, 9.999446
44.000000, 44.002377
103.000000, 103.028358
46.000000, 46.014431
139.000000, 139.011078
173.000000, 173.004333
48.000000, 47.999050
16.000000, 16.000677
76.000000, 76.005486
38.000000, 37.985542
10.000000, 9.999076
28.000000, 28.001621
52.000000, 52.164062
33.000000, 33.004597
37.000000, 37.000454
15.000000, 15.002161
4.000000, 4.001173
59.000000, 58.994816
45.000000, 45.001343
64.000000, 63.999344
48.000000, 48.020714
28.000000, 28.001163
40.000000, 39.993633
15.000000, 14.999957
27.000000, 27.003510
88.000000, 87.994278
25.000000, 25.001823
57.000000, 56.991314
20.000000, 20.006712
28.000000, 27.990860
61.000000, 60.990021
86.000000, 85.990135
23.000000, 22.998959
20.000000, 20.001402
8.000000, 7.996680
30.000000, 29.995508
71.000000, 70.998032
29.000000, 29.001869
3.000000, 2.992806
52.000000, 51.911556
48.000000, 48.015331
98.000000, 98.002411
40.000000, 39.995510
37.000000, 36.997482
60.000000, 60.002300
9.000000, 8.995942
37.000000, 36.999321
23.000000, 23.003107
39.000000, 39.005283
43.000000, 42.999950
49.000000, 49.003704
11.000000, 10.992448
73.000000, 72.982651
40.000000, 40.005028
13.000000, 13.000937
41.000000, 40.990894
17.000000, 16.980764
87.000000, 87.014160
64.000000, 63.998047
55.000000, 55.006741
42.000000, 41.993580
71.000000, 69.205399
14.000000, 14.000368
16.000000, 15.997576
3.000000, 3.002277
24.000000, 23.986053
37.000000, 37.001686
151.000000, 150.993805
58.000000, 57.999718
43.000000, 43.003742
101.000000, 100.989029
49.000000, 49.002827
38.000000, 38.001488
46.000000, 46.002853
58.000000, 58.007492
47.000000, 47.004280
47.000000, 46.988693
59.000000, 58.999374
18.000000, 17.998966
129.000000, 129.008377
24.000000, 24.006424
61.000000, 61.262707
35.000000, 34.483894
60.000000, 59.999050
103.000000, 102.999779
39.000000, 39.002750
37.000000, 37.004269
143.000000, 142.992188
18.000000, 17.991465
20.000000, 19.989124
26.000000, 26.006714
108.000000, 107.970779
49.000000, 49.012257
23.000000, 22.996815
83.000000, 82.996941
26.000000, 25.929573
10.000000, 10.007668
112.000000, 112.015717
30.000000, 30.001331
38.000000, 38.002003
150.000000, 149.989868
82.000000, 81.995163
48.000000, 47.993862
115.000000, 115.206680
1.000000, 0.995677
9.000000, 8.997907
48.000000, 47.999977
45.000000, 44.998837
1.000000, 0.984536
20.000000, 19.996971
57.000000, 56.999828
80.000000, 80.011398
32.000000, 31.849979
84.000000, 83.975792
66.000000, 66.001114
85.000000, 85.003853
33.000000, 32.995041
23.000000, 22.991819
30.000000, 30.000141
20.000000, 19.998589
88.000000, 91.989914
15.000000, 14.999984
24.000000, 24.026968
94.000000, 94.001389
66.000000, 66.006752
90.000000, 89.970428
13.000000, 12.998575
27.000000, 26.985430
105.000000, 104.930695
22.000000, 22.005678
17.000000, 17.001337
71.000000, 70.994400
23.000000, 23.015987
33.000000, 32.999935
68.000000, 67.993530
99.000000, 98.996643
26.000000, 25.989777
27.000000, 26.998964
33.000000, 33.004551
58.000000, 57.998707
14.000000, 14.000091
50.000000, 49.999531
43.000000, 43.024509
73.000000, 73.001221
38.000000, 38.010685
71.000000, 70.994736
51.000000, 50.998360
125.000000, 125.020432
121.000000, 121.000031
161.000000, 161.002823
7.000000, 6.998676
95.000000, 94.956093
7.000000, 6.999925
42.000000, 41.854252
88.000000, 88.014473
115.000000, 114.998245
10.000000, 9.994716
11.000000, 10.964665
105.000000, 105.002434
64.000000, 63.989094
77.000000, 77.004280
19.000000, 19.000118
24.000000, 24.016434
32.000000, 31.984196
50.000000, 50.001629
42.000000, 41.975948
105.000000, 105.000420
48.000000, 48.000820
15.000000, 14.991281
33.000000, 32.997631
51.000000, 50.999805
44.000000, 44.013042
18.000000, 18.003794
40.000000, 40.002522
44.000000, 43.999199
25.000000, 25.000824
38.000000, 37.998264
52.000000, 51.997456
34.000000, 33.993671
29.000000, 28.987049
79.000000, 79.000435
18.000000, 18.015602
166.000000, 165.984634
5.000000, 4.992515
14.000000, 9.851928
144.000000, 144.003540
34.000000, 33.999493
85.000000, 84.999855
49.000000, 49.001083
3.000000, 3.025558
27.000000, 26.998844
29.000000, 29.000570
69.000000, 69.023071
14.000000, 14.003890
79.000000, 79.013031
17.000000, 17.003258
19.000000, 19.003311
111.000000, 110.989876
79.000000, 78.999374
23.000000, 23.011230
6.000000, 6.015493
6.000000, 6.058813
206.000000, 125.372246
82.000000, 81.995293
11.000000, 11.008658
30.000000, 30.000666
44.000000, 44.006855
34.000000, 34.004917
18.000000, 17.996746
4.000000, 3.989001
6.000000, 5.999061
27.000000, 26.998917
25.000000, 24.975170
69.000000, 69.001526
5.000000, 5.001091
80.000000, 80.010910
42.000000, 41.993458
115.000000, 114.996902
12.000000, 12.005644
33.000000, 32.997295
137.000000, 136.992371
37.000000, 36.997314
44.000000, 44.004307
125.000000, 125.000031
77.000000, 77.005966
65.000000, 66.593498
122.000000, 121.999359
101.000000, 101.027405
69.000000, 69.013367
24.000000, 23.994717
21.000000, 20.996128
95.000000, 94.978989
18.000000, 18.000347
31.000000, 31.000862
98.000000, 98.007935
125.000000, 124.959976
30.000000, 29.998144
72.000000, 72.006561
124.000000, 124.098877
22.000000, 22.011494
5.000000, 5.009823
78.000000, 78.007614
23.000000, 23.042015
60.000000, 59.982792
132.000000, 132.000732
24.000000, 24.000893
45.000000, 45.002304
23.000000, 23.001106
97.000000, 96.984459
12.000000, 11.992751
56.000000, 56.019760
24.000000, 23.994846
32.000000, 32.004032
25.000000, 25.005423
26.000000, 26.001987
16.000000, 15.995125
27.000000, 26.991236
42.000000, 41.999210
64.000000, 63.989887
17.000000, 16.998615
96.000000, 96.108582
56.000000, 56.000957
24.000000, 23.999546
41.000000, 40.962986
85.000000, 84.999458
37.000000, 37.028866
41.000000, 41.018818
7.000000, 6.983848
23.000000, 23.000755
36.000000, 36.009113
6.000000, 5.994660
42.000000, 41.996964
9.000000, 9.005163
8.000000, 7.994021
58.000000, 57.997524
45.000000, 45.000835
44.000000, 43.981907
42.000000, 41.992542
103.000000, 103.002861
52.000000, 51.998249
13.000000, 12.998953
50.000000, 49.994453
102.000000, 101.997475
11.000000, 11.005938
92.000000, 92.019852
6.000000, 6.001009
54.000000, 53.983086
19.000000, 18.993835
59.000000, 59.001503
46.000000, 46.002689
54.000000, 54.001434
45.000000, 45.011955
78.000000, 77.999023
22.000000, 21.993710
3.000000, 3.001602
14.000000, 13.999812
103.000000, 102.988251
32.000000, 31.999859
18.000000, 17.987383
18.000000, 18.001280
1.000000, 1.021318
21.000000, 20.990896
61.000000, 60.998775
24.000000, 24.006901
23.000000, 23.770679
49.000000, 48.994667
47.000000, 47.006542
16.000000, 16.001547
109.000000, 109.004837
92.000000, 92.001312
44.000000, 43.988430
22.000000, 22.010262
27.000000, 27.002604
68.000000, 67.013771
10.000000, 10.001222
37.000000, 36.999424
19.000000, 19.008812
32.000000, 31.998184
106.000000, 106.019562
33.000000, 33.004642
77.000000, 77.000839
16.000000, 16.003580
14.000000, 17.055859
12.000000, 11.996143
57.000000, 56.998482
70.000000, 69.995834
54.000000, 53.996769
19.000000, 18.990719
30.000000, 30.005154
10.000000, 9.997106
13.000000, 13.447082
49.000000, 48.999149
51.000000, 51.002476
45.000000, 44.996346
29.000000, 29.000952
17.000000, 17.002623
39.000000, 39.000298
62.000000, 61.986763
6.000000, 5.998889
95.000000, 95.007355
59.000000, 58.998249
28.000000, 27.997829
98.000000, 97.999588
20.000000, 20.001774
113.000000, 113.003036
71.000000, 71.006348
54.000000, 53.966755
18.000000, 18.002426
13.000000, 12.998466
77.000000, 77.022133
10.000000, 9.993358
50.000000, 48.256023
125.000000, 125.018806
68.000000, 67.977661
37.000000, 37.003078
72.000000, 71.995544
132.000000, 132.013733
39.000000, 39.005657
10.000000, 10.011844
27.000000, 26.999081
66.000000, 65.999466
5.000000, 4.992875
16.000000, 16.002773
76.000000, 76.006500
69.000000, 69.010880
17.000000, 16.997425
5.000000, 7.262530
32.000000, 31.994970
25.000000, 25.002136
26.000000, 25.998131
84.000000, 84.001770
72.000000, 72.002266
62.000000, 62.002750
19.000000, 18.999586
19.000000, 19.000164
58.000000, 58.003170
20.000000, 20.006392
3.000000, 3.002484
19.000000, 18.958975
11.000000, 11.009425
32.000000, 31.997906
42.000000, 42.002869
13.000000, 13.000136
182.000000, 182.003448
92.000000, 92.012772
45.000000, 44.993095
34.000000, 33.994526
65.000000, 65.009201
28.000000, 28.001463
8.000000, 8.242442
49.000000, 48.998878
22.000000, 21.995590
49.000000, 48.994480
31.000000, 30.997808
103.000000, 102.988014
23.000000, 22.990000
26.000000, 26.006817
18.000000, 18.000858
14.000000, 13.981885
23.000000, 22.994215
68.000000, 67.997513
21.000000, 21.005386
37.000000, 37.002331
135.000000, 135.025711
79.000000, 78.993515
158.000000, 157.974396
94.000000, 93.998642
12.000000, 12.008424
20.000000, 20.009537
5.000000, 5.000487
34.000000, 33.991161
33.000000, 32.997593
93.000000, 93.000107
14.000000, 15.334205
24.000000, 23.997734
66.000000, 65.992508
47.000000, 46.993397
13.000000, 13.003846
10.000000, 9.999978
21.000000, 20.999123
32.000000, 31.997990
31.000000, 31.010757
38.000000, 37.996716
76.000000, 76.006927
53.000000, 52.994270
17.000000, 17.001795
31.000000, 30.995430
13.000000, 13.003941
20.000000, 20.007671
103.000000, 102.997635
78.000000, 77.996498
61.000000, 61.000591
18.000000, 18.003988
34.000000, 34.002476
35.000000, 35.006226
14.000000, 13.998382
34.000000, 33.979408
37.000000, 36.992168
17.000000, 16.999823
32.000000, 32.022026
74.000000, 73.999939
17.000000, 16.999306
46.000000, 46.003468
22.000000, 21.996437
16.000000, 16.000467
48.000000, 47.989780
88.000000, 88.025452
75.000000, 74.997955
77.000000, 77.004097
29.000000, 28.997484
10.000000, 9.986155
38.000000, 37.989826
111.000000, 111.041054
104.000000, 104.000366
38.000000, 34.563816
10.000000, 10.001010
30.000000, 29.584869
66.000000, 66.003517
53.000000, 50.874603
68.000000, 68.055923
37.000000, 37.012856
26.000000, 26.002041
118.000000, 117.977081
65.000000, 64.996056
12.000000, 11.999639
103.000000, 103.005470
20.000000, 19.998493
48.000000, 48.002689
29.000000, 28.999674
4.000000, 4.050923
34.000000, 34.003010
26.000000, 26.000711
71.000000, 71.008171
61.000000, 61.001865
119.000000, 118.993210
82.000000, 82.004898
30.000000, 29.993721
27.000000, 27.059582
79.000000, 76.093079
7.000000, 7.135592
40.000000, 40.013889
19.000000, 18.999943
31.000000, 31.000719
84.000000, 83.999954
83.000000, 82.992279
44.000000, 43.983593
36.000000, 36.000774
110.000000, 109.995262
67.000000, 67.001923
76.000000, 76.000473
63.000000, 62.999599
241.000000, 241.010559
77.000000, 77.010002
72.000000, 71.987305
29.000000, 28.990839
81.000000, 79.409195
10.000000, 9.998422
70.000000, 69.993889
31.000000, 31.005936
42.000000, 41.980602
57.000000, 56.993076
99.000000, 99.008926
53.000000, 52.996326
107.000000, 107.014481
8.000000, 8.005473
26.000000, 26.002514
20.000000, 20.000008
40.000000, 39.996685
60.000000, 59.998562
56.000000, 56.001106
175.000000, 174.957855
87.000000, 87.000153
107.000000, 106.995796
5.000000, 5.003940
19.000000, 18.999098
23.000000, 22.981930
63.000000, 63.000381
32.000000, 31.999882
41.000000, 41.299000
35.000000, 34.997944
98.000000, 97.990845
20.000000, 19.989279
57.000000, 57.004154
79.000000, 79.004974
92.000000, 91.998642
87.000000, 86.997025
82.000000, 81.995598
142.000000, 141.991226
47.000000, 46.903320
42.000000, 41.996723
35.000000, 35.009701
30.000000, 29.990431
11.000000, 11.002675
82.000000, 82.004410
93.000000, 92.993637
96.000000, 95.991119
43.000000, 43.013863
48.000000, 47.999561
80.000000, 79.999947
64.000000, 64.002464
41.000000, 41.000271
74.000000, 73.984879
19.000000, 18.997520
18.000000, 18.003222
24.000000, 24.005816
59.000000, 58.996216
87.000000, 87.003250
24.000000, 23.997501
23.000000, 23.000874
7.000000, 6.992362
28.000000, 28.373857
35.000000, 34.973522
140.000000, 140.003418
29.000000, 29.002447
75.000000, 74.995483
32.000000, 31.998325
47.000000, 46.994148
35.000000, 34.999950
7.000000, 7.005187
10.000000, 10.002164
29.000000, 28.999249
33.000000, 32.999878
165.000000, 104.837563
130.000000, 130.003159
22.000000, 21.999290
114.000000, 114.007133
28.000000, 27.999054
16.000000, 16.000299
19.000000, 19.003784
12.000000, 11.994444
15.000000, 15.009782
56.000000, 56.009159
56.000000, 56.009350
26.000000, 27.095743
40.000000, 40.004120
68.000000, 67.998215
35.000000, 35.004238
88.000000, 87.990196
52.000000, 52.003979
21.000000, 20.995176
42.000000, 42.000149
74.000000, 73.996262
30.000000, 30.001083
66.000000, 66.011650
53.000000, 53.011593
63.000000, 62.996532
76.000000, 76.008156
7.000000, 6.991615
5.000000, 5.010114
113.000000, 112.077583
5.000000, 4.997980
76.000000, 76.022209
42.000000, 41.971546
18.000000, 18.000624
18.000000, 17.997923
27.000000, 27.008181
34.000000, 33.993343
129.000000, 129.009094
110.000000, 110.003906
25.000000, 24.992683
11.000000, 10.996221
62.000000, 62.004726
47.000000, 47.000057
1.000000, 0.999432
51.000000, 50.998692
28.000000, 27.999039
17.000000, 17.002184
59.000000, 59.001690
144.000000, 144.038055
39.000000, 39.002522
30.000000, 29.994137
200.000000, 199.949097
26.000000, 26.000889
10.000000, 9.996604
64.000000, 63.990902
38.000000, 37.996601
25.000000, 24.993427
29.000000, 29.001938
32.000000, 32.014423
33.000000, 32.959629
131.000000, 131.001099
68.000000, 68.002304
43.000000, 42.996845
70.000000, 69.996140
198.000000, 198.066772
33.000000, 33.000980
71.000000, 71.007706
39.000000, 38.999874
41.000000, 41.004204
113.000000, 113.019882
25.000000, 25.001581
38.000000, 37.996445
94.000000, 94.015785
30.000000, 30.002871
14.000000, 14.000493
45.000000, 45.000378
57.000000, 56.999001
40.000000, 39.996201
31.000000, 31.058174
61.000000, 60.991680
80.000000, 79.992966
13.000000, 13.001353
3.000000, 3.009212
58.000000, 57.978142
42.000000, 42.006130
25.000000, 24.993507
34.000000, 34.003460
23.000000, 22.987446
10.000000, 9.998958
72.000000, 72.015503
18.000000, 18.010056
88.000000, 87.997597
32.000000, 32.010971
83.000000, 83.001404
110.000000, 109.977142
31.000000, 30.974926
116.000000, 115.993683
4.000000, 3.993174
18.000000, 17.994061
14.000000, 13.981913
8.000000, 7.998819
39.000000, 39.001350
27.000000, 27.027334
50.000000, 49.996929
24.000000, 24.000214
58.000000, 57.995331
42.000000, 41.989536
25.000000, 25.056293
23.000000, 22.998947
27.000000, 26.999874
53.000000, 53.008583
60.000000, 59.967079
33.000000, 33.014839
24.000000, 23.997890
37.000000, 37.000687
29.000000, 28.997238
61.000000, 61.003807
49.000000, 49.004704
14.000000, 13.995588
53.000000, 53.002808
47.000000, 47.001720
38.000000, 37.995449
6.000000, 6.002548
20.000000, 19.997149
61.000000, 61.011089
39.000000, 39.000366
63.000000, 62.995270
72.000000, 72.001419
34.000000, 33.999107
51.000000, 50.987202
41.000000, 41.000938
55.000000, 54.988068
52.000000, 52.001556
4.000000, 3.732263
61.000000, 60.996086
35.000000, 34.999226
20.000000, 20.005636
45.000000, 44.999378
25.000000, 25.000225
78.000000, 78.003677
43.000000, 42.997196
36.000000, 35.999187
13.000000, 12.994031
29.000000, 28.998238
51.000000, 51.000523
20.000000, 20.012688
14.000000, 13.992999
76.000000, 76.004913
20.000000, 19.988956
33.000000, 32.995037
121.000000, 120.998604
58.000000, 57.999672
110.000000, 110.717796
57.000000, 56.988789
91.000000, 90.983147
53.000000, 53.000561
45.000000, 44.994011
5.000000, 5.007468
31.000000, 31.011518
18.000000, 18.002430
40.000000, 39.905594
13.000000, 13.000263
59.000000, 59.012844
130.000000, 129.982269
125.000000, 121.715218
31.000000, 30.998745
90.000000, 90.005325
5.000000, 5.006002
140.000000, 139.971741
10.000000, 9.997607
11.000000, 11.000832
38.000000, 37.996372
62.000000, 62.001713
7.000000, 6.992931
62.000000, 62.005722
57.000000, 57.009979
45.000000, 44.993969
55.000000, 54.998158
93.000000, 92.991928
31.000000, 30.993784
40.000000, 40.001034
55.000000, 55.008526
38.000000, 37.990616
38.000000, 37.998299
50.000000, 50.001415
21.000000, 21.008389
63.000000, 63.018391
48.000000, 47.990002
16.000000, 15.998497
50.000000, 50.004261
114.000000, 113.989616
83.000000, 83.010086
12.000000, 12.005795
25.000000, 25.006649
40.000000, 39.998714
20.000000, 20.000267
28.000000, 28.000671
5.000000, 4.998029
115.000000, 115.012688
20.000000, 19.992689
9.000000, 9.006941
127.000000, 127.629158
61.000000, 60.993950
26.000000, 25.998613
19.000000, 18.961260
47.000000, 47.015842
54.000000, 53.999767
28.000000, 28.003819
44.000000, 44.000637
89.000000, 89.028885
63.000000, 63.016628
54.000000, 53.998920
41.000000, 41.011360
64.000000, 64.002068
121.000000, 121.006599
28.000000, 27.998352
26.000000, 25.992760
85.000000, 85.154808
34.000000, 33.988987
61.000000, 61.007706
11.000000, 11.001191
88.000000, 87.994308
27.000000, 26.999136
48.000000, 48.000740
15.000000, 14.996466
35.000000, 35.003056
25.000000, 24.999973
20.000000, 20.013060
9.000000, 8.990297
38.000000, 37.997181
28.000000, 27.896904
48.000000, 47.978733
33.000000, 33.004169
6.000000, 6.002462
14.000000, 13.996476
23.000000, 22.996038
22.000000, 22.000347
74.000000, 73.991989
28.000000, 27.996260
133.000000, 133.000580
24.000000, 23.998215
59.000000, 59.028988
4.000000, 4.002914
14.000000, 14.018163
58.000000, 58.002552
63.000000, 63.003849
15.000000, 15.000293
33.000000, 32.994946
75.000000, 74.994095
22.000000, 22.011747
48.000000, 48.005833
53.000000, 52.982723
29.000000, 28.998371
12.000000, 12.017506
23.000000, 23.008366
84.000000, 83.999092
22.000000, 21.994934
41.000000, 41.016918
136.000000, 135.978851
44.000000, 44.000107
15.000000, 14.995763
11.000000, 10.996919
27.000000, 27.000637
55.000000, 54.994671
82.000000, 81.990005
119.000000, 119.011734
70.000000, 70.018105
118.000000, 118.013062
39.000000, 39.004086
57.000000, 56.986660
140.000000, 140.001038
45.000000, 44.982510
15.000000, 15.006200
75.000000, 74.981628
64.000000, 64.017410
14.000000, 14.004161
29.000000, 28.999489
8.000000, 7.998017
69.000000, 68.996758
39.000000, 38.994732
59.000000, 59.014370
49.000000, 48.999519
22.000000, 22.005718
149.000000, 149.011444
21.000000, 20.997486
22.000000, 22.006065
91.000000, 91.002441
23.000000, 22.990627
21.000000, 21.002592
57.000000, 56.992180
34.000000, 34.000900
13.000000, 13.000080
27.000000, 26.074364
10.000000, 9.998679
30.000000, 30.003757
35.000000, 34.985279
13.000000, 12.999313
73.000000, 73.002472
35.000000, 34.992252
32.000000, 32.016392
49.000000, 48.998222
89.000000, 88.994141
55.000000, 55.008900
38.000000, 37.999119
83.000000, 82.995468
6.000000, 6.002980
30.000000, 30.001347
25.000000, 24.968842
77.000000, 76.954369
8.000000, 7.999219
56.000000, 56.007061
7.000000, 7.003120
129.000000, 129.009308
54.000000, 54.003117
85.000000, 84.523582
21.000000, 20.996780
69.000000, 68.998558
81.000000, 81.007172
8.000000, 8.004462
23.000000, 22.997849
59.000000, 59.008228
8.000000, 7.991242
64.000000, 64.002861
100.000000, 100.009834
68.000000, 68.003708
25.000000, 24.996969
30.000000, 29.998055
66.000000, 66.004288
6.000000, 6.015256
62.000000, 61.998653
7.000000, 6.992785
70.000000, 70.012329
14.000000, 14.002172
5.000000, 5.004817
24.000000, 23.986107
26.000000, 26.009193
30.000000, 30.001005
54.000000, 53.998470
43.000000, 42.996189
21.000000, 21.004536
4.000000, 3.983110
19.000000, 19.000988
7.000000, 7.003259
39.000000, 38.988857
48.000000, 48.002537
19.000000, 19.002010
28.000000, 27.997982
14.000000, 14.005738
99.000000, 98.998474
49.000000, 48.993153
25.000000, 24.997906
29.000000, 28.996101
17.000000, 17.005913
49.000000, 49.002987
123.000000, 122.979462
18.000000, 17.998970
25.000000, 25.000538
51.000000, 51.002331
76.000000, 76.000961
110.000000, 110.001678
87.000000, 87.020355
52.000000, 51.997639
72.000000, 71.992966
3.000000, 2.989757
53.000000, 53.000515
19.000000, 18.987217
8.000000, 7.999648
59.000000, 59.001873
45.000000, 45.008404
152.000000, 151.996216
48.000000, 47.989925
57.000000, 57.002293
30.000000, 29.998295
23.000000, 22.995049
123.000000, 122.996384
56.000000, 56.001827
138.000000, 138.026367
14.000000, 13.999806
57.000000, 56.998966
68.000000, 68.001259
63.000000, 62.991032
41.000000, 41.025669
89.000000, 89.006409
31.000000, 31.003319
20.000000, 20.006571
70.000000, 70.004326
49.000000, 49.018116
51.000000, 51.001816
21.000000, 20.995853
28.000000, 28.004108
25.000000, 25.015392
8.000000, 7.995544
27.000000, 26.980888
82.000000, 82.003502
31.000000, 30.997982
58.000000, 57.993053
21.000000, 20.980854
104.000000, 103.993004
18.000000, 18.005020
26.000000, 25.996910
49.000000, 49.001804
83.000000, 85.184662
15.000000, 14.996951
67.000000, 66.997681
162.000000, 162.026489
35.000000, 34.993084
19.000000, 18.995939
11.000000, 11.000815
61.000000, 60.996433
37.000000, 37.001972
25.000000, 24.988338
17.000000, 17.002548
30.000000, 29.998632
36.000000, 36.001186
30.000000, 29.989384
10.000000, 10.018411
17.000000, 16.997692
61.000000, 60.968586
21.000000, 20.990440
36.000000, 36.012745
7.000000, 6.998494
34.000000, 34.000698
14.000000, 14.002814
8.000000, 8.000849
20.000000, 19.995354
6.000000, 6.002510
138.000000, 137.995071
21.000000, 20.999538
39.000000, 39.002686
18.000000, 17.991644
68.000000, 68.005280
44.000000, 44.008793
44.000000, 43.998768
22.000000, 22.001795
13.000000, 13.001239
28.000000, 28.006226
28.000000, 27.982121
17.000000, 16.998199
27.000000, 27.035828
27.000000, 27.000118
77.000000, 77.007263
48.000000, 48.003246
33.000000, 33.002312
26.000000, 26.007399
18.000000, 17.997898
53.000000, 52.995773
61.000000, 61.008110
44.000000, 44.000992
64.000000, 63.994804
48.000000, 47.999584
74.000000, 74.009033
5.000000, 4.996470
28.000000, 27.999924
42.000000, 42.004936
39.000000, 39.013531
67.000000, 67.035873
27.000000, 27.005968
25.000000, 24.993031
32.000000, 31.999966
27.000000, 27.001438
56.000000, 55.990429
26.000000, 25.999771
44.000000, 44.001865
32.000000, 32.009232
19.000000, 19.000751
54.000000, 53.999451
16.000000, 15.999898
75.000000, 75.003273
68.000000, 68.004929
23.000000, 22.989033
59.000000, 59.009735
40.000000, 39.995579
27.000000, 26.982470
70.000000, 71.862122
37.000000, 37.016663
15.000000, 15.003865
37.000000, 36.997448
132.000000, 131.999146
58.000000, 57.989517
23.000000, 23.022678
13.000000, 13.016399
80.000000, 80.001007
36.000000, 36.003418
12.000000, 11.999518
109.000000, 109.002602
38.000000, 37.972614
36.000000, 23.410387
31.000000, 30.995642
9.000000, 8.998853
104.000000, 104.013840
35.000000, 35.009388
30.000000, 29.993488
31.000000, 30.999006
22.000000, 21.978081
50.000000, 49.998367
7.000000, 7.000770
64.000000, 63.999836
58.000000, 57.987926
35.000000, 34.998581
31.000000, 30.999285
22.000000, 21.995518
18.000000, 17.989868
13.000000, 12.996242
60.000000, 60.004372
19.000000, 18.998077
49.000000, 48.999393
60.000000, 59.993435
33.000000, 32.997303
146.000000, 146.017120
42.000000, 41.997341
39.000000, 38.974377
92.000000, 91.983849
17.000000, 17.007053
91.000000, 91.007614
36.000000, 35.998661
40.000000, 40.012825
56.000000, 55.994183
61.000000, 61.005436
20.000000, 19.992733
37.000000, 37.000774
13.000000, 12.999499
58.000000, 58.001553
34.000000, 34.000370
94.000000, 94.001862
24.000000, 23.997919
19.000000, 19.019930
83.000000, 82.998741
69.000000, 68.992714
50.000000, 50.027252
21.000000, 21.005070
59.000000, 59.006382
22.000000, 22.021790
54.000000, 54.006210
19.000000, 18.715031
38.000000, 38.003170
76.000000, 75.887283
37.000000, 36.986294
39.000000, 39.014393
13.000000, 12.996976
68.000000, 68.009827
28.000000, 28.006397
16.000000, 16.003321
18.000000, 17.992352
66.000000, 65.996262
25.000000, 25.007477
4.000000, 4.000925
22.000000, 22.000008
34.000000, 34.003895
41.000000, 40.997242
14.000000, 14.083486
86.000000, 86.005173
13.000000, 12.996645
58.000000, 58.002972
99.000000, 98.992020
1.000000, 9.075571
25.000000, 26.052002
176.000000, 176.031555
88.000000, 87.995659
25.000000, 25.030672
50.000000, 49.991528
91.000000, 91.005333
22.000000, 22.040989
40.000000, 40.007904
99.000000, 98.991928
29.000000, 28.992399
19.000000, 18.998066
16.000000, 15.996704
24.000000, 23.997990
112.000000, 111.973328
22.000000, 21.996689
33.000000, 32.988041
85.000000, 84.990341
29.000000, 28.997293
32.000000, 32.001297
33.000000, 32.980343
71.000000, 71.008026
19.000000, 18.999298
53.000000, 52.995808
520.000000, 314.667664
22.000000, 22.002535
5.000000, 4.995726
67.000000, 66.996109
27.000000, 26.980701
1.000000, 0.995967
14.000000, 14.006141
29.000000, 29.008175
52.000000, 52.013195
83.000000, 82.997688
22.000000, 22.002014
49.000000, 49.005333
187.000000, 186.996918
83.000000, 83.018112
48.000000, 47.817387
14.000000, 14.004452
10.000000, 10.001944
152.000000, 152.005234
23.000000, 23.003384
3.000000, 2.999909
20.000000, 19.996887
107.000000, 106.997108
85.000000, 84.995163
100.000000, 99.983017
25.000000, 24.998184
38.000000, 37.998112
105.000000, 104.981880
23.000000, 22.995949
33.000000, 32.998844
13.000000, 13.003219
38.000000, 38.002350
2.000000, 1.958040
53.000000, 52.996258
72.000000, 71.994141
41.000000, 40.983757
76.000000, 76.003036
85.000000, 84.996765
26.000000, 24.887568
23.000000, 22.993490
28.000000, 28.000708
42.000000, 41.992992
27.000000, 27.000435
8.000000, 7.942470
127.000000, 126.991249
10.000000, 9.991096
16.000000, 16.003836
54.000000, 54.008274
48.000000, 47.997261
72.000000, 72.025200
47.000000, 47.001709
25.000000, 24.977749
20.000000, 19.998512
11.000000, 15.708556
19.000000, 18.986382
84.000000, 84.005775
70.000000, 70.001259
46.000000, 45.985649
6.000000, 6.000251
39.000000, 38.998142
28.000000, 27.995642
2.000000, 2.005190
4.000000, 3.992968
71.000000, 71.000946
34.000000, 33.996227
31.000000, 30.999821
22.000000, 22.000591
8.000000, 8.006011
67.000000, 66.998245
71.000000, 70.994797
16.000000, 16.013355
55.000000, 55.000801
23.000000, 22.999369
72.000000, 71.985535
79.000000, 78.999939
55.000000, 55.001385
29.000000, 29.013151
3.000000, 3.004347
279.000000, 275.731995
69.000000, 74.872078
159.000000, 159.008118
87.000000, 86.999001
46.000000, 46.000919
20.000000, 19.998215
35.000000, 35.008553
87.000000, 87.002365
7.000000, 6.993011
19.000000, 19.002014
50.000000, 49.967861
5.000000, 5.008398
16.000000, 15.312421
83.000000, 82.997673
32.000000, 31.990778
71.000000, 71.005699
7.000000, 6.992651
15.000000, 15.014309
12.000000, 11.995136
14.000000, 13.996854
37.000000, 36.995152
98.000000, 97.994370
51.000000, 50.992355
24.000000, 24.000496
31.000000, 30.999727
26.000000, 26.002680
88.000000, 88.000046
33.000000, 33.000526
43.000000, 42.996044
57.000000, 57.002911
30.000000, 29.980721
10.000000, 9.992940
81.000000, 81.020058
17.000000, 17.015413
134.000000, 134.048004
59.000000, 58.996822
19.000000, 18.977760
29.000000, 28.999924
35.000000, 35.000652
9.000000, 8.998334
5.000000, 4.989702
37.000000, 36.997292
20.000000, 19.999466
50.000000, 49.999336
50.000000, 49.994602
31.000000, 31.009785
2.000000, 1.997067
8.000000, 8.002791
76.000000, 75.986740
12.000000, 11.962605
109.000000, 108.997101
3.000000, 3.027596
26.000000, 25.216373
24.000000, 24.002077
29.000000, 28.985039
6.000000, 6.000124
74.000000, 74.002464
149.000000, 148.979645
64.000000, 63.994839
54.000000, 54.001431
36.000000, 35.993382
104.000000, 103.991272
25.000000, 25.002266
9.000000, 9.000094
23.000000, 22.993877
8.000000, 8.000552
25.000000, 25.002197
27.000000, 27.000435
10.000000, 9.998609
22.000000, 22.004791
21.000000, 18.906496
55.000000, 54.994320
55.000000, 54.991528
80.000000, 79.995422
15.000000, 15.001415
74.000000, 74.004318
75.000000, 74.986794
48.000000, 48.369923
75.000000, 75.001892
13.000000, 13.001525
71.000000, 70.991333
11.000000, 11.003110
15.000000, 15.003345
58.000000, 57.995106
45.000000, 44.998615
41.000000, 41.004734
14.000000, 14.000949
12.000000, 12.003469
17.000000, 17.011602
24.000000, 24.002003
99.000000, 98.997314
5.000000, 5.004031
82.000000, 81.998367
29.000000, 29.011318
17.000000, 17.001320
89.000000, 89.127045
77.000000, 76.999374
31.000000, 31.001463
45.000000, 45.001316
23.000000, 22.960495
28.000000, 27.988111
26.000000, 25.997341
49.000000, 49.012859
38.000000, 37.996456
18.000000, 17.995878
56.000000, 56.009899
27.000000, 26.998495
14.000000, 14.009207
30.000000, 30.029583
24.000000, 24.001667
15.000000, 15.002767
28.000000, 28.001888
26.000000, 25.999397
31.000000, 30.995819
59.000000, 59.003056
6.000000, 6.003051
130.000000, 129.999573
92.000000, 91.997482
79.000000, 79.000305
84.000000, 83.963974
20.000000, 20.078371
93.000000, 92.971191
45.000000, 45.000904
21.000000, 20.989906
68.000000, 67.999748
54.000000, 54.000156
22.000000, 22.001495
23.000000, 22.996677
42.000000, 41.999165
122.000000, 121.997009
28.000000, 27.999893
34.000000, 34.002460
180.000000, 179.985962
33.000000, 33.005672
77.000000, 76.992157
34.000000, 34.001537
13.000000, 12.989516
90.000000, 90.005020
16.000000, 16.000076
40.000000, 39.991711
64.000000, 63.992123
53.000000, 52.997135
78.000000, 78.001434
56.000000, 55.970127
51.000000, 51.000317
69.000000, 69.001526
17.000000, 16.983429
13.000000, 13.009765
24.000000, 23.999264
64.000000, 64.005127
31.000000, 31.004255
45.000000, 45.001255
27.000000, 26.992285
10.000000, 9.999613
9.000000, 8.998113
103.000000, 102.967400
53.000000, 53.000916
71.000000, 71.002213
77.000000, 77.005112
54.000000, 54.000462
26.000000, 26.009666
29.000000, 29.000717
18.000000, 17.996525
20.000000, 20.000017
37.000000, 37.000179
168.000000, 168.017029
47.000000, 46.997971
59.000000, 58.987160
62.000000, 61.996967
28.000000, 28.001799
20.000000, 20.007748
56.000000, 55.990116
87.000000, 85.825943
127.000000, 126.997910
11.000000, 11.008269
22.000000, 21.998941
21.000000, 20.988726
70.000000, 69.985428
29.000000, 28.999401
14.000000, 14.013302
35.000000, 34.994949
24.000000, 23.998402
88.000000, 88.019310
80.000000, 80.220764
85.000000, 85.005981
23.000000, 23.000206
100.000000, 99.995132
35.000000, 35.003815
27.000000, 26.996542
22.000000, 22.000870
63.000000, 62.999657
38.000000, 37.992912
50.000000, 49.999390
53.000000, 52.983410
107.000000, 107.002518
122.000000, 122.005074
24.000000, 24.006111
2.000000, 1.994856
83.000000, 83.003052
30.000000, 30.000063
32.000000, 31.997608
26.000000, 26.564716
19.000000, 18.944901
37.000000, 37.009541
23.000000, 23.004959
6.000000, 6.003076
21.000000, 21.003040
20.000000, 20.001867
18.000000, 18.012562
29.000000, 29.003077
25.000000, 24.993155
21.000000, 20.996107
28.000000, 27.993998
40.000000, 40.004055
5.000000, 4.997722
62.000000, 61.993877
25.000000, 24.995972
28.000000, 27.999199
137.000000, 136.998917
17.000000, 16.994736
14.000000, 12.436845
16.000000, 16.007566
67.000000, 67.006401
21.000000, 21.005886
54.000000, 53.997150
26.000000, 26.000319
6.000000, 6.000480
13.000000, 13.025953
115.000000, 114.993759
51.000000, 51.023106
232.000000, 232.013489
119.000000, 118.999840
29.000000, 28.997967
39.000000, 39.006443
29.000000, 28.998524
38.000000, 37.999477
75.000000, 74.986885
29.000000, 29.000591
28.000000, 28.004433
74.000000, 74.000153
30.000000, 30.010159
10.000000, 10.003913
68.000000, 67.993744
58.000000, 57.990772
22.000000, 21.997055
90.000000, 90.000000
46.000000, 46.002117
78.000000, 78.003204
33.000000, 32.996120
28.000000, 27.995071
139.000000, 138.992615
16.000000, 15.997120
56.000000, 55.968761
38.000000, 38.004971
74.000000, 73.998169
15.000000, 15.018590
28.000000, 27.999702
3.000000, 2.998857
36.000000, 36.093815
22.000000, 21.999332
40.000000, 39.999546
53.000000, 52.997555
23.000000, 22.997540
17.000000, 16.998703
186.000000, 186.047836
33.000000, 32.991989
83.000000, 83.007538
106.000000, 106.012054
67.000000, 67.003220
33.000000, 32.997433
14.000000, 15.257617
64.000000, 64.006241
26.000000, 25.971504
105.000000, 104.980049
18.000000, 17.236385
91.000000, 90.998047
15.000000, 15.001776
33.000000, 33.005840
11.000000, 10.998281
59.000000, 59.008793
110.000000, 109.973984
17.000000, 17.001778
53.000000, 53.003345
16.000000, 15.985353
123.000000, 123.000031
63.000000, 24.268217
36.000000, 36.001884
63.000000, 62.988049
7.000000, 6.996070
64.000000, 61.828403
51.000000, 50.993095
8.000000, 8.016680
42.000000, 41.999203
32.000000, 31.998421
153.000000, 152.999786
74.000000, 73.993439
7.000000, 6.995612
95.000000, 95.014420
14.000000, 13.996793
18.000000, 18.000566
6.000000, 6.004910
139.000000, 138.990173
55.000000, 54.993279
28.000000, 27.994192
35.000000, 34.999386
32.000000, 31.998108
143.000000, 142.994263
40.000000, 40.001125
84.000000, 84.019028
12.000000, 12.001870
51.000000, 51.001316
142.000000, 142.043488
43.000000, 43.007786
41.000000, 40.998405
4.000000, 3.993906
22.000000, 21.998825
13.000000, 13.011422
30.000000, 29.305452
157.000000, 157.040298
11.000000, 11.003476
16.000000, 16.002148
22.000000, 22.000637
11.000000, 10.998327
20.000000, 20.000780
63.000000, 62.964077
19.000000, 19.002064
38.000000, 38.011879
85.000000, 84.994690
25.000000, 25.012901
159.000000, 158.935593
25.000000, 25.001211
105.000000, 105.013374
20.000000, 19.994295
65.000000, 64.970520
29.000000, 28.398201
18.000000, 18.021208
21.000000, 20.984596
52.000000, 51.996220
26.000000, 25.997036
4.000000, 3.997997
66.000000, 66.000397
56.000000, 55.999043
79.000000, 79.002327
103.000000, 102.972321
55.000000, 54.972065
22.000000, 21.991642
63.000000, 62.996735
81.000000, 80.999969
28.000000, 27.999643
10.000000, 9.999280
24.000000, 23.993996
37.000000, 37.002575
38.000000, 37.997532
32.000000, 32.002979
75.000000, 74.995178
84.000000, 83.431099
16.000000, 15.999731
75.000000, 74.901726
7.000000, 7.001787
50.000000, 50.002186
43.000000, 42.999870
39.000000, 39.005714
45.000000, 44.997047
49.000000, 48.999157
67.000000, 67.001999
17.000000, 17.003609
107.000000, 107.015396
37.000000, 36.996525
45.000000, 44.992512
47.000000, 46.997791
20.000000, 20.000187
18.000000, 17.989304
8.000000, 8.007412
30.000000, 29.994762
41.000000, 41.001553
20.000000, 20.001621
1.000000, 1.020847
84.000000, 83.996857
140.000000, 140.001007
71.000000, 70.999718
39.000000, 39.001369
29.000000, 29.001156
28.000000, 28.009249
94.000000, 94.001801
51.000000, 51.003162
13.000000, 13.157140
46.000000, 46.012791
8.000000, 7.996655
61.000000, 61.001324
79.000000, 78.977623
36.000000, 35.997574
68.000000, 67.999863
29.000000, 28.993891
54.000000, 54.003239
79.000000, 79.019005
24.000000, 24.002977
86.000000, 86.006470
46.000000, 45.997211
27.000000, 27.002901
44.000000, 44.000172
35.000000, 34.995506
6.000000, 6.002343
110.000000, 109.989197
24.000000, 23.995171
226.000000, 225.968994
36.000000, 35.998947
59.000000, 58.996471
10.000000, 9.998616
88.000000, 88.002777
18.000000, 18.001522
51.000000, 51.000317
42.000000, 42.000645
30.000000, 30.001822
66.000000, 66.028824
18.000000, 17.990021
28.000000, 28.003105
86.000000, 85.993973
45.000000, 45.008087
59.000000, 59.000851
101.000000, 100.963676
114.000000, 114.000916
4.000000, 3.991663
196.000000, 195.984497
48.000000, 47.999084
17.000000, 16.997915
43.000000, 43.000908
28.000000, 27.954962
5.000000, 4.996814
45.000000, 44.993031
11.000000, 11.007201
42.000000, 42.004074
33.000000, 33.147152
56.000000, 55.998302
19.000000, 18.999504
95.000000, 95.006363
24.000000, 23.996870
46.000000, 45.993237
89.000000, 89.003174
68.000000, 68.004181
3.000000, 2.978763
74.000000, 73.993988
118.000000, 118.001358
43.000000, 43.002827
110.000000, 110.000687
45.000000, 45.034969
132.000000, 131.985504
66.000000, 66.048416
53.000000, 53.001457
130.000000, 130.027710
28.000000, 28.004082
97.000000, 97.024490
120.000000, 120.000809
31.000000, 30.996147
83.000000, 83.008408
145.000000, 144.987137
95.000000, 94.990570
21.000000, 20.999199
22.000000, 22.004725
48.000000, 47.972961
94.000000, 93.990768
32.000000, 32.025635
32.000000, 32.004089
24.000000, 24.007423
107.000000, 107.003448
29.000000, 28.992504
8.000000, 7.998330
40.000000, 40.004307
28.000000, 27.991045
71.000000, 70.999741
86.000000, 86.006653
73.000000, 72.998360
60.000000, 59.998646
85.000000, 84.999359
41.000000, 40.999493
65.000000, 64.969376
27.000000, 27.002037
20.000000, 20.003778
58.000000, 58.003494
60.000000, 59.997654
16.000000, 16.036396
121.000000, 121.006302
69.000000, 68.997398
52.000000, 52.000904
61.000000, 60.990463
52.000000, 52.014034
67.000000, 67.000015
16.000000, 16.529472
176.000000, 175.987350
28.000000, 27.995857
37.000000, 36.998684
9.000000, 8.981759
19.000000, 19.004129
19.000000, 19.000320
26.000000, 26.000984
36.000000, 36.555790
224.000000, 224.014114
70.000000, 69.998985
33.000000, 33.002121
54.000000, 53.967781
81.000000, 81.005920
28.000000, 28.000587
36.000000, 35.998150
30.000000, 30.005245
90.000000, 89.994987
39.000000, 38.998367
32.000000, 31.992615
18.000000, 17.995808
140.000000, 140.004791
186.000000, 186.008301
26.000000, 26.001415
85.000000, 85.002769
56.000000, 55.986233
34.000000, 33.994949
7.000000, 6.990236
15.000000, 14.996364
34.000000, 33.991146
107.000000, 107.000793
129.000000, 129.000259
42.000000, 42.002972
13.000000, 13.000888
17.000000, 17.029629
47.000000, 46.997501
7.000000, 6.996930
28.000000, 27.993912
8.000000, 7.994969
52.000000, 51.999546
51.000000, 50.997425
117.000000, 116.986633
27.000000, 26.996925
53.000000, 52.998474
60.000000, 59.999989
11.000000, 11.002346
16.000000, 15.994787
44.000000, 44.002392
21.000000, 20.999588
81.000000, 81.010384
88.000000, 87.973022
54.000000, 53.996967
5.000000, 5.002193
47.000000, 47.242699
152.000000, 152.024323
99.000000, 98.998978
91.000000, 90.995979
79.000000, 79.020111
30.000000, 29.994408
36.000000, 36.001179
25.000000, 24.997505
93.000000, 92.958382
32.000000, 31.999912
26.000000, 26.010078
32.000000, 31.997671
8.000000, 8.000299
10.000000, 9.998414
13.000000, 13.000141
75.000000, 75.006203
15.000000, 15.004984
98.000000, 98.001038
25.000000, 24.987988
37.000000, 37.005299
70.000000, 69.986877
17.000000, 15.899116
29.000000, 29.005747
37.000000, 36.986187
79.000000, 79.008224
56.000000, 56.001087
38.000000, 37.998768
51.000000, 50.996502
30.000000, 30.000641
20.000000, 20.006695
41.000000, 40.990902
123.000000, 122.988205
23.000000, 23.005377
87.000000, 86.997284
62.000000, 61.992397
119.000000, 118.996231
15.000000, 14.991583
35.000000, 34.993095
71.000000, 71.318039
15.000000, 14.997476
30.000000, 29.988335
26.000000, 26.013420
55.000000, 54.997417
23.000000, 23.007858
16.000000, 15.998875
79.000000, 79.003708
91.000000, 91.002670
59.000000, 58.429226
75.000000, 75.025543
59.000000, 58.992535
81.000000, 80.991478
35.000000, 34.987080
53.000000, 52.993553
74.000000, 73.997955
97.000000, 96.999245
46.000000, 46.004520
4.000000, 4.018437
30.000000, 29.985579
32.000000, 32.000526
10.000000, 10.000903
53.000000, 52.983425
10.000000, 9.993972
13.000000, 13.007863
48.000000, 48.371708
26.000000, 25.998749
16.000000, 15.999356
57.000000, 56.998600
77.000000, 77.002708
76.000000, 77.593704
84.000000, 84.002838
28.000000, 27.999449
11.000000, 10.993936
19.000000, 18.996170
26.000000, 26.010851
55.000000, 55.004475
124.000000, 123.998795
25.000000, 24.998047
100.000000, 99.984528
31.000000, 31.005600
5.000000, 4.997601
1.000000, 0.998144
30.000000, 30.009418
20.000000, 19.995197
10.000000, 9.999875
6.000000, 6.000497
99.000000, 98.999634
5.000000, 4.990229
4.000000, 4.003834
36.000000, 36.002750
31.000000, 30.995728
14.000000, 14.003623
223.000000, 222.990417
37.000000, 36.641762
57.000000, 57.000835
11.000000, 11.002588
14.000000, 13.998633
201.000000, 201.039185
16.000000, 16.056152
20.000000, 20.001392
213.000000, 212.978516
94.000000, 94.028297
14.000000, 13.997989
36.000000, 35.998547
14.000000, 13.997351
154.000000, 153.953186
62.000000, 61.998531
42.000000, 41.990276
52.000000, 52.001842
18.000000, 18.005739
35.000000, 34.940441
69.000000, 69.001396
93.000000, 93.000015
104.000000, 104.013535
49.000000, 49.008141
24.000000, 24.002237
27.000000, 26.998116
36.000000, 36.006756
37.000000, 37.006756
26.000000, 25.996593
45.000000, 44.994755
16.000000, 15.995205
2.000000, 2.014687
48.000000, 47.998348
1.000000, 1.001848
45.000000, 45.007160
24.000000, 24.026154
109.000000, 108.990784
70.000000, 69.985626
90.000000, 90.001129
12.000000, 12.010093
84.000000, 83.956207
23.000000, 23.018948
34.000000, 33.995800
5.000000, 5.010403
29.000000, 29.003664
12.000000, 12.000114
6.000000, 6.005580
86.000000, 86.028557
292.000000, 292.078369
43.000000, 42.990986
106.000000, 105.988884
121.000000, 120.985931
45.000000, 45.001850
52.000000, 51.997982
40.000000, 40.005085
37.000000, 36.994587
37.000000, 36.999470
24.000000, 24.000332
79.000000, 79.005417
114.000000, 113.992065
62.000000, 62.002079
88.000000, 87.999237
91.000000, 91.001190
150.000000, 149.996399
54.000000, 52.898010
75.000000, 75.007492
30.000000, 29.995852
17.000000, 16.993639
69.000000, 69.007195
3.000000, 2.998428
13.000000, 12.995914
32.000000, 31.984371
72.000000, 71.982193
13.000000, 12.993150
17.000000, 16.998537
40.000000, 39.996555
80.000000, 80.000687
83.000000, 82.975494
59.000000, 59.002651
92.000000, 91.982590
37.000000, 36.996380
84.000000, 83.680939
72.000000, 71.994652
106.000000, 106.002258
52.000000, 51.998371
46.000000, 46.002064
77.000000, 76.998764
47.000000, 47.005123
22.000000, 22.026739
40.000000, 40.016579
44.000000, 43.996571
89.000000, 89.004700
31.000000, 31.000692
35.000000, 35.001598
66.000000, 65.991341
53.000000, 53.001064
114.000000, 113.990295
31.000000, 30.967428
85.000000, 84.993576
70.000000, 70.001389
90.000000, 89.998215
55.000000, 55.001362
126.000000, 125.997025
78.000000, 77.990158
30.000000, 29.997833
144.000000, 143.974350
13.000000, 13.011338
33.000000, 33.000301
34.000000, 34.002277
39.000000, 39.012154
7.000000, 6.974848
109.000000, 109.008530
37.000000, 36.990822
28.000000, 27.998203
44.000000, 44.010670
28.000000, 27.994999
115.000000, 115.008759
36.000000, 36.003445
134.000000, 134.006012
12.000000, 11.980720
47.000000, 47.002125
41.000000, 40.998295
32.000000, 31.993952
67.000000, 66.983635
38.000000, 38.001869
83.000000, 82.987732
6.000000, 6.000075
92.000000, 91.989510
63.000000, 62.995243
58.000000, 57.999966
23.000000, 23.002132
30.000000, 30.005896
70.000000, 70.000046
54.000000, 53.989445
125.000000, 124.997948
15.000000, 14.993098
11.000000, 10.999310
31.000000, 31.009495
21.000000, 20.999229
20.000000, 20.004099
33.000000, 33.006802
117.000000, 117.067703
141.000000, 140.992920
5.000000, 4.993516
27.000000, 26.990314
10.000000, 10.013984
49.000000, 49.020222
46.000000, 45.989502
56.000000, 56.000462
14.000000, 14.010423
99.000000, 98.997452
38.000000, 38.010323
126.000000, 125.983101
81.000000, 81.006134
22.000000, 21.992928
146.000000, 146.001801
4.000000, 4.004999
67.000000, 67.002579
12.000000, 12.004744
11.000000, 11.003242
73.000000, 73.006882
41.000000, 41.002110
85.000000, 84.999741
79.000000, 79.002266
27.000000, 26.996674
40.000000, 40.015751
22.000000, 22.024731
34.000000, 34.000641
25.000000, 24.998728
32.000000, 31.999113
105.000000, 104.993378
26.000000, 25.992067
27.000000, 26.999279
59.000000, 59.000401
13.000000, 13.000844
88.000000, 88.001778
26.000000, 26.003197
23.000000, 23.001024
31.000000, 31.009445
54.000000, 53.998665
24.000000, 24.000782
28.000000, 27.997368
83.000000, 83.000534
17.000000, 16.996372
67.000000, 67.002335
101.000000, 100.991913
38.000000, 37.972214
17.000000, 17.002678
8.000000, 8.003226
52.000000, 52.003834
25.000000, 25.001242
75.000000, 75.002548
36.000000, 35.997997
74.000000, 73.979286
45.000000, 45.003918
61.000000, 60.999035
17.000000, 16.997730
69.000000, 69.000206
97.000000, 96.951195
67.000000, 67.011765
23.000000, 23.000378
54.000000, 54.009594
107.000000, 107.006821
29.000000, 28.999945
24.000000, 24.007166
56.000000, 56.002102
22.000000, 22.035292
45.000000, 45.013157
95.000000, 95.008667
34.000000, 34.000748
12.000000, 12.002192
1.000000, 0.995763
93.000000, 93.002350
39.000000, 39.015255
83.000000, 83.003738
112.000000, 111.990944
47.000000, 47.003376
21.000000, 21.010239
14.000000, 13.996557
59.000000, 58.969620
40.000000, 39.992985
29.000000, 29.000004
8.000000, 7.982450
36.000000, 35.994312
63.000000, 62.997475
63.000000, 63.007324
15.000000, 14.996591
66.000000, 65.995857
13.000000, 13.002135
31.000000, 30.990795
37.000000, 36.997936
35.000000, 35.002575
79.000000, 79.012611
45.000000, 44.998959
29.000000, 29.004202
32.000000, 31.995567
24.000000, 23.988869
66.000000, 65.998566
40.000000, 39.863087
111.000000, 110.998993
98.000000, 98.002747
101.000000, 100.977173
27.000000, 27.003136
80.000000, 79.999260
82.000000, 82.005997
55.000000, 54.997601
64.000000, 64.008034
45.000000, 45.000263
63.000000, 62.995651
36.000000, 36.001759
29.000000, 28.997971
38.000000, 38.001209
124.000000, 123.990677
45.000000, 44.996868
11.000000, 11.001241
25.000000, 24.996197
103.000000, 103.022385
13.000000, 12.998467
86.000000, 86.001190
35.000000, 35.001999
23.000000, 22.988087
97.000000, 96.983971
98.000000, 98.000725
41.000000, 40.988110
11.000000, 11.000937
24.000000, 24.007450
10.000000, 10.002112
131.000000, 131.000061
24.000000, 23.998549
34.000000, 33.990635
22.000000, 21.991983
41.000000, 40.983624
28.000000, 27.997349
87.000000, 87.004692
86.000000, 86.040482
179.000000, 179.036819
109.000000, 109.001907
51.000000, 50.991543
14.000000, 14.001103
99.000000, 98.994431
70.000000, 70.002274
72.000000, 71.997192
12.000000, 12.441941
76.000000, 75.995041
45.000000, 45.003071
79.000000, 79.003471
85.000000, 85.002243
25.000000, 24.964546
21.000000, 21.004791
79.000000, 79.002739
17.000000, 16.992126
20.000000, 19.996906
77.000000, 77.007065
14.000000, 13.997765
8.000000, 7.995913
73.000000, 72.987259
32.000000, 32.000446
82.000000, 82.003380
41.000000, 40.999043
9.000000, 9.004241
9.000000, 8.980635
55.000000, 54.992519
43.000000, 43.003193
141.000000, 141.000763
79.000000, 78.987152
7.000000, 7.011840
25.000000, 25.005205
74.000000, 74.003845
76.000000, 75.999512
42.000000, 41.349720
46.000000, 46.004921
35.000000, 34.999691
16.000000, 16.003534
40.000000, 40.000233
27.000000, 26.998821
7.000000, 6.987257
39.000000, 38.998402
65.000000, 65.005005
63.000000, 62.997463
52.000000, 51.995243
100.000000, 100.003174
16.000000, 15.999841
32.000000, 32.000229
74.000000, 74.011154
31.000000, 30.999332
115.000000, 114.998817
30.000000, 30.025337
58.000000, 58.001644
8.000000, 7.994990
56.000000, 56.020943
40.000000, 40.000515
25.000000, 25.000263
35.000000, 34.997204
36.000000, 16.452875
27.000000, 26.998848
53.000000, 52.999638
72.000000, 71.990250
18.000000, 17.928972
74.000000, 74.002831
129.000000, 129.008102
12.000000, 12.668039
54.000000, 53.997723
12.000000, 12.006933
15.000000, 14.992082
119.000000, 118.983673
30.000000, 29.991488
39.000000, 39.002842
14.000000, 14.008866
109.000000, 108.991302
75.000000, 74.991417
16.000000, 15.996096
18.000000, 18.012413
46.000000, 46.002972
10.000000, 10.002990
27.000000, 26.998114
16.000000, 15.994988
43.000000, 43.006351
23.000000, 23.005640
58.000000, 58.006710
11.000000, 10.998220
52.000000, 51.994965
46.000000, 45.849819
3.000000, 3.339188
33.000000, 32.996754
57.000000, 56.994392
16.000000, 16.001320
59.000000, 59.000950
12.000000, 12.001346
50.000000, 50.003910
42.000000, 41.993237
20.000000, 20.009008
25.000000, 24.999783
56.000000, 56.002911
88.000000, 88.008492
86.000000, 86.002808
30.000000, 29.994925
116.000000, 115.984894
61.000000, 61.001812
5.000000, 4.985704
18.000000, 17.982803
13.000000, 13.010434
39.000000, 38.997700
95.000000, 95.006836
13.000000, 12.998777
2.000000, 1.996511
50.000000, 49.999081
33.000000, 31.847275
29.000000, 28.992985
25.000000, 24.997751
16.000000, 15.998455
17.000000, 16.991537
86.000000, 86.002594
42.000000, 42.003506
26.000000, 26.001522
56.000000, 55.997456
26.000000, 25.998924
41.000000, 41.011036
68.000000, 68.001045
58.000000, 57.999142
17.000000, 16.974930
20.000000, 19.922897
54.000000, 54.004601
44.000000, 44.001160
78.000000, 78.007080
59.000000, 58.998768
31.000000, 30.983547
12.000000, 11.999257
59.000000, 58.999737
18.000000, 18.004124
8.000000, 7.997479
97.000000, 96.986725
65.000000, 65.006393
11.000000, 11.001743
31.000000, 31.001949
46.000000, 46.003460
62.000000, 61.989765
62.000000, 61.633732
20.000000, 20.009262
99.000000, 98.995651
18.000000, 18.007156
115.000000, 114.993210
18.000000, 17.993095
146.000000, 146.000549
60.000000, 59.993282
22.000000, 21.996525
100.000000, 99.999588
21.000000, 21.000666
186.000000, 185.999603
49.000000, 49.008724
20.000000, 19.995333
60.000000, 59.983189
46.000000, 46.024250
75.000000, 75.005722
97.000000, 97.016159
34.000000, 34.000252
47.000000, 46.996124
30.000000, 29.990047
72.000000, 72.020950
55.000000, 55.001141
95.000000, 83.900558
10.000000, 9.996007
5.000000, 4.989944
53.000000, 53.003952
48.000000, 48.009312
53.000000, 53.027477
61.000000, 61.005505
12.000000, 17.574051
63.000000, 63.001530
17.000000, 16.999931
37.000000, 36.994595
24.000000, 23.988785
57.000000, 57.009888
99.000000, 99.004364
26.000000, 26.003756
74.000000, 74.016006
22.000000, 21.998056
37.000000, 37.000317
32.000000, 32.008251
24.000000, 23.814892
34.000000, 33.210064
37.000000, 36.999832
14.000000, 14.014406
14.000000, 14.001142
17.000000, 16.983120
10.000000, 10.084082
54.000000, 54.013927
25.000000, 24.998962
55.000000, 55.004559
20.000000, 19.997936
69.000000, 69.003868
28.000000, 28.000957
6.000000, 5.992814
114.000000, 114.035110
30.000000, 29.998695
49.000000, 49.005791
27.000000, 26.981644
47.000000, 47.001461
61.000000, 60.981876
23.000000, 23.003170
102.000000, 102.003029
11.000000, 10.995704
69.000000, 69.003723
79.000000, 78.982605
58.000000, 57.991100
66.000000, 65.996178
18.000000, 17.996525
45.000000, 44.993687
87.000000, 87.000847
47.000000, 46.995880
20.000000, 20.000935
16.000000, 16.000235
35.000000, 34.990078
24.000000, 23.988258
11.000000, 11.000855
9.000000, 8.998012
22.000000, 22.016598
94.000000, 94.027649
48.000000, 48.028217
20.000000, 19.993942
30.000000, 30.005875
71.000000, 70.999252
72.000000, 72.000916
81.000000, 80.586731
4.000000, 4.005589
85.000000, 85.003098
30.000000, 30.030651
81.000000, 80.999817
65.000000, 65.003036
33.000000, 32.997341
34.000000, 33.987057
7.000000, 6.999327
8.000000, 8.000125
29.000000, 28.998985
9.000000, 8.998719
5.000000, 4.995910
32.000000, 31.996565
61.000000, 61.009289
22.000000, 22.002642
59.000000, 59.003338
26.000000, 25.985165
36.000000, 36.004665
24.000000, 24.016102
115.000000, 115.006454
14.000000, 14.000631
82.000000, 81.991013
54.000000, 53.996273
23.000000, 22.999174
33.000000, 32.992348
63.000000, 63.001347
93.000000, 92.993660
20.000000, 20.000982
36.000000, 36.019726
30.000000, 29.993116
27.000000, 27.002853
11.000000, 10.999743
72.000000, 71.990555
96.000000, 95.996254
85.000000, 84.998459
26.000000, 25.997438
64.000000, 63.996410
25.000000, 24.998949
10.000000, 9.991578
21.000000, 20.991289
10.000000, 10.004996
31.000000, 31.000084
13.000000, 12.999216
17.000000, 17.005661
22.000000, 22.001236
20.000000, 20.000357
116.000000, 115.997269
145.000000, 145.000702
161.000000, 161.005371
39.000000, 38.995487
28.000000, 27.994015
12.000000, 12.000129
116.000000, 116.008675
8.000000, 8.021103
1.000000, 1.006250
49.000000, 49.000900
22.000000, 22.006981
25.000000, 25.528427
51.000000, 51.002529
58.000000, 57.998199
86.000000, 85.993057
51.000000, 51.001926
42.000000, 42.006424
90.000000, 89.999496
52.000000, 52.009590
41.000000, 40.996021
27.000000, 26.999245
73.000000, 73.003799
25.000000, 24.933643
53.000000, 52.992874
59.000000, 58.996483
13.000000, 13.000024
18.000000, 18.002731
32.000000, 31.996489
61.000000, 60.999767
78.000000, 78.000237
49.000000, 49.000553
16.000000, 16.001888
9.000000, 8.999305
27.000000, 27.007969
8.000000, 8.006713
76.000000, 76.010071
215.000000, 214.978424
44.000000, 43.978012
5.000000, 5.002009
41.000000, 41.000286
28.000000, 30.759933
115.000000, 114.978760
40.000000, 40.000004
79.000000, 78.993057
59.000000, 58.999748
24.000000, 24.008036
8.000000, 8.002537
33.000000, 32.115116
15.000000, 15.010625
25.000000, 25.004936
6.000000, 5.995763
133.000000, 132.992279
23.000000, 23.002195
43.000000, 43.005436
86.000000, 86.023880
84.000000, 83.995186
38.000000, 38.002079
54.000000, 53.997166
5.000000, 4.962602
29.000000, 29.003399
11.000000, 10.999367
5.000000, 5.004992
35.000000, 35.006306
28.000000, 28.008549
24.000000, 24.002003
27.000000, 26.982624
61.000000, 60.985950
38.000000, 37.993839
40.000000, 40.003536
51.000000, 51.017021
35.000000, 35.000675
99.000000, 99.003845
9.000000, 8.998419
66.000000, 65.998978
72.000000, 74.558456
44.000000, 44.003407
38.000000, 38.001919
7.000000, 7.007642
21.000000, 20.987000
80.000000, 79.998718
19.000000, 19.002762
167.000000, 167.002487
19.000000, 18.992283
42.000000, 42.007023
20.000000, 19.998682
20.000000, 20.004326
53.000000, 52.999302
46.000000, 46.003765
27.000000, 26.999456
24.000000, 23.997669
56.000000, 55.996647
85.000000, 85.004776
23.000000, 23.000149
38.000000, 38.001717
55.000000, 54.999195
16.000000, 16.029196
35.000000, 34.999279
28.000000, 28.017673
128.000000, 127.342300
20.000000, 20.000008
17.000000, 16.988968
75.000000, 75.001389
11.000000, 10.999812
20.000000, 20.004490
27.000000, 26.997782
117.000000, 117.001892
104.000000, 103.995720
43.000000, 43.001095
154.000000, 154.017426
93.000000, 92.997078
10.000000, 9.993876
14.000000, 13.994738
41.000000, 40.999893
61.000000, 61.002880
45.000000, 45.001377
24.000000, 18.330650
28.000000, 28.001671
135.000000, 134.993546
57.000000, 57.004421
21.000000, 21.001291
16.000000, 15.998811
12.000000, 12.006242
42.000000, 42.003262
32.000000, 31.995211
109.000000, 109.007202
18.000000, 17.996090
8.000000, 7.989745
22.000000, 22.003944
31.000000, 30.996082
25.000000, 25.004868
4.000000, 4.002424
27.000000, 27.003120
84.000000, 84.006348
36.000000, 36.003773
8.000000, 7.982852
101.000000, 100.996933
27.000000, 28.862162
28.000000, 27.999615
33.000000, 33.005825
19.000000, 18.995079
78.000000, 77.999359
179.000000, 179.021210
72.000000, 72.000519
49.000000, 48.999706
34.000000, 33.996792
13.000000, 13.014661
5.000000, 4.994065
12.000000, 11.999820
30.000000, 29.998203
71.000000, 70.999100
77.000000, 77.005783
20.000000, 20.000458
95.000000, 94.987389
6.000000, 6.002846
63.000000, 62.998211
23.000000, 23.002350
41.000000, 41.005508
64.000000, 64.002838
23.000000, 23.005962
18.000000, 18.002230
226.000000, 226.031067
55.000000, 54.998615
66.000000, 65.997391
68.000000, 68.009270
21.000000, 20.994583
27.000000, 26.540045
73.000000, 73.006973
37.000000, 36.998035
95.000000, 95.010834
42.000000, 41.999691
73.000000, 72.996559
28.000000, 27.983011
28.000000, 28.021044
24.000000, 24.002106
19.000000, 18.997786
34.000000, 33.670422
18.000000, 18.001198
33.000000, 32.996525
14.000000, 14.005876
31.000000, 30.998079
62.000000, 61.985561
9.000000, 9.053798
31.000000, 31.650595
74.000000, 73.998703
63.000000, 62.997257
47.000000, 46.998501
30.000000, 29.999165
11.000000, 10.991219
79.000000, 79.000549
50.000000, 49.998322
34.000000, 33.005894
4.000000, 4.000953
27.000000, 26.989338
68.000000, 68.000000
42.000000, 41.996487
49.000000, 48.564438
5.000000, 5.037268
16.000000, 16.000532
61.000000, 60.998737
28.000000, 27.997795
34.000000, 33.995014
30.000000, 29.975815
44.000000, 43.996552
26.000000, 26.490124
80.000000, 80.019211
12.000000, 11.988927
31.000000, 31.001842
5.000000, 4.981165
40.000000, 39.996571
31.000000, 31.002630
13.000000, 12.996903
101.000000, 101.012833
24.000000, 23.999119
61.000000, 60.999477
35.000000, 34.996216
48.000000, 47.985271
70.000000, 69.998444
14.000000, 13.979323
55.000000, 55.000664
38.000000, 38.039356
10.000000, 10.004065
15.000000, 15.003234
46.000000, 46.353207
40.000000, 40.008366
100.000000, 99.998260
140.000000, 139.987030
89.000000, 91.990059
187.000000, 187.082855
81.000000, 81.000267
12.000000, 11.999708
38.000000, 37.998951
14.000000, 13.989587
30.000000, 30.003393
13.000000, 13.010256
26.000000, 26.004074
76.000000, 75.963135
101.000000, 101.002449
42.000000, 41.997524
29.000000, 29.005207
126.000000, 125.978035
70.000000, 69.999031
45.000000, 45.008423
71.000000, 70.998688
69.000000, 69.004227
34.000000, 33.999645
58.000000, 57.996513
22.000000, 21.996855
72.000000, 71.999054
54.000000, 54.009617
11.000000, 10.999584
24.000000, 24.003960
13.000000, 13.002760
119.000000, 119.000015
102.000000, 101.989380
109.000000, 109.000305
190.000000, 189.944687
522.000000, 314.639221
22.000000, 22.416172
14.000000, 13.988023
121.000000, 121.004318
32.000000, 31.998375
15.000000, 15.007560
55.000000, 55.004444
5.000000, 4.999957
40.000000, 39.996700
40.000000, 40.004219
24.000000, 23.999605
18.000000, 18.000313
27.000000, 26.998850
44.000000, 43.998760
32.000000, 33.378574
19.000000, 18.995022
13.000000, 13.004761
187.000000, 187.012741
29.000000, 28.987226
40.000000, 40.006290
30.000000, 30.005785
20.000000, 20.005112
16.000000, 15.998473
