compound,auid,aurl,spacegroup_relax,Pearson_symbol_relax,agl_gruneisen,agl_thermal_conductivity_300K,agl_debye,agl_heat_capacity_Cv_300K,ael_bulk_modulus_vrh,ael_shear_modulus_vrh,natoms,density,poscar_file
He8Ne4,aflow:0c36787efc568915,aflowlib.duke.edu:AFLOWDATA/ICSD_WEB/HEX/He2Ne1_ICSD_659143,194,hP12,0.00210114,0.0423603,62.8615,35.9206,3.77037,1.1662,12,1.01028,aflow_0c36787efc568915.poscar
Co2Ge1Zn1,aflow:6be08f2a9d7b1505,aflowlib.duke.edu:AFLOWDATA/ICSD_WEB/FCC/Co2Ge1Zn1_ICSD_52994,225,cF16,0.597264,10.6235,181.003,11.7862,73.8333,13.0602,4,7.5727,aflow_6be08f2a9d7b1505.poscar
Ba1,aflow:7b2394cca289b7b1,aflowlib.duke.edu:AFLOWDATA/ICSD_WEB/FCC/Ba1_ICSD_52679,225,cF4,1.10473,3.00786,83.9735,2.98859,8.37778,3.85914,1,3.56738,aflow_7b2394cca289b7b1.poscar
Sr2,aflow:91f8e6a03809ef58,aflowlib.duke.edu:AFLOWDATA/ICSD_WEB/HEX/Sr1_ICSD_44722,194,hP2,1.17362,2.94654,120.01,5.95417,11.6072,5.09916,2,2.63911,aflow_91f8e6a03809ef58.poscar
Ca1,aflow:da235dae85798482,aflowlib.duke.edu:AFLOWDATA/ICSD_WEB/FCC/Ca1_ICSD_181067,225,cF4,1.22539,9.44272,208.968,2.9309,17.3889,7.74843,1,1.5784,aflow_da235dae85798482.poscar
Ba2,aflow:863dc62f92621e76,aflowlib.duke.edu:AFLOWDATA/ICSD_WEB/HEX/Ba1_ICSD_52680,194,hP2,1.27614,1.81851,92.0006,5.97341,8.42265,4.63406,2,3.60231,aflow_863dc62f92621e76.poscar
Al1C1Er3,aflow:89e7078d2a0917cb,aflowlib.duke.edu:AFLOWDATA/ICSD_WEB/CUB/Al1C1Er3_ICSD_606192,221,cP5,1.36713,3.45882,173.043,14.7598,37.0278,15.383,5,6.00638,aflow_89e7078d2a0917cb.poscar
Co2Zr4,aflow:0a22469748423b7e,aflowlib.duke.edu:AFLOWDATA/ICSD_WEB/BCT/Co1Zr2_ICSD_625671,140,tI12,1.39221,3.04521,201.976,17.6024,98.1264,18.2566,6,6.72505,aflow_0a22469748423b7e.poscar
Cs1,aflow:5acbf212d1783298,aflowlib.duke.edu:AFLOWDATA/ICSD_WEB/BCC/Cs1_ICSD_426937,229,cI2,1.48274,0.148068,36.0384,2.99834,2.22778,0.630101,1,1.91348,aflow_5acbf212d1783298.poscar
Al1C1Tb3,aflow:b3744e8adac37cc5,aflowlib.duke.edu:AFLOWDATA/ICSD_WEB/CUB/Al1C1Tb3_ICSD_606265,221,cP5,1.49762,2.00545,156.05,14.8061,35.6278,11.9888,5,5.5375,aflow_b3744e8adac37cc5.poscar
B1H4Na1,aflow:3a531e5b3aa9205e,aflowlib.duke.edu:AFLOWDATA/ICSD_WEB/FCC/B1H4Na1_ICSD_165835,216,cF24,1.53076,7.46572,734.611,13.5892,20.9167,12.4896,6,1.10257,aflow_3a531e5b3aa9205e.poscar
B4H16Na4,aflow:6460fdfb6bb26434,aflowlib.duke.edu:AFLOWDATA/ICSD_WEB/CUB/B1H4Na1_ICSD_182734,215,cP24,1.5363,3.12794,753.86,53.5484,20.4,12.5613,24,1.13721,aflow_6460fdfb6bb26434.poscar
Mg1Tb2,aflow:b423dadc0febee94,aflowlib.duke.edu:AFLOWDATA/ICSD_WEB/BCT/Mg1Tb2_ICSD_55549,139,tI6,1.53909,4.649,182.962,8.84013,39.5953,18.5495,3,6.49411,aflow_b423dadc0febee94.poscar
Ho1Mg1,aflow:726d2384643098a1,aflowlib.duke.edu:AFLOWDATA/ICSD_WEB/CUB/Ho1Mg1_ICSD_104417,221,cP2,1.54628,6.36478,200.003,5.87393,41.5833,19.6042,2,5.85147,aflow_726d2384643098a1.poscar
Ca7Ge1,aflow:4f2cacf7ff9a274e,aflowlib.duke.edu:AFLOWDATA/ICSD_WEB/FCC/Ca7Ge1_ICSD_43321,225,cF32,1.55078,1.29657,199.941,23.5061,19.35,7.87138,8,2.01044,aflow_4f2cacf7ff9a274e.poscar
Li2,aflow:5588568293d3f856,aflowlib.duke.edu:AFLOWDATA/ICSD_WEB/HEX/Li1_ICSD_44760,194,hP2,1.5621,3.15764,390.198,5.56879,13.9884,6.79437,2,0.568605,aflow_5588568293d3f856.poscar
B12H12Tl2,aflow:0e2d4391f6123980,aflowlib.duke.edu:AFLOWDATA/ICSD_WEB/FCC/B12H12Tl2_ICSD_151981,202,cF104,1.56692,1.89286,428.177,70.7769,12.1451,4.31411,26,2.85714,aflow_0e2d4391f6123980.poscar
B4H16Hf1,aflow:26c10d524c048ff1,aflowlib.duke.edu:AFLOWDATA/ICSD_WEB/CUB/B4H16Hf1_ICSD_35379,215,cP21,1.56821,13.1745,974.856,38.8306,3.93333,5.81964,21,1.81118,aflow_26c10d524c048ff1.poscar
B6H24Y2,aflow:235095bcd59919a5,aflowlib.duke.edu:AFLOWDATA/ICSD_WEB/FCC/B3H12Y1_ICSD_169076,226,cF128,1.57124,3.08241,731.63,72.6148,29.5333,17.3461,32,1.31951,aflow_235095bcd59919a5.poscar
Li23Sr6,aflow:9e7d5ff7423c0535,aflowlib.duke.edu:AFLOWDATA/ICSD_WEB/FCC/Li23Sr6_ICSD_15702,225,cF116,1.57131,0.511623,250.066,84.3566,12.8167,7.41574,29,1.40868,aflow_9e7d5ff7423c0535.poscar
B6H6K2,aflow:7e573b2c847567ad,aflowlib.duke.edu:AFLOWDATA/ICSD_WEB/FCC/B6H6K2_ICSD_65507,225,cF56,1.57286,10.454,827.165,29.4809,12.0333,9.77161,14,1.40029,aflow_7e573b2c847567ad.poscar
Sr1,aflow:4f01f9799983fd51,aflowlib.duke.edu:AFLOWDATA/ICSD_WEB/FCC/Sr1_ICSD_44721,225,cF4,1.60502,2.66941,124.981,2.97611,11.1778,5.39757,1,2.6701,aflow_4f01f9799983fd51.poscar
C1Dy3Ga1,aflow:92cdec1b0786b0cd,aflowlib.duke.edu:AFLOWDATA/ICSD_WEB/CUB/C1Dy3Ga1_ICSD_76812,221,cP5,1.61574,2.79703,179.038,14.7451,43.5056,17.8771,5,6.35884,aflow_92cdec1b0786b0cd.poscar
Fe2Zr4,aflow:f1d774fa5d7605af,aflowlib.duke.edu:AFLOWDATA/ICSD_WEB/BCT/Fe1Zr2_ICSD_102804,140,tI12,1.62633,1.52389,180.031,17.6876,92.141,14.3518,6,6.5324,aflow_f1d774fa5d7605af.poscar
Cs3H9Mg3,aflow:4d44ca8da00e59f9,aflowlib.duke.edu:AFLOWDATA/ICSD_WEB/RHL/Cs1H3Mg1_ICSD_162260,166,hR15,1.62667,1.84575,323.943,42.6555,24.0836,19.6954,15,3.1937,aflow_4d44ca8da00e59f9.poscar
Cs4Na8,aflow:ac17f93692487046,aflowlib.duke.edu:AFLOWDATA/ICSD_WEB/HEX/Cs1Na2_ICSD_627052,194,hP12,1.62668,0.131432,90.9868,35.8762,5.11304,2.24474,12,1.83313,aflow_ac17f93692487046.poscar
H2Pu1,aflow:9bd9f59d06ba13d3,aflowlib.duke.edu:AFLOWDATA/ICSD_WEB/FCC/H2Pu1_ICSD_56082,225,cF12,1.62984,2.38881,187.041,8.83772,62.4722,19.4141,3,10.7912,aflow_9bd9f59d06ba13d3.poscar
C1Ga1Ho3,aflow:989235fd2b674e5c,aflowlib.duke.edu:AFLOWDATA/ICSD_WEB/CUB/C1Ga1Ho3_ICSD_76843,221,cP5,1.63396,2.79809,179.995,14.7422,45.15,18.6515,5,6.543,aflow_989235fd2b674e5c.poscar
Br1H4N1,aflow:eda3b15c0480d51c,aflowlib.duke.edu:AFLOWDATA/ICSD_WEB/CUB/Br1H4N1_ICSD_43300,215,cP6,1.64106,5.64689,504.897,15.7479,18.0667,9.2643,6,2.38223,aflow_eda3b15c0480d51c.poscar
C1Er3Ga1,aflow:f757d479791e82ee,aflowlib.duke.edu:AFLOWDATA/ICSD_WEB/CUB/C1Er3Ga1_ICSD_76818,221,cP5,1.65105,2.66482,178.039,14.7474,46.4333,18.6439,5,6.71153,aflow_f757d479791e82ee.poscar
Cs1,aflow:0b0765ce5f98b0d4,aflowlib.duke.edu:AFLOWDATA/ICSD_WEB/FCC/Cs1_ICSD_42662,225,cF4,1.66203,0.196911,42.9222,2.99774,2.07222,0.819158,1,1.90719,aflow_0b0765ce5f98b0d4.poscar
La2Mg4,aflow:6ed0a2b15ea01c42,aflowlib.duke.edu:AFLOWDATA/ICSD_WEB/FCC/La1Mg2_ICSD_104660,227,cF24,1.66489,3.30268,246.956,17.4277,36.6778,19.6682,6,3.66109,aflow_6ed0a2b15ea01c42.poscar
Cl8H24N8,aflow:65482008ce923968,aflowlib.duke.edu:AFLOWDATA/ICSD_WEB/CUB/Cl2H6N2_ICSD_240903,205,cP40,1.68134,1.05159,514.289,104.437,22.6938,6.97604,40,1.40323,aflow_65482008ce923968.poscar
Mg8Tb4,aflow:846fd722f92af401,aflowlib.duke.edu:AFLOWDATA/ICSD_WEB/HEX/Mg2Tb1_ICSD_642872,194,hP12,1.686,1.57817,222.055,35.0714,42.4772,17.8344,12,4.41825,aflow_846fd722f92af401.poscar
Ho4Mg8,aflow:8400a768e7283e62,aflowlib.duke.edu:AFLOWDATA/ICSD_WEB/HEX/Ho1Mg2_ICSD_55550,194,hP12,1.68703,1.40506,211.934,35.154,42.6587,16.3605,12,4.60743,aflow_8400a768e7283e62.poscar
Dy4Mg8,aflow:9dfdfdc00cc18bd8,aflowlib.duke.edu:AFLOWDATA/ICSD_WEB/HEX/Dy1Mg2_ICSD_103159,194,hP12,1.68952,1.4885,216.922,35.1114,42.8884,17.3081,12,4.52218,aflow_9dfdfdc00cc18bd8.poscar
Ca3Hg1,aflow:d2bed74bc81630a5,aflowlib.duke.edu:AFLOWDATA/ICSD_WEB/CUB/Ca3Hg1_ICSD_58903,221,cP4,1.69042,1.26658,149.943,11.8629,23.8056,9.477,4,4.00798,aflow_d2bed74bc81630a5.poscar
Ho4Mg8,aflow:55b23f1a73a19a46,aflowlib.duke.edu:AFLOWDATA/ICSD_WEB/HEX/Ho1Mg2_ICSD_639381,194,hP12,1.69106,1.37806,210.967,35.1587,42.6621,16.2686,12,4.60693,aflow_55b23f1a73a19a46.poscar
Yb1,aflow:1cc72a1218ae7cc5,aflowlib.duke.edu:AFLOWDATA/ICSD_WEB/BCC/Yb1_ICSD_43572,229,cI2,1.69583,4.4612,126.902,2.97597,10.1611,9.05585,1,6.99569,aflow_1cc72a1218ae7cc5.poscar
K1,aflow:c45fd3cfd9ab3800,aflowlib.duke.edu:AFLOWDATA/ICSD_WEB/FCC/K1_ICSD_44669,225,cF4,1.69595,0.395712,87.0754,2.99085,3.73333,1.13168,1,0.889425,aflow_c45fd3cfd9ab3800.poscar
Er4Mg8,aflow:53cf3e30775379e9,aflowlib.duke.edu:AFLOWDATA/ICSD_WEB/HEX/Er1Mg2_ICSD_164275,194,hP12,1.69741,1.73968,227.978,35.0252,43.8606,19.5982,12,4.68926,aflow_53cf3e30775379e9.poscar
C1Y1,aflow:d1d764ad10d0eb67,aflowlib.duke.edu:AFLOWDATA/ICSD_WEB/FCC/C1Y1_ICSD_183160,216,cF8,1.7003,4.12962,236.011,5.82281,83.1167,15.3201,2,4.10771,aflow_d1d764ad10d0eb67.poscar
Er4Mg8,aflow:f0cec939337244e2,aflowlib.duke.edu:AFLOWDATA/ICSD_WEB/HEX/Er1Mg2_ICSD_657544,194,hP12,1.70032,1.6879,226.077,35.0364,44.0289,19.4341,12,4.68912,aflow_f0cec939337244e2.poscar
Na1,aflow:c3ff1f234732327a,aflowlib.duke.edu:AFLOWDATA/ICSD_WEB/BCC/Na1_ICSD_44757,229,cI2,1.70232,0.92445,148.98,2.97105,9.25,2.8828,1,1.09572,aflow_c3ff1f234732327a.poscar
H3Li1Sr1,aflow:82e85d467374c899,aflowlib.duke.edu:AFLOWDATA/ICSD_WEB/CUB/H3Li1Sr1_ICSD_23978,221,cP5,1.70791,1.54969,287.014,14.4034,21.8333,9.99763,5,1.63585,aflow_82e85d467374c899.poscar
K1,aflow:3942a1cdbcb67731,aflowlib.duke.edu:AFLOWDATA/ICSD_WEB/BCC/K1_ICSD_426949,229,cI2,1.70962,0.324953,82.0983,2.9918,3.88333,1.03926,1,0.888493,aflow_3942a1cdbcb67731.poscar
Na2,aflow:cea75a0f94945ef0,aflowlib.duke.edu:AFLOWDATA/ICSD_WEB/HEX/Na1_ICSD_44758,194,hP2,1.71028,1.03373,180.722,5.91468,9.12427,4.32634,2,1.09329,aflow_cea75a0f94945ef0.poscar
La16Mg4Ru4,aflow:ff083729d37a3e9f,aflowlib.duke.edu:AFLOWDATA/ICSD_WEB/FCC/La4Mg1Ru1_ICSD_418013,216,cF96,1.71987,1.04296,190.043,70.6251,44.5,18.8911,24,5.97465,aflow_ff083729d37a3e9f.poscar
Rb1,aflow:a16df87dec15ee9c,aflowlib.duke.edu:AFLOWDATA/ICSD_WEB/BCC/Rb1_ICSD_426967,229,cI2,1.72572,0.224737,54.9616,2.99643,3.15,0.987947,1,1.57177,aflow_a16df87dec15ee9c.poscar
Ca1H3Rb1,aflow:278d84623f7dab86,aflowlib.duke.edu:AFLOWDATA/ICSD_WEB/CUB/Ca1H3Rb1_ICSD_168717,221,cP5,1.72715,3.18739,337.865,14.1648,25.2833,19.5311,5,2.31385,aflow_278d84623f7dab86.poscar
Ba1H3Li1,aflow:eb724544dfdf1dd9,aflowlib.duke.edu:AFLOWDATA/ICSD_WEB/CUB/Ba1H3Li1_ICSD_23977,221,cP5,1.7335,0.769721,195.039,14.7279,17.7278,6.32928,5,1.93224,aflow_eb724544dfdf1dd9.poscar
C4N4Zn2,aflow:b52cde15289fd4ff,aflowlib.duke.edu:AFLOWDATA/ICSD_WEB/CUB/C2N2Zn1_ICSD_22392,215,cP10,1.73633,1.50738,315.962,28.4378,44.9111,6.89903,10,1.9128,aflow_b52cde15289fd4ff.poscar
Pt6Y14,aflow:4b9c382e991c6048,aflowlib.duke.edu:AFLOWDATA/ICSD_WEB/HEX/Pt3Y7_ICSD_649860,186,hP20,1.73772,1.03595,182.998,58.9245,60.4231,17.1564,20,7.51529,aflow_4b9c382e991c6048.poscar
C4O8,aflow:67b5e7f9d47704b0,aflowlib.duke.edu:AFLOWDATA/ICSD_WEB/CUB/C1O2_ICSD_16428,205,cP12,1.7556,15.8106,864.773,24.5242,4.03889,2.82514,12,1.42749,aflow_67b5e7f9d47704b0.poscar
K8Sn46,aflow:6b4795df74caacfc,aflowlib.duke.edu:AFLOWDATA/ICSD_WEB/CUB/K8Sn46_ICSD_25301,223,cP54,1.75906,0.146734,120.01,160.785,28.75,6.68234,54,4.58321,aflow_6b4795df74caacfc.poscar
Ba4Sb2,aflow:fab61846b1f5c182,aflowlib.duke.edu:AFLOWDATA/ICSD_WEB/BCT/Ba2Sb1_ICSD_41837,139,tI12,1.75909,1.98574,160.956,17.7576,23.5643,14.8144,6,4.95083,aflow_fab61846b1f5c182.poscar
Ba2Cd1,aflow:0bc4e2ff418c3658,aflowlib.duke.edu:AFLOWDATA/ICSD_WEB/BCT/Ba2Cd1_ICSD_30083,139,tI6,1.76028,1.90106,135.958,8.91643,14.3604,9.89214,3,4.53413,aflow_0bc4e2ff418c3658.poscar
Mg8Sr4,aflow:cc3163414e93c3fa,aflowlib.duke.edu:AFLOWDATA/ICSD_WEB/HEX/Mg2Sr1_ICSD_170245,194,hP12,1.76179,1.8252,270.939,34.6549,25.5269,16.7578,12,2.409,aflow_cc3163414e93c3fa.poscar
C4Cd2N4,aflow:45ff7b54dddd3747,aflowlib.duke.edu:AFLOWDATA/ICSD_WEB/CUB/C2Cd1N2_ICSD_20748,215,cP10,1.76831,0.700637,215.001,29.2657,33.3278,3.98418,10,2.02898,aflow_45ff7b54dddd3747.poscar
Cs1H1,aflow:c39a60600679c372,aflowlib.duke.edu:AFLOWDATA/ICSD_WEB/FCC/Cs1H1_ICSD_53236,225,cF8,1.76839,1.22114,139.204,5.95037,9.59444,6.97753,2,3.3931,aflow_c39a60600679c372.poscar
La2Ni2,aflow:5ff815c1453a1300,aflowlib.duke.edu:AFLOWDATA/ICSD_WEB/ORCC/La1Ni1_ICSD_641489,63,oS8,1.76865,2.36088,185.035,11.7838,58.3028,16.9027,4,7.00706,aflow_5ff815c1453a1300.poscar
C2O4,aflow:162f8798181bf4d9,aflowlib.duke.edu:AFLOWDATA/ICSD_WEB/TET/C1O2_ICSD_110775,136,tP6,1.77028,13.3189,707.019,13.8503,5.18262,2.29548,6,1.47602,aflow_162f8798181bf4d9.poscar
Cs2H4Mg1,aflow:d777d711551d8ca1,aflowlib.duke.edu:AFLOWDATA/ICSD_WEB/BCT/Cs2H4Mg1_ICSD_162261,139,tI14,1.77217,1.50805,243.811,20.4021,16.3598,11.7143,7,3.52934,aflow_d777d711551d8ca1.poscar
Ba8Si4,aflow:f4a14c21af9e4959,aflowlib.duke.edu:AFLOWDATA/ICSD_WEB/ORC/Ba2Si1_ICSD_41755,62,oP12,1.77508,1.07591,171.021,35.459,22.305,12.028,12,4.27244,aflow_f4a14c21af9e4959.poscar
Ca1Cs1H3,aflow:e47932dc12095a3d,aflowlib.duke.edu:AFLOWDATA/ICSD_WEB/CUB/Ca1Cs1H3_ICSD_168718,221,cP5,1.77658,2.662,291.091,14.3816,24.25,19.6289,5,2.99032,aflow_e47932dc12095a3d.poscar
Ge4La12,aflow:39585e426a7fc2b7,aflowlib.duke.edu:AFLOWDATA/ICSD_WEB/ORC/Ge1La3_ICSD_603211,62,oP16,1.77703,1.10876,175.987,47.2138,41.2045,16.7737,16,6.10938,aflow_39585e426a7fc2b7.poscar
Ni2Zr4,aflow:55d0a6e60c496c7c,aflowlib.duke.edu:AFLOWDATA/ICSD_WEB/BCT/Ni1Zr2_ICSD_102805,140,tI12,1.77842,1.51424,192.983,17.6406,118.788,16.5835,6,7.26819,aflow_55d0a6e60c496c7c.poscar
V4Zr2,aflow:190e395abaa79fb2,aflowlib.duke.edu:AFLOWDATA/ICSD_WEB/FCC/V2Zr1_ICSD_183003,227,cF24,1.77869,0.256097,116.028,17.8677,153.567,5.54523,6,6.3152,aflow_190e395abaa79fb2.poscar
Pt4Y12,aflow:d3f599fbb3b1ce30,aflowlib.duke.edu:AFLOWDATA/ICSD_WEB/ORC/Pt1Y3_ICSD_8016,62,oP16,1.78071,1.03128,179.017,47.1747,56.3343,15.4238,16,6.94227,aflow_d3f599fbb3b1ce30.poscar
Ba6Mg23,aflow:e5a9323a46d01884,aflowlib.duke.edu:AFLOWDATA/ICSD_WEB/FCC/Ba6Mg23_ICSD_109225,225,cF116,1.78301,0.86375,256.057,84.0981,24.8222,15.2275,29,2.61086,aflow_e5a9323a46d01884.poscar
Dy12Rh4,aflow:1c83a0bff50d2273,aflowlib.duke.edu:AFLOWDATA/ICSD_WEB/ORC/Dy3Rh1_ICSD_630158,62,oP16,1.78534,0.729881,148.017,47.4402,58.1985,14.033,16,9.27336,aflow_1c83a0bff50d2273.poscar
Ba1Li1Si1,aflow:23e26457c91a4e11,aflowlib.duke.edu:AFLOWDATA/ICSD_WEB/HEX/Ba1Li1Si1_ICSD_42890,187,hP3,1.78687,4.26982,250.075,8.7128,27.5433,17.3784,3,3.38182,aflow_23e26457c91a4e11.poscar
Mg1Sr1,aflow:6f4dc5d5578106a5,aflowlib.duke.edu:AFLOWDATA/ICSD_WEB/CUB/Mg1Sr1_ICSD_104873,221,cP2,1.78722,4.22988,223.123,5.8488,20.2667,13.6727,2,2.55447,aflow_6f4dc5d5578106a5.poscar
Ca4Mg8,aflow:29a39cef1d9c1d1e,aflowlib.duke.edu:AFLOWDATA/ICSD_WEB/HEX/Ca1Mg2_ICSD_619400,194,hP12,1.78738,2.122,336.047,33.9411,30.4974,17.8189,12,1.74074,aflow_29a39cef1d9c1d1e.poscar
H10K6Zn2,aflow:3fde284da1356002,aflowlib.duke.edu:AFLOWDATA/ICSD_WEB/BCT/H5K3Zn1_ICSD_187417,140,tI36,1.78745,1.03544,342.04,50.9997,17.3521,12.7731,18,1.98902,aflow_3fde284da1356002.poscar
Ca4Mg8,aflow:bb7396f83a018dbb,aflowlib.duke.edu:AFLOWDATA/ICSD_WEB/HEX/Ca1Mg2_ICSD_165564,194,hP12,1.78843,2.11926,336.085,33.9358,30.3314,17.7739,12,1.74028,aflow_bb7396f83a018dbb.poscar
C8Na8,aflow:ae0a4eccd0e65124,aflowlib.duke.edu:AFLOWDATA/ICSD_WEB/BCT/C2Na2_ICSD_28066,142,tI32,1.79366,2.427,470.01,42.7313,30.6999,13.4149,16,1.61467,aflow_ae0a4eccd0e65124.poscar
Li2Mg1Pb1,aflow:3649f800dc60563b,aflowlib.duke.edu:AFLOWDATA/ICSD_WEB/FCC/Li2Mg1Pb1_ICSD_104746,225,cF16,1.79436,1.91868,207.938,11.7427,30.8333,16.1243,4,5.14683,aflow_3649f800dc60563b.poscar
Al2La6,aflow:331c44611dec6b68,aflowlib.duke.edu:AFLOWDATA/ICSD_WEB/HEX/Al1La3_ICSD_603210,194,hP8,1.79504,1.39218,170.053,23.6337,40.2577,15.8614,8,5.73011,aflow_331c44611dec6b68.poscar
Si4Sr8,aflow:f3dc42a35f56efd6,aflowlib.duke.edu:AFLOWDATA/ICSD_WEB/ORC/Si1Sr2_ICSD_160102,62,oP12,1.79524,1.784,237.075,34.9587,29.0757,17.2619,12,3.35858,aflow_f3dc42a35f56efd6.poscar
Ir4La10,aflow:310724741803fafa,aflowlib.duke.edu:AFLOWDATA/ICSD_WEB/MCLC/Ir2La5_ICSD_640756,15,mS28,1.79668,0.719955,138.976,41.5643,50.7281,11.7323,14,8.19654,aflow_310724741803fafa.poscar
Li2Te1,aflow:f237511d90939265,aflowlib.duke.edu:AFLOWDATA/ICSD_WEB/FCC/Li2Te1_ICSD_182740,225,cF12,1.80269,3.89618,265.96,8.68373,26.2556,19.2908,3,3.38346,aflow_f237511d90939265.poscar
Er12Rh4,aflow:fed9052685c182e6,aflowlib.duke.edu:AFLOWDATA/ICSD_WEB/ORC/Er3Rh1_ICSD_103299,62,oP16,1.80753,0.827864,154.954,47.3814,61.0089,16.2565,16,9.75661,aflow_fed9052685c182e6.poscar
N8,aflow:ad91ac669fa001cf,aflowlib.duke.edu:AFLOWDATA/ICSD_WEB/CUB/N1_ICSD_426956,205,cP8,1.81375,4.03275,498.925,21.0218,1.67222,0.459872,8,0.912307,aflow_ad91ac669fa001cf.poscar
Dy12Pt4,aflow:e045e3a545c68f31,aflowlib.duke.edu:AFLOWDATA/ICSD_WEB/ORC/Dy3Pt1_ICSD_630113,62,oP16,1.8151,0.788135,146.024,47.4553,56.8403,14.831,16,10.4302,aflow_e045e3a545c68f31.poscar
H1Na1,aflow:606a098dc23f7131,aflowlib.duke.edu:AFLOWDATA/ICSD_WEB/FCC/H1Na1_ICSD_183291,225,cF8,1.81783,5.44407,451.626,5.42971,24.3778,19.963,2,1.4392,aflow_606a098dc23f7131.poscar
Cd4La16Ru4,aflow:f26f7a9449681a11,aflowlib.duke.edu:AFLOWDATA/ICSD_WEB/FCC/Cd1La4Ru1_ICSD_419069,216,cF96,1.82096,0.909134,181.98,70.7356,47.55,19.7906,24,6.85042,aflow_f26f7a9449681a11.poscar
N4,aflow:edf7f777090aa4ec,aflowlib.duke.edu:AFLOWDATA/ICSD_WEB/TET/N2_ICSD_24891,136,tP4,1.82395,17.8495,703.805,9.25462,1.20497,0.695978,4,0.906265,aflow_edf7f777090aa4ec.poscar
Mg4Si2,aflow:e1275c41d8108b17,aflowlib.duke.edu:AFLOWDATA/ICSD_WEB/FCC/Mg2Si1_ICSD_108584,227,cF24,1.82939,1.84587,304.022,17.1568,43.3333,13.5347,6,2.06522,aflow_e1275c41d8108b17.poscar
Ho10Ni4Sb2,aflow:fee4b1fcda0f27cc,aflowlib.duke.edu:AFLOWDATA/ICSD_WEB/BCT/Ho5Ni2Sb1_ICSD_91136,140,tI32,1.83602,0.971491,173.951,47.2286,65.3642,19.9463,16,9.23201,aflow_fee4b1fcda0f27cc.poscar
H10Rb6Zn2,aflow:3705ce5067dea182,aflowlib.duke.edu:AFLOWDATA/ICSD_WEB/BCT/H5Rb3Zn1_ICSD_187418,140,tI36,1.83745,0.660311,245.756,52.4774,15.0727,10.6644,18,3.00525,aflow_3705ce5067dea182.poscar
Cu4La4,aflow:e25556eec02a2b47,aflowlib.duke.edu:AFLOWDATA/ICSD_WEB/ORC/Cu1La1_ICSD_628213,62,oP8,1.84012,1.0792,168.035,23.6442,47.5025,13.9046,8,6.58462,aflow_e25556eec02a2b47.poscar
H1Rb1,aflow:f7e872c3f33e6b8f,aflowlib.duke.edu:AFLOWDATA/ICSD_WEB/FCC/H1Rb1_ICSD_183292,225,cF8,1.84361,1.62749,186.074,5.90873,11.9889,8.81236,2,2.63804,aflow_f7e872c3f33e6b8f.poscar
Co2Y2,aflow:ec07d639af7da24d,aflowlib.duke.edu:AFLOWDATA/ICSD_WEB/ORCC/Co1Y1_ICSD_20954,63,oS8,1.84422,2.57575,217.012,11.7034,48.0344,16.4834,4,5.37517,aflow_ec07d639af7da24d.poscar
Ba2C8O8,aflow:ecf1da14185d6e01,aflowlib.duke.edu:AFLOWDATA/ICSD_WEB/BCT/Ba1C4O4_ICSD_412830,140,tI36,1.8444,5.15933,557.011,45.8009,46.228,19.8638,18,3.16728,aflow_ecf1da14185d6e01.poscar
Ca1Se1,aflow:b167bafb684ed8c2,aflowlib.duke.edu:AFLOWDATA/ICSD_WEB/FCC/Ca1Se1_ICSD_167834,216,cF8,1.84591,1.16375,145.983,5.93329,32.6278,5.72876,2,2.75611,aflow_b167bafb684ed8c2.poscar
H6Na2Pt1,aflow:48be5c4be45b676c,aflowlib.duke.edu:AFLOWDATA/ICSD_WEB/FCC/H6Na2Pt1_ICSD_236284,225,cF36,1.84753,4.25043,463.359,24.1489,23.0639,15.8809,9,4.18961,aflow_48be5c4be45b676c.poscar
Hg4Sr12,aflow:b194a22dbd1e7b74,aflowlib.duke.edu:AFLOWDATA/ICSD_WEB/ORC/Hg1Sr3_ICSD_639226,62,oP16,1.84895,0.26684,111.066,47.7017,15.9327,5.49279,16,4.31488,aflow_b194a22dbd1e7b74.poscar
Ba8Ge4,aflow:9bf8a506c5f16d2c,aflowlib.duke.edu:AFLOWDATA/ICSD_WEB/ORC/Ba2Ge1_ICSD_25351,62,oP12,1.85255,0.827227,153.954,35.5618,22.0405,11.6589,12,4.83087,aflow_9bf8a506c5f16d2c.poscar
H1K1,aflow:c18b48bc9c6f4df9,aflowlib.duke.edu:AFLOWDATA/ICSD_WEB/FCC/H1K1_ICSD_183287,225,cF8,1.85732,2.25259,274.099,5.80781,14.9944,9.76424,2,1.47656,aflow_c18b48bc9c6f4df9.poscar
Li40Pb12,aflow:082258cc457161b7,aflowlib.duke.edu:AFLOWDATA/ICSD_WEB/CUB/Li10Pb3_ICSD_30221,215,cP52,1.8587,0.411493,236.923,151.821,21.5111,17.0055,52,4.43102,aflow_082258cc457161b7.poscar
Ca2Si1,aflow:d42847d039d9c6d9,aflowlib.duke.edu:AFLOWDATA/ICSD_WEB/FCC/Ca2Si1_ICSD_187352,225,cF12,1.85914,5.93538,332.093,8.49227,37.0111,19.9813,3,1.9561,aflow_d42847d039d9c6d9.poscar
Be6Cl12,aflow:7d8a11e29070e58c,aflowlib.duke.edu:AFLOWDATA/ICSD_WEB/BCC/Be1Cl2_ICSD_173561,217,cI36,1.8596,4.02485,487.999,47.6421,11.6333,10.9692,18,1.66219,aflow_7d8a11e29070e58c.poscar
Al8In6Sr22,aflow:eb972e8b61cf638b,aflowlib.duke.edu:AFLOWDATA/ICSD_WEB/FCC/Al4In3Sr11_ICSD_159149,225,cF144,1.85995,0.575649,200.089,105.784,24.5541,14.2046,36,3.472,aflow_eb972e8b61cf638b.poscar
Lu2Te4,aflow:34f0af79044febaa,aflowlib.duke.edu:AFLOWDATA/ICSD_WEB/TET/Lu1Te2_ICSD_642622,129,tP6,1.86485,1.69267,163.004,17.7477,59.4833,18.5513,6,8.40972,aflow_34f0af79044febaa.poscar
Al1La3,aflow:cbda71948a93d2cb,aflowlib.duke.edu:AFLOWDATA/ICSD_WEB/CUB/Al1La3_ICSD_57932,221,cP4,1.86591,2.3293,177.984,11.8007,39.15,16.4821,4,5.74561,aflow_cbda71948a93d2cb.poscar
Ba4Ca4Ge4,aflow:e394f16f4357075d,aflowlib.duke.edu:AFLOWDATA/ICSD_WEB/ORC/Ba1Ca1Ge1_ICSD_52681,62,oP12,1.86816,1.40515,210.024,35.1826,30.316,17.8742,12,4.09389,aflow_e394f16f4357075d.poscar
C2Cu1Rb1,aflow:0543ba1f6db4e014,aflowlib.duke.edu:AFLOWDATA/ICSD_WEB/TET/C2Cu1Rb1_ICSD_391118,123,tP4,1.87179,4.80304,319.094,11.3713,30.9747,14.2714,4,2.8735,aflow_0543ba1f6db4e014.poscar
Ba1C2,aflow:9aa20030aa116732,aflowlib.duke.edu:AFLOWDATA/ICSD_WEB/BCT/Ba1C2_ICSD_168410,139,tI6,1.87347,6.04298,302.946,8.57013,41.0331,16.6224,3,3.79531,aflow_9aa20030aa116732.poscar
Be8Cs4F20,aflow:3d1c2be852391d03,aflowlib.duke.edu:AFLOWDATA/ICSD_WEB/CUB/Be2Cs1F5_ICSD_2801,213,cP32,1.87383,0.322151,242.146,93.1323,24.2,4.88564,32,3.1064,aflow_3d1c2be852391d03.poscar
H2Th1,aflow:d93c48d123874c8a,aflowlib.duke.edu:AFLOWDATA/ICSD_WEB/BCT/H2Th1_ICSD_180580,139,tI6,1.87756,1.74416,187.074,8.83428,90.7406,16.0954,3,8.90823,aflow_d93c48d123874c8a.poscar
Ca8Sn4,aflow:b729facdeba1f74e,aflowlib.duke.edu:AFLOWDATA/ICSD_WEB/ORC/Ca2Sn1_ICSD_58935,62,oP12,1.87812,1.70693,244.043,34.8961,29.5831,17.0323,12,3.39955,aflow_b729facdeba1f74e.poscar
Au4Ca12,aflow:6a0602c7c4adc479,aflowlib.duke.edu:AFLOWDATA/ICSD_WEB/ORC/Au1Ca3_ICSD_58401,62,oP16,1.88035,0.669899,179.065,47.2081,24.758,10.5154,16,3.94702,aflow_6a0602c7c4adc479.poscar
Hf1S2,aflow:aba7487ed0a24185,aflowlib.duke.edu:AFLOWDATA/ICSD_WEB/HEX/Hf1S2_ICSD_182677,164,hP3,1.88153,16.4838,368.979,8.36601,22.2242,14.9721,3,5.45857,aflow_aba7487ed0a24185.poscar
Si2Sr4,aflow:b2c68f1ee957adf3,aflowlib.duke.edu:AFLOWDATA/ICSD_WEB/HEX/Si1Sr2_ICSD_160103,194,hP6,1.88167,2.54809,237.954,17.4785,30.2447,17.9959,6,3.52133,aflow_b2c68f1ee957adf3.poscar
Ba8Sn4,aflow:9e9071780449728b,aflowlib.duke.edu:AFLOWDATA/ICSD_WEB/ORC/Ba2Sn1_ICSD_416562,62,oP12,1.88308,0.722268,140.938,35.6307,20.1375,10.3423,12,4.81969,aflow_9e9071780449728b.poscar
Au6Sr14,aflow:e406d134beb17910,aflowlib.duke.edu:AFLOWDATA/ICSD_WEB/HEX/Au3Sr7_ICSD_58597,186,hP20,1.88751,0.312061,124.929,59.5238,21.974,8.04813,20,5.19279,aflow_e406d134beb17910.poscar
Pb1S1,aflow:fa88375bedf272e8,aflowlib.duke.edu:AFLOWDATA/ICSD_WEB/HEX/Pb1S1_ICSD_183245,187,hP2,1.89058,2.33542,152.971,5.92671,51.0903,14.3508,2,7.3394,aflow_fa88375bedf272e8.poscar
Ca3N1Sb1,aflow:6690ab96d0318cc4,aflowlib.duke.edu:AFLOWDATA/ICSD_WEB/CUB/Ca3N1Sb1_ICSD_106352,221,cP5,1.89312,1.65547,213.909,14.6482,25.2222,10.6303,5,2.22391,aflow_6690ab96d0318cc4.poscar
Pb1S1,aflow:f716dece2bf898a1,aflowlib.duke.edu:AFLOWDATA/ICSD_WEB/CUB/Pb1S1_ICSD_183242,221,cP2,1.89788,2.14132,151.04,5.9278,56.35,14.5659,2,8.14954,aflow_f716dece2bf898a1.poscar
Ag1C2Li1,aflow:4038910d534b860e,aflowlib.duke.edu:AFLOWDATA/ICSD_WEB/HEX/Ag1C2Li1_ICSD_410868,187,hP4,1.90025,5.61394,381.18,11.1137,36.3669,17.0545,4,3.34955,aflow_4038910d534b860e.poscar
Au8Li30,aflow:516cbb6057d9a423,aflowlib.duke.edu:AFLOWDATA/ICSD_WEB/BCC/Au4Li15_ICSD_150973,220,cI76,1.90037,0.296593,213.999,111.541,27.7389,13.1409,38,4.65419,aflow_516cbb6057d9a423.poscar
Sn4Sr8,aflow:8d075262e6afadfd,aflowlib.duke.edu:AFLOWDATA/ICSD_WEB/ORC/Sn1Sr2_ICSD_106075,62,oP12,1.90119,1.15473,185.932,35.3616,24.8908,14.3915,12,4.18693,aflow_8d075262e6afadfd.poscar
Au1Li3,aflow:5891782b644338f2,aflowlib.duke.edu:AFLOWDATA/ICSD_WEB/FCC/Au1Li3_ICSD_58524,225,cF16,1.90196,0.632118,159.934,11.8554,32.0778,8.6145,4,5.72192,aflow_5891782b644338f2.poscar
Mn2Sc4Se8,aflow:00cd175b0c3d7492,aflowlib.duke.edu:AFLOWDATA/ICSD_WEB/FCC/Mn1Sc2Se4_ICSD_74407,227,cF56,1.90302,1.46419,248.911,40.6345,57.7667,19.8656,14,4.22096,aflow_00cd175b0c3d7492.poscar
Ba4Ca4Sn4,aflow:8fd3a834512ee153,aflowlib.duke.edu:AFLOWDATA/ICSD_WEB/ORC/Ba1Ca1Sn1_ICSD_58641,62,oP12,1.90364,1.42025,199.012,35.2649,27.1197,17.6174,12,4.22284,aflow_8fd3a834512ee153.poscar
Ca4Sn4Sr4,aflow:5d94aa7e2ab22c24,aflowlib.duke.edu:AFLOWDATA/ICSD_WEB/ORC/Ca1Sn1Sr1_ICSD_172007,62,oP12,1.90382,1.68181,225.991,35.0505,29.5621,19.4128,12,3.83666,aflow_5d94aa7e2ab22c24.poscar
Ho4Mg2Se8,aflow:c4bedc78c6d48e69,aflowlib.duke.edu:AFLOWDATA/ICSD_WEB/FCC/Ho2Mg1Se4_ICSD_639387,227,cF56,1.90502,1.32939,211.024,41.0198,52.6556,19.3267,14,5.62441,aflow_c4bedc78c6d48e69.poscar
Mg1S1,aflow:661e554798910f22,aflowlib.duke.edu:AFLOWDATA/ICSD_WEB/FCC/Mg1S1_ICSD_159401,216,cF8,1.90565,5.87782,344.971,5.63404,56.1833,18.4643,2,2.03179,aflow_661e554798910f22.poscar
Dy3Mg3Pd3,aflow:f40c644d3d9b5e89,aflowlib.duke.edu:AFLOWDATA/ICSD_WEB/HEX/Dy1Mg1Pd1_ICSD_657929,189,hP9,1.90747,0.983454,176.996,26.5532,72.2429,16.9488,9,7.51492,aflow_f40c644d3d9b5e89.poscar
In1La3,aflow:5d6ade89e4018661,aflowlib.duke.edu:AFLOWDATA/ICSD_WEB/CUB/In1La3_ICSD_107019,221,cP4,1.90763,1.37201,141.946,11.8732,38.9389,12.6622,4,6.57065,aflow_5d6ade89e4018661.poscar
Mg1Se1,aflow:be089f53605f184f,aflowlib.duke.edu:AFLOWDATA/ICSD_WEB/FCC/Mg1Se1_ICSD_159398,216,cF8,1.91011,3.88662,242.005,5.81751,44.9722,15.4621,2,3.17643,aflow_be089f53605f184f.poscar
Mg2Se8Y4,aflow:3a3a58a5748e494d,aflowlib.duke.edu:AFLOWDATA/ICSD_WEB/FCC/Mg1Se4Y2_ICSD_76052,227,cF56,1.91096,1.47126,237.993,40.7538,51.8944,19.1741,14,4.29648,aflow_3a3a58a5748e494d.poscar
Mg2Se2,aflow:6a4f443cf74c4d29,aflowlib.duke.edu:AFLOWDATA/ICSD_WEB/HEX/Mg1Se1_ICSD_658986,186,hP4,1.91133,2.62973,248.037,11.617,45.4159,16.4488,4,3.18436,aflow_6a4f443cf74c4d29.poscar
Pb1Te1,aflow:bb46abee42773b80,aflowlib.duke.edu:AFLOWDATA/ICSD_WEB/CUB/Pb1Te1_ICSD_648602,221,cP2,1.91396,1.17683,107.995,5.96311,42.2889,9.70706,2,8.76527,aflow_bb46abee42773b80.poscar
Ca2Zn2,aflow:8143a9127ec0fc8f,aflowlib.duke.edu:AFLOWDATA/ICSD_WEB/ORCC/Ca1Zn1_ICSD_184361,63,oS8,1.9149,1.62682,210.068,11.7317,30.0413,11.4207,4,3.27102,aflow_8143a9127ec0fc8f.poscar
Al5Ba5Sn1,aflow:f9a0597b79f95701,aflowlib.duke.edu:AFLOWDATA/ICSD_WEB/HEX/Al5Ba5Sn1_ICSD_416338,187,hP11,1.91745,1.53304,215.036,32.2152,29.1983,16.9659,11,4.30608,aflow_f9a0597b79f95701.poscar
Er3Mg3Pd3,aflow:f40a8d6a42c6edc4,aflowlib.duke.edu:AFLOWDATA/ICSD_WEB/HEX/Er1Mg1Pd1_ICSD_657930,189,hP9,1.91861,0.998163,178.08,26.5477,75.524,17.9007,9,7.76471,aflow_f40a8d6a42c6edc4.poscar
Ca12Hg4,aflow:ba487a3251dc68dc,aflowlib.duke.edu:AFLOWDATA/ICSD_WEB/ORC/Ca3Hg1_ICSD_619363,62,oP16,1.91867,0.509638,164.066,47.3471,21.8725,8.68507,16,3.74466,aflow_ba487a3251dc68dc.poscar
Eu1Te1,aflow:e0a2a056eb854a75,aflowlib.duke.edu:AFLOWDATA/ICSD_WEB/CUB/Eu1Te1_ICSD_183959,221,cP2,1.91909,2.02205,136.952,5.94115,38.9556,13.4269,2,7.01104,aflow_e0a2a056eb854a75.poscar
Ba1Zn1,aflow:f2968781e0b42ff9,aflowlib.duke.edu:AFLOWDATA/ICSD_WEB/CUB/Ba1Zn1_ICSD_58682,221,cP2,1.91964,2.81468,168.951,5.91527,21.4167,15.3945,2,4.85484,aflow_f2968781e0b42ff9.poscar
As2Mg2Na2,aflow:9e14958ed53bad27,aflowlib.duke.edu:AFLOWDATA/ICSD_WEB/TET/As1Mg1Na1_ICSD_402339,129,tP6,1.92183,3.06517,315.165,17.0959,34.5954,19.8993,6,2.90443,aflow_9e14958ed53bad27.poscar
Er2Te4,aflow:5e2eae8429bd073c,aflowlib.duke.edu:AFLOWDATA/ICSD_WEB/TET/Er1Te2_ICSD_631180,129,tP6,1.92243,1.68387,167.055,17.7328,60.0458,19.3035,6,8.10043,aflow_5e2eae8429bd073c.poscar
O6Rb4Tb2,aflow:ec5f34249121395d,aflowlib.duke.edu:AFLOWDATA/ICSD_WEB/ORCC/O3Rb2Tb1_ICSD_1182,36,oS24,1.92586,1.27197,238.924,34.9414,31.6301,11.691,12,4.70609,aflow_ec5f34249121395d.poscar
La14Pt6,aflow:6a57f72befbec1ab,aflowlib.duke.edu:AFLOWDATA/ICSD_WEB/HEX/La7Pt3_ICSD_641692,186,hP20,1.92713,0.780245,161.975,59.1654,48.7041,16.4971,20,8.23398,aflow_6a57f72befbec1ab.poscar
Mg3Pd3Y3,aflow:c6bc297ce67afd1d,aflowlib.duke.edu:AFLOWDATA/ICSD_WEB/HEX/Mg1Pd1Y1_ICSD_54272,189,hP9,1.92835,1.12064,204.952,26.4073,72.3841,17.0641,9,5.59107,aflow_c6bc297ce67afd1d.poscar
Li4Na4Te4,aflow:a9111dde9eb7a8be,aflowlib.duke.edu:AFLOWDATA/ICSD_WEB/ORC/Li1Na1Te1_ICSD_67274,62,oP12,1.9302,0.965333,228.88,35.0715,25.4256,15.3505,12,3.53803,aflow_a9111dde9eb7a8be.poscar
Hf4Pb4S12,aflow:71a3af02f78edf95,aflowlib.duke.edu:AFLOWDATA/ICSD_WEB/ORC/Hf1Pb1S3_ICSD_65668,62,oP20,1.93136,3.01534,307.015,57.0543,26.2191,16.9995,20,6.49886,aflow_71a3af02f78edf95.poscar
Ca3N1Sn1,aflow:e439c7b42e5ee355,aflowlib.duke.edu:AFLOWDATA/ICSD_WEB/CUB/Ca3N1Sn1_ICSD_106353,221,cP5,1.93333,1.31022,200.097,14.6982,19.8222,9.36061,5,2.03264,aflow_e439c7b42e5ee355.poscar
Mg2Te2,aflow:66546a108e411f5b,aflowlib.duke.edu:AFLOWDATA/ICSD_WEB/HEX/Mg1Te1_ICSD_168348,186,hP4,1.93421,1.64274,183.028,11.7918,34.2454,12.0415,4,3.67046,aflow_66546a108e411f5b.poscar
Mg1Te1,aflow:2b705b860e8d18c0,aflowlib.duke.edu:AFLOWDATA/ICSD_WEB/FCC/Mg1Te1_ICSD_159402,216,cF8,1.93746,2.68598,184.915,5.89352,34.0333,12.2333,2,3.65455,aflow_2b705b860e8d18c0.poscar
Ba10Sn6,aflow:ee98bad7fa252f63,aflowlib.duke.edu:AFLOWDATA/ICSD_WEB/BCT/Ba5Sn3_ICSD_100084,140,tI32,1.93898,0.857093,163.02,47.342,21.6127,13.6866,16,4.82917,aflow_ee98bad7fa252f63.poscar
Eu1S1,aflow:3a77ab5132ea93ff,aflowlib.duke.edu:AFLOWDATA/ICSD_WEB/CUB/Eu1S1_ICSD_183957,221,cP2,1.93899,2.92727,186.066,5.89191,59.9,18.7828,2,6.27877,aflow_3a77ab5132ea93ff.poscar
Br32Ti8,aflow:c8dfc8bff75fa091,aflowlib.duke.edu:AFLOWDATA/ICSD_WEB/CUB/Br4Ti1_ICSD_39241,205,cP40,1.93902,0.324447,175.001,118.096,1.76586,0.652494,40,2.7383,aflow_c8dfc8bff75fa091.poscar
C1Tb3Tl1,aflow:992e04308e2fa820,aflowlib.duke.edu:AFLOWDATA/ICSD_WEB/CUB/C1Tb3Tl1_ICSD_77467,221,cP5,1.93952,0.997857,132.999,14.8602,40.7056,11.2758,5,6.42172,aflow_992e04308e2fa820.poscar
Ag1C2K1,aflow:30b4ea4c8457fd17,aflowlib.duke.edu:AFLOWDATA/ICSD_WEB/TET/Ag1C2K1_ICSD_410874,123,tP4,1.94034,4.29392,316.881,11.3809,27.2627,13.3219,4,2.86712,aflow_30b4ea4c8457fd17.poscar
Bi1K3,aflow:6480d7dbdcd7b044,aflowlib.duke.edu:AFLOWDATA/ICSD_WEB/FCC/Bi1K3_ICSD_58793,225,cF16,1.94178,0.552867,121.91,11.9177,12.2389,5.77245,4,3.29988,aflow_6480d7dbdcd7b044.poscar
P1Yb1,aflow:c7040aa8f251f062,aflowlib.duke.edu:AFLOWDATA/ICSD_WEB/FCC/P1Yb1_ICSD_57163,225,cF8,1.94232,1.58542,146.936,5.93255,82.8278,18.2715,2,7.26186,aflow_c7040aa8f251f062.poscar
Ga1La3,aflow:2a68990d7806db90,aflowlib.duke.edu:AFLOWDATA/ICSD_WEB/CUB/Ga1La3_ICSD_103765,221,cP4,1.94262,1.53473,155.064,11.8499,39.7556,13.9614,4,6.43217,aflow_2a68990d7806db90.poscar
Bi6Sr8,aflow:a6f93590c6fb4a35,aflowlib.duke.edu:AFLOWDATA/ICSD_WEB/BCC/Bi3Sr4_ICSD_96944,220,cI28,1.94463,0.721455,149.052,41.5194,29.5333,14.0892,14,6.13354,aflow_a6f93590c6fb4a35.poscar
Li1Mg4Si2,aflow:4842dd1381fd6937,aflowlib.duke.edu:AFLOWDATA/ICSD_WEB/TET/Li2Mg8Si4_ICSD_181250,123,tP7,1.94479,2.0204,354.057,19.6765,48.4327,16.628,7,1.96486,aflow_4842dd1381fd6937.poscar
Rb2Te4Y2,aflow:e7d121efe2e99065,aflowlib.duke.edu:AFLOWDATA/ICSD_WEB/HEX/Rb1Te2Y1_ICSD_419996,194,hP8,1.9451,1.97686,201.0,23.4987,26.7965,15.9533,8,4.69325,aflow_e7d121efe2e99065.poscar
As8Na16Ti2,aflow:4077c8c92097fa82,aflowlib.duke.edu:AFLOWDATA/ICSD_WEB/FCC/As4Na8Ti1_ICSD_73310,227,cF104,1.94729,0.705101,267.128,75.2067,26.6278,13.277,26,2.67757,aflow_4077c8c92097fa82.poscar
Sb2Sr4,aflow:97c214b186e991bf,aflowlib.duke.edu:AFLOWDATA/ICSD_WEB/BCT/Sb1Sr2_ICSD_42119,139,tI12,1.94803,2.54954,210.935,17.5897,27.4686,19.9598,6,4.31682,aflow_97c214b186e991bf.poscar
Eu1Se1,aflow:fafcd08de9befd5f,aflowlib.duke.edu:AFLOWDATA/ICSD_WEB/CUB/Eu1Se1_ICSD_183958,221,cP2,1.94874,3.31988,178.084,5.90136,45.0861,18.3736,2,7.12552,aflow_fafcd08de9befd5f.poscar
Mg24Sb16,aflow:e48de1a24c1a2400,aflowlib.duke.edu:AFLOWDATA/ICSD_WEB/BCC/Mg3Sb2_ICSD_181285,206,cI80,1.94888,0.657437,244.059,116.331,38.059,18.686,40,3.4822,aflow_e48de1a24c1a2400.poscar
Ca8Pb4,aflow:6dac966aaf0e3e8d,aflowlib.duke.edu:AFLOWDATA/ICSD_WEB/ORC/Ca2Pb1_ICSD_58920,62,oP12,1.95002,1.09935,191.002,35.3242,26.9385,14.9457,12,4.79967,aflow_6dac966aaf0e3e8d.poscar
Pb4Sr8,aflow:037533a6eb09be9b,aflowlib.duke.edu:AFLOWDATA/ICSD_WEB/ORC/Pb1Sr2_ICSD_105624,62,oP12,1.95121,0.813002,153.993,35.5639,22.702,12.8263,12,5.33075,aflow_037533a6eb09be9b.poscar
S2Ta1,aflow:43ccbaffa353e3de,aflowlib.duke.edu:AFLOWDATA/ICSD_WEB/HEX/S2Ta1_ICSD_24756,164,hP3,1.95203,22.9479,427.972,8.15887,26.615,19.5886,3,6.30651,aflow_43ccbaffa353e3de.poscar
C1Dy3Tl1,aflow:4623ccee9b59d0cb,aflowlib.duke.edu:AFLOWDATA/ICSD_WEB/CUB/C1Dy3Tl1_ICSD_76815,221,cP5,1.95352,1.08478,136.977,14.8512,41.1722,12.1921,5,6.60248,aflow_4623ccee9b59d0cb.poscar
As2K2Mg2,aflow:d42040244c5945cd,aflowlib.duke.edu:AFLOWDATA/ICSD_WEB/TET/As1K1Mg1_ICSD_610753,129,tP6,1.95354,3.14272,302.935,17.1652,27.8327,18.8445,6,2.78991,aflow_d42040244c5945cd.poscar
S9,aflow:4af81c5605a2812d,aflowlib.duke.edu:AFLOWDATA/ICSD_WEB/HEX/S1_ICSD_281124,154,hP9,1.95388,4.10801,402.022,24.788,6.13587,4.13798,9,1.643,aflow_4af81c5605a2812d.poscar
C1Ho3Tl1,aflow:3e164407c8b6a96b,aflowlib.duke.edu:AFLOWDATA/ICSD_WEB/CUB/C1Ho3Tl1_ICSD_77035,221,cP5,1.954,1.13863,138.967,14.8485,41.4944,12.4936,5,6.754,aflow_3e164407c8b6a96b.poscar
Au4Tb8,aflow:93442a16299dfccf,aflowlib.duke.edu:AFLOWDATA/ICSD_WEB/ORC/Au1Tb2_ICSD_612381,62,oP12,1.95684,0.969947,154.944,35.5407,58.3923,18.6896,12,10.7236,aflow_93442a16299dfccf.poscar
Ca3Tl1,aflow:50ba0e96d5272603,aflowlib.duke.edu:AFLOWDATA/ICSD_WEB/FCC/Ca3Tl1_ICSD_58943,225,cF16,1.95819,1.06871,157.015,11.8526,21.7444,9.6795,4,4.02666,aflow_50ba0e96d5272603.poscar
Ba4Ca4Pb4,aflow:84351a3c976236a8,aflowlib.duke.edu:AFLOWDATA/ICSD_WEB/ORC/Ba1Ca1Pb1_ICSD_615799,62,oP12,1.95924,1.05157,167.961,35.4841,24.9434,16.236,12,5.34311,aflow_84351a3c976236a8.poscar
Cd2Ho4Se8,aflow:c96936f1ed31e1b0,aflowlib.duke.edu:AFLOWDATA/ICSD_WEB/FCC/Cd1Ho2Se4_ICSD_246500,227,cF56,1.95926,1.05971,191.011,41.1974,53.5278,18.3177,14,6.20238,aflow_c96936f1ed31e1b0.poscar
Bi2Rb6,aflow:e9d97f4d81711a66,aflowlib.duke.edu:AFLOWDATA/ICSD_WEB/HEX/Bi1Rb3_ICSD_616995,194,hP8,1.95947,0.300378,101.032,23.888,9.55761,5.20349,8,3.66436,aflow_e9d97f4d81711a66.poscar
Tc8Zr4,aflow:6547651e77951662,aflowlib.duke.edu:AFLOWDATA/ICSD_WEB/HEX/Tc2Zr1_ICSD_423221,194,hP12,1.95971,0.73542,180.006,35.3667,214.269,17.6828,12,9.22194,aflow_6547651e77951662.poscar
Ca4Pb4Sr4,aflow:b5b4139aae6f9965,aflowlib.duke.edu:AFLOWDATA/ICSD_WEB/ORC/Ca1Pb1Sr1_ICSD_172008,62,oP12,1.95995,1.20689,185.988,35.3665,27.0474,17.6794,12,5.09471,aflow_b5b4139aae6f9965.poscar
Au1C2K1,aflow:125e84c1acf6f236,aflowlib.duke.edu:AFLOWDATA/ICSD_WEB/TET/Au1C2K1_ICSD_411255,123,tP4,1.96023,4.92026,291.042,11.4744,33.0677,16.6129,4,4.36329,aflow_125e84c1acf6f236.poscar
Cd2Er4Se8,aflow:9a0054fa8058da99,aflowlib.duke.edu:AFLOWDATA/ICSD_WEB/FCC/Cd1Er2Se4_ICSD_619834,227,cF56,1.96242,1.05954,190.928,41.1903,53.6444,18.5394,14,6.28706,aflow_9a0054fa8058da99.poscar
F4Si1,aflow:28bd553cc68bd28a,aflowlib.duke.edu:AFLOWDATA/ICSD_WEB/BCC/F4Si1_ICSD_14122,217,cI10,1.96251,23.3813,782.93,10.9045,5.65556,5.68312,5,2.05758,aflow_28bd553cc68bd28a.poscar
Ca1Pb1,aflow:92d8c47bba9fe7a3,aflowlib.duke.edu:AFLOWDATA/ICSD_WEB/TET/Ca1Pb1_ICSD_58918,123,tP2,1.96282,3.75318,180.055,5.90099,33.7766,19.9291,2,6.74928,aflow_92d8c47bba9fe7a3.poscar
K2Li2Se2,aflow:3133a8e5480f33b0,aflowlib.duke.edu:AFLOWDATA/ICSD_WEB/TET/K1Li1Se1_ICSD_290451,129,tP6,1.96352,1.76175,262.139,17.3931,24.1404,15.3426,6,2.76088,aflow_3133a8e5480f33b0.poscar
Cd2Sc4Se8,aflow:18b0caef6bb1ce50,aflowlib.duke.edu:AFLOWDATA/ICSD_WEB/FCC/Cd1Sc2Se4_ICSD_620411,227,cF56,1.96371,1.30609,234.953,40.7853,57.2,19.9636,14,4.60952,aflow_18b0caef6bb1ce50.poscar
Sr1Te1,aflow:866a544848305c9a,aflowlib.duke.edu:AFLOWDATA/ICSD_WEB/CUB/Sr1Te1_ICSD_52491,221,cP2,1.96372,2.38108,160.015,5.92018,36.0167,13.1179,2,5.24448,aflow_866a544848305c9a.poscar
Au1C2Rb1,aflow:150317ed11b19b25,aflowlib.duke.edu:AFLOWDATA/ICSD_WEB/TET/Au1C2Rb1_ICSD_411252,123,tP4,1.96421,4.06764,256.065,11.5914,30.2743,14.7529,4,4.63089,aflow_150317ed11b19b25.poscar
Cd2Se8Y4,aflow:5f8eb52fe2e56026,aflowlib.duke.edu:AFLOWDATA/ICSD_WEB/FCC/Cd1Se4Y2_ICSD_620457,227,cF56,1.9645,1.17313,213.047,41.0,52.0056,18.1422,14,4.88875,aflow_5f8eb52fe2e56026.poscar
Ba6Cr2N6,aflow:5ffe41ffabba6d50,aflowlib.duke.edu:AFLOWDATA/ICSD_WEB/HEX/Ba3Cr1N3_ICSD_154802,176,hP14,1.96481,3.24918,325.027,39.699,33.1987,19.6664,14,5.01916,aflow_5ffe41ffabba6d50.poscar
Cd2Dy4Se8,aflow:c13b804b80111c0d,aflowlib.duke.edu:AFLOWDATA/ICSD_WEB/FCC/Cd1Dy2Se4_ICSD_246499,227,cF56,1.9652,1.04931,191.001,41.1948,52.6833,18.0784,14,6.09615,aflow_c13b804b80111c0d.poscar
As2Ca2Rb2,aflow:35ef9bb6ec3b52f3,aflowlib.duke.edu:AFLOWDATA/ICSD_WEB/TET/As1Ca1Rb1_ICSD_409177,129,tP6,1.96656,1.4068,199.921,17.6336,21.2268,10.7912,6,3.10583,aflow_35ef9bb6ec3b52f3.poscar
Au4Y8,aflow:4d761230b92893b6,aflowlib.duke.edu:AFLOWDATA/ICSD_WEB/ORC/Au1Y2_ICSD_262044,62,oP12,1.96678,1.2269,187.029,35.3383,58.7927,19.8529,12,7.78568,aflow_4d761230b92893b6.poscar
C1Er3Tl1,aflow:66752eca79a7ee63,aflowlib.duke.edu:AFLOWDATA/ICSD_WEB/CUB/C1Er3Tl1_ICSD_76824,221,cP5,1.96738,1.05634,135.986,14.8537,42.6111,12.349,5,6.93711,aflow_66752eca79a7ee63.poscar
N1Na3,aflow:4a8a1dc1af88bf91,aflowlib.duke.edu:AFLOWDATA/ICSD_WEB/CUB/N1Na3_ICSD_421111,221,cP4,1.9676,2.02204,313.949,11.4271,22.7556,11.9596,4,1.31372,aflow_4a8a1dc1af88bf91.poscar
Cd2Dy4Te8,aflow:3a58c173f4af7068,aflowlib.duke.edu:AFLOWDATA/ICSD_WEB/FCC/Cd1Dy2Te4_ICSD_619806,227,cF56,1.96782,0.683127,150.037,41.4998,40.6389,13.1501,14,6.2399,aflow_3a58c173f4af7068.poscar
Na6Sb2,aflow:917b743bc2ffbebf,aflowlib.duke.edu:AFLOWDATA/ICSD_WEB/HEX/Na3Sb1_ICSD_26882,194,hP8,1.97022,1.08012,222.904,23.4211,20.6313,13.247,8,2.70565,aflow_917b743bc2ffbebf.poscar
As2Na6,aflow:2e7952639cbaba48,aflowlib.duke.edu:AFLOWDATA/ICSD_WEB/HEX/As1Na3_ICSD_182162,194,hP8,1.9711,1.2544,261.861,23.2056,23.8489,14.6404,8,2.38473,aflow_2e7952639cbaba48.poscar
Ag3La3Mg3,aflow:51542415c2e7d529,aflowlib.duke.edu:AFLOWDATA/ICSD_WEB/HEX/Ag1La1Mg1_ICSD_657932,189,hP9,1.9717,0.807069,169.948,26.5968,45.2001,13.451,9,5.56871,aflow_51542415c2e7d529.poscar
Au1C2Cs1,aflow:ddb942512473627b,aflowlib.duke.edu:AFLOWDATA/ICSD_WEB/TET/Au1C2Cs1_ICSD_411251,123,tP4,1.97247,3.33356,225.985,11.6813,27.0153,12.7099,4,4.73061,aflow_ddb942512473627b.poscar
Au4Dy8,aflow:82c8ded576d052a4,aflowlib.duke.edu:AFLOWDATA/ICSD_WEB/ORC/Au1Dy2_ICSD_611788,62,oP12,1.9732,0.998892,157.001,35.5335,60.3744,19.5814,12,10.9947,aflow_82c8ded576d052a4.poscar
As1Na3,aflow:e04fbc0416e04033,aflowlib.duke.edu:AFLOWDATA/ICSD_WEB/FCC/As1Na3_ICSD_182163,225,cF16,1.97451,1.58923,245.745,11.6509,25.8167,13.3045,4,2.63943,aflow_e04fbc0416e04033.poscar
Al4Se8Sr2,aflow:02c8bb19af7a55da,aflowlib.duke.edu:AFLOWDATA/ICSD_WEB/ORCC/Al2Se4Sr1_ICSD_609319,66,oS28,1.9761,2.49112,303.889,39.9951,30.0517,18.2694,14,3.9274,aflow_02c8bb19af7a55da.poscar
Bi2K6,aflow:fdd69cc63d2a62b8,aflowlib.duke.edu:AFLOWDATA/ICSD_WEB/HEX/Bi1K3_ICSD_26885,194,hP8,1.97704,0.45067,133.015,23.8044,10.4428,6.18953,8,2.89427,aflow_fdd69cc63d2a62b8.poscar
Ba8Bi6,aflow:6d4bd5e199f2bded,aflowlib.duke.edu:AFLOWDATA/ICSD_WEB/BCC/Ba4Bi3_ICSD_96943,220,cI28,1.98117,0.581747,130.061,41.6347,25.0778,12.0714,14,6.33618,aflow_6d4bd5e199f2bded.poscar
Ba3Bi3Na3,aflow:450c44720658cd0d,aflowlib.duke.edu:AFLOWDATA/ICSD_WEB/HEX/Ba1Bi1Na1_ICSD_413810,189,hP9,1.98127,1.15407,167.02,26.6181,24.2806,16.6426,9,5.438,aflow_450c44720658cd0d.poscar
Sb6Sr10,aflow:5c6b84f5e53d12c2,aflowlib.duke.edu:AFLOWDATA/ICSD_WEB/HEX/Sb3Sr5_ICSD_42120,193,hP16,1.98535,1.29694,212.057,46.8844,30.1386,19.9125,16,4.48768,aflow_5c6b84f5e53d12c2.poscar
Bi1Rb3,aflow:fb1260e490372a33,aflowlib.duke.edu:AFLOWDATA/ICSD_WEB/FCC/Bi1Rb3_ICSD_58849,225,cF16,1.98661,0.347701,93.0989,11.9543,9.93889,4.28653,4,4.06906,aflow_fb1260e490372a33.poscar
Au4Bi2Dy10,aflow:3660298184761e7a,aflowlib.duke.edu:AFLOWDATA/ICSD_WEB/BCT/Au2Bi1Dy5_ICSD_156957,140,tI32,1.98745,0.801565,154.975,47.387,61.8313,19.9875,16,10.8421,aflow_3660298184761e7a.poscar
Ag4Ba4,aflow:d01371eb46ecbd32,aflowlib.duke.edu:AFLOWDATA/ICSD_WEB/ORC/Ag1Ba1_ICSD_260623,62,oP8,1.98777,0.713274,139.015,23.7718,20.2538,10.9346,8,5.43203,aflow_d01371eb46ecbd32.poscar
Cs4Pt2,aflow:b7504c8961c16f13,aflowlib.duke.edu:AFLOWDATA/ICSD_WEB/HEX/Cs2Pt1_ICSD_413241,194,hP6,1.98818,0.300135,89.9892,17.9312,13.2204,5.35598,6,6.4242,aflow_b7504c8961c16f13.poscar
Pb1Se1,aflow:37d22335d6f94c61,aflowlib.duke.edu:AFLOWDATA/ICSD_WEB/CUB/Pb1Se1_ICSD_77870,221,cP2,1.98822,0.951503,110.956,5.96113,50.8611,9.30123,2,8.83023,aflow_37d22335d6f94c61.poscar
Ag3Dy3Mg3,aflow:4431de142c78bdfd,aflowlib.duke.edu:AFLOWDATA/ICSD_WEB/HEX/Ag1Dy1Mg1_ICSD_657937,189,hP9,1.98933,0.688105,160.017,26.6412,56.2255,13.7627,9,6.85623,aflow_4431de142c78bdfd.poscar
C1Na4O4,aflow:9ff6e80371443b80,aflowlib.duke.edu:AFLOWDATA/ICSD_WEB/BCT/C1Na4O4_ICSD_245408,121,tI18,1.98965,2.32809,439.919,24.3925,46.7906,14.6118,9,2.09391,aflow_9ff6e80371443b80.poscar
Rh1Zr1,aflow:90e8a1a980d4201c,aflowlib.duke.edu:AFLOWDATA/ICSD_WEB/CUB/Rh1Zr1_ICSD_105980,221,cP2,1.99039,2.27039,177.005,5.89935,166.744,17.1067,2,9.07787,aflow_90e8a1a980d4201c.poscar
Na6P2,aflow:ef00d5055a972435,aflowlib.duke.edu:AFLOWDATA/ICSD_WEB/HEX/Na3P1_ICSD_171012,194,hP8,1.99206,1.58704,325.146,22.7679,26.701,16.4395,8,1.7921,aflow_ef00d5055a972435.poscar
La3Tl1,aflow:77a7720c79a26934,aflowlib.duke.edu:AFLOWDATA/ICSD_WEB/CUB/La3Tl1_ICSD_104732,221,cP4,1.99213,0.817017,116.973,11.9139,38.2833,10.016,4,7.62725,aflow_77a7720c79a26934.poscar
C2Cs2Pt1,aflow:76e523ddd6535395,aflowlib.duke.edu:AFLOWDATA/ICSD_WEB/HEX/C2Cs2Pt1_ICSD_94397,164,hP5,1.99299,2.43896,209.966,14.6558,33.801,15.0041,5,5.39921,aflow_76e523ddd6535395.poscar
Cl2Mg1,aflow:1966db47ed65d8c6,aflowlib.duke.edu:AFLOWDATA/ICSD_WEB/TET/Cl2Mg1_ICSD_51245,115,tP3,1.9941,4.94904,344.829,8.45929,9.2777,5.76207,3,1.83102,aflow_1966db47ed65d8c6.poscar
Ba10Sb8,aflow:a92b58c15da82969,aflowlib.duke.edu:AFLOWDATA/ICSD_WEB/ORCC/Ba5Sb4_ICSD_280022,64,oS36,1.99626,0.702012,160.958,53.2735,27.7227,14.1191,18,5.14072,aflow_a92b58c15da82969.poscar
I2Li2,aflow:9a9ee1f42bae7542,aflowlib.duke.edu:AFLOWDATA/ICSD_WEB/HEX/I1Li1_ICSD_414242,186,hP4,1.99776,0.39688,122.064,11.9177,15.4388,5.00257,4,3.31386,aflow_9a9ee1f42bae7542.poscar
K3Sb1,aflow:75e5a9c0265c43da,aflowlib.duke.edu:AFLOWDATA/ICSD_WEB/FCC/K3Sb1_ICSD_246648,225,cF16,1.99783,0.640055,145.957,11.8809,13.1278,5.95383,4,2.53334,aflow_75e5a9c0265c43da.poscar
K2Mg5Sn3,aflow:ad7f4350cf7373ea,aflowlib.duke.edu:AFLOWDATA/ICSD_WEB/BCT/K2Mg5Sn3_ICSD_421342,139,tI20,1.99789,1.07708,225.114,29.2318,21.9928,10.6077,10,3.10138,aflow_ad7f4350cf7373ea.poscar
S8Zr6,aflow:55ef006dc02f6f54,aflowlib.duke.edu:AFLOWDATA/ICSD_WEB/FCC/S4Zr3_ICSD_651475,227,cF56,1.99813,0.849899,228.973,40.8379,96.5056,15.8185,14,4.25881,aflow_55ef006dc02f6f54.poscar
F5U1,aflow:0cd3158e7247874c,aflowlib.duke.edu:AFLOWDATA/ICSD_WEB/BCT/F5U1_ICSD_200459,87,tI12,1.99835,8.01631,416.015,16.4148,23.0708,13.0899,6,5.25138,aflow_0cd3158e7247874c.poscar
Na2Te1,aflow:90eddf11eef225fb,aflowlib.duke.edu:AFLOWDATA/ICSD_WEB/FCC/Na2Te1_ICSD_182741,225,cF12,1.99889,1.73958,196.821,8.83091,20.2667,11.9053,3,2.97545,aflow_90eddf11eef225fb.poscar
F4H2K2,aflow:907c154436b15b0e,aflowlib.duke.edu:AFLOWDATA/ICSD_WEB/BCT/F2H1K1_ICSD_18094,140,tI16,1.99916,2.22407,417.678,22.1952,24.9762,15.2661,8,2.26779,aflow_907c154436b15b0e.poscar
Au4Ho8,aflow:0d41c566b96e2b8b,aflowlib.duke.edu:AFLOWDATA/ICSD_WEB/ORC/Au1Ho2_ICSD_58480,62,oP12,2.00306,0.971274,157.037,35.5299,60.4365,19.6498,12,11.2562,aflow_0d41c566b96e2b8b.poscar
Ag3Mg3Y3,aflow:673964418b9b7e19,aflowlib.duke.edu:AFLOWDATA/ICSD_WEB/HEX/Ag1Mg1Y1_ICSD_104477,189,hP9,2.00307,0.88077,191.959,26.4853,53.5309,14.3676,9,5.12208,aflow_673964418b9b7e19.poscar
Ba6P8,aflow:23c79c4a50ec0484,aflowlib.duke.edu:AFLOWDATA/ICSD_WEB/ORCF/Ba3P4_ICSD_38322,43,oF56,2.00308,1.77483,256.955,40.5613,33.8768,19.224,14,4.12374,aflow_23c79c4a50ec0484.poscar
Mg4Si2,aflow:a607f27fa6c48822,aflowlib.duke.edu:AFLOWDATA/ICSD_WEB/HEX/Mg2Si1_ICSD_167512,194,hP6,2.00371,1.5409,309.166,17.1253,55.7237,14.1795,6,2.25503,aflow_a607f27fa6c48822.poscar
O4S1Zn1,aflow:32900c9d0831cc96,aflowlib.duke.edu:AFLOWDATA/ICSD_WEB/FCC/O4S1Zn1_ICSD_2456,216,cF24,2.00424,2.38717,350.902,16.8518,71.7056,13.0699,6,2.3215,aflow_32900c9d0831cc96.poscar
Cd1Sr1,aflow:3a6fa1590482d690,aflowlib.duke.edu:AFLOWDATA/ICSD_WEB/CUB/Cd1Sr1_ICSD_102066,221,cP2,2.0066,2.86209,177.099,5.90692,24.95,16.0475,2,4.96933,aflow_3a6fa1590482d690.poscar
Na2Se1,aflow:5477ab0c5a3ac253,aflowlib.duke.edu:AFLOWDATA/ICSD_WEB/FCC/Na2Se1_ICSD_168447,225,cF12,2.00787,2.48774,254.191,8.71634,25.5444,15.6784,3,2.62476,aflow_5477ab0c5a3ac253.poscar
N1Na3,aflow:23ecd8e48b977db0,aflowlib.duke.edu:AFLOWDATA/ICSD_WEB/HEX/N1Na3_ICSD_165989,191,hP4,2.01009,1.91205,321.621,11.4021,28.9499,14.1088,4,1.70477,aflow_23ecd8e48b977db0.poscar
K1Na2Sb1,aflow:5d6d0cc05e18b116,aflowlib.duke.edu:AFLOWDATA/ICSD_WEB/FCC/K1Na2Sb1_ICSD_44332,225,cF16,2.01047,1.6165,216.018,11.7338,19.95,13.4604,4,2.93631,aflow_5d6d0cc05e18b116.poscar
As4Na12Se12,aflow:a905d9de297630fa,aflowlib.duke.edu:AFLOWDATA/ICSD_WEB/CUB/As1Na3Se3_ICSD_50491,198,cP28,2.01209,0.651693,245.86,81.4501,18.794,9.62502,28,3.51798,aflow_a905d9de297630fa.poscar
Cd1La1,aflow:6a79b8d09c3fccbd,aflowlib.duke.edu:AFLOWDATA/ICSD_WEB/CUB/Cd1La1_ICSD_102003,221,cP2,2.01224,3.11887,171.057,5.90872,45.4611,18.952,2,6.79223,aflow_6a79b8d09c3fccbd.poscar
Ca10In4Sb12,aflow:97b0ff1e229ca320,aflowlib.duke.edu:AFLOWDATA/ICSD_WEB/ORC/Ca5In2Sb6_ICSD_36467,55,oP26,2.01269,0.936596,227.034,75.9132,35.7596,19.8891,26,4.769,aflow_97b0ff1e229ca320.poscar
Bi10La6Mg2,aflow:32e1b4a32d8eea59,aflowlib.duke.edu:AFLOWDATA/ICSD_WEB/HEX/Bi5La3Mg1_ICSD_415727,193,hP18,2.01533,0.455163,133.96,53.4889,50.4151,14.207,18,8.73945,aflow_32e1b4a32d8eea59.poscar
Cd1Li2Sb1,aflow:f11e7eb27a5363db,aflowlib.duke.edu:AFLOWDATA/ICSD_WEB/FCC/Cd1Li2Sb1_ICSD_52815,225,cF16,2.01533,0.863144,172.966,11.8248,37.2389,10.8823,4,5.25015,aflow_f11e7eb27a5363db.poscar
Na8S4,aflow:6c1834465c390db4,aflowlib.duke.edu:AFLOWDATA/ICSD_WEB/ORC/Na2S1_ICSD_92771,62,oP12,2.01773,0.907487,297.091,34.4414,29.9866,13.1854,12,2.01945,aflow_6c1834465c390db4.poscar
Rb2Se1,aflow:bc2372a6d49f86aa,aflowlib.duke.edu:AFLOWDATA/ICSD_WEB/FCC/Rb2Se1_ICSD_168449,225,cF12,2.01801,0.973149,139.941,8.91629,13.8333,7.24792,3,3.1002,aflow_bc2372a6d49f86aa.poscar
Hg1Tb1,aflow:c79bb5670ea37684,aflowlib.duke.edu:AFLOWDATA/ICSD_WEB/CUB/Hg1Tb1_ICSD_104348,221,cP2,2.0183,2.15168,137.006,5.941,66.2,17.6505,2,11.4576,aflow_c79bb5670ea37684.poscar
S1Se1,aflow:b32b592a2fabf9be,aflowlib.duke.edu:AFLOWDATA/ICSD_WEB/FCC/S1Se1_ICSD_62195,225,cF8,2.0184,1.49382,185.068,5.89276,77.1806,10.342,2,4.62879,aflow_b32b592a2fabf9be.poscar
Au4La8,aflow:b49f4099f7e1aa71,aflowlib.duke.edu:AFLOWDATA/ICSD_WEB/ORC/Au1La2_ICSD_612100,62,oP12,2.01892,0.637761,139.003,35.6365,44.687,12.9226,12,8.34673,aflow_b49f4099f7e1aa71.poscar
As4Na12S12,aflow:1ed96631d1846438,aflowlib.duke.edu:AFLOWDATA/ICSD_WEB/CUB/As1Na3S3_ICSD_1036,198,cP28,2.02088,0.917617,326.976,79.4736,22.4879,11.7232,28,2.50986,aflow_1ed96631d1846438.poscar
Bi3Sr1,aflow:e5db61fa74861990,aflowlib.duke.edu:AFLOWDATA/ICSD_WEB/CUB/Bi3Sr1_ICSD_58858,221,cP4,2.02099,0.924157,118.048,11.9122,44.9444,12.5029,4,9.17342,aflow_e5db61fa74861990.poscar
Au6Ca10,aflow:c04a329e050ee0ff,aflowlib.duke.edu:AFLOWDATA/ICSD_WEB/BCT/Au3Ca5_ICSD_58404,140,tI32,2.02268,0.642865,175.996,47.2441,35.6722,14.5547,16,5.75556,aflow_c04a329e050ee0ff.poscar
Na2S1,aflow:eceefbe0f5d07d00,aflowlib.duke.edu:AFLOWDATA/ICSD_WEB/FCC/Na2S1_ICSD_56024,225,cF12,2.0229,3.52548,340.142,8.48853,29.3944,18.3533,3,1.85307,aflow_eceefbe0f5d07d00.poscar
As8O12,aflow:8f6257240271b02a,aflowlib.duke.edu:AFLOWDATA/ICSD_WEB/FCC/As2O3_ICSD_16850,227,cF80,2.02312,7.92942,604.907,49.453,5.13889,5.17245,20,3.38715,aflow_8f6257240271b02a.poscar
Ba2Hg1,aflow:5d5d9f727e2fbf3a,aflowlib.duke.edu:AFLOWDATA/ICSD_WEB/BCT/Ba2Hg1_ICSD_30084,139,tI6,2.02351,1.2922,124.05,8.93158,15.9586,10.0205,3,5.70529,aflow_5d5d9f727e2fbf3a.poscar
Ba1Te1,aflow:e00b430dded98dba,aflowlib.duke.edu:AFLOWDATA/ICSD_WEB/CUB/Ba1Te1_ICSD_108097,221,cP2,2.02374,2.6017,154.971,5.92513,31.7389,14.5297,2,5.67639,aflow_e00b430dded98dba.poscar
Al2Li2Te4,aflow:d1883835918feb41,aflowlib.duke.edu:AFLOWDATA/ICSD_WEB/BCT/Al1Li1Te2_ICSD_162672,122,tI16,2.02473,1.53133,222.016,23.3943,27.9597,13.8082,8,3.90229,aflow_d1883835918feb41.poscar
C1Na4O4,aflow:5fd7303c36d270a3,aflowlib.duke.edu:AFLOWDATA/ICSD_WEB/CUB/C1Na4O4_ICSD_245406,215,cP9,2.02534,3.84359,539.806,23.1663,30.5722,13.3117,9,2.64199,aflow_5fd7303c36d270a3.poscar
Pb3Yb1,aflow:0132ab6b9cddd429,aflowlib.duke.edu:AFLOWDATA/ICSD_WEB/CUB/Pb3Yb1_ICSD_105646,221,cP4,2.02566,2.73178,165.058,11.8327,25.6389,18.7323,4,10.9498,aflow_0132ab6b9cddd429.poscar
As8O12,aflow:95ecf65035751e51,aflowlib.duke.edu:AFLOWDATA/ICSD_WEB/FCC/As4O6_ICSD_36144,227,cF80,2.02575,10.0756,656.941,47.8089,5.66667,6.74,20,3.44543,aflow_95ecf65035751e51.poscar
Cs2N6,aflow:5bfcd57eefb4414d,aflowlib.duke.edu:AFLOWDATA/ICSD_WEB/BCT/Cs1N3_ICSD_155170,140,tI16,2.02584,3.32689,350.871,22.4891,14.4859,6.97377,8,3.15235,aflow_5bfcd57eefb4414d.poscar
S4Tl3V1,aflow:cbd1d77464c9957c,aflowlib.duke.edu:AFLOWDATA/ICSD_WEB/BCC/S4Tl3V1_ICSD_16572,217,cI16,2.0259,1.32044,191.975,23.5467,22.1611,9.52593,8,5.79813,aflow_cbd1d77464c9957c.poscar
K1Mn1Te2,aflow:672f28f8caaed3f0,aflowlib.duke.edu:AFLOWDATA/ICSD_WEB/BCT/K1Mn1Te2_ICSD_87983,119,tI8,2.02668,0.9123,147.984,11.8677,21.0419,7.77356,4,4.09036,aflow_672f28f8caaed3f0.poscar
As4K12S12,aflow:912cd1cff7b1044b,aflowlib.duke.edu:AFLOWDATA/ICSD_WEB/CUB/As1K3S3_ICSD_610764,198,cP28,2.02977,0.620319,262.117,81.0996,15.7344,7.83553,28,2.21849,aflow_912cd1cff7b1044b.poscar
O4S1Sr1,aflow:36fd7ae7f0628abf,aflowlib.duke.edu:AFLOWDATA/ICSD_WEB/FCC/O4S1Sr1_ICSD_23744,216,cF24,2.03149,3.73259,402.943,16.5108,49.3944,14.1191,6,3.24891,aflow_36fd7ae7f0628abf.poscar
N6Rb2,aflow:7bafcd91e2563088,aflowlib.duke.edu:AFLOWDATA/ICSD_WEB/BCT/N3Rb1_ICSD_25007,140,tI16,2.03176,4.99295,455.035,21.5129,17.2097,9.32047,8,2.6758,aflow_7bafcd91e2563088.poscar
Se4Ta1Tl3,aflow:2f276b6fcbc132d3,aflowlib.duke.edu:AFLOWDATA/ICSD_WEB/BCC/Se4Ta1Tl3_ICSD_52431,217,cI16,2.03373,0.953436,151.994,23.712,19.5611,7.30807,8,7.07249,aflow_2f276b6fcbc132d3.poscar
Na2O4,aflow:2d7e4e8b51a2f707,aflowlib.duke.edu:AFLOWDATA/ICSD_WEB/ORC/Na1O2_ICSD_180562,58,oP6,2.03472,3.22926,460.793,16.1232,32.473,14.893,6,2.19611,aflow_2d7e4e8b51a2f707.poscar
Ba6Bi2N2,aflow:95ba55b28f7c6bc1,aflowlib.duke.edu:AFLOWDATA/ICSD_WEB/HEX/Ba3Bi1N1_ICSD_152055,194,hP10,2.03522,0.933655,161.984,29.5917,24.7958,10.8174,10,5.92769,aflow_95ba55b28f7c6bc1.poscar
Ba1Te1,aflow:f92c7225e1387152,aflowlib.duke.edu:AFLOWDATA/ICSD_WEB/FCC/Ba1Te1_ICSD_29152,225,cF8,2.03554,3.48875,169.039,5.91196,28.4333,16.5656,2,4.94076,aflow_f92c7225e1387152.poscar
Ca3N1Pb1,aflow:d9c1f3b80255120b,aflowlib.duke.edu:AFLOWDATA/ICSD_WEB/CUB/Ca3N1Pb1_ICSD_106351,221,cP5,2.03597,0.877301,163.942,14.8,18.9278,8.46564,5,2.69547,aflow_d9c1f3b80255120b.poscar
Ag2Ca2,aflow:348aaceb97a7cad5,aflowlib.duke.edu:AFLOWDATA/ICSD_WEB/ORCC/Ag1Ca1_ICSD_54979,63,oS8,2.03814,1.334,182.959,11.7983,34.0954,13.0578,4,4.42425,aflow_348aaceb97a7cad5.poscar
K2N6,aflow:79d559760bbaa9ae,aflowlib.duke.edu:AFLOWDATA/ICSD_WEB/BCT/K1N3_ICSD_155168,140,tI16,2.0384,7.33008,611.04,19.7209,19.8719,11.5715,8,1.94061,aflow_79d559760bbaa9ae.poscar
Ba1Se1,aflow:cf0f068c99c6f727,aflowlib.duke.edu:AFLOWDATA/ICSD_WEB/CUB/Ba1Se1_ICSD_52695,221,cP2,2.04025,3.18191,182.047,5.89689,38.8944,17.3248,2,5.54953,aflow_cf0f068c99c6f727.poscar
Ba2S6,aflow:b9591503600010ee,aflowlib.duke.edu:AFLOWDATA/ICSD_WEB/TET/Ba1S3_ICSD_23637,113,tP8,2.04054,2.83248,299.905,22.8901,33.27,19.237,8,3.74867,aflow_b9591503600010ee.poscar
Ca8Cl12O2,aflow:305466170501fcd5,aflowlib.duke.edu:AFLOWDATA/ICSD_WEB/HEX/Ca4Cl6O1_ICSD_33883,186,hP22,2.04314,0.931659,310.904,62.7544,38.6551,15.8241,22,2.58258,aflow_305466170501fcd5.poscar
Na16Sb8Sn2,aflow:333b7c39a00045da,aflowlib.duke.edu:AFLOWDATA/ICSD_WEB/FCC/Na8Sb4Sn1_ICSD_655768,227,cF104,2.04646,0.347404,187.09,76.6662,19.9,9.0566,26,3.19394,aflow_333b7c39a00045da.poscar
K4Na4Te4,aflow:8d27db05a832e079,aflowlib.duke.edu:AFLOWDATA/ICSD_WEB/ORC/K1Na1Te1_ICSD_67276,62,oP12,2.04665,0.593697,184.139,35.4178,17.8722,10.4032,12,3.03892,aflow_8d27db05a832e079.poscar
Cl4Mg2,aflow:be2eab8817d5e84f,aflowlib.duke.edu:AFLOWDATA/ICSD_WEB/ORCC/Cl2Mg1_ICSD_51246,40,oS12,2.04666,1.42745,273.918,17.3142,36.0385,12.3264,6,1.98504,aflow_be2eab8817d5e84f.poscar
Ba1Cd1,aflow:6d05d48201243e90,aflowlib.duke.edu:AFLOWDATA/ICSD_WEB/CUB/Ba1Cd1_ICSD_58642,221,cP2,2.04788,2.05258,146.86,5.93579,20.9778,13.7644,2,5.37969,aflow_6d05d48201243e90.poscar
In1Mg3,aflow:125f9d220099a79b,aflowlib.duke.edu:AFLOWDATA/ICSD_WEB/CUB/In1Mg3_ICSD_51975,221,cP4,2.04849,2.0439,251.977,11.6188,44.25,18.6461,4,3.44394,aflow_125f9d220099a79b.poscar
N6Tl2,aflow:7096cd4718249e6e,aflowlib.duke.edu:AFLOWDATA/ICSD_WEB/BCT/N3Tl1_ICSD_25009,140,tI16,2.04852,2.58524,296.911,22.9026,22.0143,8.8854,8,5.45336,aflow_7096cd4718249e6e.poscar
Ca1In1,aflow:a36c707fe5266d6f,aflowlib.duke.edu:AFLOWDATA/ICSD_WEB/CUB/Ca1In1_ICSD_58905,221,cP2,2.0502,3.74338,218.115,5.85571,33.5778,19.1404,2,4.46529,aflow_a36c707fe5266d6f.poscar
Bi4Rb12Se12,aflow:13aa186ae78de3e3,aflowlib.duke.edu:AFLOWDATA/ICSD_WEB/CUB/Bi1Rb3Se3_ICSD_85411,198,cP28,2.05028,0.365827,160.006,82.9281,11.4072,6.01102,28,4.19248,aflow_13aa186ae78de3e3.poscar
As4K12Se12,aflow:17d4f25a9a0997c1,aflowlib.duke.edu:AFLOWDATA/ICSD_WEB/CUB/As1K3Se3_ICSD_50492,198,cP28,2.05036,0.46922,208.076,82.1772,13.5165,7.06944,28,2.9436,aflow_17d4f25a9a0997c1.poscar
Ag1La1,aflow:fdbdd132b64b5e94,aflowlib.duke.edu:AFLOWDATA/ICSD_WEB/TET/Ag1La1_ICSD_58306,123,tP2,2.05092,2.3113,158.953,5.92171,36.7466,12.6245,2,7.07308,aflow_fdbdd132b64b5e94.poscar
P4S12Th2,aflow:ee26a5a779ae915c,aflowlib.duke.edu:AFLOWDATA/ICSD_WEB/TET/P2S6Th1_ICSD_35299,84,tP18,2.05183,2.32028,342.066,50.7247,18.6713,9.4316,18,3.09825,aflow_ee26a5a779ae915c.poscar
Bi4K12Se12,aflow:c254a1e890738c41,aflowlib.duke.edu:AFLOWDATA/ICSD_WEB/CUB/Bi1K3Se3_ICSD_78841,198,cP28,2.05251,0.455595,187.986,82.5062,13.2031,7.10923,28,3.82105,aflow_c254a1e890738c41.poscar
Br32Si8,aflow:d2a45d24273ee835,aflowlib.duke.edu:AFLOWDATA/ICSD_WEB/CUB/Br4Si1_ICSD_260324,205,cP40,2.05305,1.26789,293.005,114.739,0.666667,0.712742,40,2.62255,aflow_d2a45d24273ee835.poscar
Bi1Na1,aflow:d3618ed7c3ce4ee7,aflowlib.duke.edu:AFLOWDATA/ICSD_WEB/TET/Bi1Na1_ICSD_58816,123,tP2,2.05499,1.96675,153.925,5.92883,30.3974,14.1892,2,6.69754,aflow_d3618ed7c3ce4ee7.poscar
C1Ru1,aflow:66a8421bcf7958af,aflowlib.duke.edu:AFLOWDATA/ICSD_WEB/FCC/C1Ru1_ICSD_181771,216,cF8,2.05583,2.23473,226.009,5.83602,251.078,18.5393,2,7.9601,aflow_66a8421bcf7958af.poscar
Ag8Sr8,aflow:2216102577d683b9,aflowlib.duke.edu:AFLOWDATA/ICSD_WEB/ORC/Ag1Sr1_ICSD_58358,62,oP16,2.05797,0.530057,164.944,47.3523,27.1099,13.5338,16,5.01505,aflow_2216102577d683b9.poscar
Bi2Li2Zn2,aflow:b729e654befeb54e,aflowlib.duke.edu:AFLOWDATA/ICSD_WEB/HEX/Bi1Li1Zn1_ICSD_100115,186,hP6,2.05902,1.21502,184.918,17.6914,38.975,18.3225,6,6.90434,aflow_b729e654befeb54e.poscar
Bi1Li1,aflow:d80a8198ef249337,aflowlib.duke.edu:AFLOWDATA/ICSD_WEB/TET/Bi1Li1_ICSD_58796,123,tP2,2.06019,1.15101,134.915,5.94558,37.2932,10.2563,2,7.51436,aflow_d80a8198ef249337.poscar
Na4S4,aflow:0e6cd1ae0109c5c4,aflowlib.duke.edu:AFLOWDATA/ICSD_WEB/HEX/Na1S1_ICSD_644958,194,hP8,2.06021,2.04933,352.874,22.521,25.728,15.1286,8,2.03739,aflow_0e6cd1ae0109c5c4.poscar
Hg4Sr6,aflow:b6cf0b50f4b3e8e7,aflowlib.duke.edu:AFLOWDATA/ICSD_WEB/TET/Hg2Sr3_ICSD_107371,127,tP10,2.06024,0.466483,127.014,29.7619,23.8286,10.2611,10,5.96498,aflow_b6cf0b50f4b3e8e7.poscar
Cl4Zn2,aflow:99a7fbd5d338f233,aflowlib.duke.edu:AFLOWDATA/ICSD_WEB/BCT/Cl2Zn1_ICSD_15916,122,tI12,2.06025,3.49317,328.932,17.0179,10.2831,7.20121,6,2.86908,aflow_99a7fbd5d338f233.poscar
F6K2Si1,aflow:71d6809fb16b4ac2,aflowlib.duke.edu:AFLOWDATA/ICSD_WEB/FCC/F6K2Si1_ICSD_29407,225,cF36,2.0603,2.62856,427.13,24.5409,20.0278,8.1701,9,2.61226,aflow_71d6809fb16b4ac2.poscar
Al1F5K2,aflow:fcfa27833696b719,aflowlib.duke.edu:AFLOWDATA/ICSD_WEB/TET/Al1F5K2_ICSD_81864,123,tP8,2.06042,3.2006,435.994,21.7336,26.0512,14.0714,8,2.41116,aflow_fcfa27833696b719.poscar
Br4Ca2,aflow:fdbd47d5f13e4755,aflowlib.duke.edu:AFLOWDATA/ICSD_WEB/TET/Br2Ca1_ICSD_173970,136,tP6,2.06387,0.956454,182.992,17.6956,26.1559,10.3149,6,3.20889,aflow_fdbd47d5f13e4755.poscar
Ag1La1,aflow:6f8934d40bc1c3b7,aflowlib.duke.edu:AFLOWDATA/ICSD_WEB/CUB/Ag1La1_ICSD_150963,221,cP2,2.0641,1.45764,137.054,5.94202,46.6056,11.753,2,7.12652,aflow_6f8934d40bc1c3b7.poscar
Ba2Sn2,aflow:8437382e018f3a1f,aflowlib.duke.edu:AFLOWDATA/ICSD_WEB/ORCC/Ba1Sn1_ICSD_58678,63,oS8,2.06444,2.07477,171.026,11.8188,27.5723,16.1083,4,5.20841,aflow_8437382e018f3a1f.poscar
Ho1Tl1,aflow:cdda0a8539ee985a,aflowlib.duke.edu:AFLOWDATA/ICSD_WEB/CUB/Ho1Tl1_ICSD_104454,221,cP2,2.06602,1.77377,129.057,5.94791,56.6444,15.6186,2,11.3855,aflow_cdda0a8539ee985a.poscar
K2Te1,aflow:5a624ba9e35af61b,aflowlib.duke.edu:AFLOWDATA/ICSD_WEB/FCC/K2Te1_ICSD_182742,225,cF12,2.06619,0.893514,147.154,8.90793,13.0667,6.51818,3,2.44811,aflow_5a624ba9e35af61b.poscar
Ba1O4S1,aflow:09807f267158661e,aflowlib.duke.edu:AFLOWDATA/ICSD_WEB/FCC/Ba1O4S1_ICSD_23743,216,cF24,2.06817,5.87666,434.966,16.2763,44.0167,19.8484,6,3.84765,aflow_09807f267158661e.poscar
O12Se4Sr4,aflow:18f40e64a0a7b1c3,aflowlib.duke.edu:AFLOWDATA/ICSD_WEB/ORC/O3Se1Sr1_ICSD_419386,62,oP20,2.06869,1.96625,383.897,55.4884,47.9517,19.0344,20,4.42482,aflow_18f40e64a0a7b1c3.poscar
In1Mn1Ti2,aflow:74d88bfab6329811,aflowlib.duke.edu:AFLOWDATA/ICSD_WEB/FCC/In1Mn1Ti2_ICSD_189700,216,cF16,2.06924,0.923756,180.042,11.7945,126.256,12.6885,4,6.68746,aflow_74d88bfab6329811.poscar
Cs1H1,aflow:66d73577b08ad09d,aflowlib.duke.edu:AFLOWDATA/ICSD_WEB/CUB/Cs1H1_ICSD_53235,221,cP2,2.06973,0.976334,147.121,5.94744,12.3667,8.2827,2,3.91891,aflow_66d73577b08ad09d.poscar
Te2Ti2,aflow:a91f3d9f527c9db9,aflowlib.duke.edu:AFLOWDATA/ICSD_WEB/HEX/Te1Ti1_ICSD_104194,63,oS8,2.0701,1.51401,183.054,11.7934,52.8616,16.2983,4,5.37431,aflow_a91f3d9f527c9db9.poscar
Cl8Li4Zn2,aflow:68c7755c6a182425,aflowlib.duke.edu:AFLOWDATA/ICSD_WEB/FCC/Cl4Li2Zn1_ICSD_202743,227,cF56,2.07038,1.13141,319.198,39.8819,33.3278,17.1583,14,2.64362,aflow_68c7755c6a182425.poscar
Al2K2Te4,aflow:fe6e33543b6edd63,aflowlib.duke.edu:AFLOWDATA/ICSD_WEB/BCT/Al1K1Te2_ICSD_44703,140,tI16,2.07093,1.92813,232.963,23.3348,18.1246,11.7749,8,3.99299,aflow_fe6e33543b6edd63.poscar
Na12S12Sb4,aflow:6d6ffda2f9dfa751,aflowlib.duke.edu:AFLOWDATA/ICSD_WEB/CUB/Na3S3Sb1_ICSD_425458,198,cP28,2.07226,0.779651,295.802,80.2869,22.8813,11.261,28,2.88513,aflow_6d6ffda2f9dfa751.poscar
Ag2Th4,aflow:981a1b462db4f147,aflowlib.duke.edu:AFLOWDATA/ICSD_WEB/BCT/Ag1Th2_ICSD_150643,140,tI12,2.07253,1.18724,141.013,17.8106,70.487,18.3489,6,10.4019,aflow_981a1b462db4f147.poscar
K12Sb4Te12,aflow:d6e8878db8c79997,aflowlib.duke.edu:AFLOWDATA/ICSD_WEB/CUB/K3Sb1Te3_ICSD_300182,198,cP28,2.0726,0.34716,163.926,82.8755,10.2813,5.4716,28,3.50619,aflow_d6e8878db8c79997.poscar
In3Sc1,aflow:83c2263d4f6af40b,aflowlib.duke.edu:AFLOWDATA/ICSD_WEB/CUB/In3Sc1_ICSD_59524,221,cP4,2.07272,1.57452,182.012,11.7941,62.9389,19.8065,4,6.88699,aflow_83c2263d4f6af40b.poscar
K4S2,aflow:32cf9280ab2dee77,aflowlib.duke.edu:AFLOWDATA/ICSD_WEB/ORCC/K2S1_ICSD_412535,63,oS12,2.07278,0.556778,189.903,17.688,18.1691,5.93455,6,2.05541,aflow_32cf9280ab2dee77.poscar
K4Na4S4,aflow:cdd7847fb7e8b974,aflowlib.duke.edu:AFLOWDATA/ICSD_WEB/ORC/K1Na1S1_ICSD_62658,62,oP12,2.07484,1.12346,299.937,34.4225,25.1325,15.7058,12,2.04144,aflow_cdd7847fb7e8b974.poscar
O2Rb1,aflow:b859d5fa2793bbf1,aflowlib.duke.edu:AFLOWDATA/ICSD_WEB/BCT/O2Rb1_ICSD_180564,139,tI6,2.07516,2.06442,256.954,8.70491,20.6437,8.19924,3,3.15221,aflow_b859d5fa2793bbf1.poscar
Cl8U2,aflow:9a6cc70e1a9b394b,aflowlib.duke.edu:AFLOWDATA/ICSD_WEB/BCT/Cl4U1_ICSD_202331,141,tI20,2.0753,2.68205,284.958,28.74,31.3595,17.2795,10,4.57714,aflow_9a6cc70e1a9b394b.poscar
Ca2Cl4,aflow:8dfd0bb804eca9a6,aflowlib.duke.edu:AFLOWDATA/ICSD_WEB/TET/Ca1Cl2_ICSD_246417,136,tP6,2.07626,1.47214,263.089,17.3713,32.3886,12.801,6,2.11054,aflow_8dfd0bb804eca9a6.poscar
K16Sb8Sn2,aflow:bd20e4241ed4b5cf,aflowlib.duke.edu:AFLOWDATA/ICSD_WEB/FCC/K8Sb4Sn1_ICSD_44679,227,cF104,2.07648,0.336695,171.916,76.8807,12.9556,7.53775,26,2.71967,aflow_bd20e4241ed4b5cf.poscar
Cr2O6,aflow:c8acdbf66750d476,aflowlib.duke.edu:AFLOWDATA/LIB2_WEB/Cr_pvO/AB3_oC16_40_b_a2b-001.AB,40,oS16,2.07696,19.7069,803.171,17.1897,8.78513,7.48585,8,2.37894,aflow_c8acdbf66750d476.poscar
Ag2Te4Y2,aflow:b468cbf4ca46cb34,aflowlib.duke.edu:AFLOWDATA/ICSD_WEB/TET/Ag1Te2Y1_ICSD_154792,113,tP8,2.07697,1.93804,211.022,23.446,38.1973,19.4934,8,6.18953,aflow_b468cbf4ca46cb34.poscar
Na12Sb4Te12,aflow:d9b6cf00722ac4b8,aflowlib.duke.edu:AFLOWDATA/ICSD_WEB/CUB/Na3Sb1Te3_ICSD_75513,198,cP28,2.07707,0.45301,190.029,82.4901,14.5051,7.52503,28,4.26507,aflow_d9b6cf00722ac4b8.poscar
Na12Sb4Se12,aflow:30b515df88e0033e,aflowlib.duke.edu:AFLOWDATA/ICSD_WEB/CUB/Na3Sb1Se3_ICSD_425125,198,cP28,2.07779,0.647884,240.865,81.5503,19.1464,10.3844,28,3.82773,aflow_30b515df88e0033e.poscar
S4Si2,aflow:52876f739dd429b4,aflowlib.duke.edu:AFLOWDATA/ICSD_WEB/BCT/S2Si1_ICSD_16952,122,tI12,2.07834,10.7017,556.989,15.271,25.7322,19.3253,6,2.22515,aflow_52876f739dd429b4.poscar
Ba2H2I2,aflow:17963b5ef054944f,aflowlib.duke.edu:AFLOWDATA/ICSD_WEB/TET/Ba1H1I1_ICSD_37203,129,tP6,2.07853,1.17032,182.019,17.7061,23.981,13.8549,6,4.94517,aflow_17963b5ef054944f.poscar
K4O6Pb4,aflow:1a4f8263ad0adfcc,aflowlib.duke.edu:AFLOWDATA/ICSD_WEB/BCC/K2O3Pb2_ICSD_1412,199,cI28,2.07889,1.62271,264.081,40.5057,21.1407,13.0747,14,5.608,aflow_1a4f8263ad0adfcc.poscar
C2K8O8,aflow:58922299f89bc347,aflowlib.duke.edu:AFLOWDATA/ICSD_WEB/TET/C1K4O4_ICSD_245428,86,tP18,2.07922,1.59611,415.74,49.324,34.5463,14.1104,18,2.68394,aflow_58922299f89bc347.poscar
Ba2Bi3,aflow:ec10eb407ac3cb2e,aflowlib.duke.edu:AFLOWDATA/ICSD_WEB/ORCI/Ba2Bi3_ICSD_170218,71,oI10,2.07941,1.3491,139.992,14.8484,31.7497,15.8243,5,7.49679,aflow_ec10eb407ac3cb2e.poscar
F6Rb2Si1,aflow:b77dec9e36231396,aflowlib.duke.edu:AFLOWDATA/ICSD_WEB/FCC/F6Rb2Si1_ICSD_38547,225,cF36,2.08007,1.93847,340.949,25.4081,19.0917,7.51559,9,3.28217,aflow_b77dec9e36231396.poscar
Al2Se4Tl2,aflow:2d87cbc355583fbb,aflowlib.duke.edu:AFLOWDATA/ICSD_WEB/BCT/Al1Se2Tl1_ICSD_100130,140,tI16,2.08015,1.81809,219.951,23.4052,26.9027,14.2197,8,5.93852,aflow_2d87cbc355583fbb.poscar
Cs2F6Si1,aflow:f2420bdaea73f13a,aflowlib.duke.edu:AFLOWDATA/ICSD_WEB/FCC/Cs2F6Si1_ICSD_38548,225,cF36,2.08058,1.34969,271.966,25.983,16.4472,5.82934,9,3.64326,aflow_f2420bdaea73f13a.poscar
Er1Tl1,aflow:cb514034f0a5a191,aflowlib.duke.edu:AFLOWDATA/ICSD_WEB/CUB/Er1Tl1_ICSD_103311,221,cP2,2.08061,1.6723,126.994,5.94974,56.5056,15.1219,2,11.5442,aflow_cb514034f0a5a191.poscar
Br8Li6Mg1,aflow:ddee48f6f9bf413e,aflowlib.duke.edu:AFLOWDATA/ICSD_WEB/FCC/Br8Li6Mg1_ICSD_73275,225,cF60,2.08076,0.866196,257.277,43.5707,23.0111,14.8454,15,3.46529,aflow_ddee48f6f9bf413e.poscar
Tl1Y1,aflow:7a534e0fe4e0e735,aflowlib.duke.edu:AFLOWDATA/ICSD_WEB/CUB/Tl1Y1_ICSD_106195,221,cP2,2.08127,2.14867,149.018,5.93071,54.4722,16.3247,2,8.87311,aflow_7a534e0fe4e0e735.poscar
S4Ta2,aflow:86952ebb6037f0de,aflowlib.duke.edu:AFLOWDATA/ICSD_WEB/HEX/S2Ta1_ICSD_169771,194,hP6,2.08136,9.51009,389.048,16.5957,28.0221,17.5927,6,6.13875,aflow_86952ebb6037f0de.poscar
Dy1Tl1,aflow:38fefb0ffb8a0914,aflowlib.duke.edu:AFLOWDATA/ICSD_WEB/CUB/Dy1Tl1_ICSD_103375,221,cP2,2.0814,1.86399,131.932,5.94514,55.1111,15.9993,2,11.1545,aflow_38fefb0ffb8a0914.poscar
Rb2Te1,aflow:e7c5c7c5b4f9a113,aflowlib.duke.edu:AFLOWDATA/ICSD_WEB/FCC/Rb2Te1_ICSD_182743,225,cF12,2.08183,0.705985,119.021,8.94028,11.4944,5.8551,3,3.11745,aflow_e7c5c7c5b4f9a113.poscar
Dy1Hg1,aflow:bb79767f7ff9b396,aflowlib.duke.edu:AFLOWDATA/ICSD_WEB/CUB/Dy1Hg1_ICSD_103195,221,cP2,2.08199,2.39767,144.977,5.93404,67.4111,19.941,2,11.704,aflow_bb79767f7ff9b396.poscar
Au4Ba4,aflow:e5d622930c8ffda7,aflowlib.duke.edu:AFLOWDATA/ICSD_WEB/ORC/Au1Ba1_ICSD_611634,62,oP8,2.08236,0.682268,129.034,23.7995,30.7342,13.9001,8,8.09067,aflow_e5d622930c8ffda7.poscar
S4Ta2,aflow:ae63c4f893dd717a,aflowlib.duke.edu:AFLOWDATA/ICSD_WEB/HEX/S2Ta1_ICSD_651082,194,hP6,2.08239,10.7394,402.956,16.5011,24.726,17.2807,6,5.84051,aflow_ae63c4f893dd717a.poscar
Ba2Pd2,aflow:10ee17b38b9b345d,aflowlib.duke.edu:AFLOWDATA/ICSD_WEB/ORCC/Ba1Pd1_ICSD_616028,63,oS8,2.08308,1.4559,160.027,11.8438,33.4513,14.8427,4,6.46814,aflow_10ee17b38b9b345d.poscar
Cs1K2Sb1,aflow:1e79095987894d8e,aflowlib.duke.edu:AFLOWDATA/ICSD_WEB/FCC/Cs1K2Sb1_ICSD_53237,225,cF16,2.08384,0.798508,143.86,11.8875,12.5833,8.08518,4,3.30246,aflow_1e79095987894d8e.poscar
Se6,aflow:7d6a2e6c742211e5,aflowlib.duke.edu:AFLOWDATA/ICSD_WEB/FCC/Se1_ICSD_150731,227,cF24,2.08444,0.0931019,75.0033,17.9481,19.0167,1.65057,6,2.07995,aflow_7d6a2e6c742211e5.poscar
Ba2Br2H2,aflow:2cce4f73a021a5c3,aflowlib.duke.edu:AFLOWDATA/ICSD_WEB/TET/Ba1Br1H1_ICSD_37202,129,tP6,2.08485,1.23482,200.885,17.6408,29.8114,15.9332,6,4.65185,aflow_2cce4f73a021a5c3.poscar
Br4Eu4I4,aflow:46250f984f45620f,aflowlib.duke.edu:AFLOWDATA/ICSD_WEB/ORC/Br1Eu1I1_ICSD_59885,62,oP12,2.08585,0.479311,141.019,35.6431,30.747,11.9733,12,5.92378,aflow_46250f984f45620f.poscar
Rb2S1,aflow:e738c735121eb87f,aflowlib.duke.edu:AFLOWDATA/ICSD_WEB/FCC/Rb2S1_ICSD_29208,225,cF12,2.08751,1.07787,161.091,8.88907,15.6519,8.10391,3,2.81022,aflow_e738c735121eb87f.poscar
Al1F6K3,aflow:80c10bcea48c9956,aflowlib.duke.edu:AFLOWDATA/ICSD_WEB/FCC/Al1F6K3_ICSD_262078,225,cF40,2.08768,1.23651,335.173,28.3188,39.4778,13.1563,10,2.60406,aflow_80c10bcea48c9956.poscar
Ca4Cl8,aflow:5ed02d9a45e81078,aflowlib.duke.edu:AFLOWDATA/ICSD_WEB/ORC/Ca1Cl2_ICSD_56769,60,oP12,2.08821,0.960523,268.137,34.6919,28.1042,11.3858,12,2.15797,aflow_5ed02d9a45e81078.poscar
K12S12Sb4,aflow:32b78ac78f5ae2ea,aflowlib.duke.edu:AFLOWDATA/ICSD_WEB/CUB/K3S3Sb1_ICSD_641323,198,cP28,2.08886,0.587073,248.847,81.3873,15.1135,7.68826,28,2.5017,aflow_32b78ac78f5ae2ea.poscar
K2O1,aflow:02918067ce677bf4,aflowlib.duke.edu:AFLOWDATA/LIB2_WEB/K_svO/AB2_cF12_225_a_c.BA,225,cF12,2.08919,1.76966,260.925,8.70575,27.3661,12.5009,3,2.29266,aflow_02918067ce677bf4.poscar
Cl6Rb2Zr1,aflow:ed428a902e5d41de,aflowlib.duke.edu:AFLOWDATA/ICSD_WEB/FCC/Cl6Rb2Zr1_ICSD_26694,225,cF36,2.08943,1.43125,251.871,26.1288,9.22778,4.66488,9,2.74151,aflow_ed428a902e5d41de.poscar
Rb8Sb8,aflow:8cf08ce1df285278,aflowlib.duke.edu:AFLOWDATA/ICSD_WEB/ORC/Rb1Sb1_ICSD_14030,19,oP16,2.09051,0.314214,133.084,47.5813,11.5673,4.96954,16,3.83971,aflow_8cf08ce1df285278.poscar
Rb4Te2,aflow:1dff4665ff68a2de,aflowlib.duke.edu:AFLOWDATA/ICSD_WEB/HEX/Rb2Te1_ICSD_55118,194,hP6,2.09089,0.393993,117.093,17.8858,12.5158,5.57489,6,3.73433,aflow_1dff4665ff68a2de.poscar
Li2Pd1,aflow:39fbb25ad81ea9a5,aflowlib.duke.edu:AFLOWDATA/ICSD_WEB/HEX/Li2Pd1_ICSD_104773,191,hP3,2.09126,2.17507,272.078,8.6756,49.3328,19.5659,3,4.7474,aflow_39fbb25ad81ea9a5.poscar
Ga1Li1Mg2,aflow:7a3214622338eebb,aflowlib.duke.edu:AFLOWDATA/ICSD_WEB/FCC/Ga1Li1Mg2_ICSD_103782,225,cF16,2.0913,1.94365,294.061,11.49,40.7333,17.2913,4,2.80292,aflow_7a3214622338eebb.poscar
Ca6Hg4,aflow:89fa2dba45153d8c,aflowlib.duke.edu:AFLOWDATA/ICSD_WEB/TET/Ca3Hg2_ICSD_58904,127,tP10,2.09133,0.653701,159.023,29.6217,31.2401,13.0324,10,5.60008,aflow_89fa2dba45153d8c.poscar
K2O1,aflow:9e183a9afc990944,aflowlib.duke.edu:AFLOWDATA/ICSD_WEB/FCC/K2O1_ICSD_180571,225,cF12,2.09138,1.76563,260.787,8.70608,27.45,12.534,3,2.29606,aflow_9e183a9afc990944.poscar
La4S4,aflow:2f48421ae3458aa7,aflowlib.duke.edu:AFLOWDATA/ICSD_WEB/ORCC/La1S1_ICSD_77831,64,oS16,2.09217,3.63708,271.923,23.0738,14.2412,9.89033,8,2.85799,aflow_2f48421ae3458aa7.poscar
K5Sb4,aflow:129f24d8bdf2c435,aflowlib.duke.edu:AFLOWDATA/ICSD_WEB/MCLC/K5Sb4_ICSD_56530,12,mS18,2.09263,0.771061,176.935,26.5839,14.982,8.75111,9,3.08095,aflow_129f24d8bdf2c435.poscar
Cd1Li2Pb1,aflow:cfbceda193fc9a79,aflowlib.duke.edu:AFLOWDATA/ICSD_WEB/FCC/Cd1Li2Pb1_ICSD_102015,216,cF16,2.093,0.775195,153.856,11.8627,32.6056,11.4381,4,6.48701,aflow_cfbceda193fc9a79.poscar
Cd2Se8Yb4,aflow:2f2f997069e31015,aflowlib.duke.edu:AFLOWDATA/ICSD_WEB/FCC/Cd1Se4Yb2_ICSD_37408,227,cF56,2.09304,0.29051,128.952,41.6407,48.9389,10.7181,14,6.20727,aflow_2f2f997069e31015.poscar
Ca4N8O24,aflow:b7ba9a9f2b076a37,aflowlib.duke.edu:AFLOWDATA/ICSD_WEB/CUB/Ca1N2O6_ICSD_52351,205,cP36,2.0932,6.49476,894.648,71.6113,12.6517,11.3559,36,2.35409,aflow_b7ba9a9f2b076a37.poscar
O2Pb2,aflow:8e1df3004e6ef769,aflowlib.duke.edu:AFLOWDATA/ICSD_WEB/TET/O1Pb1_ICSD_15466,129,tP4,2.09353,3.91442,239.04,11.6438,20.4054,10.5832,4,8.32366,aflow_8e1df3004e6ef769.poscar
S8Sn2Sr4,aflow:bca3f4fd2918d84d,aflowlib.duke.edu:AFLOWDATA/ICSD_WEB/ORCC/S4Sn1Sr2_ICSD_413024,40,oS28,2.09362,1.59124,280.054,40.299,30.6184,14.7399,14,3.57436,aflow_bca3f4fd2918d84d.poscar
Ga4Li4Se8,aflow:e5d89371a9e11bb0,aflowlib.duke.edu:AFLOWDATA/ICSD_WEB/ORC/Ga1Li1Se2_ICSD_96915,33,oP16,2.09387,1.11692,263.09,46.3154,36.3455,17.5234,16,4.04695,aflow_e5d89371a9e11bb0.poscar
K2S1,aflow:e4dd36659b848305,aflowlib.duke.edu:AFLOWDATA/ICSD_WEB/FCC/K2S1_ICSD_183837,225,cF12,2.09396,1.68403,232.761,8.76513,18.3611,9.84152,3,1.75988,aflow_e4dd36659b848305.poscar
Ga1Hf1Ni2,aflow:da5ce7d4e4ec8f69,aflowlib.duke.edu:AFLOWDATA/ICSD_WEB/FCC/Ga1Hf1Ni2_ICSD_103734,225,cF16,2.09399,0.716183,153.041,11.8502,163.489,13.58,4,11.0398,aflow_da5ce7d4e4ec8f69.poscar
N8O4,aflow:0d80a637c412b773,aflowlib.duke.edu:AFLOWDATA/ICSD_WEB/CUB/N2O1_ICSD_22397,205,cP12,2.09403,5.12946,673.123,28.3926,4.46111,2.72299,12,1.38626,aflow_0d80a637c412b773.poscar
Cs2Na2S2,aflow:b58f57b429d3e7c2,aflowlib.duke.edu:AFLOWDATA/ICSD_WEB/TET/Cs1Na1S1_ICSD_41323,129,tP6,2.09417,0.927923,189.201,17.6913,21.1088,11.2794,6,3.37169,aflow_b58f57b429d3e7c2.poscar
Al2Te4Zn1,aflow:f271f31b7b56d2c5,aflowlib.duke.edu:AFLOWDATA/ICSD_WEB/BCT/Al2Te4Zn1_ICSD_25639,82,tI14,2.0958,2.75125,248.984,20.3289,29.6723,19.1892,7,4.74511,aflow_f271f31b7b56d2c5.poscar
F6Na1P1,aflow:8ec0ddedd7a8e8ea,aflowlib.duke.edu:AFLOWDATA/ICSD_WEB/FCC/F6Na1P1_ICSD_90615,225,cF32,2.09679,4.56798,532.715,20.6728,21.1111,9.88395,8,2.23804,aflow_8ec0ddedd7a8e8ea.poscar
Mn1Te1,aflow:70733edbcdfdc0c8,aflowlib.duke.edu:AFLOWDATA/ICSD_WEB/FCC/Mn1Te1_ICSD_181324,216,cF8,2.09736,1.92182,164.942,5.91634,37.1944,11.8874,2,4.44596,aflow_70733edbcdfdc0c8.poscar
Pb3Tb1,aflow:e059c8bcb764bfa2,aflowlib.duke.edu:AFLOWDATA/ICSD_WEB/CUB/Pb3Tb1_ICSD_105629,221,cP4,2.09741,0.468345,95.0241,11.9431,50.2278,8.65957,4,11.1463,aflow_e059c8bcb764bfa2.poscar
Li1Pb1,aflow:a7b9a122dec417bf,aflowlib.duke.edu:AFLOWDATA/ICSD_WEB/CUB/Li1Pb1_ICSD_104762,221,cP2,2.09819,0.897914,127.058,5.95351,34.0444,9.86566,2,7.85762,aflow_a7b9a122dec417bf.poscar
K10Te6,aflow:5b8c6ef02fe2db2a,aflowlib.duke.edu:AFLOWDATA/ICSD_WEB/BCT/K5Te3_ICSD_66024,87,tI32,2.0985,0.450145,172.132,47.3249,14.8008,9.07266,16,3.07634,aflow_5b8c6ef02fe2db2a.poscar
Cl1Li1,aflow:3d5c7e27f5a6cca6,aflowlib.duke.edu:AFLOWDATA/ICSD_WEB/FCC/Cl1Li1_ICSD_26909,225,cF8,2.09853,3.82212,363.038,5.62406,32.0444,18.5325,2,2.05288,aflow_3d5c7e27f5a6cca6.poscar
Au1K3O1,aflow:f40823291e45087f,aflowlib.duke.edu:AFLOWDATA/ICSD_WEB/CUB/Au1K3O1_ICSD_79086,221,cP5,2.1008,0.987767,183.242,14.7663,18.5778,11.7236,5,3.64094,aflow_f40823291e45087f.poscar
Cl6Cs2Zr1,aflow:e833f0eceb0b201f,aflowlib.duke.edu:AFLOWDATA/ICSD_WEB/FCC/Cl6Cs2Zr1_ICSD_26695,225,cF36,2.10089,1.52754,240.921,26.2024,7.40556,4.38089,9,3.01623,aflow_e833f0eceb0b201f.poscar
Bi4K12Te12,aflow:1b77bae9c459f82a,aflowlib.duke.edu:AFLOWDATA/ICSD_WEB/CUB/Bi1K3Te3_ICSD_300183,198,cP28,2.10111,0.329715,156.003,82.9921,10.2746,5.48686,28,4.04094,aflow_1b77bae9c459f82a.poscar
Br6Cs2Mg2,aflow:fdf1ecb52d3d236a,aflowlib.duke.edu:AFLOWDATA/ICSD_WEB/HEX/Br3Cs1Mg1_ICSD_87260,194,hP10,2.10162,0.627088,170.168,29.5752,12.0149,6.0372,10,3.77694,aflow_fdf1ecb52d3d236a.poscar
Sn8Sr2,aflow:b6b877fb8d8fa020,aflowlib.duke.edu:AFLOWDATA/ICSD_WEB/ORCC/Sn4Sr1_ICSD_281669,63,oS20,2.10184,0.51492,143.966,29.6788,40.2189,11.2146,10,6.10948,aflow_b6b877fb8d8fa020.poscar
Rb6S6,aflow:3514633aa46a9f48,aflowlib.duke.edu:AFLOWDATA/ICSD_WEB/HEX/Rb2S2_ICSD_73176,189,hP12,2.10303,0.625174,195.109,35.3326,15.8471,8.08643,12,2.7248,aflow_3514633aa46a9f48.poscar
K4O4,aflow:afaf34e9dd446777,aflowlib.duke.edu:AFLOWDATA/LIB2_WEB/K_svO/AB_oC16_64_e_f-001.AB,64,oS16,2.10382,1.85977,352.249,22.5417,30.3473,16.6413,8,2.31067,aflow_afaf34e9dd446777.poscar
Cl8Mg2Na4,aflow:81ee2ef7b606c650,aflowlib.duke.edu:AFLOWDATA/ICSD_WEB/ORC/Cl4Mg1Na2_ICSD_69343,55,oP14,2.10467,0.91383,299.726,40.1424,26.0297,12.5528,14,2.19535,aflow_81ee2ef7b606c650.poscar
Ga4Se8Sr2,aflow:df2ac674923b54bf,aflowlib.duke.edu:AFLOWDATA/ICSD_WEB/ORCC/Ga2Se4Sr1_ICSD_635400,66,oS28,2.10476,1.80968,270.079,40.4285,29.3315,17.371,14,4.64279,aflow_df2ac674923b54bf.poscar
Mn4Te8Zn2,aflow:07eae5aae7ba2e7d,aflowlib.duke.edu:AFLOWDATA/ICSD_WEB/FCC/Mn2Te4Zn1_ICSD_643810,227,cF56,2.10479,0.234734,126.006,41.6605,42.1944,7.54221,14,5.66185,aflow_07eae5aae7ba2e7d.poscar
C1Ru1,aflow:4990d46926dfee7a,aflowlib.duke.edu:AFLOWDATA/ICSD_WEB/FCC/C1Ru1_ICSD_183169,225,cF8,2.10513,1.49975,204.963,5.86492,317.922,16.1078,2,9.38138,aflow_4990d46926dfee7a.poscar
Bi8O12,aflow:dfaa12a3d112d79d,aflowlib.duke.edu:AFLOWDATA/ICSD_WEB/FCC/Bi2O3_ICSD_168811,227,cF80,2.10542,2.31233,312.101,56.9739,27.0722,14.1347,20,8.30837,aflow_dfaa12a3d112d79d.poscar
In6S8,aflow:b763bddbb78748a7,aflowlib.duke.edu:AFLOWDATA/ICSD_WEB/FCC/In24S32_ICSD_640361,227,cF56,2.10555,0.661433,204.939,41.0887,53.0778,13.4895,14,4.549,aflow_b763bddbb78748a7.poscar
F6Si1Tl2,aflow:9fab41bd3120e637,aflowlib.duke.edu:AFLOWDATA/ICSD_WEB/FCC/F6Si1Tl2_ICSD_38549,225,cF36,2.10646,1.02404,230.088,26.2751,19.8944,5.99617,9,5.66681,aflow_9fab41bd3120e637.poscar
Br3Cs1Ge1,aflow:75cade801fdcdde7,aflowlib.duke.edu:AFLOWDATA/ICSD_WEB/CUB/Br3Cs1Ge1_ICSD_80320,221,cP5,2.10669,1.09442,169.149,14.7888,22.9833,12.5055,5,4.20442,aflow_75cade801fdcdde7.poscar
Cl6K2Ti1,aflow:318629758c94a56e,aflowlib.duke.edu:AFLOWDATA/ICSD_WEB/FCC/Cl6K2Ti1_ICSD_26934,225,cF36,2.10717,1.48494,290.91,25.8463,11.4833,5.54023,9,2.2095,aflow_318629758c94a56e.poscar
Al2Cd1Te4,aflow:74c0b1109069d665,aflowlib.duke.edu:AFLOWDATA/ICSD_WEB/BCT/Al2Cd1Te4_ICSD_25640,82,tI14,2.10736,2.2933,227.902,20.4376,25.9922,15.7338,7,4.77832,aflow_74c0b1109069d665.poscar
Cl6Rb2Ti1,aflow:cdeebb26060edc5e,aflowlib.duke.edu:AFLOWDATA/ICSD_WEB/FCC/Cl6Rb2Ti1_ICSD_26689,225,cF36,2.10881,1.17799,246.945,26.1727,10.2778,4.66555,9,2.63948,aflow_cdeebb26060edc5e.poscar
Al2Cl8Cu2,aflow:af155c777063d34b,aflowlib.duke.edu:AFLOWDATA/ICSD_WEB/TET/Al1Cl4Cu1_ICSD_35050,112,tP12,2.10895,1.72822,326.035,34.0626,11.9007,6.49342,12,2.44242,aflow_af155c777063d34b.poscar
Ni2Ta2Te10,aflow:72c858b8c990275d,aflowlib.duke.edu:AFLOWDATA/ICSD_WEB/ORCC/Ni1Ta1Te5_ICSD_73314,63,oS28,2.10909,2.32505,250.095,40.6223,22.154,13.0443,14,7.36038,aflow_72c858b8c990275d.poscar
N8Ni4O24,aflow:c47980a1cf3266fe,aflowlib.duke.edu:AFLOWDATA/ICSD_WEB/CUB/N2Ni1O6_ICSD_28327,205,cP36,2.11036,1.67057,557.813,91.6122,45.186,14.2109,36,2.8443,aflow_c47980a1cf3266fe.poscar
K2Se1,aflow:3746bf32a1781888,aflowlib.duke.edu:AFLOWDATA/ICSD_WEB/FCC/K2Se1_ICSD_168448,225,cF12,2.11058,1.36858,192.173,8.8429,15.8944,9.12565,3,2.24165,aflow_3746bf32a1781888.poscar
Cl8Li6V1,aflow:93581ed0f35d427a,aflowlib.duke.edu:AFLOWDATA/ICSD_WEB/FCC/Cl8Li6V1_ICSD_100834,225,cF60,2.11067,1.36051,379.969,41.8435,28.4306,18.3914,15,2.25249,aflow_93581ed0f35d427a.poscar
Au4Mg4Yb4,aflow:cb1589626859b7a8,aflowlib.duke.edu:AFLOWDATA/ICSD_WEB/ORC/Au1Mg1Yb1_ICSD_411303,62,oP12,2.11069,0.776776,168.079,35.4828,43.0892,18.6371,12,9.03526,aflow_cb1589626859b7a8.poscar
Ho1Sn3,aflow:da9e4e5b7d760fce,aflowlib.duke.edu:AFLOWDATA/ICSD_WEB/CUB/Ho1Sn3_ICSD_104449,221,cP4,2.11216,0.698719,126.038,11.9005,56.6611,10.1805,4,8.01502,aflow_da9e4e5b7d760fce.poscar
K12Sb4Se12,aflow:c385ec02c7fa912e,aflowlib.duke.edu:AFLOWDATA/ICSD_WEB/CUB/K3Sb1Se3_ICSD_89607,198,cP28,2.11252,0.449864,201.948,82.2861,12.8143,6.85275,28,3.19297,aflow_c385ec02c7fa912e.poscar
F6Hf1K2,aflow:b8b8a59bed65374d,aflowlib.duke.edu:AFLOWDATA/ICSD_WEB/FCC/F6Hf1K2_ICSD_47244,225,cF36,2.1129,3.17752,382.166,25.0166,9.25,5.15153,9,3.67835,aflow_b8b8a59bed65374d.poscar
La1Te1,aflow:3db1c6bb651f859d,aflowlib.duke.edu:AFLOWDATA/ICSD_WEB/FCC/La1Te1_ICSD_183944,225,cF8,2.11351,3.41382,177.01,5.90052,54.8889,19.4894,2,6.3931,aflow_3db1c6bb651f859d.poscar
Er1Sn3,aflow:bf14b169c7848137,aflowlib.duke.edu:AFLOWDATA/ICSD_WEB/CUB/Er1Sn3_ICSD_103305,221,cP4,2.114,0.635161,122.037,11.9058,56.1056,9.55377,4,8.06552,aflow_bf14b169c7848137.poscar
Ge1I3Rb1,aflow:dabbab28e3d6abc7,aflowlib.duke.edu:AFLOWDATA/ICSD_WEB/CUB/Ge1I3Rb1_ICSD_40216,221,cP5,2.1142,0.82785,142.152,14.8518,18.6,10.2275,5,4.24702,aflow_dabbab28e3d6abc7.poscar
Cl2Sr1,aflow:bea65ca25419a241,aflowlib.duke.edu:AFLOWDATA/ICSD_WEB/FCC/Cl2Sr1_ICSD_18011,225,cF12,2.11434,2.00874,224.998,8.77052,33.6611,13.5806,3,3.00673,aflow_bea65ca25419a241.poscar
Br1Li1,aflow:20b64628cf74cb53,aflowlib.duke.edu:AFLOWDATA/ICSD_WEB/FCC/Br1Li1_ICSD_27982,225,cF8,2.11485,2.24885,235.99,5.84334,26.1611,14.6136,2,3.44423,aflow_20b64628cf74cb53.poscar
As1U1,aflow:06f1bb3cfd366da4,aflowlib.duke.edu:AFLOWDATA/ICSD_WEB/CUB/As1U1_ICSD_44079,221,cP2,2.11524,0.781781,107.017,5.9639,75.7556,9.18979,2,10.8271,aflow_06f1bb3cfd366da4.poscar
Cl6Cs2Ti1,aflow:c99de34a4b979aa7,aflowlib.duke.edu:AFLOWDATA/ICSD_WEB/FCC/Cl6Cs2Ti1_ICSD_26690,225,cF36,2.11544,1.04358,220.089,26.3412,8.22778,3.88153,9,2.8948,aflow_c99de34a4b979aa7.poscar
I2Li2,aflow:33c46f81543e1b3a,aflowlib.duke.edu:AFLOWDATA/ICSD_WEB/HEX/I1Li1_ICSD_44781,194,hP4,2.11576,0.932258,173.064,11.8335,20.2072,10.7871,4,4.08641,aflow_33c46f81543e1b3a.poscar
O4,aflow:02f1cbf29c0e74f4,aflowlib.duke.edu:AFLOWDATA/ICSD_WEB/HEX/O2_ICSD_164724,194,hP4,2.11692,6.85764,593.895,9.96919,19.5204,7.38963,4,2.24406,aflow_02f1cbf29c0e74f4.poscar
F6S1,aflow:aa9293911e25ddc1,aflowlib.duke.edu:AFLOWDATA/ICSD_WEB/BCC/F6S1_ICSD_214,229,cI14,2.11815,3.39163,472.069,18.6802,4.28333,1.525,7,2.18276,aflow_aa9293911e25ddc1.poscar
Hg1La1,aflow:6f8e31f2f3b8f9a6,aflowlib.duke.edu:AFLOWDATA/ICSD_WEB/CUB/Hg1La1_ICSD_104305,221,cP2,2.11853,2.09781,141.008,5.938,52.4333,16.8484,2,9.29158,aflow_6f8e31f2f3b8f9a6.poscar
Ba2Te4,aflow:58d9a7827940d4c4,aflowlib.duke.edu:AFLOWDATA/ICSD_WEB/BCT/Ba1Te2_ICSD_75555,140,tI12,2.11884,1.46276,169.035,17.7368,28.7313,15.0264,6,5.44047,aflow_58d9a7827940d4c4.poscar
Dy4Ga4Pd4,aflow:dd04eb665d00e3ba,aflowlib.duke.edu:AFLOWDATA/ICSD_WEB/ORC/Dy1Ga1Pd1_ICSD_54588,62,oP12,2.11889,0.710533,176.012,35.4124,97.7786,19.7642,12,9.49876,aflow_dd04eb665d00e3ba.poscar
K2Sb2Sn2,aflow:dd13c8d7dc0a6e51,aflowlib.duke.edu:AFLOWDATA/ICSD_WEB/HEX/K1Sb1Sn1_ICSD_33933,186,hP6,2.11967,1.50833,192.081,17.6639,20.4628,12.6556,6,4.02879,aflow_dd13c8d7dc0a6e51.poscar
Rb4S2,aflow:c9706e203eac5569,aflowlib.duke.edu:AFLOWDATA/ICSD_WEB/HEX/Rb2S1_ICSD_261443,194,hP6,2.1203,0.455255,144.882,17.8232,15.9989,6.06854,6,3.26015,aflow_c9706e203eac5569.poscar
Ho1Pd1Sb1,aflow:b73d6449f23ba7da,aflowlib.duke.edu:AFLOWDATA/ICSD_WEB/FCC/Ho1Pd1Sb1_ICSD_108547,216,cF12,2.12169,0.679423,118.037,8.93403,70.8556,9.32569,3,8.56797,aflow_b73d6449f23ba7da.poscar
Dy1Sn3,aflow:5312a20efe58dbc3,aflowlib.duke.edu:AFLOWDATA/ICSD_WEB/CUB/Dy1Sn3_ICSD_103370,221,cP4,2.12255,0.986287,141.981,11.8744,55.2944,12.6065,4,7.94916,aflow_5312a20efe58dbc3.poscar
Cs2F4H2,aflow:31742ab3c0b25417,aflowlib.duke.edu:AFLOWDATA/ICSD_WEB/BCT/Cs1F2H1_ICSD_45858,140,tI16,2.12267,0.755878,227.017,23.4154,19.0642,8.21402,8,3.70896,aflow_31742ab3c0b25417.poscar
Pb2Se4,aflow:2b68e406cfa47a15,aflowlib.duke.edu:AFLOWDATA/ICSD_WEB/BCT/Pb1Se2_ICSD_174577,140,tI12,2.12312,1.55008,183.938,17.6857,45.7952,18.5695,6,7.29976,aflow_2b68e406cfa47a15.poscar
As2Rb6Se32,aflow:f38425f6bc10cbcc,aflowlib.duke.edu:AFLOWDATA/ICSD_WEB/FCC/As1Rb3Se16_ICSD_405959,203,cF160,2.12362,0.269721,177.999,118.046,12.1108,3.86183,40,4.22809,aflow_f38425f6bc10cbcc.poscar
Cu3Se4Ta1,aflow:fc6f7e9b36076ac3,aflowlib.duke.edu:AFLOWDATA/ICSD_WEB/CUB/Cu3Se4Ta1_ICSD_108406,215,cP8,2.12411,3.91849,305.067,22.8451,31.4389,19.5632,8,5.97713,aflow_fc6f7e9b36076ac3.poscar
Bi4,aflow:fadf792d7b321127,aflowlib.duke.edu:AFLOWDATA/ICSD_WEB/BCT/Bi1_ICSD_51674,140,tI8,2.1246,0.00988102,24.9909,11.9957,310.346,4.69588,4,8.67484,aflow_fadf792d7b321127.poscar
Pd1Ti1,aflow:91b2e46acca5d936,aflowlib.duke.edu:AFLOWDATA/ICSD_WEB/CUB/Pd1Ti1_ICSD_105721,221,cP2,2.12498,1.40112,171.995,5.90555,150.256,13.4317,2,7.80293,aflow_91b2e46acca5d936.poscar
Lu1Pb2,aflow:b17fb10793f51754,aflowlib.duke.edu:AFLOWDATA/ICSD_WEB/BCT/Lu1Pb2_ICSD_104811,139,tI6,2.12503,0.957325,113.986,8.93954,42.1057,11.5566,3,11.1901,aflow_b17fb10793f51754.poscar
Ba2Ga4Se8,aflow:d6267b9b9147ffc7,aflowlib.duke.edu:AFLOWDATA/ICSD_WEB/ORCC/Ba1Ga2Se4_ICSD_24386,66,oS28,2.1252,1.44823,243.036,40.7212,26.4531,14.6112,14,4.67414,aflow_d6267b9b9147ffc7.poscar
Se4Ta2,aflow:274ee6351c9f3a8f,aflowlib.duke.edu:AFLOWDATA/ICSD_WEB/HEX/Se2Ta1_ICSD_18130,194,hP6,2.12594,6.44517,307.999,17.1115,24.8125,15.2175,6,7.68655,aflow_274ee6351c9f3a8f.poscar
Cl8Th2,aflow:359ed64889c75bba,aflowlib.duke.edu:AFLOWDATA/ICSD_WEB/BCT/Cl4Th1_ICSD_26197,141,tI20,2.12625,2.41154,278.949,28.7837,29.9145,15.5096,10,4.15401,aflow_359ed64889c75bba.poscar
Sn3Y1,aflow:16e97ffc13df1029,aflowlib.duke.edu:AFLOWDATA/ICSD_WEB/CUB/Sn3Y1_ICSD_106102,221,cP4,2.1269,1.20763,159.919,11.839,54.75,13.9596,4,6.7835,aflow_16e97ffc13df1029.poscar
Sb1,aflow:462bb5f411a8e076,aflowlib.duke.edu:AFLOWDATA/ICSD_WEB/CUB/Sb1_ICSD_52227,221,cP1,2.12833,3.83874,165.964,2.95652,59.7056,18.0475,1,6.72399,aflow_462bb5f411a8e076.poscar
Br6Ca2In2,aflow:0c63b960ff636225,aflowlib.duke.edu:AFLOWDATA/ICSD_WEB/ORCC/Br3Ca1In1_ICSD_54138,63,oS20,2.12876,0.519143,162.149,29.6125,16.3013,6.87816,10,3.8687,aflow_0c63b960ff636225.poscar
Au1O1Rb3,aflow:3609d740c6208956,aflowlib.duke.edu:AFLOWDATA/ICSD_WEB/CUB/Au1O1Rb3_ICSD_75499,221,cP5,2.12885,0.700436,143.902,14.8583,15.1389,9.45658,5,4.38386,aflow_3609d740c6208956.poscar
Ag2Al2Se4,aflow:877eb327e670859d,aflowlib.duke.edu:AFLOWDATA/ICSD_WEB/BCT/Ag1Al1Se2_ICSD_28745,122,tI16,2.12951,1.29014,220.986,23.399,49.6298,17.6489,8,4.76072,aflow_877eb327e670859d.poscar
Br9Rb3Sb2,aflow:15bf2c0b12f94d87,aflowlib.duke.edu:AFLOWDATA/ICSD_WEB/HEX/Br9Rb3Sb2_ICSD_39823,164,hP14,2.13102,0.505013,165.064,41.4304,10.0446,4.9532,14,3.7039,aflow_15bf2c0b12f94d87.poscar
In4Li4Se8,aflow:d778b13b108a18d4,aflowlib.duke.edu:AFLOWDATA/ICSD_WEB/ORC/In1Li1Se2_ICSD_60838,33,oP16,2.13141,0.822096,223.946,46.7765,30.7299,13.5197,16,4.28395,aflow_d778b13b108a18d4.poscar
Ga4Pd4Tb4,aflow:500395978f0e319f,aflowlib.duke.edu:AFLOWDATA/ICSD_WEB/ORC/Ga1Pd1Tb1_ICSD_54586,62,oP12,2.13186,0.522614,160.048,35.5119,94.1726,15.7381,12,9.30017,aflow_500395978f0e319f.poscar
Ba4Ge8S20,aflow:ab2c00ed1393bac9,aflowlib.duke.edu:AFLOWDATA/ICSD_WEB/FCC/Ba2Ge4S10_ICSD_66868,227,cF128,2.13208,1.0394,304.922,91.3937,26.7944,13.399,32,3.34247,aflow_ab2c00ed1393bac9.poscar
Cl4K2Mg1,aflow:88d04db0ca52280a,aflowlib.duke.edu:AFLOWDATA/ICSD_WEB/BCT/Cl4K2Mg1_ICSD_4035,139,tI14,2.13224,1.35403,276.052,20.2201,21.8829,12.3397,7,2.0555,aflow_88d04db0ca52280a.poscar
Se8Ta4,aflow:70feb68144572f29,aflowlib.duke.edu:AFLOWDATA/ICSD_WEB/HEX/Se2Ta1_ICSD_24316,187,hP12,2.13249,4.1952,312.079,34.1682,24.6158,15.6008,12,7.66995,aflow_70feb68144572f29.poscar
K6Se6,aflow:232b73a5e7e105bc,aflowlib.duke.edu:AFLOWDATA/ICSD_WEB/HEX/K2Se2_ICSD_73172,189,hP12,2.13268,0.628184,197.161,35.3184,15.2688,8.22627,12,2.74014,aflow_232b73a5e7e105bc.poscar
Tb1Tl1,aflow:6c26fad1d52c9da4,aflowlib.duke.edu:AFLOWDATA/ICSD_WEB/CUB/Tb1Tl1_ICSD_106129,221,cP2,2.13371,1.87783,134.99,5.94323,54.7611,16.5079,2,10.9406,aflow_6c26fad1d52c9da4.poscar
Ag4Mo2O8,aflow:92fe76dc244509af,aflowlib.duke.edu:AFLOWDATA/ICSD_WEB/FCC/Ag2Mo1O4_ICSD_28891,227,cF56,2.1339,1.5752,314.974,39.842,64.0111,16.562,14,5.88821,aflow_92fe76dc244509af.poscar
As2Cu2K4,aflow:704ad2430ab50609,aflowlib.duke.edu:AFLOWDATA/ICSD_WEB/ORCC/As1Cu1K2_ICSD_43936,63,oS16,2.13395,0.875228,212.143,23.4692,22.4376,10.5362,8,3.15984,aflow_704ad2430ab50609.poscar
Ag1Bi1Li2,aflow:8b5c9383a7f1c116,aflowlib.duke.edu:AFLOWDATA/ICSD_WEB/FCC/Ag1Bi1Li2_ICSD_57350,216,cF16,2.13415,0.93917,168.103,11.8352,39.2944,13.9659,4,6.81021,aflow_8b5c9383a7f1c116.poscar
Sn3Tb1,aflow:2d7ebd551d6c4008,aflowlib.duke.edu:AFLOWDATA/ICSD_WEB/CUB/Sn3Tb1_ICSD_106079,221,cP4,2.13481,1.14172,149.963,11.86,54.9444,13.9367,4,7.8508,aflow_2d7ebd551d6c4008.poscar
Cd2S2,aflow:d9281c78b832ba65,aflowlib.duke.edu:AFLOWDATA/ICSD_WEB/HEX/Cd1S1_ICSD_154186,186,hP4,2.13572,1.7601,210.898,11.724,55.3691,17.3261,4,4.63641,aflow_d9281c78b832ba65.poscar
O12Sb8,aflow:b4d0bb1d8131888b,aflowlib.duke.edu:AFLOWDATA/ICSD_WEB/FCC/O6Sb4_ICSD_36145,227,cF80,2.13575,5.77343,498.896,52.5734,12.1056,10.4821,20,5.11074,aflow_b4d0bb1d8131888b.poscar
Br1K3O1,aflow:037bff19ad42b82f,aflowlib.duke.edu:AFLOWDATA/ICSD_WEB/CUB/Br1K3O1_ICSD_33920,221,cP5,2.13584,1.29405,235.057,14.6119,19.2167,12.5832,5,2.39653,aflow_037bff19ad42b82f.poscar
N1Na1,aflow:3fd470028e022781,aflowlib.duke.edu:AFLOWDATA/ICSD_WEB/FCC/N1Na1_ICSD_184990,225,cF8,2.13594,3.45413,375.09,5.60021,34.2778,18.0926,2,1.94685,aflow_3fd470028e022781.poscar
O2Rb2,aflow:aab32adb95974548,aflowlib.duke.edu:AFLOWDATA/ICSD_WEB/ORCI/O2Rb2_ICSD_180560,71,oI8,2.13608,1.46816,225.945,11.6995,25.1382,11.1826,4,3.61348,aflow_aab32adb95974548.poscar
Cs2Hf1I6,aflow:9355f82ec1dc713b,aflowlib.duke.edu:AFLOWDATA/ICSD_WEB/FCC/Cs2Hf1I6_ICSD_201308,225,cF36,2.13625,0.621899,136.038,26.7485,7.01667,3.59706,9,4.65161,aflow_9355f82ec1dc713b.poscar
In2Li2Se4,aflow:34bc84e6f08e0c70,aflowlib.duke.edu:AFLOWDATA/ICSD_WEB/BCT/In1Li1Se2_ICSD_56532,122,tI16,2.13699,1.43985,231.94,23.343,31.2051,14.7614,8,4.30183,aflow_34bc84e6f08e0c70.poscar
Ga4Pb2Se8,aflow:42a754c4948a86dc,aflowlib.duke.edu:AFLOWDATA/ICSD_WEB/ORCC/Ga2Pb1Se4_ICSD_635052,66,oS28,2.13709,1.41769,235.881,40.7931,31.9935,16.8468,14,5.76913,aflow_42a754c4948a86dc.poscar
Cd1S1,aflow:488147efb71ed55f,aflowlib.duke.edu:AFLOWDATA/ICSD_WEB/FCC/Cd1S1_ICSD_159379,216,cF8,2.13709,2.63546,206.899,5.86742,55.8556,16.7103,2,4.63871,aflow_488147efb71ed55f.poscar
O12Sb8,aflow:d532e7962de6664f,aflowlib.duke.edu:AFLOWDATA/LIB2_WEB/OSb/A3B2_cF80_227_f_e-001.AB,227,cF80,2.13729,5.7904,499.856,52.5374,11.8099,10.2417,20,5.13471,aflow_d532e7962de6664f.poscar
Cu1Mg1Sn1,aflow:7fcb937706d474f8,aflowlib.duke.edu:AFLOWDATA/ICSD_WEB/FCC/Cu1Mg1Sn1_ICSD_103054,216,cF12,2.13746,0.402978,125.047,8.92886,48.4,5.73671,3,5.04199,aflow_7fcb937706d474f8.poscar
O12Sb8,aflow:2f95594a0e4b2868,aflowlib.duke.edu:AFLOWDATA/ICSD_WEB/FCC/O3Sb2_ICSD_16851,227,cF80,2.13761,5.58758,494.048,52.6953,11.5056,9.75498,20,5.12145,aflow_2f95594a0e4b2868.poscar
In4S12Sb4,aflow:a4ea871a74e5ad40,aflowlib.duke.edu:AFLOWDATA/ICSD_WEB/ORC/In1S3Sb1_ICSD_300207,62,oP20,2.1378,2.10131,330.957,56.615,22.7597,13.8149,20,4.43892,aflow_a4ea871a74e5ad40.poscar
Ba2Te6,aflow:0cf0aed63b5cc3c0,aflowlib.duke.edu:AFLOWDATA/ICSD_WEB/TET/Ba1Te3_ICSD_36366,113,tP8,2.13829,1.91526,201.071,23.5024,22.8583,15.4745,8,5.96297,aflow_0cf0aed63b5cc3c0.poscar
Rb12Sb4Se12,aflow:af26684c8e0291fc,aflowlib.duke.edu:AFLOWDATA/ICSD_WEB/CUB/Rb3Sb1Se3_ICSD_89608,198,cP28,2.13836,0.3037,161.962,82.9014,12.0881,5.78107,28,3.66879,aflow_af26684c8e0291fc.poscar
Ba6Sn10,aflow:3dfa4e99c09c8f5c,aflowlib.duke.edu:AFLOWDATA/ICSD_WEB/ORCC/Ba3Sn5_ICSD_411980,63,oS32,2.14194,0.893694,183.926,47.1716,29.4396,17.3505,16,5.72986,aflow_3dfa4e99c09c8f5c.poscar
As4K4Ni2,aflow:99e3ad711c64f777,aflowlib.duke.edu:AFLOWDATA/ICSD_WEB/ORCC/As2K2Ni1_ICSD_300120,63,oS20,2.14213,1.36354,255.945,29.0096,23.4735,12.1975,10,3.5355,aflow_99e3ad711c64f777.poscar
Cs8Te4,aflow:a17d98e1025f08bb,aflowlib.duke.edu:AFLOWDATA/ICSD_WEB/ORC/Cs2Te1_ICSD_36501,62,oP12,2.1428,0.151365,90.0308,35.8663,10.0147,3.92002,12,3.99469,aflow_a17d98e1025f08bb.poscar
Ge1Hg1Li2,aflow:4407929608d945ae,aflowlib.duke.edu:AFLOWDATA/ICSD_WEB/FCC/Ge1Hg1Li2_ICSD_53646,225,cF16,2.14506,1.09811,190.139,11.7901,43.1556,16.7309,4,7.07095,aflow_4407929608d945ae.poscar
Rb2S2,aflow:9626509456011640,aflowlib.duke.edu:AFLOWDATA/ICSD_WEB/ORCI/Rb2S2_ICSD_73175,71,oI8,2.14622,0.844109,170.002,11.8318,14.5719,5.97869,4,2.54805,aflow_9626509456011640.poscar
Cu4K4S4,aflow:f907c3f7b3f01a9e,aflowlib.duke.edu:AFLOWDATA/ICSD_WEB/ORC/Cu1K1S1_ICSD_49008,33,oP12,2.14643,0.5004,205.153,35.247,18.0358,5.48974,12,2.4976,aflow_f907c3f7b3f01a9e.poscar
Cd1Na2Pb1,aflow:a5e69f3c807b1d34,aflowlib.duke.edu:AFLOWDATA/ICSD_WEB/FCC/Cd1Na2Pb1_ICSD_102033,216,cF16,2.14857,0.718605,145.061,11.8813,24.5056,10.6925,4,5.78987,aflow_a5e69f3c807b1d34.poscar
I6Pb3,aflow:6b18c1d781aeb5d8,aflowlib.duke.edu:AFLOWDATA/ICSD_WEB/HEX/I2Pb1_ICSD_24264,156,hP9,2.14867,0.584295,128.07,26.7775,6.67054,3.32121,9,5.47148,aflow_6b18c1d781aeb5d8.poscar
La1Pb3,aflow:ab4dcaad9226a98c,aflowlib.duke.edu:AFLOWDATA/ICSD_WEB/CUB/La1Pb3_ICSD_104691,221,cP4,2.14909,1.26841,134.968,11.8868,46.6444,16.7332,4,10.2303,aflow_ab4dcaad9226a98c.poscar
Cs2S2,aflow:3d3dd8dbe54026e0,aflowlib.duke.edu:AFLOWDATA/ICSD_WEB/ORCI/Cs2S2_ICSD_200474,71,oI8,2.14914,0.646664,137.002,11.8917,12.3374,4.94956,4,3.10739,aflow_3d3dd8dbe54026e0.poscar
Au2Ca2,aflow:f2f6cf00606361b7,aflowlib.duke.edu:AFLOWDATA/ICSD_WEB/ORCC/Au1Ca1_ICSD_54978,63,oS8,2.15006,1.33299,164.017,11.8345,45.2752,16.179,4,7.58692,aflow_f2f6cf00606361b7.poscar
As1Cd1Li1,aflow:f818510c8952b114,aflowlib.duke.edu:AFLOWDATA/ICSD_WEB/FCC/As1Cd1Li1_ICSD_609966,216,cF12,2.15013,0.115071,85.9258,8.96688,48.2611,2.73508,3,5.63711,aflow_f818510c8952b114.poscar
Bi4O12Rb12,aflow:7219f844dcd3bc96,aflowlib.duke.edu:AFLOWDATA/ICSD_WEB/CUB/Bi1O3Rb3_ICSD_407294,198,cP28,2.15065,0.572559,224.034,81.8731,15.7753,7.81707,28,4.72483,aflow_7219f844dcd3bc96.poscar
Ag1Gd1,aflow:b08aeea1f94fa24c,aflowlib.duke.edu:AFLOWDATA/ICSD_WEB/CUB/Ag1Gd1_ICSD_150536,221,cP2,2.15249,1.39617,138.049,5.94137,74.5111,17.8841,2,8.79612,aflow_b08aeea1f94fa24c.poscar
La1Tl1,aflow:0d91f21f39bd0cb6,aflowlib.duke.edu:AFLOWDATA/ICSD_WEB/CUB/La1Tl1_ICSD_104730,221,cP2,2.15257,1.83084,135.002,5.94341,48.8333,15.3247,2,8.89871,aflow_0d91f21f39bd0cb6.poscar
Bi1,aflow:27bbd51ad4827863,aflowlib.duke.edu:AFLOWDATA/ICSD_WEB/CUB/Bi1_ICSD_52724,221,cP1,2.15394,3.10233,127.981,2.97451,49.4889,16.7406,1,9.97525,aflow_27bbd51ad4827863.poscar
Cs4I8Li4,aflow:611ceac3a84d63ec,aflowlib.duke.edu:AFLOWDATA/ICSD_WEB/ORCC/Cs1I2Li1_ICSD_245986,36,oS32,2.15437,0.163865,111.93,47.7331,11.7691,5.55007,16,3.87067,aflow_611ceac3a84d63ec.poscar
Cl4Na4O12,aflow:8ff7034f6bd9ca4c,aflowlib.duke.edu:AFLOWDATA/ICSD_WEB/CUB/Cl1Na1O3_ICSD_1117,198,cP20,2.15438,2.29745,530.019,51.7933,23.7184,12.6469,20,2.36886,aflow_8ff7034f6bd9ca4c.poscar
La1Sn3,aflow:758a0eb25149c67d,aflowlib.duke.edu:AFLOWDATA/ICSD_WEB/CUB/La1Sn3_ICSD_104720,221,cP4,2.15571,1.57155,168.93,11.8207,52.1611,16.8214,4,7.06673,aflow_758a0eb25149c67d.poscar
Na3Sb1Se4,aflow:42a77aaae3125103,aflowlib.duke.edu:AFLOWDATA/ICSD_WEB/BCC/Na3Sb1Se4_ICSD_65141,217,cI16,2.15621,1.15192,224.045,23.3943,19.4944,8.51223,8,3.90655,aflow_42a77aaae3125103.poscar
Ag4As4S4,aflow:1bd8ef4c736da0e7,aflowlib.duke.edu:AFLOWDATA/ICSD_WEB/ORC/Ag1As1S1_ICSD_604740,62,oP12,2.15647,0.708433,201.93,35.247,40.5661,12.3086,12,4.79596,aflow_1bd8ef4c736da0e7.poscar
I4Pb2,aflow:9be2432451020db9,aflowlib.duke.edu:AFLOWDATA/ICSD_WEB/HEX/I2Pb1_ICSD_24263,186,hP6,2.15742,0.883902,134.965,17.8352,7.39758,4.03999,6,5.55813,aflow_9be2432451020db9.poscar
Cl3Mn1Tl1,aflow:239cd1711274608f,aflowlib.duke.edu:AFLOWDATA/ICSD_WEB/CUB/Cl3Mn1Tl1_ICSD_23167,221,cP5,2.15759,1.28891,199.956,14.7016,34.0389,15.9069,5,4.58862,aflow_239cd1711274608f.poscar
Sn3Th1,aflow:985fa81a3cc9de17,aflowlib.duke.edu:AFLOWDATA/ICSD_WEB/CUB/Sn3Th1_ICSD_106082,221,cP4,2.15777,0.968624,136.008,11.8836,65.2278,13.5011,4,8.4362,aflow_985fa81a3cc9de17.poscar
Au1Rb1,aflow:5651bdf75cf895a8,aflowlib.duke.edu:AFLOWDATA/ICSD_WEB/CUB/Au1Rb1_ICSD_58428,221,cP2,2.15882,0.662629,100.967,5.97519,13.2556,8.06233,2,6.53004,aflow_5651bdf75cf895a8.poscar
K5Pb24,aflow:58f4471901eff079,aflowlib.duke.edu:AFLOWDATA/ICSD_WEB/BCC/K10Pb48_ICSD_410090,217,cI58,2.15955,0.135596,100.92,86.5506,30.5778,8.31636,29,8.72522,aflow_58f4471901eff079.poscar
Cs1I3Sn1,aflow:6690d2784eb23567,aflowlib.duke.edu:AFLOWDATA/ICSD_WEB/CUB/Cs1I3Sn1_ICSD_69997,221,cP5,2.16023,0.574119,119.022,14.8983,15.4593,7.47673,5,4.25527,aflow_6690d2784eb23567.poscar
Cl4Na4O12,aflow:a5b293c638b5e670,aflowlib.duke.edu:AFLOWDATA/ICSD_WEB/CUB/Cl1Na1O3_ICSD_80341,198,cP20,2.1611,2.48018,544.799,51.354,25.7593,14.5898,20,2.37833,aflow_a5b293c638b5e670.poscar
Sb4Se12Tl12,aflow:a38d3842bc09c46f,aflowlib.duke.edu:AFLOWDATA/ICSD_WEB/CUB/Sb1Se3Tl3_ICSD_60962,198,cP28,2.16118,0.294795,141.993,83.1481,15.4473,6.62033,28,7.14154,aflow_a38d3842bc09c46f.poscar
Br3Cs1Sn1,aflow:c46bde1662d8f473,aflowlib.duke.edu:AFLOWDATA/ICSD_WEB/CUB/Br3Cs1Sn1_ICSD_4071,221,cP5,2.16201,0.656047,137.94,14.8606,19.25,8.46313,5,3.92723,aflow_c46bde1662d8f473.poscar
Te2Zn2,aflow:f1f5255f9504e33c,aflowlib.duke.edu:AFLOWDATA/ICSD_WEB/ORCC/Te1Zn1_ICSD_184491,63,oS8,2.1621,2.91044,229.945,11.6753,31.4499,17.5261,4,6.50846,aflow_f1f5255f9504e33c.poscar
Cu4Sb4Se8,aflow:00fc9c966a3fa36d,aflowlib.duke.edu:AFLOWDATA/ICSD_WEB/ORC/Cu1Sb1Se2_ICSD_30358,62,oP16,2.16354,1.39627,255.048,46.396,38.3451,19.7591,16,5.79754,aflow_00fc9c966a3fa36d.poscar
Bi4Cs12O12,aflow:69c7aa297270d13b,aflowlib.duke.edu:AFLOWDATA/ICSD_WEB/CUB/Bi1Cs3O3_ICSD_406563,198,cP28,2.16724,0.296848,164.057,82.8684,15.7584,5.63509,28,5.17338,aflow_69c7aa297270d13b.poscar
I1K3O1,aflow:81be40c35b3be745,aflowlib.duke.edu:AFLOWDATA/ICSD_WEB/CUB/I1K3O1_ICSD_36512,221,cP5,2.16846,1.1755,214.127,14.6806,19.2167,12.9802,5,2.79143,aflow_81be40c35b3be745.poscar
Ag1Li2Sb1,aflow:f617cfebecd6bba0,aflowlib.duke.edu:AFLOWDATA/ICSD_WEB/FCC/Ag1Li2Sb1_ICSD_52589,216,cF16,2.1685,1.58384,225.981,11.7004,44.0278,19.1983,4,5.42483,aflow_f617cfebecd6bba0.poscar
Al1Hf1Pd2,aflow:c7e4f6937e0696c1,aflowlib.duke.edu:AFLOWDATA/ICSD_WEB/FCC/Al1Hf1Pd2_ICSD_57906,225,cF16,2.17097,0.71177,147.018,11.8612,156.983,13.3644,4,10.5868,aflow_c7e4f6937e0696c1.poscar
Ba6Pb10,aflow:093eac89f3019431,aflowlib.duke.edu:AFLOWDATA/ICSD_WEB/ORCC/Ba3Pb5_ICSD_165184,63,oS32,2.17196,0.570515,140.972,47.5207,26.8549,15.1379,16,7.97836,aflow_093eac89f3019431.poscar
Cd2Ge2Sr1,aflow:15791bdc57abceab,aflowlib.duke.edu:AFLOWDATA/ICSD_WEB/BCT/Cd2Ge2Sr1_ICSD_25331,139,tI10,2.17327,0.614525,147.006,14.8368,47.3036,10.3886,5,6.15508,aflow_15791bdc57abceab.poscar
Cs2I6Sn2,aflow:5676285f6634d44e,aflowlib.duke.edu:AFLOWDATA/ICSD_WEB/TET/Cs1I3Sn1_ICSD_262925,127,tP10,2.17554,0.348189,117.976,29.7973,13.0419,6.26776,10,4.1318,aflow_5676285f6634d44e.poscar
Ag2Bi2Ca2,aflow:d71d07cdd5ecf61b,aflowlib.duke.edu:AFLOWDATA/ICSD_WEB/HEX/Ag1Bi1Ca1_ICSD_659377,194,hP6,2.17597,1.44134,183.976,17.6906,39.2021,19.2232,6,7.11869,aflow_d71d07cdd5ecf61b.poscar
In2Li2Te4,aflow:2acaed09465898ef,aflowlib.duke.edu:AFLOWDATA/ICSD_WEB/BCT/In1Li1Te2_ICSD_162674,122,tI16,2.17655,0.989041,183.084,23.5955,23.4359,11.501,8,4.58334,aflow_2acaed09465898ef.poscar
Ge2S4,aflow:bdcd84c2bc1f6b62,aflowlib.duke.edu:AFLOWDATA/ICSD_WEB/BCT/Ge1S2_ICSD_167194,122,tI12,2.17725,6.16115,416.116,16.4278,19.7826,14.3212,6,3.01682,aflow_bdcd84c2bc1f6b62.poscar
Ag6O8P2,aflow:fe8b810bf7f801ca,aflowlib.duke.edu:AFLOWDATA/ICSD_WEB/CUB/Ag3O4P1_ICSD_14000,218,cP16,2.17823,1.07225,294.134,45.8558,72.2944,19.0541,16,6.08172,aflow_fe8b810bf7f801ca.poscar
Cl6Rb2Se1,aflow:ab1349bc362a4777,aflowlib.duke.edu:AFLOWDATA/ICSD_WEB/FCC/Cl6Rb2Se1_ICSD_26692,225,cF36,2.17847,1.22776,249.807,26.1711,10.1889,6.24219,9,2.7876,aflow_ab1349bc362a4777.poscar
K8Te12,aflow:cf40cb0bd363aec2,aflowlib.duke.edu:AFLOWDATA/ICSD_WEB/ORC/K2Te3_ICSD_2453,62,oP20,2.17941,0.378655,161.929,59.2243,15.0293,7.21324,20,3.96479,aflow_cf40cb0bd363aec2.poscar
Al2Hg1Te4,aflow:9ac7d0ab226ef604,aflowlib.duke.edu:AFLOWDATA/ICSD_WEB/BCT/Al2Hg1Te4_ICSD_25641,82,tI14,2.17982,2.10439,218.093,20.4876,25.3311,15.8941,7,5.37696,aflow_9ac7d0ab226ef604.poscar
Cl6K2Re1,aflow:0f62b7e9b927b4d6,aflowlib.duke.edu:AFLOWDATA/ICSD_WEB/FCC/Cl6K2Re1_ICSD_23769,225,cF36,2.18017,1.73555,279.843,25.9316,11.25,6.31792,9,3.06204,aflow_0f62b7e9b927b4d6.poscar
Au2Gd2,aflow:3d37baaa5a26457a,aflowlib.duke.edu:AFLOWDATA/ICSD_WEB/ORCC/Au1Gd1_ICSD_611906,63,oS8,2.1802,1.21337,140.943,11.8742,67.735,16.3932,4,11.6792,aflow_3d37baaa5a26457a.poscar
Au4La4,aflow:a126f192de14ca4b,aflowlib.duke.edu:AFLOWDATA/ICSD_WEB/ORC/Au1La1_ICSD_612101,62,oP8,2.18072,0.591976,129.982,23.7862,82.8983,18.5581,8,9.87582,aflow_a126f192de14ca4b.poscar
Cd2Se2,aflow:57881763974b095b,aflowlib.duke.edu:AFLOWDATA/ICSD_WEB/HEX/Cd1Se1_ICSD_236428,186,hP4,2.18231,1.25962,172.046,11.817,46.3205,14.5911,4,5.37804,aflow_57881763974b095b.poscar
Br3Cs1Pb1,aflow:53122e2feb234908,aflowlib.duke.edu:AFLOWDATA/ICSD_WEB/CUB/Br3Cs1Pb1_ICSD_181287,221,cP5,2.18236,0.544202,122.972,14.8896,19.0833,7.98552,5,4.485,aflow_53122e2feb234908.poscar
Cd1Se1,aflow:113bf1e066e9b967,aflowlib.duke.edu:AFLOWDATA/ICSD_WEB/FCC/Cd1Se1_ICSD_180931,216,cF8,2.1834,2.03323,173.035,5.90834,46.65,14.6803,2,5.38075,aflow_113bf1e066e9b967.poscar
Cu3Nb1Te4,aflow:e06a9629d7c765a0,aflowlib.duke.edu:AFLOWDATA/ICSD_WEB/CUB/Cu3Nb1Te4_ICSD_628495,215,cP8,2.18381,3.30112,276.06,23.0527,28.0889,18.7865,8,6.02421,aflow_e06a9629d7c765a0.poscar
K2Sb2Zn2,aflow:494d1eb12219a1bc,aflowlib.duke.edu:AFLOWDATA/ICSD_WEB/HEX/K1Sb1Zn1_ICSD_12161,194,hP6,2.18457,1.76231,226.063,17.5446,25.0561,17.6499,6,3.90829,aflow_494d1eb12219a1bc.poscar
Br2F2Sr2,aflow:c0a39893d84d2f99,aflowlib.duke.edu:AFLOWDATA/ICSD_WEB/TET/Br1F1Sr1_ICSD_155008,129,tP6,2.18489,1.98967,260.893,17.3831,36.5448,19.0161,6,4.56378,aflow_c0a39893d84d2f99.poscar
Au2Ge8Rb6,aflow:3e71628ad5f72310,aflowlib.duke.edu:AFLOWDATA/ICSD_WEB/ORC/Au1Ge4Rb3_ICSD_413724,59,oP16,2.18492,0.543366,176.055,47.2622,17.7023,9.10504,16,4.5259,aflow_3e71628ad5f72310.poscar
In2Se4Zn1,aflow:e15fba4b6960f25e,aflowlib.duke.edu:AFLOWDATA/ICSD_WEB/BCT/In2Se4Zn1_ICSD_25647,82,tI14,2.18552,2.51657,255.006,20.2974,30.0951,18.0018,7,5.19346,aflow_e15fba4b6960f25e.poscar
Al8Mg4,aflow:7ae8cfbe27c1265d,aflowlib.duke.edu:AFLOWDATA/ICSD_WEB/BCT/Al2Mg1_ICSD_608412,141,tI24,2.18559,1.19206,350.734,33.7751,57.7423,19.0372,12,2.35584,aflow_7ae8cfbe27c1265d.poscar
Br4Na4O12,aflow:ec746eef1975aa25,aflowlib.duke.edu:AFLOWDATA/ICSD_WEB/CUB/Br1Na1O3_ICSD_28831,198,cP20,2.18637,2.41482,481.858,53.1082,25.0933,14.6456,20,3.1774,aflow_ec746eef1975aa25.poscar
O1Rb2,aflow:9df378b18977f7f4,aflowlib.duke.edu:AFLOWDATA/LIB2_WEB/ORb_sv/AB2_cF12_225_a_c.AB,225,cF12,2.18729,0.689463,153.919,8.90162,22.8401,7.74443,3,3.81679,aflow_9df378b18977f7f4.poscar
Cd2O2,aflow:f047eb07931ed7b5,aflowlib.duke.edu:AFLOWDATA/ICSD_WEB/HEX/Cd1O1_ICSD_161837,186,hP4,2.18795,1.66417,229.956,11.6707,91.9685,19.7656,4,6.28799,aflow_f047eb07931ed7b5.poscar
Bi12Ni4,aflow:b3f5b208353f7d60,aflowlib.duke.edu:AFLOWDATA/ICSD_WEB/ORC/Bi3Ni1_ICSD_391336,62,oP16,2.18801,0.614822,154.017,47.4062,41.2408,13.05,16,10.7295,aflow_b3f5b208353f7d60.poscar
In1Te1,aflow:83c1aa3f053e67f6,aflowlib.duke.edu:AFLOWDATA/ICSD_WEB/CUB/In1Te1_ICSD_44652,221,cP2,2.18847,0.706838,112.954,5.9617,41.6889,8.36365,2,7.00976,aflow_83c1aa3f053e67f6.poscar
Ca1Tl1,aflow:e35047fade43799d,aflowlib.duke.edu:AFLOWDATA/ICSD_WEB/CUB/Ca1Tl1_ICSD_58941,221,cP2,2.18895,2.08259,161.058,5.92319,31.4889,16.1318,2,6.83513,aflow_e35047fade43799d.poscar
Br4Na4O12,aflow:b454313ab1a5628f,aflowlib.duke.edu:AFLOWDATA/ICSD_WEB/CUB/Br1Na1O3_ICSD_30208,198,cP20,2.19005,2.4991,487.883,52.9501,25.365,15.2206,20,3.16789,aflow_b454313ab1a5628f.poscar
O1Rb2,aflow:ed5547e7e4115236,aflowlib.duke.edu:AFLOWDATA/ICSD_WEB/FCC/O1Rb2_ICSD_180572,225,cF12,2.1903,0.70091,154.993,8.90029,22.7389,7.82506,3,3.81374,aflow_ed5547e7e4115236.poscar
Au2La2,aflow:4c66320b9dcb1592,aflowlib.duke.edu:AFLOWDATA/ICSD_WEB/ORCC/Au1La1_ICSD_612099,63,oS8,2.1904,0.662441,115.98,11.9154,64.8853,11.3888,4,9.82693,aflow_4c66320b9dcb1592.poscar
Br10Cs2Sn4,aflow:36c4141c3de2e357,aflowlib.duke.edu:AFLOWDATA/ICSD_WEB/BCT/Br5Cs1Sn2_ICSD_151987,140,tI32,2.19076,0.637468,182.154,47.2157,8.93669,5.77115,16,4.23434,aflow_36c4141c3de2e357.poscar
Cs3I9Sb2,aflow:27d05030276c6992,aflowlib.duke.edu:AFLOWDATA/ICSD_WEB/HEX/Cs3I9Sb2_ICSD_39822,164,hP14,2.19097,0.394267,133.022,41.6394,8.44548,4.83847,14,4.29236,aflow_27d05030276c6992.poscar
As2Cd2K2,aflow:3d43bc3c329d30c7,aflowlib.duke.edu:AFLOWDATA/ICSD_WEB/TET/As1Cd1K1_ICSD_609963,129,tP6,2.19111,1.84183,233.011,17.5114,28.1584,17.3694,6,4.44441,aflow_3d43bc3c329d30c7.poscar
Ba1Cl2,aflow:6a9703b2d7b80183,aflowlib.duke.edu:AFLOWDATA/ICSD_WEB/FCC/Ba1Cl2_ICSD_2191,225,cF12,2.19217,1.59276,191.923,8.83416,29.2,12.4996,3,3.40199,aflow_6a9703b2d7b80183.poscar
Cr1Te1,aflow:53c8683bd5648144,aflowlib.duke.edu:AFLOWDATA/ICSD_WEB/FCC/Cr1Te1_ICSD_181056,216,cF8,2.1923,0.0805987,60.0371,5.989,39.4056,1.51943,2,4.68531,aflow_53c8683bd5648144.poscar
Br4Na4O12,aflow:ef261ad7b35866a4,aflowlib.duke.edu:AFLOWDATA/ICSD_WEB/CUB/Br1Na1O3_ICSD_47174,198,cP20,2.19283,2.39887,482.232,53.1165,27.4095,15.9495,20,3.17918,aflow_ef261ad7b35866a4.poscar
Cl3Cs1Pb1,aflow:cd7dedbd84a6e2f8,aflowlib.duke.edu:AFLOWDATA/ICSD_WEB/CUB/Cl3Cs1Pb1_ICSD_181780,221,cP5,2.19288,0.719095,150.025,14.8349,21.8944,9.40627,5,3.93047,aflow_cd7dedbd84a6e2f8.poscar
Cl6Cs2Se1,aflow:92d5bfe0c38ef3d0,aflowlib.duke.edu:AFLOWDATA/ICSD_WEB/FCC/Cl6Cs2Se1_ICSD_26693,225,cF36,2.19306,1.02532,219.9,26.3584,8.43333,5.11528,9,3.05164,aflow_92d5bfe0c38ef3d0.poscar
Te2,aflow:a8c395dc70d63e16,aflowlib.duke.edu:AFLOWDATA/ICSD_WEB/RHL/Te1_ICSD_52499,221,cP1,2.19456,1.28703,114.946,2.97921,49.0778,7.59925,2,6.47327,aflow_a8c395dc70d63e16.poscar
F6K3W1,aflow:5e165517cde92300,aflowlib.duke.edu:AFLOWDATA/ICSD_WEB/FCC/F6K3W1_ICSD_51264,225,cF40,2.19493,1.39127,302.774,28.619,33.3556,14.4763,10,3.54978,aflow_5e165517cde92300.poscar
Ni1Sb1Yb1,aflow:fd22297be346932c,aflowlib.duke.edu:AFLOWDATA/ICSD_WEB/FCC/Ni1Sb1Yb1_ICSD_105332,216,cF12,2.19576,1.40019,161.999,8.87849,61.525,16.0426,3,8.90919,aflow_fd22297be346932c.poscar
Ga1P1,aflow:f89e741dc545ab62,aflowlib.duke.edu:AFLOWDATA/ICSD_WEB/FCC/Ga1P1_ICSD_40868,225,cF8,2.19604,2.68278,251.089,5.80499,90.05,19.2335,2,4.9177,aflow_f89e741dc545ab62.poscar
Cu3Te4V1,aflow:15306d8245b2e1ca,aflowlib.duke.edu:AFLOWDATA/ICSD_WEB/CUB/Cu3Te4V1_ICSD_629351,215,cP8,2.19726,2.49759,257.903,23.1806,27.275,15.8333,8,5.88787,aflow_15306d8245b2e1ca.poscar
Br1O1Rb3,aflow:d8062a4e068bf5b6,aflowlib.duke.edu:AFLOWDATA/ICSD_WEB/CUB/Br1O1Rb3_ICSD_77196,221,cP5,2.19783,0.773636,167.83,14.8057,16.4389,10.0861,5,3.37381,aflow_d8062a4e068bf5b6.poscar
In4Sr2Te8,aflow:8da3f072c92a852f,aflowlib.duke.edu:AFLOWDATA/ICSD_WEB/ORCC/In2Sr1Te4_ICSD_41167,66,oS28,2.1979,1.00722,193.027,41.2009,21.7632,12.3909,14,5.33206,aflow_8da3f072c92a852f.poscar
Cl2F12Pb7,aflow:7374050d72dfb2b0,aflowlib.duke.edu:AFLOWDATA/ICSD_WEB/HEX/Cl2F12Pb7_ICSD_10402,174,hP21,2.19919,0.675226,224.974,61.3788,40.159,15.4356,21,7.65747,aflow_7374050d72dfb2b0.poscar
Cl1O4Tl1,aflow:986d832938067b89,aflowlib.duke.edu:AFLOWDATA/ICSD_WEB/FCC/Cl1O4Tl1_ICSD_33564,216,cF24,2.19948,1.9836,285.185,17.2568,13.6278,5.04714,6,4.27761,aflow_986d832938067b89.poscar
Cl6K2Tc1,aflow:dae7fea808b5dbe2,aflowlib.duke.edu:AFLOWDATA/ICSD_WEB/FCC/Cl6K2Tc1_ICSD_22096,225,cF36,2.20025,1.67366,298.136,25.8025,12.1667,6.85479,9,2.5239,aflow_dae7fea808b5dbe2.poscar
Cs12O12Sb4,aflow:9ea1dd0d167ec662,aflowlib.duke.edu:AFLOWDATA/ICSD_WEB/CUB/Cs3O3Sb1_ICSD_279580,198,cP28,2.20131,0.343002,182.911,82.5835,17.063,6.05069,28,4.59582,aflow_9ea1dd0d167ec662.poscar
As4Cd2,aflow:6ed9361ec8f295c4,aflowlib.duke.edu:AFLOWDATA/ICSD_WEB/BCT/As2Cd1_ICSD_16037,98,tI12,2.20194,2.21396,239.072,17.4715,36.7536,18.6175,6,5.5556,aflow_6ed9361ec8f295c4.poscar
Ag2Al2Te4,aflow:dc0402cf588bb06d,aflowlib.duke.edu:AFLOWDATA/ICSD_WEB/BCT/Ag1Al1Te2_ICSD_28746,122,tI16,2.20232,0.943954,180.965,23.5966,40.2719,15.4393,8,5.11441,aflow_dc0402cf588bb06d.poscar
Ga2Se4Tl2,aflow:7d6ddbdd4991e743,aflowlib.duke.edu:AFLOWDATA/ICSD_WEB/BCT/Ga1Se2Tl1_ICSD_100131,140,tI16,2.20257,1.40384,202.935,23.4988,26.1595,13.7304,8,6.54998,aflow_7d6ddbdd4991e743.poscar
Ba3I6,aflow:7d9b3b964beb3853,aflowlib.duke.edu:AFLOWDATA/ICSD_WEB/HEX/Ba1I2_ICSD_36210,189,hP9,2.20322,0.314325,112.921,26.83,22.6969,7.56986,9,4.97334,aflow_7d9b3b964beb3853.poscar
Cl1K1O4,aflow:2db8da6c4b58612b,aflowlib.duke.edu:AFLOWDATA/ICSD_WEB/FCC/Cl1K1O4_ICSD_33562,216,cF24,2.20449,3.59182,455.044,16.15,14.7,6.36062,6,2.08571,aflow_2db8da6c4b58612b.poscar
Ba4Hg4S8,aflow:b1b76758a64dac8a,aflowlib.duke.edu:AFLOWDATA/ICSD_WEB/ORC/Ba1Hg1S2_ICSD_32648,26,oP16,2.20472,0.91409,209.025,46.9288,34.3488,16.6648,16,5.70455,aflow_b1b76758a64dac8a.poscar
Ag2Bi2K4,aflow:0f80aff62bbe5e60,aflowlib.duke.edu:AFLOWDATA/ICSD_WEB/ORCC/Ag1Bi1K2_ICSD_1156,20,oS16,2.20477,0.517687,144.84,23.7621,15.5392,8.33897,8,4.4443,aflow_0f80aff62bbe5e60.poscar
Ba2Pd2S4,aflow:b584f241c5c0342f,aflowlib.duke.edu:AFLOWDATA/ICSD_WEB/ORCC/Ba1Pd1S2_ICSD_202009,63,oS16,2.20511,1.48968,233.036,23.3285,40.7738,14.6376,8,4.84611,aflow_b584f241c5c0342f.poscar
Ce1Pb3,aflow:dec09c04ffe4a551,aflowlib.duke.edu:AFLOWDATA/ICSD_WEB/CUB/Ce1Pb3_ICSD_102244,221,cP4,2.20569,1.28281,138.985,11.8789,54.8639,18.8624,4,10.8229,aflow_dec09c04ffe4a551.poscar
Cd1In2Se4,aflow:4332feb98b6e37da,aflowlib.duke.edu:AFLOWDATA/ICSD_WEB/BCT/Cd1In2Se4_ICSD_151954,82,tI14,2.20609,2.212,238.049,20.3912,25.4713,14.8117,7,5.19444,aflow_4332feb98b6e37da.poscar
Cl4Cs4O16,aflow:ef61a8efb168dd81,aflowlib.duke.edu:AFLOWDATA/ICSD_WEB/FCC/Cl1Cs1O4_ICSD_33566,216,cF24,2.20665,1.12733,348.189,67.6021,10.7389,5.02968,24,2.93744,aflow_ef61a8efb168dd81.poscar
Au1Mn1Sb1,aflow:6b998687d5f62fe9,aflowlib.duke.edu:AFLOWDATA/ICSD_WEB/FCC/Au1Mn1Sb1_ICSD_52673,216,cF12,2.20673,1.49086,161.931,8.87736,73.25,18.2789,3,8.91072,aflow_6b998687d5f62fe9.poscar
Cl6Rb2Te1,aflow:2acdf816a1ae5c33,aflowlib.duke.edu:AFLOWDATA/ICSD_WEB/FCC/Cl6Rb2Te1_ICSD_26703,225,cF36,2.20804,1.0914,233.029,26.2746,9.0,5.08128,9,2.86834,aflow_2acdf816a1ae5c33.poscar
Ag1Yb1,aflow:814ca132a7938e3d,aflowlib.duke.edu:AFLOWDATA/ICSD_WEB/CUB/Ag1Yb1_ICSD_58378,221,cP2,2.20855,0.763001,112.038,5.96354,28.0056,8.55208,2,8.62709,aflow_814ca132a7938e3d.poscar
Ga2In2Te4,aflow:876164b3086cb2f5,aflowlib.duke.edu:AFLOWDATA/ICSD_WEB/BCT/Ga1In1Te2_ICSD_600687,140,tI16,2.2087,1.6112,208.93,23.4683,21.603,14.1069,8,5.91138,aflow_876164b3086cb2f5.poscar
Cd4Na4Sb4,aflow:69058d2d5b1c355b,aflowlib.duke.edu:AFLOWDATA/ICSD_WEB/ORC/Cd1Na1Sb1_ICSD_12159,62,oP12,2.20879,0.611519,181.953,35.4071,32.0628,13.6792,12,5.13851,aflow_69058d2d5b1c355b.poscar
In1Li1Sn1,aflow:c461c6bc5ee6289d,aflowlib.duke.edu:AFLOWDATA/ICSD_WEB/FCC/In1Li1Sn1_ICSD_639905,216,cF12,2.21037,2.0846,207.086,8.8096,33.9056,18.3308,3,5.04155,aflow_c461c6bc5ee6289d.poscar
Cl1O4Rb1,aflow:8b5e77c3f863f92b,aflowlib.duke.edu:AFLOWDATA/ICSD_WEB/FCC/Cl1O4Rb1_ICSD_33565,216,cF24,2.21047,3.66355,414.035,16.458,13.3722,6.64902,6,2.61862,aflow_8b5e77c3f863f92b.poscar
Cl8Cu2Rb4,aflow:d177d66e077ae060,aflowlib.duke.edu:AFLOWDATA/ICSD_WEB/ORCC/Cl4Cu1Rb2_ICSD_15145,64,oS28,2.21048,0.561956,211.782,41.0872,14.7766,7.58727,14,2.9721,aflow_d177d66e077ae060.poscar
Sr1Tl1,aflow:fe4e8bc133dd6bd4,aflowlib.duke.edu:AFLOWDATA/ICSD_WEB/CUB/Sr1Tl1_ICSD_106110,221,cP2,2.2126,1.64671,138.908,5.94304,26.3667,14.0896,2,7.0219,aflow_fe4e8bc133dd6bd4.poscar
In14K3Mg20,aflow:eec09c1ed7370784,aflowlib.duke.edu:AFLOWDATA/ICSD_WEB/CUB/In14K3Mg20_ICSD_172036,221,cP37,2.21371,0.388592,229.131,108.125,36.7167,17.6759,37,3.88296,aflow_eec09c1ed7370784.poscar
F6Sn2,aflow:884cbe648954f00a,aflowlib.duke.edu:AFLOWDATA/ICSD_WEB/FCC/F6Sn2_ICSD_33786,225,cF32,2.21393,1.91754,313.05,22.7998,49.8444,18.147,8,3.34507,aflow_884cbe648954f00a.poscar
Au2Pb8Rb6,aflow:42509cd1af134043,aflowlib.duke.edu:AFLOWDATA/ICSD_WEB/ORC/Au1Pb4Rb3_ICSD_107447,59,oP16,2.21403,0.281087,116.044,47.6884,12.5592,6.03975,16,6.20902,aflow_42509cd1af134043.poscar
Au1Bi1Li2,aflow:7d74748bc369b1ea,aflowlib.duke.edu:AFLOWDATA/ICSD_WEB/FCC/Au1Bi1Li2_ICSD_58400,216,cF16,2.21422,0.516167,130.973,11.8984,46.9278,10.4285,4,8.82922,aflow_7d74748bc369b1ea.poscar
Br1Na1,aflow:81af8c617774153e,aflowlib.duke.edu:AFLOWDATA/ICSD_WEB/FCC/Br1Na1_ICSD_18013,225,cF8,2.21556,1.3306,188.242,5.90434,20.5333,10.4276,2,3.14835,aflow_81af8c617774153e.poscar
F6Ge1Rb2,aflow:f5ab0276e2d4780d,aflowlib.duke.edu:AFLOWDATA/ICSD_WEB/FCC/F6Ge1Rb2_ICSD_68982,225,cF36,2.21618,1.06944,279.025,25.945,19.0778,6.07852,9,3.63014,aflow_f5ab0276e2d4780d.poscar
Bi4F16Rb4,aflow:5d2ee95d3fdba7f1,aflowlib.duke.edu:AFLOWDATA/ICSD_WEB/FCC/Bi1F4Rb1_ICSD_63167,227,cF96,2.2165,0.5507,239.858,69.8864,54.4389,17.3944,24,5.55158,aflow_5d2ee95d3fdba7f1.poscar
F3Pb1Rb1,aflow:6fbab6a05afc14f4,aflowlib.duke.edu:AFLOWDATA/ICSD_WEB/CUB/F3Pb1Rb1_ICSD_49591,221,cP5,2.21693,1.07497,198.051,14.7091,39.4611,15.1974,5,5.03934,aflow_6fbab6a05afc14f4.poscar
Cd4O8Rb8,aflow:ab6fb47139d6d74e,aflowlib.duke.edu:AFLOWDATA/ICSD_WEB/ORC/Cd1O2Rb2_ICSD_62054,60,oP20,2.21737,0.492799,215.957,58.6005,36.7288,13.6326,20,4.70755,aflow_ab6fb47139d6d74e.poscar
Cl10Cs2Pb4,aflow:28b5a7baf33114a1,aflowlib.duke.edu:AFLOWDATA/ICSD_WEB/BCT/Cl5Cs1Pb2_ICSD_249888,140,tI32,2.21794,0.644584,190.934,47.1296,13.7185,7.97656,16,4.60786,aflow_28b5a7baf33114a1.poscar
Cd2Te2,aflow:904750495511d139,aflowlib.duke.edu:AFLOWDATA/ICSD_WEB/HEX/Cd1Te1_ICSD_150941,186,hP4,2.2181,1.0799,150.056,11.8633,36.2739,13.0107,4,5.53862,aflow_904750495511d139.poscar
Ag6P2S8,aflow:474a32773d1a741c,aflowlib.duke.edu:AFLOWDATA/ICSD_WEB/ORC/Ag3P1S4_ICSD_416585,31,oP16,2.21936,0.646044,228.124,46.7287,41.8712,12.5931,16,4.42999,aflow_474a32773d1a741c.poscar
Br6K2Re1,aflow:08933efb4d3240d7,aflowlib.duke.edu:AFLOWDATA/ICSD_WEB/FCC/Br6K2Re1_ICSD_23770,225,cF36,2.22035,1.00021,200.042,26.4546,11.3389,5.84215,9,4.06943,aflow_08933efb4d3240d7.poscar
O16Pb12,aflow:324bc142cbfbe9e3,aflowlib.duke.edu:AFLOWDATA/LIB2_WEB/OPb_d/A4B3_tP28_135_gh_dh-001.AB,135,tP28,2.22153,0.669028,226.052,81.7739,38.3316,13.0323,28,8.23975,aflow_324bc142cbfbe9e3.poscar
I10In2Sn4,aflow:4dc98501cf293edd,aflowlib.duke.edu:AFLOWDATA/ICSD_WEB/BCT/I5In1Sn2_ICSD_151986,140,tI32,2.22159,0.431356,147.961,47.4873,11.1918,5.92195,16,5.26127,aflow_4dc98501cf293edd.poscar
In1Yb1,aflow:9b97c23e6352e08b,aflowlib.duke.edu:AFLOWDATA/ICSD_WEB/CUB/In1Yb1_ICSD_59570,221,cP2,2.22282,1.54544,139.967,5.94198,35.1611,15.3129,2,8.4096,aflow_9b97c23e6352e08b.poscar
Ag1Li1,aflow:4c10b43e69b72e7c,aflowlib.duke.edu:AFLOWDATA/ICSD_WEB/CUB/Ag1Li1_ICSD_58310,221,cP2,2.22319,1.39359,194.883,5.89462,37.1278,14.9382,2,5.78305,aflow_4c10b43e69b72e7c.poscar
Ba3Cl6,aflow:bdc362fd57f037e0,aflowlib.duke.edu:AFLOWDATA/ICSD_WEB/HEX/Ba1Cl2_ICSD_2190,189,hP9,2.2256,0.736002,194.143,26.4941,32.2884,12.9388,9,3.79137,aflow_bdc362fd57f037e0.poscar
Au1Cs1,aflow:536c2f463e4fff78,aflowlib.duke.edu:AFLOWDATA/ICSD_WEB/CUB/Au1Cs1_ICSD_150971,221,cP2,2.22582,0.500054,87.9,5.98162,11.3278,7.06757,2,6.75577,aflow_536c2f463e4fff78.poscar
Cd1Te1,aflow:db3c099649cd0199,aflowlib.duke.edu:AFLOWDATA/ICSD_WEB/FCC/Cd1Te1_ICSD_108238,216,cF8,2.22595,1.70177,150.063,5.9313,36.3556,13.038,2,5.5414,aflow_db3c099649cd0199.poscar
Sn2Te6Tl8,aflow:99292c09a16a572f,aflowlib.duke.edu:AFLOWDATA/ICSD_WEB/BCT/Sn1Te3Tl4_ICSD_104191,140,tI32,2.22664,0.471544,141.053,47.5301,27.7128,14.8914,16,8.24753,aflow_99292c09a16a572f.poscar
Cl1Na1,aflow:d0c93a9396dc599e,aflowlib.duke.edu:AFLOWDATA/ICSD_WEB/FCC/Cl1Na1_ICSD_100633,225,cF8,2.22727,2.12177,271.114,5.79577,24.8944,13.4547,2,2.12681,aflow_d0c93a9396dc599e.poscar
I1Na1,aflow:484aa4aa291e7238,aflowlib.duke.edu:AFLOWDATA/ICSD_WEB/FCC/I1Na1_ICSD_44279,225,cF8,2.22993,0.851748,139.821,5.94824,16.4444,7.82861,2,3.6417,aflow_484aa4aa291e7238.poscar
Ag1Mg1Sb1,aflow:d63cc0a05a52c00f,aflowlib.duke.edu:AFLOWDATA/ICSD_WEB/FCC/Ag1Mg1Sb1_ICSD_187149,216,cF12,2.23015,1.19644,172.098,8.86433,54.3667,13.5164,3,5.90782,aflow_d63cc0a05a52c00f.poscar
Cd1N1,aflow:6146cee097d0232d,aflowlib.duke.edu:AFLOWDATA/ICSD_WEB/FCC/Cd1N1_ICSD_183198,216,cF8,2.23036,1.32338,186.109,5.89408,62.5167,11.3414,2,6.15373,aflow_6146cee097d0232d.poscar
S12Sn8,aflow:7b0d1bcbe596c2b1,aflowlib.duke.edu:AFLOWDATA/ICSD_WEB/ORC/S3Sn2_ICSD_31995,62,oP20,2.23037,2.16694,343.102,56.3984,15.9098,11.4279,20,4.26756,aflow_7b0d1bcbe596c2b1.poscar
Cs6Ni2O4,aflow:a933bda42ca16d2e,aflowlib.duke.edu:AFLOWDATA/ICSD_WEB/TET/Cs3Ni1O2_ICSD_424578,136,tP12,2.23058,0.488223,171.929,35.4758,23.6792,9.54778,12,4.68948,aflow_a933bda42ca16d2e.poscar
Cs2Cu2O4,aflow:18b2942cbd86f0e3,aflowlib.duke.edu:AFLOWDATA/ICSD_WEB/ORCC/Cs1Cu1O2_ICSD_15097,63,oS16,2.23128,1.45598,261.993,23.1634,31.2322,12.0383,8,4.22102,aflow_18b2942cbd86f0e3.poscar
Tl1Yb1,aflow:9c68d753a5c1b840,aflowlib.duke.edu:AFLOWDATA/ICSD_WEB/CUB/Tl1Yb1_ICSD_106197,221,cP2,2.23194,0.857055,104.995,5.96751,33.5444,11.5492,2,10.68,aflow_9c68d753a5c1b840.poscar
Ag2In2S4,aflow:5ec42def8839c87e,aflowlib.duke.edu:AFLOWDATA/ICSD_WEB/BCT/Ag1In1S2_ICSD_156129,122,tI16,2.232,1.06485,216.031,23.4264,48.2976,15.9626,8,4.65882,aflow_5ec42def8839c87e.poscar
Ba1Cd2Ge2,aflow:504b92a2e3f47181,aflowlib.duke.edu:AFLOWDATA/ICSD_WEB/BCT/Ba1Cd2Ge2_ICSD_174263,139,tI10,2.23267,1.24185,182.015,14.7506,44.3395,17.769,5,6.47438,aflow_504b92a2e3f47181.poscar
Ag1In5Se8,aflow:59aa7f06d2a88d1a,aflowlib.duke.edu:AFLOWDATA/ICSD_WEB/TET/Ag1In5Se8_ICSD_35597,111,tP14,2.23303,1.17226,227.01,40.891,24.7673,13.1466,14,5.23602,aflow_59aa7f06d2a88d1a.poscar
In2Te4Zn1,aflow:4fa2575f14e6200f,aflowlib.duke.edu:AFLOWDATA/ICSD_WEB/BCT/In2Te4Zn1_ICSD_25650,82,tI14,2.23388,1.66508,200.98,20.566,25.442,15.2106,7,5.50505,aflow_4fa2575f14e6200f.poscar
Cs2F6Ge1,aflow:e2b660ddb4b8226e,aflowlib.duke.edu:AFLOWDATA/ICSD_WEB/FCC/Cs2F6Ge1_ICSD_35547,225,cF36,2.23533,0.821265,233.97,26.2567,16.902,5.17877,9,3.99205,aflow_e2b660ddb4b8226e.poscar
F6K2Ni1,aflow:d9ac8a23eea3e7b7,aflowlib.duke.edu:AFLOWDATA/ICSD_WEB/FCC/F6K2Ni1_ICSD_41416,225,cF36,2.2358,2.18914,407.687,24.7844,22.4556,11.0438,9,2.9862,aflow_d9ac8a23eea3e7b7.poscar
Cu4O2,aflow:7bcf1ab2d28f3e54,aflowlib.duke.edu:AFLOWDATA/LIB2_WEB/Cu_pvO/A2B_cP6_224_b_a.AB,224,cP6,2.23614,0.211946,145.975,17.8021,117.423,6.66247,6,6.02486,aflow_7bcf1ab2d28f3e54.poscar
Cl6Cs2Te1,aflow:8baa4eb3315d1503,aflowlib.duke.edu:AFLOWDATA/ICSD_WEB/FCC/Cl6Cs2Te1_ICSD_26704,225,cF36,2.23624,1.04363,217.126,26.3745,7.67222,4.67854,9,3.13935,aflow_8baa4eb3315d1503.poscar
Se6Sn2Tl8,aflow:9de22e64d36d62f2,aflowlib.duke.edu:AFLOWDATA/ICSD_WEB/BCT/Se3Sn1Tl4_ICSD_651938,140,tI32,2.23914,0.477816,150.081,47.4655,31.5928,15.2762,16,8.35147,aflow_9de22e64d36d62f2.poscar
Cs8Te20,aflow:ddaf3178e207a10c,aflowlib.duke.edu:AFLOWDATA/ICSD_WEB/ORCC/Cs2Te5_ICSD_36017,63,oS28,2.23932,0.312046,146.99,83.0963,12.2012,6.27889,28,4.84882,aflow_ddaf3178e207a10c.poscar
O24Se8Sn4,aflow:15dcc5d502d1c562,aflowlib.duke.edu:AFLOWDATA/ICSD_WEB/CUB/O6Se2Sn1_ICSD_154716,205,cP36,2.23936,1.74422,449.005,97.0344,41.1056,19.9314,36,4.13452,aflow_15dcc5d502d1c562.poscar
C1Pu1Rh3,aflow:e36cddd32419c35b,aflowlib.duke.edu:AFLOWDATA/ICSD_WEB/CUB/C1Pu1Rh3_ICSD_108181,221,cP5,2.24105,0.544656,142.967,14.8355,180.25,11.8183,5,12.9444,aflow_e36cddd32419c35b.poscar
Ge4Pt4Sr4,aflow:8aebfdbd83ea7750,aflowlib.duke.edu:AFLOWDATA/ICSD_WEB/CUB/Ge1Pt1Sr1_ICSD_57115,198,cP12,2.24136,0.89351,190.046,35.3175,67.0379,19.8123,12,7.96852,aflow_8aebfdbd83ea7750.poscar
Ag4Ba2,aflow:3c78f90c1e08f159,aflowlib.duke.edu:AFLOWDATA/ICSD_WEB/ORCI/Ag2Ba1_ICSD_240052,74,oI12,2.24184,1.04424,167.937,17.7495,24.3671,14.1632,6,6.62522,aflow_3c78f90c1e08f159.poscar
Cd2Sb4Sn2,aflow:96e32a5860696bde,aflowlib.duke.edu:AFLOWDATA/ICSD_WEB/BCT/Cd1Sb2Sn1_ICSD_44259,122,tI16,2.24267,1.0997,177.959,23.6107,36.1966,17.528,8,5.39692,aflow_96e32a5860696bde.poscar
Br6K2Te1,aflow:67e6bb73871b7087,aflowlib.duke.edu:AFLOWDATA/ICSD_WEB/FCC/Br6K2Te1_ICSD_38346,225,cF36,2.24416,0.672649,179.938,26.5736,10.4389,5.21413,9,3.47992,aflow_67e6bb73871b7087.poscar
Ge4Mn4,aflow:e182ca9954d90d4a,aflowlib.duke.edu:AFLOWDATA/ICSD_WEB/CUB/Ge1Mn1_ICSD_187195,198,cP8,2.2448,0.992193,229.049,23.372,57.8889,19.7154,8,5.90563,aflow_e182ca9954d90d4a.poscar
Cl6Te1Tl2,aflow:2a65e95859e6391e,aflowlib.duke.edu:AFLOWDATA/ICSD_WEB/FCC/Cl6Te1Tl2_ICSD_26705,225,cF36,2.24863,0.788915,188.173,26.5276,12.6167,6.13915,9,4.48955,aflow_2a65e95859e6391e.poscar
Br10Pb4Rb2,aflow:898a956acbc9af99,aflowlib.duke.edu:AFLOWDATA/ICSD_WEB/BCT/Br5Pb2Rb1_ICSD_151990,140,tI32,2.25062,0.538374,168.031,47.3328,13.3059,7.84673,16,5.39503,aflow_898a956acbc9af99.poscar
Cd1Cl8Na6,aflow:10e7d65dca0ad52c,aflowlib.duke.edu:AFLOWDATA/ICSD_WEB/FCC/Cd1Cl8Na6_ICSD_35070,225,cF60,2.2514,0.712819,276.783,43.3551,21.3111,12.5747,15,2.42996,aflow_10e7d65dca0ad52c.poscar
In2Rb2Te4,aflow:30d7f0167688a502,aflowlib.duke.edu:AFLOWDATA/ICSD_WEB/BCT/In1Rb1Te2_ICSD_75346,140,tI16,2.25151,0.975502,172.99,23.6432,14.6646,8.38727,8,4.94005,aflow_30d7f0167688a502.poscar
Bi1Pd1Yb1,aflow:358d5c62402dd8bf,aflowlib.duke.edu:AFLOWDATA/ICSD_WEB/FCC/Bi1Pd1Yb1_ICSD_58843,216,cF12,2.25301,1.36512,144.017,8.90432,50.5667,15.9958,3,10.0323,aflow_358d5c62402dd8bf.poscar
Au1Li2Sb1,aflow:d02fa8ced352ee4a,aflowlib.duke.edu:AFLOWDATA/ICSD_WEB/FCC/Au1Li2Sb1_ICSD_58529,216,cF16,2.2559,1.33941,198.865,11.7655,51.7444,19.6196,4,7.58853,aflow_d02fa8ced352ee4a.poscar
Cr4Cu2Te8,aflow:edccfb1f7cfb43ae,aflowlib.duke.edu:AFLOWDATA/ICSD_WEB/FCC/Cr2Cu1Te4_ICSD_43041,227,cF56,2.25592,0.361188,154.979,41.4858,50.4889,11.4546,14,6.10929,aflow_edccfb1f7cfb43ae.poscar
Br2In2,aflow:94bbce215f92c015,aflowlib.duke.edu:AFLOWDATA/ICSD_WEB/ORCC/Br1In1_ICSD_23126,63,oS8,2.25837,0.82337,150.182,11.876,13.9493,7.91802,4,4.84486,aflow_94bbce215f92c015.poscar
Cu4O2,aflow:f0b1c8b5771c9262,aflowlib.duke.edu:AFLOWDATA/ICSD_WEB/CUB/Cu2O1_ICSD_167446,224,cP6,2.25972,0.253177,155.957,17.7756,110.394,7.67467,6,6.01944,aflow_f0b1c8b5771c9262.poscar
Br6K2Se1,aflow:8f493eb9dacbdea3,aflowlib.duke.edu:AFLOWDATA/ICSD_WEB/FCC/Br6K2Se1_ICSD_36228,225,cF36,2.2604,0.653829,185.118,26.5531,10.85,5.47693,9,3.45356,aflow_8f493eb9dacbdea3.poscar
Cd3Te3,aflow:eea3144a17a5238e,aflowlib.duke.edu:AFLOWDATA/ICSD_WEB/HEX/Cd1Te1_ICSD_67864,152,hP6,2.26069,0.939184,161.055,17.7635,41.0531,15.7083,6,6.24568,aflow_eea3144a17a5238e.poscar
F5Mn1Rb2,aflow:67844b6e524e6769,aflowlib.duke.edu:AFLOWDATA/ICSD_WEB/TET/F5Mn1Rb2_ICSD_82218,123,tP8,2.26171,1.61991,311.875,22.8461,20.4749,10.0842,8,3.29188,aflow_67844b6e524e6769.poscar
F6Ni1Rb2,aflow:e5a9c6fa70aca30f,aflowlib.duke.edu:AFLOWDATA/ICSD_WEB/FCC/F6Ni1Rb2_ICSD_29005,225,cF36,2.26193,1.46172,318.787,25.6316,17.8944,7.91673,9,3.53671,aflow_e5a9c6fa70aca30f.poscar
Ba1Hg1,aflow:19c353e662a40130,aflowlib.duke.edu:AFLOWDATA/ICSD_WEB/CUB/Ba1Hg1_ICSD_58654,221,cP2,2.26215,1.5592,131.009,5.94986,24.0,14.4955,2,7.53756,aflow_19c353e662a40130.poscar
Pb2Te6Tl8,aflow:77324d52cb5156a4,aflowlib.duke.edu:AFLOWDATA/ICSD_WEB/BCT/Pb1Te3Tl4_ICSD_604389,140,tI32,2.26271,0.437946,135.912,47.562,27.6557,14.9566,16,8.70203,aflow_77324d52cb5156a4.poscar
Cs1F3Pb1,aflow:0e718cd1dba77a9f,aflowlib.duke.edu:AFLOWDATA/ICSD_WEB/CUB/Cs1F3Pb1_ICSD_290349,221,cP5,2.26361,1.12304,194.934,14.7183,38.8778,16.5431,5,5.59803,aflow_0e718cd1dba77a9f.poscar
Br6Rb2Te1,aflow:496fbc63b1ffb8e4,aflowlib.duke.edu:AFLOWDATA/ICSD_WEB/FCC/Br6Rb2Te1_ICSD_49521,225,cF36,2.26369,0.574932,164.023,26.6463,9.12778,4.43288,9,3.78077,aflow_496fbc63b1ffb8e4.poscar
Pb3Th1,aflow:6df621acdc60187a,aflowlib.duke.edu:AFLOWDATA/ICSD_WEB/CUB/Pb3Th1_ICSD_105632,221,cP4,2.26626,0.338472,87.0308,11.9528,58.45,7.81244,4,11.5014,aflow_6df621acdc60187a.poscar
Na4Pd2Se4,aflow:ac54cf33d37d8808,aflowlib.duke.edu:AFLOWDATA/ICSD_WEB/ORCC/Na2Pd1Se2_ICSD_644936,36,oS20,2.26668,0.945913,234.126,29.1753,33.0996,12.8576,10,4.47336,aflow_ac54cf33d37d8808.poscar
Ba2Pt2,aflow:4bda8bf3d5783087,aflowlib.duke.edu:AFLOWDATA/ICSD_WEB/HEX/Ba1Pt1_ICSD_55492,194,hP4,2.26761,1.52192,155.916,11.8492,50.2714,19.9604,4,8.92344,aflow_4bda8bf3d5783087.poscar
In1Li2Pd1,aflow:73993106a51bb58f,aflowlib.duke.edu:AFLOWDATA/ICSD_WEB/FCC/In1Li2Pd1_ICSD_106802,216,cF16,2.27113,1.20253,218.985,11.717,59.1722,17.6542,4,5.99099,aflow_73993106a51bb58f.poscar
Ag8Ba4Te8,aflow:a92a093ecd79bd09,aflowlib.duke.edu:AFLOWDATA/ICSD_WEB/ORC/Ag2Ba1Te2_ICSD_246048,62,oP20,2.2743,0.365636,153.968,59.2878,36.5838,13.6307,20,6.48295,aflow_a92a093ecd79bd09.poscar
Cu2K2Te2,aflow:9c3bde3044aabb79,aflowlib.duke.edu:AFLOWDATA/ICSD_WEB/HEX/Cu1K1Te1_ICSD_12158,194,hP6,2.27461,1.49648,221.104,17.5675,28.5064,18.1493,6,4.31655,aflow_9c3bde3044aabb79.poscar
Sn2,aflow:4ff128b70cc03d62,aflowlib.duke.edu:AFLOWDATA/ICSD_WEB/FCC/Sn1_ICSD_40039,227,cF8,2.27602,2.90827,182.08,5.89825,33.9944,18.3622,2,5.17845,aflow_4ff128b70cc03d62.poscar
Pd1Sb1Yb1,aflow:42f183e26491ac8a,aflowlib.duke.edu:AFLOWDATA/ICSD_WEB/FCC/Pd1Sb1Yb1_ICSD_391183,216,cF12,2.27645,1.44375,158.991,8.8828,54.5167,15.2384,3,8.91373,aflow_42f183e26491ac8a.poscar
Bi1In1,aflow:2a186d2b32cb102c,aflowlib.duke.edu:AFLOWDATA/ICSD_WEB/FCC/Bi1In1_ICSD_184573,216,cF8,2.27664,1.68229,135.917,5.9438,32.6667,14.513,2,6.79781,aflow_2a186d2b32cb102c.poscar
Br12K4Te2,aflow:90e130206cc7a035,aflowlib.duke.edu:AFLOWDATA/ICSD_WEB/TET/Br6K2Te1_ICSD_37270,128,tP18,2.27664,0.431564,182.844,53.1231,8.85281,4.57394,18,3.48122,aflow_90e130206cc7a035.poscar
Cd2In4Se8,aflow:903ba012a2e67d0f,aflowlib.duke.edu:AFLOWDATA/ICSD_WEB/FCC/Cd1In2Se4_ICSD_52811,227,cF56,2.27732,0.66152,191.902,41.2005,52.5111,17.1146,14,5.69335,aflow_903ba012a2e67d0f.poscar
K1N1,aflow:fe952ef1f59cda0a,aflowlib.duke.edu:AFLOWDATA/ICSD_WEB/FCC/K1N1_ICSD_184991,225,cF8,2.27774,1.26873,238.286,5.8487,19.5611,8.52916,2,1.78927,aflow_fe952ef1f59cda0a.poscar
Br2Se4Tl10,aflow:3e3c1d40063cad82,aflowlib.duke.edu:AFLOWDATA/ICSD_WEB/BCT/Br1Se2Tl5_ICSD_75960,140,tI32,2.27825,0.295408,124.978,47.6406,20.2106,9.85813,16,8.19337,aflow_3e3c1d40063cad82.poscar
Au3Cd3La3,aflow:28f4dc5fd1caa25a,aflowlib.duke.edu:AFLOWDATA/ICSD_WEB/HEX/Au1Cd1La1_ICSD_411543,189,hP9,2.28134,0.535871,140.073,26.7238,68.2375,16.4012,9,9.53884,aflow_28f4dc5fd1caa25a.poscar
Ga2Hg1Te4,aflow:8a1c8954bd7a16a8,aflowlib.duke.edu:AFLOWDATA/ICSD_WEB/BCT/Ga2Hg1Te4_ICSD_53575,82,tI14,2.28172,1.70975,203.099,20.5608,25.1303,15.9477,7,6.02306,aflow_8a1c8954bd7a16a8.poscar
Sn2Te10Tl4,aflow:88fab1a47ab2a65c,aflowlib.duke.edu:AFLOWDATA/ICSD_WEB/BCT/Sn1Te5Tl2_ICSD_73666,140,tI32,2.28197,0.501814,152.056,47.4421,19.8206,9.17845,16,6.93705,aflow_88fab1a47ab2a65c.poscar
Cl1K1,aflow:d5d8c218ad74d303,aflowlib.duke.edu:AFLOWDATA/ICSD_WEB/CUB/Cl1K1_ICSD_290513,221,cP2,2.28286,1.23719,207.925,5.88362,20.1444,9.47221,2,2.22039,aflow_d5d8c218ad74d303.poscar
Br2In10Se10,aflow:0e802125ef3548e5,aflowlib.duke.edu:AFLOWDATA/ICSD_WEB/ORC/Br1In5Se5_ICSD_414218,31,oP22,2.28298,0.737562,219.12,64.3835,28.5925,14.2678,22,5.68534,aflow_0e802125ef3548e5.poscar
B1Pd3Yb1,aflow:9de515ae0560d7fa,aflowlib.duke.edu:AFLOWDATA/ICSD_WEB/CUB/B1Pd3Yb1_ICSD_44547,221,cP5,2.28299,0.839139,171.952,14.769,109.956,16.2499,5,10.4219,aflow_9de515ae0560d7fa.poscar
Ag2Cr4Te8,aflow:a30bbe2831fa8a18,aflowlib.duke.edu:AFLOWDATA/ICSD_WEB/FCC/Ag1Cr2Te4_ICSD_71695,227,cF56,2.28349,0.10648,100.987,41.7829,44.3111,4.87635,14,6.0178,aflow_a30bbe2831fa8a18.poscar
As1F6Na1,aflow:186c151ef89c59b5,aflowlib.duke.edu:AFLOWDATA/ICSD_WEB/FCC/As1F6Na1_ICSD_184564,225,cF32,2.28353,2.43343,420.734,21.8827,21.9278,8.79376,8,2.56961,aflow_186c151ef89c59b5.poscar
In2Te4Tl2,aflow:bd9b413c5648f6bd,aflowlib.duke.edu:AFLOWDATA/ICSD_WEB/BCT/In1Te2Tl1_ICSD_16245,140,tI16,2.28366,1.07071,169.038,23.6571,20.7779,12.0544,8,7.00825,aflow_bd9b413c5648f6bd.poscar
Ag4Sr2,aflow:219d796bee875a28,aflowlib.duke.edu:AFLOWDATA/ICSD_WEB/ORCI/Ag2Sr1_ICSD_58359,74,oI12,2.28447,0.87585,170.924,17.7397,36.9429,16.1931,6,6.33142,aflow_219d796bee875a28.poscar
Ag6As2O8,aflow:5ddfc73e119d7d2a,aflowlib.duke.edu:AFLOWDATA/ICSD_WEB/CUB/Ag3As1O4_ICSD_28836,218,cP16,2.28457,0.747144,259.075,46.35,65.45,16.2035,16,6.27993,aflow_5ddfc73e119d7d2a.poscar
Ag1Cu4Dy1,aflow:c43242ccdc84ef23,aflowlib.duke.edu:AFLOWDATA/ICSD_WEB/FCC/Ag1Cu4Dy1_ICSD_605006,216,cF24,2.28618,0.583335,167.058,17.7431,99.5222,15.4923,6,9.4838,aflow_c43242ccdc84ef23.poscar
Cs1F1,aflow:71951baeb9deaf95,aflowlib.duke.edu:AFLOWDATA/ICSD_WEB/FCC/Cs1F1_ICSD_44288,225,cF8,2.28832,0.923511,148.871,5.93998,21.9111,9.3085,2,4.42205,aflow_71951baeb9deaf95.poscar
Hg1Sr1,aflow:147609474cf3a8d3,aflowlib.duke.edu:AFLOWDATA/ICSD_WEB/CUB/Hg1Sr1_ICSD_104345,221,cP2,2.28915,1.92926,151.891,5.93223,29.1111,17.4304,2,7.46361,aflow_147609474cf3a8d3.poscar
Br24Cs8Te4,aflow:81a977a0efede30d,aflowlib.duke.edu:AFLOWDATA/ICSD_WEB/FCC/Br6Cs2Te1_ICSD_24151,225,cF36,2.28943,0.24536,162.137,106.632,7.78333,4.30916,36,3.99842,aflow_81a977a0efede30d.poscar
Ag1In5Te8,aflow:03ae9fb0ad91fcf6,aflowlib.duke.edu:AFLOWDATA/ICSD_WEB/TET/Ag1In5Te8_ICSD_151871,111,tP14,2.29195,0.817938,183.974,41.2803,21.8088,11.8548,14,5.53371,aflow_03ae9fb0ad91fcf6.poscar
Cd1Cu1Sb1,aflow:1dc3560c617a7aa8,aflowlib.duke.edu:AFLOWDATA/ICSD_WEB/FCC/Cd1Cu1Sb1_ICSD_52796,216,cF12,2.29336,0.208748,92.9731,8.96062,53.6056,4.65336,3,6.93117,aflow_1dc3560c617a7aa8.poscar
Hg4Mg8,aflow:32c4782e84353cbc,aflowlib.duke.edu:AFLOWDATA/ICSD_WEB/ORC/Hg1Mg2_ICSD_104315,62,oP12,2.29476,0.469656,177.887,35.4417,47.8227,15.1839,12,6.40004,aflow_32c4782e84353cbc.poscar
Eu1Hg1,aflow:4a6557136108a3f7,aflowlib.duke.edu:AFLOWDATA/ICSD_WEB/CUB/Eu1Hg1_ICSD_103396,221,cP2,2.29531,1.38156,127.94,5.95222,36.2222,17.2271,2,9.59802,aflow_4a6557136108a3f7.poscar
Cd4Sr2,aflow:d7ab8c656ef3d930,aflowlib.duke.edu:AFLOWDATA/ICSD_WEB/ORCI/Cd2Sr1_ICSD_102067,74,oI12,2.29593,0.715945,156.967,17.7834,33.3482,13.7992,6,5.8402,aflow_d7ab8c656ef3d930.poscar
F6Mn1Rb2,aflow:7a7deee428ad7b76,aflowlib.duke.edu:AFLOWDATA/ICSD_WEB/FCC/F6Mn1Rb2_ICSD_202536,225,cF36,2.29802,1.58263,332.225,25.5222,17.3611,7.89779,9,3.46793,aflow_7a7deee428ad7b76.poscar
Br1Rb1,aflow:bb569b66afa76188,aflowlib.duke.edu:AFLOWDATA/ICSD_WEB/CUB/Br1Rb1_ICSD_61522,221,cP2,2.29862,0.78782,134.14,5.95393,14.3,7.34254,2,3.72898,aflow_bb569b66afa76188.poscar
Cd1Cl3Cs1,aflow:dc7d070883ef2e40,aflowlib.duke.edu:AFLOWDATA/ICSD_WEB/CUB/Cd1Cl3Cs1_ICSD_24484,221,cP5,2.29894,1.10986,198.87,14.7095,30.5167,14.5437,5,3.89636,aflow_dc7d070883ef2e40.poscar
As4Cd6,aflow:a5b232f4dd809ab2,aflowlib.duke.edu:AFLOWDATA/ICSD_WEB/CUB/As2Cd3_ICSD_56167,224,cP10,2.29957,0.540605,166.062,29.5846,47.5556,14.4643,10,6.05671,aflow_a5b232f4dd809ab2.poscar
O2Tl4,aflow:d82b66545e38d56b,aflowlib.duke.edu:AFLOWDATA/LIB2_WEB/OTl_d/AB2_hR6_166_c_2c-001.AB,166,hR6,2.29981,1.77417,196.157,17.656,13.7691,10.1798,6,9.36935,aflow_d82b66545e38d56b.poscar
Br1K1,aflow:9388b0cb77be29c5,aflowlib.duke.edu:AFLOWDATA/ICSD_WEB/CUB/Br1K1_ICSD_290549,221,cP2,2.30153,0.842662,155.221,5.9374,17.15,7.94444,2,3.0525,aflow_9388b0cb77be29c5.poscar
F6K2Mn1,aflow:ca9f05a6b6eddb1c,aflowlib.duke.edu:AFLOWDATA/ICSD_WEB/FCC/F6K2Mn1_ICSD_47213,225,cF36,2.30182,1.94328,400.263,24.866,17.3389,8.00356,9,2.76901,aflow_ca9f05a6b6eddb1c.poscar
F1K1,aflow:53d5a5933de2bde4,aflowlib.duke.edu:AFLOWDATA/ICSD_WEB/CUB/F1K1_ICSD_61558,221,cP2,2.30199,1.74494,268.939,5.7999,32.5111,13.3816,2,2.76548,aflow_53d5a5933de2bde4.poscar
Ag2Ga2Te4,aflow:4110f65c57bcab22,aflowlib.duke.edu:AFLOWDATA/ICSD_WEB/BCT/Ag1Ga1Te2_ICSD_156128,122,tI16,2.30652,0.85844,175.007,23.6298,38.0463,16.0253,8,5.61507,aflow_4110f65c57bcab22.poscar
Ag4Ca2,aflow:b272f5b46e0c9457,aflowlib.duke.edu:AFLOWDATA/ICSD_WEB/ORCI/Ag2Ca1_ICSD_417225,74,oI12,2.3085,0.854237,182.894,17.7012,40.5794,14.6922,6,5.8868,aflow_b272f5b46e0c9457.poscar
I1K1,aflow:a652b12baeddf43f,aflowlib.duke.edu:AFLOWDATA/ICSD_WEB/CUB/I1K1_ICSD_61555,221,cP2,2.31004,0.551868,118.134,5.96453,13.4556,5.80901,2,3.42122,aflow_a652b12baeddf43f.poscar
Cu6Se4,aflow:27d624358558b28a,aflowlib.duke.edu:AFLOWDATA/ICSD_WEB/TET/Cu3Se2_ICSD_16949,113,tP10,2.31044,0.738414,216.062,29.2876,69.1684,17.6842,10,6.42813,aflow_27d624358558b28a.poscar
Cd1Cu4Yb1,aflow:9874952b0a9bfb74,aflowlib.duke.edu:AFLOWDATA/ICSD_WEB/FCC/Cd1Cu4Yb1_ICSD_415198,216,cF24,2.31151,0.709588,177.052,17.7175,78.4778,18.1119,6,9.39245,aflow_9874952b0a9bfb74.poscar
Ba4F12Pd2,aflow:cdd80b42cdffa73e,aflowlib.duke.edu:AFLOWDATA/ICSD_WEB/ORCC/Ba2F6Pd1_ICSD_88802,64,oS36,2.31163,0.756364,266.937,52.0629,52.1936,19.3463,18,4.78775,aflow_cdd80b42cdffa73e.poscar
O4Pt2,aflow:947f4a36e26b1a01,aflowlib.duke.edu:AFLOWDATA/ICSD_WEB/CUB/O2Pt1_ICSD_77654,224,cP6,2.31201,0.262206,136.007,17.8233,139.867,8.37086,6,8.4695,aflow_947f4a36e26b1a01.poscar
Hg2Pb2Sr2,aflow:a9b549be5fa78145,aflowlib.duke.edu:AFLOWDATA/ICSD_WEB/HEX/Hg1Pb1Sr1_ICSD_602710,186,hP6,2.31232,1.02997,151.997,17.794,34.088,19.0297,6,8.7565,aflow_a9b549be5fa78145.poscar
C1Ca1Pd3,aflow:1c5e66ef41873df9,aflowlib.duke.edu:AFLOWDATA/ICSD_WEB/CUB/C1Ca1Pd3_ICSD_108128,221,cP5,2.31278,0.884144,196.025,14.7,126.65,16.6683,5,7.87634,aflow_1c5e66ef41873df9.poscar
Ag2Li2,aflow:6a0cfd8361d328cd,aflowlib.duke.edu:AFLOWDATA/ICSD_WEB/BCT/Ag1Li1_ICSD_247145,141,tI8,2.31338,0.604212,176.895,11.8271,38.6332,11.7594,4,5.67447,aflow_6a0cfd8361d328cd.poscar
As1Pu1,aflow:e2d31b24625f4223,aflowlib.duke.edu:AFLOWDATA/ICSD_WEB/CUB/As1Pu1_ICSD_44048,221,cP2,2.31457,1.42466,139.938,5.93874,87.2611,17.994,2,12.0683,aflow_e2d31b24625f4223.poscar
Al1Au2Sc1,aflow:cc3810ae5c65aacf,aflowlib.duke.edu:AFLOWDATA/ICSD_WEB/FCC/Al1Au2Sc1_ICSD_57505,225,cF16,2.31524,0.903351,159.041,11.8421,108.244,16.8456,4,10.6327,aflow_cc3810ae5c65aacf.poscar
I12Rb4Te2,aflow:6562be30ba2f3b27,aflowlib.duke.edu:AFLOWDATA/ICSD_WEB/TET/I6Rb2Te1_ICSD_36009,128,tP18,2.31615,0.192162,118.927,53.6403,8.01628,3.28926,18,4.18237,aflow_6562be30ba2f3b27.poscar
Cd1Te1,aflow:44db01b35234cb00,aflowlib.duke.edu:AFLOWDATA/ICSD_WEB/FCC/Cd1Te1_ICSD_52839,225,cF8,2.31831,2.21241,172.935,5.90865,48.6389,19.0219,2,6.99536,aflow_44db01b35234cb00.poscar
Pd4Sb4Sr2,aflow:11465652ff315469,aflowlib.duke.edu:AFLOWDATA/ICSD_WEB/TET/Pd2Sb2Sr1_ICSD_604349,129,tP10,2.31863,0.654346,174.022,29.5302,75.5398,17.0698,10,7.60083,aflow_11465652ff315469.poscar
Br4,aflow:8e7ba568a475142c,aflowlib.duke.edu:AFLOWDATA/ICSD_WEB/ORCC/Br1_ICSD_426930,64,oS8,2.31925,1.64337,201.939,11.762,4.69922,3.12586,4,3.35351,aflow_8e7ba568a475142c.poscar
F2Kr1,aflow:5a28afea9afeb9ce,aflowlib.duke.edu:AFLOWDATA/ICSD_WEB/BCT/F2Kr1_ICSD_279623,139,tI6,2.31928,2.37624,286.224,8.64865,6.95854,4.0675,3,3.08474,aflow_5a28afea9afeb9ce.poscar
F1K1,aflow:dee45e93103a3db1,aflowlib.duke.edu:AFLOWDATA/ICSD_WEB/FCC/F1K1_ICSD_52241,225,cF8,2.32268,2.20533,288.153,5.76986,29.9389,15.9355,2,2.42471,aflow_dee45e93103a3db1.poscar
Cr2Te2,aflow:3a88e8bf41f9f1aa,aflowlib.duke.edu:AFLOWDATA/ICSD_WEB/HEX/Cr1Te1_ICSD_93159,63,oS8,2.32347,0.398922,128.018,11.8991,57.5676,7.82112,4,6.06671,aflow_3a88e8bf41f9f1aa.poscar
Cd2Te2,aflow:3fcd14dad8d1899d,aflowlib.duke.edu:AFLOWDATA/ICSD_WEB/ORCC/Cd1Te1_ICSD_246693,63,oS8,2.3254,1.07363,159.086,11.8463,47.778,15.611,4,6.97918,aflow_3fcd14dad8d1899d.poscar
Ag2In2Te4,aflow:4297a07feb4b7609,aflowlib.duke.edu:AFLOWDATA/ICSD_WEB/BCT/Ag1In1Te2_ICSD_104476,122,tI16,2.32558,0.630393,152.09,23.7215,34.8044,12.7351,8,5.63922,aflow_4297a07feb4b7609.poscar
Ho6Tl10,aflow:095a60fa8ca0cf2e,aflowlib.duke.edu:AFLOWDATA/ICSD_WEB/ORCC/Ho3Tl5_ICSD_639785,63,oS32,2.32632,0.439519,139.065,47.5273,53.4482,18.2787,16,11.7183,aflow_095a60fa8ca0cf2e.poscar
Ba2Cd4,aflow:3a19d0040d513959,aflowlib.duke.edu:AFLOWDATA/ICSD_WEB/ORCI/Ba1Cd2_ICSD_260668,74,oI12,2.32646,0.38081,120.924,17.8723,26.2245,8.47802,6,6.1681,aflow_3a19d0040d513959.poscar
Cl6Pt1Tl2,aflow:8d51942a7954976e,aflowlib.duke.edu:AFLOWDATA/ICSD_WEB/FCC/Cl6Pt1Tl2_ICSD_26710,225,cF36,2.32699,0.892226,197.014,26.4742,14.0778,6.53134,9,5.34999,aflow_8d51942a7954976e.poscar
Ba2F8Pd2,aflow:df9eaef452433268,aflowlib.duke.edu:AFLOWDATA/ICSD_WEB/BCT/Ba1F4Pd1_ICSD_108991,140,tI24,2.32754,0.869524,261.106,34.7667,52.977,16.8141,12,4.85948,aflow_df9eaef452433268.poscar
Cs2Cu2F8,aflow:280f3db106d08a6b,aflowlib.duke.edu:AFLOWDATA/ICSD_WEB/BCT/Cs1Cu1F4_ICSD_35264,140,tI24,2.32794,0.756474,258.824,34.8042,18.985,7.27286,12,3.67806,aflow_280f3db106d08a6b.poscar
Cd3I6,aflow:08c7d01b1f919c8e,aflowlib.duke.edu:AFLOWDATA/ICSD_WEB/HEX/Cd1I2_ICSD_42207,156,hP9,2.32923,0.625531,153.041,26.6871,10.5503,5.03448,9,5.22248,aflow_08c7d01b1f919c8e.poscar
Mn1Pd1Te1,aflow:f73da054af2b5cd8,aflowlib.duke.edu:AFLOWDATA/ICSD_WEB/FCC/Mn1Pd1Te1_ICSD_40908,216,cF12,2.32941,1.56982,188.072,8.83497,81.7111,19.2483,3,7.37625,aflow_f73da054af2b5cd8.poscar
Pd4Se8,aflow:501c9d3b63d2b5fb,aflowlib.duke.edu:AFLOWDATA/ICSD_WEB/ORC/Pd1Se2_ICSD_166277,61,oP12,2.33249,2.16554,291.033,34.4289,28.2849,15.7759,12,6.19998,aflow_501c9d3b63d2b5fb.poscar
Hg1O2Rb2,aflow:62d74a601aac5fea,aflowlib.duke.edu:AFLOWDATA/ICSD_WEB/BCT/Hg1O2Rb2_ICSD_25514,139,tI10,2.33455,1.33742,207.833,14.6786,23.0911,11.6,5,5.14954,aflow_62d74a601aac5fea.poscar
Ag4K4O4,aflow:6c79ab532bba1db3,aflowlib.duke.edu:AFLOWDATA/ICSD_WEB/BCT/Ag1K1O1_ICSD_24818,139,tI24,2.33473,0.691056,233.823,35.0415,28.0623,12.2646,12,3.86428,aflow_6c79ab532bba1db3.poscar
Au1Cu4Tb1,aflow:a00cc200e41cf085,aflowlib.duke.edu:AFLOWDATA/ICSD_WEB/FCC/Au1Cu4Tb1_ICSD_611769,216,cF24,2.33624,0.535983,157.039,17.771,110.233,15.8928,6,11.0842,aflow_a00cc200e41cf085.poscar
I1Rb1,aflow:a877d3b01049d5a9,aflowlib.duke.edu:AFLOWDATA/ICSD_WEB/CUB/I1Rb1_ICSD_44619,221,cP2,2.3365,0.545854,108.157,5.97098,11.2778,5.62036,2,3.90497,aflow_a877d3b01049d5a9.poscar
Hg1S1,aflow:8ede6eb4a13f2b99,aflowlib.duke.edu:AFLOWDATA/ICSD_WEB/FCC/Hg1S1_ICSD_104340,216,cF8,2.33678,1.75868,164.108,5.91759,50.2944,16.0114,2,7.13298,aflow_8ede6eb4a13f2b99.poscar
Au4Ca4Cd4,aflow:66beabbe92890a0a,aflowlib.duke.edu:AFLOWDATA/ICSD_WEB/ORC/Au1Ca1Cd1_ICSD_420574,62,oP12,2.33681,0.553511,168.05,35.4912,52.4744,18.1179,12,7.98465,aflow_66beabbe92890a0a.poscar
Au2K2Se2,aflow:ae82019d3327d870,aflowlib.duke.edu:AFLOWDATA/ICSD_WEB/ORCC/Au1K1Se1_ICSD_40759,63,oS12,2.33847,0.907973,171.024,17.7403,13.8434,6.43667,6,5.56968,aflow_ae82019d3327d870.poscar
As2Hg2K2,aflow:075befb960a6d22f,aflowlib.duke.edu:AFLOWDATA/ICSD_WEB/HEX/As1Hg1K1_ICSD_10458,194,hP6,2.33893,1.04089,179.144,17.7184,25.7402,14.6855,6,5.54968,aflow_075befb960a6d22f.poscar
Sb1Sn1,aflow:9b2cec3b37cfebab,aflowlib.duke.edu:AFLOWDATA/ICSD_WEB/CUB/Sb1Sn1_ICSD_52302,221,cP2,2.33968,1.76885,161.949,5.91938,49.0222,14.8124,2,7.05806,aflow_9b2cec3b37cfebab.poscar
Ag10S8Sb2,aflow:d3aa24a7307877b5,aflowlib.duke.edu:AFLOWDATA/ICSD_WEB/ORCC/Ag5S4Sb1_ICSD_16987,36,oS40,2.33979,0.475357,205.993,58.7111,35.2376,11.7082,20,5.92631,aflow_d3aa24a7307877b5.poscar
Cu2Se1,aflow:7968b7c180e7ac07,aflowlib.duke.edu:AFLOWDATA/ICSD_WEB/FCC/Cu2Se1_ICSD_56025,225,cF12,2.34042,0.661273,163.078,8.87938,83.3778,11.9294,3,6.96403,aflow_7968b7c180e7ac07.poscar
Cl6K2Pt1,aflow:5743a00d848eb00f,aflowlib.duke.edu:AFLOWDATA/ICSD_WEB/FCC/Cl6K2Pt1_ICSD_2582,225,cF36,2.34279,1.35828,271.068,26.0092,13.0944,7.17213,9,3.21976,aflow_5743a00d848eb00f.poscar
Pt1Sb1Yb1,aflow:c5d6762a8aad6f28,aflowlib.duke.edu:AFLOWDATA/ICSD_WEB/FCC/Pt1Sb1Yb1_ICSD_77953,216,cF12,2.34395,1.00753,135.001,8.91545,69.1222,14.3121,3,10.8716,aflow_c5d6762a8aad6f28.poscar
Cl6Cs2Ge1,aflow:faa2f9d697c73839,aflowlib.duke.edu:AFLOWDATA/ICSD_WEB/FCC/Cl6Cs2Ge1_ICSD_28892,225,cF36,2.34417,0.757207,210.037,26.4252,9.0,4.5595,9,3.08776,aflow_faa2f9d697c73839.poscar
F6Na1Sb1,aflow:8770a7b53129df89,aflowlib.duke.edu:AFLOWDATA/ICSD_WEB/FCC/F6Na1Sb1_ICSD_16640,225,cF32,2.34437,2.72595,412.248,21.9667,20.3,9.45592,8,2.80877,aflow_8770a7b53129df89.poscar
Cs2I6Te1,aflow:6dc2e902a1372f65,aflowlib.duke.edu:AFLOWDATA/ICSD_WEB/FCC/Cs2I6Te1_ICSD_38105,225,cF36,2.34473,0.438525,131.075,26.7823,7.11667,4.08731,9,4.3266,aflow_6dc2e902a1372f65.poscar
Cd4Sb4Tl4,aflow:1af1c04034d03b1d,aflowlib.duke.edu:AFLOWDATA/ICSD_WEB/ORC/Cd1Sb1Tl1_ICSD_9572,62,oP12,2.3453,0.358543,132.096,35.6888,37.1445,13.0599,12,8.12374,aflow_1af1c04034d03b1d.poscar
Cl1Tl1,aflow:45bf324a62447cfb,aflowlib.duke.edu:AFLOWDATA/ICSD_WEB/FCC/Cl1Tl1_ICSD_61518,225,cF8,2.34639,0.590775,110.068,5.96772,18.4389,7.03725,2,5.73538,aflow_45bf324a62447cfb.poscar
F24Na4Sb4,aflow:92fd352b0aa29f3c,aflowlib.duke.edu:AFLOWDATA/ICSD_WEB/CUB/F6Na1Sb1_ICSD_25538,205,cP32,2.34712,1.00097,401.744,88.2518,21.75,9.60589,32,2.81678,aflow_92fd352b0aa29f3c.poscar
Pd2Sn1Tb1,aflow:bea649131691049d,aflowlib.duke.edu:AFLOWDATA/ICSD_WEB/FCC/Pd2Sn1Tb1_ICSD_105694,225,cF16,2.34769,1.00417,162.066,11.8347,106.744,18.2294,4,10.2972,aflow_bea649131691049d.poscar
Cl6Pt1Rb2,aflow:7071622eeee7f130,aflowlib.duke.edu:AFLOWDATA/ICSD_WEB/FCC/Cl6Pt1Rb2_ICSD_26708,225,cF36,2.35045,1.3511,253.953,26.1334,10.85,6.50498,9,3.59275,aflow_7071622eeee7f130.poscar
Cl4K2Pd1,aflow:081140d7fbeb503b,aflowlib.duke.edu:AFLOWDATA/ICSD_WEB/TET/Cl4K2Pd1_ICSD_23997,123,tP7,2.35156,1.18727,254.737,20.3364,12.5149,7.31318,7,2.52312,aflow_081140d7fbeb503b.poscar
I1K1,aflow:c5c59a10fed69262,aflowlib.duke.edu:AFLOWDATA/ICSD_WEB/FCC/I1K1_ICSD_22158,225,cF8,2.35255,0.525554,115.836,5.9668,10.9389,5.21968,2,2.98573,aflow_c5c59a10fed69262.poscar
Cs1F1,aflow:ff3e8a3ebb991d74,aflowlib.duke.edu:AFLOWDATA/ICSD_WEB/CUB/Cs1F1_ICSD_61563,221,cP2,2.35389,0.566103,131.031,5.95516,24.8444,6.96896,2,4.99155,aflow_ff3e8a3ebb991d74.poscar
Ag4O4Rb4,aflow:d5b4a2bd84341848,aflowlib.duke.edu:AFLOWDATA/ICSD_WEB/BCT/Ag1O1Rb1_ICSD_188526,119,tI24,2.35511,0.545209,197.895,35.3172,23.9464,10.1089,12,4.47728,aflow_d5b4a2bd84341848.poscar
Pd2Se4Tl4,aflow:7db41ab7fd14ab52,aflowlib.duke.edu:AFLOWDATA/ICSD_WEB/ORC/Pd1Se2Tl2_ICSD_79601,55,oP10,2.35574,0.324234,128.082,29.7529,33.8498,8.02879,10,8.3582,aflow_7db41ab7fd14ab52.poscar
Bi4Pd6S4,aflow:af102afc1723b260,aflowlib.duke.edu:AFLOWDATA/ICSD_WEB/BCC/Bi2Pd3S2_ICSD_159366,199,cI28,2.3559,0.709859,194.004,41.1739,62.6487,15.5591,14,8.94868,aflow_af102afc1723b260.poscar
Cl1Rb1,aflow:5f88595ec1d952d0,aflowlib.duke.edu:AFLOWDATA/ICSD_WEB/CUB/Cl1Rb1_ICSD_26877,221,cP2,2.3579,0.953933,164.065,5.93017,16.6,8.37747,2,3.13099,aflow_5f88595ec1d952d0.poscar
Ag4In8Na12,aflow:f51b92be0bca11fd,aflowlib.duke.edu:AFLOWDATA/ICSD_WEB/FCC/Ag1In2Na3_ICSD_170868,227,cF96,2.35802,0.235264,174.776,70.9954,19.9944,9.28715,24,4.06944,aflow_f51b92be0bca11fd.poscar
Pu1Ru1,aflow:62a3afd4deefd5b2,aflowlib.duke.edu:AFLOWDATA/ICSD_WEB/CUB/Pu1Ru1_ICSD_105865,221,cP2,2.3587,0.498391,100.031,5.96761,173.653,10.0903,2,16.5507,aflow_62a3afd4deefd5b2.poscar
Pd1Sn3Sr1,aflow:6c37e0e2ec89b24a,aflowlib.duke.edu:AFLOWDATA/ICSD_WEB/BCT/Pd1Sn3Sr1_ICSD_105692,107,tI10,2.35881,0.753227,155.003,14.8165,54.4473,13.2006,5,6.58182,aflow_6c37e0e2ec89b24a.poscar
In1Te1,aflow:ce610cb49c8c7990,aflowlib.duke.edu:AFLOWDATA/ICSD_WEB/FCC/In1Te1_ICSD_169419,225,cF8,2.35919,2.05305,169.112,5.91346,40.65,17.4665,2,6.5432,aflow_ce610cb49c8c7990.poscar
Pt1Sn1U1,aflow:c5fcd642ba5d9504,aflowlib.duke.edu:AFLOWDATA/ICSD_WEB/FCC/Pt1Sn1U1_ICSD_105800,216,cF12,2.35974,1.04703,131.006,8.91874,83.1333,15.8698,3,11.6263,aflow_c5fcd642ba5d9504.poscar
Cd4Pd2Sr2,aflow:50b51ceb501d4d75,aflowlib.duke.edu:AFLOWDATA/ICSD_WEB/ORCC/Cd2Pd1Sr1_ICSD_425494,63,oS16,2.36014,0.915474,188.958,23.5662,45.5315,18.7509,8,7.08536,aflow_50b51ceb501d4d75.poscar
Br1Tl1,aflow:446e47ea5b60293f,aflowlib.duke.edu:AFLOWDATA/ICSD_WEB/FCC/Br1Tl1_ICSD_61519,225,cF8,2.36139,0.52204,99.1134,5.97412,16.4611,6.54863,2,6.1089,aflow_446e47ea5b60293f.poscar
Au2O4Rb2,aflow:3a60473b7da3cd36,aflowlib.duke.edu:AFLOWDATA/ICSD_WEB/ORCC/Au1O2Rb1_ICSD_15116,63,oS16,2.36253,1.67784,257.057,23.1892,27.7935,12.4272,8,5.67883,aflow_3a60473b7da3cd36.poscar
Li2Pd4Sn12,aflow:b49d5044a52e7e5f,aflowlib.duke.edu:AFLOWDATA/ICSD_WEB/TET/Li1Pd2Sn6_ICSD_152299,127,tP18,2.36356,0.535446,191.983,52.9818,59.2839,19.2041,18,7.50411,aflow_b49d5044a52e7e5f.poscar
Hg2K2Sb2,aflow:377117f4c7159f05,aflowlib.duke.edu:AFLOWDATA/ICSD_WEB/HEX/Hg1K1Sb1_ICSD_56201,194,hP6,2.36414,0.858288,159.12,17.7811,21.1094,12.2833,6,5.53716,aflow_377117f4c7159f05.poscar
Au1In1Li2,aflow:0d38a416d5089125,aflowlib.duke.edu:AFLOWDATA/ICSD_WEB/FCC/Au1In1Li2_ICSD_58497,216,cF16,2.36542,1.06687,192.995,11.7834,52.4556,18.9376,4,7.75624,aflow_0d38a416d5089125.poscar
Cl1Cu1,aflow:f7857324dd27e355,aflowlib.duke.edu:AFLOWDATA/ICSD_WEB/FCC/Cl1Cu1_ICSD_23988,216,cF8,2.36589,1.20686,200.152,5.88388,47.8889,12.3674,2,4.11126,aflow_f7857324dd27e355.poscar
Hg1Li1,aflow:07f268d309e600b2,aflowlib.duke.edu:AFLOWDATA/ICSD_WEB/CUB/Hg1Li1_ICSD_104308,221,cP2,2.36595,1.19085,157.201,5.93402,32.5667,15.9154,2,9.22941,aflow_07f268d309e600b2.poscar
Cl4O2Pd4,aflow:388226a8c6abbc12,aflowlib.duke.edu:AFLOWDATA/ICSD_WEB/BCT/Cl2O1Pd2_ICSD_61333,141,tI20,2.36726,1.01977,253.135,29.015,44.6369,12.7581,10,4.69839,aflow_388226a8c6abbc12.poscar
Au2K2Se4,aflow:8c5011c882aac59e,aflowlib.duke.edu:AFLOWDATA/ICSD_WEB/TET/Au1K1Se2_ICSD_84003,127,tP8,2.36833,1.09795,202.078,23.5053,20.217,9.34114,8,5.64035,aflow_8c5011c882aac59e.poscar
Br4K2Pd1,aflow:0ffa34b449605bad,aflowlib.duke.edu:AFLOWDATA/ICSD_WEB/TET/Br4K2Pd1_ICSD_1982,123,tP7,2.36923,0.746429,187.028,20.6495,11.1218,5.952,7,3.37079,aflow_0ffa34b449605bad.poscar
La1Tl3,aflow:27cd67b2290ba1b4,aflowlib.duke.edu:AFLOWDATA/ICSD_WEB/CUB/La1Tl3_ICSD_104731,221,cP4,2.36998,1.21099,144.098,11.8748,43.6889,19.1981,4,10.6112,aflow_27cd67b2290ba1b4.poscar
Tl3U1,aflow:e52ccf55c80734d7,aflowlib.duke.edu:AFLOWDATA/ICSD_WEB/CUB/Tl3U1_ICSD_106194,221,cP4,2.37048,1.11481,134.973,11.8901,43.4833,19.2436,4,12.4386,aflow_e52ccf55c80734d7.poscar
Br1K1,aflow:e02e6c6748e87324,aflowlib.duke.edu:AFLOWDATA/ICSD_WEB/FCC/Br1K1_ICSD_18015,225,cF8,2.37152,0.84292,155.772,5.93895,13.8278,7.30057,2,2.62898,aflow_e02e6c6748e87324.poscar
Cl16Hg12O4,aflow:ee0d6c769a483b53,aflowlib.duke.edu:AFLOWDATA/ICSD_WEB/CUB/Cl4Hg3O1_ICSD_28782,198,cP32,2.37251,0.294549,181.028,94.4311,12.9538,4.75817,32,5.77917,aflow_ee0d6c769a483b53.poscar
Cl1Rb1,aflow:136ebce60ff4446b,aflowlib.duke.edu:AFLOWDATA/ICSD_WEB/FCC/Cl1Rb1_ICSD_162798,225,cF8,2.37308,0.837648,154.765,5.93758,14.3167,7.23743,2,2.66941,aflow_136ebce60ff4446b.poscar
Tl3Y1,aflow:c08b23695db01790,aflowlib.duke.edu:AFLOWDATA/ICSD_WEB/CUB/Tl3Y1_ICSD_106196,221,cP4,2.37431,0.572749,115.999,11.9186,46.4056,11.8327,4,10.7609,aflow_c08b23695db01790.poscar
Cl1Cu1,aflow:b0f14217ea99cb9c,aflowlib.duke.edu:AFLOWDATA/ICSD_WEB/FCC/Cl1Cu1_ICSD_78273,225,cF8,2.37436,0.476112,150.128,5.93437,59.0611,7.25386,2,4.89394,aflow_b0f14217ea99cb9c.poscar
Bi2Pt2,aflow:2122a1339fff9c66,aflowlib.duke.edu:AFLOWDATA/ICSD_WEB/HEX/Bi1Pt1_ICSD_58845,194,hP4,2.37439,0.882094,130.056,11.8923,91.4979,16.8856,4,14.3165,aflow_2122a1339fff9c66.poscar
Ag2Yb1,aflow:8e92a5daf4083c8c,aflowlib.duke.edu:AFLOWDATA/ICSD_WEB/BCT/Ag2Yb1_ICSD_605966,139,tI6,2.37649,0.991956,147.031,8.9057,40.5889,15.5651,3,9.18585,aflow_8e92a5daf4083c8c.poscar
Cu2Te2Tl1,aflow:c9246cfad021e77d,aflowlib.duke.edu:AFLOWDATA/ICSD_WEB/BCT/Cu2Te2Tl1_ICSD_601653,139,tI10,2.37689,1.10456,174.914,14.771,32.9523,13.1769,5,7.72734,aflow_c9246cfad021e77d.poscar
Cl16Hg12O4,aflow:60d3c7e3a655a006,aflowlib.duke.edu:AFLOWDATA/ICSD_WEB/CUB/Cl4Hg3O1_ICSD_35649,198,cP32,2.37965,0.312538,185.137,94.3558,13.1426,5.09279,32,5.78211,aflow_60d3c7e3a655a006.poscar
Cl16Hg12O4,aflow:0380bb5b899328b4,aflowlib.duke.edu:AFLOWDATA/ICSD_WEB/CUB/Cl4Hg3O1_ICSD_28377,198,cP32,2.37984,0.354789,193.023,94.2137,12.0611,5.0944,32,5.783,aflow_0380bb5b899328b4.poscar
Ba2Tl4,aflow:e9c6d477da9d6f7b,aflowlib.duke.edu:AFLOWDATA/ICSD_WEB/HEX/Ba1Tl2_ICSD_58681,194,hP6,2.38033,0.870755,139.949,17.8294,26.449,17.2872,6,8.4545,aflow_e9c6d477da9d6f7b.poscar
Cl6K2Sn1,aflow:483cf5477e34d9c8,aflowlib.duke.edu:AFLOWDATA/ICSD_WEB/FCC/Cl6K2Sn1_ICSD_1668,225,cF36,2.38089,0.780749,238.967,26.2493,11.2222,4.96348,9,2.48722,aflow_483cf5477e34d9c8.poscar
I1Tl1,aflow:3128a4b9547d3c3d,aflowlib.duke.edu:AFLOWDATA/ICSD_WEB/FCC/I1Tl1_ICSD_60491,225,cF8,2.3832,0.440301,87.928,5.97994,14.3111,5.92427,2,6.16848,aflow_3128a4b9547d3c3d.poscar
Au2K2Te2,aflow:d93ce507eac7c5ec,aflowlib.duke.edu:AFLOWDATA/ICSD_WEB/HEX/Au1K1Te1_ICSD_655856,194,hP6,2.38521,0.96442,167.936,17.7516,25.8159,13.8933,6,6.15278,aflow_d93ce507eac7c5ec.poscar
Ag2In1Y1,aflow:047348a26953adbe,aflowlib.duke.edu:AFLOWDATA/ICSD_WEB/FCC/Ag2In1Y1_ICSD_58304,225,cF16,2.38541,1.15397,178.898,11.8044,72.8444,19.4227,4,8.12943,aflow_047348a26953adbe.poscar
F1Tl1,aflow:41cae372cf494c78,aflowlib.duke.edu:AFLOWDATA/ICSD_WEB/BCT/F1Tl1_ICSD_28495,225,cF8,2.38598,0.646273,122.899,5.959,30.4699,9.22758,2,8.06938,aflow_41cae372cf494c78.poscar
Au2Sn8,aflow:8e941641cd230751,aflowlib.duke.edu:AFLOWDATA/ICSD_WEB/ORCC/Au1Sn4_ICSD_151194,68,oS20,2.38598,0.459713,144.991,29.6785,46.8635,12.3513,10,8.19135,aflow_8e941641cd230751.poscar
Hg1Se1,aflow:58b9ed291d3d9da5,aflowlib.duke.edu:AFLOWDATA/ICSD_WEB/FCC/Hg1Se1_ICSD_24175,216,cF8,2.38609,1.31205,140.015,5.94065,43.7667,13.725,2,7.56961,aflow_58b9ed291d3d9da5.poscar
Br1Cs1,aflow:8fb97d56ef98f019,aflowlib.duke.edu:AFLOWDATA/ICSD_WEB/FCC/Br1Cs1_ICSD_61516,225,cF8,2.38641,0.430412,100.011,5.97475,10.5778,4.77199,2,3.51,aflow_8fb97d56ef98f019.poscar
Li1Tl1,aflow:10844f99e3db9455,aflowlib.duke.edu:AFLOWDATA/ICSD_WEB/CUB/Li1Tl1_ICSD_104789,221,cP2,2.38645,1.49571,166.725,5.92578,27.6556,17.2355,2,8.24529,aflow_10844f99e3db9455.poscar
Br4K2Pt1,aflow:d0cd2109e28a8fce,aflowlib.duke.edu:AFLOWDATA/ICSD_WEB/TET/Br4K2Pt1_ICSD_6063,123,tP7,2.38862,0.847889,185.835,20.6476,11.0131,5.88687,7,3.94604,aflow_d0cd2109e28a8fce.poscar
Se4Tl4,aflow:1129ad921009085f,aflowlib.duke.edu:AFLOWDATA/ICSD_WEB/BCT/Se1Tl1_ICSD_652064,140,tI16,2.39271,0.707499,155.024,23.7145,22.369,10.4321,8,7.81406,aflow_1129ad921009085f.poscar
Au4Cd4Yb4,aflow:d25e3679e0ac111b,aflowlib.duke.edu:AFLOWDATA/ICSD_WEB/ORC/Au1Cd1Yb1_ICSD_411545,62,oP12,2.39321,0.448128,143.076,35.6325,50.5777,17.6688,12,10.9145,aflow_d25e3679e0ac111b.poscar
Ga4,aflow:dafb5f49a128a99c,aflowlib.duke.edu:AFLOWDATA/ICSD_WEB/ORCC/Ga1_ICSD_165978,12,mS2,2.3933,6.69034,276.035,2.87987,63.0489,9.32411,4,6.2886,aflow_dafb5f49a128a99c.poscar
Cl6K2Pd1,aflow:44de732aff905d56,aflowlib.duke.edu:AFLOWDATA/ICSD_WEB/FCC/Cl6K2Pd1_ICSD_33709,225,cF36,2.39386,1.08062,272.788,26.013,13.2278,6.87649,9,2.66762,aflow_44de732aff905d56.poscar
Cl6Rb2Sn1,aflow:35d12ce9d9790a53,aflowlib.duke.edu:AFLOWDATA/ICSD_WEB/FCC/Cl6Rb2Sn1_ICSD_26698,225,cF36,2.39515,0.740265,218.805,26.3721,9.45556,4.46512,9,2.87893,aflow_35d12ce9d9790a53.poscar
Tb1Tl3,aflow:6f4b0bfcbf833e6e,aflowlib.duke.edu:AFLOWDATA/ICSD_WEB/CUB/Tb1Tl3_ICSD_106130,221,cP4,2.39737,0.665623,118.942,11.9146,46.2722,13.482,4,11.8278,aflow_6f4b0bfcbf833e6e.poscar
Cl8Cu8,aflow:ac4a44c8fcea2c0a,aflowlib.duke.edu:AFLOWDATA/ICSD_WEB/CUB/Cl1Cu1_ICSD_78271,205,cP16,2.39754,0.440031,231.844,46.7386,48.8718,15.4764,16,4.56423,aflow_ac4a44c8fcea2c0a.poscar
Br6K2Pt1,aflow:5414561a87051a3f,aflowlib.duke.edu:AFLOWDATA/ICSD_WEB/FCC/Br6K2Pt1_ICSD_23771,225,cF36,2.39756,0.796806,196.063,26.4862,12.1333,6.06005,9,4.27031,aflow_5414561a87051a3f.poscar
Cl6Cs2Pt1,aflow:d9abe2a670e4d5f2,aflowlib.duke.edu:AFLOWDATA/ICSD_WEB/FCC/Cl6Cs2Pt1_ICSD_26709,225,cF36,2.39823,0.93101,214.074,26.3882,9.59444,5.01663,9,3.76946,aflow_d9abe2a670e4d5f2.poscar
Br2Cu2,aflow:14fc9659417dbf4f,aflowlib.duke.edu:AFLOWDATA/ICSD_WEB/HEX/Br1Cu1_ICSD_30091,194,hP4,2.39897,1.07008,195.827,11.7767,23.5711,9.51071,4,4.8607,aflow_14fc9659417dbf4f.poscar
Br6K2Sn1,aflow:af102a5a65dcf235,aflowlib.duke.edu:AFLOWDATA/ICSD_WEB/FCC/Br6K2Sn1_ICSD_158955,225,cF36,2.39907,0.457705,166.854,26.6431,10.0278,4.20815,9,3.44709,aflow_af102a5a65dcf235.poscar
Dy1Tl3,aflow:e1ae2873e21ddfaf,aflowlib.duke.edu:AFLOWDATA/ICSD_WEB/CUB/Dy1Tl3_ICSD_103376,221,cP4,2.39981,0.48435,107.019,11.9309,48.3,11.3556,4,11.9379,aflow_e1ae2873e21ddfaf.poscar
Ag12Na4S8,aflow:b8403806e5d2513d,aflowlib.duke.edu:AFLOWDATA/ICSD_WEB/FCC/Ag3Na1S2_ICSD_73198,227,cF96,2.40148,0.362498,211.131,70.4278,29.8167,10.4381,24,5.49082,aflow_b8403806e5d2513d.poscar
Cl1Tl1,aflow:4d76834a1fbcef1f,aflowlib.duke.edu:AFLOWDATA/ICSD_WEB/CUB/Cl1Tl1_ICSD_181755,221,cP2,2.40213,0.592328,113.963,5.96542,22.2778,7.90068,2,6.72918,aflow_4d76834a1fbcef1f.poscar
Hg1S1,aflow:38f66e468b9ba830,aflowlib.duke.edu:AFLOWDATA/ICSD_WEB/FCC/Hg1S1_ICSD_169619,225,cF8,2.40281,1.15315,149.055,5.93245,66.7222,13.9857,2,8.90169,aflow_38f66e468b9ba830.poscar
Ag5O6Pb2,aflow:67bca844220b1f40,aflowlib.duke.edu:AFLOWDATA/ICSD_WEB/HEX/Ag5O6Pb2_ICSD_155043,162,hP13,2.40299,0.452188,193.109,38.2602,73.7187,14.9811,13,8.32514,aflow_67bca844220b1f40.poscar
Au2Ge2Th1,aflow:f6d1939f88399421,aflowlib.duke.edu:AFLOWDATA/ICSD_WEB/BCT/Au2Ge2Th1_ICSD_52670,139,tI10,2.40328,0.682441,140.006,14.847,99.9986,15.8982,5,12.0183,aflow_f6d1939f88399421.poscar
Cl4Pd1Tl2,aflow:84d743b78ac98ce6,aflowlib.duke.edu:AFLOWDATA/ICSD_WEB/TET/Cl4Pd1Tl2_ICSD_89601,123,tP7,2.4036,0.661356,167.939,20.713,14.2664,6.90377,7,4.85316,aflow_84d743b78ac98ce6.poscar
Au4O4Rb4,aflow:f6b457d72c593ebb,aflowlib.duke.edu:AFLOWDATA/ICSD_WEB/BCT/Au1O1Rb1_ICSD_409552,139,tI24,2.405,0.672033,191.987,35.3422,25.509,11.1172,12,6.51611,aflow_f6b457d72c593ebb.poscar
Cl1K1,aflow:28e41ffe3fada8e0,aflowlib.duke.edu:AFLOWDATA/ICSD_WEB/FCC/Cl1K1_ICSD_154214,225,cF8,2.40522,1.2452,213.205,5.88113,16.6639,9.2997,2,1.90898,aflow_28e41ffe3fada8e0.poscar
Ag2In1La1,aflow:737af44395bdd9e5,aflowlib.duke.edu:AFLOWDATA/ICSD_WEB/FCC/Ag2In1La1_ICSD_58290,225,cF16,2.40582,0.956782,161.011,11.8415,62.6944,17.1599,4,8.15775,aflow_737af44395bdd9e5.poscar
F6Pd1Rb2,aflow:41ef6e8eea6050d8,aflowlib.duke.edu:AFLOWDATA/ICSD_WEB/FCC/F6Pd1Rb2_ICSD_28675,225,cF36,2.4061,1.8634,344.231,25.4184,14.1889,8.09145,9,3.80998,aflow_41ef6e8eea6050d8.poscar
Cl6Cs2Sn1,aflow:537adb698bfdea9f,aflowlib.duke.edu:AFLOWDATA/ICSD_WEB/FCC/Cl6Cs2Sn1_ICSD_26699,225,cF36,2.40643,0.632969,195.041,26.5034,7.72778,3.63501,9,3.14172,aflow_537adb698bfdea9f.poscar
Ca1Tl3,aflow:281507392358bbd6,aflowlib.duke.edu:AFLOWDATA/ICSD_WEB/CUB/Ca1Tl3_ICSD_58942,221,cP4,2.40676,0.4396,109.012,11.9322,38.1778,12.1796,4,9.32139,aflow_281507392358bbd6.poscar
As1Tl1,aflow:cc780562173bd001,aflowlib.duke.edu:AFLOWDATA/ICSD_WEB/FCC/As1Tl1_ICSD_184574,216,cF8,2.40713,2.06005,162.926,5.92067,39.5389,18.7576,2,7.26069,aflow_cc780562173bd001.poscar
F2Xe1,aflow:338c6b1364ab69a6,aflowlib.duke.edu:AFLOWDATA/ICSD_WEB/BCT/F2Xe1_ICSD_260950,139,tI6,2.40721,2.74264,272.795,8.67279,6.90328,4.47715,3,3.81697,aflow_338c6b1364ab69a6.poscar
Ag2Sn2Sr1,aflow:cd7a7ed413f1e66a,aflowlib.duke.edu:AFLOWDATA/ICSD_WEB/BCT/Ag2Sn2Sr1_ICSD_414,139,tI10,2.40721,1.08503,179.133,14.7604,44.6979,18.1047,5,6.65117,aflow_cd7a7ed413f1e66a.poscar
Cl6Pd1Rb2,aflow:5467a769dad88248,aflowlib.duke.edu:AFLOWDATA/ICSD_WEB/FCC/Cl6Pd1Rb2_ICSD_33710,225,cF36,2.40885,1.35331,274.278,26.0138,10.1778,6.88869,9,3.10992,aflow_5467a769dad88248.poscar
F3Hg1Rb1,aflow:467bde830ed16a22,aflowlib.duke.edu:AFLOWDATA/ICSD_WEB/CUB/F3Hg1Rb1_ICSD_15169,221,cP5,2.40916,0.775665,192.885,14.7282,50.2056,14.8246,5,5.74777,aflow_467bde830ed16a22.poscar
Au4Sb8,aflow:0b3a0c3057da1967,aflowlib.duke.edu:AFLOWDATA/ICSD_WEB/CUB/Au1Sb2_ICSD_40350,205,cP12,2.40952,0.608544,163.015,35.5051,68.6401,19.3861,12,9.40298,aflow_0b3a0c3057da1967.poscar
Cs1I1,aflow:3cfd4805f7728ac7,aflowlib.duke.edu:AFLOWDATA/ICSD_WEB/CUB/Cs1I1_ICSD_44291,221,cP2,2.40993,0.500102,98.9233,5.97616,10.0944,5.61116,2,4.25795,aflow_3cfd4805f7728ac7.poscar
Br2Tl2,aflow:c01b5c54b0863da2,aflowlib.duke.edu:AFLOWDATA/ICSD_WEB/ORCC/Br1Tl1_ICSD_109144,63,oS8,2.41089,0.3249,100.979,11.9465,14.9713,5.83428,4,6.64308,aflow_c01b5c54b0863da2.poscar
Au2Ba1,aflow:822ff35409e2f917,aflowlib.duke.edu:AFLOWDATA/ICSD_WEB/HEX/Au2Ba1_ICSD_181532,191,hP3,2.41136,1.27186,142.004,8.90913,44.4335,17.8049,3,10.2074,aflow_822ff35409e2f917.poscar
Ba1In4,aflow:348b8fa1616f2ea1,aflowlib.duke.edu:AFLOWDATA/ICSD_WEB/BCT/Ba1In4_ICSD_414230,139,tI10,2.41329,1.22572,177.894,14.7655,34.8494,19.7444,5,6.41592,aflow_348b8fa1616f2ea1.poscar
Au2Rb2Te2,aflow:7599b2827de10d20,aflowlib.duke.edu:AFLOWDATA/ICSD_WEB/HEX/Au1Rb1Te1_ICSD_75026,194,hP6,2.41433,0.835683,153.878,17.7917,26.4855,14.1677,6,6.5263,aflow_7599b2827de10d20.poscar
Sb1Tl1,aflow:035c219449edca3f,aflowlib.duke.edu:AFLOWDATA/ICSD_WEB/FCC/Sb1Tl1_ICSD_184577,216,cF8,2.41525,1.47991,136.075,5.94537,30.7389,14.2729,2,6.97712,aflow_035c219449edca3f.poscar
Br6Rb2Sn1,aflow:4ca026eef8988473,aflowlib.duke.edu:AFLOWDATA/ICSD_WEB/FCC/Br6Rb2Sn1_ICSD_158956,225,cF36,2.4166,0.456861,159.913,26.6733,8.73889,3.96827,9,3.75296,aflow_4ca026eef8988473.poscar
Ag2Ho1In1,aflow:afa6e5dc6e33e138,aflowlib.duke.edu:AFLOWDATA/ICSD_WEB/FCC/Ag2Ho1In1_ICSD_58280,225,cF16,2.41734,0.995523,163.034,11.8387,74.4111,19.0459,4,9.72612,aflow_afa6e5dc6e33e138.poscar
Ag2Au2F8,aflow:9ee5b4685cffe258,aflowlib.duke.edu:AFLOWDATA/ICSD_WEB/BCT/Ag1Au1F4_ICSD_90071,140,tI24,2.41919,0.848277,255.029,34.8287,37.0529,12.2222,12,6.67071,aflow_9ee5b4685cffe258.poscar
Br1Tl1,aflow:c6d52ea37eb98db2,aflowlib.duke.edu:AFLOWDATA/ICSD_WEB/CUB/Br1Tl1_ICSD_181756,221,cP2,2.41949,0.545293,104.128,5.97113,20.7944,7.94768,2,7.17591,aflow_c6d52ea37eb98db2.poscar
Au1Li1Sb1,aflow:bdab7ec2c162ee22,aflowlib.duke.edu:AFLOWDATA/ICSD_WEB/FCC/Au1Li1Sb1_ICSD_107996,216,cF12,2.42003,0.131085,80.9592,8.97102,51.2167,3.7784,3,8.07262,aflow_bdab7ec2c162ee22.poscar
Cl6Sn1Tl2,aflow:bbf5e11c2ab0a71c,aflowlib.duke.edu:AFLOWDATA/ICSD_WEB/FCC/Cl6Sn1Tl2_ICSD_26700,225,cF36,2.42007,0.551358,176.956,26.5879,12.8,5.31827,9,4.53334,aflow_bbf5e11c2ab0a71c.poscar
Br6Cs2Pt1,aflow:f1db056900fcd3bb,aflowlib.duke.edu:AFLOWDATA/ICSD_WEB/FCC/Br6Cs2Pt1_ICSD_77381,225,cF36,2.42115,0.711059,174.037,26.6008,8.98333,4.80364,9,4.6945,aflow_f1db056900fcd3bb.poscar
Hg4O4,aflow:6f7e43222d14fbbc,aflowlib.duke.edu:AFLOWDATA/LIB2_WEB/HgO/AB_oP8_62_c_c-006.AB,62,oP8,2.42119,1.63273,239.028,23.3041,23.6385,10.5376,8,9.85067,aflow_6f7e43222d14fbbc.poscar
Ag2Er1In1,aflow:22494371b35a87c6,aflowlib.duke.edu:AFLOWDATA/ICSD_WEB/FCC/Ag2Er1In1_ICSD_58254,225,cF16,2.42187,0.905129,157.969,11.8479,74.9111,18.0475,4,9.84299,aflow_22494371b35a87c6.poscar
Ag2Br4Cs2,aflow:8e1432465df5fab6,aflowlib.duke.edu:AFLOWDATA/ICSD_WEB/ORCC/Ag1Br2Cs1_ICSD_150301,63,oS16,2.42238,0.270806,125.088,23.8304,16.2151,6.44948,8,4.67459,aflow_8e1432465df5fab6.poscar
Br8Cu8,aflow:559b453b9ec43800,aflowlib.duke.edu:AFLOWDATA/ICSD_WEB/CUB/Br1Cu1_ICSD_78278,205,cP16,2.42362,0.427473,201.077,47.0518,35.3991,13.2385,16,5.65342,aflow_559b453b9ec43800.poscar
Br1Cu1,aflow:7c4a6c85677fb393,aflowlib.duke.edu:AFLOWDATA/ICSD_WEB/FCC/Br1Cu1_ICSD_23989,216,cF8,2.42399,1.07312,170.012,5.91661,41.5389,11.9439,2,5.0604,aflow_7c4a6c85677fb393.poscar
Au1Li2Sn1,aflow:dfeec91885f9fa30,aflowlib.duke.edu:AFLOWDATA/ICSD_WEB/FCC/Au1Li2Sn1_ICSD_58533,216,cF16,2.4251,1.09616,197.026,11.7731,52.2056,19.542,4,7.61921,aflow_dfeec91885f9fa30.poscar
Au2F8K2,aflow:a3dbb1055706421d,aflowlib.duke.edu:AFLOWDATA/ICSD_WEB/BCT/Au1F4K1_ICSD_10327,140,tI24,2.42627,1.15775,297.901,34.4145,21.8831,9.99142,12,4.7372,aflow_a3dbb1055706421d.poscar
Br1Rb1,aflow:9e643376d04eba9f,aflowlib.duke.edu:AFLOWDATA/ICSD_WEB/FCC/Br1Rb1_ICSD_18017,225,cF8,2.42688,0.557021,121.864,5.96222,12.5667,6.17845,2,3.20789,aflow_9e643376d04eba9f.poscar
Pb4Pt2,aflow:572886e08a463fbf,aflowlib.duke.edu:AFLOWDATA/ICSD_WEB/BCT/Pb2Pt1_ICSD_54316,140,tI12,2.4278,0.60839,126.973,17.8495,78.0668,17.6768,6,14.0331,aflow_572886e08a463fbf.poscar
Br1Cu1,aflow:9d9b873ee5316734,aflowlib.duke.edu:AFLOWDATA/ICSD_WEB/FCC/Br1Cu1_ICSD_78280,225,cF8,2.42884,0.919985,164.839,5.92096,50.8778,11.8334,2,6.03372,aflow_9d9b873ee5316734.poscar
Au4Ca2,aflow:868b8b96c147ab2b,aflowlib.duke.edu:AFLOWDATA/ICSD_WEB/ORCI/Au2Ca1_ICSD_55542,74,oI12,2.42963,0.557281,139.012,17.8239,62.423,14.2243,6,10.4406,aflow_868b8b96c147ab2b.poscar
Au4Ca4In4,aflow:0e7002383fe4a6c3,aflowlib.duke.edu:AFLOWDATA/ICSD_WEB/ORC/Au1Ca1In1_ICSD_408579,62,oP12,2.43227,0.569401,173.887,35.4504,53.8758,18.774,12,7.91765,aflow_0e7002383fe4a6c3.poscar
Au2Sn1U1,aflow:c025b7fc0d6fcd1b,aflowlib.duke.edu:AFLOWDATA/ICSD_WEB/FCC/Au2Sn1U1_ICSD_58593,225,cF16,2.43395,0.642032,121.993,11.9077,79.0944,14.8565,4,13.283,aflow_c025b7fc0d6fcd1b.poscar
Br6Pd1Rb2,aflow:41eaa2ac5e0af8aa,aflowlib.duke.edu:AFLOWDATA/ICSD_WEB/FCC/Br6Pd1Rb2_ICSD_36305,225,cF36,2.43481,0.659566,185.108,26.5582,11.5111,6.05139,9,4.15714,aflow_41eaa2ac5e0af8aa.poscar
I1Tl1,aflow:7131de623c28cebc,aflowlib.duke.edu:AFLOWDATA/ICSD_WEB/CUB/I1Tl1_ICSD_53854,221,cP2,2.43505,0.488967,93.8737,5.97669,17.5556,7.15777,2,7.07326,aflow_7131de623c28cebc.poscar
Sb6Tl21,aflow:f7933008a130dc06,aflowlib.duke.edu:AFLOWDATA/ICSD_WEB/BCC/Sb2Tl7_ICSD_41816,229,cI54,2.43693,0.0896796,94.0771,80.6622,26.0444,7.47834,27,9.93492,aflow_f7933008a130dc06.poscar
Ho1Tl3,aflow:750354dbab6bfb90,aflowlib.duke.edu:AFLOWDATA/ICSD_WEB/CUB/Ho1Tl3_ICSD_104455,221,cP4,2.43723,0.456274,105.935,11.9326,49.15,11.3719,4,12.0284,aflow_750354dbab6bfb90.poscar
Br6Cs2Sn1,aflow:a7b88cfa9b53898d,aflowlib.duke.edu:AFLOWDATA/ICSD_WEB/FCC/Br6Cs2Sn1_ICSD_158957,225,cF36,2.43765,0.439707,152.129,26.7079,7.84444,3.74084,9,4.00795,aflow_a7b88cfa9b53898d.poscar
Ag2In1Sc1,aflow:e680940d09ac6cbb,aflowlib.duke.edu:AFLOWDATA/ICSD_WEB/FCC/Ag2In1Sc1_ICSD_58298,225,cF16,2.43773,0.930198,176.936,11.8098,78.8722,17.5095,4,7.83251,aflow_e680940d09ac6cbb.poscar
Sr2Tl4,aflow:9b752e7c90f5d4d7,aflowlib.duke.edu:AFLOWDATA/ICSD_WEB/HEX/Sr1Tl2_ICSD_106111,194,hP6,2.43846,0.697961,138.034,17.8363,28.2712,15.8846,6,8.43135,aflow_9b752e7c90f5d4d7.poscar
Cl6Pb1Rb2,aflow:cd74964c563586e0,aflowlib.duke.edu:AFLOWDATA/ICSD_WEB/FCC/Cl6Pb1Rb2_ICSD_26712,225,cF36,2.44455,0.413343,172.802,26.6201,9.95556,3.91334,9,3.33047,aflow_cd74964c563586e0.poscar
Ag4Te4Tl4,aflow:d03b8a2bb448d3bc,aflowlib.duke.edu:AFLOWDATA/ICSD_WEB/ORC/Ag1Te1Tl1_ICSD_52609,62,oP12,2.44477,0.233306,117.959,35.7566,35.5085,10.6828,12,8.38964,aflow_d03b8a2bb448d3bc.poscar
Ag4Se4Tl4,aflow:51c861f8d5f2a223,aflowlib.duke.edu:AFLOWDATA/ICSD_WEB/ORC/Ag1Se1Tl1_ICSD_100710,62,oP12,2.44509,0.324216,139.105,35.6624,34.6652,11.5694,12,8.50547,aflow_51c861f8d5f2a223.poscar
I6Pt1Rb2,aflow:b3860f8b2cd99c72,aflowlib.duke.edu:AFLOWDATA/ICSD_WEB/FCC/I6Pt1Rb2_ICSD_37191,225,cF36,2.44652,0.453758,140.003,26.7418,9.52222,4.37401,9,4.93536,aflow_b3860f8b2cd99c72.poscar
Ag1I1,aflow:61ae06e7e303a5bf,aflowlib.duke.edu:AFLOWDATA/ICSD_WEB/FCC/Ag1I1_ICSD_161579,216,cF8,2.44784,0.337221,93.9948,5.97527,24.8667,5.18682,2,5.30503,aflow_61ae06e7e303a5bf.poscar
Ag4F12K4,aflow:6cc8759f4910c6f6,aflowlib.duke.edu:AFLOWDATA/ICSD_WEB/ORC/Ag1F3K1_ICSD_189150,62,oP20,2.4486,0.540943,284.906,57.6281,37.8971,14.4963,20,3.98331,aflow_6cc8759f4910c6f6.poscar
O2Pd4,aflow:930e39422b5a9229,aflowlib.duke.edu:AFLOWDATA/ICSD_WEB/CUB/O1Pd2_ICSD_77651,224,cP6,2.44995,0.287144,144.925,17.8024,124.528,9.53649,6,8.1206,aflow_930e39422b5a9229.poscar
C1In1Pt3,aflow:48e5eceb94a2a2a1,aflowlib.duke.edu:AFLOWDATA/ICSD_WEB/CUB/C1In1Pt3_ICSD_77040,221,cP5,2.45002,0.649876,149.014,14.8241,193.444,18.5802,5,15.6433,aflow_48e5eceb94a2a2a1.poscar
Ag2I2,aflow:d611e813a85efcb0,aflowlib.duke.edu:AFLOWDATA/ICSD_WEB/HEX/Ag1I1_ICSD_15589,186,hP4,2.45261,0.191901,91.0355,11.9537,25.9388,5.08336,4,5.30413,aflow_d611e813a85efcb0.poscar
Ag1C1,aflow:7726f25d86a7ac89,aflowlib.duke.edu:AFLOWDATA/ICSD_WEB/FCC/Ag1C1_ICSD_183175,225,cF8,2.4541,0.868197,181.934,5.8988,114.983,13.0009,2,7.78582,aflow_7726f25d86a7ac89.poscar
Ag1Cd1Sb1,aflow:4db77c268007c7e7,aflowlib.duke.edu:AFLOWDATA/ICSD_WEB/FCC/Ag1Cd1Sb1_ICSD_52549,216,cF12,2.45653,0.209793,92.9504,8.9612,55.6611,5.16666,3,7.60374,aflow_4db77c268007c7e7.poscar
Hg1Te1,aflow:c2384ec3a6ca5619,aflowlib.duke.edu:AFLOWDATA/ICSD_WEB/FCC/Hg1Te1_ICSD_162602,216,cF8,2.45944,1.19772,129.078,5.95004,35.2611,13.0427,2,7.43623,aflow_c2384ec3a6ca5619.poscar
Ag16Ca6,aflow:52a92160866b3a2a,aflowlib.duke.edu:AFLOWDATA/ICSD_WEB/BCC/Ag8Ca3_ICSD_107145,229,cI44,2.46336,0.311928,181.049,64.9353,45.5833,15.4785,22,6.44537,aflow_52a92160866b3a2a.poscar
Cs2I6Pt1,aflow:506d0ac0d8ad464c,aflowlib.duke.edu:AFLOWDATA/ICSD_WEB/FCC/Cs2I6Pt1_ICSD_201309,225,cF36,2.46513,0.537885,143.873,26.7294,7.47222,4.15539,9,5.00878,aflow_506d0ac0d8ad464c.poscar
Cs1I1,aflow:e0fc6d7a170c6558,aflowlib.duke.edu:AFLOWDATA/ICSD_WEB/FCC/Cs1I1_ICSD_61517,225,cF8,2.46685,0.286487,82.0159,5.98385,8.39444,3.6187,2,3.56393,aflow_e0fc6d7a170c6558.poscar
Ag2F6Rb2,aflow:47b9ffc0d5db5a9b,aflowlib.duke.edu:AFLOWDATA/ICSD_WEB/BCT/Ag1F3Rb1_ICSD_23153,140,tI20,2.46706,0.829701,262.796,28.9933,42.2735,17.2245,10,4.64592,aflow_47b9ffc0d5db5a9b.poscar
Au2Yb1,aflow:5f53eeb11197a3de,aflowlib.duke.edu:AFLOWDATA/ICSD_WEB/BCT/Au2Yb1_ICSD_58388,139,tI6,2.46767,1.05593,136.994,8.916,57.4776,18.4869,3,14.1327,aflow_5f53eeb11197a3de.poscar
Au4In8Na12,aflow:0393c62d375f5ec6,aflowlib.duke.edu:AFLOWDATA/ICSD_WEB/FCC/Au1In2Na3_ICSD_170867,227,cF96,2.46855,0.158287,148.82,71.2644,23.6778,8.23354,24,5.13749,aflow_0393c62d375f5ec6.poscar
Hg8I16,aflow:93b7c7b0ffaa5bf8,aflowlib.duke.edu:AFLOWDATA/ICSD_WEB/TET/Hg1I2_ICSD_281133,137,tP24,2.46867,0.276021,137.848,71.3378,4.70954,2.85067,24,5.49262,aflow_93b7c7b0ffaa5bf8.poscar
Cu1I1,aflow:d1fd17e61cdce493,aflowlib.duke.edu:AFLOWDATA/ICSD_WEB/FCC/Cu1I1_ICSD_157431,216,cF8,2.46922,1.2584,162.092,5.92418,37.7333,13.8328,2,5.60643,aflow_d1fd17e61cdce493.poscar
Br1Cs1,aflow:f999245f021a5bc3,aflowlib.duke.edu:AFLOWDATA/ICSD_WEB/CUB/Br1Cs1_ICSD_22174,221,cP2,2.4707,0.587776,116.137,5.96687,12.4389,6.69455,2,4.17662,aflow_f999245f021a5bc3.poscar
Cl24Cs8Pb4,aflow:84738cad161f83b3,aflowlib.duke.edu:AFLOWDATA/ICSD_WEB/FCC/Cl6Cs2Pb1_ICSD_26713,225,cF36,2.4708,0.156605,162.069,106.676,7.95556,3.3539,36,3.57648,aflow_84738cad161f83b3.poscar
Mg1Tl1,aflow:f6fa0908a0c1314a,aflowlib.duke.edu:AFLOWDATA/ICSD_WEB/CUB/Mg1Tl1_ICSD_104884,221,cP2,2.47362,0.238181,89.0823,5.97846,35.3944,4.94441,2,7.65183,aflow_f6fa0908a0c1314a.poscar
I1Rb1,aflow:be28b1736734720d,aflowlib.duke.edu:AFLOWDATA/ICSD_WEB/FCC/I1Rb1_ICSD_22168,225,cF8,2.47534,0.367039,96.863,5.97755,9.9,4.57368,2,3.39051,aflow_be28b1736734720d.poscar
Ag2Hg1I4,aflow:4acd680114f302a1,aflowlib.duke.edu:AFLOWDATA/ICSD_WEB/TET/Ag2Hg1I4_ICSD_30264,111,tP7,2.47684,0.324344,118.059,20.8618,12.7002,4.71106,7,5.52063,aflow_4acd680114f302a1.poscar
Au2Ca1Ge2,aflow:34bd54f20afe9d90,aflowlib.duke.edu:AFLOWDATA/ICSD_WEB/BCT/Au2Ca1Ge2_ICSD_25333,139,tI10,2.47775,1.05432,182.027,14.7487,67.5556,19.9173,5,9.07634,aflow_34bd54f20afe9d90.poscar
Ag2Cl2,aflow:5c1f9a350ac0fe8e,aflowlib.duke.edu:AFLOWDATA/ICSD_WEB/MCL/Ag1Cl1_ICSD_56542,11,mP4,2.48295,0.522228,160.092,11.8552,39.5739,10.3287,4,5.356,aflow_5c1f9a350ac0fe8e.poscar
Hg1Se1,aflow:d63b3d98960b8a00,aflowlib.duke.edu:AFLOWDATA/ICSD_WEB/FCC/Hg1Se1_ICSD_56210,225,cF8,2.48299,1.04403,136.928,5.9435,58.9222,13.9983,2,9.53909,aflow_d63b3d98960b8a00.poscar
Ag4O2,aflow:f024f2b3bfd420b0,aflowlib.duke.edu:AFLOWDATA/ICSD_WEB/CUB/Ag2O1_ICSD_173984,224,cP6,2.48656,0.0174529,56.0669,17.9719,56.2778,1.37277,6,6.62411,aflow_f024f2b3bfd420b0.poscar
Ag2Cl2,aflow:1c37631a1f4d2450,aflowlib.duke.edu:AFLOWDATA/ICSD_WEB/MCL/Ag1Cl1_ICSD_56541,11,mP4,2.48691,0.491672,157.138,11.8599,40.94,10.3327,4,5.37227,aflow_1c37631a1f4d2450.poscar
F2Hg2,aflow:85c2090d2826f35e,aflowlib.duke.edu:AFLOWDATA/ICSD_WEB/BCT/F2Hg2_ICSD_23719,139,tI8,2.48707,1.33384,191.885,11.7819,29.9839,12.4809,4,8.98308,aflow_85c2090d2826f35e.poscar
Ag1Cl1,aflow:59bce60e4ed76f05,aflowlib.duke.edu:AFLOWDATA/ICSD_WEB/FCC/Ag1Cl1_ICSD_157535,225,cF8,2.48733,0.615131,144.9,5.94038,40.6111,8.67015,2,5.37163,aflow_59bce60e4ed76f05.poscar
I6Pd1Rb2,aflow:49f47f6178dea1f9,aflowlib.duke.edu:AFLOWDATA/ICSD_WEB/FCC/I6Pd1Rb2_ICSD_92478,225,cF36,2.49292,0.263696,122.015,26.8126,10.0556,3.58791,9,4.64676,aflow_49f47f6178dea1f9.poscar
Ag2I2,aflow:008f8da25d4acde9,aflowlib.duke.edu:AFLOWDATA/ICSD_WEB/TET/Ag1I1_ICSD_28230,129,tP4,2.49393,0.562013,133.151,11.9,10.8325,4.23405,4,5.76754,aflow_008f8da25d4acde9.poscar
Cl2Hg2,aflow:7854022399e235d4,aflowlib.duke.edu:AFLOWDATA/ICSD_WEB/BCT/Cl2Hg2_ICSD_157979,139,tI8,2.49398,1.03633,165.153,11.8423,12.9243,6.36385,4,6.40886,aflow_7854022399e235d4.poscar
Ag8S4,aflow:4f3b9bdf5639c30e,aflowlib.duke.edu:AFLOWDATA/ICSD_WEB/ORC/Ag2S1_ICSD_262635,19,oP12,2.49462,0.337552,172.118,35.4759,61.6644,13.6319,12,7.20854,aflow_4f3b9bdf5639c30e.poscar
Ag1F1,aflow:bcee7bb7be81cfb8,aflowlib.duke.edu:AFLOWDATA/ICSD_WEB/FCC/Ag1F1_ICSD_18008,225,cF8,2.49835,0.404559,137.111,5.94686,55.1611,7.18921,2,6.68805,aflow_bcee7bb7be81cfb8.poscar
I6Rb2Sn1,aflow:feee15cf90b253fe,aflowlib.duke.edu:AFLOWDATA/ICSD_WEB/FCC/I6Rb2Sn1_ICSD_22104,225,cF36,2.49855,0.250113,118.009,26.8273,8.32778,3.49501,9,4.16578,aflow_feee15cf90b253fe.poscar
Ag8S4,aflow:cba87020a753df24,aflowlib.duke.edu:AFLOWDATA/ICSD_WEB/ORC/Ag2S1_ICSD_262634,19,oP12,2.50039,0.372196,177.999,35.438,55.8904,13.3255,12,7.2014,aflow_cba87020a753df24.poscar
Au1Yb1,aflow:0d57d1fc06190bdd,aflowlib.duke.edu:AFLOWDATA/ICSD_WEB/CUB/Au1Yb1_ICSD_58618,221,cP2,2.50098,0.915115,119.947,5.95782,45.1778,14.1942,2,12.4874,aflow_0d57d1fc06190bdd.poscar
Pd2Sr2Tl4,aflow:d13e19bd2ad8bff6,aflowlib.duke.edu:AFLOWDATA/ICSD_WEB/ORCC/Pd1Sr1Tl2_ICSD_165577,63,oS16,2.50364,0.514134,143.031,23.7568,39.7178,14.0579,8,9.4226,aflow_d13e19bd2ad8bff6.poscar
Cs8I24Sn4,aflow:460691dc51cf5b5d,aflowlib.duke.edu:AFLOWDATA/ICSD_WEB/FCC/Cs2I6Sn1_ICSD_22105,225,cF36,2.50365,0.103803,115.929,107.334,7.14444,3.27906,36,4.3412,aflow_460691dc51cf5b5d.poscar
Cl1Cs1,aflow:2904d0595c6c9cb0,aflowlib.duke.edu:AFLOWDATA/ICSD_WEB/FCC/Cl1Cs1_ICSD_52274,225,cF8,2.50445,0.470616,117.014,5.96593,12.2278,5.29048,2,3.16077,aflow_2904d0595c6c9cb0.poscar
Cu1Hf1Hg2,aflow:009e856d237a0cd3,aflowlib.duke.edu:AFLOWDATA/ICSD_WEB/FCC/Cu1Hf1Hg2_ICSD_102969,216,cF16,2.50532,0.638006,134.009,11.8885,100.961,15.6848,4,14.017,aflow_009e856d237a0cd3.poscar
Au2In1Ti1,aflow:1ddfba03085ef884,aflowlib.duke.edu:AFLOWDATA/ICSD_WEB/FCC/Au2In1Ti1_ICSD_58510,225,cF16,2.50533,0.768261,150.058,11.8584,117.9,17.8105,4,12.4547,aflow_1ddfba03085ef884.poscar
Er1Tl3,aflow:993875381dc84303,aflowlib.duke.edu:AFLOWDATA/ICSD_WEB/CUB/Er1Tl3_ICSD_103313,221,cP4,2.5065,0.372102,100.931,11.9395,47.7111,10.0798,4,12.0844,aflow_993875381dc84303.poscar
Au1Mn1Sn1,aflow:811264f479bddf2e,aflowlib.duke.edu:AFLOWDATA/ICSD_WEB/FCC/Au1Mn1Sn1_ICSD_240860,216,cF12,2.50956,1.13732,163.096,8.87835,68.0889,18.1898,3,8.92658,aflow_811264f479bddf2e.poscar
Au4S2,aflow:bedddf6b2193735f,aflowlib.duke.edu:AFLOWDATA/ICSD_WEB/CUB/Au2S1_ICSD_612282,224,cP6,2.51431,0.142596,90.0114,17.9268,59.3278,5.70553,6,9.20313,aflow_bedddf6b2193735f.poscar
Cs2I6Pd1,aflow:19472eb5d8f1ce4b,aflowlib.duke.edu:AFLOWDATA/ICSD_WEB/FCC/Cs2I6Pd1_ICSD_280190,225,cF36,2.51585,0.455577,141.907,26.7446,7.77222,4.48547,9,4.73146,aflow_19472eb5d8f1ce4b.poscar
Cl1Cs1,aflow:994aa0aa4d401c1a,aflowlib.duke.edu:AFLOWDATA/ICSD_WEB/CUB/Cl1Cs1_ICSD_22173,221,cP2,2.51604,0.722104,137.856,5.95407,14.6833,7.7355,2,3.76529,aflow_994aa0aa4d401c1a.poscar
Tl3Yb1,aflow:18fffe64abba004a,aflowlib.duke.edu:AFLOWDATA/ICSD_WEB/CUB/Tl3Yb1_ICSD_106199,221,cP4,2.51634,0.220066,84.0687,11.9605,41.2333,9.70633,4,11.1338,aflow_18fffe64abba004a.poscar
F1Rb1,aflow:94dbdbbca7eb0cb7,aflowlib.duke.edu:AFLOWDATA/ICSD_WEB/FCC/F1Rb1_ICSD_53828,225,cF8,2.52309,1.08407,195.273,5.89997,25.3278,11.9182,2,3.68744,aflow_94dbdbbca7eb0cb7.poscar
Ba1O3Pb1,aflow:279962d5dd496031,aflowlib.duke.edu:AFLOWDATA/ICSD_WEB/CUB/Ba1O3Pb1_ICSD_51659,221,cP5,2.52383,0.724576,185.98,14.7423,62.2,15.227,5,6.39138,aflow_279962d5dd496031.poscar
Pd4Sn4,aflow:29c48c41f22b9ed3,aflowlib.duke.edu:AFLOWDATA/ICSD_WEB/ORC/Pd1Sn1_ICSD_105683,62,oP8,2.52473,0.677527,178.916,23.6033,82.2332,18.5301,8,9.10292,aflow_29c48c41f22b9ed3.poscar
Au1Cd1Sb1,aflow:a20cea625ff11c69,aflowlib.duke.edu:AFLOWDATA/ICSD_WEB/FCC/Au1Cd1Sb1_ICSD_52663,216,cF12,2.52503,0.602338,124.925,8.92822,67.9,11.9432,3,9.68076,aflow_a20cea625ff11c69.poscar
In4K1,aflow:c3a69d5aafb4ec3a,aflowlib.duke.edu:AFLOWDATA/ICSD_WEB/BCT/In4K1_ICSD_51947,139,tI10,2.52505,0.755701,166.088,14.8094,25.4034,13.7645,5,5.31796,aflow_c3a69d5aafb4ec3a.poscar
Au1Cl3Cs1,aflow:3ea6e14c71841664,aflowlib.duke.edu:AFLOWDATA/ICSD_WEB/CUB/Au1Cl3Cs1_ICSD_27839,221,cP5,2.52834,0.590329,162.033,14.8126,34.1556,11.7102,5,5.13731,aflow_3ea6e14c71841664.poscar
Ag2Br2,aflow:2111503637117406,aflowlib.duke.edu:AFLOWDATA/ICSD_WEB/MCL/Ag1Br1_ICSD_56549,11,mP4,2.53228,0.46751,141.036,11.8878,39.3874,11.0564,4,6.30803,aflow_2111503637117406.poscar
Th1Tl3,aflow:1e89971673a1e76e,aflowlib.duke.edu:AFLOWDATA/ICSD_WEB/CUB/Th1Tl3_ICSD_106159,221,cP4,2.5333,0.823113,128.026,11.9004,59.8667,18.2616,4,12.0974,aflow_1e89971673a1e76e.poscar
Ag1Br1,aflow:acc935168652beb5,aflowlib.duke.edu:AFLOWDATA/ICSD_WEB/FCC/Ag1Br1_ICSD_157536,225,cF8,2.53447,0.636344,134.109,5.94932,38.6889,9.78566,2,6.2896,aflow_acc935168652beb5.poscar
Ag2Br2,aflow:dd18d74ff992ddea,aflowlib.duke.edu:AFLOWDATA/ICSD_WEB/MCL/Ag1Br1_ICSD_56550,11,mP4,2.53596,0.475994,141.96,11.8869,38.5124,10.9116,4,6.28176,aflow_dd18d74ff992ddea.poscar
Au8Cl24Cs8,aflow:d6af7b3d25cbc553,aflowlib.duke.edu:AFLOWDATA/ICSD_WEB/FCC/Au2Cl6Cs2_ICSD_24515,221,cP5,2.53684,0.58608,161.884,14.8122,34.0714,11.7159,40,5.13422,aflow_d6af7b3d25cbc553.poscar
F1Rb1,aflow:2c17cb0ad30f0780,aflowlib.duke.edu:AFLOWDATA/ICSD_WEB/CUB/F1Rb1_ICSD_43436,221,cP2,2.54019,0.943421,190.259,5.90694,29.1722,11.4269,2,4.21951,aflow_2c17cb0ad30f0780.poscar
Au2In1Th1,aflow:1752b716519862db,aflowlib.duke.edu:AFLOWDATA/ICSD_WEB/FCC/Au2In1Th1_ICSD_58509,225,cF16,2.54112,0.595008,123.012,11.906,96.9,14.9582,4,12.9279,aflow_1752b716519862db.poscar
Br6Cs2Dy2,aflow:b659c8ff13c927f7,aflowlib.duke.edu:AFLOWDATA/ICSD_WEB/TET/Br3Cs1Dy1_ICSD_300285,127,tP10,2.54195,0.316612,140.014,29.7199,26.224,9.92444,10,4.87671,aflow_b659c8ff13c927f7.poscar
Ag2Li1Sn1,aflow:d176291d7c976b5c,aflowlib.duke.edu:AFLOWDATA/ICSD_WEB/FCC/Ag2Li1Sn1_ICSD_151446,225,cF16,2.54649,0.82723,181.88,11.8088,53.0667,17.5022,4,7.38436,aflow_d176291d7c976b5c.poscar
Ag1I1,aflow:382493c94d1059f4,aflowlib.duke.edu:AFLOWDATA/ICSD_WEB/FCC/Ag1I1_ICSD_161581,225,cF8,2.55462,0.687118,125.912,5.95528,33.0778,10.1344,2,6.64221,aflow_382493c94d1059f4.poscar
Ag4Na2,aflow:94289761b4a9021a,aflowlib.duke.edu:AFLOWDATA/ICSD_WEB/FCC/Ag2Na1_ICSD_58337,227,cF24,2.55624,0.642048,185.081,17.7137,37.0,15.9328,6,5.96882,aflow_94289761b4a9021a.poscar
Br3Cs1Hg1,aflow:ab9819db1a35de1e,aflowlib.duke.edu:AFLOWDATA/ICSD_WEB/CUB/Br3Cs1Hg1_ICSD_24479,221,cP5,2.55675,0.344431,121.043,14.8986,23.5111,8.11402,5,5.20444,aflow_ab9819db1a35de1e.poscar
Au2Br6Cs2,aflow:cb9d3a6bb24bd9aa,aflowlib.duke.edu:AFLOWDATA/ICSD_WEB/BCT/Au2Br6Cs2_ICSD_170696,139,tI20,2.55699,0.452325,155.118,29.6573,10.9767,5.60005,10,5.21277,aflow_cb9d3a6bb24bd9aa.poscar
Hg1Mn1,aflow:6c932b2edf8a85f2,aflowlib.duke.edu:AFLOWDATA/ICSD_WEB/CUB/Hg1Mn1_ICSD_104321,221,cP2,2.56338,1.19396,154.016,5.93,60.6556,18.278,2,10.5056,aflow_6c932b2edf8a85f2.poscar
As4Pd20Sb4,aflow:56aa266086fc3805,aflowlib.duke.edu:AFLOWDATA/ICSD_WEB/FCC/As1Pd5Sb1_ICSD_30009,227,cF112,2.56641,0.202881,168.047,82.7705,137.506,17.2724,28,10.2968,aflow_56aa266086fc3805.poscar
Au6K2Sn6,aflow:e902b528d009aedb,aflowlib.duke.edu:AFLOWDATA/ICSD_WEB/ORC/Au3K1Sn3_ICSD_249645,59,oP14,2.56651,0.297897,141.046,41.5878,45.6248,13.3818,14,9.00047,aflow_e902b528d009aedb.poscar
Ag2I2,aflow:633450d95f48c396,aflowlib.duke.edu:AFLOWDATA/ICSD_WEB/MCL/Ag1I1_ICSD_56557,11,mP4,2.56681,0.481152,130.919,11.9029,33.6648,11.2584,4,6.644,aflow_633450d95f48c396.poscar
Au2Sn2,aflow:faa802d7779d1e57,aflowlib.duke.edu:AFLOWDATA/ICSD_WEB/HEX/Au1Sn1_ICSD_56262,194,hP4,2.57494,0.627925,132.95,11.8922,68.8832,15.5035,4,10.8216,aflow_faa802d7779d1e57.poscar
Cs3In9,aflow:006fb71322057339,aflowlib.duke.edu:AFLOWDATA/ICSD_WEB/BCT/Cs1In3_ICSD_102867,119,tI24,2.57809,0.36912,148.99,35.6387,21.6987,13.0319,12,5.37904,aflow_006fb71322057339.poscar
Cl6K2Mn1,aflow:7c7735b7d15de4be,aflowlib.duke.edu:AFLOWDATA/ICSD_WEB/FCC/Cl6K2Mn1_ICSD_9679,225,cF36,2.57825,0.739844,265.661,26.1166,11.9556,6.5614,9,2.34761,aflow_7c7735b7d15de4be.poscar
Li1Pb1Pd2,aflow:d5826e5e5181d54c,aflowlib.duke.edu:AFLOWDATA/ICSD_WEB/FCC/Li1Pb1Pd2_ICSD_104767,225,cF16,2.57831,0.57286,153.022,11.8582,88.0444,15.127,4,10.4441,aflow_d5826e5e5181d54c.poscar
Cl6Mn1Rb2,aflow:3f12ba2c85547573,aflowlib.duke.edu:AFLOWDATA/ICSD_WEB/FCC/Cl6Mn1Rb2_ICSD_9347,225,cF36,2.57863,0.669902,235.912,26.3125,10.4667,5.96607,9,2.7755,aflow_3f12ba2c85547573.poscar
Hg1Te1,aflow:180a54bb2831d9c4,aflowlib.duke.edu:AFLOWDATA/ICSD_WEB/FCC/Hg1Te1_ICSD_31842,225,cF8,2.58451,1.0645,131.972,5.94824,47.8611,14.6145,2,9.43692,aflow_180a54bb2831d9c4.poscar
Ag2In1Li1,aflow:a19cdea5f11fd86f,aflowlib.duke.edu:AFLOWDATA/ICSD_WEB/FCC/Ag2In1Li1_ICSD_171472,225,cF16,2.58499,0.62658,169.103,11.8373,52.9,14.8995,4,7.54744,aflow_a19cdea5f11fd86f.poscar
Au1Ga2,aflow:ad6f64d685ae95e7,aflowlib.duke.edu:AFLOWDATA/ICSD_WEB/FCC/Au1Ga2_ICSD_150958,225,cF12,2.6105,0.763058,153.916,8.89483,69.3167,16.3916,3,9.44453,aflow_ad6f64d685ae95e7.poscar
Au1Li2Tl1,aflow:26a5e98fb6349d60,aflowlib.duke.edu:AFLOWDATA/ICSD_WEB/FCC/Au1Li2Tl1_ICSD_58534,216,cF16,2.62879,0.34524,130.955,11.9077,42.6333,10.3824,4,9.24384,aflow_26a5e98fb6349d60.poscar
Hg6Y2,aflow:df470b37da361912,aflowlib.duke.edu:AFLOWDATA/ICSD_WEB/HEX/Hg3Y1_ICSD_639298,194,hP8,2.63095,0.469715,138.985,23.7709,61.9957,17.924,8,11.9299,aflow_df470b37da361912.poscar
Ag1Ga1,aflow:7ce7192fd654501b,aflowlib.duke.edu:AFLOWDATA/ICSD_WEB/CUB/Ag1Ga1_ICSD_104466,221,cP2,2.63599,0.881464,161.811,5.92472,55.2944,14.2609,2,8.00744,aflow_7ce7192fd654501b.poscar
Hg6Y2,aflow:9d32b4eb523876c1,aflowlib.duke.edu:AFLOWDATA/ICSD_WEB/HEX/Hg3Y1_ICSD_104369,194,hP8,2.63819,0.466969,139.011,23.7709,62.7056,18.151,8,11.9472,aflow_9d32b4eb523876c1.poscar
Au8In8Sr4,aflow:0befd8b449782996,aflowlib.duke.edu:AFLOWDATA/ICSD_WEB/ORC/Au2In2Sr1_ICSD_249563,62,oP20,2.63876,0.217179,139.913,59.4187,60.1841,15.9469,20,9.34876,aflow_0befd8b449782996.poscar
Hg33K3,aflow:ac7610d35123f5c5,aflowlib.duke.edu:AFLOWDATA/ICSD_WEB/CUB/Hg11K1_ICSD_410566,221,cP36,2.6434,0.0118133,53.9148,107.97,14.6389,3.3751,36,10.2956,aflow_ac7610d35123f5c5.poscar
Au3Rb2,aflow:bc97161f250b6c1d,aflowlib.duke.edu:AFLOWDATA/ICSD_WEB/ORCI/Au3Rb2_ICSD_106288,71,oI10,2.64383,0.486594,129.098,14.8852,29.8058,13.3758,5,8.46163,aflow_bc97161f250b6c1d.poscar
Dy2Hg6,aflow:880d42da8606b9a6,aflowlib.duke.edu:AFLOWDATA/ICSD_WEB/HEX/Dy1Hg3_ICSD_629833,194,hP8,2.65024,0.468047,135.061,23.783,63.3825,18.9735,8,13.2921,aflow_880d42da8606b9a6.poscar
Au2In1U1,aflow:fe6555ffb8a4b61f,aflowlib.duke.edu:AFLOWDATA/ICSD_WEB/FCC/Au2In1U1_ICSD_58512,225,cF16,2.65649,0.665201,131.985,11.8941,79.7778,17.5608,4,13.521,aflow_fe6555ffb8a4b61f.poscar
Ca16Hg36,aflow:fe8eeb1e2af8df90,aflowlib.duke.edu:AFLOWDATA/ICSD_WEB/CUB/Ca4Hg9_ICSD_107690,215,cP52,2.6565,0.0749358,118.935,154.983,34.7056,10.9298,52,9.468,aflow_fe8eeb1e2af8df90.poscar
Au3K2,aflow:6a88ba550e5d3b86,aflowlib.duke.edu:AFLOWDATA/ICSD_WEB/ORCI/Au3K2_ICSD_65113,71,oI10,2.6601,0.525211,140.078,14.8652,31.7726,13.1963,5,7.89777,aflow_6a88ba550e5d3b86.poscar
Au4Yb1,aflow:b9fafb23d95106e0,aflowlib.duke.edu:AFLOWDATA/ICSD_WEB/BCT/Au4Yb1_ICSD_58623,87,tI10,2.67255,0.530069,130.067,14.8725,74.8287,16.6462,5,15.9715,aflow_b9fafb23d95106e0.poscar
Se1Tl1,aflow:5ebc0f014499d22b,aflowlib.duke.edu:AFLOWDATA/ICSD_WEB/CUB/Se1Tl1_ICSD_52446,221,cP2,2.67262,0.164419,77.0145,5.98323,36.9111,4.1583,2,8.97365,aflow_5ebc0f014499d22b.poscar
Er2Hg6,aflow:5be93a21353066c1,aflowlib.duke.edu:AFLOWDATA/ICSD_WEB/HEX/Er1Hg3_ICSD_630671,194,hP8,2.67289,0.491895,138.055,23.774,63.4793,19.9126,8,13.4952,aflow_5be93a21353066c1.poscar
Au24Ge8Na8,aflow:167fbfd94006b341,aflowlib.duke.edu:AFLOWDATA/ICSD_WEB/CUB/Au3Ge1Na1_ICSD_16463,205,cP40,2.67366,0.217615,171.981,118.245,59.7748,19.4147,40,11.7134,aflow_167fbfd94006b341.poscar
Ag1Zn1,aflow:8695dbc1dce08b16,aflowlib.duke.edu:AFLOWDATA/ICSD_WEB/CUB/Ag1Zn1_ICSD_150570,221,cP2,2.68202,1.06593,179.097,5.90623,79.8833,18.4212,2,9.06404,aflow_8695dbc1dce08b16.poscar
Hg3Zr1,aflow:a68e4529694aa07f,aflowlib.duke.edu:AFLOWDATA/ICSD_WEB/CUB/Hg3Zr1_ICSD_104376,221,cP4,2.68336,0.569409,129.958,11.8961,83.0389,15.6695,4,13.0711,aflow_a68e4529694aa07f.poscar
Tl1,aflow:b097c396dc7bb87c,aflowlib.duke.edu:AFLOWDATA/ICSD_WEB/BCT/Tl1_ICSD_53778,139,tI2,2.69633,0.223914,64.0081,2.99454,29.6552,4.34377,1,11.1465,aflow_b097c396dc7bb87c.poscar
Hg1Pt3,aflow:7dcd5c1f1a8467d2,aflowlib.duke.edu:AFLOWDATA/ICSD_WEB/CUB/Hg1Pt3_ICSD_639147,221,cP4,2.71139,0.26108,99.9934,11.9358,187.328,11.7785,4,19.7204,aflow_7dcd5c1f1a8467d2.poscar
Cs6Hg40,aflow:978182b72d30a019,aflowlib.duke.edu:AFLOWDATA/ICSD_WEB/CUB/Cs3Hg20_ICSD_240038,223,cP46,2.71852,0.0137347,60.0049,137.965,13.6611,3.98971,46,9.59412,aflow_978182b72d30a019.poscar
Ba4Hg8Tl8,aflow:a2d550bade29107a,aflowlib.duke.edu:AFLOWDATA/ICSD_WEB/TET/Ba1Hg2Tl2_ICSD_260392,136,tP20,2.72125,0.123133,105.085,59.7017,29.8276,10.8115,20,9.99168,aflow_a2d550bade29107a.poscar
Au1Cd1,aflow:a9cd44a3b513cfa5,aflowlib.duke.edu:AFLOWDATA/ICSD_WEB/CUB/Au1Cd1_ICSD_151399,221,cP2,2.75426,0.60503,122.017,5.95564,88.95,13.6564,2,13.3308,aflow_a9cd44a3b513cfa5.poscar
Ca2Hg6,aflow:a74b412faa7fdc81,aflowlib.duke.edu:AFLOWDATA/ICSD_WEB/HEX/Ca1Hg3_ICSD_619356,194,hP8,2.76718,0.23846,116.996,23.8524,36.4153,11.4586,8,10.4061,aflow_a74b412faa7fdc81.poscar
Hg4K2,aflow:50b2883feb14cd6e,aflowlib.duke.edu:AFLOWDATA/ICSD_WEB/ORCI/Hg2K1_ICSD_104303,74,oI12,2.76869,0.0863275,78.0329,17.9616,13.1689,4.6596,6,7.19143,aflow_50b2883feb14cd6e.poscar
Au1In2,aflow:0c443f85eacd3890,aflowlib.duke.edu:AFLOWDATA/ICSD_WEB/FCC/Au1In2_ICSD_58489,225,cF12,2.7716,0.950417,155.939,8.89449,53.2056,19.7371,3,9.62204,aflow_0c443f85eacd3890.poscar
Au3Li1,aflow:c95606e8cb3cef5a,aflowlib.duke.edu:AFLOWDATA/ICSD_WEB/CUB/Au3Li1_ICSD_58525,221,cP4,2.78194,0.445481,133.06,11.8948,87.3778,15.8944,4,14.7603,aflow_c95606e8cb3cef5a.poscar
Ag1Cd1,aflow:1a5594f050f5eeaa,aflowlib.duke.edu:AFLOWDATA/ICSD_WEB/CUB/Ag1Cd1_ICSD_57360,221,cP2,2.78256,0.614437,137.911,5.94583,67.7056,13.1851,2,9.40884,aflow_1a5594f050f5eeaa.poscar
Au7Cd16Na6,aflow:ec21f32abca24cbd,aflowlib.duke.edu:AFLOWDATA/ICSD_WEB/FCC/Au7Cd16Na6_ICSD_261960,225,cF116,2.8019,0.145186,150.855,86.076,45.2167,13.9833,29,8.25671,aflow_ec21f32abca24cbd.poscar
Cd33Na6,aflow:0e4a5c866567f309,aflowlib.duke.edu:AFLOWDATA/ICSD_WEB/CUB/Cd11Na2_ICSD_421373,200,cP39,2.82858,0.168069,177.894,115.399,32.9737,16.7642,39,6.77067,aflow_0e4a5c866567f309.poscar
Au2Cd2,aflow:703198c6cbb0a2ac,aflowlib.duke.edu:AFLOWDATA/ICSD_WEB/ORC/Au1Cd1_ICSD_58409,51,oP4,2.8371,0.540213,140.029,11.8834,81.3592,16.7126,4,13.3291,aflow_703198c6cbb0a2ac.poscar
Au8In4K2,aflow:5f19656f2db2930a,aflowlib.duke.edu:AFLOWDATA/ICSD_WEB/BCT/Au4In2K1_ICSD_249221,140,tI28,2.84349,0.311537,152.027,41.5298,55.4159,17.7606,14,10.5819,aflow_5f19656f2db2930a.poscar
Ga2Pt1,aflow:230c711fe243b5af,aflowlib.duke.edu:AFLOWDATA/ICSD_WEB/FCC/Ga2Pt1_ICSD_103925,225,cF12,2.88869,0.440446,140.097,8.91145,116.061,13.5414,3,10.484,aflow_230c711fe243b5af.poscar
Pt2Tl4,aflow:6fb02c3d8b03524f,aflowlib.duke.edu:AFLOWDATA/ICSD_WEB/BCT/Pt1Tl2_ICSD_102797,140,tI12,2.95089,0.363046,123.963,17.8665,68.3399,16.9604,6,14.5641,aflow_6fb02c3d8b03524f.poscar
Hg6Yb2,aflow:8327a8c545989eb1,aflowlib.duke.edu:AFLOWDATA/ICSD_WEB/HEX/Hg3Yb1_ICSD_639305,194,hP8,2.9585,0.180828,104.902,23.8876,33.6729,11.1421,8,12.4063,aflow_8327a8c545989eb1.poscar
Hg33Rb3,aflow:3a84e674e05ac4e6,aflowlib.duke.edu:AFLOWDATA/ICSD_WEB/CUB/Hg11Rb1_ICSD_410567,221,cP36,3.06809,0.0115074,59.1191,107.958,14.3333,4.09618,36,10.3692,aflow_3a84e674e05ac4e6.poscar
Cd3In1,aflow:3bc3fc68c58fdd1f,aflowlib.duke.edu:AFLOWDATA/ICSD_WEB/CUB/Cd3In1_ICSD_109285,221,cP4,3.10098,0.127784,99.844,11.9515,47.7278,8.17173,4,7.98022,aflow_3bc3fc68c58fdd1f.poscar
Hg10Pd4,aflow:4bda491855920812,aflowlib.duke.edu:AFLOWDATA/ICSD_WEB/TET/Hg5Pd2_ICSD_104334,127,tP14,3.25283,0.0851389,105.068,41.7903,68.8621,10.628,14,13.6986,aflow_4bda491855920812.poscar
Hg2Mg1,aflow:765c3aff754dfd99,aflowlib.duke.edu:AFLOWDATA/ICSD_WEB/BCT/Hg2Mg1_ICSD_104319,139,tI6,3.28542,0.314324,123.156,8.95053,43.1007,12.574,3,10.4139,aflow_765c3aff754dfd99.poscar
Co2Se2Tl1,aflow:28175e4a7edddb12,aflowlib.duke.edu:AFLOWDATA/ICSD_WEB/BCT/Co2Se2Tl1_ICSD_95138,139,tI10,3.51209,0.734211,221.131,14.7352,35.1563,15.7678,5,7.87467,aflow_28175e4a7edddb12.poscar
