mb_id,formula,n_sites,K_VRH,G_VRH
mb-00000,Ca(AgGe)2,5,50.999999999999986,28.0
mb-00001,Ba(MgGe)2,5,42.99999999999999,33.0
mb-00002,Sr(CuSi)2,5,81.0,55.00000000000001
mb-00003,DyPd3,4,131.00000000000006,50.999999999999986
mb-00004,Ba(MgSi)2,5,48.99999999999999,39.99999999999999
mb-00005,TiAl,2,115.00000000000003,70.00000000000001
mb-00006,ErPd,2,99.0,30.999999999999996
mb-00007,TePd,4,98.0,20.000000000000004
mb-00008,MnNbSi,9,209.0000000000001,105.00000000000004
mb-00009,MgSO4,12,70.00000000000001,47.99999999999999
mb-00010,TmAl3,4,77.0,59.00000000000001
mb-00011,Ba3N,8,12.999999999999998,6.0
mb-00012,TlPd2Se3,12,21.0,12.000000000000002
mb-00013,TbCo3B2,6,209.0000000000001,118.00000000000003
mb-00014,CaHgO2,4,64.99999999999999,13.999999999999998
mb-00015,LuPt3,4,183.99999999999997,75.00000000000001
mb-00016,RbAuO2,8,28.0,12.000000000000002
mb-00017,RbCuO2,8,32.00000000000001,13.999999999999998
mb-00018,FeSb3,16,82.0,44.0
mb-00019,RbHg2,6,11.000000000000002,5.000000000000001
mb-00020,Ba3(AlSi)2,7,35.0,21.999999999999996
mb-00021,ZrSiRu,9,191.00000000000006,100.0
mb-00022,HoGa2Pd,8,93.99999999999997,47.99999999999999
mb-00023,Li2Sb,18,32.00000000000001,22.999999999999996
mb-00024,Rb(ThSe3)2,9,38.99999999999999,18.999999999999996
mb-00025,CaSbPt,12,82.0,35.0
mb-00026,Sr(SbPd)2,10,77.0,17.999999999999996
mb-00027,SiPd2,9,179.99999999999997,50.999999999999986
mb-00028,Te2Pd,3,52.999999999999986,21.999999999999996
mb-00029,CdSO4,12,58.00000000000001,26.0
mb-00030,Ca(AlGa)2,5,58.00000000000001,28.0
mb-00031,Y4C5,18,101.00000000000001,52.00000000000001
mb-00032,ErZnAsO,8,77.0,35.0
mb-00033,CsCu3S2,6,15.000000000000004,7.999999999999999
mb-00034,K2CuP,8,21.999999999999996,11.000000000000002
mb-00035,Ca3N2,40,68.00000000000001,34.0
mb-00036,Cs2KCuF6,10,33.0,13.999999999999998
mb-00037,YbAgSb,12,52.00000000000001,25.000000000000007
mb-00038,ZrCoP,12,193.00000000000006,115.00000000000003
mb-00039,CuBSe2,8,77.0,48.99999999999999
mb-00040,Yb3Ge5,8,26.0,29.0
mb-00041,Na3Cd,8,12.000000000000002,5.000000000000001
mb-00042,CsSbF6,8,15.000000000000004,5.000000000000001
mb-00043,Th2TeN2,5,84.99999999999999,37.99999999999999
mb-00044,LuAsO4,12,135.99999999999997,63.0
mb-00045,AlAgO2,8,154.0,60.0
mb-00046,ErF3,16,72.00000000000001,44.0
mb-00047,TiSiRh,12,187.00000000000003,88.00000000000001
mb-00048,Li2PdO3,12,105.00000000000004,57.00000000000001
mb-00049,Ti2MnBe,4,153.00000000000003,52.999999999999986
mb-00050,K3Cu3P2,8,28.0,12.000000000000002
mb-00051,RbLuO2,4,92.99999999999999,52.999999999999986
mb-00052,Ba3FeN3,14,33.0,18.999999999999996
mb-00053,RbTmO2,4,83.99999999999999,50.999999999999986
mb-00054,RbErO2,4,82.0,49.99999999999999
mb-00055,RbDyO2,4,79.99999999999999,47.99999999999999
mb-00056,NbAs2,6,124.00000000000003,90.00000000000003
mb-00057,Er(PRu)2,5,158.0,100.0
mb-00058,KPS3,10,9.0,1.0
mb-00059,Na5ReO6,12,64.99999999999999,36.0
mb-00060,Au2O3,10,81.0,37.99999999999999
mb-00061,Na2GeO3,12,52.999999999999986,28.0
mb-00062,NbSnS2,8,70.99999999999999,29.999999999999996
mb-00063,TiRe2W,4,285.0,146.00000000000003
mb-00064,K2ZnF4,7,44.0,21.0
mb-00065,Cd(PtO2)3,10,192.00000000000003,70.00000000000001
mb-00066,NaBeAs,6,45.00000000000001,33.0
mb-00067,K2ZnO2,10,42.99999999999999,11.000000000000002
mb-00068,Sr(MgSb)2,5,38.99999999999999,25.000000000000007
mb-00069,Ca(MgSb)2,5,38.99999999999999,26.0
mb-00070,Ag2S,6,12.000000000000002,7.0
mb-00071,Li(TiSe2)3,10,21.999999999999996,13.999999999999998
mb-00072,Ca(MgAs)2,5,49.99999999999999,36.0
mb-00073,SrAgAs,6,39.99999999999999,30.999999999999996
mb-00074,LiBeAs,6,54.000000000000014,37.99999999999999
mb-00075,As2Ru,6,149.0,105.00000000000004
mb-00076,SrZnSi,6,48.99999999999999,38.99999999999999
mb-00077,Ho2O3,40,144.99999999999997,64.99999999999999
mb-00078,TmCu,2,76.0,42.99999999999999
mb-00079,ScMnSi,9,118.00000000000003,75.00000000000001
mb-00080,ScFeGe,9,101.00000000000001,52.999999999999986
mb-00081,ZnGeN2,16,162.99999999999994,95.00000000000001
mb-00082,Ba3MnN3,14,34.0,21.0
mb-00083,Zn(PtO2)3,10,193.00000000000006,64.99999999999999
mb-00084,Li2Ca,12,16.0,9.0
mb-00085,Li3Pd,4,37.0,11.000000000000002
mb-00086,Rb3Sb2Au3,8,16.0,6.0
mb-00087,CaTiF6,8,49.99999999999999,25.000000000000007
mb-00088,TlPt2S3,12,29.0,16.0
mb-00089,BaNaBi,9,22.999999999999996,16.0
mb-00090,SmAlO3,20,181.00000000000003,109.99999999999997
mb-00091,LiPrGe,9,40.99999999999999,37.0
mb-00092,LiFeAs,6,68.00000000000001,39.99999999999999
mb-00093,TlTe3Pt2,12,21.999999999999996,15.000000000000004
mb-00094,NaPrO2,8,89.0,38.99999999999999
mb-00095,ScSiPt,12,149.0,60.0
mb-00096,K2AgSb,8,13.999999999999998,9.0
mb-00097,NaAlO2,16,81.0,45.00000000000001
mb-00098,Tm2Fe2Si2C,7,135.99999999999997,85.99999999999999
mb-00099,SmF3,16,111.99999999999997,47.99999999999999
mb-00100,KBi2,6,29.999999999999996,3.0
mb-00101,Ba3(AlSn)2,7,30.999999999999996,20.000000000000004
mb-00102,BaAsPt,12,68.99999999999999,22.999999999999996
mb-00103,Sr3(AlSn)2,7,36.0,25.000000000000007
mb-00104,SrAsPt,6,72.00000000000001,29.999999999999996
mb-00105,Y2Al3Si2,7,85.99999999999999,64.99999999999999
mb-00106,Ba(NiP)2,5,75.00000000000001,37.0
mb-00107,NaLiS,6,29.999999999999996,23.999999999999993
mb-00108,Li4TiO4,18,79.99999999999999,42.99999999999999
mb-00109,KI,2,10.0,6.0
mb-00110,ZrGeSb,6,98.0,73.0
mb-00111,SmInPd,9,75.00000000000001,29.0
mb-00112,Li5Mg,6,17.0,7.0
mb-00113,RbAsF6,8,27.000000000000004,3.0
mb-00114,Ca(BRh)2,10,148.00000000000003,56.00000000000001
mb-00115,Na3PSO3,16,37.99999999999999,21.0
mb-00116,K2NaAlP2,12,28.0,17.0
mb-00117,Sr(CdAs)2,5,46.0,28.0
mb-00118,Sr(ZnAs)2,5,54.000000000000014,33.0
mb-00119,KYO2,4,79.99999999999999,49.99999999999999
mb-00120,MgCuP,12,93.99999999999997,47.99999999999999
mb-00121,Li3LaP2,6,57.00000000000001,44.0
mb-00122,LaNi2B2C,6,81.0,81.0
mb-00123,BAsO4,6,46.0,40.99999999999999
mb-00124,NaYF4,12,63.999999999999986,35.0
mb-00125,RbAuS,6,13.999999999999998,6.0
mb-00126,ErCd3,8,55.00000000000001,27.000000000000004
mb-00127,CrP4,10,124.00000000000003,100.0
mb-00128,Sc(CoSi)2,5,158.99999999999994,90.00000000000003
mb-00129,Mn2NbAl,4,189.99999999999994,99.0
mb-00130,Er2TlAg,4,63.0,21.999999999999996
mb-00131,SmNiGe2,8,101.99999999999999,46.0
mb-00132,YbAl2,6,55.00000000000001,40.99999999999999
mb-00133,Ba2UMnO6,10,103.99999999999997,52.00000000000001
mb-00134,MnGaCo2,4,189.99999999999994,79.99999999999999
mb-00135,RbAu3Se2,6,5.000000000000001,5.000000000000001
mb-00136,Sr2B4Rh5,11,148.00000000000003,78.99999999999999
mb-00137,Zr6FeTe2,9,114.00000000000003,60.0
mb-00138,CaAs,12,47.99999999999999,29.0
mb-00139,CsNa2BO3,14,47.00000000000001,21.999999999999996
mb-00140,Ba3NaN,10,11.000000000000002,3.0
mb-00141,TlSbF6,8,7.999999999999999,6.0
mb-00142,AlCuCl4,12,12.000000000000002,6.0
mb-00143,Ba2ZrO4,7,106.00000000000004,56.00000000000001
mb-00144,KRb2ScF6,10,20.000000000000004,13.999999999999998
mb-00145,LuGeAu,6,107.00000000000001,42.00000000000001
mb-00146,ScNbOs2,4,225.99999999999991,114.00000000000003
mb-00147,HfBeSi,6,148.00000000000003,118.00000000000003
mb-00148,KNbO3,5,102.99999999999996,40.99999999999999
mb-00149,HfCoAs,12,181.00000000000003,92.00000000000001
mb-00150,BaLi2(MgGe)2,7,34.0,29.999999999999996
mb-00151,Th(FeSi)2,5,154.0,88.00000000000001
mb-00152,CaNi4B,12,133.0,61.000000000000014
mb-00153,Sr2MgSi2O7,24,85.99999999999999,42.99999999999999
mb-00154,Sr4P2O,7,67.0,34.0
mb-00155,BaTiF6,8,48.99999999999999,21.999999999999996
mb-00156,BaSnF6,8,45.00000000000001,20.000000000000004
mb-00157,KZnSb,6,23.999999999999993,17.0
mb-00158,NaLiTe,12,25.000000000000007,16.0
mb-00159,Tm(SiRh)2,5,159.99999999999991,86.99999999999999
mb-00160,Ba(MgP)2,5,50.999999999999986,37.99999999999999
mb-00161,K4HgP2,7,17.0,9.0
mb-00162,Na4CdP2,7,16.0,12.999999999999998
mb-00163,ScGeAu,6,100.0,44.0
mb-00164,BaSn,4,28.0,16.0
mb-00165,ZnPtF6,8,35.0,22.999999999999996
mb-00166,CaPtF6,8,15.000000000000004,13.999999999999998
mb-00167,Ba2HfS4,7,58.00000000000001,29.999999999999996
mb-00168,Na2CuP,8,34.0,20.000000000000004
mb-00169,YInNi,9,85.99999999999999,34.0
mb-00170,KZnP,6,36.0,26.0
mb-00171,K2Au3,5,35.0,15.000000000000004
mb-00172,Ba(PPd)2,5,61.000000000000014,30.999999999999996
mb-00173,SmGa2Co,8,85.99999999999999,42.00000000000001
mb-00174,Tb2C,3,61.000000000000014,27.000000000000004
mb-00175,TmAgSn,6,67.0,39.99999999999999
mb-00176,Sm(BC)2,10,170.99999999999991,124.99999999999994
mb-00177,CaGa,4,35.0,23.999999999999993
mb-00178,ZrAsRu,9,187.00000000000003,83.99999999999999
mb-00179,KCuTe,6,29.0,17.999999999999996
mb-00180,SmCdAu2,4,79.99999999999999,2.0
mb-00181,Sm2CuIr,4,111.00000000000004,32.00000000000001
mb-00182,Eu(CoSi)2,5,93.99999999999997,78.99999999999999
mb-00183,CaPdPb,9,57.00000000000001,25.000000000000007
mb-00184,PF5,12,6.0,3.0
mb-00185,KCuSe,6,34.0,21.999999999999996
mb-00186,NaCuSe,6,40.99999999999999,20.000000000000004
mb-00187,Rb2PtF6,9,21.999999999999996,10.0
mb-00188,Sr(CdSb)2,5,37.0,18.999999999999996
mb-00189,KScO2,4,98.0,62.0
mb-00190,As3Rh,16,116.00000000000003,72.00000000000001
mb-00191,KTlO2,4,88.00000000000001,27.000000000000004
mb-00192,RbTlO2,4,115.00000000000003,38.99999999999999
mb-00193,BaGa2,3,35.0,23.999999999999993
mb-00194,CaPdF4,12,74.00000000000001,29.999999999999996
mb-00195,CoBMo,12,305.00000000000006,178.00000000000003
mb-00196,Ba(CdSb)2,5,36.0,17.999999999999996
mb-00197,NpSO,6,99.0,38.99999999999999
mb-00198,Sc2TlAg,4,72.00000000000001,30.999999999999996
mb-00199,ThSO,6,135.0,63.0
mb-00200,Al2HgTe4,7,26.0,16.0
mb-00201,BaPt5,6,148.00000000000003,63.0
mb-00202,Sr(ZnSb)2,5,42.00000000000001,17.999999999999996
mb-00203,Ca(CdSb)2,5,38.99999999999999,20.000000000000004
mb-00204,Ba(ZnP)2,5,55.00000000000001,29.0
mb-00205,BPd2,6,179.00000000000006,47.99999999999999
mb-00206,K3AuO,5,18.999999999999996,12.000000000000002
mb-00207,PrNiC2,4,138.0,83.99999999999999
mb-00208,KZnAs,6,30.999999999999996,21.999999999999996
mb-00209,KHgAs,6,26.0,17.999999999999996
mb-00210,SbPd2,12,126.99999999999999,38.99999999999999
mb-00211,TlClO4,6,52.999999999999986,7.0
mb-00212,Pd4Se,10,138.99999999999997,37.0
mb-00213,NaTeAu,6,29.999999999999996,5.000000000000001
mb-00214,Yb(CdSb)2,5,40.99999999999999,21.0
mb-00215,NaAlGe,6,36.0,20.000000000000004
mb-00216,Ta2NbIr,4,237.00000000000006,107.00000000000001
mb-00217,TiP,8,138.99999999999997,91.00000000000001
mb-00218,KAgF4,12,27.000000000000004,11.000000000000002
mb-00219,ThP,2,114.00000000000003,54.000000000000014
mb-00220,YAs,2,75.00000000000001,50.999999999999986
mb-00221,ScGeRu,9,153.00000000000003,83.99999999999999
mb-00222,ScGaIr2,4,191.00000000000006,86.99999999999999
mb-00223,CuGeRh2,4,199.00000000000009,67.0
mb-00224,Ba4As2O,7,37.0,21.999999999999996
mb-00225,Sb2Au,12,70.99999999999999,23.999999999999993
mb-00226,BaCuSeF,8,64.99999999999999,21.0
mb-00227,TlF,8,4.0,3.0
mb-00228,ScCu,2,81.0,42.99999999999999
mb-00229,Ba(CuO)2,10,58.00000000000001,21.999999999999996
mb-00230,MgRh,2,115.00000000000003,58.00000000000001
mb-00231,Ca3Ni7B2,12,102.99999999999996,54.000000000000014
mb-00232,SmErIn2,4,58.00000000000001,21.999999999999996
mb-00233,LiCuO2,4,81.0,39.99999999999999
mb-00234,Sr(AgSn)2,5,39.99999999999999,23.999999999999993
mb-00235,Sr(SiAu)2,5,93.99999999999997,38.99999999999999
mb-00236,Ca3VN3,14,86.99999999999999,49.99999999999999
mb-00237,Ca(SiAu)2,5,92.99999999999999,35.0
mb-00238,Ba(SbO3)2,9,75.00000000000001,42.00000000000001
mb-00239,Ca(SbO3)2,9,105.00000000000004,48.99999999999999
mb-00240,Sr(ZnGe)2,5,55.00000000000001,23.999999999999993
mb-00241,Sr(CoGe)2,5,74.00000000000001,49.99999999999999
mb-00242,RbCuO,12,26.0,11.000000000000002
mb-00243,BaAgAs,6,42.99999999999999,28.0
mb-00244,CsTbS2,4,42.99999999999999,25.000000000000007
mb-00245,NdTlAg2,4,63.0,16.0
mb-00246,Ta2CS2,5,35.0,25.000000000000007
mb-00247,NaTmS2,4,47.99999999999999,30.999999999999996
mb-00248,CdCuF4,12,84.99999999999999,30.999999999999996
mb-00249,V3AsC,10,191.00000000000006,78.99999999999999
mb-00250,Mg3(TiAl9)2,46,78.99999999999999,50.999999999999986
mb-00251,Ba(BRh)2,5,86.99999999999999,49.99999999999999
mb-00252,YSiAu,6,92.99999999999999,44.0
mb-00253,ScSiAu,6,112.99999999999994,63.0
mb-00254,Yb3In3Ge2Au,9,52.00000000000001,37.99999999999999
mb-00255,ZnCO3,10,117.00000000000001,48.99999999999999
mb-00256,Cs2NbF6,9,20.000000000000004,9.0
mb-00257,P2Pt,12,177.00000000000009,117.00000000000001
mb-00258,Rb2NbF6,9,22.999999999999996,11.000000000000002
mb-00259,Sr4Cu2O7,26,95.00000000000001,52.999999999999986
mb-00260,Li(CuP)2,5,91.00000000000001,36.0
mb-00261,K2NaInF6,10,103.99999999999997,9.0
mb-00262,Sc2SO2,10,140.00000000000006,67.0
mb-00263,SiO2,48,27.000000000000004,34.0
mb-00264,YCo3B2,6,204.99999999999994,123.00000000000003
mb-00265,Mg2Ni3P,6,130.00000000000006,68.99999999999999
mb-00266,Gd(NiP)2,5,141.99999999999994,82.0
mb-00267,Cs2HgF4,7,20.000000000000004,12.999999999999998
mb-00268,Rb2HgF4,7,34.0,13.999999999999998
mb-00269,ScZnRh2,4,148.00000000000003,61.000000000000014
mb-00270,DyMgCd2,4,54.000000000000014,25.000000000000007
mb-00271,CeAsPd,6,83.00000000000001,37.99999999999999
mb-00272,Cs2LiGaF6,10,30.999999999999996,16.0
mb-00273,CeZn3Cu2,6,92.00000000000001,45.00000000000001
mb-00274,ZrSO,12,130.00000000000006,49.99999999999999
mb-00275,Ti6Al16Pt7,29,136.99999999999997,57.00000000000001
mb-00276,SnSe2,3,15.000000000000004,10.0
mb-00277,PrMgGa,9,49.99999999999999,37.99999999999999
mb-00278,HoNi2B2C,6,175.0,74.00000000000001
mb-00279,Cs2HgO2,5,20.000000000000004,9.0
mb-00280,Sm3Hg,8,44.0,17.999999999999996
mb-00281,LaSi,8,66.00000000000001,44.0
mb-00282,Li(Co3P2)2,11,199.00000000000009,96.99999999999999
mb-00283,Rb2MgF4,7,39.99999999999999,21.0
mb-00284,SrSiPd,12,68.00000000000001,21.0
mb-00285,ZrAlAu2,4,135.0,15.000000000000004
mb-00286,CrTe2,24,29.999999999999996,13.999999999999998
mb-00287,ErCdCu4,6,89.0,50.999999999999986
mb-00288,RbNaS,6,12.999999999999998,12.000000000000002
mb-00289,Ba2CuO3,6,81.0,38.99999999999999
mb-00290,Ca4As2O,7,52.999999999999986,39.99999999999999
mb-00291,Zr2NiAs2,10,138.99999999999997,68.00000000000001
mb-00292,Cr2N,9,285.0,140.00000000000006
mb-00293,Pm2CuSn,4,64.99999999999999,20.000000000000004
mb-00294,Er2In,6,59.00000000000001,27.000000000000004
mb-00295,Si3MoPt2,12,183.99999999999997,91.00000000000001
mb-00296,TaAl3,4,133.0,103.99999999999997
mb-00297,V4GeSe8,13,55.00000000000001,36.0
mb-00298,V2N,9,267.0000000000001,141.99999999999994
mb-00299,Ca3CdO4,8,102.99999999999996,62.0
mb-00300,ScCo2Sn,4,135.99999999999997,74.00000000000001
mb-00301,YTaRu2,4,178.00000000000003,63.999999999999986
mb-00302,Na3VO4,16,45.00000000000001,17.0
mb-00303,Er2O3,40,148.00000000000003,67.0
mb-00304,Hf(CuP)2,5,133.0,64.99999999999999
mb-00305,K2AgP,8,22.999999999999996,11.000000000000002
mb-00306,Ba2SbAu,4,30.999999999999996,17.0
mb-00307,Mn3Si,4,204.0,99.0
mb-00308,Yb4As2O,7,63.0,45.00000000000001
mb-00309,Li15Ge4,38,28.0,18.999999999999996
mb-00310,Sr3(AlSi)2,7,42.99999999999999,30.999999999999996
mb-00311,YbAl2Cu,12,68.00000000000001,40.99999999999999
mb-00312,Cu2SiTe3,12,52.00000000000001,25.000000000000007
mb-00313,CsAuO,12,21.999999999999996,9.0
mb-00314,CsAgBr3,5,26.0,10.0
mb-00315,InP,2,59.00000000000001,30.999999999999996
mb-00316,Y(Sn3Ru2)2,11,119.99999999999996,56.00000000000001
mb-00317,ScPS4,12,7.999999999999999,6.0
mb-00318,TbB2,3,162.99999999999994,144.99999999999997
mb-00319,CsAuO2,8,26.0,10.0
mb-00320,LiNbN2,16,111.99999999999997,58.00000000000001
mb-00321,SmCd3,8,56.00000000000001,21.0
mb-00322,PrSi,8,77.0,49.99999999999999
mb-00323,NdSi,8,75.00000000000001,52.999999999999986
mb-00324,HfZr,2,101.00000000000001,42.00000000000001
mb-00325,Na2LiAlP2,24,39.99999999999999,28.0
mb-00326,LiGe,16,39.99999999999999,21.999999999999996
mb-00327,ThSi2,3,106.00000000000004,47.00000000000001
mb-00328,Er2Si2O7,11,162.99999999999994,63.999999999999986
mb-00329,Ce2MgSi2,10,54.000000000000014,47.99999999999999
mb-00330,Al2HgSe4,7,32.00000000000001,18.999999999999996
mb-00331,RbHF2,8,21.999999999999996,10.0
mb-00332,Na2Pd3O4,9,92.99999999999999,35.0
mb-00333,In2HgSe4,7,37.0,10.0
mb-00334,Sc2GaCu,4,84.99999999999999,46.0
mb-00335,Sc2Sb,6,73.0,39.99999999999999
mb-00336,K2H6Pt,9,16.0,9.0
mb-00337,NiMoP,9,240.99999999999997,95.00000000000001
mb-00338,SnRh2,12,177.00000000000009,55.00000000000001
mb-00339,ZrZnRh2,4,174.00000000000009,61.000000000000014
mb-00340,K3BP2,12,17.999999999999996,7.0
mb-00341,ZnSb,16,47.99999999999999,28.0
mb-00342,LiPm2Ir,4,79.99999999999999,27.000000000000004
mb-00343,La2S3,20,68.99999999999999,32.00000000000001
mb-00344,InOF,12,118.99999999999996,59.00000000000001
mb-00345,Sr3FeN3,14,56.00000000000001,33.0
mb-00346,Sr(Si3N4)2,30,148.00000000000003,99.0
mb-00347,Ta2O5,14,199.00000000000009,61.000000000000014
mb-00348,RbHgF3,5,50.999999999999986,15.000000000000004
mb-00349,LiP,16,40.99999999999999,27.000000000000004
mb-00350,Ti2MnRh,4,189.99999999999994,81.0
mb-00351,CaNdZn2,4,49.99999999999999,26.0
mb-00352,PtPb4,10,45.00000000000001,13.999999999999998
mb-00353,Np3S5,32,74.00000000000001,45.00000000000001
mb-00354,GeAs,12,20.000000000000004,15.000000000000004
mb-00355,Sr(NO3)2,36,32.00000000000001,12.000000000000002
mb-00356,BaDyCuTe3,12,37.0,16.0
mb-00357,BaSb3,8,27.000000000000004,17.0
mb-00358,Lu2TlAg,4,64.99999999999999,20.000000000000004
mb-00359,Li(Fe3Ge2)2,11,135.0,64.99999999999999
mb-00360,SrGe3Pd,5,55.00000000000001,27.000000000000004
mb-00361,Ta2PdSe6,9,17.999999999999996,9.0
mb-00362,NaZn13,28,63.999999999999986,45.00000000000001
mb-00363,CaSb2,6,35.0,17.0
mb-00364,Sr(GePd)2,5,62.0,34.0
mb-00365,CaGeN2,8,107.00000000000001,29.999999999999996
mb-00366,CsBi2,6,27.000000000000004,7.999999999999999
mb-00367,Rb3BAs2,12,15.000000000000004,6.0
mb-00368,TaNi2Te3,12,17.999999999999996,10.0
mb-00369,MgAs4,20,42.99999999999999,25.000000000000007
mb-00370,BaSb2Pd,8,55.00000000000001,23.999999999999993
mb-00371,ErCo3B2,6,217.00000000000003,123.00000000000003
mb-00372,Sr3(AlP2)2,18,52.999999999999986,29.999999999999996
mb-00373,Li13Si4,34,32.00000000000001,28.0
mb-00374,TiSi,8,146.00000000000003,99.0
mb-00375,InCuPt2,4,171.99999999999991,61.000000000000014
mb-00376,Sr(BIr)2,10,167.0,72.00000000000001
mb-00377,LiSn4Rh,12,63.999999999999986,39.99999999999999
mb-00378,Ba2FeReO6,10,124.99999999999994,75.00000000000001
mb-00379,Pm2ZnGe,4,60.0,27.000000000000004
mb-00380,YbSe,2,52.00000000000001,36.0
mb-00381,CeHg2,3,56.00000000000001,29.0
mb-00382,Ba(ZnAs)2,20,50.999999999999986,28.0
mb-00383,ScTe,4,63.0,33.0
mb-00384,TiFeSi,18,182.99999999999991,109.00000000000004
mb-00385,Al2Te5,7,6.0,5.000000000000001
mb-00386,Sr(GeIr)2,5,109.00000000000004,64.99999999999999
mb-00387,Pr3(CuSn)4,11,74.00000000000001,47.99999999999999
mb-00388,Mn2VGe,4,223.99999999999997,105.00000000000004
mb-00389,Y3Pt,16,56.00000000000001,18.999999999999996
mb-00390,Yb2PdAu,4,55.00000000000001,25.000000000000007
mb-00391,LiTiPO5,32,96.0,58.00000000000001
mb-00392,HfMnRh2,4,177.00000000000009,68.00000000000001
mb-00393,ErGa2,3,72.00000000000001,49.99999999999999
mb-00394,Rb2NbCl6,9,10.0,4.0
mb-00395,TcS2,12,26.0,17.999999999999996
mb-00396,CaSiPd,12,66.00000000000001,33.0
mb-00397,Ca5(AlSb3)2,26,38.99999999999999,22.999999999999996
mb-00398,Li2CdAu,4,37.0,17.0
mb-00399,KMgSb,6,22.999999999999996,13.999999999999998
mb-00400,KSO2F,10,12.000000000000002,7.0
mb-00401,Na2ZrSe3,12,35.0,21.999999999999996
mb-00402,Li5(NiN)3,11,78.99999999999999,47.00000000000001
mb-00403,CrTe4Au,6,27.000000000000004,22.999999999999996
mb-00404,Y2AgRu,4,90.00000000000003,34.0
mb-00405,CaVO3,20,167.0,85.99999999999999
mb-00406,VH2,3,175.0,91.00000000000001
mb-00407,Mg2PdRh,4,107.00000000000001,52.999999999999986
mb-00408,ZrO2,12,182.99999999999991,84.99999999999999
mb-00409,Y2CdS4,14,62.0,21.999999999999996
mb-00410,CdGeAs2,8,52.00000000000001,27.000000000000004
mb-00411,Li2In,6,23.999999999999993,25.000000000000007
mb-00412,Ho2MgGe2,10,76.0,56.00000000000001
mb-00413,ZnAs2,24,50.999999999999986,29.0
mb-00414,Y4Se3N2,9,68.99999999999999,37.0
mb-00415,TaTiRu2,4,231.00000000000009,78.99999999999999
mb-00416,ZrSb2,24,81.0,49.99999999999999
mb-00417,LaAs,2,64.99999999999999,39.99999999999999
mb-00418,Er(CoB)2,5,144.99999999999997,111.99999999999997
mb-00419,HoBi,2,52.999999999999986,32.00000000000001
mb-00420,Ni(BMo)2,5,296.0000000000001,179.00000000000006
mb-00421,OsPbO3,20,159.99999999999991,73.0
mb-00422,CaMgSiO4,28,101.00000000000001,54.000000000000014
mb-00423,Ca2CoN2,10,70.00000000000001,37.0
mb-00424,CaN6,14,45.00000000000001,21.999999999999996
mb-00425,Ir3Se8,11,83.99999999999999,55.00000000000001
mb-00426,YB2C,32,177.00000000000009,140.00000000000006
mb-00427,K4BeP2,7,11.000000000000002,9.0
mb-00428,LiPN2,8,143.00000000000003,98.0
mb-00429,LaB2Rh2C,6,204.0,55.00000000000001
mb-00430,ZrInAu,3,111.99999999999997,46.0
mb-00431,K2Te2Pt,5,21.999999999999996,10.0
mb-00432,Rb2PtSe2,5,28.0,13.999999999999998
mb-00433,K2PtSe2,5,28.0,13.999999999999998
mb-00434,NbSe2,6,22.999999999999996,13.999999999999998
mb-00435,YbAgGe,9,49.99999999999999,29.999999999999996
mb-00436,DyB2Ru3,6,207.00000000000003,106.00000000000004
mb-00437,La3TlC,5,63.0,39.99999999999999
mb-00438,KBaPO4,28,54.000000000000014,26.0
mb-00439,MnGaPt,6,122.00000000000004,37.99999999999999
mb-00440,SiP2,24,12.000000000000002,10.0
mb-00441,Na3Mn2SbO6,12,96.99999999999999,52.00000000000001
mb-00442,Nb2AsC,8,205.99999999999994,118.99999999999996
mb-00443,RbAgO,12,23.999999999999993,10.0
mb-00444,NaMoO2,4,93.99999999999997,63.0
mb-00445,Te4Mo3,14,33.0,13.999999999999998
mb-00446,Nb2PC,8,223.99999999999997,140.00000000000006
mb-00447,NbNiB,6,238.99999999999991,140.00000000000006
mb-00448,MgAgF3,10,74.00000000000001,33.0
mb-00449,Na3AlAs2,12,22.999999999999996,12.999999999999998
mb-00450,Mn2N,12,197.99999999999991,99.0
mb-00451,TiFeTe,3,153.00000000000003,79.99999999999999
mb-00452,ErSi2Rh3,12,164.00000000000003,92.00000000000001
mb-00453,Y(Al2Cu)4,13,101.00000000000001,60.0
mb-00454,Fe2Re3,20,250.99999999999991,101.00000000000001
mb-00455,YGe,4,82.0,54.000000000000014
mb-00456,ScGe,4,89.0,57.00000000000001
mb-00457,ScSi,4,101.00000000000001,70.00000000000001
mb-00458,Ti2CdC,8,111.99999999999997,52.999999999999986
mb-00459,Ti2GeC,8,153.00000000000003,103.99999999999997
mb-00460,Sc2CoIr,4,143.00000000000003,66.00000000000001
mb-00461,V2GeC,8,179.99999999999997,101.00000000000001
mb-00462,AlCr2C,8,189.00000000000006,134.00000000000003
mb-00463,HfAs,8,126.99999999999999,66.00000000000001
mb-00464,HfP,8,148.00000000000003,85.99999999999999
mb-00465,Fe2O3,40,178.00000000000003,78.99999999999999
mb-00466,MnNbGe,9,179.99999999999997,82.0
mb-00467,USbSe,6,70.00000000000001,37.0
mb-00468,UPSe,6,77.99999999999999,35.0
mb-00469,Sr2ZnN2,5,66.00000000000001,35.0
mb-00470,MgRhF6,8,27.000000000000004,27.000000000000004
mb-00471,SrRhF6,8,37.99999999999999,25.000000000000007
mb-00472,Cs2ZrCl6,9,9.0,4.0
mb-00473,Tl(CuS)2,5,42.00000000000001,16.0
mb-00474,La3Co,16,35.0,12.000000000000002
mb-00475,DyCo3B2,6,207.00000000000003,119.99999999999996
mb-00476,Ca(AlSi)2,5,62.0,40.99999999999999
mb-00477,CoPtO2,4,179.00000000000006,59.00000000000001
mb-00478,Lu2Mo2C3,7,165.99999999999997,90.00000000000003
mb-00479,Ca3(SiIr)4,11,132.00000000000006,50.999999999999986
mb-00480,Sc2Si2O7,11,158.99999999999994,72.00000000000001
mb-00481,NiSeO4,12,68.99999999999999,42.00000000000001
mb-00482,TbRhO3,20,186.00000000000009,67.0
mb-00483,NdCoSi2,8,118.00000000000003,62.0
mb-00484,LaRhO3,20,173.00000000000003,58.00000000000001
mb-00485,Zn(GaTe2)2,7,28.0,18.999999999999996
mb-00486,ZnSO4,24,68.00000000000001,32.00000000000001
mb-00487,Na3AlP2,12,28.0,16.0
mb-00488,BaCuAs,6,52.999999999999986,33.0
mb-00489,Hf2NiP,8,167.0,93.99999999999997
mb-00490,Ca3AsCl3,7,38.99999999999999,23.999999999999993
mb-00491,SmSnAu2,4,82.0,18.999999999999996
mb-00492,YbSnPd,12,64.99999999999999,26.0
mb-00493,YAlGe,6,79.99999999999999,54.000000000000014
mb-00494,Li2CO3,12,55.00000000000001,27.000000000000004
mb-00495,SrCO3,20,60.0,29.999999999999996
mb-00496,HfSnRh,18,146.99999999999997,63.999999999999986
mb-00497,Si4Rh3,28,179.99999999999997,88.00000000000001
mb-00498,NaZnF3,20,83.99999999999999,32.00000000000001
mb-00499,ThTi2O6,9,156.99999999999994,63.0
mb-00500,Y2Si2O7,11,138.99999999999997,59.00000000000001
mb-00501,CrSiTe3,10,12.999999999999998,9.0
mb-00502,SrZnO2,16,90.00000000000003,48.99999999999999
mb-00503,Tb2Al3Si2,7,85.99999999999999,63.999999999999986
mb-00504,Ag2SO4,14,47.99999999999999,11.000000000000002
mb-00505,BaRuO3,15,105.00000000000004,39.99999999999999
mb-00506,MgPd5,6,138.99999999999997,42.99999999999999
mb-00507,Mg2As2O7,11,103.99999999999997,47.99999999999999
mb-00508,SrAs3,8,33.0,21.999999999999996
mb-00509,SrSnO3,20,138.0,74.00000000000001
mb-00510,NdNiGe2,8,83.99999999999999,48.99999999999999
mb-00511,AlPd2,12,158.0,50.999999999999986
mb-00512,YAl3Ni2,18,112.99999999999994,68.00000000000001
mb-00513,YbPPt,3,92.00000000000001,38.99999999999999
mb-00514,Na2ZrO3,24,82.0,50.999999999999986
mb-00515,ThCdAu2,4,96.99999999999999,20.000000000000004
mb-00516,ThCdAg2,4,83.00000000000001,18.999999999999996
mb-00517,CaNdCd2,4,42.00000000000001,20.000000000000004
mb-00518,HgF,4,38.99999999999999,15.000000000000004
mb-00519,PrSiRu,6,77.99999999999999,46.0
mb-00520,ScAlCo2,4,148.00000000000003,91.00000000000001
mb-00521,Cs2RbInF6,10,57.00000000000001,23.999999999999993
mb-00522,Cs2CaBr4,7,16.0,6.0
mb-00523,Tb2Cr2C3,7,149.0,68.00000000000001
mb-00524,Sm2Fe2Si2C,7,127.99999999999999,72.00000000000001
mb-00525,Sr6Sn2NF,10,77.0,45.00000000000001
mb-00526,Ca6Sn2NF,10,7.0,47.00000000000001
mb-00527,PrTe2,6,52.00000000000001,22.999999999999996
mb-00528,ThO2,3,188.00000000000009,88.00000000000001
mb-00529,CdCu2GeS4,16,67.0,28.0
mb-00530,C,16,118.00000000000003,91.00000000000001
mb-00531,Na(BH)6,52,10.0,6.0
mb-00532,Cs2KPbF6,10,115.00000000000003,12.999999999999998
mb-00533,Cs2CaCl4,7,12.000000000000002,9.0
mb-00534,Rb2NaInF6,10,52.00000000000001,36.0
mb-00535,Li7MnN4,96,79.99999999999999,68.99999999999999
mb-00536,Mn(CrSe2)2,7,47.00000000000001,29.999999999999996
mb-00537,Tm2Cr2C3,7,167.0,77.0
mb-00538,Rb2BrCl6F,10,25.000000000000007,12.000000000000002
mb-00539,Cs2NaMgF6,10,105.00000000000004,17.999999999999996
mb-00540,K4Br2O,7,17.0,9.0
mb-00541,Cs2LiTlF6,10,29.0,25.000000000000007
mb-00542,Rb2TlInCl6,10,21.999999999999996,7.999999999999999
mb-00543,Rb2NaTlF6,10,26.0,29.0
mb-00544,FeBr2,3,10.0,5.000000000000001
mb-00545,Cs2TlFeF6,10,83.99999999999999,29.999999999999996
mb-00546,LuCo2,6,126.99999999999999,34.0
mb-00547,Rb2NaSbCl6,10,18.999999999999996,7.999999999999999
mb-00548,Ba6Tl2NCl,10,21.0,10.0
mb-00549,Ti2AlRe,4,171.99999999999991,72.00000000000001
mb-00550,Rb2NaSbF6,10,44.0,17.999999999999996
mb-00551,Sr6Sn2NO,10,13.999999999999998,17.999999999999996
mb-00552,LiMnPt2,4,114.00000000000003,48.99999999999999
mb-00553,Cs2TlInF6,10,28.0,27.000000000000004
mb-00554,Cs2AlInH6,10,111.00000000000004,13.999999999999998
mb-00555,NaTl2InF6,10,128.99999999999994,39.99999999999999
mb-00556,HfGeO4,12,231.00000000000009,91.00000000000001
mb-00557,Rb2TlInF6,10,7.0,13.999999999999998
mb-00558,CsVN2,8,103.99999999999997,42.99999999999999
mb-00559,KRb2InCl6,10,12.000000000000002,3.0
mb-00560,YMgCd2,4,52.00000000000001,25.000000000000007
mb-00561,Rb2NaAsF6,10,7.999999999999999,25.000000000000007
mb-00562,LaWN3,10,170.00000000000006,57.00000000000001
mb-00563,Sr4ZrN4,18,70.99999999999999,29.0
mb-00564,Mg3Ru2,20,107.00000000000001,50.999999999999986
mb-00565,Ca2Sn3O8,13,107.00000000000001,45.00000000000001
mb-00566,Cs2ICl6F,10,20.000000000000004,6.0
mb-00567,LiTl2InCl6,10,21.999999999999996,11.000000000000002
mb-00568,MgWF6,8,21.999999999999996,28.0
mb-00569,PrBS3,20,52.999999999999986,21.999999999999996
mb-00570,RbTiAsO5,64,66.00000000000001,37.99999999999999
mb-00571,PrSi2Ag,8,88.00000000000001,56.00000000000001
mb-00572,MnZnF6,8,77.99999999999999,39.99999999999999
mb-00573,ZnFeF6,8,21.999999999999996,17.0
mb-00574,ZnWF6,8,101.00000000000001,30.999999999999996
mb-00575,Li3PS4,32,21.0,11.000000000000002
mb-00576,Y3Si6N11,40,143.00000000000003,93.99999999999997
mb-00577,MgSnF6,8,48.99999999999999,23.999999999999993
mb-00578,MgNiSb,3,85.99999999999999,42.00000000000001
mb-00579,Cs2NaScF6,10,18.999999999999996,29.999999999999996
mb-00580,Zr5Te4,9,67.0,36.0
mb-00581,Rb(FeAs)2,5,48.99999999999999,26.0
mb-00582,Ca6In2NF,10,20.000000000000004,17.0
mb-00583,LiZrIr2,4,158.0,48.99999999999999
mb-00584,LiSiIr2,4,295.0,101.99999999999999
mb-00585,TbAu3,8,95.00000000000001,27.000000000000004
mb-00586,BaSO4,24,52.00000000000001,18.999999999999996
mb-00587,TlNO3,40,21.0,7.0
mb-00588,SmSi2Rh,8,126.99999999999999,42.00000000000001
mb-00589,RbTaO3,20,68.99999999999999,27.000000000000004
mb-00590,YPt,8,108.00000000000004,35.0
mb-00591,RbBF4,24,17.0,7.0
mb-00592,NaSbS2,8,22.999999999999996,15.000000000000004
mb-00593,SrSO4,24,59.00000000000001,23.999999999999993
mb-00594,Y2Si4Mo3,18,156.0,98.0
mb-00595,Li2TiO3,24,109.99999999999997,73.0
mb-00596,Mg2SiO4,28,118.99999999999996,74.00000000000001
mb-00597,Cu3PSe4,16,63.999999999999986,28.0
mb-00598,Sb2S3,20,16.0,9.0
mb-00599,SmPt,8,92.99999999999999,30.999999999999996
mb-00600,Y2Si4CN6,52,167.0,101.00000000000001
mb-00601,Cs2CO3,24,20.000000000000004,7.0
mb-00602,SmSi2Ni,8,121.00000000000006,68.00000000000001
mb-00603,CaSn,4,37.99999999999999,21.999999999999996
mb-00604,CaIr2,6,162.99999999999994,59.00000000000001
mb-00605,ThSi2Ni,8,138.99999999999997,77.0
mb-00606,Ca5Al2(SiN4)2,68,126.00000000000001,74.00000000000001
mb-00607,TmPt,8,114.00000000000003,35.0
mb-00608,Hg,2,7.999999999999999,4.0
mb-00609,LaSi2Ag,8,88.00000000000001,55.00000000000001
mb-00610,CaMgPb,12,36.0,26.0
mb-00611,NbZn3,4,118.99999999999996,70.99999999999999
mb-00612,EuZnGe,6,42.99999999999999,37.0
mb-00613,BaAsPd,3,59.00000000000001,25.000000000000007
mb-00614,Y2Cr2C3,7,160.99999999999994,74.00000000000001
mb-00615,PbCl2,6,29.0,7.999999999999999
mb-00616,PbBr2,6,22.999999999999996,7.0
mb-00617,TmNbRu2,4,178.00000000000003,74.00000000000001
mb-00618,Li2H2Pd,5,46.0,30.999999999999996
mb-00619,RbYbF3,5,60.0,30.999999999999996
mb-00620,Lu2Fe2Si2C,7,140.99999999999991,84.99999999999999
mb-00621,Li2PmTl,4,37.99999999999999,30.999999999999996
mb-00622,Ir2S3,10,168.0,85.99999999999999
mb-00623,Rb2Bi2O5,9,59.00000000000001,35.0
mb-00624,ZnMoF6,8,96.99999999999999,29.0
mb-00625,Mg2Al4Si5O18,58,122.00000000000004,49.99999999999999
mb-00626,EuClO,6,52.999999999999986,21.999999999999996
mb-00627,CoBr2,3,11.000000000000002,4.0
mb-00628,K(Cu2As)2,7,52.00000000000001,18.999999999999996
mb-00629,Li2GePbS4,8,42.00000000000001,18.999999999999996
mb-00630,Yb(As2Rh3)2,11,170.00000000000006,60.0
mb-00631,Ba(PRh)2,5,88.00000000000001,44.0
mb-00632,Li(SiRh)2,10,156.99999999999994,70.00000000000001
mb-00633,RbCdF3,5,68.00000000000001,13.999999999999998
mb-00634,Ba(AgS)2,5,49.99999999999999,20.000000000000004
mb-00635,InPS4,6,17.999999999999996,11.000000000000002
mb-00636,TmAl2,6,82.0,62.0
mb-00637,CoPt,4,215.9999999999999,108.00000000000004
mb-00638,PdPtF6,8,35.0,20.000000000000004
mb-00639,SrSnP,6,5.000000000000001,16.0
mb-00640,NaLaAu2,4,70.00000000000001,16.0
mb-00641,LaI2,3,11.000000000000002,7.0
mb-00642,K2Se,3,16.0,7.999999999999999
mb-00643,Eu(PRh)2,5,132.00000000000006,70.00000000000001
mb-00644,Ce2Re2Si2C,7,121.00000000000006,60.0
mb-00645,SrAcZn2,4,33.0,22.999999999999996
mb-00646,MnS2,3,18.999999999999996,16.0
mb-00647,Au2S,6,63.999999999999986,12.000000000000002
mb-00648,Ca(ClO3)2,36,21.999999999999996,12.999999999999998
mb-00649,Na5SiP3,36,29.999999999999996,17.0
mb-00650,CaSiO3,60,92.00000000000001,47.00000000000001
mb-00651,La2SiO5,32,98.0,42.99999999999999
mb-00652,Cu3AsSe4,8,62.0,21.999999999999996
mb-00653,Tm(CoGe)2,5,130.00000000000006,68.99999999999999
mb-00654,Ca5(InSb3)2,26,36.0,21.0
mb-00655,TmPd3,4,138.99999999999997,45.00000000000001
mb-00656,YBPt2,12,158.99999999999994,50.999999999999986
mb-00657,CePd7,8,153.00000000000003,49.99999999999999
mb-00658,CsSnSe3,10,12.000000000000002,6.0
mb-00659,Th(CuSi)2,5,131.00000000000006,73.0
mb-00660,K(FeAs)2,5,47.99999999999999,22.999999999999996
mb-00661,Yb(CuSi)2,5,77.0,56.00000000000001
mb-00662,SrAsPd,6,63.0,27.000000000000004
mb-00663,Sr4Sb2O,7,37.0,28.0
mb-00664,CaZn2,6,45.00000000000001,23.999999999999993
mb-00665,ThTeO,6,84.99999999999999,33.0
mb-00666,KIO4,12,20.000000000000004,11.000000000000002
mb-00667,Cu12Sb4S13,29,59.00000000000001,12.999999999999998
mb-00668,NiSb2,6,88.00000000000001,42.00000000000001
mb-00669,Er(CoSi)2,5,148.00000000000003,95.00000000000001
mb-00670,YMgGa,9,60.0,47.99999999999999
mb-00671,Cs2CN2,15,17.999999999999996,4.0
mb-00672,NdNi4B,12,148.00000000000003,68.99999999999999
mb-00673,V2PC,8,226.9999999999999,149.0
mb-00674,ZrGeO4,12,202.00000000000006,84.99999999999999
mb-00675,Sm,4,37.0,22.999999999999996
mb-00676,PuF3,8,116.00000000000003,32.00000000000001
mb-00677,NpRh3,4,209.99999999999991,76.0
mb-00678,Ba2Cd,3,13.999999999999998,9.0
mb-00679,Ba2Hg,3,16.0,9.0
mb-00680,Er2InAg,4,68.99999999999999,22.999999999999996
mb-00681,SrLiN,6,54.000000000000014,28.0
mb-00682,HfMoP,9,207.99999999999997,121.00000000000006
mb-00683,CdO,2,126.00000000000001,45.00000000000001
mb-00684,Cs2O,3,5.000000000000001,2.0
mb-00685,AsPd2,12,122.00000000000004,29.0
mb-00686,K2PdF6,9,23.999999999999993,9.0
mb-00687,CsSmO2,8,68.99999999999999,36.0
mb-00688,RbSmO2,4,70.00000000000001,42.00000000000001
mb-00689,RbGdO2,4,72.00000000000001,42.99999999999999
mb-00690,RbNdO2,4,68.00000000000001,39.99999999999999
mb-00691,BaY2F8,11,78.99999999999999,32.00000000000001
mb-00692,Ba4Y(CuO3)3,34,103.99999999999997,50.999999999999986
mb-00693,LaCoGe,6,63.0,36.0
mb-00694,Cs2ZrF6,9,21.0,9.0
mb-00695,TmB2,3,174.00000000000009,165.99999999999997
mb-00696,Ba(AgSn)2,5,47.00000000000001,12.999999999999998
mb-00697,YbCu5,6,88.00000000000001,44.0
mb-00698,Sr(CdGe)2,5,27.000000000000004,7.999999999999999
mb-00699,Sr(SiAg)2,5,60.0,42.99999999999999
mb-00700,Mg2PtRh,4,118.99999999999996,59.00000000000001
mb-00701,Sr(AgGe)2,5,47.00000000000001,29.999999999999996
mb-00702,ErInNi4,6,146.99999999999997,56.00000000000001
mb-00703,Nb5SiSn2,16,161.99999999999994,83.00000000000001
mb-00704,Li2HfO3,12,106.00000000000004,68.00000000000001
mb-00705,Co(BW)2,5,334.99999999999994,207.99999999999997
mb-00706,Li3As,8,35.0,29.999999999999996
mb-00707,KAsF6,8,39.99999999999999,12.999999999999998
mb-00708,Ca(HO)2,5,20.000000000000004,22.999999999999996
mb-00709,ThSb2,6,73.0,29.999999999999996
mb-00710,Ho2Cr2C3,7,167.0,72.00000000000001
mb-00711,K2PAu,8,21.0,9.0
mb-00712,K2NiP2,10,21.0,13.999999999999998
mb-00713,TmNi2B2C,6,194.99999999999991,74.00000000000001
mb-00714,YNi4B,12,156.0,75.00000000000001
mb-00715,TaGe2,9,144.00000000000003,101.99999999999999
mb-00716,BeO,4,207.99999999999997,156.0
mb-00717,WOF4,6,12.999999999999998,7.999999999999999
mb-00718,K2ReF6,9,29.999999999999996,16.0
mb-00719,TmSi2Ni,8,121.00000000000006,63.999999999999986
mb-00720,Pr2SO2,5,100.0,52.999999999999986
mb-00721,Th(SiOs)2,5,183.99999999999997,96.0
mb-00722,YAgSn,6,85.99999999999999,42.00000000000001
mb-00723,Ca(FeP)2,5,89.0,78.99999999999999
mb-00724,Zr3As2,20,126.00000000000001,61.000000000000014
mb-00725,LiIn(IO3)4,18,29.0,20.000000000000004
mb-00726,HoCo3B2,6,215.00000000000003,122.00000000000004
mb-00727,Ho(SiRu)2,5,158.99999999999994,78.99999999999999
mb-00728,K3Co2F7,12,63.999999999999986,28.0
mb-00729,GdFeO3,20,101.00000000000001,70.00000000000001
mb-00730,Pr(AgGe)2,5,70.00000000000001,42.00000000000001
mb-00731,Er(SiPd)2,5,131.00000000000006,50.999999999999986
mb-00732,Sm(NiGe)2,5,109.00000000000004,46.0
mb-00733,SiNi3,4,215.00000000000003,102.99999999999996
mb-00734,USeO,6,103.99999999999997,58.00000000000001
mb-00735,Ti3InC,5,144.99999999999997,92.00000000000001
mb-00736,KTcO3,5,111.99999999999997,92.00000000000001
mb-00737,NaInO2,4,90.00000000000003,57.00000000000001
mb-00738,Nd2SO2,5,105.00000000000004,55.00000000000001
mb-00739,TmTl3,4,46.0,11.000000000000002
mb-00740,Zn(RhO2)2,14,174.00000000000009,58.00000000000001
mb-00741,GaNi3,4,179.99999999999997,77.0
mb-00742,Li3GaN2,48,99.0,88.00000000000001
mb-00743,NbI2O,8,12.999999999999998,7.999999999999999
mb-00744,Ca(CoP)2,5,101.00000000000001,79.99999999999999
mb-00745,NaReO4,12,25.000000000000007,10.0
mb-00746,Ti2SnC,8,135.0,92.00000000000001
mb-00747,ZrGeTe,6,58.00000000000001,44.0
mb-00748,LiTl,2,30.999999999999996,16.0
mb-00749,Sr(NiGe)2,5,72.00000000000001,36.0
mb-00750,ScGa3,4,73.0,34.0
mb-00751,Pr(CoSi)2,5,118.00000000000003,84.99999999999999
mb-00752,PrH3,4,83.99999999999999,42.00000000000001
mb-00753,YbCuGe,6,46.0,35.0
mb-00754,MnFeO3,40,164.00000000000003,75.00000000000001
mb-00755,Y(NiGe)2,5,106.00000000000004,50.999999999999986
mb-00756,CoPt3,4,220.99999999999994,91.00000000000001
mb-00757,ThSiAu,3,121.00000000000006,62.0
mb-00758,U(SiRh)2,5,161.99999999999994,84.99999999999999
mb-00759,Yb(SiNi)2,5,93.99999999999997,56.00000000000001
mb-00760,ScNiBi,3,89.0,52.999999999999986
mb-00761,Y(MnSi)2,5,127.99999999999999,76.0
mb-00762,CaCuSb,6,52.00000000000001,34.0
mb-00763,CeAsS,12,67.0,55.00000000000001
mb-00764,TbCdAu2,4,89.0,20.000000000000004
mb-00765,TiSb2,6,89.0,54.000000000000014
mb-00766,Cd2PdRh,4,123.00000000000003,45.00000000000001
mb-00767,HfZnNi2,4,150.99999999999994,48.99999999999999
mb-00768,Sr(CoP)2,5,84.99999999999999,45.00000000000001
mb-00769,LiTi2O4,14,132.00000000000006,64.99999999999999
mb-00770,NbCu3Te4,8,29.999999999999996,20.000000000000004
mb-00771,BiBr3,16,4.0,2.0
mb-00772,DyAlNi,9,100.0,33.0
mb-00773,CdSnAs2,8,47.00000000000001,22.999999999999996
mb-00774,Sc3FeC4,8,178.00000000000003,119.99999999999996
mb-00775,Mg2B24C,54,209.0000000000001,197.0
mb-00776,TbCoC2,4,168.0,95.00000000000001
mb-00777,CaAu5,6,99.0,27.000000000000004
mb-00778,MgGeRh2,4,160.99999999999994,68.00000000000001
mb-00779,Ce(FeSi)2,5,144.00000000000003,76.0
mb-00780,K2PtF6,9,26.0,10.0
mb-00781,Ce(MnSi)2,5,124.00000000000003,74.00000000000001
mb-00782,Ti3SiC2,12,183.99999999999997,138.99999999999997
mb-00783,BaZn,2,21.0,15.000000000000004
mb-00784,NbB2,3,287.00000000000006,194.99999999999991
mb-00785,Dy(BC)2,10,181.99999999999994,126.99999999999999
mb-00786,K2UO4,7,61.000000000000014,29.999999999999996
mb-00787,Sc2CuPt,4,112.99999999999994,40.99999999999999
mb-00788,LaSnAu2,4,68.99999999999999,22.999999999999996
mb-00789,Pr(SiOs)2,5,144.00000000000003,86.99999999999999
mb-00790,Ca(NiGe)2,5,90.00000000000003,39.99999999999999
mb-00791,Sr(PRu)2,5,78.99999999999999,57.00000000000001
mb-00792,ErZrSb,6,72.00000000000001,36.0
mb-00793,LiZnAg2,4,63.0,18.999999999999996
mb-00794,ReF7,16,6.0,3.0
mb-00795,Ca(SiNi)2,5,103.99999999999997,56.00000000000001
mb-00796,GdSF,6,89.0,49.99999999999999
mb-00797,ThSiO4,12,170.00000000000006,63.0
mb-00798,Li4Ti5O12,42,108.00000000000004,60.0
mb-00799,LuAu3,8,111.00000000000004,30.999999999999996
mb-00800,U2SbN2,5,98.0,47.00000000000001
mb-00801,Li2Pd,3,47.99999999999999,21.0
mb-00802,ErSi,4,95.00000000000001,67.0
mb-00803,Ho(GeRu)2,5,122.00000000000004,59.00000000000001
mb-00804,Ho(SiNi)2,5,144.00000000000003,72.00000000000001
mb-00805,DyAsO4,12,126.99999999999999,55.00000000000001
mb-00806,Zn(GaO2)2,14,168.99999999999997,77.99999999999999
mb-00807,CrSi2,3,194.99999999999991,171.99999999999991
mb-00808,Li3YN2,48,81.0,44.0
mb-00809,Ti2SbP,8,114.00000000000003,70.99999999999999
mb-00810,Dy(CuSi)2,5,103.99999999999997,76.0
mb-00811,LaSi3Ir,5,124.99999999999994,67.0
mb-00812,ScPt,2,135.99999999999997,39.99999999999999
mb-00813,U(SiOs)2,5,200.00000000000003,77.99999999999999
mb-00814,HoAlNi,9,73.0,29.999999999999996
mb-00815,GaAg2,9,70.99999999999999,18.999999999999996
mb-00816,NdSiRu,6,82.0,47.00000000000001
mb-00817,Nd(CoP)2,5,117.00000000000001,84.99999999999999
mb-00818,Dy(SiRh)2,5,162.99999999999994,88.00000000000001
mb-00819,HfSiRu2,4,223.99999999999997,106.00000000000004
mb-00820,Sb2Pt,12,103.99999999999997,54.000000000000014
mb-00821,MgAlRh2,4,156.99999999999994,84.99999999999999
mb-00822,DyPO4,12,138.99999999999997,61.000000000000014
mb-00823,Sm2Tl,6,46.0,18.999999999999996
mb-00824,Ti3AlC2,12,158.99999999999994,126.00000000000001
mb-00825,CaAgAs,9,52.999999999999986,36.0
mb-00826,SrIn4Ni,12,47.00000000000001,27.000000000000004
mb-00827,NaNbO2,8,146.00000000000003,96.99999999999999
mb-00828,NdSF,6,93.99999999999997,48.99999999999999
mb-00829,Ti2Pd,3,141.99999999999994,62.0
mb-00830,Nd(CuSi)2,5,103.99999999999997,75.00000000000001
mb-00831,Ho(SiOs)2,5,170.99999999999991,83.99999999999999
mb-00832,B13C2,15,222.0000000000001,158.99999999999994
mb-00833,Pm2SnHg,4,64.99999999999999,18.999999999999996
mb-00834,Sr3B3N5,22,68.99999999999999,26.0
mb-00835,Tb(SiIr)2,5,171.99999999999991,106.00000000000004
mb-00836,Cs2WO4,14,21.0,7.0
mb-00837,Er(FeB)2,5,117.00000000000001,78.99999999999999
mb-00838,DyZrSb,6,83.00000000000001,35.0
mb-00839,Ti2CS,8,179.99999999999997,134.00000000000003
mb-00840,ZnSnAs2,8,52.00000000000001,29.999999999999996
mb-00841,MoN,16,326.99999999999994,195.99999999999994
mb-00842,NbBr3O,20,7.999999999999999,4.0
mb-00843,RbHO,6,21.0,10.0
mb-00844,BaCl2,3,28.0,11.000000000000002
mb-00845,NaNdHg2,4,40.99999999999999,13.999999999999998
mb-00846,SmAs,2,70.99999999999999,47.00000000000001
mb-00847,Ho2IrRh,4,124.99999999999994,48.99999999999999
mb-00848,Eu(NiP)2,5,122.00000000000004,75.00000000000001
mb-00849,SmYAg2,4,57.00000000000001,22.999999999999996
mb-00850,SmTmTl2,4,52.00000000000001,17.0
mb-00851,MgFeRh2,4,154.99999999999997,73.0
mb-00852,TaFeO4,12,168.0,61.000000000000014
mb-00853,NaI,2,16.0,7.999999999999999
mb-00854,KErO2,4,91.00000000000001,52.999999999999986
mb-00855,BeCo,2,194.99999999999991,118.00000000000003
mb-00856,Na3Sb,8,13.999999999999998,11.000000000000002
mb-00857,GeSe,8,21.0,13.999999999999998
mb-00858,RbScO2,8,95.00000000000001,55.00000000000001
mb-00859,ThSe2,12,77.99999999999999,27.000000000000004
mb-00860,CePPd,6,105.00000000000004,52.00000000000001
mb-00861,LiSi,16,52.00000000000001,34.0
mb-00862,NaCrO2,4,119.99999999999996,79.99999999999999
mb-00863,NaTiS2,4,52.00000000000001,37.0
mb-00864,Ca5Si3,16,40.99999999999999,28.0
mb-00865,Rb2PtS2,5,32.00000000000001,17.0
mb-00866,NaNbSe2,8,61.000000000000014,37.99999999999999
mb-00867,KNbS2,8,73.0,44.0
mb-00868,NaNbS2,8,75.00000000000001,47.99999999999999
mb-00869,LiNbS2,8,83.00000000000001,57.00000000000001
mb-00870,BaCdO2,16,79.99999999999999,36.0
mb-00871,Zr3(Cu2Si)2,9,138.0,75.00000000000001
mb-00872,CaPdF6,8,17.0,15.000000000000004
mb-00873,MgPdF6,8,32.00000000000001,27.000000000000004
mb-00874,HfGeS,6,126.99999999999999,82.0
mb-00875,HfGeSe,6,111.99999999999997,74.00000000000001
mb-00876,HfSiS,6,135.0,92.00000000000001
mb-00877,ZrPd3,16,168.99999999999997,78.99999999999999
mb-00878,LiCd2Pt,4,83.00000000000001,18.999999999999996
mb-00879,SrSc2O4,28,140.00000000000006,81.0
mb-00880,Cs2NpO4,7,45.00000000000001,30.999999999999996
mb-00881,Cs2CuF4,7,37.0,16.0
mb-00882,TmGa5Co,7,92.00000000000001,47.99999999999999
mb-00883,Er2B4C,7,168.99999999999997,126.99999999999999
mb-00884,ScGa5Co,7,91.00000000000001,48.99999999999999
mb-00885,ErGa5Co,7,100.0,42.99999999999999
mb-00886,Hf4Al3,7,123.00000000000003,85.99999999999999
mb-00887,InPPt5,7,234.00000000000006,61.000000000000014
mb-00888,Cs2PuO4,7,30.999999999999996,20.000000000000004
mb-00889,Dy2SO2,5,124.99999999999994,64.99999999999999
mb-00890,Eu2TiO4,7,122.00000000000004,70.00000000000001
mb-00891,HfGa5Co,7,86.99999999999999,47.00000000000001
mb-00892,ScGa5Ni,7,90.00000000000003,40.99999999999999
mb-00893,Ho2B4C,7,164.00000000000003,127.99999999999999
mb-00894,Rb2CuF4,7,37.0,21.999999999999996
mb-00895,Ti3B4,7,225.0000000000001,212.99999999999994
mb-00896,Hf(VGa2)2,7,131.00000000000006,91.00000000000001
mb-00897,K2PuO4,7,72.00000000000001,26.0
mb-00898,LuGa5Co,7,92.00000000000001,46.0
mb-00899,SrTiO3,10,168.0,101.99999999999999
mb-00900,K2TeO3,12,28.0,15.000000000000004
mb-00901,EuAl3Cu2,6,77.0,55.00000000000001
mb-00902,Ta2TcMo,4,194.99999999999991,112.99999999999994
mb-00903,Y4GaCo4,9,84.99999999999999,29.0
mb-00904,ScGaCo2,4,149.0,83.99999999999999
mb-00905,NaH2N,16,9.0,5.000000000000001
mb-00906,CoMoP2,8,197.99999999999991,111.00000000000004
mb-00907,Sc2RuRh,4,140.00000000000006,59.00000000000001
mb-00908,TiGaPd,6,121.00000000000006,45.00000000000001
mb-00909,Zr2TlC,8,44.0,81.0
mb-00910,HoCr2Si2C,6,159.99999999999991,111.00000000000004
mb-00911,PrNiSb,6,82.0,35.0
mb-00912,HoCuSn,6,72.00000000000001,52.999999999999986
mb-00913,RbAgCl3,5,32.00000000000001,12.999999999999998
mb-00914,CrF5,24,7.999999999999999,4.0
mb-00915,ErCoSi2,8,118.00000000000003,58.00000000000001
mb-00916,SrCuO2,8,88.00000000000001,42.00000000000001
mb-00917,AlVCo2,4,192.00000000000003,98.0
mb-00918,Tb2B4C,7,161.99999999999994,124.00000000000003
mb-00919,YGa5Co,7,63.999999999999986,49.99999999999999
mb-00920,Na2Ti2As2O,7,62.0,13.999999999999998
mb-00921,V3Ni,8,201.00000000000009,92.99999999999999
mb-00922,ZnAsPt5,7,184.99999999999997,68.99999999999999
mb-00923,AlNi3,4,177.00000000000009,84.99999999999999
mb-00924,Tl2CuF4,7,26.0,10.0
mb-00925,NaP,16,28.0,12.999999999999998
mb-00926,YbSi2Ni,8,86.99999999999999,57.00000000000001
mb-00927,SiSnPt5,7,184.99999999999997,70.99999999999999
mb-00928,Ti2Sn3,20,86.99999999999999,47.99999999999999
mb-00929,SrAgO2,8,77.0,29.999999999999996
mb-00930,AlAsPt5,7,209.0000000000001,59.00000000000001
mb-00931,TbGa5Co,7,82.0,52.999999999999986
mb-00932,Rb2ZnF4,7,48.99999999999999,17.0
mb-00933,KCaCO3F,7,49.99999999999999,29.0
mb-00934,GaAgTe2,8,40.99999999999999,17.0
mb-00935,BaCuO2,8,77.0,33.0
mb-00936,NdS,2,81.0,34.0
mb-00937,YbTe,2,39.99999999999999,26.0
mb-00938,Ca2Si,12,37.0,21.999999999999996
mb-00939,Li2SiO3,12,76.0,50.999999999999986
mb-00940,Y2AlNi2,5,89.0,34.0
mb-00941,PaAlRu2,4,173.00000000000003,30.999999999999996
mb-00942,AgAuO2,8,64.99999999999999,17.0
mb-00943,KHCO3,24,23.999999999999993,10.0
mb-00944,NpSn3,4,68.00000000000001,82.0
mb-00945,TmMgRh2,4,116.00000000000003,52.00000000000001
mb-00946,B2S2O9,13,29.0,25.000000000000007
mb-00947,Zn2SbN3,12,132.00000000000006,63.999999999999986
mb-00948,ZrCd,4,83.00000000000001,37.0
mb-00949,VPt,4,237.99999999999994,99.0
mb-00950,ErAs,2,78.99999999999999,54.000000000000014
mb-00951,LiCuF4,12,28.0,18.999999999999996
mb-00952,UAs,2,90.00000000000003,33.0
mb-00953,VSiRu2,4,253.00000000000003,114.00000000000003
mb-00954,Na3PS3O,16,27.000000000000004,12.999999999999998
mb-00955,Cd(HO)2,10,57.00000000000001,20.000000000000004
mb-00956,TaVO4,12,209.0000000000001,98.0
mb-00957,Cu2HgI4,7,13.999999999999998,7.999999999999999
mb-00958,ScP,2,98.0,63.0
mb-00959,Sm(AgGe)2,5,74.00000000000001,40.99999999999999
mb-00960,SmCoSi3,5,115.00000000000003,72.00000000000001
mb-00961,Li6CrN4,22,84.99999999999999,72.00000000000001
mb-00962,Ga2FeO4,14,173.00000000000003,74.00000000000001
mb-00963,Ti,3,112.99999999999994,61.000000000000014
mb-00964,Al2Os,3,191.00000000000006,141.99999999999994
mb-00965,SnPd3,4,146.00000000000003,52.00000000000001
mb-00966,VFeSb,3,159.99999999999991,62.0
mb-00967,TmPPt,3,130.00000000000006,46.0
mb-00968,TbPPt,3,118.00000000000003,48.99999999999999
mb-00969,LiMgBi,3,30.999999999999996,21.0
mb-00970,ScRu3C,5,234.00000000000006,140.00000000000006
mb-00971,LiVN2,16,79.99999999999999,46.0
mb-00972,UBiTe,6,52.00000000000001,30.999999999999996
mb-00973,OsRu3,8,334.00000000000006,204.0
mb-00974,MnRh,2,181.99999999999994,81.0
mb-00975,Ca3GaN3,14,79.99999999999999,50.999999999999986
mb-00976,NaCuO2,8,50.999999999999986,21.999999999999996
mb-00977,DyN,2,170.00000000000006,122.00000000000004
mb-00978,Ta2C,3,256.0,138.0
mb-00979,Hf3Ge2,10,128.99999999999994,83.99999999999999
mb-00980,LiSc2Tc,4,82.0,33.0
mb-00981,YbPmZn2,4,48.99999999999999,29.0
mb-00982,MgAlIr2,4,189.00000000000006,107.00000000000001
mb-00983,CuPdO2,8,156.0,28.0
mb-00984,TiVTc2,4,232.99999999999994,93.99999999999997
mb-00985,TlAgO2,8,88.00000000000001,18.999999999999996
mb-00986,K2GeF6,18,22.999999999999996,11.000000000000002
mb-00987,MnAgO2,4,85.99999999999999,37.99999999999999
mb-00988,DyTaRu2,4,181.99999999999994,72.00000000000001
mb-00989,YRh3C,5,197.0,79.99999999999999
mb-00990,NaGe2N3,12,135.0,77.99999999999999
mb-00991,BeAlIr2,4,237.99999999999994,124.99999999999994
mb-00992,YbPrHg2,4,46.0,21.0
mb-00993,CuAgO2,4,106.00000000000004,16.0
mb-00994,Ac2MgSn,4,40.99999999999999,16.0
mb-00995,Zr3Tl,4,121.00000000000006,60.0
mb-00996,Tm2TlAg,4,68.99999999999999,22.999999999999996
mb-00997,V3Os,4,246.0000000000001,107.00000000000001
mb-00998,Ba2H6Ru,9,39.99999999999999,21.999999999999996
mb-00999,KAg2AsO4,8,49.99999999999999,17.999999999999996
mb-01000,Nb3AlC2,12,203.00000000000003,136.99999999999997
mb-01001,LiBF4,18,11.000000000000002,7.0
mb-01002,LiGaAg2,4,47.99999999999999,23.999999999999993
mb-01003,SiMo3,8,252.00000000000006,126.99999999999999
mb-01004,MnCu2GeS4,16,70.00000000000001,27.000000000000004
mb-01005,SrCN2,12,57.00000000000001,17.0
mb-01006,Yb4Sb2O,7,54.000000000000014,36.0
mb-01007,TmCdHg2,4,63.0,17.0
mb-01008,PaAgO3,5,141.99999999999994,45.00000000000001
mb-01009,SrSiPt,12,67.0,28.0
mb-01010,SO2,6,5.000000000000001,3.0
mb-01011,PmBi3,4,54.000000000000014,9.0
mb-01012,MnAl,4,140.99999999999991,81.0
mb-01013,CdSiP2,8,75.00000000000001,38.99999999999999
mb-01014,Y3TlC,5,75.00000000000001,63.999999999999986
mb-01015,Y2PdRu,4,101.99999999999999,38.99999999999999
mb-01016,HoMg3,4,35.0,23.999999999999993
mb-01017,Sr2In3Rh2,7,57.00000000000001,25.000000000000007
mb-01018,Ga2HgSe4,7,32.00000000000001,17.999999999999996
mb-01019,Sr2HN,4,29.999999999999996,35.0
mb-01020,SmAgHg2,4,67.0,17.0
mb-01021,LiV2O5,32,74.00000000000001,36.0
mb-01022,Tm2SeO2,5,126.00000000000001,66.00000000000001
mb-01023,CaTiO3,40,171.99999999999991,101.00000000000001
mb-01024,Mn(AsO2)2,28,47.99999999999999,18.999999999999996
mb-01025,YbInCu4,6,86.99999999999999,46.0
mb-01026,H3N,16,7.999999999999999,4.0
mb-01027,Pm2CuSi,4,76.0,28.0
mb-01028,CaLaCd2,4,40.99999999999999,20.000000000000004
mb-01029,Dy2TlAg,4,63.999999999999986,18.999999999999996
mb-01030,MgTaOs2,4,228.99999999999997,99.0
mb-01031,Hf2ZnRe,4,159.99999999999991,58.00000000000001
mb-01032,Ti2Ni,24,140.99999999999991,36.0
mb-01033,YbSmHg2,4,46.0,23.999999999999993
mb-01034,Be2RhAu,4,153.00000000000003,35.0
mb-01035,MgSiRh2,4,177.00000000000009,77.99999999999999
mb-01036,CdSeO4,12,54.000000000000014,20.000000000000004
mb-01037,Lu2TlCd,4,61.000000000000014,18.999999999999996
mb-01038,LiSm2Os,4,72.00000000000001,29.0
mb-01039,HfI3,8,4.0,2.0
mb-01040,HfZnAu2,4,136.99999999999997,17.0
mb-01041,Er2(NiB2)3,11,176.00000000000006,138.0
mb-01042,Ce(Re2Si)2,7,193.00000000000006,114.00000000000003
mb-01043,K2PtCl4,7,12.000000000000002,7.0
mb-01044,Li2TiF6,18,48.99999999999999,29.999999999999996
mb-01045,LiFe2F6,18,72.00000000000001,33.0
mb-01046,Sn3Ru2,20,126.99999999999999,58.00000000000001
mb-01047,Rb4I2O,7,10.0,9.0
mb-01048,Na5BiO5,11,54.000000000000014,37.0
mb-01049,RbNiBr3,10,17.0,4.0
mb-01050,GaAgSe2,8,49.99999999999999,17.999999999999996
mb-01051,LiLaHg2,4,54.000000000000014,10.0
mb-01052,NaTcO3,5,288.0000000000001,88.00000000000001
mb-01053,Ca3PCl3,7,39.99999999999999,25.000000000000007
mb-01054,ScAl2Ni,8,107.00000000000001,63.999999999999986
mb-01055,LiAl5O8,56,195.99999999999994,121.00000000000006
mb-01056,CsVCl3,10,13.999999999999998,5.000000000000001
mb-01057,KTcO4,12,4.0,10.0
mb-01058,Ga3Fe,16,101.99999999999999,66.00000000000001
mb-01059,CrFeP,12,237.99999999999994,143.00000000000003
mb-01060,GePtSe,12,121.00000000000006,66.00000000000001
mb-01061,Na3PS4,16,23.999999999999993,10.0
mb-01062,KHS,6,13.999999999999998,7.0
mb-01063,NaHS,6,21.0,9.0
mb-01064,YbH2,12,49.99999999999999,35.0
mb-01065,ZnO,4,130.00000000000006,40.99999999999999
mb-01066,BeSiOs2,4,286.00000000000006,140.00000000000006
mb-01067,Y2Fe2O7,22,167.0,70.99999999999999
mb-01068,LuIn3,4,57.00000000000001,17.999999999999996
mb-01069,CsTaN2,8,46.0,32.00000000000001
mb-01070,Na2HgO2,5,29.999999999999996,17.999999999999996
mb-01071,EuB6,7,154.99999999999997,102.99999999999996
mb-01072,TbCoSi2,8,117.00000000000001,61.000000000000014
mb-01073,Sc2NCl2,5,26.0,16.0
mb-01074,CeSF,6,64.99999999999999,52.00000000000001
mb-01075,MgZrN2,16,149.0,68.99999999999999
mb-01076,GdTl,2,63.0,17.999999999999996
mb-01077,SrBi3,4,42.00000000000001,12.999999999999998
mb-01078,SmBRh3,5,164.00000000000003,77.0
mb-01079,Li3CuO3,28,77.99999999999999,35.0
mb-01080,LaCoGe3,5,96.99999999999999,52.999999999999986
mb-01081,MnN,2,238.99999999999991,58.00000000000001
mb-01082,CrNiAs,9,128.99999999999994,61.000000000000014
mb-01083,Be17Ru3,80,152.00000000000003,116.00000000000003
mb-01084,NbCoP,12,237.99999999999994,117.00000000000001
mb-01085,ZrGeS,6,118.99999999999996,77.0
mb-01086,Sr2IrO4,28,128.99999999999994,47.00000000000001
mb-01087,HgBr,4,12.000000000000002,5.000000000000001
mb-01088,Tl(CuSe)2,5,35.0,15.000000000000004
mb-01089,NiBi3,16,34.0,10.0
mb-01090,NdCl3,8,34.0,17.999999999999996
mb-01091,TaTe4Ir,24,17.999999999999996,12.999999999999998
mb-01092,SrSnPt,12,70.00000000000001,28.0
mb-01093,CeIn3,4,48.99999999999999,34.0
mb-01094,Zr2InC,8,118.99999999999996,82.0
mb-01095,Li2GaRh,4,59.00000000000001,32.00000000000001
mb-01096,Er(SiRu)2,5,149.0,77.0
mb-01097,MnNiGe,12,144.00000000000003,60.0
mb-01098,Zr2CS,8,165.0,111.99999999999997
mb-01099,LiCu2Si,4,103.99999999999997,46.0
mb-01100,U2Ga8Ru,11,99.0,57.00000000000001
mb-01101,SrAgBi,6,35.0,21.0
mb-01102,PuIn,2,28.0,30.999999999999996
mb-01103,TaCuS3,20,42.99999999999999,25.000000000000007
mb-01104,InI,4,12.000000000000002,7.0
mb-01105,Yb(SiRu)2,5,130.00000000000006,68.00000000000001
mb-01106,MgI2,3,7.999999999999999,4.0
mb-01107,UCl3,8,25.000000000000007,13.999999999999998
mb-01108,MgCl2,3,10.0,6.0
mb-01109,Na3AlF6,20,50.999999999999986,28.0
mb-01110,Y3PbC,5,76.0,58.00000000000001
mb-01111,PrCl3,8,34.0,17.0
mb-01112,Y2B3C2,7,149.0,64.99999999999999
mb-01113,Pm,4,38.99999999999999,22.999999999999996
mb-01114,Tl2Au4S3,18,17.999999999999996,7.0
mb-01115,Pr3Pb,4,37.99999999999999,20.000000000000004
mb-01116,Nd3In,4,36.0,12.999999999999998
mb-01117,CuBr2,3,7.0,4.0
mb-01118,PrBr3,8,26.0,12.999999999999998
mb-01119,Cs2UO4,7,36.0,20.000000000000004
mb-01120,Ti3Hg,8,118.99999999999996,68.00000000000001
mb-01121,LiFeP,6,79.99999999999999,50.999999999999986
mb-01122,FeCl2,3,11.000000000000002,7.0
mb-01123,Li8SiO6,30,81.0,58.00000000000001
mb-01124,YTiGe,6,86.99999999999999,48.99999999999999
mb-01125,Ca2IN,8,36.0,34.0
mb-01126,BiF3,16,54.000000000000014,30.999999999999996
mb-01127,BaZnO2,12,83.00000000000001,33.0
mb-01128,NaCNO,4,27.000000000000004,7.999999999999999
mb-01129,YMgIn,9,54.000000000000014,39.99999999999999
mb-01130,YAgPb,9,66.00000000000001,36.0
mb-01131,UBr3,8,30.999999999999996,11.000000000000002
mb-01132,LaMgGa,9,52.00000000000001,35.0
mb-01133,H5NF2,32,29.0,10.0
mb-01134,LiBiF4,12,72.00000000000001,27.000000000000004
mb-01135,Rb3CuO2,24,23.999999999999993,9.0
mb-01136,BaI2,12,15.000000000000004,6.0
mb-01137,CO2,12,5.000000000000001,3.0
mb-01138,LaBr3,8,26.0,12.999999999999998
mb-01139,Bi2O3,20,54.000000000000014,29.999999999999996
mb-01140,MgSiN2,16,173.00000000000003,103.99999999999997
mb-01141,GdCl3,8,29.0,15.000000000000004
mb-01142,Na5OsO6,12,64.99999999999999,37.99999999999999
mb-01143,BeCl2,6,4.0,2.0
mb-01144,GeF2,12,10.0,7.0
mb-01145,Sc3InN,5,103.99999999999997,81.0
mb-01146,Nb3Cl8,22,13.999999999999998,7.999999999999999
mb-01147,SbI3,8,3.0,2.0
mb-01148,Pm2NiRu,4,29.0,27.000000000000004
mb-01149,AlBr3,16,1.0,1.0
mb-01150,ZnTe,2,46.0,21.999999999999996
mb-01151,Ti3Rh5,16,204.99999999999994,70.99999999999999
mb-01152,ErAg2,3,79.99999999999999,32.00000000000001
mb-01153,Na4HgP2,7,15.000000000000004,12.000000000000002
mb-01154,Mg2Al5Cu6,39,100.0,58.00000000000001
mb-01155,Rb5Au3O2,20,17.999999999999996,10.0
mb-01156,Ba2PbO4,7,84.99999999999999,44.0
mb-01157,Na3ClO,5,37.0,22.999999999999996
mb-01158,ScCl3,8,7.0,4.0
mb-01159,YAlSi,6,88.00000000000001,63.0
mb-01160,MnAlFe2,4,195.99999999999994,122.00000000000004
mb-01161,CsAgCl3,10,12.000000000000002,6.0
mb-01162,Gd(PdO2)2,14,152.00000000000003,52.999999999999986
mb-01163,AsBr3,16,1.0,1.0
mb-01164,Ti2CoRe,4,195.99999999999994,96.99999999999999
mb-01165,UGeTe,6,72.00000000000001,45.00000000000001
mb-01166,NaBPt3,10,154.99999999999997,36.0
mb-01167,BeGeP2,8,72.00000000000001,64.99999999999999
mb-01168,ZrNiSn,3,152.00000000000003,73.0
mb-01169,Ni3Sn,8,164.00000000000003,66.00000000000001
mb-01170,AgPF6,8,22.999999999999996,3.0
mb-01171,Ce(CoSi)2,5,135.0,83.00000000000001
mb-01172,Mn(GaSe2)2,7,42.00000000000001,20.000000000000004
mb-01173,TmCoC,6,141.99999999999994,61.000000000000014
mb-01174,Li8CoO6,30,73.0,47.99999999999999
mb-01175,CrAgSe2,4,63.999999999999986,22.999999999999996
mb-01176,DyGe,4,63.0,55.00000000000001
mb-01177,Rb2PtCl6,9,11.000000000000002,6.0
mb-01178,Mg2NbN3,12,118.99999999999996,49.99999999999999
mb-01179,Ti2TcOs,4,226.9999999999999,100.0
mb-01180,TiTc2Mo,4,248.00000000000009,116.00000000000003
mb-01181,TmScRu2,4,128.99999999999994,49.99999999999999
mb-01182,Mg4Ta2O9,30,149.0,76.0
mb-01183,ErTaO4,12,134.00000000000003,67.0
mb-01184,LaScO3,20,154.0,78.99999999999999
mb-01185,ErInAg2,4,78.99999999999999,18.999999999999996
mb-01186,PaAgTe2,4,74.00000000000001,20.000000000000004
mb-01187,BaPb,4,25.000000000000007,12.999999999999998
mb-01188,SmScO3,20,161.99999999999994,81.0
mb-01189,ZrCu2Te3,12,38.99999999999999,21.0
mb-01190,Sr2TaCrO6,10,187.00000000000003,107.00000000000001
mb-01191,NbCrP,12,211.9999999999999,114.00000000000003
mb-01192,ZrMnP,12,175.0,111.00000000000004
mb-01193,NdSi2Ru,8,118.99999999999996,63.0
mb-01194,Ca5Bi3,32,32.00000000000001,21.0
mb-01195,MnPd3,8,150.99999999999994,52.999999999999986
mb-01196,Ge3(BiO3)4,38,50.999999999999986,40.99999999999999
mb-01197,Cs2PtCl6,9,7.999999999999999,5.000000000000001
mb-01198,BeP2,24,89.0,73.0
mb-01199,ThSb,2,77.99999999999999,29.0
mb-01200,MgBr2,3,15.000000000000004,5.000000000000001
mb-01201,BaZnSi,6,44.0,30.999999999999996
mb-01202,GeAs2,24,15.000000000000004,12.000000000000002
mb-01203,BaZnSn,6,35.0,25.000000000000007
mb-01204,Ti5Si3,16,138.99999999999997,93.99999999999997
mb-01205,Y2MgAl,4,55.00000000000001,36.0
mb-01206,Ta(ICl)2,10,4.0,3.0
mb-01207,CaGaPt,12,83.00000000000001,23.999999999999993
mb-01208,CaGePt,12,90.00000000000003,36.0
mb-01209,Cs2PbCl6,9,7.999999999999999,4.0
mb-01210,CoGe2,12,119.99999999999996,68.00000000000001
mb-01211,Cs2RuO4,28,17.999999999999996,7.0
mb-01212,Mg2TaN3,12,122.00000000000004,52.999999999999986
mb-01213,TiFeSi2,48,179.99999999999997,116.00000000000003
mb-01214,Ni3Sn4,7,98.0,47.00000000000001
mb-01215,Ho2TlAg,4,63.0,21.0
mb-01216,ErAl2Ni,8,96.0,59.00000000000001
mb-01217,Ce2C3,20,116.00000000000003,70.00000000000001
mb-01218,P2Pd3S8,13,7.0,5.000000000000001
mb-01219,LuNiSb,3,79.99999999999999,62.0
mb-01220,Dy2O3,40,141.99999999999994,63.999999999999986
mb-01221,HfZnIr2,4,212.99999999999994,86.99999999999999
mb-01222,Cs2PtBr6,9,7.999999999999999,5.000000000000001
mb-01223,MgSn4Ru,12,74.00000000000001,48.99999999999999
mb-01224,SrAlSiH,4,52.00000000000001,39.99999999999999
mb-01225,HfMnSi,12,161.99999999999994,85.99999999999999
mb-01226,Al2IrRh,4,207.99999999999997,96.0
mb-01227,Al2ZnSe4,7,37.99999999999999,23.999999999999993
mb-01228,Cr2GaC,8,179.99999999999997,116.00000000000003
mb-01229,K2RuCl6,9,15.000000000000004,4.0
mb-01230,Sr4Bi2O,7,37.99999999999999,25.000000000000007
mb-01231,Li6MoN4,22,83.00000000000001,67.0
mb-01232,Rb2PbCl6,9,10.0,5.000000000000001
mb-01233,Cd(NO3)2,72,23.999999999999993,11.000000000000002
mb-01234,Cs2PdF6,9,15.000000000000004,6.0
mb-01235,K2MgF4,7,47.00000000000001,25.000000000000007
mb-01236,MgB9N,22,209.0000000000001,170.00000000000006
mb-01237,ThIn3,4,68.00000000000001,40.99999999999999
mb-01238,RbNiCl3,10,17.999999999999996,5.000000000000001
mb-01239,KCaBi,6,16.0,9.0
mb-01240,Tl5Se2I,16,15.000000000000004,7.999999999999999
mb-01241,KIO3,20,21.0,12.999999999999998
mb-01242,Lu2MgIn,4,57.00000000000001,25.000000000000007
mb-01243,V6C5,33,237.99999999999994,175.0
mb-01244,V2CrFe,4,232.00000000000009,107.00000000000001
mb-01245,AlSiTe3,10,15.000000000000004,10.0
mb-01246,Pr4RuI5,10,16.0,10.0
mb-01247,UGa3,4,84.99999999999999,49.99999999999999
mb-01248,YbB6,7,154.99999999999997,90.00000000000003
mb-01249,Mg(SbO2)2,28,48.99999999999999,18.999999999999996
mb-01250,K2PtCl6,9,12.000000000000002,6.0
mb-01251,Tm2MgOs,4,102.99999999999996,29.999999999999996
mb-01252,ErCu5,6,123.00000000000003,26.0
mb-01253,LiAg3O2,12,74.00000000000001,18.999999999999996
mb-01254,Th(GeRh)2,5,159.99999999999991,47.99999999999999
mb-01255,CePb3,4,49.99999999999999,17.999999999999996
mb-01256,KClO4,24,17.0,7.999999999999999
mb-01257,Y2Zn17,19,81.0,50.999999999999986
mb-01258,K2OsCl6,9,12.999999999999998,4.0
mb-01259,PPbS3,20,28.0,12.999999999999998
mb-01260,Sc(SiNi)2,5,149.0,62.0
mb-01261,PrAlO3,10,177.00000000000009,121.00000000000006
mb-01262,NdI2,3,11.000000000000002,7.999999999999999
mb-01263,LiPm2Os,4,73.0,26.0
mb-01264,Fe(SiP)4,9,115.00000000000003,91.00000000000001
mb-01265,Th(FeGe)2,5,126.00000000000001,72.00000000000001
mb-01266,Ca2CdPb,4,61.000000000000014,13.999999999999998
mb-01267,Pd17Se15,64,96.99999999999999,26.0
mb-01268,CeFeSi,6,88.00000000000001,32.00000000000001
mb-01269,Ag2BiO3,24,100.0,21.0
mb-01270,NdMgNi4,6,117.00000000000001,49.99999999999999
mb-01271,GaCuPt2,4,187.00000000000003,72.00000000000001
mb-01272,AgClO4,6,27.000000000000004,7.0
mb-01273,AsPd3Pb2,12,88.00000000000001,28.0
mb-01274,HoInCu,9,66.00000000000001,46.0
mb-01275,TiBeIr2,4,240.99999999999997,121.00000000000006
mb-01276,CaIn,2,84.99999999999999,28.0
mb-01277,CuAuSe4,12,29.0,18.999999999999996
mb-01278,TiGePd,12,150.00000000000003,68.99999999999999
mb-01279,GdPt3,4,160.99999999999994,68.00000000000001
mb-01280,Li3BO3,28,73.0,40.99999999999999
mb-01281,NbInSe2,4,44.0,20.000000000000004
mb-01282,PCl3O,20,3.0,1.0
mb-01283,DySiIr,12,146.00000000000003,73.0
mb-01284,PtS,4,156.0,33.0
mb-01285,GaCuI4,6,5.000000000000001,4.0
mb-01286,LaSi2Ru,8,123.00000000000003,59.00000000000001
mb-01287,Sc5Sn3,16,72.00000000000001,50.999999999999986
mb-01288,SmIn,2,56.00000000000001,21.0
mb-01289,Ca(AlZn)2,5,61.000000000000014,36.0
mb-01290,CeAl3Ni2,6,121.00000000000006,72.00000000000001
mb-01291,ThAl3Ni2,6,127.99999999999999,74.00000000000001
mb-01292,FeH4(ClO)2,9,21.0,10.0
mb-01293,CdInPd2,4,112.99999999999994,23.999999999999993
mb-01294,ZrAl5Ni2,8,119.99999999999996,83.99999999999999
mb-01295,Ga2TeS2,10,25.000000000000007,17.999999999999996
mb-01296,Gd2O3,40,131.00000000000006,55.00000000000001
mb-01297,FePd3,4,174.00000000000009,70.99999999999999
mb-01298,K2MnCl6,9,10.0,7.0
mb-01299,Ti2InC,8,126.99999999999999,96.0
mb-01300,KP(HO2)2,16,23.999999999999993,15.000000000000004
mb-01301,Ca3BN3,7,81.0,33.0
mb-01302,MnSiIr,12,161.99999999999994,77.0
mb-01303,Nd(FeSi)2,5,124.99999999999994,79.99999999999999
mb-01304,TaAs,4,176.00000000000006,96.99999999999999
mb-01305,NaNO2,4,25.000000000000007,15.000000000000004
mb-01306,BaNbO3,5,167.0,90.00000000000003
mb-01307,MnNbP,12,228.00000000000009,100.0
mb-01308,CeGa3Pd2,6,127.99999999999999,49.99999999999999
mb-01309,Sc2Co3Si,12,154.99999999999997,78.99999999999999
mb-01310,HoInCu2,4,83.99999999999999,32.00000000000001
mb-01311,CsClO4,24,12.999999999999998,5.000000000000001
mb-01312,U3(SiC)2,7,130.00000000000006,77.0
mb-01313,YCuP2,8,105.00000000000004,48.99999999999999
mb-01314,LiBH4,24,16.0,6.0
mb-01315,Ba3In2O6,11,86.99999999999999,37.99999999999999
mb-01316,Ta2H,3,202.00000000000006,66.00000000000001
mb-01317,NaAlH4,12,18.999999999999996,12.000000000000002
mb-01318,CaH2,12,47.00000000000001,32.00000000000001
mb-01319,SrH2,12,37.0,23.999999999999993
mb-01320,Ce2SbO2,5,78.99999999999999,35.0
mb-01321,Mg3Au,24,57.00000000000001,29.999999999999996
mb-01322,NdCoSi,6,85.99999999999999,38.99999999999999
mb-01323,MnTe2,12,48.99999999999999,25.000000000000007
mb-01324,ScSbRu2,4,178.00000000000003,101.99999999999999
mb-01325,V3Rh,8,217.00000000000003,105.00000000000004
mb-01326,KMgH3,5,35.0,30.999999999999996
mb-01327,CeSiOs,6,96.99999999999999,42.99999999999999
mb-01328,Rb2WCl6,9,10.0,4.0
mb-01329,CdBr2,6,10.0,4.0
mb-01330,Ti6Sn5,22,105.00000000000004,55.00000000000001
mb-01331,USb2Ru,8,90.00000000000003,52.00000000000001
mb-01332,Lu(SiPd)2,5,128.99999999999994,47.99999999999999
mb-01333,Nd3InC,5,64.99999999999999,42.99999999999999
mb-01334,BaLi2(MgSi)2,7,37.99999999999999,32.00000000000001
mb-01335,Y(CoB)2,5,146.00000000000003,106.00000000000004
mb-01336,Cs2WCl6,9,7.999999999999999,4.0
mb-01337,Cu(BiO2)2,28,58.00000000000001,27.000000000000004
mb-01338,Dy2Al3Si2,7,83.99999999999999,64.99999999999999
mb-01339,Cs(FeAs)2,5,44.0,26.0
mb-01340,ReBiO4,12,135.0,66.00000000000001
mb-01341,YbInHg2,4,42.99999999999999,5.000000000000001
mb-01342,HfCuSi2,8,135.0,86.99999999999999
mb-01343,Mg2FeH6,9,78.99999999999999,61.000000000000014
mb-01344,Ba(P2Pd)2,7,88.00000000000001,34.0
mb-01345,Si2Pd9,44,162.99999999999994,37.0
mb-01346,CuBIr,12,191.00000000000006,68.00000000000001
mb-01347,DyYAg2,4,68.00000000000001,29.999999999999996
mb-01348,HfO2,12,204.99999999999994,99.0
mb-01349,BIrPd,12,236.00000000000009,73.0
mb-01350,SeOF2,16,7.0,5.000000000000001
mb-01351,SiRh2,12,219.99999999999997,73.0
mb-01352,CeCo3B2,6,226.9999999999999,111.00000000000004
mb-01353,NaBF4,12,26.0,12.000000000000002
mb-01354,MgCuSb,3,68.00000000000001,37.0
mb-01355,BaS3,8,33.0,18.999999999999996
mb-01356,B(HO)3,28,12.999999999999998,7.0
mb-01357,MgCo3C,5,197.99999999999991,112.99999999999994
mb-01358,NpSi3,4,106.00000000000004,82.0
mb-01359,AlAgSe2,8,52.00000000000001,17.999999999999996
mb-01360,UCo3B2,6,59.00000000000001,128.99999999999994
mb-01361,TaSiRh,12,235.0,118.00000000000003
mb-01362,CrS2,3,29.0,17.999999999999996
mb-01363,ZnSnSb2,8,39.99999999999999,22.999999999999996
mb-01364,AcClO,6,67.0,29.999999999999996
mb-01365,CsSnI3,20,10.0,5.000000000000001
mb-01366,Na2SiO3,12,62.0,35.0
mb-01367,KAg2PS4,8,37.0,12.999999999999998
mb-01368,Na3AgO2,12,49.99999999999999,28.0
mb-01369,Hf3Te2,5,27.000000000000004,20.000000000000004
mb-01370,Ba(SiNi)2,10,52.00000000000001,36.0
mb-01371,Ti2AlMo,4,150.00000000000003,42.00000000000001
mb-01372,Pm2SiAu,4,74.00000000000001,20.000000000000004
mb-01373,Pb(NO3)2,36,30.999999999999996,9.0
mb-01374,BaLiH3,5,37.99999999999999,38.99999999999999
mb-01375,ScInPt,9,109.00000000000004,37.0
mb-01376,LiSn4Au3,16,62.0,18.999999999999996
mb-01377,LiSmSe2,8,40.99999999999999,27.000000000000004
mb-01378,Cu2HgGeS4,8,68.00000000000001,29.0
mb-01379,PtPbF6,8,55.00000000000001,10.0
mb-01380,NiCl2,3,12.000000000000002,7.999999999999999
mb-01381,Nb3TeCl7,22,12.999999999999998,7.999999999999999
mb-01382,KHF2,8,26.0,12.999999999999998
mb-01383,As2Pd,12,107.00000000000001,48.99999999999999
mb-01384,In2HgTe4,7,20.000000000000004,12.000000000000002
mb-01385,BaZn5,12,47.99999999999999,27.000000000000004
mb-01386,TbB2Ru3,6,209.0000000000001,103.99999999999997
mb-01387,SrHCl,6,59.00000000000001,28.0
mb-01388,DyBiRh,9,101.00000000000001,39.99999999999999
mb-01389,PdSO4,12,26.0,12.000000000000002
mb-01390,H2SeO4,28,9.0,7.0
mb-01391,Tl2PdSe2,10,34.0,7.999999999999999
mb-01392,ZrSbPd,12,127.99999999999999,36.0
mb-01393,BaSi2O5,32,56.00000000000001,33.0
mb-01394,TiZnCu2,4,128.99999999999994,42.99999999999999
mb-01395,Zn(InSe2)2,7,27.000000000000004,17.0
mb-01396,Ca2SiIr2,10,96.99999999999999,39.99999999999999
mb-01397,SrPbO3,20,105.00000000000004,49.99999999999999
mb-01398,Si3P2Pt,12,123.00000000000003,79.99999999999999
mb-01399,RbBiF6,8,12.000000000000002,6.0
mb-01400,LaN,4,85.99999999999999,21.999999999999996
mb-01401,ScSiRh,12,148.00000000000003,74.00000000000001
mb-01402,SrIn2Ir,8,55.00000000000001,28.0
mb-01403,Sr(HO)2,20,39.99999999999999,21.999999999999996
mb-01404,Sm2Ge2Ru,10,88.00000000000001,44.0
mb-01405,Hf2In5,14,72.00000000000001,45.00000000000001
mb-01406,In2Se3,30,18.999999999999996,11.000000000000002
mb-01407,GdTl3,4,61.000000000000014,16.0
mb-01408,Cs2KZrOF5,10,12.999999999999998,13.999999999999998
mb-01409,K3BiSe3,28,12.000000000000002,7.0
mb-01410,YIn2Ni,8,78.99999999999999,40.99999999999999
mb-01411,ZrCl,4,18.999999999999996,7.0
mb-01412,NaGaH4,12,16.0,7.999999999999999
mb-01413,Al5W,12,124.00000000000003,98.0
mb-01414,CeMg3,4,37.99999999999999,29.0
mb-01415,Ta3SiTe6,40,21.0,15.000000000000004
mb-01416,Na2TlBi,4,22.999999999999996,16.0
mb-01417,InPt3,4,204.99999999999994,63.999999999999986
mb-01418,Li2InAg,4,27.000000000000004,15.000000000000004
mb-01419,TmAgPb,9,68.00000000000001,30.999999999999996
mb-01420,LiPm2Ge,4,54.000000000000014,28.0
mb-01421,Cu4SiP8,26,90.00000000000003,52.999999999999986
mb-01422,CuSO4,24,60.0,26.0
mb-01423,ScAg4,5,92.00000000000001,37.0
mb-01424,NdCoGe,6,68.99999999999999,37.99999999999999
mb-01425,SrAg,16,28.0,13.999999999999998
mb-01426,U(Cr3P2)2,11,144.99999999999997,92.00000000000001
mb-01427,Sr3Ag2,15,21.0,10.0
mb-01428,Rb3AuO,5,16.0,9.0
mb-01429,SrIn2Pt,8,52.00000000000001,27.000000000000004
mb-01430,VPt3,4,240.99999999999997,111.00000000000004
mb-01431,BaLi2Si,8,27.000000000000004,15.000000000000004
mb-01432,YCl3,8,6.0,2.0
mb-01433,BaBr2,12,21.0,7.999999999999999
mb-01434,BaAu5,6,76.0,13.999999999999998
mb-01435,NbO,6,242.99999999999997,140.00000000000006
mb-01436,BeAu,8,148.00000000000003,40.99999999999999
mb-01437,CoSn,6,126.99999999999999,72.00000000000001
mb-01438,V3Pt,8,217.9999999999999,93.99999999999997
mb-01439,ScIn3,4,56.00000000000001,21.0
mb-01440,S8O,36,2.0,1.0
mb-01441,K2MgH4,7,22.999999999999996,17.0
mb-01442,SrIn4Pd,12,47.99999999999999,23.999999999999993
mb-01443,U2BiN2,5,81.0,46.0
mb-01444,GaCuTe2,8,47.99999999999999,23.999999999999993
mb-01445,Cd5Au3,16,73.0,21.999999999999996
mb-01446,UGeSe,6,81.0,56.00000000000001
mb-01447,AlAs,2,70.00000000000001,38.99999999999999
mb-01448,Li5Br2N,8,27.000000000000004,16.0
mb-01449,ScRu,2,144.00000000000003,52.00000000000001
mb-01450,ZnSiAs2,8,66.00000000000001,42.00000000000001
mb-01451,Li2GaAu,4,42.99999999999999,33.0
mb-01452,Mg(BC)2,40,158.0,103.99999999999997
mb-01453,YSiNi,12,111.99999999999997,62.0
mb-01454,NdInRh,9,89.0,29.999999999999996
mb-01455,Ba(CoAs)2,5,68.99999999999999,36.0
mb-01456,Li2InAu,4,72.00000000000001,35.0
mb-01457,TbCo2,6,118.00000000000003,26.0
mb-01458,Li2SbAu,4,52.999999999999986,20.000000000000004
mb-01459,Li2SnAu,4,58.00000000000001,23.999999999999993
mb-01460,BaGePt,12,64.99999999999999,21.999999999999996
mb-01461,Sc2In,6,64.99999999999999,37.99999999999999
mb-01462,Ta3N5,16,240.99999999999997,99.0
mb-01463,DyGeAu,6,89.0,45.00000000000001
mb-01464,NdBRh3,5,154.99999999999997,73.0
mb-01465,Zr2InCo2,10,132.00000000000006,52.999999999999986
mb-01466,MgAu3,32,111.00000000000004,30.999999999999996
mb-01467,NaFeAs,6,49.99999999999999,32.00000000000001
mb-01468,HfNiSn,3,105.00000000000004,79.99999999999999
mb-01469,Hf2InC,8,130.00000000000006,92.00000000000001
mb-01470,CaAcZn2,4,40.99999999999999,21.999999999999996
mb-01471,KCl,2,16.0,9.0
mb-01472,UNiAs2,8,111.99999999999997,52.999999999999986
mb-01473,CdGaRh2,4,160.99999999999994,61.000000000000014
mb-01474,PtF6,28,7.999999999999999,2.0
mb-01475,PdPb2,6,66.00000000000001,17.999999999999996
mb-01476,NdPb3,4,47.00000000000001,7.999999999999999
mb-01477,CeMnSi,6,83.00000000000001,21.999999999999996
mb-01478,Tb2In,6,54.000000000000014,23.999999999999993
mb-01479,LaFeSi,6,37.99999999999999,23.999999999999993
mb-01480,Sc2BC2,5,138.0,70.99999999999999
mb-01481,Zr6Ga2Co,9,109.00000000000004,49.99999999999999
mb-01482,YAl4Ni,12,92.00000000000001,59.00000000000001
mb-01483,Na(CuS)4,9,58.00000000000001,21.999999999999996
mb-01484,Th(CoGe)2,5,149.0,64.99999999999999
mb-01485,SbRh,8,135.0,57.00000000000001
mb-01486,Cu2O,6,111.00000000000004,7.999999999999999
mb-01487,DyInAu,9,82.0,40.99999999999999
mb-01488,YTiSi,6,89.0,48.99999999999999
mb-01489,SiPd3,16,160.99999999999994,44.0
mb-01490,BaCdBi2,8,28.0,17.999999999999996
mb-01491,Ba(PRu)2,5,86.99999999999999,47.99999999999999
mb-01492,HfFeGe,9,197.0,91.00000000000001
mb-01493,BaSn3Pt,5,60.0,28.0
mb-01494,As2Pb3O8,26,40.99999999999999,21.0
mb-01495,Ti(CuS)4,9,76.0,37.0
mb-01496,BaTl2,6,23.999999999999993,16.0
mb-01497,DyCuSe2,4,63.0,29.0
mb-01498,Be17Nb2,19,140.00000000000006,152.00000000000003
mb-01499,Sr3(GeN)2,14,49.99999999999999,29.999999999999996
mb-01500,TiNbRe2,4,254.0,115.00000000000003
mb-01501,YZn12,13,78.99999999999999,52.00000000000001
mb-01502,LiZnN,3,116.00000000000003,84.99999999999999
mb-01503,LiZnSb,6,47.00000000000001,26.0
mb-01504,DyBiPt,3,89.0,40.99999999999999
mb-01505,V2C,12,243.9999999999999,117.00000000000001
mb-01506,ErBiPt,3,91.00000000000001,42.00000000000001
mb-01507,HoBiPt,3,90.00000000000003,40.99999999999999
mb-01508,ZrAlCu2,4,127.99999999999999,50.999999999999986
mb-01509,In2S3,40,48.99999999999999,18.999999999999996
mb-01510,LuNiBi,3,77.99999999999999,49.99999999999999
mb-01511,DySbPt,3,99.0,47.99999999999999
mb-01512,AlP,2,84.99999999999999,47.00000000000001
mb-01513,CrH,2,237.99999999999994,136.99999999999997
mb-01514,Sn4Pt,10,59.00000000000001,29.0
mb-01515,ZnP2,24,68.00000000000001,42.00000000000001
mb-01516,NbGe2,9,141.99999999999994,105.00000000000004
mb-01517,MnSbRu2,4,204.99999999999994,93.99999999999997
mb-01518,ZrMnSi,12,146.00000000000003,83.00000000000001
mb-01519,LiBO2,16,60.0,29.0
mb-01520,RbInTe2,8,23.999999999999993,7.999999999999999
mb-01521,Ca2GaCu2,5,49.99999999999999,23.999999999999993
mb-01522,AlRh,2,195.99999999999994,101.99999999999999
mb-01523,MnAs,8,114.00000000000003,78.99999999999999
mb-01524,CaPt5,6,165.99999999999997,70.99999999999999
mb-01525,ScCuO2,8,136.99999999999997,46.0
mb-01526,ZrAs2,12,109.99999999999997,70.99999999999999
mb-01527,CsAgSe4,24,9.0,6.0
mb-01528,MgSiP2,8,72.00000000000001,34.0
mb-01529,Ho2In,6,55.00000000000001,25.000000000000007
mb-01530,MgB4,20,158.99999999999994,112.99999999999994
mb-01531,HfCu2Te3,12,39.99999999999999,22.999999999999996
mb-01532,NdFeSi,6,59.00000000000001,45.00000000000001
mb-01533,MgCd3,8,45.00000000000001,12.000000000000002
mb-01534,Zr6CoAs2,9,124.00000000000003,67.0
mb-01535,HfSiMo,12,189.00000000000006,103.99999999999997
mb-01536,Zr3In,4,96.99999999999999,50.999999999999986
mb-01537,CoMoP,12,257.99999999999994,122.00000000000004
mb-01538,ZrNiSb,12,135.0,54.000000000000014
mb-01539,ScCd3,8,61.000000000000014,27.000000000000004
mb-01540,LiCoAs,6,54.000000000000014,29.999999999999996
mb-01541,RbCaF3,5,46.0,26.0
mb-01542,K2TcCl6,9,7.999999999999999,7.0
mb-01543,ZrPRu,12,207.99999999999997,108.00000000000004
mb-01544,CoP,8,193.00000000000006,111.00000000000004
mb-01545,NiBr2,3,17.0,7.0
mb-01546,NiI2,3,13.999999999999998,6.0
mb-01547,SmPd,4,79.99999999999999,27.000000000000004
mb-01548,IBr,4,2.0,1.0
mb-01549,TmCd3,8,55.00000000000001,28.0
mb-01550,YSnPt,12,108.00000000000004,40.99999999999999
mb-01551,Li4NCl,6,36.0,29.999999999999996
mb-01552,Zr2CoP,8,154.0,77.99999999999999
mb-01553,Sr(CuSb)2,10,62.0,21.999999999999996
mb-01554,BaNb4O6,11,184.99999999999997,109.00000000000004
mb-01555,Zr2NiP,8,152.00000000000003,83.00000000000001
mb-01556,SrInPt,12,62.0,25.000000000000007
mb-01557,Hf2CoP,8,165.99999999999997,85.99999999999999
mb-01558,Hf6CoBi2,9,111.99999999999997,59.00000000000001
mb-01559,NbGeIr,12,223.99999999999997,92.99999999999999
mb-01560,Ti5Si4,36,141.99999999999994,95.00000000000001
mb-01561,MnAlOs2,4,257.99999999999994,144.00000000000003
mb-01562,TiAsRh,12,178.00000000000003,76.0
mb-01563,Tb(SiRu)2,5,146.00000000000003,79.99999999999999
mb-01564,ZrVP,12,177.00000000000009,107.00000000000001
mb-01565,NiSbS,12,96.0,50.999999999999986
mb-01566,YbRh2,6,131.00000000000006,47.00000000000001
mb-01567,ScSi2Rh,16,140.99999999999991,84.99999999999999
mb-01568,Ce3Sn,4,56.00000000000001,37.0
mb-01569,Sm2GeRh3,6,126.99999999999999,44.0
mb-01570,Li3InN2,48,85.99999999999999,58.00000000000001
mb-01571,Ca2AuN,8,59.00000000000001,30.999999999999996
mb-01572,Mg2Ga5,14,45.00000000000001,33.0
mb-01573,Na2PtO2,5,70.00000000000001,27.000000000000004
mb-01574,Sr8Fe8O23,39,124.00000000000003,74.00000000000001
mb-01575,HfCoSn,18,140.00000000000006,72.00000000000001
mb-01576,Tl4Te3Pb,16,25.000000000000007,12.999999999999998
mb-01577,YbBRh3,5,161.99999999999994,85.99999999999999
mb-01578,CaZrN2,12,161.99999999999994,123.00000000000003
mb-01579,Y2Cl3,10,16.0,12.000000000000002
mb-01580,Mn2SnO4,14,127.99999999999999,47.99999999999999
mb-01581,Sc(FeSi)2,20,171.99999999999991,109.99999999999997
mb-01582,ScSnPt,18,118.99999999999996,56.00000000000001
mb-01583,P2Pb2O7,44,46.0,20.000000000000004
mb-01584,Na6ZnS4,22,32.00000000000001,15.000000000000004
mb-01585,PH4Br,12,12.999999999999998,7.0
mb-01586,K2PtBr6,9,10.0,6.0
mb-01587,TiZnIr2,4,225.0000000000001,102.99999999999996
mb-01588,MnAlGe,6,114.00000000000003,63.999999999999986
mb-01589,Sn7Ru3,20,109.99999999999997,37.99999999999999
mb-01590,BaGe3Pt,5,75.00000000000001,38.99999999999999
mb-01591,MgCdAg2,4,68.99999999999999,22.999999999999996
mb-01592,LiErTl2,4,45.00000000000001,17.0
mb-01593,Ba2CePtO6,10,138.0,63.0
mb-01594,RbCoCl3,10,16.0,5.000000000000001
mb-01595,Hf(CoSi)2,5,189.99999999999994,106.00000000000004
mb-01596,Li6OsN4,22,83.99999999999999,63.999999999999986
mb-01597,Ca(MgBi)2,5,35.0,21.999999999999996
mb-01598,Ba(MgBi)2,5,32.00000000000001,20.000000000000004
mb-01599,SmCoGe,12,83.99999999999999,52.00000000000001
mb-01600,CeCuGe,6,72.00000000000001,42.00000000000001
mb-01601,K3BrO,5,20.000000000000004,12.999999999999998
mb-01602,HfH2,3,149.0,34.0
mb-01603,DyInPt,9,101.99999999999999,33.0
mb-01604,CrBr3,24,7.999999999999999,5.000000000000001
mb-01605,NiP2,12,144.99999999999997,98.0
mb-01606,SrRuO3,20,165.99999999999997,70.00000000000001
mb-01607,ThRu3C,5,223.0,105.00000000000004
mb-01608,BiF5,6,15.000000000000004,11.000000000000002
mb-01609,KPt2S3,12,32.00000000000001,15.000000000000004
mb-01610,Ba2CuBrO2,6,40.99999999999999,13.999999999999998
mb-01611,LiSn4Ru,12,68.00000000000001,46.0
mb-01612,MnCu2SnSe4,8,54.000000000000014,20.000000000000004
mb-01613,Be4B,10,138.0,150.00000000000003
mb-01614,Al2NiO4,14,203.00000000000003,109.00000000000004
mb-01615,PdPbF4,12,64.99999999999999,17.999999999999996
mb-01616,Sr3(SnIr)4,11,93.99999999999997,32.00000000000001
mb-01617,IrO2,6,270.00000000000006,103.99999999999997
mb-01618,Ca3SnO,5,42.99999999999999,33.0
mb-01619,Co(BW)3,14,338.99999999999994,203.00000000000003
mb-01620,Ca4Mg4Fe3H22,33,61.000000000000014,44.0
mb-01621,Pm2MgSn,4,56.00000000000001,17.999999999999996
mb-01622,ScSiNi,12,132.00000000000006,72.00000000000001
mb-01623,ThB2C,12,181.00000000000003,124.99999999999994
mb-01624,Bi2PdO4,28,52.00000000000001,17.0
mb-01625,TbBi,2,52.00000000000001,30.999999999999996
mb-01626,HfFeP,12,212.99999999999994,124.99999999999994
mb-01627,NpGa3,4,62.0,45.00000000000001
mb-01628,TbMnSi,6,78.99999999999999,46.0
mb-01629,LuSiIr,12,154.99999999999997,84.99999999999999
mb-01630,NaTi2O4,28,144.00000000000003,77.0
mb-01631,Tm2SO2,5,127.99999999999999,70.00000000000001
mb-01632,Zr3P,32,124.99999999999994,63.999999999999986
mb-01633,YZrSb,6,79.99999999999999,40.99999999999999
mb-01634,Ba2CaIrO6,10,109.00000000000004,57.00000000000001
mb-01635,NaCl,2,22.999999999999996,13.999999999999998
mb-01636,Li2GaIr,4,81.0,21.0
mb-01637,CdSe,2,45.00000000000001,15.000000000000004
mb-01638,Sn(PbO2)2,28,46.0,17.0
mb-01639,Ca4TiN4,18,90.00000000000003,42.99999999999999
mb-01640,Pd3Pb,4,132.00000000000006,45.00000000000001
mb-01641,Ag3P11,14,52.999999999999986,32.00000000000001
mb-01642,SmClO,6,76.0,34.0
mb-01643,Eu(FeP3)4,17,150.99999999999994,111.99999999999997
mb-01644,CoB,8,302.99999999999983,152.00000000000003
mb-01645,SbF3,8,15.000000000000004,7.999999999999999
mb-01646,Rb2TiCl6,9,11.000000000000002,5.000000000000001
mb-01647,Cs2TiCl6,9,9.0,5.000000000000001
mb-01648,CoSe2,6,106.00000000000004,55.00000000000001
mb-01649,Cs2SeCl6,9,22.999999999999996,3.0
mb-01650,Rb2ZrCl6,9,9.0,5.000000000000001
mb-01651,YCuPb,6,68.00000000000001,44.0
mb-01652,Tl2PtCl6,9,11.000000000000002,6.0
mb-01653,K2OsBr6,9,12.999999999999998,3.0
mb-01654,Fe2W,12,259.00000000000006,136.99999999999997
mb-01655,Na3Bi,8,17.0,10.0
mb-01656,K2TiCl6,9,12.000000000000002,5.000000000000001
mb-01657,HfCuSi,12,154.99999999999997,84.99999999999999
mb-01658,Sc3(NiGe)4,11,126.99999999999999,75.00000000000001
mb-01659,VBO4,6,20.000000000000004,26.0
mb-01660,ZrAlCo2,4,160.99999999999994,77.99999999999999
mb-01661,HfSnPd,3,122.00000000000004,58.00000000000001
mb-01662,Li2O2,8,70.99999999999999,49.99999999999999
mb-01663,VSn2,12,98.0,52.00000000000001
mb-01664,AlClO,6,29.0,21.0
mb-01665,Ga2HgTe4,7,23.999999999999993,15.000000000000004
mb-01666,ZrSbRu,3,135.99999999999997,47.00000000000001
mb-01667,SmBrO,6,16.0,13.999999999999998
mb-01668,KNO2,4,17.0,6.0
mb-01669,Mn(ReO4)2,11,13.999999999999998,10.0
mb-01670,ZrCuSi,12,146.99999999999997,83.99999999999999
mb-01671,NaBH4,12,18.999999999999996,10.0
mb-01672,Cs2GeCl6,9,7.999999999999999,5.000000000000001
mb-01673,Bi2SO2,10,44.0,22.999999999999996
mb-01674,HfNbB4,6,269.00000000000006,219.00000000000009
mb-01675,La3InC,5,28.0,39.99999999999999
mb-01676,PrB2Ir3,6,225.0000000000001,96.0
mb-01677,NaBO2,24,46.0,18.999999999999996
mb-01678,SiPd,8,149.0,58.00000000000001
mb-01679,Tl2PdCl4,7,13.999999999999998,6.0
mb-01680,Ca(ZnN)2,5,119.99999999999996,79.99999999999999
mb-01681,ErMgCd2,4,55.00000000000001,25.000000000000007
mb-01682,Li5SbO5,11,96.99999999999999,64.99999999999999
mb-01683,Ho(SiRh)2,5,160.99999999999994,88.00000000000001
mb-01684,Zr(SiNi)2,5,170.99999999999991,82.0
mb-01685,Ba2MnSe3,24,36.0,20.000000000000004
mb-01686,V3Ga,8,168.0,37.99999999999999
mb-01687,KGaSb4,24,21.0,13.999999999999998
mb-01688,Rb2MnCl4,7,20.000000000000004,11.000000000000002
mb-01689,Tl2Au,6,21.0,7.0
mb-01690,Hf5CuSn3,18,118.00000000000003,62.0
mb-01691,NbAlO4,12,171.99999999999991,74.00000000000001
mb-01692,Li2PmIn,4,40.99999999999999,30.999999999999996
mb-01693,GeRh2,12,192.00000000000003,63.999999999999986
mb-01694,Li9Ge4,26,34.0,27.000000000000004
mb-01695,UAsSe,6,73.0,42.00000000000001
mb-01696,SrGaCu2,4,52.999999999999986,26.0
mb-01697,In2O3,40,144.99999999999997,58.00000000000001
mb-01698,Cu2PbO2,10,50.999999999999986,17.0
mb-01699,AlAgTe2,8,42.00000000000001,17.0
mb-01700,Cs2HfI6,9,7.0,4.0
mb-01701,Cd2GeO4,28,100.0,34.0
mb-01702,Th2MnN3,6,193.00000000000006,99.0
mb-01703,LiNbO2,8,154.0,100.0
mb-01704,CaAsAu,6,57.00000000000001,26.0
mb-01705,Li2CuSn,4,52.00000000000001,29.999999999999996
mb-01706,SmSF,6,98.0,50.999999999999986
mb-01707,Li3AlN2,48,103.99999999999997,101.00000000000001
mb-01708,Cu3PS4,16,78.99999999999999,36.0
mb-01709,ZrSiS,6,124.99999999999994,85.99999999999999
mb-01710,CsNaTe,6,17.999999999999996,7.999999999999999
mb-01711,SrCuSn2,8,47.00000000000001,22.999999999999996
mb-01712,B2O3,15,33.0,36.0
mb-01713,Ir3W,8,350.99999999999983,193.00000000000006
mb-01714,Er(SiOs)2,5,170.00000000000006,83.00000000000001
mb-01715,YbGa,4,47.99999999999999,33.0
mb-01716,Mg3Pt,24,70.00000000000001,28.0
mb-01717,BaPt,4,49.99999999999999,18.999999999999996
mb-01718,Mg3Pd,24,59.00000000000001,21.0
mb-01719,ScCd7,16,52.999999999999986,20.000000000000004
mb-01720,DySi2Rh3,6,176.00000000000006,100.0
mb-01721,NiPS,12,118.00000000000003,61.000000000000014
mb-01722,Cr3Si,8,249.0,154.0
mb-01723,LiH2N,16,25.000000000000007,17.0
mb-01724,KCuO2,8,36.0,18.999999999999996
mb-01725,Er2Pt,12,73.0,25.000000000000007
mb-01726,ErSnPt2,8,126.00000000000001,45.00000000000001
mb-01727,PrSF,6,91.00000000000001,47.00000000000001
mb-01728,Li2ZrF6,9,58.00000000000001,35.0
mb-01729,ErPO4,12,135.99999999999997,64.99999999999999
mb-01730,Nd(SiNi)2,5,121.00000000000006,70.00000000000001
mb-01731,AcN,4,77.0,17.999999999999996
mb-01732,Pm2PtRh,4,101.00000000000001,29.0
mb-01733,BaPdS2,8,39.99999999999999,13.999999999999998
mb-01734,Nd(SiRu)2,5,140.00000000000006,79.99999999999999
mb-01735,Pm2MgGa,4,56.00000000000001,27.000000000000004
mb-01736,Pr(CuSi)2,5,100.0,74.00000000000001
mb-01737,Zr3Co,8,103.99999999999997,34.0
mb-01738,Y2Co3Si5,20,140.00000000000006,61.000000000000014
mb-01739,CaP,12,48.99999999999999,33.0
mb-01740,Sr3(FeO3)2,11,109.00000000000004,55.00000000000001
mb-01741,PuN,2,154.0,91.00000000000001
mb-01742,Ti2TcRh,4,204.0,93.99999999999997
mb-01743,Li5SiP3,18,35.0,27.000000000000004
mb-01744,KCrS2,4,48.99999999999999,36.0
mb-01745,PaO2,3,203.00000000000003,102.99999999999996
mb-01746,Rb2Pt3S4,9,21.0,7.0
mb-01747,Cu3Se2,10,74.00000000000001,15.000000000000004
mb-01748,TmNiC2,4,162.99999999999994,101.00000000000001
mb-01749,Dy2Tl,6,52.00000000000001,22.999999999999996
mb-01750,YAl3Ni,20,92.99999999999999,60.0
mb-01751,Dy(SiIr)2,5,173.00000000000003,105.00000000000004
mb-01752,CaSc2O4,28,144.00000000000003,82.0
mb-01753,BeSiN2,16,207.00000000000003,173.00000000000003
mb-01754,Sm(SiRu)2,5,140.00000000000006,81.0
mb-01755,TbZrSb,6,79.99999999999999,37.99999999999999
mb-01756,Sc3AlC,5,101.99999999999999,83.00000000000001
mb-01757,YbRh,2,79.99999999999999,34.0
mb-01758,La(FeSi)2,5,106.00000000000004,70.00000000000001
mb-01759,Mg2Ga,18,45.00000000000001,25.000000000000007
mb-01760,Ba2ZnN2,5,52.999999999999986,23.999999999999993
mb-01761,Ce(SiRh)2,5,138.0,84.99999999999999
mb-01762,CeAlO3,10,189.00000000000006,92.99999999999999
mb-01763,HoPO4,12,138.99999999999997,61.000000000000014
mb-01764,Ho(CuSi)2,5,115.00000000000003,74.00000000000001
mb-01765,TiGaNi,9,146.99999999999997,68.99999999999999
mb-01766,HfMgN2,16,156.99999999999994,75.00000000000001
mb-01767,Li2Si2O5,18,78.99999999999999,49.99999999999999
mb-01768,K3CoO2,24,27.000000000000004,9.0
mb-01769,CaCuAs,6,63.0,42.99999999999999
mb-01770,Ca3MoN3,14,56.00000000000001,22.999999999999996
mb-01771,Tl2SO4,28,23.999999999999993,7.999999999999999
mb-01772,Rb3CoO2,24,22.999999999999996,7.999999999999999
mb-01773,KUO3,5,130.00000000000006,66.00000000000001
mb-01774,Rb2CO3,24,23.999999999999993,10.0
mb-01775,Na3CoO3,14,50.999999999999986,25.000000000000007
mb-01776,LiAlGe,3,61.000000000000014,50.999999999999986
mb-01777,Dy(SiRu)2,5,144.00000000000003,78.99999999999999
mb-01778,Ti2Ga3,10,91.00000000000001,67.0
mb-01779,YbCo2,6,84.99999999999999,21.999999999999996
mb-01780,Tb(FeSi)2,5,136.99999999999997,82.0
mb-01781,ZrGa2,6,100.0,63.999999999999986
mb-01782,Zr3Ga2,10,111.99999999999997,67.0
mb-01783,F2,4,5.000000000000001,2.0
mb-01784,LiCu2Ge,4,89.0,36.0
mb-01785,YNi3,12,132.00000000000006,52.00000000000001
mb-01786,GdNiSb,3,75.00000000000001,49.99999999999999
mb-01787,YB2,3,164.00000000000003,150.99999999999994
mb-01788,Ho(FeB)2,5,100.0,77.0
mb-01789,U2PN2,5,156.0,82.0
mb-01790,Yb(CoSi)2,5,93.99999999999997,81.0
mb-01791,Tl(CuTe)2,5,30.999999999999996,12.000000000000002
mb-01792,AlRu,2,202.00000000000006,102.99999999999996
mb-01793,Rb2CN2,15,26.0,10.0
mb-01794,Mg2Hg,12,45.00000000000001,16.0
mb-01795,Lu(CuSi)2,5,118.00000000000003,70.99999999999999
mb-01796,ScHg3,8,63.999999999999986,20.000000000000004
mb-01797,Ti3Ir,8,168.99999999999997,12.999999999999998
mb-01798,MgCO3,10,105.00000000000004,63.0
mb-01799,LiNbRh2,4,175.0,64.99999999999999
mb-01800,NdTl,2,52.00000000000001,16.0
mb-01801,BRh,4,275.0000000000001,101.00000000000001
mb-01802,FeF2,6,96.99999999999999,33.0
mb-01803,Ta3Au,8,203.00000000000003,68.00000000000001
mb-01804,VIr,4,273.0,116.00000000000003
mb-01805,Cd(InS2)2,14,63.0,21.999999999999996
mb-01806,CaAlSi,15,55.00000000000001,37.99999999999999
mb-01807,YSnAu,6,77.99999999999999,42.00000000000001
mb-01808,YbBO3,10,79.99999999999999,33.0
mb-01809,La(SiOs)2,5,140.00000000000006,79.99999999999999
mb-01810,ErNbO4,12,146.99999999999997,58.00000000000001
mb-01811,MgTiN2,16,161.99999999999994,77.0
mb-01812,YTaO4,12,181.99999999999994,66.00000000000001
mb-01813,CaAg,4,20.000000000000004,11.000000000000002
mb-01814,Ca4P2O,7,57.00000000000001,42.99999999999999
mb-01815,TaGaFe2,4,223.99999999999997,124.00000000000003
mb-01816,NdSnRh,9,101.00000000000001,34.0
mb-01817,NdNiC2,4,171.99999999999991,85.99999999999999
mb-01818,TiGa3,4,100.0,74.00000000000001
mb-01819,Er(SiRh)2,5,161.99999999999994,88.00000000000001
mb-01820,VSe2,3,16.0,12.000000000000002
mb-01821,LuAlSi,6,91.00000000000001,64.99999999999999
mb-01822,Ca2CdSb2,20,29.999999999999996,21.0
mb-01823,LaSF,6,84.99999999999999,42.99999999999999
mb-01824,V3B4,7,277.99999999999994,232.00000000000009
mb-01825,NpIO,6,27.000000000000004,26.0
mb-01826,YMgAg,9,58.00000000000001,17.0
mb-01827,PaAlTc2,4,183.99999999999997,37.0
mb-01828,LiIr3,4,242.99999999999997,111.99999999999997
mb-01829,MgNi3B2,18,192.00000000000003,85.99999999999999
mb-01830,Ag3Ge5P6,28,64.99999999999999,36.0
mb-01831,CePt5,6,204.99999999999994,63.999999999999986
mb-01832,PaIr3,4,250.99999999999991,127.99999999999999
mb-01833,CaMoN3,10,105.00000000000004,45.00000000000001
mb-01834,IrW,4,334.00000000000006,182.99999999999991
mb-01835,AlCrRu2,4,231.00000000000009,112.99999999999994
mb-01836,Li15Au4,38,28.0,12.999999999999998
mb-01837,CeAl3,8,61.000000000000014,48.99999999999999
mb-01838,GaTe,12,10.0,7.0
mb-01839,ErNi,8,90.00000000000003,26.0
mb-01840,Be12V,13,130.00000000000006,144.00000000000003
mb-01841,K2CuBr3,24,13.999999999999998,7.999999999999999
mb-01842,CeAl4Ni,12,98.0,64.99999999999999
mb-01843,Nb3Pt,8,207.00000000000003,79.99999999999999
mb-01844,Li2AgSn,4,83.99999999999999,49.99999999999999
mb-01845,LaPd5,6,115.00000000000003,42.00000000000001
mb-01846,K4ZnAs2,7,15.000000000000004,9.0
mb-01847,Tb(SiOs)2,5,174.00000000000009,85.99999999999999
mb-01848,Cs2NaYBr6,10,37.99999999999999,12.000000000000002
mb-01849,TiNiSb,3,127.99999999999999,57.00000000000001
mb-01850,SmZn5,6,75.00000000000001,38.99999999999999
mb-01851,Sc2AlOs,4,124.99999999999994,46.0
mb-01852,AlZnRh2,4,184.99999999999997,90.00000000000003
mb-01853,Hf2TcOs,4,209.0000000000001,86.99999999999999
mb-01854,Y5Sn3,16,62.0,44.0
mb-01855,NbCu3S4,8,39.99999999999999,25.000000000000007
mb-01856,Zr5Sn4,18,103.99999999999997,62.0
mb-01857,Li7Sn2,18,28.0,25.000000000000007
mb-01858,Cs2Pd(IBr2)2,9,15.000000000000004,7.0
mb-01859,CaSnN2,16,95.00000000000001,36.0
mb-01860,Li13Sn5,18,29.999999999999996,23.999999999999993
mb-01861,ScRh3,4,183.99999999999997,83.99999999999999
mb-01862,Pm2ZnRu,4,79.99999999999999,23.999999999999993
mb-01863,Ag2HgI4,7,11.000000000000002,5.000000000000001
mb-01864,HRh,2,217.00000000000003,67.0
mb-01865,Li7VN4,96,83.00000000000001,72.00000000000001
mb-01866,TiCo2Sn,4,168.0,74.00000000000001
mb-01867,NaPuO3,5,73.0,55.00000000000001
mb-01868,Sc(MnSn)6,13,112.99999999999994,70.00000000000001
mb-01869,Tl3VO4,8,16.0,7.999999999999999
mb-01870,Mn(AlTe2)2,7,29.0,13.999999999999998
mb-01871,ZnCdPt2,4,154.99999999999997,57.00000000000001
mb-01872,PtSe2,3,17.999999999999996,11.000000000000002
mb-01873,Mg2TiO4,28,146.99999999999997,72.00000000000001
mb-01874,Sr(AlTe2)2,7,22.999999999999996,13.999999999999998
mb-01875,Li5ReN4,20,70.99999999999999,46.0
mb-01876,BaAg2SnS4,8,33.0,13.999999999999998
mb-01877,MnV2O6,18,48.99999999999999,25.000000000000007
mb-01878,CoPO4,12,20.000000000000004,12.999999999999998
mb-01879,BaZnF4,12,57.00000000000001,22.999999999999996
mb-01880,Li2Se,3,34.0,27.000000000000004
mb-01881,HfGa3,4,101.99999999999999,70.99999999999999
mb-01882,LiMnFeO4,14,121.00000000000006,67.0
mb-01883,PrCd2,3,47.99999999999999,23.999999999999993
mb-01884,Al3Ni,16,112.99999999999994,66.00000000000001
mb-01885,LuSi2Ni,8,128.99999999999994,63.0
mb-01886,Na3YCl6,10,21.0,10.0
mb-01887,Na2MnN2,20,47.99999999999999,21.0
mb-01888,Ga2S3,10,30.999999999999996,22.999999999999996
mb-01889,CoAsS,12,138.99999999999997,103.99999999999997
mb-01890,TiPt3,28,234.00000000000006,107.00000000000001
mb-01891,Na2FeO3,12,52.999999999999986,36.0
mb-01892,In2TeO6,27,141.99999999999994,60.0
mb-01893,LiVF4,12,37.99999999999999,25.000000000000007
mb-01894,CaInPd,12,61.000000000000014,22.999999999999996
mb-01895,Sb2Os,6,128.99999999999994,86.99999999999999
mb-01896,Na2H4Pd,7,22.999999999999996,11.000000000000002
mb-01897,K2H4Pd,7,13.999999999999998,7.999999999999999
mb-01898,V3O5,32,184.99999999999997,84.99999999999999
mb-01899,Cs2H6Pt,9,11.000000000000002,5.000000000000001
mb-01900,Rb2H6Pt,9,13.999999999999998,7.0
mb-01901,Bi2AuO5,32,121.00000000000006,49.99999999999999
mb-01902,Ge3N4,28,165.99999999999997,91.00000000000001
mb-01903,ZrNiH3,10,150.99999999999994,66.00000000000001
mb-01904,Cs2SnI6,9,7.0,4.0
mb-01905,Ce(CoP)2,5,154.0,92.99999999999999
mb-01906,Ba3Zr2O7,12,118.99999999999996,66.00000000000001
mb-01907,Pm2ZnAg,4,54.000000000000014,22.999999999999996
mb-01908,AlPd,26,150.00000000000003,63.999999999999986
mb-01909,PaMn2Al,4,144.99999999999997,57.00000000000001
mb-01910,Mg3NF3,7,109.00000000000004,81.0
mb-01911,Si4P4Ru,9,119.99999999999996,85.99999999999999
mb-01912,MnAl2O4,14,179.99999999999997,77.99999999999999
mb-01913,SmB2Rh3,6,197.99999999999991,98.0
mb-01914,Nd2Ti2S2O5,11,126.99999999999999,54.000000000000014
mb-01915,Sc2NiIr,4,146.99999999999997,47.99999999999999
mb-01916,Li5TaO5,11,92.99999999999999,68.00000000000001
mb-01917,Cs2SnBr6,9,7.999999999999999,4.0
mb-01918,U2SeN2,5,126.00000000000001,70.00000000000001
mb-01919,Ca3SbP,5,39.99999999999999,27.000000000000004
mb-01920,CdTe,2,35.0,13.999999999999998
mb-01921,CuPt7,8,245.00000000000009,74.00000000000001
mb-01922,NiF3,8,50.999999999999986,37.99999999999999
mb-01923,KGe2N3,24,135.0,78.99999999999999
mb-01924,K2NaScF6,10,16.0,27.000000000000004
mb-01925,CdCu2GeSe4,8,57.00000000000001,22.999999999999996
mb-01926,KRb2TiF6,10,29.999999999999996,63.0
mb-01927,DyGaRh2,4,146.99999999999997,42.00000000000001
mb-01928,KBrO3,5,15.000000000000004,10.0
mb-01929,MgMnO3,10,156.0,86.99999999999999
mb-01930,La2Si4CN6,52,56.00000000000001,68.99999999999999
mb-01931,F2,4,2.0,1.0
mb-01932,TbNi2B2C,6,186.00000000000009,74.00000000000001
mb-01933,LuInPt,9,107.00000000000001,37.0
mb-01934,Ho2CF2,5,105.00000000000004,63.999999999999986
mb-01935,Ti3PdO,10,167.0,42.00000000000001
mb-01936,Sr3(AlN2)2,36,85.99999999999999,45.00000000000001
mb-01937,SrSbPt,3,60.0,23.999999999999993
mb-01938,CaPb,4,48.99999999999999,35.0
mb-01939,Li2FeO2,5,83.99999999999999,46.0
mb-01940,Ba(Si3N4)2,15,152.00000000000003,103.99999999999997
mb-01941,YbSmZn2,4,49.99999999999999,29.0
mb-01942,DyInAu2,4,89.0,17.0
mb-01943,ErNi2B2C,6,161.99999999999994,75.00000000000001
mb-01944,ScAl2,6,88.00000000000001,68.99999999999999
mb-01945,Bi3BrO4,8,60.0,29.0
mb-01946,NdNi2B2C,6,178.00000000000003,74.00000000000001
mb-01947,LaYbAg2,4,48.99999999999999,18.999999999999996
mb-01948,Cs2CoF6,9,15.000000000000004,7.0
mb-01949,YbF2,6,81.0,29.0
mb-01950,YbCl2,6,36.0,13.999999999999998
mb-01951,YMg,2,40.99999999999999,20.000000000000004
mb-01952,CdPd3,4,136.99999999999997,42.99999999999999
mb-01953,CeN,2,146.00000000000003,76.0
mb-01954,LiHO,6,13.999999999999998,7.999999999999999
mb-01955,Yb3N2,10,78.99999999999999,34.0
mb-01956,Hf2Zn,3,109.00000000000004,59.00000000000001
mb-01957,AlPt3,16,217.9999999999999,74.00000000000001
mb-01958,Ba3SnO,5,34.0,25.000000000000007
mb-01959,PmF3,4,144.99999999999997,46.0
mb-01960,Li2CeN2,5,109.99999999999997,64.99999999999999
mb-01961,Ho2MgAl,4,52.00000000000001,36.0
mb-01962,Al2CdS4,7,38.99999999999999,21.999999999999996
mb-01963,Cs2AlTlH6,10,21.0,21.0
mb-01964,LiAg3,4,62.0,21.0
mb-01965,PaTlO3,5,132.00000000000006,56.00000000000001
mb-01966,Lu2PdRu,4,114.00000000000003,48.99999999999999
mb-01967,ScGa2Ni,8,107.00000000000001,60.0
mb-01968,U2SN2,5,126.00000000000001,79.99999999999999
mb-01969,KHO,6,25.000000000000007,7.999999999999999
mb-01970,UN,2,217.9999999999999,78.99999999999999
mb-01971,NiH,2,199.00000000000009,68.00000000000001
mb-01972,YbB2Ir3,6,234.00000000000006,128.99999999999994
mb-01973,Ba2H6Os,9,44.0,20.000000000000004
mb-01974,TiCoSb,3,141.99999999999994,75.00000000000001
mb-01975,Mg2Ge,3,49.99999999999999,42.00000000000001
mb-01976,Mg(BeAs)2,5,76.0,45.00000000000001
mb-01977,LiFeO2,16,126.00000000000001,79.99999999999999
mb-01978,AlSbO4,6,197.99999999999991,118.99999999999996
mb-01979,LiMgP,3,55.00000000000001,42.99999999999999
mb-01980,RbVN2,8,55.00000000000001,36.0
mb-01981,Na3BrO,5,49.99999999999999,23.999999999999993
mb-01982,Sc3InC,5,96.99999999999999,82.0
mb-01983,Sc3GaC,5,100.0,84.99999999999999
mb-01984,BaPaO3,5,96.0,40.99999999999999
mb-01985,CoSb,4,136.99999999999997,68.99999999999999
mb-01986,Ta3Sn,8,179.00000000000006,27.000000000000004
mb-01987,ZnSnN2,16,133.0,64.99999999999999
mb-01988,ThS,2,116.00000000000003,35.0
mb-01989,GaSiRu2,4,202.00000000000006,92.99999999999999
mb-01990,NaPmTl2,4,35.0,16.0
mb-01991,Sc2IrPd,4,135.99999999999997,46.0
mb-01992,CdSnP2,8,57.00000000000001,29.0
mb-01993,Sb2Ru,6,116.00000000000003,77.0
mb-01994,Lu2CuPt,4,101.00000000000001,38.99999999999999
mb-01995,SrAlSi,3,52.00000000000001,38.99999999999999
mb-01996,LiMgN,12,98.0,83.99999999999999
mb-01997,NaHoF4,12,68.99999999999999,32.00000000000001
mb-01998,HoAg2,3,75.00000000000001,30.999999999999996
mb-01999,Th,1,56.00000000000001,40.99999999999999
mb-02000,Cs2NaAlH6,10,88.00000000000001,12.999999999999998
mb-02001,Ni3O4,14,146.00000000000003,77.99999999999999
mb-02002,Ga2CoO4,14,168.99999999999997,73.0
mb-02003,BiPd,4,85.99999999999999,22.999999999999996
mb-02004,SrSiN2,16,96.0,32.00000000000001
mb-02005,CsAgO,12,21.999999999999996,7.999999999999999
mb-02006,DyBi,2,52.999999999999986,30.999999999999996
mb-02007,CrAuO2,4,156.99999999999994,62.0
mb-02008,NaSnP,6,36.0,12.000000000000002
mb-02009,Li2GaPt,4,84.99999999999999,29.999999999999996
mb-02010,LuBRh3,5,164.00000000000003,85.99999999999999
mb-02011,LiCrS2,4,83.00000000000001,42.99999999999999
mb-02012,HoBRh3,5,182.99999999999991,84.99999999999999
mb-02013,DyBRh3,5,175.0,83.00000000000001
mb-02014,TiCdF6,8,10.0,15.000000000000004
mb-02015,YPd3,4,126.00000000000001,56.00000000000001
mb-02016,BaAl2B2O7,12,92.00000000000001,32.00000000000001
mb-02017,SmCd,2,52.00000000000001,17.999999999999996
mb-02018,Ni2B,6,249.99999999999994,100.0
mb-02019,KHgF3,20,50.999999999999986,12.999999999999998
mb-02020,NbZn2N3,12,138.99999999999997,52.999999999999986
mb-02021,TaCu3S4,8,37.99999999999999,25.000000000000007
mb-02022,NbPd3,24,195.99999999999994,78.99999999999999
mb-02023,AlAsO4,6,23.999999999999993,18.999999999999996
mb-02024,NbAlOs2,4,261.9999999999999,130.00000000000006
mb-02025,Ti2S,36,146.99999999999997,84.99999999999999
mb-02026,Li2SbPt,4,81.0,28.0
mb-02027,ZrScOs2,4,191.00000000000006,83.00000000000001
mb-02028,Li3N,4,52.00000000000001,34.0
mb-02029,FeSbO4,6,178.00000000000003,92.99999999999999
mb-02030,TiRu,2,211.9999999999999,107.00000000000001
mb-02031,YErAg2,4,68.99999999999999,30.999999999999996
mb-02032,MnSbPt,3,109.99999999999997,29.0
mb-02033,YCuSb2,8,70.00000000000001,30.999999999999996
mb-02034,Li2GaPd,4,67.0,26.0
mb-02035,AlPt,8,183.99999999999997,74.00000000000001
mb-02036,MgSnAu,3,67.0,22.999999999999996
mb-02037,BeSiAs2,8,74.00000000000001,56.00000000000001
mb-02038,Li2GeAu,4,42.00000000000001,35.0
mb-02039,BaCd,2,22.999999999999996,12.999999999999998
mb-02040,LiHgPd2,4,96.99999999999999,17.999999999999996
mb-02041,Ba(TaN2)2,84,40.99999999999999,26.0
mb-02042,V3As,8,193.99999999999997,109.00000000000004
mb-02043,Sc2Ti2O7,11,136.99999999999997,47.99999999999999
mb-02044,LuRh,2,136.99999999999997,54.000000000000014
mb-02045,V2ReOs,4,291.00000000000006,144.00000000000003
mb-02046,Al2ZnTe4,7,29.0,18.999999999999996
mb-02047,Ba2YNbO6,10,134.00000000000003,77.0
mb-02048,LaBRh3,5,153.00000000000003,62.0
mb-02049,UO3,4,150.00000000000003,63.0
mb-02050,PrBRh3,5,164.00000000000003,67.0
mb-02051,Ga2IrRh,4,193.99999999999997,58.00000000000001
mb-02052,TiMn2Si,4,207.00000000000003,105.00000000000004
mb-02053,Ba2NiWO6,10,122.00000000000004,64.99999999999999
mb-02054,LuB2Ir3,6,248.00000000000009,124.99999999999994
mb-02055,YbPd3,4,117.00000000000001,38.99999999999999
mb-02056,Cs2PtF6,9,15.000000000000004,6.0
mb-02057,AgNO3,10,35.0,9.0
mb-02058,K4I2O,7,7.999999999999999,9.0
mb-02059,AlCuSe2,8,63.0,28.0
mb-02060,Ba3GaN3,14,37.0,20.000000000000004
mb-02061,YCuSi,6,90.00000000000003,59.00000000000001
mb-02062,ZrInCu2,4,117.00000000000001,50.999999999999986
mb-02063,CsGdO2,8,70.00000000000001,37.0
mb-02064,H2O,12,16.0,7.0
mb-02065,ScCoC2,8,201.00000000000009,102.99999999999996
mb-02066,Cd(InTe2)2,7,21.0,12.000000000000002
mb-02067,NaLaO2,8,88.00000000000001,34.0
mb-02068,Ca2SnHg,4,3.0,30.999999999999996
mb-02069,MgSnN2,16,119.99999999999996,61.000000000000014
mb-02070,NaCa2Tl,4,21.999999999999996,15.000000000000004
mb-02071,DyMgTl2,4,48.99999999999999,7.0
mb-02072,Li6WN4,22,84.99999999999999,68.00000000000001
mb-02073,Pu,16,203.00000000000003,90.00000000000003
mb-02074,Ho(NiP)2,5,124.00000000000003,85.99999999999999
mb-02075,Mg4Zn7,55,61.000000000000014,32.00000000000001
mb-02076,Pm2AgIr,4,96.0,23.999999999999993
mb-02077,FeGeRu2,4,226.9999999999999,99.0
mb-02078,Ba3Hf2O7,12,124.00000000000003,70.99999999999999
mb-02079,ReIr3,8,348.99999999999983,154.99999999999997
mb-02080,Cs2SnCl6,9,3.0,4.0
mb-02081,TmBrO,6,18.999999999999996,15.000000000000004
mb-02082,Li2YTl,4,128.99999999999994,49.99999999999999
mb-02083,AlCuTe2,8,52.00000000000001,23.999999999999993
mb-02084,RbCrO2,4,108.00000000000004,67.0
mb-02085,KHoO2,4,83.00000000000001,52.00000000000001
mb-02086,TbSi2Rh3,6,174.00000000000009,100.0
mb-02087,KO2,3,25.000000000000007,10.0
mb-02088,SrZn,8,23.999999999999993,9.0
mb-02089,Fe3Co,4,187.00000000000003,96.0
mb-02090,LiRh,2,108.00000000000004,47.00000000000001
mb-02091,V2O3F,12,119.99999999999996,63.0
mb-02092,Cd(CuO2)2,14,124.00000000000003,47.99999999999999
mb-02093,Lu3AlN,5,100.0,75.00000000000001
mb-02094,NaTmO2,4,83.99999999999999,58.00000000000001
mb-02095,TiGaPt,6,162.99999999999994,57.00000000000001
mb-02096,Ac2CuIr,4,73.0,12.999999999999998
mb-02097,TbCuGe,6,75.00000000000001,49.99999999999999
mb-02098,V2H3O5,10,85.99999999999999,52.00000000000001
mb-02099,Er6Te2Ru,9,63.999999999999986,29.0
mb-02100,CdNi3N,5,181.99999999999994,68.00000000000001
mb-02101,CuNi3N,5,195.99999999999994,66.00000000000001
mb-02102,CdCo3N,5,186.00000000000009,91.00000000000001
mb-02103,CsSnBr3,5,20.000000000000004,7.999999999999999
mb-02104,K2Sn2O3,14,22.999999999999996,15.000000000000004
mb-02105,HfScCo2,4,130.00000000000006,64.99999999999999
mb-02106,ScGaPd2,4,131.00000000000006,25.000000000000007
mb-02107,HoCuGe,6,84.99999999999999,56.00000000000001
mb-02108,Li14P2(N2O)3,25,86.99999999999999,70.00000000000001
mb-02109,Li2CeO3,6,88.00000000000001,39.99999999999999
mb-02110,Zr4In5Co2,11,89.0,52.999999999999986
mb-02111,BaMgGe,6,33.0,22.999999999999996
mb-02112,Be5Pd,6,146.00000000000003,132.00000000000006
mb-02113,ScHO2,8,77.99999999999999,48.99999999999999
mb-02114,HoNi2,6,102.99999999999996,42.00000000000001
mb-02115,Ba2HfO4,7,109.99999999999997,60.0
mb-02116,AsCl3,16,1.0,1.0
mb-02117,Tm(SiPd)2,5,130.00000000000006,50.999999999999986
mb-02118,Ho(PRu)2,5,159.99999999999991,100.0
mb-02119,SmInRh2,4,121.00000000000006,37.0
mb-02120,SmPbAu2,4,75.00000000000001,17.0
mb-02121,BaTeO3,10,38.99999999999999,21.0
mb-02122,TmBRh3,5,183.99999999999997,86.99999999999999
mb-02123,Nb2SnC,8,159.99999999999991,78.99999999999999
mb-02124,MgPt3,4,181.99999999999994,76.0
mb-02125,Er(FeGe)2,5,126.00000000000001,50.999999999999986
mb-02126,ScBrO,6,21.999999999999996,13.999999999999998
mb-02127,VGaCo2,4,197.99999999999991,83.99999999999999
mb-02128,LiSc2Ru,4,88.00000000000001,33.0
mb-02129,Ce(CuSi)2,5,101.00000000000001,76.0
mb-02130,TaIr,12,274.0,96.0
mb-02131,MgTe,4,35.0,12.000000000000002
mb-02132,BaSn2,3,33.0,17.999999999999996
mb-02133,LiCoF4,12,61.000000000000014,33.0
mb-02134,SrMgSn,12,36.0,27.000000000000004
mb-02135,Ca2Cu(BrO)2,7,21.0,17.0
mb-02136,PdSeO3,10,17.999999999999996,11.000000000000002
mb-02137,TmAlSi,6,92.00000000000001,64.99999999999999
mb-02138,NdBi2ClO4,8,58.00000000000001,25.000000000000007
mb-02139,Mg2Zn11,39,67.0,33.0
mb-02140,Cs(CoS)2,5,47.99999999999999,34.0
mb-02141,K2NaAlF6,10,52.00000000000001,28.0
mb-02142,UCdO4,6,109.00000000000004,40.99999999999999
mb-02143,Sr2CuO3,6,98.0,54.000000000000014
mb-02144,CsAgCl2,8,21.0,6.0
mb-02145,DyAgGe,9,76.0,52.00000000000001
mb-02146,Rb2NiF4,7,40.99999999999999,20.000000000000004
mb-02147,Be22Re,46,136.99999999999997,152.00000000000003
mb-02148,Sr4CN4,36,50.999999999999986,22.999999999999996
mb-02149,LuOs2,12,215.00000000000003,59.00000000000001
mb-02150,DyInRh,9,101.00000000000001,32.00000000000001
mb-02151,LiSc2Ir,4,99.0,37.0
mb-02152,Nd2TeO2,5,74.00000000000001,35.0
mb-02153,ScOs2,12,237.00000000000006,66.00000000000001
mb-02154,ScAsO4,12,140.99999999999991,67.0
mb-02155,TcRu3,8,313.99999999999994,183.99999999999997
mb-02156,SmBi2ClO4,8,63.0,28.0
mb-02157,CsPbBr3,20,17.999999999999996,7.0
mb-02158,BaEu2CoO5,9,124.00000000000003,36.0
mb-02159,Dy(FeB)2,5,112.99999999999994,75.00000000000001
mb-02160,Cs2LiYCl6,10,18.999999999999996,9.0
mb-02161,Sr2C(NCl)2,7,45.00000000000001,17.999999999999996
mb-02162,K(CuSe)2,5,34.0,12.999999999999998
mb-02163,DyBi2IO4,8,64.99999999999999,36.0
mb-02164,Sm(NiP)2,5,135.0,84.99999999999999
mb-02165,Ba2PdO3,6,85.99999999999999,44.0
mb-02166,Hf2SeN2,5,158.99999999999994,82.0
mb-02167,TmBi2BrO4,8,68.00000000000001,37.0
mb-02168,Lu(CoGe)2,5,118.00000000000003,64.99999999999999
mb-02169,ErBi2BrO4,8,67.0,36.0
mb-02170,TiAl2,12,109.00000000000004,82.0
mb-02171,Sr3GaN3,14,61.000000000000014,37.99999999999999
mb-02172,PrCoGe,6,74.00000000000001,37.0
mb-02173,Zn(GaS2)2,7,44.0,29.0
mb-02174,Sr2Cu(BrO)2,7,25.000000000000007,16.0
mb-02175,SrBr2,12,17.0,7.999999999999999
mb-02176,ErTe,2,63.0,17.999999999999996
mb-02177,TbBi2ClO4,8,77.99999999999999,30.999999999999996
mb-02178,Y(SiOs)2,5,165.99999999999997,84.99999999999999
mb-02179,ReO3,8,237.99999999999994,124.00000000000003
mb-02180,NbO2,24,205.99999999999994,79.99999999999999
mb-02181,PrAlSi2,8,77.0,40.99999999999999
mb-02182,Ca(SiPd)2,5,108.00000000000004,40.99999999999999
mb-02183,MgGeN2,16,146.99999999999997,83.99999999999999
mb-02184,TlPd3O4,16,140.99999999999991,37.0
mb-02185,Cs2CoO3,24,26.0,12.000000000000002
mb-02186,InI3,16,1.0,1.0
mb-02187,TbNi5,6,133.0,70.00000000000001
mb-02188,BaZnSO,8,58.00000000000001,35.0
mb-02189,TmZrSb,6,77.99999999999999,35.0
mb-02190,F2,4,5.000000000000001,2.0
mb-02191,Ca(CuSi)2,5,92.99999999999999,54.000000000000014
mb-02192,HfGeTe4,12,12.999999999999998,11.000000000000002
mb-02193,NiPbF6,8,23.999999999999993,22.999999999999996
mb-02194,TbBi2BrO4,8,64.99999999999999,34.0
mb-02195,Sr2Cu(IO)2,7,36.0,29.999999999999996
mb-02196,KNb4O5F,11,138.99999999999997,83.99999999999999
mb-02197,Nd(PRu)2,5,119.99999999999996,86.99999999999999
mb-02198,Be3P2,40,92.00000000000001,72.00000000000001
mb-02199,TaBe12,13,136.99999999999997,143.00000000000003
mb-02200,ReTeS,12,92.99999999999999,38.99999999999999
mb-02201,Er(CoGe)2,5,126.99999999999999,70.00000000000001
mb-02202,ErBi2ClO4,8,68.00000000000001,34.0
mb-02203,Al12Mo,13,91.00000000000001,57.00000000000001
mb-02204,LiB6C,16,197.0,183.99999999999997
mb-02205,P3N5,16,144.99999999999997,86.99999999999999
mb-02206,SmBi2BrO4,8,63.0,32.00000000000001
mb-02207,CoAs2,12,132.00000000000006,89.0
mb-02208,YCu2Bi2(SeO2)2,11,61.000000000000014,33.0
mb-02209,SmHgPd,9,77.99999999999999,26.0
mb-02210,Sm(CoP)2,5,109.99999999999997,93.99999999999997
mb-02211,Nd(SiOs)2,5,146.00000000000003,86.99999999999999
mb-02212,ZrMn2,6,179.99999999999997,48.99999999999999
mb-02213,Li3Ag,4,17.0,6.0
mb-02214,Al13Os4,17,146.99999999999997,77.0
mb-02215,LiGeAu2,4,101.99999999999999,12.000000000000002
mb-02216,U2TeN2,5,77.0,52.00000000000001
mb-02217,EuBi2ClO4,8,63.999999999999986,22.999999999999996
mb-02218,CaCN2,12,68.99999999999999,21.999999999999996
mb-02219,K3AgSn3Se8,30,15.000000000000004,7.0
mb-02220,Th(SiPd)2,5,550.9999999999999,54.000000000000014
mb-02221,LiGaI4,24,2.0,1.0
mb-02222,TaSn2,12,102.99999999999996,49.99999999999999
mb-02223,HoBi2IO4,8,66.00000000000001,37.0
mb-02224,KLiZnO2,10,58.00000000000001,34.0
mb-02225,Ba(BiPd)2,10,60.0,20.000000000000004
mb-02226,Cs3Ti2Cl9,28,7.999999999999999,5.000000000000001
mb-02227,LaCdHg2,4,55.00000000000001,26.0
mb-02228,RbSb2,6,15.000000000000004,7.999999999999999
mb-02229,ErBi2IO4,8,67.0,37.0
mb-02230,GaCuCl4,12,10.0,5.000000000000001
mb-02231,Ce(SiAu2)2,7,141.99999999999994,37.0
mb-02232,Li3UO4,8,86.99999999999999,63.0
mb-02233,Pr2CBr,8,62.0,37.0
mb-02234,MgSnPd2,4,111.99999999999997,26.0
mb-02235,DyAl2Ni,8,96.0,55.00000000000001
mb-02236,HfAlPt,18,162.99999999999994,76.0
mb-02237,HoGeAu,6,83.00000000000001,45.00000000000001
mb-02238,PrBi2BrO4,8,59.00000000000001,29.999999999999996
mb-02239,BeGeAs2,8,63.0,52.00000000000001
mb-02240,DyBi2ClO4,8,68.99999999999999,30.999999999999996
mb-02241,Ba(AsRh)2,5,79.99999999999999,36.0
mb-02242,Bi2SeO2,5,77.99999999999999,27.000000000000004
mb-02243,Mn4Si7,44,193.00000000000006,134.00000000000003
mb-02244,Cs2KMoF6,10,74.00000000000001,21.0
mb-02245,Cr23C6,29,291.00000000000006,138.0
mb-02246,Pm2CuRu,4,81.0,29.999999999999996
mb-02247,DyNiBi,12,79.99999999999999,48.99999999999999
mb-02248,SmBi2IO4,8,63.999999999999986,34.0
mb-02249,La(CoSi)2,5,111.00000000000004,76.0
mb-02250,YRu2,12,167.0,42.99999999999999
mb-02251,LaCdAu2,4,50.999999999999986,7.0
mb-02252,CdGeP2,8,64.99999999999999,35.0
mb-02253,TmBi2IO4,8,67.0,37.99999999999999
mb-02254,FeClO,6,28.0,16.0
mb-02255,TbBi2IO4,8,63.999999999999986,36.0
mb-02256,Rb2Cu(BrCl)2,14,12.000000000000002,6.0
mb-02257,ThRh2,6,170.00000000000006,35.0
mb-02258,DyBi2BrO4,8,63.0,35.0
mb-02259,YBi2BrO4,8,66.00000000000001,35.0
mb-02260,Rb2MnCl6,9,12.999999999999998,5.000000000000001
mb-02261,CsCu3O2,6,17.0,7.0
mb-02262,LiHoTl2,4,47.00000000000001,17.999999999999996
mb-02263,CsNdO2,8,66.00000000000001,34.0
mb-02264,Al2HgS4,7,37.99999999999999,21.999999999999996
mb-02265,CsCuO2,8,29.0,11.000000000000002
mb-02266,SrI2,12,12.999999999999998,7.0
mb-02267,AlAu2,12,118.00000000000003,32.00000000000001
mb-02268,HfBrN,6,37.99999999999999,17.999999999999996
mb-02269,K2PdO2,5,54.000000000000014,17.999999999999996
mb-02270,Tm(SiRu)2,5,154.0,77.0
mb-02271,Ta3AlC2,12,225.0000000000001,158.99999999999994
mb-02272,ScNbO4,12,167.0,61.000000000000014
mb-02273,Li9Al4,13,30.999999999999996,26.0
mb-02274,Nb3SBr7,11,12.999999999999998,9.0
mb-02275,Mg3Ir,24,76.0,30.999999999999996
mb-02276,CaAlAu,12,67.0,29.0
mb-02277,KVF3,5,68.00000000000001,34.0
mb-02278,MoF6,28,5.000000000000001,3.0
mb-02279,NaNiF3,20,74.00000000000001,36.0
mb-02280,ReS2,24,28.0,20.000000000000004
mb-02281,BaCoF4,12,56.00000000000001,22.999999999999996
mb-02282,FeSnRh2,4,188.00000000000009,67.0
mb-02283,ReO3F,30,7.999999999999999,5.000000000000001
mb-02284,Ac2AgIr,4,72.00000000000001,12.000000000000002
mb-02285,SrMgH4,12,37.99999999999999,26.0
mb-02286,ZrVSi,6,156.0,60.0
mb-02287,Al2IrOs,4,235.0,127.99999999999999
mb-02288,FeAsS,12,143.00000000000003,117.00000000000001
mb-02289,CaCdAu,12,52.999999999999986,18.999999999999996
mb-02290,Co2Si,12,225.0000000000001,107.00000000000001
mb-02291,ZrRh,8,156.0,47.99999999999999
mb-02292,SnO,4,32.00000000000001,20.000000000000004
mb-02293,BaSbPt,3,58.00000000000001,21.999999999999996
mb-02294,Zr2Cu,3,109.00000000000004,47.00000000000001
mb-02295,Zr2Ag,3,101.00000000000001,39.99999999999999
mb-02296,Al5Mo,12,118.99999999999996,85.99999999999999
mb-02297,CsPt2Se3,12,22.999999999999996,12.000000000000002
mb-02298,TbInAu2,4,92.99999999999999,17.999999999999996
mb-02299,YbClF,6,52.00000000000001,29.999999999999996
mb-02300,CuI,12,10.0,5.000000000000001
mb-02301,RbBrO3,5,15.000000000000004,9.0
mb-02302,Cs3BAs2,12,12.999999999999998,5.000000000000001
mb-02303,Ca3SbN,5,56.00000000000001,48.99999999999999
mb-02304,CsTeAu,6,10.0,3.0
mb-02305,TiO2,12,181.00000000000003,61.000000000000014
mb-02306,EuCdHg2,4,27.000000000000004,12.000000000000002
mb-02307,Nb2CoO6,36,143.00000000000003,62.0
mb-02308,Dy2B4C,7,162.99999999999994,122.00000000000004
mb-02309,LiGaSe2,16,35.0,17.0
mb-02310,MnPtF6,8,25.000000000000007,20.000000000000004
mb-02311,LiAlAu2,4,93.99999999999997,33.0
mb-02312,UPt,4,123.00000000000003,26.0
mb-02313,Li4UO5,10,75.00000000000001,52.999999999999986
mb-02314,SmSi2Rh3,6,165.99999999999997,99.0
mb-02315,K2LiAlF6,10,50.999999999999986,33.0
mb-02316,AlSb,2,48.99999999999999,29.999999999999996
mb-02317,Rb3NbO8,12,27.000000000000004,12.000000000000002
mb-02318,K3PO4,32,37.0,17.999999999999996
mb-02319,TeF4,20,11.000000000000002,6.0
mb-02320,Li2SnN2,5,114.00000000000003,85.99999999999999
mb-02321,CsNiF3,10,25.000000000000007,7.999999999999999
mb-02322,Li2MnSiO4,16,81.0,44.0
mb-02323,Sc2InAg,4,75.00000000000001,33.0
mb-02324,PbWO4,24,68.99999999999999,22.999999999999996
mb-02325,VZn2N3,12,152.00000000000003,61.000000000000014
mb-02326,LiZnGe,9,50.999999999999986,33.0
mb-02327,Ba2FeO4,28,60.0,29.0
mb-02328,ZrNCl,6,23.999999999999993,12.999999999999998
mb-02329,Sr2Fe2Se2OF2,9,58.00000000000001,32.00000000000001
mb-02330,Re4Si7,22,209.99999999999991,159.99999999999991
mb-02331,B2W,12,320.99999999999983,223.99999999999997
mb-02332,Ti2FeO5,16,167.0,60.0
mb-02333,CsErS2,4,40.99999999999999,26.0
mb-02334,Ti2Ga,6,121.00000000000006,63.0
mb-02335,Si2Ru,24,184.99999999999997,108.00000000000004
mb-02336,Fe3PtN,5,214.00000000000006,100.0
mb-02337,TiZnN2,16,154.0,55.00000000000001
mb-02338,BaZrS3,20,70.00000000000001,33.0
mb-02339,CsVO3,20,18.999999999999996,10.0
mb-02340,BiO2,12,40.99999999999999,23.999999999999993
mb-02341,LuRu2,12,186.00000000000009,48.99999999999999
mb-02342,OsO4,10,4.0,3.0
mb-02343,VF4,10,13.999999999999998,13.999999999999998
mb-02344,HgBr2,6,4.0,2.0
mb-02345,KMnF3,20,58.00000000000001,25.000000000000007
mb-02346,Rb2NaMnF6,10,17.0,21.0
mb-02347,HoF3,16,64.99999999999999,39.99999999999999
mb-02348,TbCu5,6,98.0,42.00000000000001
mb-02349,CeBr3,8,21.999999999999996,11.000000000000002
mb-02350,TaMn2Al,4,201.00000000000009,107.00000000000001
mb-02351,NbCrF6,8,64.99999999999999,22.999999999999996
mb-02352,LiMnF4,12,62.0,32.00000000000001
mb-02353,Fe3RhN,5,200.00000000000003,83.00000000000001
mb-02354,Rb2NaFeF6,10,57.00000000000001,30.999999999999996
mb-02355,Pd3S,8,114.00000000000003,37.99999999999999
mb-02356,Cu3Pd,4,146.00000000000003,47.00000000000001
mb-02357,Ba2CoMoO6,10,121.00000000000006,63.999999999999986
mb-02358,K2P3,20,17.0,9.0
mb-02359,V2CdO6,9,46.0,27.000000000000004
mb-02360,Sr2Fe2S2OF2,9,52.00000000000001,37.0
mb-02361,YIn3,4,194.99999999999991,55.00000000000001
mb-02362,NaNiIO6,9,50.999999999999986,33.0
mb-02363,PmDyIn2,4,59.00000000000001,21.999999999999996
mb-02364,GaAs,2,61.000000000000014,40.99999999999999
mb-02365,CsSb(PO4)2,12,39.99999999999999,35.0
mb-02366,Tm6CoBi2,9,62.0,32.00000000000001
mb-02367,ScBRh3,5,193.99999999999997,96.0
mb-02368,AlPO4,6,26.0,25.000000000000007
mb-02369,CaSnF6,8,7.0,26.0
mb-02370,Mn2BiO5,32,127.99999999999999,63.0
mb-02371,CaCdSn,9,42.00000000000001,26.0
mb-02372,Cs2PbO3,12,35.0,12.000000000000002
mb-02373,EuFeO3,20,156.0,70.00000000000001
mb-02374,Sm2ZnHg,4,54.000000000000014,17.0
mb-02375,As2O5,28,92.99999999999999,47.00000000000001
mb-02376,CsPbI3,20,10.0,5.000000000000001
mb-02377,EuCl3,8,21.999999999999996,9.0
mb-02378,CuBr,2,42.99999999999999,12.000000000000002
mb-02379,SrLi4N2,14,52.00000000000001,29.0
mb-02380,CoBW,12,334.99999999999994,193.00000000000006
mb-02381,K2S2O7,22,16.0,7.999999999999999
mb-02382,Na3P(SO)2,64,28.0,13.999999999999998
mb-02383,Eu(PPd)2,5,96.0,47.99999999999999
mb-02384,As3Ir,16,130.00000000000006,83.99999999999999
mb-02385,BeRh,2,207.00000000000003,100.0
mb-02386,Nb2C,12,228.00000000000009,117.00000000000001
mb-02387,K2MnF4,7,42.00000000000001,27.000000000000004
mb-02388,Mg(B6C)2,30,228.99999999999997,214.00000000000006
mb-02389,Hg2AsF6,36,16.0,5.000000000000001
mb-02390,Ba5Al5Pb,11,29.0,17.0
mb-02391,Al6Fe,14,106.00000000000004,56.00000000000001
mb-02392,CeCl3,8,30.999999999999996,16.0
mb-02393,YbSbPt,3,77.0,27.000000000000004
mb-02394,K2NaFeF6,10,99.0,29.999999999999996
mb-02395,Ce3Pb,4,47.00000000000001,28.0
mb-02396,SO3,48,5.000000000000001,2.0
mb-02397,YbAu3,8,83.00000000000001,18.999999999999996
mb-02398,Be12W,13,144.00000000000003,158.0
mb-02399,K2Ca(CO3)2,11,54.000000000000014,23.999999999999993
mb-02400,Cs2TeI6,9,7.999999999999999,4.0
mb-02401,Ti2ReNi,4,192.00000000000003,78.99999999999999
mb-02402,Y(NiP)2,5,140.00000000000006,84.99999999999999
mb-02403,Yb2Sn,6,35.0,26.0
mb-02404,TiTlPS5,16,10.0,4.0
mb-02405,GaCl2,24,2.0,2.0
mb-02406,Si3Mo5,16,240.99999999999997,119.99999999999996
mb-02407,ScTaO4,12,177.00000000000009,72.00000000000001
mb-02408,NdTaO4,12,146.00000000000003,66.00000000000001
mb-02409,Na4Ti5O12,21,131.00000000000006,60.0
mb-02410,Cs2FeO4,28,20.000000000000004,10.0
mb-02411,NiPtF6,8,40.99999999999999,27.000000000000004
mb-02412,Na6ZnSn2,9,16.0,9.0
mb-02413,GdBi2BrO4,8,57.00000000000001,32.00000000000001
mb-02414,Eu(MgSb)2,5,38.99999999999999,26.0
mb-02415,BaSbAu,6,45.00000000000001,26.0
mb-02416,PmInAg2,4,73.0,22.999999999999996
mb-02417,LiFeAs2O7,11,96.0,47.99999999999999
mb-02418,Sr(Li2P)2,7,42.00000000000001,36.0
mb-02419,CaSnRh2,4,144.99999999999997,64.99999999999999
mb-02420,VF3,8,23.999999999999993,30.999999999999996
mb-02421,HoSiRu2C,10,176.00000000000006,77.0
mb-02422,NaAgO2,4,56.00000000000001,26.0
mb-02423,Sr2CuO4,7,106.00000000000004,55.00000000000001
mb-02424,Mg(ReO4)2,11,17.999999999999996,12.999999999999998
mb-02425,Hf2Hg,3,99.0,48.99999999999999
mb-02426,TaPd,4,204.0,70.99999999999999
mb-02427,In5S5Br,22,32.00000000000001,16.0
mb-02428,SrTiN2,8,121.00000000000006,49.99999999999999
mb-02429,Ca4CN4,36,67.0,32.00000000000001
mb-02430,Y2MgNi2,10,70.00000000000001,28.0
mb-02431,Ni(ClO4)2,11,12.999999999999998,12.999999999999998
mb-02432,CaCuP,6,74.00000000000001,50.999999999999986
mb-02433,CsYbBr3,5,21.0,12.000000000000002
mb-02434,KNdO2,4,68.99999999999999,42.00000000000001
mb-02435,AlPd5,24,161.99999999999994,50.999999999999986
mb-02436,CsHoO2,8,83.00000000000001,40.99999999999999
mb-02437,CsDyO2,8,83.99999999999999,39.99999999999999
mb-02438,Y3SnC,5,82.0,63.0
mb-02439,FePO4,24,12.000000000000002,17.0
mb-02440,SmAgO2,8,100.0,27.000000000000004
mb-02441,Hg(SbO3)2,9,131.00000000000006,34.0
mb-02442,CsErO2,8,89.0,42.00000000000001
mb-02443,HoN,2,164.00000000000003,126.00000000000001
mb-02444,Ti3ZnN,10,146.00000000000003,92.00000000000001
mb-02445,Hf3ZnN,20,150.00000000000003,90.00000000000003
mb-02446,CeIr2,6,257.99999999999994,72.00000000000001
mb-02447,Te2Pd3Pb2,14,34.0,16.0
mb-02448,CaHfN2,12,170.99999999999991,131.00000000000006
mb-02449,Pt3Rh,4,210.99999999999997,76.0
mb-02450,Er(CuTe)3,28,54.000000000000014,29.0
mb-02451,NaScO2,4,103.99999999999997,70.00000000000001
mb-02452,Ti3Te4,7,60.0,37.99999999999999
mb-02453,BaCN2,12,47.99999999999999,11.000000000000002
mb-02454,KTmO2,4,86.99999999999999,54.000000000000014
mb-02455,Rb2O,3,5.000000000000001,4.0
mb-02456,TbAl2,6,77.0,57.00000000000001
mb-02457,YIO,6,45.00000000000001,25.000000000000007
mb-02458,Li3ScN2,48,92.99999999999999,61.000000000000014
mb-02459,MgCu4Sn,6,100.0,55.00000000000001
mb-02460,BaHfN2,8,103.99999999999997,44.0
mb-02461,Ba2MgH6,9,37.99999999999999,29.999999999999996
mb-02462,ZnS,2,68.00000000000001,33.0
mb-02463,Fe11Co5,16,192.00000000000003,98.0
mb-02464,BiAu2,6,101.99999999999999,21.0
mb-02465,SrTcO3,5,176.00000000000006,60.0
mb-02466,InAgS2,8,52.00000000000001,16.0
mb-02467,NaSi2N3,24,184.99999999999997,116.00000000000003
mb-02468,CdS,4,52.999999999999986,17.999999999999996
mb-02469,MnInRh2,4,209.0000000000001,55.00000000000001
mb-02470,Ga2Se3,10,28.0,18.999999999999996
mb-02471,SmGa2,3,68.99999999999999,54.000000000000014
mb-02472,GeO2,9,37.99999999999999,28.0
mb-02473,Cs2CaH4,7,3.0,13.999999999999998
mb-02474,Ca4(H4Rh)3,19,77.99999999999999,40.99999999999999
mb-02475,KSnSb,6,28.0,10.0
mb-02476,Sc2CuOs,4,126.00000000000001,52.00000000000001
mb-02477,LiAc2Si,4,38.99999999999999,22.999999999999996
mb-02478,SnAu,4,72.00000000000001,20.000000000000004
mb-02479,Al3Pd2,5,128.99999999999994,63.0
mb-02480,Si3NiP4,8,105.00000000000004,61.000000000000014
mb-02481,SrP,12,45.00000000000001,27.000000000000004
mb-02482,Rb2CoO3,24,32.00000000000001,15.000000000000004
mb-02483,ZnCl2,6,7.0,5.000000000000001
mb-02484,Nd(HO)3,14,63.999999999999986,23.999999999999993
mb-02485,MnGaRh2,4,194.99999999999991,90.00000000000003
mb-02486,SrNb2O4,28,148.00000000000003,72.00000000000001
mb-02487,NaCSN,16,17.999999999999996,7.999999999999999
mb-02488,DyCuPbSe3,24,47.00000000000001,13.999999999999998
mb-02489,TmCo2,6,118.00000000000003,33.0
mb-02490,TiSnO3,10,26.0,18.999999999999996
mb-02491,Zr2N,6,173.00000000000003,88.00000000000001
mb-02492,BMo,8,311.0,200.00000000000003
mb-02493,Al2CoRu,4,188.00000000000009,111.00000000000004
mb-02494,LiPd2Pb,4,91.00000000000001,13.999999999999998
mb-02495,BaHg2,6,23.999999999999993,5.000000000000001
mb-02496,Ta2Be,6,187.00000000000003,117.00000000000001
mb-02497,HfAg,4,117.00000000000001,49.99999999999999
mb-02498,VCl2,3,10.0,7.0
mb-02499,NdB2Rh3,6,202.00000000000006,83.00000000000001
mb-02500,KRb2GaF6,10,15.000000000000004,7.999999999999999
mb-02501,NaVO2,4,114.00000000000003,49.99999999999999
mb-02502,AcMgHg2,4,48.99999999999999,12.000000000000002
mb-02503,PrSb,2,55.00000000000001,32.00000000000001
mb-02504,SrAcTl2,4,182.99999999999991,12.999999999999998
mb-02505,DyFeSi,6,92.00000000000001,55.00000000000001
mb-02506,NbGa3,4,122.00000000000004,86.99999999999999
mb-02507,LiPt7,8,219.99999999999997,83.00000000000001
mb-02508,CaB6,7,149.0,85.99999999999999
mb-02509,Sc2PdPt,4,126.00000000000001,40.99999999999999
mb-02510,OsS2,12,193.99999999999997,138.99999999999997
mb-02511,Al2RuRh,4,179.99999999999997,115.00000000000003
mb-02512,Na3BN2,24,47.00000000000001,23.999999999999993
mb-02513,Pm2ZnSn,4,61.000000000000014,21.999999999999996
mb-02514,HfZn2,6,112.99999999999994,58.00000000000001
mb-02515,PmB3,8,146.00000000000003,112.99999999999994
mb-02516,HoSe,2,82.0,25.000000000000007
mb-02517,TiAlPd2,4,165.99999999999997,29.999999999999996
mb-02518,LiVIr2,4,223.0,109.99999999999997
mb-02519,TiAlOs2,4,243.9999999999999,103.99999999999997
mb-02520,NbTl3Se4,8,37.0,40.99999999999999
mb-02521,NdAl2,6,70.99999999999999,47.99999999999999
mb-02522,ErB2Ir3,6,242.99999999999997,124.99999999999994
mb-02523,AcCrO3,5,175.0,109.00000000000004
mb-02524,TiSnPt,3,136.99999999999997,56.00000000000001
mb-02525,DyB2Ir3,6,239.99999999999994,124.99999999999994
mb-02526,LiAsRh2,4,162.99999999999994,70.00000000000001
mb-02527,CaPmAu2,4,64.99999999999999,23.999999999999993
mb-02528,YRh2,6,152.00000000000003,62.0
mb-02529,TiAg,4,111.00000000000004,35.0
mb-02530,TmF3,4,150.00000000000003,37.99999999999999
mb-02531,EuGeO3,5,162.99999999999994,72.00000000000001
mb-02532,NaPaO3,5,133.0,57.00000000000001
mb-02533,ThOs2,6,212.99999999999994,28.0
mb-02534,U(FeSi)2,5,168.0,82.0
mb-02535,Lu2ZnAu,4,84.99999999999999,33.0
mb-02536,Dy(SiNi)2,5,121.00000000000006,74.00000000000001
mb-02537,HfInCo2,4,159.99999999999991,76.0
mb-02538,Ac2NiIr,4,86.99999999999999,20.000000000000004
mb-02539,KInO2,4,50.999999999999986,39.99999999999999
mb-02540,AcFeO3,5,165.99999999999997,95.00000000000001
mb-02541,HoGaRh2,4,141.99999999999994,47.00000000000001
mb-02542,ZrSb,8,103.99999999999997,58.00000000000001
mb-02543,MnBr2,3,7.999999999999999,4.0
mb-02544,CaPd2,6,93.99999999999997,37.0
mb-02545,Na2S,3,28.0,17.999999999999996
mb-02546,MoRu3,8,286.00000000000006,154.0
mb-02547,LiMg2Rh,4,67.0,33.0
mb-02548,Yb2CdPb,4,33.0,27.000000000000004
mb-02549,Mn2O3,80,150.00000000000003,50.999999999999986
mb-02550,Be12Nb,13,133.0,138.0
mb-02551,CoAs,8,156.99999999999994,79.99999999999999
mb-02552,MnCr2O4,14,165.99999999999997,63.999999999999986
mb-02553,NaErTl2,4,37.0,22.999999999999996
mb-02554,Ba(PO3)2,36,50.999999999999986,21.0
mb-02555,KNaS2O7,22,22.999999999999996,11.000000000000002
mb-02556,YbNiSb,3,68.99999999999999,33.0
mb-02557,TmNi5,6,140.99999999999991,70.99999999999999
mb-02558,NaBrO3,20,27.000000000000004,16.0
mb-02559,CsCuO,6,20.000000000000004,6.0
mb-02560,CuS,12,74.00000000000001,23.999999999999993
mb-02561,Na2MnO2,30,57.00000000000001,28.0
mb-02562,Ca(CuSn)2,5,61.000000000000014,27.000000000000004
mb-02563,TmCuPb,6,68.99999999999999,46.0
mb-02564,ZrIr,8,187.00000000000003,64.99999999999999
mb-02565,Li2MgMn3O8,56,116.00000000000003,68.00000000000001
mb-02566,Cs(OsO3)2,18,133.0,83.00000000000001
mb-02567,Sm(CoB)2,5,228.00000000000009,96.0
mb-02568,YbSiAu,6,75.00000000000001,46.0
mb-02569,NaPF6,8,20.000000000000004,10.0
mb-02570,CoSbS,24,116.00000000000003,78.99999999999999
mb-02571,Al4Cu9,52,128.99999999999994,70.00000000000001
mb-02572,MnNiSb,3,109.00000000000004,46.0
mb-02573,Li(NiP)2,5,117.00000000000001,40.99999999999999
mb-02574,Re2NiO8,11,15.000000000000004,13.999999999999998
mb-02575,NiSnF6,8,30.999999999999996,28.0
mb-02576,Fe9Co7,16,189.99999999999994,96.99999999999999
mb-02577,Sr(POs)2,5,83.99999999999999,52.00000000000001
mb-02578,Cd(GaTe2)2,7,29.0,17.0
mb-02579,HfZnN2,4,184.99999999999997,85.99999999999999
mb-02580,Rb2NaBiF6,10,33.0,16.0
mb-02581,La2Co3,10,75.00000000000001,13.999999999999998
mb-02582,ThBr4,10,21.0,9.0
mb-02583,LiSn,6,35.0,18.999999999999996
mb-02584,Li2PrIn,4,37.0,28.0
mb-02585,TbCl3,16,13.999999999999998,7.999999999999999
mb-02586,SrNiF6,8,63.999999999999986,22.999999999999996
mb-02587,Dy(PRu)2,5,156.99999999999994,99.0
mb-02588,H3ClO,5,12.000000000000002,5.000000000000001
mb-02589,GaP,2,76.0,52.00000000000001
mb-02590,PdPbO2,8,83.99999999999999,21.999999999999996
mb-02591,SmZnPO,8,93.99999999999997,55.00000000000001
mb-02592,ZrZn,2,108.00000000000004,47.00000000000001
mb-02593,Ce2Fe12P7,21,179.99999999999997,111.99999999999997
mb-02594,Mg3In,4,42.00000000000001,16.0
mb-02595,SiB3,32,156.0,128.99999999999994
mb-02596,K2PtS2,5,36.0,17.999999999999996
mb-02597,Sr5P3O12F,42,75.00000000000001,38.99999999999999
mb-02598,K2TeCl6,9,6.0,7.999999999999999
mb-02599,TaVO5,28,117.00000000000001,44.0
mb-02600,SnCl2,12,6.0,4.0
mb-02601,Ba3SbN,10,27.000000000000004,11.000000000000002
mb-02602,CaMg(SiO3)2,20,101.99999999999999,63.999999999999986
mb-02603,Tl3SbSe3,28,13.999999999999998,6.0
mb-02604,LiBiPd2,4,78.99999999999999,12.000000000000002
mb-02605,Cs2LiLuCl6,10,20.000000000000004,9.0
mb-02606,YbHfRh2,4,136.99999999999997,42.00000000000001
mb-02607,TlInSe2,8,22.999999999999996,11.000000000000002
mb-02608,Y2S3,30,66.00000000000001,29.999999999999996
mb-02609,VF2,6,92.99999999999999,35.0
mb-02610,Rb2V2Cu(PO6)2,38,38.99999999999999,21.0
mb-02611,DyMg3,4,33.0,25.000000000000007
mb-02612,YbI2,3,4.0,3.0
mb-02613,Ti5Sb3,32,111.00000000000004,46.0
mb-02614,ZrIn2,12,83.00000000000001,44.0
mb-02615,K2S3,10,12.000000000000002,9.0
mb-02616,CsCaF3,5,117.00000000000001,42.99999999999999
mb-02617,Y(SiAu)2,5,116.00000000000003,45.00000000000001
mb-02618,Ba2LiOsO6,10,85.99999999999999,39.99999999999999
mb-02619,ErAu2,3,103.99999999999997,39.99999999999999
mb-02620,Ge2N2O,10,118.00000000000003,62.0
mb-02621,Th(NiGe)2,5,126.00000000000001,37.0
mb-02622,LiEuH3,5,58.00000000000001,48.99999999999999
mb-02623,YCdPd2,4,98.0,22.999999999999996
mb-02624,Li2PdO2,5,91.00000000000001,44.0
mb-02625,TiTeAs,6,83.00000000000001,67.0
mb-02626,NiGePd,6,156.99999999999994,48.99999999999999
mb-02627,NaMnF3,20,60.0,27.000000000000004
mb-02628,TaNi3,4,222.0000000000001,96.0
mb-02629,Ti2N,6,204.0,117.00000000000001
mb-02630,ZrI2,12,9.0,7.999999999999999
mb-02631,Ba2NiMoO6,10,122.00000000000004,67.0
mb-02632,AlN,4,193.99999999999997,122.00000000000004
mb-02633,TbP,2,86.99999999999999,58.00000000000001
mb-02634,Rb2MnO4,28,23.999999999999993,11.000000000000002
mb-02635,LiNO3,10,38.99999999999999,25.000000000000007
mb-02636,GaFeCo2,4,191.00000000000006,81.0
mb-02637,SrAcHg2,4,37.0,18.999999999999996
mb-02638,TlPt2Se3,12,23.999999999999993,13.999999999999998
mb-02639,VSbO4,12,184.99999999999997,101.00000000000001
mb-02640,LiNi2Sn,4,108.00000000000004,28.0
mb-02641,Te4Pt3,7,48.99999999999999,27.000000000000004
mb-02642,ZrAlPd2,4,146.99999999999997,15.000000000000004
mb-02643,FeP4,20,140.99999999999991,114.00000000000003
mb-02644,Tb(PRu)2,5,150.99999999999994,98.0
mb-02645,GdTe,2,75.00000000000001,26.0
mb-02646,FeAgO2,4,131.00000000000006,40.99999999999999
mb-02647,Sr4TiN4,18,73.0,33.0
mb-02648,Er2ZnIn,4,63.0,30.999999999999996
mb-02649,NaTl2MoF6,10,108.00000000000004,39.99999999999999
mb-02650,Cs2WBr6,9,12.000000000000002,3.0
mb-02651,ZrIn3,4,72.00000000000001,47.99999999999999
mb-02652,TiCu2Te3,12,38.99999999999999,25.000000000000007
mb-02653,NiPt,4,212.99999999999994,91.00000000000001
mb-02654,CrF3,8,37.0,38.99999999999999
mb-02655,La2Pd2O5,18,130.00000000000006,48.99999999999999
mb-02656,Si3N4,14,234.00000000000006,119.99999999999996
mb-02657,Co2P,12,228.00000000000009,78.99999999999999
mb-02658,Ba(AsRu)2,5,77.0,38.99999999999999
mb-02659,Ca3AlN3,28,92.99999999999999,47.99999999999999
mb-02660,OsSe2,12,158.0,106.00000000000004
mb-02661,CsCdBr3,10,13.999999999999998,9.0
mb-02662,Ta2NbOs,4,243.9999999999999,103.99999999999997
mb-02663,InSe,4,11.000000000000002,6.0
mb-02664,Ca7SiN6,56,78.99999999999999,54.000000000000014
mb-02665,SrHg,2,81.0,17.999999999999996
mb-02666,K2NaMoF6,10,81.0,29.0
mb-02667,Ge7Ir3,20,143.00000000000003,83.99999999999999
mb-02668,Cs2SO4,28,21.999999999999996,10.0
mb-02669,TbRh3C,5,197.0,77.0
mb-02670,VOF3,20,7.0,6.0
mb-02671,Pr(Re2Si)2,7,165.0,101.00000000000001
mb-02672,YbMgGe,12,46.0,39.99999999999999
mb-02673,Zn3N2,40,130.00000000000006,57.00000000000001
mb-02674,Ba5Al5Sn,11,29.999999999999996,17.999999999999996
mb-02675,ZrOs2,12,265.00000000000006,93.99999999999997
mb-02676,K2CO3,24,25.000000000000007,11.000000000000002
mb-02677,Cs2PtC2,5,33.0,13.999999999999998
mb-02678,Co2Mo3N,24,270.00000000000006,124.99999999999994
mb-02679,CaInPt,12,72.00000000000001,27.000000000000004
mb-02680,Dy2MgIn,4,57.00000000000001,28.0
mb-02681,TbMgHg2,4,60.0,23.999999999999993
mb-02682,Mg3Rh,24,66.00000000000001,27.000000000000004
mb-02683,ErClO,6,23.999999999999993,12.999999999999998
mb-02684,La3GaBr3,7,37.99999999999999,21.0
mb-02685,Sr2Co2O5,18,88.00000000000001,45.00000000000001
mb-02686,TmFeO3,30,162.99999999999994,74.00000000000001
mb-02687,MgSe,4,30.999999999999996,20.000000000000004
mb-02688,Rb7Au5O2,14,13.999999999999998,5.000000000000001
mb-02689,Sr2MnMoO6,20,122.00000000000004,58.00000000000001
mb-02690,Lu2WO6,36,165.99999999999997,79.99999999999999
mb-02691,Ca2InN,8,35.0,26.0
mb-02692,AgBiSCl2,10,36.0,13.999999999999998
mb-02693,KNaTiO3,12,56.00000000000001,26.0
mb-02694,LiCuO,12,72.00000000000001,32.00000000000001
mb-02695,Mo2C,12,294.0,150.00000000000003
mb-02696,CuAu,4,135.0,28.0
mb-02697,CsI4,20,5.000000000000001,2.0
mb-02698,Sr3SbN,5,47.00000000000001,37.99999999999999
mb-02699,Na2BHO3,28,46.0,20.000000000000004
mb-02700,CaAlPd,12,62.0,27.000000000000004
mb-02701,Y3Al5O12,80,170.99999999999991,101.99999999999999
mb-02702,BaAu,8,32.00000000000001,12.999999999999998
mb-02703,KCrF6,8,12.000000000000002,12.999999999999998
mb-02704,RbSe,12,12.999999999999998,7.0
mb-02705,BaZrN2,8,100.0,39.99999999999999
mb-02706,HoSi2Rh3,6,184.99999999999997,100.0
mb-02707,LiBr,4,17.999999999999996,7.999999999999999
mb-02708,NbAlRu2,4,231.00000000000009,117.00000000000001
mb-02709,CoF2,6,100.0,36.0
mb-02710,Tb3AlC,5,36.0,12.000000000000002
mb-02711,PrIn,2,55.00000000000001,20.000000000000004
mb-02712,MgGaIr2,4,186.00000000000009,96.0
mb-02713,SrPt5,6,160.99999999999994,68.99999999999999
mb-02714,FeI2,3,9.0,5.000000000000001
mb-02715,Cs(AsRu)2,5,34.0,16.0
mb-02716,Cs2KScCl6,10,4.0,7.999999999999999
mb-02717,Zn(GaNi)3,56,132.00000000000006,63.0
mb-02718,BeCo2Ge,4,204.99999999999994,96.0
mb-02719,K2NiF4,7,47.00000000000001,23.999999999999993
mb-02720,Al23B50,73,186.00000000000009,122.00000000000004
mb-02721,Bi(BO2)3,40,86.99999999999999,48.99999999999999
mb-02722,CeBRh3,5,192.00000000000003,47.99999999999999
mb-02723,Li13In3,32,22.999999999999996,17.0
mb-02724,SiB2Mo5,16,271.00000000000006,138.0
mb-02725,Tl2Pt,6,64.99999999999999,20.000000000000004
mb-02726,Ba(PdO2)2,14,88.00000000000001,27.000000000000004
mb-02727,TiSiNi,12,177.00000000000009,103.99999999999997
mb-02728,Ce(NiP)2,5,115.00000000000003,67.0
mb-02729,BeI2,6,2.0,1.0
mb-02730,CuAsS,12,67.0,29.999999999999996
mb-02731,SnF4,5,36.0,29.999999999999996
mb-02732,Sc2FeSi2,10,119.99999999999996,75.00000000000001
mb-02733,GaCuO2,4,150.99999999999994,59.00000000000001
mb-02734,Zr(MoO4)2,11,21.999999999999996,13.999999999999998
mb-02735,Li2NiO3,12,117.00000000000001,81.0
mb-02736,YbInAu,9,56.00000000000001,21.999999999999996
mb-02737,MnF2,6,84.99999999999999,29.999999999999996
mb-02738,FeSi,8,210.99999999999997,138.99999999999997
mb-02739,BaCO3,20,49.99999999999999,21.999999999999996
mb-02740,TaCu3Te4,8,29.0,20.000000000000004
mb-02741,YRe2,12,203.00000000000003,57.00000000000001
mb-02742,RbH3O2,12,33.0,12.000000000000002
mb-02743,IrF6,28,4.0,3.0
mb-02744,Sr3(AlGe2)2,9,46.0,30.999999999999996
mb-02745,KSb(PS3)2,20,11.000000000000002,7.0
mb-02746,CaAl2,6,56.00000000000001,40.99999999999999
mb-02747,Rb2NaCrF6,10,36.0,27.000000000000004
mb-02748,HgO,8,23.999999999999993,10.0
mb-02749,Al3Mo,16,135.99999999999997,96.99999999999999
mb-02750,Cs2KCrF6,10,25.000000000000007,13.999999999999998
mb-02751,KTl2MoF6,10,13.999999999999998,13.999999999999998
mb-02752,CsN3,8,15.000000000000004,7.0
mb-02753,Rb2NaMoF6,10,37.0,34.0
mb-02754,KIn9Co2,12,47.00000000000001,29.999999999999996
mb-02755,Ca5Au4,18,42.00000000000001,16.0
mb-02756,NaFePO4,28,83.99999999999999,42.00000000000001
mb-02757,LaFeO3,20,158.0,77.0
mb-02758,FeP,8,211.9999999999999,133.0
mb-02759,Mn3O4,14,126.99999999999999,47.00000000000001
mb-02760,MgSbPd,3,81.0,29.0
mb-02761,LiI,4,15.000000000000004,5.000000000000001
mb-02762,SrMg2,12,26.0,16.0
mb-02763,LiC12,13,124.99999999999994,98.0
mb-02764,Na2CrO4,14,38.99999999999999,18.999999999999996
mb-02765,K2NaCrF6,10,78.99999999999999,35.0
mb-02766,LuTaO4,12,132.00000000000006,57.00000000000001
mb-02767,Na2WO4,14,52.00000000000001,28.0
mb-02768,LiPmTl2,4,40.99999999999999,9.0
mb-02769,FeSb2,6,86.99999999999999,59.00000000000001
mb-02770,K3MoF6,10,32.00000000000001,12.999999999999998
mb-02771,NiRhF6,8,37.0,29.0
mb-02772,VPO4,12,106.00000000000004,66.00000000000001
mb-02773,K3Mn2F7,12,40.99999999999999,26.0
mb-02774,KFe(SO4)2,12,38.99999999999999,25.000000000000007
mb-02775,DyAg2,3,74.00000000000001,29.999999999999996
mb-02776,Ca(NO3)2,36,7.999999999999999,6.0
mb-02777,Na2MoO4,14,49.99999999999999,27.000000000000004
mb-02778,Pa3Ge,4,107.00000000000001,50.999999999999986
mb-02779,Al2S3,30,33.0,21.999999999999996
mb-02780,K2O2,8,32.00000000000001,15.000000000000004
mb-02781,HgPd,4,115.00000000000003,35.0
mb-02782,Sb2Rh,12,103.99999999999997,58.00000000000001
mb-02783,Li2InSn,4,149.0,37.99999999999999
mb-02784,MgWO4,12,135.99999999999997,70.00000000000001
mb-02785,YPd2Pb,4,95.00000000000001,25.000000000000007
mb-02786,Si2Ni,3,150.00000000000003,32.00000000000001
mb-02787,Ca2TlCd,4,68.99999999999999,17.999999999999996
mb-02788,Ca5Zn3,16,27.000000000000004,11.000000000000002
mb-02789,FeSiRu2,4,237.00000000000006,116.00000000000003
mb-02790,YbSn,4,40.99999999999999,27.000000000000004
mb-02791,ErPd3,4,134.00000000000003,45.00000000000001
mb-02792,TaGaOs2,4,273.0,126.00000000000001
mb-02793,ScAs,2,83.99999999999999,52.999999999999986
mb-02794,Pr2(ReB2)3,22,212.99999999999994,118.00000000000003
mb-02795,Sr2NiTeO6,10,131.00000000000006,62.0
mb-02796,MgB7,32,183.99999999999997,182.99999999999991
mb-02797,Ca(GeRu)2,5,81.0,47.99999999999999
mb-02798,Ni4W,5,234.00000000000006,98.0
mb-02799,ZrMnGe,12,99.0,70.00000000000001
mb-02800,Mn2SiO4,28,116.00000000000003,49.99999999999999
mb-02801,HfGaCo2,4,174.00000000000009,77.0
mb-02802,Sb7Pd20,27,140.00000000000006,28.0
mb-02803,NaMgSb,6,27.000000000000004,15.000000000000004
mb-02804,La(FeSb3)4,17,88.00000000000001,56.00000000000001
mb-02805,ThSnPt,3,109.00000000000004,42.99999999999999
mb-02806,EuClF,6,45.00000000000001,25.000000000000007
mb-02807,Zr2Fe3Ge,12,158.0,88.00000000000001
mb-02808,VBO3,10,181.99999999999994,89.0
mb-02809,Y2ZnIn,4,61.000000000000014,32.00000000000001
mb-02810,Mg(HO)2,5,46.0,34.0
mb-02811,EuAl2,6,61.000000000000014,42.99999999999999
mb-02812,Sn4Pd,10,56.00000000000001,22.999999999999996
mb-02813,TeO2,24,22.999999999999996,17.0
mb-02814,Na2ZnS2,20,29.999999999999996,13.999999999999998
mb-02815,Na8SnSb4,26,17.999999999999996,9.0
mb-02816,Lu2(NiB2)3,11,193.99999999999997,138.99999999999997
mb-02817,Rb2NiF6,9,13.999999999999998,9.0
mb-02818,Sm2O3,40,130.00000000000006,55.00000000000001
mb-02819,CaCO3,10,76.0,32.00000000000001
mb-02820,NaAu2,6,68.99999999999999,23.999999999999993
mb-02821,Lu(SiRu)2,5,164.00000000000003,75.00000000000001
mb-02822,SrHfO3,20,156.99999999999994,91.00000000000001
mb-02823,NbSiPt,12,215.00000000000003,81.0
mb-02824,PbSO4,24,39.99999999999999,17.999999999999996
mb-02825,Y6WO12,19,141.99999999999994,64.99999999999999
mb-02826,KTeAu,6,26.0,16.0
mb-02827,FePt,2,201.00000000000009,92.00000000000001
mb-02828,LiFePO4,28,91.00000000000001,47.99999999999999
mb-02829,PW,8,222.0000000000001,117.00000000000001
mb-02830,PrTlAg2,4,63.0,16.0
mb-02831,Sc2Al3Ru,12,111.99999999999997,67.0
mb-02832,RbVF3,5,64.99999999999999,35.0
mb-02833,TiFe2,12,146.99999999999997,78.99999999999999
mb-02834,LiYF4,12,77.99999999999999,30.999999999999996
mb-02835,TiF3,8,103.99999999999997,45.00000000000001
mb-02836,SrMgTl2,4,32.00000000000001,10.0
mb-02837,PrCdHg2,4,58.00000000000001,17.0
mb-02838,CeSn3,4,60.0,30.999999999999996
mb-02839,MgGaRh2,4,154.0,77.99999999999999
mb-02840,NdMgPt,9,78.99999999999999,26.0
mb-02841,K2TiF6,9,27.000000000000004,11.000000000000002
mb-02842,Sc2S3,20,56.00000000000001,37.0
mb-02843,CaZrF6,8,57.00000000000001,22.999999999999996
mb-02844,Ni2Mo3N,24,273.0,140.99999999999991
mb-02845,MnBe2,12,162.99999999999994,161.99999999999994
mb-02846,Be2W,12,217.9999999999999,170.00000000000006
mb-02847,CaGa3Ni2,12,84.99999999999999,38.99999999999999
mb-02848,Dy6FeSb2,9,60.0,35.0
mb-02849,Nd(CoSi)2,5,140.99999999999991,88.00000000000001
mb-02850,SiC,12,212.99999999999994,187.00000000000003
mb-02851,Na2Mn3O7,24,77.0,30.999999999999996
mb-02852,NaVO3,20,34.0,17.999999999999996
mb-02853,FeAs,8,162.99999999999994,81.0
mb-02854,LaSi2Pt,8,128.99999999999994,60.0
mb-02855,Sr2SnO4,28,106.00000000000004,49.99999999999999
mb-02856,ThCdHg2,4,73.0,18.999999999999996
mb-02857,Ba(NO3)2,36,28.0,10.0
mb-02858,Ga2RuRh,4,222.0000000000001,92.00000000000001
mb-02859,AlMo3,8,225.0000000000001,121.00000000000006
mb-02860,FeBO3,10,174.00000000000009,92.99999999999999
mb-02861,Cs2Pd3Se4,9,15.000000000000004,5.000000000000001
mb-02862,SmNi2,6,93.99999999999997,37.99999999999999
mb-02863,Lu(NiGe)2,5,135.99999999999997,47.00000000000001
mb-02864,Lu6Sb2Mo,9,63.0,37.0
mb-02865,V4GaS8,13,74.00000000000001,47.00000000000001
mb-02866,ErInPd,9,91.00000000000001,28.0
mb-02867,BaCdGe,6,26.0,23.999999999999993
mb-02868,MgCrO4,12,63.999999999999986,40.99999999999999
mb-02869,CaSn2Ir,8,77.0,37.99999999999999
mb-02870,CaZrO3,20,148.00000000000003,84.99999999999999
mb-02871,UAu2,3,109.00000000000004,45.00000000000001
mb-02872,K(CoS)2,5,42.99999999999999,30.999999999999996
mb-02873,Mn3AlC,5,215.00000000000003,128.99999999999994
mb-02874,Li2RuO3,24,108.00000000000004,47.00000000000001
mb-02875,DyCoC,6,135.99999999999997,57.00000000000001
mb-02876,YVO4,12,124.99999999999994,47.00000000000001
mb-02877,CoCuO2,4,207.99999999999997,27.000000000000004
mb-02878,MgCN2,4,96.0,35.0
mb-02879,Mn2V2O7,11,96.0,32.00000000000001
mb-02880,YbFeO3,20,154.99999999999997,77.0
mb-02881,ErSi2Ni,8,118.99999999999996,64.99999999999999
mb-02882,TbFeO3,20,175.0,83.00000000000001
mb-02883,K6Co2O7,30,35.0,17.0
mb-02884,DyFeO3,20,176.00000000000006,83.99999999999999
mb-02885,NiCO3,10,124.99999999999994,68.00000000000001
mb-02886,CrPbO4,24,33.0,17.999999999999996
mb-02887,PrSnRh,9,98.0,34.0
mb-02888,Er(SiNi)2,5,128.99999999999994,72.00000000000001
mb-02889,K2Mn2O3,14,61.000000000000014,23.999999999999993
mb-02890,HoFeO3,20,177.00000000000009,83.99999999999999
mb-02891,Mg2SbN3,12,114.00000000000003,59.00000000000001
mb-02892,LuIr2,6,204.0,92.00000000000001
mb-02893,PaC,2,171.99999999999991,78.99999999999999
mb-02894,DyNi5,6,146.99999999999997,70.00000000000001
mb-02895,Sr3WN3,14,57.00000000000001,29.999999999999996
mb-02896,PrTe,2,56.00000000000001,18.999999999999996
mb-02897,PaB3,8,197.99999999999991,140.00000000000006
mb-02898,UFe3B2,6,232.99999999999994,132.00000000000006
mb-02899,HfTe2,3,15.000000000000004,12.000000000000002
mb-02900,CuRhO2,4,164.00000000000003,45.00000000000001
mb-02901,Hf2Ag,3,111.00000000000004,52.999999999999986
mb-02902,Pr(NiP)2,5,111.00000000000004,78.99999999999999
mb-02903,NiF2,6,127.99999999999999,39.99999999999999
mb-02904,VFe2Si,4,246.0000000000001,44.0
mb-02905,Nd(NiP)2,5,127.99999999999999,82.0
mb-02906,Ba3OsN3,14,47.99999999999999,26.0
mb-02907,MnAu4,5,128.99999999999994,30.999999999999996
mb-02908,SrHClO,8,36.0,17.999999999999996
mb-02909,ZrBeSi,6,138.0,116.00000000000003
mb-02910,Pm2IrPd,4,107.00000000000001,30.999999999999996
mb-02911,ThAsSe,6,92.99999999999999,42.00000000000001
mb-02912,ThBiTe,6,66.00000000000001,28.0
mb-02913,ThPSe,6,96.99999999999999,39.99999999999999
mb-02914,ThSbSe,6,79.99999999999999,37.99999999999999
mb-02915,ThAsS,6,99.0,52.999999999999986
mb-02916,SrZnSn,6,42.99999999999999,27.000000000000004
mb-02917,BaRh2,6,95.00000000000001,29.999999999999996
mb-02918,Rb2NaVF6,10,52.00000000000001,22.999999999999996
mb-02919,CrAgO2,4,140.00000000000006,45.00000000000001
mb-02920,TiI3,16,4.0,2.0
mb-02921,NaBiO3,10,58.00000000000001,26.0
mb-02922,SrHgPb,6,39.99999999999999,22.999999999999996
mb-02923,Sr3SnO,5,11.000000000000002,21.0
mb-02924,SrSnHg,6,13.999999999999998,26.0
mb-02925,Ba2MgReO6,10,118.99999999999996,68.00000000000001
mb-02926,Sr7GeN6,56,61.000000000000014,37.99999999999999
mb-02927,ThIr2,6,201.00000000000009,67.0
mb-02928,Rb2CoF6,9,16.0,7.999999999999999
mb-02929,SmGeRu,6,92.00000000000001,45.00000000000001
mb-02930,SmCoSi,6,85.99999999999999,40.99999999999999
mb-02931,KMgBi,6,21.999999999999996,12.000000000000002
mb-02932,SrTe,2,38.99999999999999,22.999999999999996
mb-02933,Na2H6Pt,9,22.999999999999996,16.0
mb-02934,DyNi2B2C,6,193.99999999999997,70.99999999999999
mb-02935,LuCuSi,6,68.99999999999999,61.000000000000014
mb-02936,SmFeSi,6,76.0,47.99999999999999
mb-02937,LiFeRh2,4,143.00000000000003,60.0
mb-02938,TmAgTe2,8,42.00000000000001,21.0
mb-02939,TaGaCo2,4,202.00000000000006,85.99999999999999
mb-02940,KMgAs,6,30.999999999999996,18.999999999999996
mb-02941,CsTi6O12,38,118.99999999999996,52.999999999999986
mb-02942,Hf2Au,3,134.00000000000003,59.00000000000001
mb-02943,MnSe,4,50.999999999999986,12.999999999999998
mb-02944,MnVRu2,4,231.00000000000009,93.99999999999997
mb-02945,PrTeCl,6,57.00000000000001,28.0
mb-02946,PrSbPt,6,85.99999999999999,35.0
mb-02947,HfBe5,6,131.00000000000006,119.99999999999996
mb-02948,LiMg2Zn,4,39.99999999999999,27.000000000000004
mb-02949,Th3Ge2,10,84.99999999999999,23.999999999999993
mb-02950,HoCoC,6,136.99999999999997,57.00000000000001
mb-02951,PrFeSi,6,61.000000000000014,42.00000000000001
mb-02952,K2NaCuF6,10,35.0,29.999999999999996
mb-02953,NdGa2,3,68.00000000000001,55.00000000000001
mb-02954,MgSc2In,4,42.99999999999999,37.99999999999999
mb-02955,NpSeO,6,106.00000000000004,54.000000000000014
mb-02956,KInTe2,8,34.0,25.000000000000007
mb-02957,Li6FeN4,22,83.99999999999999,68.99999999999999
mb-02958,TcPt3,4,265.00000000000006,133.0
mb-02959,YbAlO3,5,170.99999999999991,84.99999999999999
mb-02960,Ca3FeN3,14,76.0,47.00000000000001
mb-02961,LiTiS2,4,68.00000000000001,47.99999999999999
mb-02962,PmCdPd2,4,89.0,10.0
mb-02963,ZrMo2,6,192.00000000000003,59.00000000000001
mb-02964,SrGe2,3,27.000000000000004,20.000000000000004
mb-02965,MgAlPd2,4,123.00000000000003,36.0
mb-02966,Ba3RuN3,14,46.0,25.000000000000007
mb-02967,BaGaSiH,4,47.00000000000001,37.0
mb-02968,HfPaTc2,4,168.0,45.00000000000001
mb-02969,Sr3ReN3,14,59.00000000000001,28.0
mb-02970,RhO2,6,234.00000000000006,93.99999999999997
mb-02971,OsO2,6,280.99999999999994,102.99999999999996
mb-02972,LiBeB,6,55.00000000000001,60.0
mb-02973,Li3SmBi2,6,39.99999999999999,28.0
mb-02974,Li3PrBi2,6,37.0,27.000000000000004
mb-02975,TmCl3,8,12.000000000000002,13.999999999999998
mb-02976,CrNi2,3,228.00000000000009,111.99999999999997
mb-02977,Zr2Cd,3,77.99999999999999,28.0
mb-02978,NaPrAu2,4,54.000000000000014,16.0
mb-02979,Li3HoSb2,6,42.00000000000001,34.0
mb-02980,LuPaTc2,4,116.00000000000003,42.00000000000001
mb-02981,Mg2CrN3,12,123.00000000000003,47.99999999999999
mb-02982,ScGaCu2,4,106.00000000000004,29.999999999999996
mb-02983,EuH3Pd,5,83.00000000000001,30.999999999999996
mb-02984,EuHfO3,5,204.99999999999994,107.00000000000001
mb-02985,Mn3GaN,5,230.00000000000009,128.99999999999994
mb-02986,MnGaNi2,4,158.0,63.0
mb-02987,Fe(HO)2,5,44.0,27.000000000000004
mb-02988,ZrH,8,114.00000000000003,23.999999999999993
mb-02989,Ti2CoIr,4,193.00000000000006,63.999999999999986
mb-02990,Mn2B,6,319.9999999999999,175.0
mb-02991,TmNiSb,3,81.0,60.0
mb-02992,K2WCl6,9,12.000000000000002,4.0
mb-02993,Ti2BRh6,9,228.00000000000009,112.99999999999994
mb-02994,TmRh,2,127.99999999999999,48.99999999999999
mb-02995,ScBi,2,58.00000000000001,29.999999999999996
mb-02996,HfVGe,6,146.00000000000003,77.99999999999999
mb-02997,K2ZnH4,28,17.0,11.000000000000002
mb-02998,HoFeSi,6,92.00000000000001,57.00000000000001
mb-02999,AcMgTl2,4,39.99999999999999,3.0
mb-03000,SrB6,7,146.99999999999997,111.00000000000004
mb-03001,HfVSi,6,152.00000000000003,67.0
mb-03002,HfBRh3,5,238.99999999999991,107.00000000000001
mb-03003,TaCu3Se4,8,30.999999999999996,21.999999999999996
mb-03004,Hf2GaSb3,6,88.00000000000001,63.999999999999986
mb-03005,Zr(CuP)2,5,128.99999999999994,61.000000000000014
mb-03006,NbH2,3,178.00000000000003,81.0
mb-03007,RbBi2,6,29.0,2.0
mb-03008,ScAg2,3,85.99999999999999,38.99999999999999
mb-03009,PtS2,3,21.0,13.999999999999998
mb-03010,K2MnF6,9,10.0,16.0
mb-03011,LiAsPd2,4,103.99999999999997,28.0
mb-03012,CaPmRh2,4,85.99999999999999,28.0
mb-03013,TiZn,2,115.00000000000003,56.00000000000001
mb-03014,ErZnGa,6,84.99999999999999,59.00000000000001
mb-03015,TcB2,6,283.0,243.9999999999999
mb-03016,TcN,6,245.00000000000009,136.99999999999997
mb-03017,ReN,6,368.0,179.99999999999997
mb-03018,Li3Cd,4,18.999999999999996,10.0
mb-03019,ErZnIn,6,63.999999999999986,39.99999999999999
mb-03020,Mg3Si4(HO6)2,21,47.00000000000001,25.000000000000007
mb-03021,Mn2AlV,4,184.99999999999997,98.0
mb-03022,Er2Mg3Ru,6,52.999999999999986,29.999999999999996
mb-03023,Ba3BiN,10,25.000000000000007,12.000000000000002
mb-03024,Zn2CrN3,12,152.00000000000003,60.0
mb-03025,CsBr,2,6.0,5.000000000000001
mb-03026,SnPt3,4,201.00000000000009,58.00000000000001
mb-03027,Li5OsN4,20,70.00000000000001,38.99999999999999
mb-03028,TiFe2Si,4,228.99999999999997,146.00000000000003
mb-03029,LiGeIr2,4,171.99999999999991,112.99999999999994
mb-03030,TbAu2,3,98.0,35.0
mb-03031,Pr(CoB)2,5,136.99999999999997,89.0
mb-03032,YSnPd2,4,108.00000000000004,25.000000000000007
mb-03033,Cd(GaS2)2,7,36.0,21.0
mb-03034,HfScRu2,4,178.00000000000003,79.99999999999999
mb-03035,LiTi2N3,12,126.00000000000001,70.99999999999999
mb-03036,LiSi2N3,24,158.99999999999994,121.00000000000006
mb-03037,Tm(CuTe)3,28,54.000000000000014,29.0
mb-03038,Li7NbN4,96,82.0,63.999999999999986
mb-03039,YCdAg2,4,56.00000000000001,11.000000000000002
mb-03040,Yb2AsAu,4,55.00000000000001,36.0
mb-03041,Sr3Al3N5,22,103.99999999999997,52.00000000000001
mb-03042,KH,2,13.999999999999998,11.000000000000002
mb-03043,TaMn2,12,242.99999999999997,88.00000000000001
mb-03044,Rb2NiO2,5,25.000000000000007,12.000000000000002
mb-03045,SmFeO3,20,170.00000000000006,81.0
mb-03046,NdFeO3,20,165.99999999999997,78.99999999999999
mb-03047,PrFeO3,20,162.99999999999994,77.99999999999999
mb-03048,CeGe3Rh,5,96.0,37.0
mb-03049,MnSnO3,10,140.00000000000006,54.000000000000014
mb-03050,CaAg2,6,47.99999999999999,15.000000000000004
mb-03051,Li12Si7,152,36.0,32.00000000000001
mb-03052,BaS,2,40.99999999999999,25.000000000000007
mb-03053,Na2H2Pd,5,27.000000000000004,17.0
mb-03054,Th3P4,14,108.00000000000004,58.00000000000001
mb-03055,MgTiIr2,4,199.00000000000009,109.00000000000004
mb-03056,SmMnO3,20,146.00000000000003,67.0
mb-03057,TbMn2O5,32,154.99999999999997,77.99999999999999
mb-03058,TbMnO3,20,154.0,68.99999999999999
mb-03059,YbMnO3,20,164.00000000000003,100.0
mb-03060,Rb2HgO2,5,23.999999999999993,11.000000000000002
mb-03061,Li3VO4,16,63.0,33.0
mb-03062,Mn(SbO2)2,28,40.99999999999999,13.999999999999998
mb-03063,Sn4Au,10,50.999999999999986,11.000000000000002
mb-03064,Fe2SiO4,28,124.99999999999994,49.99999999999999
mb-03065,RbH,2,17.0,12.999999999999998
mb-03066,Fe(SbO2)2,28,47.00000000000001,16.0
mb-03067,MnCuO2,4,111.99999999999997,40.99999999999999
mb-03068,ScVO4,12,148.00000000000003,29.999999999999996
mb-03069,LiSn4Ir,12,68.99999999999999,47.99999999999999
mb-03070,CsK2Sb,4,12.000000000000002,7.0
mb-03071,HoFe2,6,85.99999999999999,28.0
mb-03072,ZrInNi2,4,138.99999999999997,50.999999999999986
mb-03073,Li2WO4,14,68.99999999999999,26.0
mb-03074,LiHfPt2,4,143.00000000000003,17.999999999999996
mb-03075,LaCrO3,20,165.0,85.99999999999999
mb-03076,NiWO4,12,152.00000000000003,73.0
mb-03077,Rb(CoS)2,5,49.99999999999999,32.00000000000001
mb-03078,VInO4,12,76.0,38.99999999999999
mb-03079,CrBO3,10,181.00000000000003,109.00000000000004
mb-03080,Np,8,170.99999999999991,111.00000000000004
mb-03081,YbPb,2,37.99999999999999,21.999999999999996
mb-03082,LiGaTe2,8,27.000000000000004,12.999999999999998
mb-03083,ZnCu2GeS4,8,70.99999999999999,35.0
mb-03084,CaMoO4,12,75.00000000000001,33.0
mb-03085,Re3P4,7,187.00000000000003,136.99999999999997
mb-03086,RbPt2Se3,12,25.000000000000007,12.000000000000002
mb-03087,Co9S8,17,130.00000000000006,63.999999999999986
mb-03088,ScCuSi,9,111.99999999999997,76.0
mb-03089,As2Ir,12,152.00000000000003,96.0
mb-03090,Nd2WO6,36,124.99999999999994,52.999999999999986
mb-03091,Hf5Sn4,18,111.99999999999997,63.0
mb-03092,SmMn2O5,32,152.00000000000003,75.00000000000001
mb-03093,VRh3,8,250.99999999999991,126.99999999999999
mb-03094,Hf3(Cu2Si)2,9,148.00000000000003,79.99999999999999
mb-03095,Ba3V2O8,13,68.99999999999999,29.0
mb-03096,TiTc,2,207.00000000000003,72.00000000000001
mb-03097,Ni(AsO3)2,9,148.00000000000003,81.0
mb-03098,MnCu2SnS4,8,66.00000000000001,23.999999999999993
mb-03099,VI3,8,6.0,3.0
mb-03100,Al12Tc,13,95.00000000000001,74.00000000000001
mb-03101,ErAgPb,9,70.99999999999999,32.00000000000001
mb-03102,MnWO4,12,126.99999999999999,55.00000000000001
mb-03103,ZrAs,8,118.00000000000003,64.99999999999999
mb-03104,RbAcTe2,4,276.0,10.0
mb-03105,Sr2MgWO6,10,126.99999999999999,72.00000000000001
mb-03106,FeWO4,12,140.99999999999991,54.000000000000014
mb-03107,CaZn5,6,61.000000000000014,38.99999999999999
mb-03108,CeB2Ir3,6,240.99999999999997,123.00000000000003
mb-03109,TiCoO3,10,175.0,70.99999999999999
mb-03110,Zr2CoSi2,10,150.99999999999994,95.00000000000001
mb-03111,Th(SiRu)2,5,164.00000000000003,89.0
mb-03112,BaCu,8,17.999999999999996,7.999999999999999
mb-03113,Mn2P,9,193.99999999999997,99.0
mb-03114,TmInRh2,4,135.0,52.00000000000001
mb-03115,UF5,6,15.000000000000004,11.000000000000002
mb-03116,Ba2LiReO6,10,83.99999999999999,42.99999999999999
mb-03117,Mn2P2O7,11,111.99999999999997,48.99999999999999
mb-03118,KRb2FeF6,10,48.99999999999999,22.999999999999996
mb-03119,TiNiO3,10,177.00000000000009,82.0
mb-03120,Mg(AlB14)2,62,189.99999999999994,174.00000000000009
mb-03121,V2Cd2O7,11,84.99999999999999,26.0
mb-03122,LaBiPt,3,70.00000000000001,32.00000000000001
mb-03123,TaN,6,307.0,181.99999999999994
mb-03124,MoO2,12,219.00000000000009,89.0
mb-03125,Mg3Tl,8,36.0,12.999999999999998
mb-03126,K2CN2,10,29.999999999999996,12.999999999999998
mb-03127,ErAl3,20,75.00000000000001,59.00000000000001
mb-03128,GePt,8,143.00000000000003,54.000000000000014
mb-03129,DyNi2,6,183.99999999999997,40.99999999999999
mb-03130,ThBi2,6,66.00000000000001,27.000000000000004
mb-03131,TiGa2,12,107.00000000000001,68.99999999999999
mb-03132,Ba(AsPd)2,10,73.0,29.999999999999996
mb-03133,CeB2Rh3,6,179.00000000000006,99.0
mb-03134,NaUO3,20,83.99999999999999,54.000000000000014
mb-03135,NaMgAs,6,33.0,20.000000000000004
mb-03136,Dy(CoSi)2,5,144.99999999999997,93.99999999999997
mb-03137,TaAgS3,10,75.00000000000001,34.0
mb-03138,Be2Cu,6,136.99999999999997,124.99999999999994
mb-03139,Be5Au,6,138.0,119.99999999999996
mb-03140,Dy2MgGe2,10,68.00000000000001,56.00000000000001
mb-03141,AlAg2,6,93.99999999999997,29.999999999999996
mb-03142,CsBrF,6,10.0,9.0
mb-03143,YZnSn,12,63.999999999999986,42.99999999999999
mb-03144,LaNi5,6,135.0,59.00000000000001
mb-03145,Li2GeN2,20,84.99999999999999,38.99999999999999
mb-03146,LiAlTe2,8,26.0,12.999999999999998
mb-03147,Li7SbN4,96,75.00000000000001,63.999999999999986
mb-03148,Ba(NbN2)2,84,30.999999999999996,29.0
mb-03149,CuSe2Cl,16,7.999999999999999,5.000000000000001
mb-03150,Cs3Bi2Br9,14,9.0,4.0
mb-03151,PrSe,2,72.00000000000001,28.0
mb-03152,Li2CN2,5,49.99999999999999,17.0
mb-03153,La,1,22.999999999999996,15.000000000000004
mb-03154,Li2AlAg,4,48.99999999999999,21.0
mb-03155,Li2PNO2,12,89.0,60.0
mb-03156,BW2,6,330.00000000000006,152.00000000000003
mb-03157,Bi2Se3,5,12.000000000000002,7.999999999999999
mb-03158,BaSe2,6,29.999999999999996,12.000000000000002
mb-03159,UP,8,96.0,45.00000000000001
mb-03160,HfSi,8,153.00000000000003,96.0
mb-03161,InN,4,103.99999999999997,66.00000000000001
mb-03162,Li2AgSb,4,47.00000000000001,21.0
mb-03163,Sc2RuPt,4,146.99999999999997,61.000000000000014
mb-03164,YbZn2,6,46.0,21.0
mb-03165,Ca3CrN3,14,85.99999999999999,50.999999999999986
mb-03166,CaCuF4,12,77.0,33.0
mb-03167,Ca3MnN3,28,88.00000000000001,50.999999999999986
mb-03168,Ca4Bi2O,7,42.99999999999999,29.0
mb-03169,Ca2VN3,24,93.99999999999997,49.99999999999999
mb-03170,LiAl2Ni,4,101.99999999999999,59.00000000000001
mb-03171,Ti2MnIr,4,211.9999999999999,96.99999999999999
mb-03172,Na2CN2,10,40.99999999999999,17.999999999999996
mb-03173,GaAgS2,8,61.000000000000014,21.999999999999996
mb-03174,NdB6,7,174.00000000000009,109.99999999999997
mb-03175,RbIn4,5,21.0,25.000000000000007
mb-03176,La3PbC,5,68.99999999999999,47.00000000000001
mb-03177,CaLaZn2,4,46.0,25.000000000000007
mb-03178,BaTiO3,5,96.99999999999999,42.00000000000001
mb-03179,Rb2Sn2O3,7,23.999999999999993,17.999999999999996
mb-03180,LuGaRh2,4,165.0,61.000000000000014
mb-03181,SnHgF6,8,3.0,12.999999999999998
mb-03182,Li2AgHg,4,52.999999999999986,10.0
mb-03183,AlCuO2,4,158.99999999999994,79.99999999999999
mb-03184,KCrO2,4,111.00000000000004,70.00000000000001
mb-03185,Yb2CuIr,4,70.00000000000001,33.0
mb-03186,BaPdF4,12,52.999999999999986,15.000000000000004
mb-03187,TmCo3B2,6,220.99999999999994,124.00000000000003
mb-03188,Li7TaN4,96,83.00000000000001,66.00000000000001
mb-03189,Cu2SnS3,12,66.00000000000001,27.000000000000004
mb-03190,MgCu2,6,93.99999999999997,37.99999999999999
mb-03191,YMgNi4,12,123.00000000000003,56.00000000000001
mb-03192,ErCuSi,6,79.99999999999999,61.000000000000014
mb-03193,Si2Mo,3,207.00000000000003,177.00000000000009
mb-03194,LuInRh2,4,146.99999999999997,59.00000000000001
mb-03195,Zr2Pd,3,123.00000000000003,48.99999999999999
mb-03196,LiHg2Pd,4,70.00000000000001,13.999999999999998
mb-03197,Pm2RuAu,4,98.0,27.000000000000004
mb-03198,CdCN2,4,85.99999999999999,25.000000000000007
mb-03199,V2H,3,191.00000000000006,52.00000000000001
mb-03200,RbCaAs,6,27.000000000000004,11.000000000000002
mb-03201,Li3PO4,16,70.00000000000001,42.99999999999999
mb-03202,CoO,4,128.99999999999994,30.999999999999996
mb-03203,TbGa2,3,77.0,54.000000000000014
mb-03204,YbCo3B2,6,199.00000000000009,116.00000000000003
mb-03205,ThAg2,3,70.99999999999999,35.0
mb-03206,Y(Al2Fe)4,13,123.00000000000003,84.99999999999999
mb-03207,GaCu3,8,126.99999999999999,47.00000000000001
mb-03208,Fe3Re,8,309.99999999999994,177.00000000000009
mb-03209,NaH2Pd3,6,108.00000000000004,35.0
mb-03210,YCBr,6,21.999999999999996,10.0
mb-03211,Li2H2Pt,5,47.00000000000001,25.000000000000007
mb-03212,CuPt,2,197.0,74.00000000000001
mb-03213,BeGaIr2,4,209.99999999999991,117.00000000000001
mb-03214,Sc5Si3,16,89.0,72.00000000000001
mb-03215,Tc3Pd,8,253.00000000000003,146.00000000000003
mb-03216,LiPt3,4,179.00000000000006,83.99999999999999
mb-03217,LiPd3,4,122.00000000000004,40.99999999999999
mb-03218,Ac3Sn,4,37.99999999999999,18.999999999999996
mb-03219,Sc3Hg,8,66.00000000000001,34.0
mb-03220,PaO3,4,250.99999999999991,57.00000000000001
mb-03221,ScZn3,8,77.99999999999999,23.999999999999993
mb-03222,AcHg3,8,44.0,11.000000000000002
mb-03223,Sc3Al,8,63.999999999999986,40.99999999999999
mb-03224,AcAl3,8,58.00000000000001,36.0
mb-03225,Re3Pd,8,296.99999999999994,173.00000000000003
mb-03226,Ru3W,8,309.0,161.99999999999994
mb-03227,LiCu3,4,90.00000000000003,36.0
mb-03228,IrRu3,8,313.99999999999994,179.99999999999997
mb-03229,Re3Pt,8,323.99999999999994,202.00000000000006
mb-03230,PmZn3,8,63.999999999999986,12.999999999999998
mb-03231,Re3Ni,8,325.99999999999994,175.0
mb-03232,PrGa3,8,62.0,42.99999999999999
mb-03233,Tc3Os,8,325.99999999999994,176.00000000000006
mb-03234,PaSi3,4,124.00000000000003,68.99999999999999
mb-03235,SrNiSn2,8,56.00000000000001,27.000000000000004
mb-03236,PaAl3,8,100.0,49.99999999999999
mb-03237,Pa3Te,4,108.00000000000004,74.00000000000001
mb-03238,Pa3Sb,4,106.00000000000004,49.99999999999999
mb-03239,PaPd3,8,150.99999999999994,49.99999999999999
mb-03240,Pa3Si,4,111.00000000000004,46.0
mb-03241,PmPd3,4,109.00000000000004,50.999999999999986
mb-03242,PmAl3,8,66.00000000000001,40.99999999999999
mb-03243,PmCu3,8,78.99999999999999,21.999999999999996
mb-03244,KPuO3,5,146.99999999999997,72.00000000000001
mb-03245,Ho3In,4,49.99999999999999,29.999999999999996
mb-03246,AcCuO3,5,164.00000000000003,83.99999999999999
mb-03247,PaCo3,4,173.00000000000003,68.99999999999999
mb-03248,Mn3Ir,8,359.00000000000017,168.99999999999997
mb-03249,YbSiPt2,16,128.99999999999994,46.0
mb-03250,ZrZn3,8,100.0,38.99999999999999
mb-03251,MgAg3,8,77.99999999999999,29.0
mb-03252,LaAu3,8,76.0,23.999999999999993
mb-03253,MgSc2,6,48.99999999999999,22.999999999999996
mb-03254,DyAl3,8,70.99999999999999,39.99999999999999
mb-03255,Nd2BC,8,44.0,26.0
mb-03256,MgCo2,12,118.99999999999996,57.00000000000001
mb-03257,MnIr3,8,264.0000000000001,135.99999999999997
mb-03258,HfPd5,6,168.99999999999997,70.00000000000001
mb-03259,YbHg3,8,29.0,12.000000000000002
mb-03260,Co3Pt,8,211.9999999999999,91.00000000000001
mb-03261,UTlO3,5,140.99999999999991,58.00000000000001
mb-03262,ThPt3,8,181.00000000000003,42.99999999999999
mb-03263,TmAlCu,9,91.00000000000001,47.00000000000001
mb-03264,YTe,2,40.99999999999999,25.000000000000007
mb-03265,UP3,8,95.00000000000001,75.00000000000001
mb-03266,YCo,4,54.000000000000014,21.999999999999996
mb-03267,ThGa3,8,74.00000000000001,42.99999999999999
mb-03268,VIr3,8,319.9999999999999,186.00000000000009
mb-03269,YAl3,8,72.00000000000001,39.99999999999999
mb-03270,Be3Ru,4,181.99999999999994,124.99999999999994
mb-03271,AcTe3,4,47.99999999999999,21.0
mb-03272,Y2Mg,6,40.99999999999999,17.999999999999996
mb-03273,MgRh3,4,181.99999999999994,84.99999999999999
mb-03274,CrPd3,4,154.99999999999997,64.99999999999999
mb-03275,CoTc3,8,288.0000000000001,144.00000000000003
mb-03276,PaBi3,4,68.00000000000001,26.0
mb-03277,GaRu,2,201.00000000000009,88.00000000000001
mb-03278,AcTiO3,5,165.0,70.99999999999999
mb-03279,Y3Al7Cu2,12,88.00000000000001,63.0
mb-03280,CoRe3,8,337.99999999999994,160.99999999999994
mb-03281,AcAg,2,44.0,17.999999999999996
mb-03282,AcSi3,8,79.99999999999999,47.00000000000001
mb-03283,AcMg,2,33.0,20.000000000000004
mb-03284,Sm2InHg,4,54.000000000000014,17.0
mb-03285,SmGa3,8,61.000000000000014,37.99999999999999
mb-03286,Pm3Pb,4,44.0,21.0
mb-03287,TcOs3,8,378.00000000000017,242.99999999999997
mb-03288,Ce3(TaN3)2,11,167.0,83.99999999999999
mb-03289,LaBi3,4,52.00000000000001,12.000000000000002
mb-03290,TbTe,2,59.00000000000001,38.99999999999999
mb-03291,Tc3Pt,8,283.0,175.0
mb-03292,Tc3Ni,8,283.9999999999999,150.00000000000003
mb-03293,TaRu3,4,265.00000000000006,117.00000000000001
mb-03294,SmAl3,8,68.99999999999999,42.99999999999999
mb-03295,AcGa3,8,52.00000000000001,38.99999999999999
mb-03296,SmHg3,8,56.00000000000001,20.000000000000004
mb-03297,NaSnSb,6,33.0,17.999999999999996
mb-03298,K2Rh2O5,9,15.000000000000004,47.00000000000001
mb-03299,PuGe3,4,59.00000000000001,44.0
mb-03300,TiSnPd,3,118.00000000000003,77.0
mb-03301,ZrSnPd,3,98.0,57.00000000000001
mb-03302,ZrSnPt,3,130.00000000000006,86.99999999999999
mb-03303,ErSbPt,3,101.99999999999999,47.99999999999999
mb-03304,CaPbF6,8,68.00000000000001,18.999999999999996
mb-03305,Ba,1,9.0,6.0
mb-03306,CaPd,2,58.00000000000001,21.999999999999996
mb-03307,WC,2,384.99999999999994,278.9999999999999
mb-03308,YHg,2,64.99999999999999,27.000000000000004
mb-03309,TiOs,2,248.00000000000009,134.00000000000003
mb-03310,LaMg,2,35.0,21.0
mb-03311,HfOs,2,228.99999999999997,117.00000000000001
mb-03312,LaAg,2,52.999999999999986,12.999999999999998
mb-03313,LiAlSi,3,63.0,55.00000000000001
mb-03314,MgAg,2,64.99999999999999,29.999999999999996
mb-03315,MoP,2,219.00000000000009,134.00000000000003
mb-03316,YIn,2,56.00000000000001,16.0
mb-03317,TiS,2,140.99999999999991,101.00000000000001
mb-03318,AlCo,2,179.00000000000006,118.00000000000003
mb-03319,ZrCo,2,131.00000000000006,44.0
mb-03320,ThNiSn,3,98.0,47.99999999999999
mb-03321,Er,2,44.0,29.999999999999996
mb-03322,InAs,2,48.99999999999999,25.000000000000007
mb-03323,PrAg,2,50.999999999999986,15.000000000000004
mb-03324,HoCu,2,73.0,37.0
mb-03325,ZrC,2,220.99999999999994,158.99999999999994
mb-03326,YIr,2,128.99999999999994,49.99999999999999
mb-03327,TiB2,3,253.00000000000003,253.00000000000003
mb-03328,YPPt,3,126.99999999999999,48.99999999999999
mb-03329,TaC,2,323.99999999999994,215.00000000000003
mb-03330,FeN,2,267.0000000000001,60.0
mb-03331,YAg,2,62.0,27.000000000000004
mb-03332,FeCo,2,189.00000000000006,91.00000000000001
mb-03333,ZrOs,2,209.0000000000001,99.0
mb-03334,MgO,2,150.99999999999994,118.99999999999996
mb-03335,Tm,2,46.0,30.999999999999996
mb-03336,GaCo,2,176.00000000000006,67.0
mb-03337,Zn,2,67.0,37.0
mb-03338,PmMg,2,37.99999999999999,22.999999999999996
mb-03339,TmSbPt,3,100.0,48.99999999999999
mb-03340,LiGeBO4,7,74.00000000000001,62.0
mb-03341,TiFe,2,193.99999999999997,96.99999999999999
mb-03342,Ti2Zn,3,96.0,47.00000000000001
mb-03343,YSbPt,3,96.99999999999999,47.00000000000001
mb-03344,LaCd,2,44.0,17.0
mb-03345,Tl,2,26.0,7.0
mb-03346,PbS,2,52.00000000000001,29.0
mb-03347,YCd,2,57.00000000000001,25.000000000000007
mb-03348,BOs,2,314.99999999999994,203.00000000000003
mb-03349,CuPd,2,140.99999999999991,46.0
mb-03350,ScNiSb,3,103.99999999999997,66.00000000000001
mb-03351,GdCd,2,38.99999999999999,18.999999999999996
mb-03352,Li2AgPb,4,93.99999999999997,29.0
mb-03353,TiC,2,253.00000000000003,176.00000000000006
mb-03354,InSb,2,35.0,18.999999999999996
mb-03355,CoN,2,250.99999999999991,48.99999999999999
mb-03356,PrCd,2,47.00000000000001,18.999999999999996
mb-03357,TiN,4,259.00000000000006,179.99999999999997
mb-03358,TiIr,2,228.00000000000009,81.0
mb-03359,TmPd,2,95.00000000000001,30.999999999999996
mb-03360,PbSe,2,47.00000000000001,27.000000000000004
mb-03361,ZrN,2,247.00000000000003,141.99999999999994
mb-03362,ZnNi,2,146.00000000000003,63.0
mb-03363,ZnPt,4,171.99999999999991,63.0
mb-03364,HfC,2,236.00000000000009,179.99999999999997
mb-03365,TmZnRh2,4,134.00000000000003,48.99999999999999
mb-03366,ThSbRh,3,111.99999999999997,42.99999999999999
mb-03367,NbN,2,312.9999999999999,210.99999999999997
mb-03368,EuCd,2,25.000000000000007,17.999999999999996
mb-03369,VB2,3,286.00000000000006,240.99999999999997
mb-03370,ZnPd,4,138.99999999999997,55.00000000000001
mb-03371,SnS2,3,15.000000000000004,10.0
mb-03372,NdCd,2,52.00000000000001,20.000000000000004
mb-03373,TiCo,2,162.99999999999994,61.000000000000014
mb-03374,SiPt2,3,203.00000000000003,67.0
mb-03375,WN2,3,352.99999999999983,225.99999999999991
mb-03376,NbPd2,3,189.99999999999994,74.00000000000001
mb-03377,ZrTe2,3,13.999999999999998,12.999999999999998
mb-03378,TiS2,3,17.999999999999996,13.999999999999998
mb-03379,TaPd2,3,204.99999999999994,72.00000000000001
mb-03380,SrGa2,3,56.00000000000001,32.00000000000001
mb-03381,LiHPd,3,84.99999999999999,37.99999999999999
mb-03382,CaN2,3,91.00000000000001,42.99999999999999
mb-03383,Tb,3,39.99999999999999,26.0
mb-03384,MgAgSb,3,76.0,16.0
mb-03385,TiGePt,3,141.99999999999994,49.99999999999999
mb-03386,ScCu2,3,115.00000000000003,44.0
mb-03387,CaGe2,3,44.0,37.99999999999999
mb-03388,LiCdAs,3,37.99999999999999,29.0
mb-03389,ZrZnN2,4,177.00000000000009,78.99999999999999
mb-03390,NbPt2,3,243.9999999999999,108.00000000000004
mb-03391,ErNiSb,3,82.0,59.00000000000001
mb-03392,HoNiBi,3,84.99999999999999,49.99999999999999
mb-03393,HoNiSb,3,76.0,56.00000000000001
mb-03394,AlTc2,3,223.99999999999997,126.99999999999999
mb-03395,VPt2,3,246.0000000000001,114.00000000000003
mb-03396,CeGa2,3,63.999999999999986,55.00000000000001
mb-03397,HfB2,3,250.99999999999991,241.9999999999999
mb-03398,MgB2,3,148.00000000000003,118.00000000000003
mb-03399,TiNiSn,3,122.00000000000004,68.00000000000001
mb-03400,LiGaCu2,4,83.99999999999999,33.0
mb-03401,MoPt2,3,272.0,136.99999999999997
mb-03402,CsPdBr3,5,27.000000000000004,16.0
mb-03403,SrN2,3,59.00000000000001,35.0
mb-03404,NaLuS2,4,47.99999999999999,32.00000000000001
mb-03405,TmGa3,4,66.00000000000001,33.0
mb-03406,TiRe,2,232.00000000000009,70.99999999999999
mb-03407,LaC2,3,92.00000000000001,34.0
mb-03408,ScF3,4,89.0,40.99999999999999
mb-03409,ErGa3,4,99.0,36.0
mb-03410,FeS,4,29.999999999999996,18.999999999999996
mb-03411,NaHF2,4,40.99999999999999,16.0
mb-03412,ScBIr3,5,237.99999999999994,119.99999999999996
mb-03413,ZrIr3,4,266.00000000000006,152.00000000000003
mb-03414,NdPd,4,68.99999999999999,25.000000000000007
mb-03415,URh3,4,217.00000000000003,76.0
mb-03416,TiGaFeCo,4,204.0,116.00000000000003
mb-03417,LiErS2,4,47.99999999999999,32.00000000000001
mb-03418,TiAlFeCo,4,175.0,126.99999999999999
mb-03419,PdO,4,158.99999999999994,34.0
mb-03420,ErTlTe2,4,29.0,18.999999999999996
mb-03421,LuTlTe2,4,29.999999999999996,20.000000000000004
mb-03422,TmAu,4,89.0,17.999999999999996
mb-03423,SmNi,4,66.00000000000001,22.999999999999996
mb-03424,FeNi3,4,203.00000000000003,96.0
mb-03425,CaGe,4,46.0,33.0
mb-03426,YSi,4,89.0,64.99999999999999
mb-03427,MnSb,4,54.000000000000014,39.99999999999999
mb-03428,LuPd3,4,138.0,50.999999999999986
mb-03429,Mg2H6Os,9,77.99999999999999,54.000000000000014
mb-03430,Ba2BrN,4,37.0,17.999999999999996
mb-03431,NbAl3,4,126.99999999999999,105.00000000000004
mb-03432,ThCoC2,4,186.00000000000009,92.99999999999999
mb-03433,TbNi,4,63.999999999999986,26.0
mb-03434,LiScS2,4,42.99999999999999,36.0
mb-03435,KLaS2,4,37.0,21.999999999999996
mb-03436,HfIr3,4,276.0,149.0
mb-03437,CaZn,4,32.00000000000001,12.999999999999998
mb-03438,TmTlTe2,4,29.0,20.000000000000004
mb-03439,TbTlTe2,4,30.999999999999996,18.999999999999996
mb-03440,NaHoSe2,4,38.99999999999999,26.0
mb-03441,FeSe,4,18.999999999999996,12.999999999999998
mb-03442,TbPd,4,77.99999999999999,28.0
mb-03443,CaSi,4,52.999999999999986,37.99999999999999
mb-03444,NaScS2,4,56.00000000000001,36.0
mb-03445,SiF4,5,5.000000000000001,2.0
mb-03446,DyTlTe2,4,33.0,18.999999999999996
mb-03447,HoTlTe2,4,32.00000000000001,18.999999999999996
mb-03448,YNiSb,3,93.99999999999997,55.00000000000001
mb-03449,SmPd3,4,123.00000000000003,49.99999999999999
mb-03450,BeSO4,6,36.0,35.0
mb-03451,NaDyS2,4,40.99999999999999,29.999999999999996
mb-03452,CuTe,4,15.000000000000004,9.0
mb-03453,SmTlTe2,4,29.999999999999996,17.999999999999996
mb-03454,HgI,4,10.0,4.0
mb-03455,NbP,4,188.00000000000009,109.00000000000004
mb-03456,CeAu,4,66.00000000000001,17.999999999999996
mb-03457,HfPt3,4,231.00000000000009,114.00000000000003
mb-03458,NbSbRu,3,168.0,66.00000000000001
mb-03459,NaSmS2,4,40.99999999999999,28.0
mb-03460,NdPd3,4,115.00000000000003,49.99999999999999
mb-03461,GdGa,4,61.000000000000014,36.0
mb-03462,Tc3N,4,323.00000000000006,181.99999999999994
mb-03463,HfPt,4,179.00000000000006,56.00000000000001
mb-03464,Ta2MoOs,4,215.00000000000003,128.99999999999994
mb-03465,Pd3Au,4,176.00000000000006,42.00000000000001
mb-03466,TiRh3,4,230.00000000000009,128.99999999999994
mb-03467,HoPd3,4,131.00000000000006,50.999999999999986
mb-03468,BN,4,95.00000000000001,68.99999999999999
mb-03469,NbPt,4,223.0,115.00000000000003
mb-03470,TbPd3,4,126.00000000000001,57.00000000000001
mb-03471,Zr3Al,4,101.00000000000001,55.00000000000001
mb-03472,LiAg,4,44.0,15.000000000000004
mb-03473,TbGe,4,68.99999999999999,54.000000000000014
mb-03474,CrCuO2,4,154.99999999999997,58.00000000000001
mb-03475,NbInS2,4,52.00000000000001,26.0
mb-03476,NaFeO2,4,114.00000000000003,72.00000000000001
mb-03477,TbNiSb,3,58.00000000000001,54.000000000000014
mb-03478,TaCo3,4,146.99999999999997,115.00000000000003
mb-03479,NbB,4,264.0000000000001,197.0
mb-03480,NiBi,4,88.00000000000001,29.999999999999996
mb-03481,GaPt,8,156.0,52.00000000000001
mb-03482,ZrNi,4,138.0,35.0
mb-03483,CsYbF3,5,50.999999999999986,32.00000000000001
mb-03484,NaTbS2,4,42.99999999999999,29.999999999999996
mb-03485,HoAu,4,89.0,17.0
mb-03486,LaNiC2,4,124.99999999999994,77.0
mb-03487,Sc3PbC,5,96.99999999999999,76.0
mb-03488,TiIr3,4,294.0,161.99999999999994
mb-03489,FeCuO2,4,143.00000000000003,49.99999999999999
mb-03490,NaGa4,5,45.00000000000001,29.0
mb-03491,LaTl3,4,44.0,17.999999999999996
mb-03492,AgO,4,112.99999999999994,10.0
mb-03493,PrPd3,4,102.99999999999996,48.99999999999999
mb-03494,NaTbSe2,4,37.99999999999999,25.000000000000007
mb-03495,TiAl3,4,107.00000000000001,89.0
mb-03496,Lu2AgHg,4,81.0,23.999999999999993
mb-03497,LuSi,4,95.00000000000001,68.00000000000001
mb-03498,TbInCu4,6,90.00000000000003,48.99999999999999
mb-03499,NaSmSe2,4,30.999999999999996,23.999999999999993
mb-03500,MoPt,4,275.0000000000001,135.0
mb-03501,Er2TlCd,4,58.00000000000001,23.999999999999993
mb-03502,NaNdS2,4,40.99999999999999,27.000000000000004
mb-03503,HfRh3,4,219.00000000000009,116.00000000000003
mb-03504,TiAlAu,6,127.99999999999999,58.00000000000001
mb-03505,ZrPd,4,134.00000000000003,33.0
mb-03506,I,4,5.000000000000001,4.0
mb-03507,DyAu,4,86.99999999999999,17.999999999999996
mb-03508,TaB,4,266.00000000000006,212.99999999999994
mb-03509,TiCo3,4,193.99999999999997,83.00000000000001
mb-03510,LaAu,4,64.99999999999999,16.0
mb-03511,LiB,4,68.99999999999999,35.0
mb-03512,Ga2HgS4,7,23.999999999999993,20.000000000000004
mb-03513,ZrRh3,4,210.99999999999997,112.99999999999994
mb-03514,MnAlRh2,4,183.99999999999997,93.99999999999997
mb-03515,Y(FeSi)2,5,140.00000000000006,79.99999999999999
mb-03516,Sr(NiAs)2,5,54.000000000000014,29.999999999999996
mb-03517,CuO,4,143.00000000000003,25.000000000000007
mb-03518,Eu(MgBi)2,5,33.0,21.999999999999996
mb-03519,Ca(CdP)2,5,57.00000000000001,34.0
mb-03520,Al(FeB)2,5,203.00000000000003,128.99999999999994
mb-03521,Mn2AlB2,5,217.9999999999999,158.0
mb-03522,KMgF3,5,63.999999999999986,42.00000000000001
mb-03523,Li2CuO2,5,89.0,44.0
mb-03524,KNiF3,5,75.00000000000001,39.99999999999999
mb-03525,Ho(SiPd)2,5,132.00000000000006,52.999999999999986
mb-03526,Lu(SiRh)2,5,148.00000000000003,83.99999999999999
mb-03527,Rb2Se,3,13.999999999999998,7.0
mb-03528,Mn3ZnN,5,194.99999999999991,112.99999999999994
mb-03529,Ba(CdAs)2,5,44.0,27.000000000000004
mb-03530,Y(AlGe)2,5,70.99999999999999,34.0
mb-03531,ZnSnP2,8,63.999999999999986,38.99999999999999
mb-03532,Yb(ZnP)2,5,70.99999999999999,48.99999999999999
mb-03533,Ca(ZnAs)2,5,57.00000000000001,36.0
mb-03534,Y(SiIr)2,5,175.0,102.99999999999996
mb-03535,Yb(ZnAs)2,5,60.0,37.99999999999999
mb-03536,Ca(NiP)2,5,114.00000000000003,74.00000000000001
mb-03537,Y(SiRh)2,5,156.0,88.00000000000001
mb-03538,Yb(SiRh)2,5,134.00000000000003,76.0
mb-03539,Y(SiRu)2,5,150.99999999999994,79.99999999999999
mb-03540,Sr(CdP)2,5,52.999999999999986,34.0
mb-03541,LiMg2,3,29.999999999999996,21.999999999999996
mb-03542,Sm(SiIr)2,5,167.0,105.00000000000004
mb-03543,Y(CoSi)2,5,144.99999999999997,92.99999999999999
mb-03544,Sr(ZnP)2,5,63.0,42.99999999999999
mb-03545,Ba(CdP)2,5,50.999999999999986,32.00000000000001
mb-03546,Ba(NiAs)2,5,63.999999999999986,27.000000000000004
mb-03547,Y2InNi2,5,77.0,37.99999999999999
mb-03548,Ca(AlGe)2,5,57.00000000000001,38.99999999999999
mb-03549,Sr(CuGe)2,5,70.99999999999999,40.99999999999999
mb-03550,CeBPt3,5,171.99999999999991,62.0
mb-03551,Tm2MgAl,4,57.00000000000001,37.0
mb-03552,ZrZn2,6,101.99999999999999,59.00000000000001
mb-03553,SbIrS,12,140.00000000000006,85.99999999999999
mb-03554,Ni3Se2,5,105.00000000000004,47.00000000000001
mb-03555,Eu(AlSi)2,5,61.000000000000014,39.99999999999999
mb-03556,GaPO4,6,27.000000000000004,20.000000000000004
mb-03557,Al(CrB)2,5,226.9999999999999,175.0
mb-03558,Y(SiPd)2,5,132.00000000000006,52.999999999999986
mb-03559,CsCdF3,5,29.999999999999996,39.99999999999999
mb-03560,Ni3S2,5,126.99999999999999,56.00000000000001
mb-03561,Ca(ZnP)2,5,67.0,46.0
mb-03562,Li3Ga2,5,35.0,33.0
mb-03563,Ba(MgAs)2,5,45.00000000000001,33.0
mb-03564,Mg3Bi2,5,37.0,15.000000000000004
mb-03565,Ce(GeRh)2,5,133.0,66.00000000000001
mb-03566,Y(SiNi)2,5,135.99999999999997,70.00000000000001
mb-03567,AcOF,3,108.00000000000004,47.00000000000001
mb-03568,Ca(PPd)2,5,111.99999999999997,46.0
mb-03569,Ca(CdAs)2,5,49.99999999999999,29.0
mb-03570,Sr(AsPd)2,5,81.0,34.0
mb-03571,Eu(AlGe)2,5,57.00000000000001,36.0
mb-03572,Ba(FeAs)2,5,77.0,42.00000000000001
mb-03573,YBRh3,5,158.0,76.0
mb-03574,Ba(CuAs)2,5,57.00000000000001,27.000000000000004
mb-03575,BaZrO3,5,149.0,92.00000000000001
mb-03576,Al3Ni2,5,130.00000000000006,85.99999999999999
mb-03577,Ce3AlC,5,81.0,42.00000000000001
mb-03578,U2IrC2,5,194.99999999999991,50.999999999999986
mb-03579,Ca(AsPd)2,5,86.99999999999999,27.000000000000004
mb-03580,Sr(AlSi)2,5,59.00000000000001,37.99999999999999
mb-03581,Ho(SiIr)2,5,175.0,106.00000000000004
mb-03582,HoNi5,6,135.0,70.99999999999999
mb-03583,AlBMo,6,210.99999999999997,138.0
mb-03584,Ca(NiAs)2,5,83.00000000000001,39.99999999999999
mb-03585,PrPt2,6,146.00000000000003,62.0
mb-03586,ScCuS2,4,83.99999999999999,37.99999999999999
mb-03587,ErSb,2,57.00000000000001,37.0
mb-03588,ErZn2,6,59.00000000000001,40.99999999999999
mb-03589,BaClF,6,37.0,17.999999999999996
mb-03590,ThGe2,6,83.00000000000001,47.99999999999999
mb-03591,As2Os,6,165.99999999999997,118.99999999999996
mb-03592,ZnF2,6,98.0,35.0
mb-03593,ZrSn2,6,86.99999999999999,55.00000000000001
mb-03594,YOF,6,131.00000000000006,61.000000000000014
mb-03595,Zr2Co,6,107.00000000000001,20.000000000000004
mb-03596,YbZrRh2,4,126.99999999999999,37.99999999999999
mb-03597,ErCu2,6,81.0,26.0
mb-03598,CaGa2,6,47.00000000000001,40.99999999999999
mb-03599,TaSe2,6,21.999999999999996,12.999999999999998
mb-03600,V3Re,4,236.00000000000009,70.00000000000001
mb-03601,ErNi5,6,146.00000000000003,72.00000000000001
mb-03602,P2Os,6,209.0000000000001,156.99999999999994
mb-03603,LiZr2Tc,4,115.00000000000003,29.0
mb-03604,TiCu,4,130.00000000000006,62.0
mb-03605,TaAs2,6,134.00000000000003,96.0
mb-03606,RbAuSe,6,10.0,6.0
mb-03607,KLiTe,6,22.999999999999996,10.0
mb-03608,Mn2AlRe,4,259.00000000000006,130.00000000000006
mb-03609,Hf2TcRh,4,189.99999999999994,89.0
mb-03610,LaSi2,6,77.99999999999999,36.0
mb-03611,Hf2Ga,6,118.99999999999996,63.0
mb-03612,Ta2Si,6,215.00000000000003,111.99999999999997
mb-03613,Cs2Se,3,12.000000000000002,5.000000000000001
mb-03614,CeAl3Pd2,6,116.00000000000003,59.00000000000001
mb-03615,YFe5,6,105.00000000000004,68.00000000000001
mb-03616,ZrSi2,6,124.99999999999994,95.00000000000001
mb-03617,CrO2,6,179.00000000000006,107.00000000000001
mb-03618,ThGeS,6,96.99999999999999,57.00000000000001
mb-03619,PrGa2,3,68.00000000000001,54.000000000000014
mb-03620,BiIO,6,17.0,10.0
mb-03621,DyMgSn,6,58.00000000000001,37.99999999999999
mb-03622,MgMnGe,6,79.99999999999999,48.99999999999999
mb-03623,MgF2,6,95.00000000000001,52.00000000000001
mb-03624,InAgSe2,8,45.00000000000001,13.999999999999998
mb-03625,HfInCu2,4,123.00000000000003,48.99999999999999
mb-03626,Mg2Si,3,52.999999999999986,45.00000000000001
mb-03627,K2PdBr4,7,9.0,6.0
mb-03628,BaFeO3,5,116.00000000000003,75.00000000000001
mb-03629,SrFeO3,5,131.00000000000006,83.00000000000001
mb-03630,Sr2CrN3,24,90.00000000000003,46.0
mb-03631,SrMnN2,16,92.00000000000001,29.0
mb-03632,NdAg2,3,57.00000000000001,17.999999999999996
mb-03633,Mn(GaS2)2,7,32.00000000000001,22.999999999999996
mb-03634,YbNiH3,5,91.00000000000001,56.00000000000001
mb-03635,SrCrN2,16,92.00000000000001,32.00000000000001
mb-03636,Hf2Al3C4,18,197.0,156.0
mb-03637,Mn2PtRh,4,175.0,77.99999999999999
mb-03638,LiTiO2,8,170.99999999999991,123.00000000000003
mb-03639,CsScO2,8,63.0,15.000000000000004
mb-03640,Ba(CoN)2,10,98.0,33.0
mb-03641,KCdSb,6,33.0,11.000000000000002
mb-03642,Tm3AlN,5,96.0,72.00000000000001
mb-03643,LiCuPd2,4,116.00000000000003,42.99999999999999
mb-03644,Sr3BiN,5,42.99999999999999,36.0
mb-03645,NaCrN2,16,76.0,36.0
mb-03646,TiPbO3,5,63.0,38.99999999999999
mb-03647,PmAlCu2,4,100.0,17.999999999999996
mb-03648,AlAgS2,8,63.0,21.0
mb-03649,Pt3O4,14,212.99999999999994,58.00000000000001
mb-03650,KPtN,6,63.999999999999986,34.0
mb-03651,ScB12,13,217.9999999999999,188.00000000000009
mb-03652,ScSbPt,3,109.99999999999997,52.999999999999986
mb-03653,La3AlN,5,62.0,42.99999999999999
mb-03654,NiTe2,3,48.99999999999999,22.999999999999996
mb-03655,TiAlPt,6,161.99999999999994,48.99999999999999
mb-03656,VGeRu2,4,238.99999999999991,100.0
mb-03657,Zn6Mo,7,68.99999999999999,49.99999999999999
mb-03658,CaZnSn,6,46.0,36.0
mb-03659,BaBrCl,12,29.0,12.000000000000002
mb-03660,Rb2SnO3,12,42.99999999999999,16.0
mb-03661,Li3P7,40,23.999999999999993,12.000000000000002
mb-03662,PtF4,10,38.99999999999999,17.999999999999996
mb-03663,LiNbO3,10,101.99999999999999,57.00000000000001
mb-03664,Ca3AsBr3,7,12.999999999999998,29.999999999999996
mb-03665,Ca2CrN3,24,93.99999999999997,29.999999999999996
mb-03666,Cs4ZnO3,32,17.999999999999996,7.999999999999999
mb-03667,YMgZn,9,55.00000000000001,28.0
mb-03668,Na4IrO4,9,13.999999999999998,21.999999999999996
mb-03669,Ca3(GaNi)4,11,77.0,35.0
mb-03670,Hf2S,6,131.00000000000006,74.00000000000001
mb-03671,Zn13Rh,14,88.00000000000001,39.99999999999999
mb-03672,Rb2NaErF6,10,30.999999999999996,18.999999999999996
mb-03673,NiP3,16,115.00000000000003,75.00000000000001
mb-03674,BaAg5,6,49.99999999999999,12.999999999999998
mb-03675,BePd2,3,165.99999999999997,66.00000000000001
mb-03676,BePd3,8,161.99999999999994,37.0
mb-03677,YTlPd,9,83.00000000000001,29.0
mb-03678,Sc2Pt,12,91.00000000000001,28.0
mb-03679,B6O,14,226.9999999999999,207.00000000000003
mb-03680,HfSiRh,12,189.99999999999994,96.99999999999999
mb-03681,ScZn,2,75.00000000000001,39.99999999999999
mb-03682,ScRe2,12,225.99999999999991,75.00000000000001
mb-03683,LiErGe,9,60.0,48.99999999999999
mb-03684,CeSi2Ir3,12,182.99999999999991,101.99999999999999
mb-03685,TiSiRu,18,202.00000000000006,102.99999999999996
mb-03686,SrAl4,5,52.999999999999986,29.999999999999996
mb-03687,Hg2Rh,3,88.00000000000001,38.99999999999999
mb-03688,MnSi,8,209.99999999999991,140.99999999999991
mb-03689,V2AsC,8,203.00000000000003,115.00000000000003
mb-03690,TaNi2,3,214.00000000000006,76.0
mb-03691,MnAsRu,9,162.99999999999994,68.00000000000001
mb-03692,YbTl,2,33.0,20.000000000000004
mb-03693,ErCoC2,4,173.00000000000003,99.0
mb-03694,VCoB3,10,288.99999999999994,204.99999999999994
mb-03695,TmCoC2,4,175.0,99.0
mb-03696,VZn3,4,112.99999999999994,64.99999999999999
mb-03697,TaSbRu,3,175.0,70.00000000000001
mb-03698,ScZn2,12,81.0,47.99999999999999
mb-03699,TiCrP,9,204.0,123.00000000000003
mb-03700,CeAl4Co,12,102.99999999999996,63.999999999999986
mb-03701,CdSnSb2,8,36.0,17.999999999999996
mb-03702,Lu8Te,9,54.000000000000014,35.0
mb-03703,Ce(P3Ru)4,17,167.0,109.99999999999997
mb-03704,CaNiGe2,8,75.00000000000001,36.0
mb-03705,GaIr,2,217.00000000000003,68.00000000000001
mb-03706,SrNiGe2,8,70.00000000000001,37.0
mb-03707,NdBPt3,5,159.99999999999991,60.0
mb-03708,Hf3(NiGe)4,11,159.99999999999991,86.99999999999999
mb-03709,Na2ZnGe,8,22.999999999999996,16.0
mb-03710,HoInIr,9,109.00000000000004,35.0
mb-03711,Cd(InSe2)2,7,22.999999999999996,12.999999999999998
mb-03712,Tb2ZnNi2,5,96.0,32.00000000000001
mb-03713,TbZnNi,9,74.00000000000001,33.0
mb-03714,ZnNiSb,3,101.99999999999999,35.0
mb-03715,ZrGeTe4,12,12.999999999999998,11.000000000000002
mb-03716,BaIrF6,8,44.0,12.999999999999998
mb-03717,Mg2Cu,12,58.00000000000001,27.000000000000004
mb-03718,Sb2Pd,12,83.99999999999999,28.0
mb-03719,P3Rh,16,150.99999999999994,96.0
mb-03720,KAgSe,6,27.000000000000004,12.999999999999998
mb-03721,Mg(ScGa)2,10,70.00000000000001,46.0
mb-03722,Ga3Ni2,5,123.00000000000003,63.0
mb-03723,Ca3SiO,20,58.00000000000001,44.0
mb-03724,Yb3PbO,5,58.00000000000001,49.99999999999999
mb-03725,MgMoN2,8,246.0000000000001,182.99999999999991
mb-03726,CaSbAu,6,52.999999999999986,23.999999999999993
mb-03727,NbIr,4,259.00000000000006,105.00000000000004
mb-03728,BaAgO2,4,82.0,44.0
mb-03729,Ti3Al,8,115.00000000000003,61.000000000000014
mb-03730,Th(SiAu)2,5,102.99999999999996,29.0
mb-03731,Nd2(Zn2Ge)3,11,72.00000000000001,52.00000000000001
mb-03732,ZrW2,6,215.00000000000003,86.99999999999999
mb-03733,Sc3BPb,5,78.99999999999999,66.00000000000001
mb-03734,ScPd,2,114.00000000000003,37.99999999999999
mb-03735,IrSe2,24,106.00000000000004,54.000000000000014
mb-03736,Ti2ReB2,10,253.00000000000003,189.00000000000006
mb-03737,ZnPbF6,8,21.0,20.000000000000004
mb-03738,BaCaSi,12,30.999999999999996,18.999999999999996
mb-03739,BaCuP,6,57.00000000000001,37.0
mb-03740,Ca(GeIr)2,5,88.00000000000001,67.0
mb-03741,VTe2,9,26.0,17.0
mb-03742,YNi,8,77.99999999999999,23.999999999999993
mb-03743,Ca(GeRh)2,5,96.99999999999999,58.00000000000001
mb-03744,CaZnGe,6,48.99999999999999,38.99999999999999
mb-03745,TePt,4,47.99999999999999,21.0
mb-03746,CaZnSi,6,55.00000000000001,42.00000000000001
mb-03747,P2Ir,12,193.00000000000006,128.99999999999994
mb-03748,TaSb2,6,101.99999999999999,73.0
mb-03749,Ca4Sb2O,7,45.00000000000001,36.0
mb-03750,As3W2,10,134.00000000000003,74.00000000000001
mb-03751,BaCuSb,6,45.00000000000001,29.0
mb-03752,LiZnP,12,64.99999999999999,50.999999999999986
mb-03753,Ce(FeP3)4,17,160.99999999999994,132.00000000000006
mb-03754,Dy2CdS4,14,62.0,22.999999999999996
mb-03755,Na,2,9.0,4.0
mb-03756,Dy2Fe2Si2C,7,126.99999999999999,83.00000000000001
mb-03757,PdF3,8,33.0,18.999999999999996
mb-03758,PdS2,12,21.999999999999996,17.0
mb-03759,Li2SbPd,4,66.00000000000001,27.000000000000004
mb-03760,Nb5Si3,16,193.99999999999997,123.00000000000003
mb-03761,MgSbPt,3,89.0,35.0
mb-03762,Sc3SnC,5,101.99999999999999,82.0
mb-03763,K4ZnP2,7,17.999999999999996,10.0
mb-03764,ScPRu,9,175.0,102.99999999999996
mb-03765,Lu3InN,5,98.0,70.99999999999999
mb-03766,Tb(FeB)2,5,123.00000000000003,74.00000000000001
mb-03767,AgBr,2,28.0,3.0
mb-03768,LuSbPt,3,107.00000000000001,50.999999999999986
mb-03769,MgSc,2,47.99999999999999,27.000000000000004
mb-03770,Zn(InTe2)2,7,23.999999999999993,15.000000000000004
mb-03771,Li4SiO4,18,79.99999999999999,52.999999999999986
mb-03772,RbTiS2,4,52.00000000000001,30.999999999999996
mb-03773,MgIn,2,39.99999999999999,15.000000000000004
mb-03774,Ti6Si2B,9,149.0,103.99999999999997
mb-03775,TaRh3,4,259.9999999999999,153.00000000000003
mb-03776,SrAu5,6,90.00000000000003,23.999999999999993
mb-03777,RuS2,12,131.00000000000006,121.00000000000006
mb-03778,DyPPt,3,126.00000000000001,47.99999999999999
mb-03779,Sc6Te2Os,9,72.00000000000001,32.00000000000001
mb-03780,SrCuP,6,66.00000000000001,46.0
mb-03781,Lu7(NiTe)2,11,61.000000000000014,34.0
mb-03782,AlHO2,8,114.00000000000003,82.0
mb-03783,ThCu2,3,49.99999999999999,29.999999999999996
mb-03784,Ti5Se4,9,83.99999999999999,46.0
mb-03785,Fe3PdN,5,187.00000000000003,84.99999999999999
mb-03786,DyNiSb,3,62.0,56.00000000000001
mb-03787,RbUO3,5,136.99999999999997,68.00000000000001
mb-03788,Y2GeRh3,6,144.99999999999997,49.99999999999999
mb-03789,Zr2Fe3Si,12,165.0,92.99999999999999
mb-03790,Zn3Ru,8,138.0,58.00000000000001
mb-03791,GdPPt,3,118.99999999999996,47.99999999999999
mb-03792,AlCu,10,112.99999999999994,67.0
mb-03793,LuZn,2,68.00000000000001,35.0
mb-03794,LaCuSe2,16,57.00000000000001,29.0
mb-03795,HfTc,2,192.00000000000003,76.0
mb-03796,Tl2Pt2O7,22,168.0,83.00000000000001
mb-03797,MnPt3,4,217.00000000000003,92.00000000000001
mb-03798,HoGe,4,82.0,54.000000000000014
mb-03799,ScNiP,12,152.00000000000003,92.00000000000001
mb-03800,LiMgSnPt,4,88.00000000000001,39.99999999999999
mb-03801,LiPt,2,115.00000000000003,50.999999999999986
mb-03802,Sc2O3,40,168.0,78.99999999999999
mb-03803,ThAl2,3,86.99999999999999,58.00000000000001
mb-03804,LiInGe,3,42.99999999999999,33.0
mb-03805,TbMg,2,40.99999999999999,21.999999999999996
mb-03806,TmZn,2,47.00000000000001,29.999999999999996
mb-03807,Zr3(CuSi)4,11,144.99999999999997,83.00000000000001
mb-03808,ThAu2,3,118.00000000000003,33.0
mb-03809,TiNiGe,12,156.99999999999994,83.00000000000001
mb-03810,Nb3Rh,8,204.0,89.0
mb-03811,BaSnHg,6,29.0,20.000000000000004
mb-03812,TlCu3S2,12,42.99999999999999,15.000000000000004
mb-03813,Cs2NaErF6,10,40.99999999999999,16.0
mb-03814,BaNa2,12,7.999999999999999,5.000000000000001
mb-03815,Ca3GeN,5,55.00000000000001,36.0
mb-03816,CaPd5,6,112.99999999999994,48.99999999999999
mb-03817,Ca3PN,5,63.0,52.999999999999986
mb-03818,P3Ir,16,170.00000000000006,114.00000000000003
mb-03819,HoRh,2,119.99999999999996,42.99999999999999
mb-03820,TbCu,2,83.99999999999999,34.0
mb-03821,YNiBi,3,77.0,47.99999999999999
mb-03822,GdSbPt,3,93.99999999999997,44.0
mb-03823,ScCo3C,5,214.00000000000006,99.0
mb-03824,LiIr,2,144.00000000000003,64.99999999999999
mb-03825,AlV3,8,158.99999999999994,10.0
mb-03826,NaTaN2,4,135.99999999999997,96.0
mb-03827,BeS,2,79.99999999999999,58.00000000000001
mb-03828,YbNdCd2,4,42.00000000000001,21.0
mb-03829,ZrS2,3,17.999999999999996,12.999999999999998
mb-03830,YSi3Ni,10,118.99999999999996,85.99999999999999
mb-03831,Sr(CuO)2,10,103.99999999999997,25.000000000000007
mb-03832,SiIr3,8,298.99999999999994,118.99999999999996
mb-03833,ZnSnF6,8,22.999999999999996,22.999999999999996
mb-03834,YHSe,3,84.99999999999999,63.999999999999986
mb-03835,ThRh3,4,165.99999999999997,70.00000000000001
mb-03836,Ag2F,3,74.00000000000001,22.999999999999996
mb-03837,Ho2C,3,63.999999999999986,32.00000000000001
mb-03838,CdSnF6,8,15.000000000000004,18.999999999999996
mb-03839,Ca(BC)2,10,135.0,95.00000000000001
mb-03840,Ba(AgGe)2,5,50.999999999999986,29.999999999999996
mb-03841,TlAsPd5,7,135.99999999999997,48.99999999999999
mb-03842,ZnRh,2,173.00000000000003,72.00000000000001
mb-03843,ZrMoP,9,197.99999999999991,114.00000000000003
mb-03844,ZrHg,4,101.99999999999999,23.999999999999993
mb-03845,BaNiSn3,5,56.00000000000001,32.00000000000001
mb-03846,DyRh,2,115.00000000000003,40.99999999999999
mb-03847,Ba(ZnSn)2,10,44.0,22.999999999999996
mb-03848,MgIr2,12,195.99999999999994,58.00000000000001
mb-03849,ZrVGe,6,146.00000000000003,72.00000000000001
mb-03850,PrAl2,6,68.99999999999999,46.0
mb-03851,Cs2NaYF6,10,1.0,21.0
mb-03852,As2Pt,12,136.99999999999997,83.00000000000001
mb-03853,Zn(ReO4)2,11,15.000000000000004,12.000000000000002
mb-03854,ErIr,2,144.99999999999997,55.00000000000001
mb-03855,LiHfRh2,4,152.00000000000003,57.00000000000001
mb-03856,Rb2HfF6,9,21.999999999999996,10.0
mb-03857,Rb2ZrF6,9,21.999999999999996,10.0
mb-03858,Mg(BeN)2,5,184.99999999999997,165.99999999999997
mb-03859,AuSe,4,9.0,6.0
mb-03860,Ca(BeN)2,10,111.99999999999997,63.0
mb-03861,VRu,2,252.00000000000006,76.0
mb-03862,Sr(BeN)2,10,83.00000000000001,67.0
mb-03863,CrPt3,4,231.00000000000009,96.99999999999999
mb-03864,SiRu,8,204.0,99.0
mb-03865,Li2Pt,3,68.00000000000001,30.999999999999996
mb-03866,ScMn2,12,165.99999999999997,37.99999999999999
mb-03867,YZn,2,60.0,29.0
mb-03868,HfSiTe,6,30.999999999999996,27.000000000000004
mb-03869,HfSiSe,6,83.00000000000001,56.00000000000001
mb-03870,HfGeTe,6,95.00000000000001,62.0
mb-03871,CdPt,4,136.99999999999997,47.99999999999999
mb-03872,Al12Re,13,96.0,78.99999999999999
mb-03873,Nb5(CuSi)4,13,179.00000000000006,98.0
mb-03874,BaAl9Fe2,12,78.99999999999999,45.00000000000001
mb-03875,CeFe2,6,83.99999999999999,16.0
mb-03876,ReB2,6,336.99999999999994,270.00000000000006
mb-03877,CaSn2Pd,8,60.0,22.999999999999996
mb-03878,Nb2Co3Si,12,228.00000000000009,112.99999999999994
mb-03879,CaSn2Rh,8,66.00000000000001,32.00000000000001
mb-03880,Al9Co2,22,106.00000000000004,74.00000000000001
mb-03881,YbSnRh,9,86.99999999999999,23.999999999999993
mb-03882,HoSnRh,9,107.00000000000001,44.0
mb-03883,YAl2Co,8,89.0,45.00000000000001
mb-03884,PrPt5,6,177.00000000000009,72.00000000000001
mb-03885,TmSnRh,9,111.00000000000004,39.99999999999999
mb-03886,ZnPdF6,8,36.0,25.000000000000007
mb-03887,LiSnAu,6,61.000000000000014,16.0
mb-03888,Cr3PtN,5,267.0000000000001,158.0
mb-03889,AlAu,8,103.99999999999997,30.999999999999996
mb-03890,Hf3(Cu2Ge)2,9,143.00000000000003,74.00000000000001
mb-03891,NbGaCo2,4,193.99999999999997,78.99999999999999
mb-03892,YMgTl,9,54.000000000000014,38.99999999999999
mb-03893,Cs2Pt3S4,9,21.0,6.0
mb-03894,NiAsSe,12,101.00000000000001,54.000000000000014
mb-03895,HoAl2Ni,8,93.99999999999997,56.00000000000001
mb-03896,HoMg,2,46.0,16.0
mb-03897,K2CuSb,8,17.0,7.999999999999999
mb-03898,Li3Al2,5,38.99999999999999,35.0
mb-03899,YCu5,6,109.00000000000004,42.00000000000001
mb-03900,HoNi4B,12,153.00000000000003,76.0
mb-03901,BaGeF6,8,49.99999999999999,21.999999999999996
mb-03902,TmAl2Ni,8,92.99999999999999,60.0
mb-03903,TiTl2F6,9,25.000000000000007,7.0
mb-03904,Er2Al3Si2,7,88.00000000000001,63.999999999999986
mb-03905,Yb(AlSi)2,5,63.999999999999986,42.00000000000001
mb-03906,Tm2Al3Si2,7,84.99999999999999,64.99999999999999
mb-03907,TbAl2Ni,8,83.00000000000001,54.000000000000014
mb-03908,Al3Pd5,16,156.0,49.99999999999999
mb-03909,Sm2S3,20,77.0,37.0
mb-03910,Al6Ru,14,111.99999999999997,57.00000000000001
mb-03911,Al6Re,14,112.99999999999994,70.00000000000001
mb-03912,Li2CuP,8,60.0,46.0
mb-03913,VTc,2,254.0,124.99999999999994
mb-03914,TiZn16,34,78.99999999999999,28.0
mb-03915,Rh3Se8,11,77.0,47.00000000000001
mb-03916,HoAu2,3,102.99999999999996,37.99999999999999
mb-03917,YbGa2,6,52.00000000000001,47.99999999999999
mb-03918,TlCuSe2,8,47.00000000000001,17.999999999999996
mb-03919,TiNi3,16,192.00000000000003,96.99999999999999
mb-03920,Lu2InAg,4,70.00000000000001,25.000000000000007
mb-03921,Ce(AgGe)2,5,76.0,37.99999999999999
mb-03922,YAlAg2,4,83.99999999999999,17.999999999999996
mb-03923,UIr3,4,269.00000000000006,122.00000000000004
mb-03924,LiVO2,4,119.99999999999996,62.0
mb-03925,YbCd,2,32.00000000000001,17.0
mb-03926,YbPd,2,52.999999999999986,15.000000000000004
mb-03927,Ba(BIr)2,5,100.0,62.0
mb-03928,Sc6FeTe2,9,68.00000000000001,32.00000000000001
mb-03929,Tl2O3,40,109.00000000000004,32.00000000000001
mb-03930,HfSb2,24,83.99999999999999,48.99999999999999
mb-03931,ErAl2,6,82.0,61.000000000000014
mb-03932,Nd2O3,40,124.00000000000003,50.999999999999986
mb-03933,CrIr3,4,307.0,214.00000000000006
mb-03934,Sc6NiTe2,9,73.0,29.999999999999996
mb-03935,Cu3Pt,4,158.99999999999994,52.00000000000001
mb-03936,HfSiPd,12,168.99999999999997,92.00000000000001
mb-03937,NbSn2,12,96.0,48.99999999999999
mb-03938,RbAu5,6,63.0,21.999999999999996
mb-03939,NaHg,8,17.0,6.0
mb-03940,NbSiRh,12,220.99999999999994,111.99999999999997
mb-03941,K(PRh)2,5,50.999999999999986,35.0
mb-03942,Lu(SiOs)2,5,181.99999999999994,78.99999999999999
mb-03943,U(ClO)2,20,23.999999999999993,15.000000000000004
mb-03944,LiYGe,9,55.00000000000001,47.00000000000001
mb-03945,K3Cu3As2,8,23.999999999999993,11.000000000000002
mb-03946,BaLiSb,6,29.0,22.999999999999996
mb-03947,ZrRe2,12,250.99999999999991,66.00000000000001
mb-03948,ScCd,2,67.0,29.999999999999996
mb-03949,BeGeRu2,4,254.99999999999991,92.99999999999999
mb-03950,Ni3S4,14,115.00000000000003,42.99999999999999
mb-03951,V3Pd,8,197.0,74.00000000000001
mb-03952,SmMgPt,9,83.00000000000001,23.999999999999993
mb-03953,Ca(ZnSi)2,5,70.00000000000001,36.0
mb-03954,Si2W,3,217.9999999999999,189.00000000000006
mb-03955,PrMgRh,12,67.0,26.0
mb-03956,HoCd2,3,57.00000000000001,33.0
mb-03957,Ti2O,3,183.99999999999997,106.00000000000004
mb-03958,Ti2C,12,138.99999999999997,77.99999999999999
mb-03959,Ca3Al3N5,22,112.99999999999994,58.00000000000001
mb-03960,LaCu2,3,83.00000000000001,12.999999999999998
mb-03961,DyCu,2,78.99999999999999,35.0
mb-03962,Th2S5,28,96.99999999999999,47.00000000000001
mb-03963,Te2O5,14,46.0,38.99999999999999
mb-03964,Y2AlSi2,5,83.99999999999999,47.99999999999999
mb-03965,SmMg,2,44.0,21.999999999999996
mb-03966,Ho2AlSi2,5,83.99999999999999,58.00000000000001
mb-03967,Ti2PbC,8,118.00000000000003,72.00000000000001
mb-03968,MnPt,4,168.0,72.00000000000001
mb-03969,CoP2,12,162.99999999999994,122.00000000000004
mb-03970,SmNiAs,3,118.99999999999996,50.999999999999986
mb-03971,Tb2O3,40,140.00000000000006,61.000000000000014
mb-03972,SrCuF4,12,66.00000000000001,26.0
mb-03973,USi3,4,117.00000000000001,10.0
mb-03974,TbZn2,6,60.0,35.0
mb-03975,Ta2Ni,6,215.00000000000003,81.0
mb-03976,MnV,2,242.99999999999997,122.00000000000004
mb-03977,CaAgP,9,61.000000000000014,42.99999999999999
mb-03978,HoCuPb,6,72.00000000000001,46.0
mb-03979,ErCuPb,6,75.00000000000001,47.00000000000001
mb-03980,Cs2Pt3Se4,9,17.0,6.0
mb-03981,LuCuPb,6,66.00000000000001,45.00000000000001
mb-03982,CuF2,6,59.00000000000001,21.0
mb-03983,Nd,4,34.0,21.0
mb-03984,ScZnCu2,4,101.99999999999999,29.999999999999996
mb-03985,Ho6MnBi2,9,49.99999999999999,32.00000000000001
mb-03986,CuSn,4,77.0,34.0
mb-03987,ThB6,7,197.0,122.00000000000004
mb-03988,Zr2Te2P,5,27.000000000000004,17.999999999999996
mb-03989,Y3GaC,5,78.99999999999999,63.999999999999986
mb-03990,Be2Mo,12,199.00000000000009,150.00000000000003
mb-03991,Sm3TlC,5,62.0,47.99999999999999
mb-03992,SrSn,4,47.00000000000001,25.000000000000007
mb-03993,GaPd2,12,149.0,42.00000000000001
mb-03994,DyB2,3,167.0,152.00000000000003
mb-03995,ScInPd2,4,118.00000000000003,36.0
mb-03996,TmNiBi,3,83.99999999999999,50.999999999999986
mb-03997,Ni3B,16,225.0000000000001,82.0
mb-03998,CaSn(BO3)2,10,92.00000000000001,57.00000000000001
mb-03999,ScNi,2,109.99999999999997,46.0
mb-04000,TiSe2,3,16.0,12.000000000000002
mb-04001,NbAs,4,161.99999999999994,88.00000000000001
mb-04002,SrSb2,6,25.000000000000007,21.0
mb-04003,CaCd2,6,34.0,16.0
mb-04004,YbSi,4,57.00000000000001,37.99999999999999
mb-04005,Ba2YTaO6,10,134.00000000000003,75.00000000000001
mb-04006,La3Sn,4,49.99999999999999,11.000000000000002
mb-04007,ThTl3,4,164.00000000000003,70.00000000000001
mb-04008,Er3Al3NiGe2,9,84.99999999999999,59.00000000000001
mb-04009,Sb3Ir,16,99.0,60.0
mb-04010,SrAgP,6,56.00000000000001,35.0
mb-04011,Ba3(AlGe)2,7,33.0,21.0
mb-04012,K(USe3)2,9,33.0,20.000000000000004
mb-04013,Ca3(AlGe)2,7,47.00000000000001,34.0
mb-04014,Sr2TaGaO6,10,150.99999999999994,92.00000000000001
mb-04015,Sr3(AlGe)2,7,40.99999999999999,29.999999999999996
mb-04016,Zn2NiRh,4,156.0,57.00000000000001
mb-04017,ZnAu,2,114.00000000000003,17.999999999999996
mb-04018,Sc2AlSi2,10,101.99999999999999,74.00000000000001
mb-04019,CaPAu,6,74.00000000000001,34.0
mb-04020,SrCuSF,8,75.00000000000001,38.99999999999999
mb-04021,Sr2N,3,26.0,22.999999999999996
mb-04022,MnV3,4,209.0000000000001,54.000000000000014
mb-04023,Be2C,3,201.00000000000009,231.00000000000009
mb-04024,Sr(GeRh)2,5,82.0,52.999999999999986
mb-04025,HfRu,2,197.0,96.99999999999999
mb-04026,Ba(GeRh)2,5,70.00000000000001,37.0
mb-04027,LuRh3C,5,207.99999999999997,83.99999999999999
mb-04028,MgNi3C,5,176.00000000000006,59.00000000000001
mb-04029,ZrRu3C,5,257.00000000000006,156.99999999999994
mb-04030,Sb2Ir,12,118.00000000000003,72.00000000000001
mb-04031,TiRh,4,189.99999999999994,48.99999999999999
mb-04032,VSi2,9,174.00000000000009,146.99999999999997
mb-04033,HfRe2,12,261.9999999999999,75.00000000000001
mb-04034,YCd3,8,56.00000000000001,23.999999999999993
mb-04035,TmRh3C,5,207.00000000000003,82.0
mb-04036,ScRh3C,5,215.00000000000003,90.00000000000003
mb-04037,YbRh3C,5,191.00000000000006,79.99999999999999
mb-04038,Sn2Au,24,58.00000000000001,17.999999999999996
mb-04039,YCo3,12,152.00000000000003,39.99999999999999
mb-04040,ScAg,2,82.0,32.00000000000001
mb-04041,CaCd,2,30.999999999999996,15.000000000000004
mb-04042,SnTe,2,39.99999999999999,28.0
mb-04043,Lu2In,6,59.00000000000001,32.00000000000001
mb-04044,NdCoGe3,5,82.0,52.00000000000001
mb-04045,LuAgSn,6,73.0,38.99999999999999
mb-04046,NdZnSbO,8,61.000000000000014,21.999999999999996
mb-04047,SrNi2Ge,8,72.00000000000001,32.00000000000001
mb-04048,TmPt3,4,178.00000000000003,75.00000000000001
mb-04049,SrNi3Ge2,12,89.0,32.00000000000001
mb-04050,TiPRu,9,220.99999999999994,102.99999999999996
mb-04051,AlIr,2,228.99999999999997,116.00000000000003
mb-04052,Mg2Cu3Si,12,98.0,63.999999999999986
mb-04053,Ti2Te2P,5,21.0,13.999999999999998
mb-04054,SrCuSb,6,47.99999999999999,34.0
mb-04055,SmNi5,6,124.99999999999994,68.99999999999999
mb-04056,RhF3,8,54.000000000000014,34.0
mb-04057,Ti2GaC,8,138.99999999999997,108.00000000000004
mb-04058,Mg2Rh,3,64.99999999999999,39.99999999999999
mb-04059,TiFeSb,3,114.00000000000003,52.999999999999986
mb-04060,TiCu3,8,140.00000000000006,50.999999999999986
mb-04061,BaAl9Ni2,12,78.99999999999999,46.0
mb-04062,KB6,7,136.99999999999997,107.00000000000001
mb-04063,PrAl3,8,64.99999999999999,42.99999999999999
mb-04064,LiMgAs,3,47.00000000000001,37.0
mb-04065,CoS2,12,124.00000000000003,73.0
mb-04066,B2Ru,6,286.00000000000006,168.0
mb-04067,Dy2C,3,63.0,29.999999999999996
mb-04068,RbCeSe2,4,30.999999999999996,18.999999999999996
mb-04069,RbPrSe2,4,32.00000000000001,20.000000000000004
mb-04070,Ta5Sb4,9,107.00000000000001,60.0
mb-04071,CrRh3,4,230.00000000000009,150.99999999999994
mb-04072,RbTbSe2,4,32.00000000000001,21.999999999999996
mb-04073,ScIr3,4,242.99999999999997,111.00000000000004
mb-04074,RbErSe2,4,36.0,22.999999999999996
mb-04075,RbLuSe2,4,37.0,23.999999999999993
mb-04076,BaPd5,6,99.0,39.99999999999999
mb-04077,MoRh,4,266.00000000000006,134.00000000000003
mb-04078,PrTl,2,50.999999999999986,16.0
mb-04079,ScCo,2,121.00000000000006,59.00000000000001
mb-04080,SrPd5,6,108.00000000000004,47.00000000000001
mb-04081,Zn3P2,40,64.99999999999999,35.0
mb-04082,Si2CN4,28,127.99999999999999,29.999999999999996
mb-04083,CaSiNi2,8,83.00000000000001,38.99999999999999
mb-04084,EuZn,2,37.0,22.999999999999996
mb-04085,Fe7W6,13,270.00000000000006,132.00000000000006
mb-04086,Ca2Cu,12,25.000000000000007,12.000000000000002
mb-04087,NdSeF,6,79.99999999999999,42.99999999999999
mb-04088,CdPd,2,109.99999999999997,42.00000000000001
mb-04089,SrPdF4,12,63.999999999999986,22.999999999999996
mb-04090,Be12Mo,13,140.99999999999991,150.00000000000003
mb-04091,URu3,4,249.99999999999994,92.00000000000001
mb-04092,Al2Pt,3,128.99999999999994,38.99999999999999
mb-04093,TiAu4,5,144.00000000000003,38.99999999999999
mb-04094,NiSbSe,12,90.00000000000003,47.00000000000001
mb-04095,AsPdS,12,102.99999999999996,36.0
mb-04096,AsPdSe,12,93.99999999999997,35.0
mb-04097,FeNi,4,187.00000000000003,92.00000000000001
mb-04098,Mg2SiPt,8,99.0,60.0
mb-04099,Al3Pt2,5,153.00000000000003,74.00000000000001
mb-04100,Pr(BC)2,10,161.99999999999994,119.99999999999996
mb-04101,Tb(BC)2,10,179.99999999999997,126.00000000000001
mb-04102,Er(BC)2,10,178.00000000000003,124.00000000000003
mb-04103,Ti2Be17,19,126.99999999999999,143.00000000000003
mb-04104,KPt2Se3,12,26.0,12.999999999999998
mb-04105,HfAl2,12,119.99999999999996,88.00000000000001
mb-04106,Mn2Nb,12,232.99999999999994,75.00000000000001
mb-04107,TaTe5Pt,14,20.000000000000004,12.000000000000002
mb-04108,AlCr2,3,186.00000000000009,102.99999999999996
mb-04109,Zr2Al3,10,108.00000000000004,68.99999999999999
mb-04110,ThHg2,6,58.00000000000001,32.00000000000001
mb-04111,Ca3Al7Cu2,12,64.99999999999999,46.0
mb-04112,LaAl,8,52.999999999999986,34.0
mb-04113,AlNi,2,161.99999999999994,72.00000000000001
mb-04114,Ca3Au4,14,50.999999999999986,17.0
mb-04115,Sb7Mo3,20,109.99999999999997,55.00000000000001
mb-04116,NdSn2,6,52.999999999999986,29.0
mb-04117,PrZnNi,9,77.0,29.999999999999996
mb-04118,BaAl4,5,50.999999999999986,35.0
mb-04119,ZrSe2,3,17.999999999999996,12.000000000000002
mb-04120,AlAu4,20,126.99999999999999,16.0
mb-04121,DyPd,2,92.00000000000001,30.999999999999996
mb-04122,CaAu,4,47.00000000000001,17.999999999999996
mb-04123,AlRe2,3,254.99999999999991,138.99999999999997
mb-04124,Rb2PtC2,5,37.0,17.0
mb-04125,NdAl3Pd2,6,106.00000000000004,52.999999999999986
mb-04126,Ce(FeP)2,5,112.99999999999994,85.99999999999999
mb-04127,Mg(Co3P2)2,11,203.00000000000003,99.0
mb-04128,HfGaCu,6,136.99999999999997,66.00000000000001
mb-04129,DyMg,2,45.00000000000001,20.000000000000004
mb-04130,MgPd2,12,115.00000000000003,42.00000000000001
mb-04131,MgPd3,8,130.00000000000006,38.99999999999999
mb-04132,ScAu2,3,107.00000000000001,45.00000000000001
mb-04133,CsMgCl3,10,12.999999999999998,5.000000000000001
mb-04134,TiTe2,3,17.999999999999996,12.000000000000002
mb-04135,TbSF,6,107.00000000000001,55.00000000000001
mb-04136,Sb2O5,14,126.99999999999999,75.00000000000001
mb-04137,Ti3Cu4,7,132.00000000000006,61.000000000000014
mb-04138,Sc2CdS4,14,68.99999999999999,22.999999999999996
mb-04139,BeAu2,3,136.99999999999997,29.999999999999996
mb-04140,Zr6Al2Co,9,106.00000000000004,50.999999999999986
mb-04141,Zn2CuAu,8,111.99999999999997,26.0
mb-04142,MgTaRu2,4,197.0,86.99999999999999
mb-04143,Mg3Sb2,5,42.00000000000001,17.999999999999996
mb-04144,Al21Pd8,58,109.00000000000004,49.99999999999999
mb-04145,Rb2P3,10,17.0,10.0
mb-04146,BaHfO3,5,158.99999999999994,102.99999999999996
mb-04147,DyCd2,3,56.00000000000001,29.999999999999996
mb-04148,YRh,2,109.00000000000004,42.00000000000001
mb-04149,TaIr3,4,325.00000000000006,211.9999999999999
mb-04150,CeNi5,6,150.99999999999994,64.99999999999999
mb-04151,TaTc,2,254.99999999999991,130.00000000000006
mb-04152,Al3Pt5,16,199.00000000000009,62.0
mb-04153,Y2O3,40,138.0,62.0
mb-04154,Sr2H6Ru,9,17.0,29.999999999999996
mb-04155,TiGe2,6,111.99999999999997,83.00000000000001
mb-04156,NiGe,8,135.99999999999997,62.0
mb-04157,PrNi5,6,150.99999999999994,62.0
mb-04158,YbAl2Ni,8,58.00000000000001,42.99999999999999
mb-04159,Sr(CdGa)2,5,47.99999999999999,28.0
mb-04160,ErPt3,4,178.00000000000003,77.0
mb-04161,YCuAs2,8,89.0,47.99999999999999
mb-04162,AlFe,2,175.0,95.00000000000001
mb-04163,Yb(MgSb)2,5,40.99999999999999,28.0
mb-04164,Nd(PdO2)2,14,146.99999999999997,49.99999999999999
mb-04165,Y(PdO2)2,14,154.0,58.00000000000001
mb-04166,TlSe,8,21.999999999999996,9.0
mb-04167,LiN3,4,35.0,15.000000000000004
mb-04168,AlCu3,8,133.0,46.0
mb-04169,BaEr2F8,11,85.99999999999999,36.0
mb-04170,SrSi,4,48.99999999999999,33.0
mb-04171,MnP,8,186.00000000000009,130.00000000000006
mb-04172,Cu2GeTe3,6,48.99999999999999,21.999999999999996
mb-04173,FeRh,2,197.0,78.99999999999999
mb-04174,ScAgO2,8,123.00000000000003,38.99999999999999
mb-04175,ThB2Ir3,6,248.00000000000009,123.00000000000003
mb-04176,Y(FeB)2,5,119.99999999999996,75.00000000000001
mb-04177,ZrSi,8,140.99999999999991,92.99999999999999
mb-04178,PtO2,6,204.0,86.99999999999999
mb-04179,Cu2HgGeSe4,8,44.0,21.999999999999996
mb-04180,CsAu,2,10.0,6.0
mb-04181,UB2,3,209.99999999999991,215.00000000000003
mb-04182,Be2Fe,12,158.0,146.00000000000003
mb-04183,Ti3In3Rh2,8,122.00000000000004,56.00000000000001
mb-04184,Ac2O3,5,102.99999999999996,35.0
mb-04185,Cs2CaF4,7,40.99999999999999,13.999999999999998
mb-04186,ThTe,2,82.0,50.999999999999986
mb-04187,YbCeHg2,4,13.999999999999998,22.999999999999996
mb-04188,CeRh3,4,154.0,72.00000000000001
mb-04189,Lu4C7,22,126.00000000000001,75.00000000000001
mb-04190,Pr2S3,20,73.0,35.0
mb-04191,Hf5Te4,9,76.0,36.0
mb-04192,RuSe2,12,138.0,92.99999999999999
mb-04193,HoInRh,9,95.00000000000001,33.0
mb-04194,CaHg2,3,37.99999999999999,16.0
mb-04195,Ca(Al2Cu)4,13,92.99999999999999,63.0
mb-04196,MgNi2,24,126.99999999999999,61.000000000000014
mb-04197,ScPd3,4,154.99999999999997,52.00000000000001
mb-04198,Al2CdSe4,7,33.0,18.999999999999996
mb-04199,SmAl2,6,74.00000000000001,48.99999999999999
mb-04200,K2NiF6,9,16.0,10.0
mb-04201,LuIr,2,138.99999999999997,63.999999999999986
mb-04202,ErIn3,4,54.000000000000014,20.000000000000004
mb-04203,Ca2N,3,35.0,15.000000000000004
mb-04204,VP,4,170.99999999999991,111.99999999999997
mb-04205,SrPIr,12,96.99999999999999,34.0
mb-04206,Ba(BeN)2,10,98.0,61.000000000000014
mb-04207,ZrP2,12,126.99999999999999,79.99999999999999
mb-04208,CrSbSe3,20,32.00000000000001,18.999999999999996
mb-04209,ThFe5,6,79.99999999999999,44.0
mb-04210,SmTaO4,12,148.00000000000003,68.00000000000001
mb-04211,Na5CuSO2,9,50.999999999999986,17.999999999999996
mb-04212,Li2FeO3,12,99.0,63.0
mb-04213,NdMgGa,9,52.00000000000001,39.99999999999999
mb-04214,CeAl2,6,76.0,52.999999999999986
mb-04215,SmMgGa,9,55.00000000000001,42.99999999999999
mb-04216,LaAl2,6,55.00000000000001,42.00000000000001
mb-04217,Cu2GeS3,12,72.00000000000001,33.0
mb-04218,ZrGaAu,6,124.99999999999994,62.0
mb-04219,HfGaAu,6,131.00000000000006,62.0
mb-04220,Ba(PIr)2,5,99.0,49.99999999999999
mb-04221,Yb(FeP3)4,17,150.00000000000003,108.00000000000004
mb-04222,Zn13Fe,14,85.99999999999999,42.00000000000001
mb-04223,Li3AlF6,60,47.99999999999999,29.0
mb-04224,SrO2,3,70.99999999999999,37.99999999999999
mb-04225,Zn(GaSe2)2,7,37.0,23.999999999999993
mb-04226,Zr6FeSb2,9,112.99999999999994,58.00000000000001
mb-04227,SrCeN2,4,117.00000000000001,64.99999999999999
mb-04228,Hf6NiSb2,9,126.00000000000001,70.99999999999999
mb-04229,ErNi4B,12,159.99999999999991,77.99999999999999
mb-04230,ErRh,2,126.00000000000001,46.0
mb-04231,Zr6Sb2Pt,9,118.99999999999996,59.00000000000001
mb-04232,TaSi2,9,183.99999999999997,141.99999999999994
mb-04233,VAuS2,8,106.00000000000004,52.00000000000001
mb-04234,Rb2NaHoF6,10,29.0,17.999999999999996
mb-04235,Sc6FeSb2,9,72.00000000000001,45.00000000000001
mb-04236,V3B2,10,256.0,199.00000000000009
mb-04237,Al12W,13,92.00000000000001,57.00000000000001
mb-04238,Mg3N2,40,109.99999999999997,77.0
mb-04239,BaMg2,12,21.999999999999996,12.999999999999998
mb-04240,Y2Al,12,55.00000000000001,29.999999999999996
mb-04241,ErSbPd,3,90.00000000000003,45.00000000000001
mb-04242,YbCu,8,39.99999999999999,21.999999999999996
mb-04243,ZrAg,4,106.00000000000004,47.00000000000001
mb-04244,Er2S3,30,68.99999999999999,33.0
mb-04245,MgZn2,12,63.999999999999986,27.000000000000004
mb-04246,ErAu,4,95.00000000000001,18.999999999999996
mb-04247,LiAu3,4,99.0,23.999999999999993
mb-04248,SrSi2,6,54.000000000000014,38.99999999999999
mb-04249,LuAu,2,95.00000000000001,35.0
mb-04250,ZrTe,2,92.99999999999999,56.00000000000001
mb-04251,ThAl3,8,89.0,39.99999999999999
mb-04252,HoTl,2,59.00000000000001,18.999999999999996
mb-04253,GaSe,8,12.999999999999998,9.0
mb-04254,CoP3,16,149.0,115.00000000000003
mb-04255,ScAu,2,102.99999999999996,37.0
mb-04256,SrMg2N2,5,93.99999999999997,70.00000000000001
mb-04257,BaCd2,6,25.000000000000007,7.999999999999999
mb-04258,AcBr3,8,23.999999999999993,12.999999999999998
mb-04259,LuNiPb,9,89.0,45.00000000000001
mb-04260,BaSn3Pd,5,55.00000000000001,25.000000000000007
mb-04261,Be3Nb,12,154.99999999999997,126.00000000000001
mb-04262,YMgAl,9,57.00000000000001,44.0
mb-04263,Be2Re,12,241.9999999999999,173.00000000000003
mb-04264,YAlNi,9,92.00000000000001,26.0
mb-04265,YAl2Ni,8,91.00000000000001,57.00000000000001
mb-04266,SiIr,8,215.00000000000003,86.99999999999999
mb-04267,Be2V,12,159.99999999999991,138.0
mb-04268,NaZnAs,6,38.99999999999999,21.0
mb-04269,PrMg,2,35.0,22.999999999999996
mb-04270,MnAl6,14,103.99999999999997,67.0
mb-04271,Pm2PdPt,4,95.00000000000001,28.0
mb-04272,CaHg,2,35.0,18.999999999999996
mb-04273,Ca3Hg2,10,29.999999999999996,11.000000000000002
mb-04274,ScIr,2,165.99999999999997,75.00000000000001
mb-04275,YTl3,4,55.00000000000001,16.0
mb-04276,CaSn3,4,42.99999999999999,26.0
mb-04277,TbPt3,4,173.00000000000003,64.99999999999999
mb-04278,CeZn3Pd2,6,88.00000000000001,36.0
mb-04279,HoPt3,4,175.0,70.00000000000001
mb-04280,HoCd3,8,52.999999999999986,27.000000000000004
mb-04281,Te2Ir,9,76.0,42.99999999999999
mb-04282,MgCd,4,42.99999999999999,20.000000000000004
mb-04283,Sb3Rh,16,89.0,52.00000000000001
mb-04284,Hf2CS,8,177.00000000000009,123.00000000000003
mb-04285,CsI,2,7.0,4.0
mb-04286,ZrCd3,4,77.0,28.0
mb-04287,CePt3,4,161.99999999999994,59.00000000000001
mb-04288,Sr6Cu3N5,28,61.000000000000014,27.000000000000004
mb-04289,GeS,8,21.0,17.0
mb-04290,ErCu,2,78.99999999999999,38.99999999999999
mb-04291,YZnGe,12,76.0,54.000000000000014
mb-04292,Rb2As3,10,10.0,7.999999999999999
mb-04293,ZrP,8,134.00000000000003,82.0
mb-04294,MgCuSn,3,63.0,29.999999999999996
mb-04295,ScSn2,12,63.999999999999986,34.0
mb-04296,TmGa2,6,73.0,49.99999999999999
mb-04297,CoSb3,16,84.99999999999999,57.00000000000001
mb-04298,CeAlNi,9,98.0,45.00000000000001
mb-04299,Ga2Cu,3,77.99999999999999,37.0
mb-04300,ScCuSn,6,83.99999999999999,55.00000000000001
mb-04301,Al5Co2,28,124.99999999999994,83.99999999999999
mb-04302,Lu(SiNi)2,5,122.00000000000004,68.00000000000001
mb-04303,DyTl,2,56.00000000000001,17.999999999999996
mb-04304,LuCuSn,6,70.00000000000001,54.000000000000014
mb-04305,EuHg,2,29.999999999999996,16.0
mb-04306,YCuSn,6,76.0,52.00000000000001
mb-04307,HfRh,2,179.00000000000006,26.0
mb-04308,SrAlGe,3,47.00000000000001,35.0
mb-04309,ScInCu4,6,112.99999999999994,58.00000000000001
mb-04310,Mg2Pt,6,73.0,39.99999999999999
mb-04311,TmGa2Pd,8,102.99999999999996,49.99999999999999
mb-04312,HoLuCd2,4,61.000000000000014,18.999999999999996
mb-04313,Nb3Ga2,10,167.0,96.99999999999999
mb-04314,CdSb,16,38.99999999999999,17.999999999999996
mb-04315,Ba(MnAs)2,5,68.00000000000001,42.99999999999999
mb-04316,YPt3,4,171.99999999999991,70.99999999999999
mb-04317,NbRh,4,219.99999999999997,78.99999999999999
mb-04318,NdCu5,6,106.00000000000004,27.000000000000004
mb-04319,Cr5B3,16,291.00000000000006,195.99999999999994
mb-04320,ScGa,4,76.0,42.00000000000001
mb-04321,ScGa2,6,79.99999999999999,47.00000000000001
mb-04322,Hf3Si2,10,144.99999999999997,95.00000000000001
mb-04323,ZnRhF6,8,34.0,23.999999999999993
mb-04324,HgRhF6,8,3.0,12.999999999999998
mb-04325,Mo5As4,9,144.99999999999997,81.0
mb-04326,Mg5Pd2,28,62.0,23.999999999999993
mb-04327,SrMgGe,12,39.99999999999999,30.999999999999996
mb-04328,Nb3Sn,8,164.00000000000003,21.999999999999996
mb-04329,Ce2Mo2C3,7,136.99999999999997,81.0
mb-04330,NiSe,6,103.99999999999997,45.00000000000001
mb-04331,NdMg,2,37.99999999999999,22.999999999999996
mb-04332,SrLiP,6,44.0,37.0
mb-04333,YGa2Ni,8,92.99999999999999,48.99999999999999
mb-04334,BaLiP,6,38.99999999999999,29.0
mb-04335,Sb2Pt3,10,135.0,27.000000000000004
mb-04336,NaSe,8,21.0,12.000000000000002
mb-04337,HfMn2,12,192.00000000000003,52.999999999999986
mb-04338,NdHg2,3,52.00000000000001,22.999999999999996
mb-04339,SrAg5,6,59.00000000000001,22.999999999999996
mb-04340,ThS2,12,90.00000000000003,34.0
mb-04341,Na2CuAs,8,29.999999999999996,17.999999999999996
mb-04342,K2CuAs,8,21.0,10.0
mb-04343,SrCu5,6,83.00000000000001,29.999999999999996
mb-04344,Li2CuAs,8,49.99999999999999,37.0
mb-04345,ScTlS2,8,49.99999999999999,27.000000000000004
mb-04346,ScTlSe2,4,40.99999999999999,25.000000000000007
mb-04347,NdHg,2,56.00000000000001,17.0
mb-04348,YAsPt,12,109.99999999999997,46.0
mb-04349,ScTlTe2,4,34.0,20.000000000000004
mb-04350,PrHg,2,56.00000000000001,17.0
mb-04351,MgH2,6,49.99999999999999,35.0
mb-04352,Ti3O5,16,170.99999999999991,76.0
mb-04353,ScHg,2,76.0,29.0
mb-04354,Y2C,3,61.000000000000014,32.00000000000001
mb-04355,ScB2,3,191.00000000000006,193.99999999999997
mb-04356,MoIr,4,309.99999999999994,174.00000000000009
mb-04357,MoIr3,8,336.99999999999994,188.00000000000009
mb-04358,MnIr,4,267.0000000000001,182.99999999999991
mb-04359,Y2(Al3Co)3,28,109.99999999999997,76.0
mb-04360,Sn2Pd,24,79.99999999999999,29.999999999999996
mb-04361,PNO,12,54.000000000000014,56.00000000000001
mb-04362,Sm(CoSi)2,5,144.99999999999997,91.00000000000001
mb-04363,MnNi3,4,174.00000000000009,92.99999999999999
mb-04364,MnZn3,4,88.00000000000001,39.99999999999999
mb-04365,LaAlGe,6,512.9999999999999,40.99999999999999
mb-04366,MoP4,10,128.99999999999994,98.0
mb-04367,Mg2SiNi3,6,126.99999999999999,74.00000000000001
mb-04368,HgTe,2,36.0,12.000000000000002
mb-04369,NbRu3,4,271.00000000000006,127.99999999999999
mb-04370,PdSe2,12,22.999999999999996,13.999999999999998
mb-04371,ZrCoBi,3,117.00000000000001,62.0
mb-04372,KSmS2,4,40.99999999999999,26.0
mb-04373,LiYS2,4,52.999999999999986,29.999999999999996
mb-04374,LiDyS2,4,47.99999999999999,29.999999999999996
mb-04375,LiTbSe2,4,39.99999999999999,26.0
mb-04376,LiDySe2,4,38.99999999999999,26.0
mb-04377,LiHoSe2,4,40.99999999999999,27.000000000000004
mb-04378,Dy2AlCo2,5,96.0,32.00000000000001
mb-04379,Cu3Au,4,141.99999999999994,47.00000000000001
mb-04380,Mn3Al9Si,26,117.00000000000001,78.99999999999999
mb-04381,LiHoGe,9,55.00000000000001,47.99999999999999
mb-04382,LiNdGe,9,46.0,38.99999999999999
mb-04383,As2O3,20,10.0,7.999999999999999
mb-04384,Zn(BIr)2,5,222.0000000000001,109.99999999999997
mb-04385,LaZn5,6,70.99999999999999,30.999999999999996
mb-04386,V3Co,8,210.99999999999997,109.99999999999997
mb-04387,DyRh3C,5,200.00000000000003,77.99999999999999
mb-04388,AlVFe2,4,217.9999999999999,136.99999999999997
mb-04389,Li2US3,12,42.00000000000001,23.999999999999993
mb-04390,Be12Cr,13,126.00000000000001,144.00000000000003
mb-04391,Cu2SiSe3,12,63.0,28.0
mb-04392,CoSi,8,209.99999999999991,116.00000000000003
mb-04393,Al4C3,7,159.99999999999991,112.99999999999994
mb-04394,ScAl3,4,83.99999999999999,70.99999999999999
mb-04395,ZrGe2,6,107.00000000000001,73.0
mb-04396,Al21Pt8,58,133.0,62.0
mb-04397,Ag2Te,12,52.00000000000001,13.999999999999998
mb-04398,CaMg2,12,29.999999999999996,18.999999999999996
mb-04399,Nb3Au2,5,173.00000000000003,61.000000000000014
mb-04400,As2Rh,12,138.99999999999997,83.00000000000001
mb-04401,HfPRu,9,220.99999999999994,95.00000000000001
mb-04402,SrTl,2,106.00000000000004,30.999999999999996
mb-04403,Hf3Sb,16,114.00000000000003,48.99999999999999
mb-04404,ScRh,2,138.0,61.000000000000014
mb-04405,Na3P,8,26.0,13.999999999999998
mb-04406,Li5AlO4,80,81.0,55.00000000000001
mb-04407,Zr3(Cu2Ge)2,9,133.0,70.99999999999999
mb-04408,DyNi,8,82.0,21.999999999999996
mb-04409,LiCd2Au,4,84.99999999999999,16.0
mb-04410,B,12,210.99999999999997,200.00000000000003
mb-04411,Li3AuS2,12,37.99999999999999,20.000000000000004
mb-04412,ErGe,4,82.0,55.00000000000001
mb-04413,TaRu,2,264.0000000000001,64.99999999999999
mb-04414,SnIr,4,154.99999999999997,55.00000000000001
mb-04415,Pr2TeO2,5,67.0,33.0
mb-04416,Sm2TeO2,5,72.00000000000001,36.0
mb-04417,Gd2TeO2,5,64.99999999999999,36.0
mb-04418,Tb2TeO2,5,82.0,37.99999999999999
mb-04419,Sr(As2Rh3)2,11,170.99999999999991,60.0
mb-04420,GaRh,2,179.99999999999997,63.0
mb-04421,NbAu2,3,175.0,63.999999999999986
mb-04422,HoB2,3,170.00000000000006,156.0
mb-04423,Ta5Si3,16,215.00000000000003,133.0
mb-04424,Mg3As2,40,49.99999999999999,27.000000000000004
mb-04425,ErB2,3,170.99999999999991,161.99999999999994
mb-04426,LiPd,2,78.99999999999999,33.0
mb-04427,P2O5,14,39.99999999999999,21.999999999999996
mb-04428,UF6,28,5.000000000000001,3.0
mb-04429,Mg2Ni,18,64.99999999999999,29.0
mb-04430,YbIn,2,38.99999999999999,17.0
mb-04431,MnS,4,56.00000000000001,15.000000000000004
mb-04432,CuSe2,6,63.999999999999986,23.999999999999993
mb-04433,ZrRu,2,182.99999999999991,81.0
mb-04434,Cr2Te3,20,40.99999999999999,26.0
mb-04435,PrCu5,6,100.0,28.0
mb-04436,DyPt3,4,171.99999999999991,66.00000000000001
mb-04437,Te2Os,12,128.99999999999994,88.00000000000001
mb-04438,V3Ir,8,237.00000000000006,122.00000000000004
mb-04439,NdAs,2,68.00000000000001,45.00000000000001
mb-04440,Al5Rh2,28,131.00000000000006,77.0
mb-04441,FeAs2,6,134.00000000000003,109.99999999999997
mb-04442,Zr3Te,16,106.00000000000004,38.99999999999999
mb-04443,Nb6C5,11,238.99999999999991,160.99999999999994
mb-04444,Yb(FeSi)2,5,115.00000000000003,68.00000000000001
mb-04445,LiHg,2,30.999999999999996,16.0
mb-04446,BaSe,2,36.0,21.0
mb-04447,TiGa,4,115.00000000000003,72.00000000000001
mb-04448,Al3Ir,8,150.99999999999994,48.99999999999999
mb-04449,SrPd2,6,79.99999999999999,33.0
mb-04450,Mn(PtO2)3,10,189.99999999999994,70.00000000000001
mb-04451,RbNbO3,20,38.99999999999999,17.999999999999996
mb-04452,Ca3AsN,20,60.0,45.00000000000001
mb-04453,Li2CuGe,4,61.000000000000014,37.99999999999999
mb-04454,MoRh3,8,268.00000000000006,126.99999999999999
mb-04455,Eu(CdP)2,5,55.00000000000001,35.0
mb-04456,Hf(Te2Cl3)2,11,7.0,2.0
mb-04457,Tm(NiGe)2,5,119.99999999999996,47.99999999999999
mb-04458,ZrFeP,12,202.00000000000006,118.99999999999996
mb-04459,NdFeSi2,8,115.00000000000003,81.0
mb-04460,Ce(AlZn)2,5,81.0,47.00000000000001
mb-04461,ScPO4,12,150.00000000000003,77.99999999999999
mb-04462,CsLiMoO4,7,36.0,10.0
mb-04463,UAs2Pd,8,116.00000000000003,54.000000000000014
mb-04464,Mg(InTe2)2,7,22.999999999999996,12.000000000000002
mb-04465,AcCl3,8,28.0,13.999999999999998
mb-04466,SbPt,4,124.00000000000003,29.999999999999996
mb-04467,UGeS,6,91.00000000000001,30.999999999999996
mb-04468,PuBr3,8,11.000000000000002,5.000000000000001
mb-04469,NdBr3,8,9.0,5.000000000000001
mb-04470,SmBr3,8,9.0,5.000000000000001
mb-04471,Tb(CoSi)2,5,153.00000000000003,92.99999999999999
mb-04472,Sr2FeO4,7,111.00000000000004,63.0
mb-04473,LaI3,8,6.0,4.0
mb-04474,PrClO,6,68.99999999999999,33.0
mb-04475,Sr(FeP)2,5,92.00000000000001,57.00000000000001
mb-04476,Nd(AgGe)2,5,68.99999999999999,42.00000000000001
mb-04477,Dy(SiPd)2,5,126.00000000000001,50.999999999999986
mb-04478,OsF6,28,6.0,3.0
mb-04479,NbNiP,12,217.9999999999999,98.0
mb-04480,Ga4GeO8,13,152.00000000000003,72.00000000000001
mb-04481,NaNiO2,4,100.0,68.00000000000001
mb-04482,GePd2,9,152.00000000000003,37.99999999999999
mb-04483,SmPPt,3,117.00000000000001,48.99999999999999
mb-04484,NbZn2,24,140.99999999999991,82.0
mb-04485,Sc3TlC,5,96.99999999999999,82.0
mb-04486,NdTlPd,9,73.0,27.000000000000004
mb-04487,Cr3C2,20,319.9999999999999,168.99999999999997
mb-04488,MnFeAs,9,158.99999999999994,72.00000000000001
mb-04489,ScAl,2,77.99999999999999,40.99999999999999
mb-04490,PrPb3,4,48.99999999999999,10.0
mb-04491,LiBeN,12,93.99999999999997,66.00000000000001
mb-04492,NdZn5,6,66.00000000000001,37.99999999999999
mb-04493,CaPd3O4,16,165.99999999999997,55.00000000000001
mb-04494,Sr2PbO4,14,92.00000000000001,44.0
mb-04495,NaZnSb,6,29.999999999999996,12.999999999999998
mb-04496,YCoC2,4,167.0,95.00000000000001
mb-04497,MnSiNi,12,165.0,85.99999999999999
mb-04498,LiGe2N3,24,124.99999999999994,85.99999999999999
mb-04499,Tb(SiPd)2,5,124.00000000000003,52.999999999999986
mb-04500,SrCuN,36,68.00000000000001,34.0
mb-04501,CaPHO4,28,72.00000000000001,37.99999999999999
mb-04502,Co2N,6,245.00000000000009,88.00000000000001
mb-04503,Pr(Sb3Os)4,17,100.0,50.999999999999986
mb-04504,MnI2,3,7.999999999999999,4.0
mb-04505,SrNiSn3,5,56.00000000000001,26.0
mb-04506,Tb(NiGe)2,5,121.00000000000006,47.00000000000001
mb-04507,Gd(SiNi)2,5,132.00000000000006,73.0
mb-04508,HfNbP,12,179.00000000000006,99.0
mb-04509,Rb2WBr6,9,15.000000000000004,4.0
mb-04510,Ca(CoGe)2,5,96.99999999999999,60.0
mb-04511,K4HgAs2,7,15.000000000000004,7.0
mb-04512,PH4I,12,12.999999999999998,7.0
mb-04513,Na8Ti5O14,54,74.00000000000001,42.00000000000001
mb-04514,BeAlB,3,140.99999999999991,131.00000000000006
mb-04515,CaAu2,6,67.0,13.999999999999998
mb-04516,YSiPd2,16,126.00000000000001,49.99999999999999
mb-04517,BaNiO3,10,83.00000000000001,23.999999999999993
mb-04518,Sm(SiPd)2,5,131.00000000000006,58.00000000000001
mb-04519,InPd2,12,127.99999999999999,33.0
mb-04520,NaSi2Pd3,12,106.00000000000004,45.00000000000001
mb-04521,BaSm2CoO5,9,116.00000000000003,58.00000000000001
mb-04522,K2NiO2,5,29.0,15.000000000000004
mb-04523,TmMgIn,9,54.000000000000014,40.99999999999999
mb-04524,Pd(SeBr3)2,9,2.0,2.0
mb-04525,KH2N,8,15.000000000000004,7.999999999999999
mb-04526,Ho(NiGe)2,5,123.00000000000003,49.99999999999999
mb-04527,InAgO2,4,109.00000000000004,30.999999999999996
mb-04528,BeAl2O4,28,214.00000000000006,146.00000000000003
mb-04529,BeCo2Si,4,226.9999999999999,130.00000000000006
mb-04530,Pr3InN,5,68.99999999999999,48.99999999999999
mb-04531,Co(AsO3)2,9,143.00000000000003,73.0
mb-04532,Nd(NiGe)2,5,101.99999999999999,52.00000000000001
mb-04533,Al2Te3,40,6.0,4.0
mb-04534,UC2,3,154.99999999999997,70.99999999999999
mb-04535,La3InN,5,74.00000000000001,45.00000000000001
mb-04536,Er(CuSi)2,5,108.00000000000004,74.00000000000001
mb-04537,GdIn,2,381.0000000000001,30.999999999999996
mb-04538,SmSnPt,9,103.99999999999997,49.99999999999999
mb-04539,Ni3Ge,4,175.0,83.99999999999999
mb-04540,CeCuSn,6,83.99999999999999,47.00000000000001
mb-04541,LaAl3Pd2,6,117.00000000000001,48.99999999999999
mb-04542,ThBrN,6,22.999999999999996,17.999999999999996
mb-04543,ThIN,6,27.000000000000004,21.0
mb-04544,BaIn4,5,33.0,20.000000000000004
mb-04545,Li2AlPd,4,68.00000000000001,29.0
mb-04546,Ti6Al16Ni7,29,130.00000000000006,91.00000000000001
mb-04547,Nd2MgTl,4,39.99999999999999,18.999999999999996
mb-04548,NbRu,2,237.00000000000006,52.999999999999986
mb-04549,Li2AlPt,4,88.00000000000001,37.99999999999999
mb-04550,MnNiO3,10,175.0,89.0
mb-04551,Nd3InN,5,67.0,52.00000000000001
mb-04552,Nd(SiPd)2,5,124.00000000000003,59.00000000000001
mb-04553,Ti3SnC2,12,158.0,111.99999999999997
mb-04554,Tm2CdS4,14,64.99999999999999,23.999999999999993
mb-04555,SrIn2Pd,8,48.99999999999999,23.999999999999993
mb-04556,Li2InPt,4,72.00000000000001,17.0
mb-04557,CaIn2Pt,8,67.0,28.0
mb-04558,Rb2PdBr6,9,12.000000000000002,6.0
mb-04559,Li2InPd,4,59.00000000000001,17.999999999999996
mb-04560,EuAgSb,6,49.99999999999999,29.999999999999996
mb-04561,ThSn3,4,101.00000000000001,25.000000000000007
mb-04562,NaMgF3,20,70.00000000000001,42.00000000000001
mb-04563,Sr2PdO3,6,96.0,55.00000000000001
mb-04564,SmRh,2,95.00000000000001,29.999999999999996
mb-04565,CaIn2Pd,8,59.00000000000001,25.000000000000007
mb-04566,SmPt2,6,154.0,68.99999999999999
mb-04567,NbSiPd,12,194.99999999999991,81.0
mb-04568,MgAu,2,78.99999999999999,29.999999999999996
mb-04569,Tl2WCl6,9,15.000000000000004,5.000000000000001
mb-04570,CrP,8,173.00000000000003,138.0
mb-04571,PaRh3,4,210.99999999999997,88.00000000000001
mb-04572,Nd2S3,20,74.00000000000001,35.0
mb-04573,CdCO3,10,91.00000000000001,32.00000000000001
mb-04574,PrSnPd,9,82.0,40.99999999999999
mb-04575,Rb2PtI6,9,9.0,5.000000000000001
mb-04576,Ca2Sn,12,29.0,16.0
mb-04577,SrZrO3,20,146.00000000000003,88.00000000000001
mb-04578,CeCuSi,6,90.00000000000003,48.99999999999999
mb-04579,TbScGe,6,67.0,45.00000000000001
mb-04580,Ca4HfN4,18,88.00000000000001,42.00000000000001
mb-04581,YSiRu,12,130.00000000000006,52.00000000000001
mb-04582,Te2W,12,20.000000000000004,12.999999999999998
mb-04583,Rb2Te,3,29.999999999999996,11.000000000000002
mb-04584,Ho(CoGe)2,5,126.99999999999999,70.99999999999999
mb-04585,SrSn3Pd,5,56.00000000000001,17.0
mb-04586,K4BeAs2,7,20.000000000000004,7.999999999999999
mb-04587,K4CdAs2,7,17.0,7.999999999999999
mb-04588,LaIn3,4,179.00000000000006,11.000000000000002
mb-04589,Ca(CuGe)2,5,77.99999999999999,37.99999999999999
mb-04590,CsHF2,8,18.999999999999996,7.999999999999999
mb-04591,Rb2PdCl6,9,11.000000000000002,6.0
mb-04592,ScCo3B2,6,223.0,128.99999999999994
mb-04593,Y3AlC,5,79.99999999999999,63.0
mb-04594,BaNb2O6,18,88.00000000000001,35.0
mb-04595,Hf5Sn3,16,112.99999999999994,47.00000000000001
mb-04596,Ti2Pd3,10,156.99999999999994,44.0
mb-04597,MnGeRu2,4,228.00000000000009,108.00000000000004
mb-04598,MoPbO4,12,64.99999999999999,22.999999999999996
mb-04599,Tb(SiNi)2,5,109.99999999999997,72.00000000000001
mb-04600,SnRh,8,138.99999999999997,54.000000000000014
mb-04601,K2PdF4,7,23.999999999999993,9.0
mb-04602,TiH2,3,138.0,20.000000000000004
mb-04603,CaSiPt,12,83.99999999999999,20.000000000000004
mb-04604,TiCoGe,9,170.99999999999991,77.99999999999999
mb-04605,Ca2SiO4,28,90.00000000000003,48.99999999999999
mb-04606,Sr(FeAs)2,5,77.99999999999999,42.00000000000001
mb-04607,Pd(SCl3)2,9,4.0,2.0
mb-04608,SmPt3,4,160.99999999999994,67.0
mb-04609,ZrNbP,12,174.00000000000009,99.0
mb-04610,YbSnPt,9,81.0,34.0
mb-04611,Pr3InO,5,66.00000000000001,40.99999999999999
mb-04612,KPrO2,4,67.0,39.99999999999999
mb-04613,CoAs3,16,116.00000000000003,83.00000000000001
mb-04614,Ba5Bi3,16,22.999999999999996,13.999999999999998
mb-04615,Y(CuGe)2,5,100.0,55.00000000000001
mb-04616,BP,2,160.99999999999994,161.99999999999994
mb-04617,BeSe,2,48.99999999999999,42.99999999999999
mb-04618,K2SO4,28,29.0,13.999999999999998
mb-04619,LuSiRh,12,140.00000000000006,70.00000000000001
mb-04620,Ce(GePt)2,10,111.00000000000004,36.0
mb-04621,TmNiGe,12,95.00000000000001,59.00000000000001
mb-04622,CeAlPd,9,92.99999999999999,39.99999999999999
mb-04623,SrGePt,12,68.00000000000001,18.999999999999996
mb-04624,Ti3Pt5,16,202.00000000000006,73.0
mb-04625,CdAu,18,92.00000000000001,21.999999999999996
mb-04626,Li2SO4,28,42.00000000000001,18.999999999999996
mb-04627,KCoO2,8,63.0,21.0
mb-04628,TiPt8,9,241.9999999999999,85.99999999999999
mb-04629,Ba2MnTe3,24,29.0,15.000000000000004
mb-04630,YbTaO4,12,59.00000000000001,37.0
mb-04631,Sm3InN,5,73.0,56.00000000000001
mb-04632,HfAs2,12,115.00000000000003,75.00000000000001
mb-04633,TmIn3,4,56.00000000000001,20.000000000000004
mb-04634,Tl3BO3,14,21.0,11.000000000000002
mb-04635,Ag2SeO3,24,29.0,7.999999999999999
mb-04636,MgTi2O5,16,161.99999999999994,70.99999999999999
mb-04637,TaSe3,16,18.999999999999996,13.999999999999998
mb-04638,Cu3Ge,8,123.00000000000003,42.99999999999999
mb-04639,MnCl2,3,9.0,5.000000000000001
mb-04640,NdSnAu2,4,77.99999999999999,17.999999999999996
mb-04641,TlSbS2,16,12.999999999999998,5.000000000000001
mb-04642,CeNi,4,73.0,13.999999999999998
mb-04643,ZnPt3,4,212.99999999999994,68.00000000000001
mb-04644,YSiRh,12,124.00000000000003,62.0
mb-04645,La(CoB)2,5,367.0,205.99999999999994
mb-04646,EuAsAu,6,61.000000000000014,30.999999999999996
mb-04647,NdIn3,4,52.999999999999986,28.0
mb-04648,MgPbF6,8,20.000000000000004,22.999999999999996
mb-04649,LaGa3Pd2,6,96.0,42.00000000000001
mb-04650,Sm3In,4,40.99999999999999,21.999999999999996
mb-04651,DyAgSn,6,68.99999999999999,42.00000000000001
mb-04652,PuGa2,3,13.999999999999998,45.00000000000001
mb-04653,AlPt2,24,205.99999999999994,84.99999999999999
mb-04654,KPF6,8,17.999999999999996,7.0
mb-04655,NdGeRu,6,78.99999999999999,42.00000000000001
mb-04656,NbPbS2,8,68.99999999999999,26.0
mb-04657,ZrCl3,8,6.0,3.0
mb-04658,Zr2SnC,8,126.99999999999999,79.99999999999999
mb-04659,SbCl3,16,2.0,1.0
mb-04660,CsI3,16,5.000000000000001,2.0
mb-04661,ZrSiSe,6,84.99999999999999,61.000000000000014
mb-04662,P2Pd,6,109.00000000000004,58.00000000000001
mb-04663,Yb(SiPd)2,5,107.00000000000001,42.99999999999999
mb-04664,LaNi4B,12,133.0,63.999999999999986
mb-04665,CdCl2,3,7.999999999999999,4.0
mb-04666,KCuS,12,17.0,6.0
mb-04667,K3CuO2,48,28.0,12.999999999999998
mb-04668,Na(CoO2)2,28,70.00000000000001,29.0
mb-04669,MnSn(BO3)2,10,133.0,75.00000000000001
mb-04670,Pr3In,4,36.0,12.000000000000002
mb-04671,Dy(CoB)2,5,165.0,107.00000000000001
mb-04672,RbTiCl3,10,17.0,7.999999999999999
mb-04673,LiZrPt2,4,140.00000000000006,17.0
mb-04674,LaCl3,8,32.00000000000001,16.0
mb-04675,HgCl,4,9.0,4.0
mb-04676,ScInAu2,4,100.0,22.999999999999996
mb-04677,GdGa2,3,79.99999999999999,54.000000000000014
mb-04678,Rh3W,8,283.0,132.00000000000006
mb-04679,ScOF,12,140.99999999999991,60.0
mb-04680,Eu(CdSb)2,5,37.99999999999999,18.999999999999996
mb-04681,CaCl2,6,33.0,12.999999999999998
mb-04682,BiCl3,16,4.0,4.0
mb-04683,BaPPt,12,79.99999999999999,30.999999999999996
mb-04684,Sr(GeRu)2,5,76.0,50.999999999999986
mb-04685,K4CdP2,7,18.999999999999996,9.0
mb-04686,BPO4,6,60.0,62.0
mb-04687,NdBi,2,47.00000000000001,28.0
mb-04688,NaBi,2,29.0,12.999999999999998
mb-04689,Ag2CO3,12,45.00000000000001,12.999999999999998
mb-04690,Nb2Al,30,160.99999999999994,82.0
mb-04691,Lu(FeB)2,5,148.00000000000003,70.99999999999999
mb-04692,Mn(BW)2,10,306.0000000000001,187.00000000000003
mb-04693,AsRh2,3,231.00000000000009,73.0
mb-04694,Ca2NCl,4,52.999999999999986,37.0
mb-04695,Al12Co4Cu,51,123.00000000000003,74.00000000000001
mb-04696,TmCu5,6,103.99999999999997,22.999999999999996
mb-04697,NbSiIr,12,243.9999999999999,121.00000000000006
mb-04698,Na4I2O,7,22.999999999999996,13.999999999999998
mb-04699,YMnSi,6,89.0,54.000000000000014
mb-04700,UGa5Ni,7,91.00000000000001,58.00000000000001
mb-04701,InS,8,20.000000000000004,15.000000000000004
mb-04702,LiLuO2,8,112.99999999999994,68.99999999999999
mb-04703,TmSb,2,61.000000000000014,37.0
mb-04704,VClO,6,21.999999999999996,15.000000000000004
mb-04705,K2ReCl6,9,12.000000000000002,6.0
mb-04706,PtI2,12,4.0,4.0
mb-04707,HoZrSb,6,75.00000000000001,37.0
mb-04708,LiAlRh2,4,148.00000000000003,63.999999999999986
mb-04709,BaPbF6,8,42.99999999999999,17.0
mb-04710,CsVBr3,10,11.000000000000002,5.000000000000001
mb-04711,BaGa4,5,42.00000000000001,33.0
mb-04712,Cu2GeSe3,6,60.0,26.0
mb-04713,TbTl,2,55.00000000000001,17.999999999999996
mb-04714,SrClF,6,33.0,21.0
mb-04715,FeSn,6,100.0,54.000000000000014
mb-04716,Hf3Rh5,16,193.99999999999997,67.0
mb-04717,Na3P11,56,12.999999999999998,6.0
mb-04718,Eu(ZnGe)2,10,61.000000000000014,35.0
mb-04719,FeSi2,24,181.00000000000003,126.99999999999999
mb-04720,UGa5Co,7,107.00000000000001,75.00000000000001
mb-04721,HoClO,6,64.99999999999999,30.999999999999996
mb-04722,HoSbPt,3,101.00000000000001,47.00000000000001
mb-04723,NiAs2,6,114.00000000000003,54.000000000000014
mb-04724,Y3InC,5,77.0,63.0
mb-04725,PrScGe,6,63.999999999999986,39.99999999999999
mb-04726,Ca2NF,8,67.0,46.0
mb-04727,TiZn2,12,106.00000000000004,63.0
mb-04728,Ba2SnO4,7,96.0,52.00000000000001
mb-04729,CaPPt,12,95.00000000000001,45.00000000000001
mb-04730,Rb2TeCl6,9,6.0,6.0
mb-04731,Ca(MnGe)2,5,77.99999999999999,55.00000000000001
mb-04732,LiBIr,12,161.99999999999994,61.000000000000014
mb-04733,MgNiBi,3,66.00000000000001,33.0
mb-04734,YZn3,16,70.99999999999999,37.99999999999999
mb-04735,Al2SiO5,32,141.99999999999994,89.0
mb-04736,Sc2Ni2Sn,10,101.99999999999999,35.0
mb-04737,HoInAg2,4,77.0,18.999999999999996
mb-04738,Ba4Bi3,14,23.999999999999993,11.000000000000002
mb-04739,AgI,2,20.000000000000004,5.000000000000001
mb-04740,Zr2CuOs,4,165.0,46.0
mb-04741,NbHg3F6,10,22.999999999999996,3.0
mb-04742,CsVI3,10,11.000000000000002,3.0
mb-04743,Ce(SiOs)2,5,160.99999999999994,82.0
mb-04744,Eu(SiNi)2,5,103.99999999999997,55.00000000000001
mb-04745,ScSnPd,18,101.99999999999999,48.99999999999999
mb-04746,Na2SO4,14,42.99999999999999,22.999999999999996
mb-04747,TaAlRu2,4,238.99999999999991,131.00000000000006
mb-04748,CaPrHg2,4,47.99999999999999,22.999999999999996
mb-04749,CuAuF5,7,28.0,12.000000000000002
mb-04750,AlFe3C,5,230.00000000000009,98.0
mb-04751,Ni3N,8,197.0,73.0
mb-04752,TiZn3,4,96.0,23.999999999999993
mb-04753,Rb2CdO2,20,36.0,13.999999999999998
mb-04754,TePdI,12,25.000000000000007,12.000000000000002
mb-04755,HoInPt,9,96.99999999999999,32.00000000000001
mb-04756,PrRhO3,20,177.00000000000009,62.0
mb-04757,CsMgBr3,10,11.000000000000002,4.0
mb-04758,Y2In,6,52.999999999999986,26.0
mb-04759,CaPmZn2,4,48.99999999999999,26.0
mb-04760,VCu3Se4,8,36.0,21.0
mb-04761,KNa2Bi,4,17.0,11.000000000000002
mb-04762,Sc(AlC)3,14,165.99999999999997,138.0
mb-04763,NiGePt2,8,195.99999999999994,59.00000000000001
mb-04764,Mn(FeO2)2,14,161.99999999999994,63.0
mb-04765,Ba(MnP)2,5,84.99999999999999,47.00000000000001
mb-04766,TiCoSi,12,181.00000000000003,100.0
mb-04767,K2ReBr6,9,12.000000000000002,6.0
mb-04768,Rb2SO4,28,25.000000000000007,12.999999999999998
mb-04769,SrBrF,6,38.99999999999999,26.0
mb-04770,ScPt3,4,200.00000000000003,90.00000000000003
mb-04771,Mn3GaC,5,207.99999999999997,115.00000000000003
mb-04772,Sr2NCl,4,56.00000000000001,33.0
mb-04773,TaSiIr,12,259.00000000000006,124.99999999999994
mb-04774,TmPaTc2,4,126.00000000000001,40.99999999999999
mb-04775,CeAl5Ni2,8,93.99999999999997,61.000000000000014
mb-04776,AlI3,16,1.0,1.0
mb-04777,Er6MnBi2,9,56.00000000000001,33.0
mb-04778,MnSe2,12,77.0,27.000000000000004
mb-04779,NbAlFe2,4,211.9999999999999,124.00000000000003
mb-04780,ZrSiO4,12,203.00000000000003,96.0
mb-04781,GaFe3,4,174.00000000000009,54.000000000000014
mb-04782,SbSI,12,7.0,3.0
mb-04783,Sr(PPd)2,5,105.00000000000004,49.99999999999999
mb-04784,Ca2GeN2,40,77.0,54.000000000000014
mb-04785,ScSbPd,3,96.99999999999999,46.0
mb-04786,NaZnP,6,44.0,26.0
mb-04787,SrIF,6,44.0,17.0
mb-04788,ErBi,2,52.999999999999986,32.00000000000001
mb-04789,LaS,2,78.99999999999999,38.99999999999999
mb-04790,U(SiRu)2,5,138.99999999999997,75.00000000000001
mb-04791,LaCuSi,6,84.99999999999999,47.99999999999999
mb-04792,In3Pd2,5,89.0,37.0
mb-04793,GdClO,6,63.0,30.999999999999996
mb-04794,TaFeP,12,264.0000000000001,143.00000000000003
mb-04795,SrAl2O4,28,81.0,45.00000000000001
mb-04796,GaCuSe2,8,60.0,28.0
mb-04797,ZrIN,6,18.999999999999996,15.000000000000004
mb-04798,Y(CuSi)2,5,117.00000000000001,75.00000000000001
mb-04799,B6P,14,199.00000000000009,189.99999999999994
mb-04800,Al2ZnS4,14,83.99999999999999,45.00000000000001
mb-04801,Sr2BrN,4,42.99999999999999,27.000000000000004
mb-04802,NdClO,6,67.0,33.0
mb-04803,HoHSe,3,85.99999999999999,64.99999999999999
mb-04804,Cs2PtI6,9,7.999999999999999,4.0
mb-04805,NdScGe,6,63.999999999999986,39.99999999999999
mb-04806,PbCO3,20,56.00000000000001,21.0
mb-04807,HoGa5Co,7,89.0,49.99999999999999
mb-04808,Sr(CuAs)2,5,66.00000000000001,29.0
mb-04809,SbRh2,12,168.99999999999997,50.999999999999986
mb-04810,CaMgSn,12,39.99999999999999,29.0
mb-04811,TbFeSi,6,88.00000000000001,54.000000000000014
mb-04812,Er(NiGe)2,5,96.0,48.99999999999999
mb-04813,K2PdCl6,9,12.000000000000002,7.0
mb-04814,NdBrO,6,17.999999999999996,15.000000000000004
mb-04815,CaAl4O7,24,114.00000000000003,46.0
mb-04816,GaCl3,8,1.0,1.0
mb-04817,Ba2TiO4,28,63.999999999999986,29.0
mb-04818,Yb(GeRu)2,5,102.99999999999996,48.99999999999999
mb-04819,Ho2Ni2Pb,5,68.00000000000001,28.0
mb-04820,GaBr3,16,2.0,1.0
mb-04821,GdTaO4,12,140.00000000000006,64.99999999999999
mb-04822,GaI3,16,1.0,1.0
mb-04823,VCoSi,12,209.0000000000001,111.99999999999997
mb-04824,CePRuO,8,123.00000000000003,67.0
mb-04825,FeBPbO4,28,61.000000000000014,32.00000000000001
mb-04826,ZrGeSe,6,101.99999999999999,68.00000000000001
mb-04827,EuF3,16,85.99999999999999,36.0
mb-04828,Ag5P(S2Cl)2,12,39.99999999999999,10.0
mb-04829,Ba(FeP)2,5,90.00000000000003,56.00000000000001
mb-04830,BiPbClO2,10,44.0,17.999999999999996
mb-04831,DyCuGe,6,68.99999999999999,56.00000000000001
mb-04832,BaCeN2,8,98.0,42.00000000000001
mb-04833,Ba2Cu3(ClO2)2,11,52.999999999999986,20.000000000000004
mb-04834,UTeN,6,36.0,33.0
mb-04835,Y(GeRh)2,5,144.00000000000003,59.00000000000001
mb-04836,SrTa2Bi2O9,28,83.00000000000001,61.000000000000014
mb-04837,Hf2SnC,8,138.0,85.99999999999999
mb-04838,ThPb3,4,59.00000000000001,17.0
mb-04839,UTeAs,6,68.99999999999999,38.99999999999999
mb-04840,CeRh2,6,189.99999999999994,44.0
mb-04841,HoIr,2,138.99999999999997,52.00000000000001
mb-04842,GaN,4,171.99999999999991,105.00000000000004
mb-04843,ZrSiTe,6,35.0,29.0
mb-04844,Y2MgCu2,10,62.0,17.0
mb-04845,Tm(CuSi)2,5,115.00000000000003,72.00000000000001
mb-04846,YCoC,6,143.00000000000003,60.0
mb-04847,Pr(SiRu)2,5,140.00000000000006,78.99999999999999
mb-04848,Tb(SiRh)2,5,156.99999999999994,90.00000000000003
mb-04849,NaAl11O17,58,153.00000000000003,67.0
mb-04850,Y(CoGe)2,5,128.99999999999994,68.00000000000001
mb-04851,GdAl2,6,114.00000000000003,59.00000000000001
mb-04852,LiTaO3,10,123.00000000000003,83.00000000000001
mb-04853,Sr2Cu(ClO)2,7,74.00000000000001,38.99999999999999
mb-04854,DyCl3,8,12.000000000000002,6.0
mb-04855,Ag2HgO2,20,39.99999999999999,12.000000000000002
mb-04856,PbF4,5,30.999999999999996,22.999999999999996
mb-04857,HoSnPd2,4,109.99999999999997,27.000000000000004
mb-04858,CeMgPt,9,78.99999999999999,29.0
mb-04859,Sr5P3ClO12,42,66.00000000000001,37.0
mb-04860,VAs,8,140.00000000000006,85.99999999999999
mb-04861,Dy(FeSi)2,5,149.0,83.99999999999999
mb-04862,Dy(NiGe)2,5,112.99999999999994,48.99999999999999
mb-04863,Te(HO)6,52,28.0,17.999999999999996
mb-04864,LuGa3,4,61.000000000000014,30.999999999999996
mb-04865,Ba2YBiO6,10,115.00000000000003,68.99999999999999
mb-04866,SbPbClO2,10,85.99999999999999,35.0
mb-04867,Sr5P3BrO12,42,63.0,35.0
mb-04868,La(SiPd)2,5,126.99999999999999,54.000000000000014
mb-04869,Co2CuGe2,10,160.99999999999994,73.0
mb-04870,BeTe,2,55.00000000000001,39.99999999999999
mb-04871,Be3N2,40,214.00000000000006,186.00000000000009
mb-04872,Sr2Fe2O5,18,115.00000000000003,52.999999999999986
mb-04873,KTaO3,5,188.00000000000009,122.00000000000004
mb-04874,Rb2PdCl4,7,23.999999999999993,6.0
mb-04875,U,2,146.99999999999997,109.99999999999997
mb-04876,CePd3,4,128.99999999999994,57.00000000000001
mb-04877,ZrAu2,3,156.99999999999994,36.0
mb-04878,Cs2NiO2,5,21.0,7.999999999999999
mb-04879,Zr2Ni,6,122.00000000000004,21.999999999999996
mb-04880,CaCu5,6,91.00000000000001,37.99999999999999
mb-04881,BiBrO,6,16.0,11.000000000000002
mb-04882,Ta2Co,6,222.0000000000001,78.99999999999999
mb-04883,InNi,6,102.99999999999996,49.99999999999999
mb-04884,Th2Ga,6,73.0,20.000000000000004
mb-04885,RhPb2,6,79.99999999999999,29.999999999999996
mb-04886,Li2Ga,6,33.0,29.0
mb-04887,CeNi2,6,121.00000000000006,39.99999999999999
mb-04888,NbSb2,6,96.99999999999999,68.99999999999999
mb-04889,SmCu5,6,70.99999999999999,28.0
mb-04890,DyAl2,6,78.99999999999999,59.00000000000001
mb-04891,SmAl3Pd2,6,105.00000000000004,55.00000000000001
mb-04892,KLiSe,6,28.0,17.0
mb-04893,ZrCo2,6,164.00000000000003,76.0
mb-04894,VP2,6,152.00000000000003,124.00000000000003
mb-04895,Bi2Pd,6,55.00000000000001,18.999999999999996
mb-04896,PrSn2,6,50.999999999999986,28.0
mb-04897,ThNi5,6,183.99999999999997,63.999999999999986
mb-04898,YbCu2,6,60.0,28.0
mb-04899,Hf2Ge,6,133.0,92.99999999999999
mb-04900,UNi2B2C,6,209.0000000000001,92.99999999999999
mb-04901,Te2Mo,6,16.0,12.999999999999998
mb-04902,Pb2Au,6,57.00000000000001,12.999999999999998
mb-04903,LuAlGe,6,86.99999999999999,54.000000000000014
mb-04904,Ni4Mo,5,223.0,91.00000000000001
mb-04905,VO2,12,232.99999999999994,118.99999999999996
mb-04906,KAuSe,6,7.999999999999999,5.000000000000001
mb-04907,Zr2Si,6,126.00000000000001,86.99999999999999
mb-04908,P2W,6,188.00000000000009,132.00000000000006
mb-04909,BaAlSi,3,48.99999999999999,37.0
mb-04910,TaPt2,6,242.99999999999997,77.99999999999999
mb-04911,YNi5,6,148.00000000000003,72.00000000000001
mb-04912,Fe2B,6,226.9999999999999,144.99999999999997
mb-04913,Tl2Pd,6,54.000000000000014,13.999999999999998
mb-04914,YFe2,6,92.00000000000001,36.0
mb-04915,SrAl2,6,45.00000000000001,34.0
mb-04916,Al2Ru,6,167.0,102.99999999999996
mb-04917,ScGe2,6,81.0,56.00000000000001
mb-04918,NaAlSi,6,40.99999999999999,22.999999999999996
mb-04919,FeS2,6,150.00000000000003,124.99999999999994
mb-04920,Zr2Sb,6,106.00000000000004,34.0
mb-04921,NbS2,6,22.999999999999996,15.000000000000004
mb-04922,HoH2,3,88.00000000000001,42.99999999999999
mb-04923,ScNi4Sn,6,152.00000000000003,55.00000000000001
mb-04924,NaPmTe2,4,42.99999999999999,12.000000000000002
mb-04925,HoCo2,6,119.99999999999996,29.0
mb-04926,LaHgAu2,4,68.00000000000001,20.000000000000004
mb-04927,Zr2Ga,6,107.00000000000001,47.00000000000001
mb-04928,Th2Ge,6,77.0,26.0
mb-04929,HfSi2,6,132.00000000000006,93.99999999999997
mb-04930,ErAgSn,6,70.00000000000001,40.99999999999999
mb-04931,BiClO,6,26.0,17.999999999999996
mb-04932,Hf2Si,6,140.99999999999991,100.0
mb-04933,B2Os,6,311.0,165.99999999999997
mb-04934,HfMgRh2,4,156.0,70.99999999999999
mb-04935,YbBr2,6,20.000000000000004,11.000000000000002
mb-04936,TaS2,6,29.0,17.0
mb-04937,HfGe2,6,112.99999999999994,70.99999999999999
mb-04938,YCu2,6,79.99999999999999,21.999999999999996
mb-04939,ErNi2,6,109.00000000000004,42.99999999999999
mb-04940,CaGaN,6,58.00000000000001,56.00000000000001
mb-04941,Th2Al,6,70.00000000000001,18.999999999999996
mb-04942,YSn2,6,58.00000000000001,36.0
mb-04943,FeP2,6,179.99999999999997,154.0
mb-04944,KMnP,6,18.999999999999996,10.0
mb-04945,YCo2,6,115.00000000000003,29.0
mb-04946,FeSe2,6,118.00000000000003,92.00000000000001
mb-04947,ZrTiAs,6,138.0,70.99999999999999
mb-04948,NbSiAs,6,153.00000000000003,103.99999999999997
mb-04949,GdOF,6,116.00000000000003,59.00000000000001
mb-04950,Zr2Rh,6,126.00000000000001,9.0
mb-04951,ScAlPd2,4,131.00000000000006,40.99999999999999
mb-04952,YAl2,6,79.99999999999999,60.0
mb-04953,Ca2Sb,6,32.00000000000001,27.000000000000004
mb-04954,SrZn2,6,35.0,15.000000000000004
mb-04955,Rb2S,3,15.000000000000004,7.0
mb-04956,TbFe2,6,102.99999999999996,20.000000000000004
mb-04957,TiIN,6,23.999999999999993,17.999999999999996
mb-04958,Ti2Cu,3,126.00000000000001,55.00000000000001
mb-04959,Th2Au,6,85.99999999999999,10.0
mb-04960,PRh2,3,235.0,83.99999999999999
mb-04961,FeSbS,12,111.99999999999997,96.99999999999999
mb-04962,Li2TlPd,4,49.99999999999999,13.999999999999998
mb-04963,BaMgSi,6,35.0,23.999999999999993
mb-04964,B2Mo,6,295.0,225.0000000000001
mb-04965,Sc2Al,6,70.00000000000001,44.0
mb-04966,ErFe2,6,76.0,36.0
mb-04967,Ta2Se,6,39.99999999999999,26.0
mb-04968,ZrFe2,6,146.99999999999997,72.00000000000001
mb-04969,ErMgSn,6,60.0,37.99999999999999
mb-04970,VZnRh2,4,201.00000000000009,27.000000000000004
mb-04971,PbO2,6,116.00000000000003,45.00000000000001
mb-04972,LaB6,7,174.00000000000009,130.00000000000006
mb-04973,CeB6,7,175.0,121.00000000000006
mb-04974,SmB6,7,175.0,100.0
mb-04975,CaBiAu,3,47.00000000000001,21.999999999999996
mb-04976,Sr2TiO4,7,126.99999999999999,75.00000000000001
mb-04977,Zr(TiGa2)2,7,109.99999999999997,68.99999999999999
mb-04978,AlPPt5,7,215.00000000000003,78.99999999999999
mb-04979,HgPPd5,7,164.00000000000003,46.0
mb-04980,MgPPd5,7,135.0,55.00000000000001
mb-04981,TaPd3,4,214.00000000000006,89.0
mb-04982,Ti3Au,8,138.99999999999997,70.99999999999999
mb-04983,Tb2Fe2Si2C,7,126.00000000000001,81.0
mb-04984,CdPPt5,7,186.00000000000009,63.0
mb-04985,Lu(TiGa2)2,7,99.0,61.000000000000014
mb-04986,AlCuS2,8,66.00000000000001,37.99999999999999
mb-04987,Ta3B4,7,296.0000000000001,207.99999999999997
mb-04988,Th3N4,7,148.00000000000003,47.99999999999999
mb-04989,Rb3As,8,22.999999999999996,7.0
mb-04990,Zr4Al3,7,108.00000000000004,77.0
mb-04991,Cd(AgI2)2,7,20.000000000000004,6.0
mb-04992,Y2Fe2Si2C,7,126.00000000000001,83.00000000000001
mb-04993,SiPt5Pb,7,199.00000000000009,67.0
mb-04994,Nd2CuO4,7,130.00000000000006,58.00000000000001
mb-04995,TlPd5Se,7,118.99999999999996,34.0
mb-04996,InAsPd5,7,131.00000000000006,52.999999999999986
mb-04997,Dy2Cr2C3,7,149.0,68.99999999999999
mb-04998,TlPPd5,7,126.00000000000001,44.0
mb-04999,Na2H4Pt,7,22.999999999999996,12.999999999999998
mb-05000,GaAsPd5,7,144.00000000000003,60.0
mb-05001,MgAsPt5,7,181.99999999999994,70.00000000000001
mb-05002,HfVF6,8,75.00000000000001,33.0
mb-05003,Pr2CuO4,7,128.99999999999994,58.00000000000001
mb-05004,Nb3B4,7,274.0,197.99999999999991
mb-05005,Sc(TiGa2)2,7,102.99999999999996,62.0
mb-05006,ZnPPd5,7,150.00000000000003,57.00000000000001
mb-05007,InPPd5,7,164.00000000000003,63.999999999999986
mb-05008,Y2IrPd,4,111.00000000000004,38.99999999999999
mb-05009,V3Se4,7,79.99999999999999,54.000000000000014
mb-05010,Ca(CoAs)2,5,83.00000000000001,47.00000000000001
mb-05011,BaSnO3,5,134.00000000000003,90.00000000000003
mb-05012,SnPPd5,7,149.0,42.00000000000001
mb-05013,InSiPt5,7,226.9999999999999,61.000000000000014
mb-05014,ZnGeP2,8,75.00000000000001,48.99999999999999
mb-05015,Zr(VGa2)2,7,126.99999999999999,85.99999999999999
mb-05016,Ni3(SnS)2,7,25.000000000000007,27.000000000000004
mb-05017,GaPPt5,7,181.00000000000003,72.00000000000001
mb-05018,Co3(SnS)2,7,96.99999999999999,57.00000000000001
mb-05019,ZnPd5Se,7,135.99999999999997,44.0
mb-05020,In2Ni3S2,7,72.00000000000001,33.0
mb-05021,Ti2NiS4,7,83.00000000000001,55.00000000000001
mb-05022,Tm(TiGa2)2,7,101.99999999999999,58.00000000000001
mb-05023,Sc(VGa2)2,7,118.00000000000003,76.0
mb-05024,GaPPd5,7,140.99999999999991,62.0
mb-05025,CdAsPt5,7,199.00000000000009,59.00000000000001
mb-05026,InAsPt5,7,159.99999999999991,63.0
mb-05027,Er(TiGa2)2,7,96.99999999999999,58.00000000000001
mb-05028,ZnPPt5,7,211.9999999999999,78.99999999999999
mb-05029,RbI,2,10.0,5.000000000000001
mb-05030,Er2Fe2Si2C,7,138.99999999999997,84.99999999999999
mb-05031,Pm2AgPt,4,83.99999999999999,21.0
mb-05032,Ho2Fe2Si2C,7,128.99999999999994,83.99999999999999
mb-05033,CrGeTe3,10,13.999999999999998,9.0
mb-05034,InBO3,10,138.99999999999997,62.0
mb-05035,V2TcOs,4,277.99999999999994,128.99999999999994
mb-05036,CoPdO2,4,153.00000000000003,36.0
mb-05037,Te3As2,10,16.0,11.000000000000002
mb-05038,LiMnPd2,4,111.99999999999997,34.0
mb-05039,Ni3TeO6,10,156.99999999999994,77.99999999999999
mb-05040,AlF3,8,45.00000000000001,62.0
mb-05041,Sn2Pt,3,92.99999999999999,23.999999999999993
mb-05042,ScBO3,10,160.99999999999994,78.99999999999999
mb-05043,MgTiO3,10,162.99999999999994,83.99999999999999
mb-05044,LiYSi,9,62.0,47.00000000000001
mb-05045,DyCoSi2,8,111.99999999999997,60.0
mb-05046,NbTe2,9,28.0,18.999999999999996
mb-05047,ZrCdPd2,4,135.99999999999997,34.0
mb-05048,TbGa3,8,63.0,45.00000000000001
mb-05049,Mg3Cd,8,39.99999999999999,21.0
mb-05050,TiMnO3,10,158.99999999999994,63.999999999999986
mb-05051,SmAgAu2,4,91.00000000000001,12.999999999999998
mb-05052,Ti2AlC,8,136.99999999999997,111.99999999999997
mb-05053,TiCo2Ge,4,179.00000000000006,77.99999999999999
mb-05054,DyH2,3,83.00000000000001,48.99999999999999
mb-05055,Ta2AlC,8,193.99999999999997,122.00000000000004
mb-05056,In2Au,3,52.00000000000001,17.999999999999996
mb-05057,YHg3,8,59.00000000000001,18.999999999999996
mb-05058,TiFeO3,10,165.99999999999997,47.00000000000001
mb-05059,V3Ge,8,183.99999999999997,54.000000000000014
mb-05060,K2NaRhF6,10,54.000000000000014,17.999999999999996
mb-05061,AlFe2Si,4,215.9999999999999,124.00000000000003
mb-05062,Hf2SbP,8,124.00000000000003,70.00000000000001
mb-05063,NaRhO2,4,116.00000000000003,64.99999999999999
mb-05064,Tm2MgGe2,10,82.0,58.00000000000001
mb-05065,ErCdRh2,4,124.99999999999994,47.99999999999999
mb-05066,V3Si,8,195.99999999999994,74.00000000000001
mb-05067,HfS3,8,17.999999999999996,12.000000000000002
mb-05068,V4Zn5,9,124.99999999999994,56.00000000000001
mb-05069,NaTl2Bi,4,27.000000000000004,7.0
mb-05070,V3Au,8,186.00000000000009,73.0
mb-05071,SiPt,8,174.00000000000009,70.00000000000001
mb-05072,MgZnAg2,4,76.0,18.999999999999996
mb-05073,UC,2,188.00000000000009,36.0
mb-05074,RbN3,8,17.0,9.0
mb-05075,Zn2PdRh,4,158.99999999999994,64.99999999999999
mb-05076,CsAuBr3,10,16.0,4.0
mb-05077,AcAg2Sn,4,61.000000000000014,10.0
mb-05078,ThB2Ru3,6,217.00000000000003,90.00000000000003
mb-05079,Y2IrRh,4,118.99999999999996,47.00000000000001
mb-05080,SiRh,8,194.99999999999991,95.00000000000001
mb-05081,Co3Mo,8,259.9999999999999,133.0
mb-05082,ErB2Ru3,6,215.00000000000003,106.00000000000004
mb-05083,HfTaRe2,4,273.0,117.00000000000001
mb-05084,LuGa2Ni,8,89.0,57.00000000000001
mb-05085,TiSiOs2,4,278.9999999999999,135.99999999999997
mb-05086,Be4TeO7,12,182.99999999999991,111.00000000000004
mb-05087,ZrCuSiAs,8,136.99999999999997,78.99999999999999
mb-05088,Sc3In,8,63.0,38.99999999999999
mb-05089,Li3P,8,39.99999999999999,34.0
mb-05090,Nb2InC,8,158.0,96.99999999999999
mb-05091,BW,8,341.9999999999999,195.99999999999994
mb-05092,ZnGeAs2,8,61.000000000000014,37.0
mb-05093,Li2CdSn,4,37.0,21.0
mb-05094,Sn3Pt2,10,101.99999999999999,32.00000000000001
mb-05095,LaAlO3,10,181.00000000000003,105.00000000000004
mb-05096,RbO2,3,21.0,7.999999999999999
mb-05097,V2B3,10,280.0000000000001,237.00000000000006
mb-05098,TmB2Ru3,6,215.00000000000003,108.00000000000004
mb-05099,EuTe,2,33.0,22.999999999999996
mb-05100,Al2PdRu,4,178.00000000000003,82.0
mb-05101,PrZnSbO,8,61.000000000000014,20.000000000000004
mb-05102,ZrAlNi,9,138.0,70.99999999999999
mb-05103,CeP,2,76.0,50.999999999999986
mb-05104,Ir3Rh,4,323.99999999999994,202.00000000000006
mb-05105,TbMg3,4,30.999999999999996,26.0
mb-05106,Ti3Ga,8,118.00000000000003,56.00000000000001
mb-05107,Mg2H6Ru,9,75.00000000000001,52.999999999999986
mb-05108,Ti3In,8,108.00000000000004,45.00000000000001
mb-05109,Pd4S,10,146.99999999999997,37.0
mb-05110,Ni3Mo,8,230.00000000000009,89.0
mb-05111,LiZnAs,3,55.00000000000001,39.99999999999999
mb-05112,MgPSe3,10,12.000000000000002,7.999999999999999
mb-05113,NiMoP2,8,189.00000000000006,103.99999999999997
mb-05114,Ce2Pd2Pb,10,67.0,17.0
mb-05115,TmHfRu2,4,156.99999999999994,73.0
mb-05116,Nb5Sb4,9,98.0,55.00000000000001
mb-05117,NbSi2,9,175.0,140.00000000000006
mb-05118,VOF,12,150.00000000000003,64.99999999999999
mb-05119,LaCd2,3,45.00000000000001,23.999999999999993
mb-05120,Fe3Ge,4,177.00000000000009,46.0
mb-05121,TbHg3,8,57.00000000000001,18.999999999999996
mb-05122,Ti2O3,10,215.9999999999999,86.99999999999999
mb-05123,TiGaNi2,4,165.99999999999997,39.99999999999999
mb-05124,Ho(CoB)2,5,165.99999999999997,109.99999999999997
mb-05125,CoGe,8,152.00000000000003,82.0
mb-05126,Ti2MnOs,4,205.99999999999994,89.0
mb-05127,Ti5Te4,9,66.00000000000001,36.0
mb-05128,AcCdRh2,4,111.00000000000004,30.999999999999996
mb-05129,Y2MgGe2,10,72.00000000000001,55.00000000000001
mb-05130,ZrNi2Sb,8,144.99999999999997,60.0
mb-05131,TmGa2Ni,8,99.0,55.00000000000001
mb-05132,ZrNi3,8,170.00000000000006,70.00000000000001
mb-05133,Na2TlSb,4,21.999999999999996,18.999999999999996
mb-05134,Co3W,8,278.9999999999999,141.99999999999994
mb-05135,Cu3SbSe4,8,58.00000000000001,21.0
mb-05136,TbRh,2,112.99999999999994,37.99999999999999
mb-05137,SnS,8,23.999999999999993,17.0
mb-05138,TiB,8,207.00000000000003,189.99999999999994
mb-05139,Li2Sn2Au,10,47.00000000000001,21.0
mb-05140,InCuSe2,8,52.999999999999986,21.999999999999996
mb-05141,NaCuO,12,46.0,21.999999999999996
mb-05142,HfSe3,8,16.0,10.0
mb-05143,Ti2AlN,8,154.99999999999997,115.00000000000003
mb-05144,BiI3,8,3.0,2.0
mb-05145,Fe3N,8,207.00000000000003,96.0
mb-05146,Hf2Ga3,10,117.00000000000001,63.999999999999986
mb-05147,YbPaPt2,4,118.00000000000003,29.999999999999996
mb-05148,VNi2,3,209.99999999999991,85.99999999999999
mb-05149,SnO2,6,171.99999999999991,86.99999999999999
mb-05150,CeSi2,6,92.00000000000001,47.00000000000001
mb-05151,ZrCr2,6,181.00000000000003,56.00000000000001
mb-05152,RuO2,6,252.00000000000006,92.99999999999999
mb-05153,Li5Tl2,7,23.999999999999993,10.0
mb-05154,CoCO3,10,116.00000000000003,56.00000000000001
mb-05155,CaLaAg2,4,54.000000000000014,21.0
mb-05156,Zr2Au,3,118.99999999999996,45.00000000000001
mb-05157,CaSe,2,44.0,29.999999999999996
mb-05158,MnCO3,10,99.0,44.0
mb-05159,Ta2MoRu,4,204.0,111.00000000000004
mb-05160,BaCoO3,10,85.99999999999999,29.0
mb-05161,CrHO2,4,138.99999999999997,63.0
mb-05162,Cu3SbS4,8,68.00000000000001,26.0
mb-05163,HfCr2,6,191.00000000000006,68.00000000000001
mb-05164,Ti2GaN,8,158.99999999999994,109.00000000000004
mb-05165,NiO,4,204.0,68.99999999999999
mb-05166,O2,8,6.0,2.0
mb-05167,RbFeSe2,8,16.0,6.0
mb-05168,CuBiSeO,8,68.00000000000001,32.00000000000001
mb-05169,Nb2AlC,8,173.00000000000003,114.00000000000003
mb-05170,ScNi2,6,144.00000000000003,60.0
mb-05171,ZrTe3,8,21.0,10.0
mb-05172,Sc2AlTc,4,108.00000000000004,42.00000000000001
mb-05173,SrS,2,47.00000000000001,32.00000000000001
mb-05174,Sc3CoC4,8,179.99999999999997,119.99999999999996
mb-05175,TiBeCo2,4,193.00000000000006,101.99999999999999
mb-05176,KCu4S3,8,47.00000000000001,18.999999999999996
mb-05177,YCd2,3,56.00000000000001,32.00000000000001
mb-05178,CaIrO3,10,160.99999999999994,74.00000000000001
mb-05179,TmAu2,3,102.99999999999996,40.99999999999999
mb-05180,Si2Ni6B,9,209.99999999999991,77.0
mb-05181,Er(NiP)2,5,138.99999999999997,84.99999999999999
mb-05182,AlV2C,8,170.99999999999991,131.00000000000006
mb-05183,Lu2S3,10,77.0,30.999999999999996
mb-05184,ZrS3,8,21.0,11.000000000000002
mb-05185,LaAl3,8,73.0,38.99999999999999
mb-05186,Ni3Sb,8,165.0,48.99999999999999
mb-05187,SnPd,8,101.00000000000001,36.0
mb-05188,LiRhO2,4,121.00000000000006,47.99999999999999
mb-05189,RbFeS2,8,17.0,7.0
mb-05190,Zr2Ga3,10,111.00000000000004,67.0
mb-05191,NaPmAu2,4,61.000000000000014,17.0
mb-05192,SmMgCd2,4,52.00000000000001,25.000000000000007
mb-05193,Sr2TaN3,24,68.00000000000001,37.99999999999999
mb-05194,Er(VGa2)2,7,126.99999999999999,73.0
mb-05195,CeCoC2,8,144.00000000000003,76.0
mb-05196,NaNO3,10,27.000000000000004,12.999999999999998
mb-05197,AlCr3B4,8,249.99999999999994,181.99999999999994
mb-05198,MgAl2Cu,8,77.99999999999999,47.99999999999999
mb-05199,TiSb,4,89.0,45.00000000000001
mb-05200,Zr3Fe,8,103.99999999999997,36.0
mb-05201,InCuS2,8,63.999999999999986,25.000000000000007
mb-05202,ZrAl3,8,102.99999999999996,83.00000000000001
mb-05203,SnSe,8,23.999999999999993,15.000000000000004
mb-05204,ZrB2,3,237.99999999999994,225.99999999999991
mb-05205,KBe2BO3F2,9,50.999999999999986,36.0
mb-05206,ZrSe3,8,16.0,9.0
mb-05207,TbB2Ir3,6,250.99999999999991,124.00000000000003
mb-05208,NiAsS,12,109.00000000000004,59.00000000000001
mb-05209,NbNi3,8,210.99999999999997,77.0
mb-05210,Na2MgSn,8,22.999999999999996,17.999999999999996
mb-05211,LiVF6,8,33.0,17.0
mb-05212,TiAs,8,118.99999999999996,72.00000000000001
mb-05213,TaB2,3,301.99999999999994,200.00000000000003
mb-05214,Cr2O3,10,203.00000000000003,112.99999999999994
mb-05215,NdAl3,8,66.00000000000001,37.99999999999999
mb-05216,TlPS3,10,12.000000000000002,7.0
mb-05217,Al3Ni5,8,167.0,75.00000000000001
mb-05218,MnAsRh,9,138.99999999999997,58.00000000000001
mb-05219,PrZnPd,9,78.99999999999999,28.0
mb-05220,Li2HgPd,4,52.00000000000001,12.999999999999998
mb-05221,HfAl3,8,106.00000000000004,79.99999999999999
mb-05222,GdP,2,79.99999999999999,55.00000000000001
mb-05223,SbPd,4,103.99999999999997,29.0
mb-05224,BaF2,3,54.000000000000014,23.999999999999993
mb-05225,GeTe,2,30.999999999999996,23.999999999999993
mb-05226,TmCuSi,6,91.00000000000001,61.000000000000014
mb-05227,CdBiO3,10,101.00000000000001,33.0
mb-05228,Ca6GaN5,24,70.99999999999999,29.999999999999996
mb-05229,ZrAlNi2,4,149.0,38.99999999999999
mb-05230,DyGa2,3,68.00000000000001,52.999999999999986
mb-05231,ZnSe,2,58.00000000000001,28.0
mb-05232,Ca3BiP,5,37.0,27.000000000000004
mb-05233,LuB2Ru3,6,223.0,108.00000000000004
mb-05234,HfTaTc2,4,226.9999999999999,99.0
mb-05235,TiAlCu2,4,134.00000000000003,62.0
mb-05236,Na2O2,12,48.99999999999999,29.0
mb-05237,ScInIr2,4,176.00000000000006,78.99999999999999
mb-05238,CrAgS2,4,77.0,26.0
mb-05239,Cr3Ge,8,210.99999999999997,127.99999999999999
mb-05240,Ta4AlC3,16,232.99999999999994,146.00000000000003
mb-05241,SrWO4,12,63.0,29.0
mb-05242,K2SiF6,9,38.99999999999999,17.999999999999996
mb-05243,Co3H,8,214.00000000000006,112.99999999999994
mb-05244,LiYb2Tl,4,26.0,7.999999999999999
mb-05245,EuN,2,111.00000000000004,67.0
mb-05246,PIr2,3,317.99999999999994,72.00000000000001
mb-05247,YbInAg2,4,56.00000000000001,17.0
mb-05248,Pm2CuOs,4,109.00000000000004,35.0
mb-05249,LiAlAg2,4,68.99999999999999,27.000000000000004
mb-05250,LuZnRh2,4,146.00000000000003,52.00000000000001
mb-05251,CdF2,3,96.99999999999999,28.0
mb-05252,NdTe,2,56.00000000000001,18.999999999999996
mb-05253,Ho2ZnIn,4,61.000000000000014,32.00000000000001
mb-05254,SmCd2,3,52.00000000000001,22.999999999999996
mb-05255,AcYbHg2,4,42.00000000000001,17.0
mb-05256,HoMgRh2,4,117.00000000000001,48.99999999999999
mb-05257,Pm2ZnGa,4,56.00000000000001,29.0
mb-05258,Yb2PtAu,4,67.0,28.0
mb-05259,LiGePd2,4,121.00000000000006,26.0
mb-05260,YbMgCu4,6,68.99999999999999,21.0
mb-05261,YMgHg2,4,62.0,23.999999999999993
mb-05262,LiZr2Os,4,135.99999999999997,49.99999999999999
mb-05263,MgAl2O4,14,179.99999999999997,96.0
mb-05264,ErTaRu2,4,181.00000000000003,78.99999999999999
mb-05265,Na2Se,3,26.0,15.000000000000004
mb-05266,PrIr2,6,171.99999999999991,74.00000000000001
mb-05267,LiAg2Ge,4,64.99999999999999,20.000000000000004
mb-05268,LaMnO3,20,124.00000000000003,56.00000000000001
mb-05269,ScH2,3,96.99999999999999,63.0
mb-05270,NdAgHg2,4,63.999999999999986,16.0
mb-05271,CeMgZn2,4,47.99999999999999,34.0
mb-05272,HoCu4Au,6,101.00000000000001,32.00000000000001
mb-05273,Ti2MnNi,4,177.00000000000009,66.00000000000001
mb-05274,YbPmAg2,4,52.999999999999986,21.999999999999996
mb-05275,Be2NiRh,4,193.99999999999997,107.00000000000001
mb-05276,NdPt2,6,149.0,63.999999999999986
mb-05277,Y2AlZn,4,63.0,40.99999999999999
mb-05278,TiAlNi2,4,161.99999999999994,59.00000000000001
mb-05279,CeMgNi4,6,141.99999999999994,54.000000000000014
mb-05280,LiMg2Ag,4,46.0,27.000000000000004
mb-05281,YAgHg2,4,99.0,13.999999999999998
mb-05282,Sr(SiPd)2,5,90.00000000000003,42.00000000000001
mb-05283,Li2NdIn,4,40.99999999999999,29.999999999999996
mb-05284,Ti2ZnRe,4,165.99999999999997,62.0
mb-05285,Rb2SiF6,9,20.000000000000004,15.000000000000004
mb-05286,HoGa2,3,75.00000000000001,52.999999999999986
mb-05287,FeH,2,177.00000000000009,91.00000000000001
mb-05288,TmSnRu2,4,154.99999999999997,67.0
mb-05289,Ho2AlZn,4,70.99999999999999,39.99999999999999
mb-05290,ErN,2,170.99999999999991,132.00000000000006
mb-05291,HfMo2,6,200.00000000000003,68.00000000000001
mb-05292,MgTlRh2,4,131.00000000000006,56.00000000000001
mb-05293,AlCuPt2,4,195.99999999999994,82.0
mb-05294,MoS2,3,27.000000000000004,17.999999999999996
mb-05295,YZnAsO,8,75.00000000000001,34.0
mb-05296,KN3,8,20.000000000000004,11.000000000000002
mb-05297,Lu2NiSn6,9,64.99999999999999,38.99999999999999
mb-05298,SiNi,8,164.00000000000003,82.0
mb-05299,TbN,2,149.0,118.99999999999996
mb-05300,V2CrOs,4,265.00000000000006,124.99999999999994
mb-05301,GdAs,2,37.99999999999999,47.00000000000001
mb-05302,Ga2O3,10,154.99999999999997,68.99999999999999
mb-05303,Ti2InN,8,136.99999999999997,83.99999999999999
mb-05304,UCo2,6,230.00000000000009,85.99999999999999
mb-05305,GaS,8,16.0,10.0
mb-05306,Al2O3,10,232.00000000000009,146.99999999999997
mb-05307,AuCl,8,6.0,3.0
mb-05308,NbFeSb,3,165.99999999999997,81.0
mb-05309,Li2ZrO3,12,101.00000000000001,59.00000000000001
mb-05310,CdWO4,12,118.00000000000003,40.99999999999999
mb-05311,BaAg2SnSe4,8,29.0,12.000000000000002
mb-05312,LaPbAu2,4,95.00000000000001,20.000000000000004
mb-05313,SrHfN2,8,116.00000000000003,45.00000000000001
mb-05314,HfSiPt,12,192.00000000000003,101.00000000000001
mb-05315,Li2MnO3,12,111.99999999999997,78.99999999999999
mb-05316,TaGa3,4,106.00000000000004,79.99999999999999
mb-05317,Na3PaF8,12,39.99999999999999,20.000000000000004
mb-05318,ScCo2,6,141.99999999999994,47.99999999999999
mb-05319,PmTlAg2,4,62.0,15.000000000000004
mb-05320,CaMgGe,12,47.00000000000001,37.99999999999999
mb-05321,BiS2,12,22.999999999999996,12.000000000000002
mb-05322,ScNiGe,12,124.00000000000003,63.0
mb-05323,BaWO4,12,56.00000000000001,23.999999999999993
mb-05324,HfGePt,12,177.00000000000009,78.99999999999999
mb-05325,CaMgSi,12,49.99999999999999,39.99999999999999
mb-05326,YNbO4,12,132.00000000000006,50.999999999999986
mb-05327,CrSnRh2,4,181.99999999999994,77.99999999999999
mb-05328,SrMgSi,12,42.99999999999999,33.0
mb-05329,Pm2CuGe,4,56.00000000000001,25.000000000000007
mb-05330,LiSc2Pt,4,91.00000000000001,36.0
mb-05331,SnPt,4,126.99999999999999,42.99999999999999
mb-05332,ZnWO4,12,141.99999999999994,54.000000000000014
mb-05333,Dy2PdRu,4,103.99999999999997,38.99999999999999
mb-05334,CaSnPd,12,67.0,25.000000000000007
mb-05335,TcO2,12,256.0,111.00000000000004
mb-05336,TiP2,12,131.00000000000006,91.00000000000001
mb-05337,CuBS2,8,114.00000000000003,63.0
mb-05338,SmSe,2,73.0,27.000000000000004
mb-05339,TiMn2,12,209.99999999999991,61.000000000000014
mb-05340,YOs2,12,211.9999999999999,48.99999999999999
mb-05341,NbNO,12,237.00000000000006,109.00000000000004
mb-05342,TaFe2,12,228.00000000000009,92.99999999999999
mb-05343,SbPdSe,12,83.99999999999999,30.999999999999996
mb-05344,SnPd2,12,133.0,22.999999999999996
mb-05345,AsPd5,12,150.99999999999994,44.0
mb-05346,Sr3MnN3,14,52.999999999999986,32.00000000000001
mb-05347,BaH2,12,29.999999999999996,17.0
mb-05348,CeTe,2,52.999999999999986,10.0
mb-05349,Te2Rh,12,96.99999999999999,47.99999999999999
mb-05350,BeGeN2,16,191.00000000000006,144.00000000000003
mb-05351,Sr3IrN3,14,67.0,37.99999999999999
mb-05352,Sr3RuN3,14,62.0,35.0
mb-05353,LiRuN,12,105.00000000000004,58.00000000000001
mb-05354,MgP4,10,58.00000000000001,37.0
mb-05355,KNO3,20,17.0,7.999999999999999
mb-05356,Al8Mo3,11,140.99999999999991,103.99999999999997
mb-05357,Y2ReC2,20,124.00000000000003,74.00000000000001
mb-05358,Na4CoO3,16,46.0,18.999999999999996
mb-05359,BNF8,40,16.0,7.999999999999999
mb-05360,SrN,8,38.99999999999999,26.0
mb-05361,MoO3,32,33.0,36.0
mb-05362,LiTlPd2,4,96.0,35.0
mb-05363,CeBe13,28,111.00000000000004,118.00000000000003
mb-05364,BeF2,36,7.999999999999999,13.999999999999998
mb-05365,ZnSiP2,8,84.99999999999999,54.000000000000014
mb-05366,VB,4,273.0,232.00000000000009
mb-05367,BrF3,8,7.0,4.0
mb-05368,Tl3VSe4,8,149.0,42.00000000000001
mb-05369,HfPd3,16,179.00000000000006,84.99999999999999
mb-05370,Li2ZrN2,5,132.00000000000006,112.99999999999994
mb-05371,BaMoO4,12,56.00000000000001,22.999999999999996
mb-05372,RbSmTe2,4,26.0,16.0
mb-05373,LiAlO2,16,92.99999999999999,52.00000000000001
mb-05374,SnF2,12,13.999999999999998,7.999999999999999
mb-05375,LiCaN,12,70.00000000000001,39.99999999999999
mb-05376,YB2Ru3,6,225.0000000000001,111.99999999999997
mb-05377,Pm2CdIn,4,56.00000000000001,23.999999999999993
mb-05378,Fe3O4,14,176.00000000000006,63.999999999999986
mb-05379,Ta2VRu,4,232.00000000000009,83.99999999999999
mb-05380,Ho2MgIn,4,58.00000000000001,28.0
mb-05381,YInPt,9,101.00000000000001,34.0
mb-05382,ScZn12,13,81.0,47.99999999999999
mb-05383,GePd,8,123.00000000000003,45.00000000000001
mb-05384,BiPO4,12,68.99999999999999,38.99999999999999
mb-05385,Cu2SnHgSe4,8,52.999999999999986,20.000000000000004
mb-05386,RbYTe2,8,27.000000000000004,16.0
mb-05387,Li2CeP2,5,55.00000000000001,35.0
mb-05388,Sr3V2O7,12,131.00000000000006,76.0
mb-05389,Hf2TcRu,4,193.99999999999997,91.00000000000001
mb-05390,Sr(CoAs)2,5,70.99999999999999,33.0
mb-05391,ScRu2,12,189.99999999999994,48.99999999999999
mb-05392,Lu2CdIn,4,58.00000000000001,23.999999999999993
mb-05393,Rb2NaRhF6,10,68.00000000000001,17.0
mb-05394,CaDyHg2,4,48.99999999999999,23.999999999999993
mb-05395,KCuO,12,30.999999999999996,13.999999999999998
mb-05396,Yb(NiGe)2,5,91.00000000000001,36.0
mb-05397,CeO,2,126.00000000000001,84.99999999999999
mb-05398,Na3(CuS)4,22,39.99999999999999,18.999999999999996
mb-05399,TbNi2,6,162.99999999999994,40.99999999999999
mb-05400,LiCd2Pd,4,68.00000000000001,16.0
mb-05401,SrCuAs,6,56.00000000000001,40.99999999999999
mb-05402,Sc(MnAl2)4,13,102.99999999999996,76.0
mb-05403,HoErZn2,4,58.00000000000001,22.999999999999996
mb-05404,DySnAu2,4,88.00000000000001,17.0
mb-05405,Ac2ZnSi,4,49.99999999999999,23.999999999999993
mb-05406,NbO2F,8,101.00000000000001,52.999999999999986
mb-05407,CsNiCl3,10,15.000000000000004,7.0
mb-05408,ScTlRh2,4,141.99999999999994,61.000000000000014
mb-05409,Na2CdSnS4,8,20.000000000000004,10.0
mb-05410,Be2CoNi,4,192.00000000000003,124.99999999999994
mb-05411,Be2CuIr,4,189.00000000000006,74.00000000000001
mb-05412,TbIn3,4,50.999999999999986,27.000000000000004
mb-05413,ScSnRu2,4,170.99999999999991,78.99999999999999
mb-05414,DyMgAu2,4,83.99999999999999,17.999999999999996
mb-05415,Cu3AsS4,16,73.0,33.0
mb-05416,ZrGa,8,114.00000000000003,73.0
mb-05417,LiMnO2,8,116.00000000000003,70.00000000000001
mb-05418,ZrNbTc2,4,246.0000000000001,92.00000000000001
mb-05419,Al3Cr,4,107.00000000000001,83.00000000000001
mb-05420,Yb2CdSb2,10,33.0,21.0
mb-05421,Li2CdHg,4,22.999999999999996,23.999999999999993
mb-05422,CsCoCl3,10,15.000000000000004,6.0
mb-05423,Ca5Ag3,16,29.999999999999996,12.999999999999998
mb-05424,CuCl2,3,7.0,4.0
mb-05425,ScInNi2,4,118.00000000000003,48.99999999999999
mb-05426,TbAg2,3,74.00000000000001,28.0
mb-05427,BeNbRu2,4,231.00000000000009,70.99999999999999
mb-05428,LaAgHg2,4,68.99999999999999,20.000000000000004
mb-05429,LiZn2Pt,4,102.99999999999996,27.000000000000004
mb-05430,Yb(PRu)2,5,111.99999999999997,90.00000000000003
mb-05431,MgTa2N3,24,276.0,201.00000000000009
mb-05432,Sr3Ti2O7,12,140.00000000000006,83.00000000000001
mb-05433,ScPPt,12,149.0,68.00000000000001
mb-05434,LiScO2,8,118.99999999999996,78.99999999999999
mb-05435,CsO2,3,17.999999999999996,5.000000000000001
mb-05436,CsTiBr3,10,15.000000000000004,7.0
mb-05437,SiNi2,12,193.00000000000006,63.999999999999986
mb-05438,RbMnN2,64,114.00000000000003,37.0
mb-05439,Co(PtO2)3,10,194.99999999999991,73.0
mb-05440,Cu2O3,40,159.99999999999991,56.00000000000001
mb-05441,CsHO,6,17.0,7.999999999999999
mb-05442,ScSiPt2,8,173.00000000000003,72.00000000000001
mb-05443,ZnCN2,32,73.0,23.999999999999993
mb-05444,Mg(PtO2)3,10,189.00000000000006,72.00000000000001
mb-05445,Ti8C5,13,170.00000000000006,115.00000000000003
mb-05446,Zr2Fe12P7,21,215.9999999999999,126.99999999999999
mb-05447,KCuF3,40,75.00000000000001,28.0
mb-05448,VPd2,3,189.99999999999994,76.0
mb-05449,Mn4Al11,15,124.99999999999994,84.99999999999999
mb-05450,PdI2,12,4.0,3.0
mb-05451,Zr(CoSi)2,5,186.00000000000009,109.00000000000004
mb-05452,Sr3CrN3,14,49.99999999999999,30.999999999999996
mb-05453,Al3V,4,119.99999999999996,100.0
mb-05454,ZrVF6,8,72.00000000000001,32.00000000000001
mb-05455,Ti5Sn3,16,107.00000000000001,48.99999999999999
mb-05456,LiV2N3,24,148.00000000000003,70.00000000000001
mb-05457,SmS,2,91.00000000000001,39.99999999999999
mb-05458,UI3,8,6.0,4.0
mb-05459,BaAlGe,3,44.0,34.0
mb-05460,BaAu2,3,45.00000000000001,17.0
mb-05461,Ti3NiS6,10,72.00000000000001,46.0
mb-05462,Sc(CuSi)2,5,119.99999999999996,66.00000000000001
mb-05463,Rb2PdF6,9,17.0,7.999999999999999
mb-05464,NiSb,4,114.00000000000003,49.99999999999999
mb-05465,Hf(SiNi)2,5,174.00000000000009,76.0
mb-05466,ScSnAu,3,90.00000000000003,42.99999999999999
mb-05467,SbO2,24,96.0,55.00000000000001
mb-05468,Te2Pt,3,48.99999999999999,28.0
mb-05469,MnP4,30,136.99999999999997,115.00000000000003
mb-05470,Ca3Fe2O7,24,124.99999999999994,59.00000000000001
mb-05471,Na4P2O7,52,46.0,23.999999999999993
mb-05472,K2Cu(ClF)2,14,18.999999999999996,10.0
mb-05473,LaB4,20,173.00000000000003,152.00000000000003
mb-05474,Ca5P3O12F,42,83.00000000000001,40.99999999999999
mb-05475,CuP2,12,89.0,49.99999999999999
mb-05476,Sr2NbN3,24,70.99999999999999,37.99999999999999
mb-05477,Mg2VN3,12,127.99999999999999,54.000000000000014
mb-05478,LiAuI4,12,7.0,4.0
mb-05479,Si12Ni31,43,199.00000000000009,68.00000000000001
mb-05480,Al3Fe2Si3,64,144.00000000000003,89.0
mb-05481,Li3B7O12,44,63.0,37.0
mb-05482,NdZnSn,12,59.00000000000001,42.99999999999999
mb-05483,Zn3As2,160,52.999999999999986,25.000000000000007
mb-05484,BaSi2,24,30.999999999999996,17.999999999999996
mb-05485,Ba2Si5N8,30,168.99999999999997,98.0
mb-05486,CaMg(CO3)2,10,89.0,44.0
mb-05487,Sb2O3,20,18.999999999999996,20.000000000000004
mb-05488,Te,3,21.999999999999996,15.000000000000004
mb-05489,AlBPbO4,56,67.0,46.0
mb-05490,SrIn4Pt,12,52.999999999999986,26.0
mb-05491,Li2B4O7,52,40.99999999999999,42.00000000000001
mb-05492,Ca4ZrN4,18,86.99999999999999,40.99999999999999
mb-05493,Pb3O4,28,39.99999999999999,11.000000000000002
mb-05494,KCrF3,10,48.99999999999999,21.0
mb-05495,HfTc2W,4,243.9999999999999,118.99999999999996
mb-05496,Be2PdRh,4,197.99999999999991,100.0
mb-05497,Al2IrRu,4,219.00000000000009,124.99999999999994
mb-05498,YbTlPd2,4,82.0,12.000000000000002
mb-05499,VBrO,6,29.999999999999996,16.0
mb-05500,SbF5,24,9.0,5.000000000000001
mb-05501,ZrBi,12,83.99999999999999,46.0
mb-05502,LiScAs2O7,11,95.00000000000001,47.99999999999999
mb-05503,Mg2PN3,12,150.00000000000003,86.99999999999999
mb-05504,Al2FeIr,4,181.99999999999994,99.0
mb-05505,Sm2MgGe2,10,67.0,49.99999999999999
mb-05506,Cs2SiP2,10,21.0,11.000000000000002
mb-05507,K2NaAlAs2,12,18.999999999999996,16.0
mb-05508,GdS,2,90.00000000000003,44.0
mb-05509,CaRh2,6,123.00000000000003,48.99999999999999
mb-05510,TbCuPb,6,62.0,46.0
mb-05511,ScHCl,6,17.999999999999996,9.0
mb-05512,Ag2Se,12,58.00000000000001,12.000000000000002
mb-05513,LiCaSi2,16,48.99999999999999,36.0
mb-05514,TmZn2,6,68.99999999999999,40.99999999999999
mb-05515,LiMgAu2,4,79.99999999999999,13.999999999999998
mb-05516,ZnGaIr2,4,212.99999999999994,105.00000000000004
mb-05517,MgScAg2,4,85.99999999999999,29.0
mb-05518,CaSmHg2,4,47.99999999999999,23.999999999999993
mb-05519,CaPrZn2,4,47.99999999999999,25.000000000000007
mb-05520,Ga2Te5,7,13.999999999999998,13.999999999999998
mb-05521,LiIn2Ir,4,82.0,77.99999999999999
mb-05522,Hf2ReRh,4,150.00000000000003,92.99999999999999
mb-05523,LiTbTl2,4,47.00000000000001,17.0
mb-05524,BaBiO3,20,106.00000000000004,46.0
mb-05525,DyZn2,6,68.99999999999999,37.99999999999999
mb-05526,Ca2Bi,6,30.999999999999996,22.999999999999996
mb-05527,Ba(MgPb)2,10,32.00000000000001,18.999999999999996
mb-05528,BaCoO2,12,78.99999999999999,30.999999999999996
mb-05529,MnCoP,12,199.00000000000009,107.00000000000001
mb-05530,Pm2ZnPt,4,81.0,23.999999999999993
mb-05531,Pm2ZnRh,4,76.0,23.999999999999993
mb-05532,V5Si3,16,193.99999999999997,119.99999999999996
mb-05533,Ba9Nb10O30,49,170.00000000000006,92.99999999999999
mb-05534,TiBrN,6,33.0,17.999999999999996
mb-05535,FeGe,6,144.99999999999997,73.0
mb-05536,CaBr2,6,21.0,10.0
mb-05537,TiS3,8,18.999999999999996,11.000000000000002
mb-05538,Ce2MgGe2,10,63.999999999999986,47.00000000000001
mb-05539,TiCl3,8,5.000000000000001,3.0
mb-05540,ThSn2,6,70.00000000000001,38.99999999999999
mb-05541,NbGaRu2,4,193.00000000000006,105.00000000000004
mb-05542,LiCaSn,9,33.0,26.0
mb-05543,EuAlO3,20,175.0,105.00000000000004
mb-05544,Ti2Ag,3,105.00000000000004,40.99999999999999
mb-05545,TaW3,4,254.99999999999991,138.99999999999997
mb-05546,Be2Cr,12,182.99999999999991,158.0
mb-05547,BaLiAs,3,34.0,22.999999999999996
mb-05548,Zn2PtRh,4,193.00000000000006,63.0
mb-05549,Ce2InGe2,10,67.0,38.99999999999999
mb-05550,YInPd2,4,101.99999999999999,27.000000000000004
mb-05551,Ta2CrRu,4,257.99999999999994,93.99999999999997
mb-05552,MgSc2Al,4,64.99999999999999,42.00000000000001
mb-05553,Sm2CdIr,4,88.00000000000001,22.999999999999996
mb-05554,SmHoIn2,4,54.000000000000014,21.999999999999996
mb-05555,LiTaIr2,4,269.00000000000006,108.00000000000004
mb-05556,LiNbIr2,4,278.9999999999999,98.0
mb-05557,AcTlHg2,4,47.00000000000001,11.000000000000002
mb-05558,YInPt2,8,121.00000000000006,37.0
mb-05559,Hf2P,36,149.0,76.0
mb-05560,Sc2CoSi2,10,123.00000000000003,77.0
mb-05561,CeHSe,6,73.0,50.999999999999986
mb-05562,LiClO4,24,27.000000000000004,13.999999999999998
mb-05563,Ti3Pt,8,165.99999999999997,58.00000000000001
mb-05564,Ti2Bi,6,72.00000000000001,21.999999999999996
mb-05565,Sm2In,6,45.00000000000001,18.999999999999996
mb-05566,SrAg2,6,40.99999999999999,17.0
mb-05567,BaGe,4,30.999999999999996,17.999999999999996
mb-05568,NdZn2,6,61.000000000000014,22.999999999999996
mb-05569,Ag,1,88.00000000000001,22.999999999999996
mb-05570,Al,1,83.00000000000001,23.999999999999993
mb-05571,As,2,39.99999999999999,28.0
mb-05572,Au,1,136.99999999999997,15.000000000000004
mb-05573,Be,2,122.00000000000004,159.99999999999991
mb-05574,Bi,2,29.0,12.999999999999998
mb-05575,Ca,1,17.0,7.999999999999999
mb-05576,CaCd3O4,8,136.99999999999997,48.99999999999999
mb-05577,Cd,2,42.00000000000001,16.0
mb-05578,Ce,1,37.0,36.0
mb-05579,Co,2,211.9999999999999,105.00000000000004
mb-05580,Cr,1,259.00000000000006,128.99999999999994
mb-05581,DyAgSb2,8,63.0,32.00000000000001
mb-05582,Fe,1,181.99999999999994,74.00000000000001
mb-05583,FeTe2,6,93.99999999999997,74.00000000000001
mb-05584,Ga,4,49.99999999999999,35.0
mb-05585,Ge,2,59.00000000000001,45.00000000000001
mb-05586,Hf,2,108.00000000000004,56.00000000000001
mb-05587,Hf(MnSn)6,13,112.99999999999994,72.00000000000001
mb-05588,Ho,2,42.99999999999999,28.0
mb-05589,InBr,4,12.999999999999998,6.0
mb-05590,Ir,1,346.0000000000001,217.00000000000003
mb-05591,Li,1,13.999999999999998,4.0
mb-05592,LiYbPb,9,27.000000000000004,23.999999999999993
mb-05593,Mo,1,261.9999999999999,124.00000000000003
mb-05594,Ni,1,197.99999999999991,95.00000000000001
mb-05595,Os,2,400.9999999999999,259.00000000000006
mb-05596,Pb,1,37.0,12.999999999999998
mb-05597,Pd,1,159.99999999999991,42.99999999999999
mb-05598,Pt,1,247.00000000000003,48.99999999999999
mb-05599,Rh,1,253.00000000000003,144.99999999999997
mb-05600,Ru,2,308.00000000000006,193.00000000000006
mb-05601,Sb,2,36.0,23.999999999999993
mb-05602,Sc,2,52.00000000000001,29.999999999999996
mb-05603,Si,2,83.00000000000001,61.000000000000014
mb-05604,Sn,2,37.99999999999999,21.0
mb-05605,Sr,1,12.000000000000002,7.0
mb-05606,Ta,1,193.99999999999997,62.0
mb-05607,Tc,2,300.0000000000001,141.99999999999994
mb-05608,V,1,179.00000000000006,29.999999999999996
mb-05609,W,12,304.0000000000001,146.99999999999997
mb-05610,Y,2,40.99999999999999,26.0
mb-05611,Zr,2,93.99999999999997,34.0
mb-05612,Rb2SiAs2,10,26.0,11.000000000000002
mb-05613,YAgTe2,8,40.99999999999999,20.000000000000004
mb-05614,Rb3Au7,10,54.000000000000014,16.0
mb-05615,La3(TaN3)2,11,167.0,86.99999999999999
mb-05616,Tb2Ti2S2O5,11,138.0,60.0
mb-05617,KAuF4,12,29.999999999999996,7.999999999999999
mb-05618,NaCdSb,12,29.999999999999996,16.0
mb-05619,KZrCuSe3,12,22.999999999999996,17.999999999999996
mb-05620,K3As,8,13.999999999999998,7.999999999999999
mb-05621,CdHgO2,4,77.0,13.999999999999998
mb-05622,PrInAg2,4,70.99999999999999,21.0
mb-05623,DyRh2,6,158.0,60.0
mb-05624,LiGa2Pt,4,98.0,26.0
mb-05625,YInAu2,4,89.0,21.999999999999996
mb-05626,NdMgZn2,4,57.00000000000001,32.00000000000001
mb-05627,ErNbRu2,4,179.99999999999997,70.99999999999999
mb-05628,Yb2ZnGa,4,34.0,21.999999999999996
mb-05629,HoAs,2,74.00000000000001,52.999999999999986
mb-05630,LiAc2Ga,4,34.0,21.0
mb-05631,HfW2,6,223.0,93.99999999999997
mb-05632,SrSe,2,40.99999999999999,27.000000000000004
mb-05633,HoTmZn2,4,59.00000000000001,32.00000000000001
mb-05634,Ca2MgTl,4,26.0,15.000000000000004
mb-05635,Ti2ZnN,8,149.0,100.0
mb-05636,Li2MgPb,4,30.999999999999996,20.000000000000004
mb-05637,HfScOs2,4,201.00000000000009,92.99999999999999
mb-05638,CeSe,2,55.00000000000001,45.00000000000001
mb-05639,Sc2CuIr,4,124.99999999999994,42.99999999999999
mb-05640,Pm2GeAu,4,84.99999999999999,21.0
mb-05641,ScSnPd2,4,124.00000000000003,32.00000000000001
mb-05642,BeSiRu2,4,223.0,123.00000000000003
mb-05643,CsCuSe4,24,12.000000000000002,7.999999999999999
mb-05644,PmAgHg2,4,68.99999999999999,17.0
mb-05645,Yb2CuRh,4,59.00000000000001,21.999999999999996
mb-05646,TbCdAg2,4,66.00000000000001,7.999999999999999
mb-05647,KF,2,29.0,17.0
mb-05648,Pm2SiPd,4,75.00000000000001,20.000000000000004
mb-05649,SmCdHg2,4,61.000000000000014,18.999999999999996
mb-05650,Ti2TcPt,4,202.00000000000006,76.0
mb-05651,PrH2,3,77.0,38.99999999999999
mb-05652,Cu,1,144.99999999999997,50.999999999999986
mb-05653,TaFeRu2,4,236.00000000000009,105.00000000000004
mb-05654,Ac2SiHg,4,48.99999999999999,17.999999999999996
mb-05655,Zn3Ir,4,144.99999999999997,52.999999999999986
mb-05656,CeCdAu2,4,77.0,16.0
mb-05657,PbAu2,6,76.0,37.0
mb-05658,ThN,2,179.00000000000006,88.00000000000001
mb-05659,Sr2BiAu,4,35.0,21.0
mb-05660,Sc4C3,14,111.99999999999997,66.00000000000001
mb-05661,Ti2ReIr,4,236.00000000000009,117.00000000000001
mb-05662,LuInCu2,4,96.0,37.0
mb-05663,Th2BiTe,4,78.99999999999999,46.0
mb-05664,TaAlFe2,4,222.0000000000001,136.99999999999997
mb-05665,Pm2HgGe,4,68.00000000000001,21.0
mb-05666,LiTb2Ir,4,83.99999999999999,34.0
mb-05667,Sm2IrRh,4,108.00000000000004,27.000000000000004
mb-05668,ThMgZn2,4,63.999999999999986,26.0
mb-05669,Pm2SnAu,4,75.00000000000001,17.999999999999996
mb-05670,Ta2NbRu,4,225.0000000000001,92.00000000000001
mb-05671,NbInRu2,4,207.99999999999997,95.00000000000001
mb-05672,TmCu4Ag,6,109.00000000000004,29.0
mb-05673,ErH2,3,86.99999999999999,52.999999999999986
mb-05674,Pr2SnHg,4,57.00000000000001,18.999999999999996
mb-05675,LiMg2Hg,4,40.99999999999999,21.999999999999996
mb-05676,PaAu3,4,126.00000000000001,20.000000000000004
mb-05677,Be2IrPt,4,239.99999999999994,124.99999999999994
mb-05678,NdHoIn2,4,56.00000000000001,21.999999999999996
mb-05679,MnAlIr2,4,231.00000000000009,102.99999999999996
mb-05680,PrMgNi4,6,126.00000000000001,47.00000000000001
mb-05681,YH2,3,68.99999999999999,58.00000000000001
mb-05682,LaIr2,6,241.9999999999999,61.000000000000014
mb-05683,V3Sn,8,162.99999999999994,21.999999999999996
mb-05684,Yb2HgPb,4,38.99999999999999,29.0
mb-05685,MgNbRu2,4,228.00000000000009,78.99999999999999
mb-05686,LiIn2Rh,4,83.00000000000001,47.99999999999999
mb-05687,MgGaNi2,4,124.00000000000003,35.0
mb-05688,LiSmHg2,4,52.00000000000001,12.999999999999998
mb-05689,MgSnRh2,4,149.0,54.000000000000014
mb-05690,HoP,2,88.00000000000001,62.0
mb-05691,Gd2MgTl,4,62.0,18.999999999999996
mb-05692,ZnSiRh2,4,182.99999999999991,60.0
mb-05693,YbO,2,127.99999999999999,89.0
mb-05694,Li2AcIn,4,33.0,17.0
mb-05695,HfInPd2,4,144.99999999999997,29.999999999999996
mb-05696,KZnF3,5,68.99999999999999,34.0
mb-05697,Sc2CuRu,4,118.00000000000003,47.00000000000001
mb-05698,Ac2NiGe,4,55.00000000000001,13.999999999999998
mb-05699,NaSmO2,8,88.00000000000001,48.99999999999999
mb-05700,Sc2PdRu,4,128.99999999999994,54.000000000000014
mb-05701,Dy2AlZn,4,63.0,38.99999999999999
mb-05702,LuTaOs2,4,225.99999999999991,96.0
mb-05703,NaBr,2,27.000000000000004,12.000000000000002
mb-05704,ThCdRh2,4,122.00000000000004,15.000000000000004
mb-05705,PaTiTc2,4,160.99999999999994,48.99999999999999
mb-05706,ZnCuPd2,4,146.00000000000003,52.00000000000001
mb-05707,TaH2,3,225.99999999999991,63.999999999999986
mb-05708,Sm2AgHg,4,58.00000000000001,18.999999999999996
mb-05709,CaTe,2,36.0,23.999999999999993
mb-05710,Be2RuPt,4,223.0,103.99999999999997
mb-05711,K3IO,5,17.999999999999996,12.999999999999998
mb-05712,TiMnCo2,4,173.00000000000003,77.99999999999999
mb-05713,ZrZnNi4,6,167.0,70.99999999999999
mb-05714,U2Ti,3,130.00000000000006,118.99999999999996
mb-05715,PrN,2,133.0,90.00000000000003
mb-05716,Sc2GaOs,4,124.99999999999994,47.00000000000001
mb-05717,Al2CoIr,4,197.99999999999991,93.99999999999997
mb-05718,LiCa2Cd,4,16.0,10.0
mb-05719,TePb,2,39.99999999999999,23.999999999999993
mb-05720,Li2CdPd,4,52.00000000000001,12.999999999999998
mb-05721,YbDyHg2,4,52.00000000000001,25.000000000000007
mb-05722,CaO,2,105.00000000000004,74.00000000000001
mb-05723,ZrBe5,6,126.00000000000001,111.00000000000004
mb-05724,GdB6,7,170.99999999999991,91.00000000000001
mb-05725,ErSe,2,82.0,23.999999999999993
mb-05726,MnSnPd2,4,133.0,28.0
mb-05727,YbPrZn2,4,46.0,28.0
mb-05728,SmErHg2,4,60.0,17.999999999999996
mb-05729,LiHfPd2,4,117.00000000000001,21.0
mb-05730,Sm2ZnIr,4,85.99999999999999,32.00000000000001
mb-05731,GaCuS2,8,75.00000000000001,36.0
mb-05732,HoErAg2,4,68.99999999999999,32.00000000000001
mb-05733,Ce2CdPt2,10,89.0,30.999999999999996
mb-05734,Hf2FeOs,4,195.99999999999994,93.99999999999997
mb-05735,LuP,2,91.00000000000001,64.99999999999999
mb-05736,Lu2CdAg,4,68.00000000000001,21.0
mb-05737,Sr2CdPb,4,58.00000000000001,11.000000000000002
mb-05738,Nb3Sb,8,174.00000000000009,82.0
mb-05739,HgF2,3,88.00000000000001,15.000000000000004
mb-05740,CdAs2,6,33.0,17.999999999999996
mb-05741,Nd2CdIn,4,48.99999999999999,22.999999999999996
mb-05742,ZrZnCu2,4,122.00000000000004,42.99999999999999
mb-05743,NdSe,2,73.0,27.000000000000004
mb-05744,LiCdPd2,4,90.00000000000003,21.0
mb-05745,PaSnAu2,4,106.00000000000004,15.000000000000004
mb-05746,Li2NdTl,4,37.99999999999999,29.0
mb-05747,Ac2CuGe,4,44.0,16.0
mb-05748,Ti2MnRu,4,188.00000000000009,79.99999999999999
mb-05749,VGaFe2,4,225.0000000000001,122.00000000000004
mb-05750,DyCu5,6,107.00000000000001,18.999999999999996
mb-05751,CaLaHg2,4,33.0,29.0
mb-05752,Ti2TcRu,4,205.99999999999994,93.99999999999997
mb-05753,Be2CuPt,4,170.99999999999991,57.00000000000001
mb-05754,TiNbTc2,4,222.0000000000001,96.0
mb-05755,Li2CaSi,4,36.0,28.0
mb-05756,NaLi2Sb,4,29.0,22.999999999999996
mb-05757,AlFeRh2,4,193.00000000000006,37.99999999999999
mb-05758,YErIn2,4,62.0,20.000000000000004
mb-05759,Pm2PtAu,4,90.00000000000003,22.999999999999996
mb-05760,Hf2MoIr,4,191.00000000000006,81.0
mb-05761,LaInAg2,4,96.0,34.0
mb-05762,TmGaRh2,4,144.99999999999997,57.00000000000001
mb-05763,Li2PmPb,4,39.99999999999999,23.999999999999993
mb-05764,BeCrRu2,4,269.00000000000006,101.00000000000001
mb-05765,PbF2,3,70.00000000000001,21.999999999999996
mb-05766,LaPd3,4,122.00000000000004,42.00000000000001
mb-05767,CaCdHg2,4,47.99999999999999,10.0
mb-05768,LiZn2Pd,4,86.99999999999999,20.000000000000004
mb-05769,LaMgNi4,6,106.00000000000004,42.99999999999999
mb-05770,Pm2AgSn,4,62.0,21.0
mb-05771,NbSiTc2,4,240.99999999999997,86.99999999999999
mb-05772,Sc2CuTc,4,111.99999999999997,47.99999999999999
mb-05773,HoZnRh2,4,132.00000000000006,47.00000000000001
mb-05774,Hf2OsRh,4,202.00000000000006,46.0
mb-05775,Sr3AsN,5,57.00000000000001,39.99999999999999
mb-05776,Ti2TcPd,4,179.00000000000006,63.999999999999986
mb-05777,Be2CoPt,4,207.00000000000003,111.00000000000004
mb-05778,AlCuAu2,4,128.99999999999994,28.0
mb-05779,YbThPt2,4,109.99999999999997,28.0
mb-05780,Pr2TlCd,4,50.999999999999986,17.0
mb-05781,TiInCo2,4,158.99999999999994,68.00000000000001
mb-05782,V2CrRe,4,250.99999999999991,111.99999999999997
mb-05783,Ti2MoPt,4,193.00000000000006,89.0
mb-05784,LuAl2,6,82.0,61.000000000000014
mb-05785,PaAs,2,108.00000000000004,54.000000000000014
mb-05786,AcPbAu2,4,74.00000000000001,16.0
mb-05787,SmH2,3,73.0,45.00000000000001
mb-05788,Be2CoIr,4,217.9999999999999,111.00000000000004
mb-05789,ZrH2,3,130.00000000000006,29.0
mb-05790,CaSmCd2,4,42.00000000000001,22.999999999999996
mb-05791,LiYHg2,4,77.99999999999999,12.999999999999998
mb-05792,Yb2ZnPb,4,39.99999999999999,29.0
mb-05793,ReSi,8,246.0000000000001,92.99999999999999
mb-05794,HfCo2,6,156.0,74.00000000000001
mb-05795,HoS,2,98.0,37.99999999999999
mb-05796,PuTe,2,70.99999999999999,27.000000000000004
mb-05797,ScGaRh2,4,160.99999999999994,77.99999999999999
mb-05798,NaF,2,47.99999999999999,29.999999999999996
mb-05799,LiAlCu2,4,88.00000000000001,39.99999999999999
mb-05800,PrB6,7,174.00000000000009,115.00000000000003
mb-05801,SmMg3,4,35.0,27.000000000000004
mb-05802,LiGa2Ru,4,131.00000000000006,52.999999999999986
mb-05803,BeFe2Si,4,223.0,122.00000000000004
mb-05804,LiSiPd2,4,138.0,37.0
mb-05805,NpN,2,144.99999999999997,79.99999999999999
mb-05806,TiMn2Al,4,156.99999999999994,84.99999999999999
mb-05807,TiAlRu2,4,209.0000000000001,85.99999999999999
mb-05808,CaMgTl2,4,37.99999999999999,16.0
mb-05809,TiGaCo2,4,184.99999999999997,74.00000000000001
mb-05810,ScSb,2,64.99999999999999,35.0
mb-05811,Sc2OsPt,4,154.99999999999997,70.00000000000001
mb-05812,LuNbRu2,4,183.99999999999997,77.99999999999999
mb-05813,MgSiIr2,4,214.00000000000006,88.00000000000001
mb-05814,MnInPd2,4,126.99999999999999,28.0
mb-05815,TbPmRh2,4,105.00000000000004,26.0
mb-05816,SmInAg2,4,70.00000000000001,22.999999999999996
mb-05817,Sc2AlZn,4,76.0,46.0
mb-05818,Yb2SbAu,4,47.99999999999999,29.999999999999996
mb-05819,CaSmZn2,4,42.00000000000001,25.000000000000007
mb-05820,LiBe2Ir,4,136.99999999999997,66.00000000000001
mb-05821,NbZnCo2,4,184.99999999999997,56.00000000000001
mb-05822,ErIr2,6,197.0,91.00000000000001
mb-05823,DyAs,2,76.0,52.00000000000001
mb-05824,AlSiRu2,4,236.00000000000009,111.99999999999997
mb-05825,HfAlNi2,4,164.00000000000003,48.99999999999999
mb-05826,TbGaRh2,4,149.0,38.99999999999999
mb-05827,TbLuHg2,4,66.00000000000001,21.0
mb-05828,Dy2TlCd,4,56.00000000000001,26.0
mb-05829,LiInAu2,4,56.00000000000001,29.0
mb-05830,NdInAu2,4,76.0,13.999999999999998
mb-05831,Dy2MgTl,4,54.000000000000014,21.999999999999996
mb-05832,PmCdHg2,4,60.0,20.000000000000004
mb-05833,Ac2SnHg,4,45.00000000000001,15.000000000000004
mb-05834,Tm2AgHg,4,73.0,25.000000000000007
mb-05835,LiSc2Au,4,73.0,40.99999999999999
mb-05836,MnZnIr2,4,223.99999999999997,79.99999999999999
mb-05837,YMgZn2,4,59.00000000000001,35.0
mb-05838,DyInAg2,4,74.00000000000001,21.999999999999996
mb-05839,BeVCo2,4,193.00000000000006,57.00000000000001
mb-05840,Fe3Si,4,211.9999999999999,92.99999999999999
mb-05841,TiGaFe2,4,189.99999999999994,100.0
mb-05842,LiY2Ru,4,72.00000000000001,29.0
mb-05843,Zn3Rh,4,127.99999999999999,46.0
mb-05844,HfCdRh2,4,162.99999999999994,58.00000000000001
mb-05845,TcF6,7,37.99999999999999,4.0
mb-05846,LiTiRh2,4,154.0,62.0
mb-05847,MgZrPd2,4,118.99999999999996,35.0
mb-05848,Ta2FeMo,4,217.9999999999999,98.0
mb-05849,HoCu4Pd,6,126.99999999999999,38.99999999999999
mb-05850,DyYZn2,4,60.0,27.000000000000004
mb-05851,K2O,3,27.000000000000004,12.000000000000002
mb-05852,AcGaTe2,4,42.99999999999999,15.000000000000004
mb-05853,CrSiRu2,4,240.99999999999997,128.99999999999994
mb-05854,TbIr2,6,186.00000000000009,89.0
mb-05855,NaAcTl2,4,35.0,12.000000000000002
mb-05856,ScTaRu2,4,204.99999999999994,101.00000000000001
mb-05857,Ti2MnCo,4,181.00000000000003,83.99999999999999
mb-05858,Pm2TlCd,4,52.00000000000001,18.999999999999996
mb-05859,DyZnRh2,4,128.99999999999994,42.00000000000001
mb-05860,Sr(SnAs)2,5,33.0,29.0
mb-05861,AlZnIr2,4,220.99999999999994,109.00000000000004
mb-05862,AlVRu2,4,235.0,123.00000000000003
mb-05863,LiRh2Pb,4,130.00000000000006,75.00000000000001
mb-05864,K2Te,3,27.000000000000004,9.0
mb-05865,Sc2NiPt,4,124.99999999999994,46.0
mb-05866,Al2NiRu,4,179.00000000000006,86.99999999999999
mb-05867,TaNbTc2,4,194.99999999999991,108.00000000000004
mb-05868,LaMgZn2,4,47.99999999999999,29.0
mb-05869,Sc2AgAu,4,92.99999999999999,26.0
mb-05870,YMg3,4,39.99999999999999,18.999999999999996
mb-05871,MnV2Os,4,265.00000000000006,115.00000000000003
mb-05872,Li2CaSn,4,21.0,25.000000000000007
mb-05873,Mg2Pb,3,35.0,20.000000000000004
mb-05874,Zn2AgAu,4,101.99999999999999,26.0
mb-05875,LuCdRh2,4,144.00000000000003,49.99999999999999
mb-05876,EuPd2,6,85.99999999999999,37.0
mb-05877,Li2MgTl,4,29.0,13.999999999999998
mb-05878,V2ReRu,4,249.99999999999994,124.00000000000003
mb-05879,PaTlAu2,4,109.00000000000004,25.000000000000007
mb-05880,NdIr2,6,179.99999999999997,77.0
mb-05881,ThC,2,138.99999999999997,73.0
mb-05882,SmSb,2,57.00000000000001,33.0
mb-05883,Sc2IrRu,4,156.99999999999994,68.99999999999999
mb-05884,LiAl2Pt,4,126.99999999999999,54.000000000000014
mb-05885,TlBr,2,17.999999999999996,7.0
mb-05886,VZnRu2,4,228.00000000000009,81.0
mb-05887,Li2YbSi,4,42.00000000000001,34.0
mb-05888,Li2TlBi,4,32.00000000000001,22.999999999999996
mb-05889,Ti2TcNi,4,177.00000000000009,72.00000000000001
mb-05890,UN2,3,249.99999999999994,98.0
mb-05891,PaSiTc2,4,205.99999999999994,39.99999999999999
mb-05892,PmAgAu2,4,81.0,7.0
mb-05893,Sc2AgHg,4,77.99999999999999,32.00000000000001
mb-05894,Zr3Hg,8,103.99999999999997,58.00000000000001
mb-05895,BaTlHg2,4,27.000000000000004,7.999999999999999
mb-05896,LiMgPd2,4,78.99999999999999,34.0
mb-05897,PrAs,2,67.0,44.0
mb-05898,Ac2GePd,4,58.00000000000001,17.0
mb-05899,ThCd2,3,64.99999999999999,36.0
mb-05900,Pm2CdSi,4,63.999999999999986,21.0
mb-05901,YbSmPt2,4,92.99999999999999,33.0
mb-05902,Ga2Pt,3,114.00000000000003,21.999999999999996
mb-05903,MnCo2Si,4,219.00000000000009,107.00000000000001
mb-05904,Na3OsN2,24,40.99999999999999,21.0
mb-05905,LiCa2Ga,4,15.000000000000004,16.0
mb-05906,TmInCu4,6,99.0,55.00000000000001
mb-05907,Mn2VGa,4,187.00000000000003,83.00000000000001
mb-05908,YPaRu2,4,131.00000000000006,44.0
mb-05909,Al2CdTe4,7,26.0,16.0
mb-05910,CeAs,2,61.000000000000014,42.99999999999999
mb-05911,GdSe,2,90.00000000000003,37.0
mb-05912,PdF4,10,35.0,17.0
mb-05913,HfBeRh2,4,212.99999999999994,66.00000000000001
mb-05914,LiTbHg2,4,52.00000000000001,13.999999999999998
mb-05915,ScS,2,101.00000000000001,50.999999999999986
mb-05916,BeAlRh2,4,199.00000000000009,103.99999999999997
mb-05917,TmCdRh2,4,135.99999999999997,47.99999999999999
mb-05918,Sr2HgPb,4,55.00000000000001,32.00000000000001
mb-05919,Ti2CoTc,4,193.99999999999997,93.99999999999997
mb-05920,Hg4Pt,5,59.00000000000001,28.0
mb-05921,Yb2AgPb,4,39.99999999999999,12.999999999999998
mb-05922,TiFe2Ge,4,215.00000000000003,126.99999999999999
mb-05923,HfN,2,266.00000000000006,156.0
mb-05924,Yb2TlCd,4,34.0,12.999999999999998
mb-05925,TiTc2W,4,263.0000000000001,127.99999999999999
mb-05926,YMgAg2,4,63.0,13.999999999999998
mb-05927,Tl3VS4,8,25.000000000000007,7.0
mb-05928,Li2YbPb,4,29.0,25.000000000000007
mb-05929,Be2NiIr,4,215.9999999999999,114.00000000000003
mb-05930,Y2ZnIr,4,93.99999999999997,36.0
mb-05931,HfZrTc2,4,140.99999999999991,67.0
mb-05932,HoCdCu4,6,109.00000000000004,49.99999999999999
mb-05933,Ti3Sb,8,119.99999999999996,25.000000000000007
mb-05934,LiNi2Ge,4,133.0,37.0
mb-05935,TaAlOs2,4,272.0,143.00000000000003
mb-05936,MgInPd2,4,109.00000000000004,35.0
mb-05937,HoCu5,6,121.00000000000006,23.999999999999993
mb-05938,Mn3Ge,4,189.99999999999994,84.99999999999999
mb-05939,Sm2TlHg,4,59.00000000000001,20.000000000000004
mb-05940,ScBe5,6,108.00000000000004,103.99999999999997
mb-05941,LuSnRu2,4,161.99999999999994,68.99999999999999
mb-05942,LiZrAu2,4,101.99999999999999,11.000000000000002
mb-05943,Pm2ZnOs,4,92.99999999999999,29.0
mb-05944,Pm2SnPd,4,68.99999999999999,15.000000000000004
mb-05945,Mg2PdAu,4,88.00000000000001,37.0
mb-05946,YHoAg2,4,70.00000000000001,29.999999999999996
mb-05947,LiZn,4,42.00000000000001,25.000000000000007
mb-05948,TbS,2,96.0,37.99999999999999
mb-05949,KAcTe2,4,37.0,18.999999999999996
mb-05950,MnAlRu2,4,217.9999999999999,126.99999999999999
mb-05951,Y2CuRu,4,92.99999999999999,37.0
mb-05952,TiZnCo2,4,189.99999999999994,89.0
mb-05953,TiVRe2,4,254.99999999999991,115.00000000000003
mb-05954,Be2RuAu,4,209.0000000000001,85.99999999999999
mb-05955,TmLuIn2,4,62.0,16.0
mb-05956,VTc2Ge,4,238.99999999999991,90.00000000000003
mb-05957,LiY2Al,4,49.99999999999999,33.0
mb-05958,PaZnRu2,4,170.99999999999991,32.00000000000001
mb-05959,Sc2CuAu,4,100.0,34.0
mb-05960,YbGaRh2,4,127.99999999999999,48.99999999999999
mb-05961,PrMgCd2,4,52.00000000000001,23.999999999999993
mb-05962,Li3Sb,4,37.99999999999999,27.000000000000004
mb-05963,Hf2Cu,3,123.00000000000003,58.00000000000001
mb-05964,LiMg2Pd,4,45.00000000000001,28.0
mb-05965,SmDyIn2,4,57.00000000000001,21.999999999999996
mb-05966,NbZnRu2,4,217.9999999999999,77.0
mb-05967,KTl2Bi,4,22.999999999999996,6.0
mb-05968,ZrCdAu2,4,149.0,25.000000000000007
mb-05969,CaLaMg2,4,29.999999999999996,16.0
mb-05970,ScMnRh2,4,150.99999999999994,62.0
mb-05971,YHoZn2,4,62.0,26.0
mb-05972,Pm2MgTl,4,45.00000000000001,20.000000000000004
mb-05973,YGaRh2,4,124.00000000000003,50.999999999999986
mb-05974,SrF2,3,64.99999999999999,32.00000000000001
mb-05975,SmInAu2,4,83.00000000000001,15.000000000000004
mb-05976,Sc2NiRu,4,124.00000000000003,57.00000000000001
mb-05977,LuZrRu2,4,156.99999999999994,70.99999999999999
mb-05978,YbHfIr2,4,158.99999999999994,46.0
mb-05979,MgZrRh2,4,149.0,67.0
mb-05980,DyHoIn2,4,60.0,21.0
mb-05981,ThSnAu2,4,101.99999999999999,17.999999999999996
mb-05982,Pm2CuPt,4,92.99999999999999,27.000000000000004
mb-05983,Al2RuPt,4,201.00000000000009,96.99999999999999
mb-05984,LiSiNi2,4,149.0,42.99999999999999
mb-05985,SmCu4Ag,6,96.99999999999999,33.0
mb-05986,ZrCdCu2,4,115.00000000000003,50.999999999999986
mb-05987,Li2LaIn,4,56.00000000000001,29.0
mb-05988,MnZnRh2,4,168.0,60.0
mb-05989,ScNbRu2,4,194.99999999999991,91.00000000000001
mb-05990,YMgCu4,6,92.00000000000001,42.99999999999999
mb-05991,ThInAu2,4,102.99999999999996,18.999999999999996
mb-05992,LuHfRu2,4,162.99999999999994,75.00000000000001
mb-05993,YbTl2Cd,4,36.0,15.000000000000004
mb-05994,SmP,2,78.99999999999999,54.000000000000014
mb-05995,YbNdAg2,4,50.999999999999986,21.0
mb-05996,LaRh2,6,135.0,44.0
mb-05997,ScInCu2,4,95.00000000000001,40.99999999999999
mb-05998,LiSmTl2,4,39.99999999999999,12.000000000000002
mb-05999,LiZn2Ir,4,114.00000000000003,39.99999999999999
mb-06000,FeCo2Ge,4,168.0,70.99999999999999
mb-06001,DySe,2,82.0,29.999999999999996
mb-06002,ErGaRh2,4,153.00000000000003,49.99999999999999
mb-06003,Y2ZnRu,4,86.99999999999999,30.999999999999996
mb-06004,TbSe,2,77.0,27.000000000000004
mb-06005,Tm2AgRu,4,96.99999999999999,37.99999999999999
mb-06006,TmCdPd2,4,101.99999999999999,23.999999999999993
mb-06007,CeTlAu2,4,66.00000000000001,18.999999999999996
mb-06008,LiPr2Os,4,70.00000000000001,21.999999999999996
mb-06009,La2TlHg,4,73.0,32.00000000000001
mb-06010,TlCl,2,20.000000000000004,6.0
mb-06011,Mg2AgRh,4,89.0,23.999999999999993
mb-06012,Lu2AgRu,4,101.00000000000001,36.0
mb-06013,LiAl2Ir,4,135.0,55.00000000000001
mb-06014,HoRh2,6,158.0,60.0
mb-06015,CeCd2,3,50.999999999999986,29.999999999999996
mb-06016,LiVRh2,4,179.00000000000006,82.0
mb-06017,PuO2,3,191.00000000000006,76.0
mb-06018,MgGaPd2,4,132.00000000000006,34.0
mb-06019,HoCdAu2,4,86.99999999999999,23.999999999999993
mb-06020,LiAc2Ge,4,37.0,21.0
mb-06021,Ti2FeIr,4,191.00000000000006,72.00000000000001
mb-06022,TmSe,2,79.99999999999999,21.999999999999996
mb-06023,MgInRh2,4,79.99999999999999,63.0
mb-06024,BaO,2,68.00000000000001,37.99999999999999
mb-06025,Li3Hg,4,26.0,11.000000000000002
mb-06026,SrO,2,86.99999999999999,56.00000000000001
mb-06027,Hg2Pt2O7,22,193.00000000000006,70.99999999999999
mb-06028,Al2Au,3,105.00000000000004,33.0
mb-06029,TaTiRe2,4,263.0000000000001,117.00000000000001
mb-06030,ThAs,2,101.99999999999999,46.0
mb-06031,CsF,2,21.0,10.0
mb-06032,AcTlAu2,4,59.00000000000001,1.0
mb-06033,LiGeRh2,4,174.00000000000009,85.99999999999999
mb-06034,EuF2,3,66.00000000000001,29.0
mb-06035,Er2ZnRu,4,91.00000000000001,34.0
mb-06036,KNa2Sb,4,20.000000000000004,12.000000000000002
mb-06037,CaS,2,57.00000000000001,38.99999999999999
mb-06038,LuFe2,6,83.00000000000001,49.99999999999999
mb-06039,YN,2,159.99999999999991,121.00000000000006
mb-06040,HgSe,2,40.99999999999999,12.999999999999998
mb-06041,LiMgTl2,4,34.0,11.000000000000002
mb-06042,Mn2AlW,4,236.00000000000009,126.99999999999999
mb-06043,LiNd2Os,4,73.0,22.999999999999996
mb-06044,CaPmCd2,4,42.00000000000001,17.999999999999996
mb-06045,Hf2Pd,3,136.99999999999997,55.00000000000001
mb-06046,SrIr2,6,225.99999999999991,33.0
mb-06047,HfSnRu2,4,202.00000000000006,109.00000000000004
mb-06048,YbNbRu2,4,164.00000000000003,63.999999999999986
mb-06049,LiNdHg2,4,47.00000000000001,4.0
mb-06050,Pm2AgGe,4,68.00000000000001,23.999999999999993
mb-06051,Ti2AlTc,4,158.0,60.0
mb-06052,LiPm2Ru,4,67.0,21.999999999999996
mb-06053,Pm2MgSi,4,55.00000000000001,21.999999999999996
mb-06054,ScGaRu2,4,171.99999999999991,67.0
mb-06055,CaPmPd2,4,68.99999999999999,26.0
mb-06056,MnAu2,3,124.00000000000003,29.999999999999996
mb-06057,PmCdRh2,4,111.00000000000004,40.99999999999999
mb-06058,MnBe2Rh,4,176.00000000000006,89.0
mb-06059,Nd2AgHg,4,55.00000000000001,13.999999999999998
mb-06060,Ta2ReMo,4,290.0,128.99999999999994
mb-06061,Er2MgAl,4,58.00000000000001,36.0
mb-06062,LiCo2Si,4,168.99999999999997,115.00000000000003
mb-06063,MnSnRu2,4,265.00000000000006,112.99999999999994
mb-06064,YbTaRu2,4,179.00000000000006,70.00000000000001
mb-06065,NaPrTl2,4,37.0,17.0
mb-06066,ScTiRu2,4,237.99999999999994,78.99999999999999
mb-06067,UO2,24,200.00000000000003,89.0
mb-06068,LiSc2Os,4,96.99999999999999,39.99999999999999
mb-06069,TbSb,2,56.00000000000001,35.0
mb-06070,LiIn2Pt,4,77.99999999999999,27.000000000000004
mb-06071,Pm2GePd,4,78.99999999999999,18.999999999999996
mb-06072,CaPmPt2,4,89.0,34.0
mb-06073,SmTmHg2,4,63.999999999999986,17.999999999999996
mb-06074,LiGa,4,34.0,29.0
mb-06075,DyTe,2,63.0,18.999999999999996
mb-06076,Pm2SiAg,4,67.0,26.0
mb-06077,LaPrIn2,4,55.00000000000001,21.999999999999996
mb-06078,TiCo2Si,4,201.00000000000009,85.99999999999999
mb-06079,Ca6Ag16N,46,63.999999999999986,22.999999999999996
mb-06080,LuN,2,179.00000000000006,144.99999999999997
mb-06081,V3Sb,8,178.00000000000003,78.99999999999999
mb-06082,YSe,2,85.99999999999999,17.0
mb-06083,Dy2CuOs,4,103.99999999999997,42.99999999999999
mb-06084,Ca2MgIn,4,29.999999999999996,18.999999999999996
mb-06085,SmRh2,6,140.00000000000006,55.00000000000001
mb-06086,TiZnAu2,4,135.0,26.0
mb-06087,MgNi2Sn,4,114.00000000000003,45.00000000000001
mb-06088,ThSe,2,98.0,25.000000000000007
mb-06089,UNi5,6,207.00000000000003,91.00000000000001
mb-06090,MgZnRh2,4,146.99999999999997,62.0
mb-06091,HoMgHg2,4,63.0,25.000000000000007
mb-06092,TiInCu2,4,119.99999999999996,46.0
mb-06093,VGaRu2,4,238.99999999999991,111.99999999999997
mb-06094,Sc2ZnGa,4,77.99999999999999,46.0
mb-06095,CeO2,3,177.00000000000009,72.00000000000001
mb-06096,Hf2MoRh,4,174.00000000000009,77.99999999999999
mb-06097,Mg2TlPb,4,114.00000000000003,33.0
mb-06098,MgSc2Tl,4,55.00000000000001,22.999999999999996
mb-06099,Na2Te,3,10.0,15.000000000000004
mb-06100,YInRh2,4,174.00000000000009,59.00000000000001
mb-06101,LaInHg2,4,52.999999999999986,7.999999999999999
mb-06102,BaTe,2,26.0,16.0
mb-06103,RbF,2,23.999999999999993,13.999999999999998
mb-06104,Be2IrPd,4,215.9999999999999,111.99999999999997
mb-06105,CdInRh2,4,140.00000000000006,33.0
mb-06106,TaCr2,6,241.9999999999999,83.00000000000001
mb-06107,LiY2Os,4,84.99999999999999,36.0
mb-06108,AcH3,4,68.00000000000001,29.999999999999996
mb-06109,YbLuRh2,4,101.99999999999999,42.00000000000001
mb-06110,Ti2IrW,4,191.00000000000006,90.00000000000003
mb-06111,Li2S,3,39.99999999999999,33.0
mb-06112,ZrAl2,12,112.99999999999994,86.99999999999999
mb-06113,KBr,2,21.999999999999996,7.0
mb-06114,MgInCu4,6,96.99999999999999,23.999999999999993
mb-06115,NaTmTl2,4,37.99999999999999,25.000000000000007
mb-06116,CaMg2N2,5,101.00000000000001,73.0
mb-06117,ZrCo2Sn,4,153.00000000000003,72.00000000000001
mb-06118,TaTiOs2,4,268.00000000000006,101.00000000000001
mb-06119,TiBeRh2,4,204.0,93.99999999999997
mb-06120,VCu3S4,8,38.99999999999999,25.000000000000007
mb-06121,Nd2MgIn,4,40.99999999999999,22.999999999999996
mb-06122,TiSnRu2,4,202.00000000000006,108.00000000000004
mb-06123,YbScRh2,4,109.00000000000004,42.00000000000001
mb-06124,Sr2TlCd,4,50.999999999999986,21.0
mb-06125,Tm2MgTl,4,56.00000000000001,17.999999999999996
mb-06126,MnCo2Ge,4,194.99999999999991,89.0
mb-06127,MnCuPd2,4,150.00000000000003,37.0
mb-06128,Zr2CoOs,4,144.00000000000003,68.00000000000001
mb-06129,RbAlO2,8,92.00000000000001,42.99999999999999
mb-06130,Gd,2,37.0,23.999999999999993
mb-06131,CeBi,2,40.99999999999999,26.0
mb-06132,TaCuRh2,4,223.99999999999997,50.999999999999986
mb-06133,Pm2ZnPb,4,61.000000000000014,17.999999999999996
mb-06134,Be2PtRh,4,215.9999999999999,114.00000000000003
mb-06135,AcSnAu2,4,73.0,12.000000000000002
mb-06136,TaAlCo2,4,203.00000000000003,98.0
mb-06137,NaPmHg2,4,42.00000000000001,12.999999999999998
mb-06138,MnSiRu2,4,245.00000000000009,123.00000000000003
mb-06139,MnSiTc2,4,254.0,99.0
mb-06140,Lu2ZnAg,4,86.99999999999999,29.999999999999996
mb-06141,Er2MgGe2,10,79.99999999999999,57.00000000000001
mb-06142,LuNi2,6,109.00000000000004,44.0
mb-06143,TiMn2V,4,192.00000000000003,82.0
mb-06144,LuSbRu2,4,156.99999999999994,83.99999999999999
mb-06145,Be2CuRh,4,177.00000000000009,70.99999999999999
mb-06146,V2MoOs,4,240.99999999999997,124.00000000000003
mb-06147,BaO2,3,67.0,35.0
mb-06148,LiSnPd2,4,109.00000000000004,29.0
mb-06149,Zr2CoTc,4,164.00000000000003,68.99999999999999
mb-06150,V2CrTc,4,237.00000000000006,101.00000000000001
mb-06151,HoNbRu2,4,177.00000000000009,68.00000000000001
mb-06152,TiBe2Ir,4,191.00000000000006,70.00000000000001
mb-06153,CeH2,3,67.0,32.00000000000001
mb-06154,ErCdPd2,4,101.99999999999999,26.0
mb-06155,Pm2InHg,4,59.00000000000001,17.0
mb-06156,YMgRh2,4,109.99999999999997,47.99999999999999
mb-06157,Yb2SnHg,4,38.99999999999999,30.999999999999996
mb-06158,PrSnAu2,4,76.0,17.0
mb-06159,Yb2CdGe,4,33.0,30.999999999999996
mb-06160,HfMgIr2,4,184.99999999999997,99.0
mb-06161,Ti2RePd,4,192.00000000000003,73.0
mb-06162,Pm2CdSn,4,62.0,20.000000000000004
mb-06163,LuTaRu2,4,171.99999999999991,86.99999999999999
mb-06164,LiAl,4,49.99999999999999,39.99999999999999
mb-06165,SmTe,2,58.00000000000001,18.999999999999996
mb-06166,HfMgPd2,4,126.99999999999999,37.99999999999999
mb-06167,ScCdRh2,4,138.99999999999997,48.99999999999999
mb-06168,In2Pt,3,95.00000000000001,29.999999999999996
mb-06169,MnFe2Si,4,232.99999999999994,96.99999999999999
mb-06170,CuSnRh2,4,177.00000000000009,64.99999999999999
mb-06171,HfZnCu2,4,133.0,42.99999999999999
mb-06172,LiYTl2,4,44.0,30.999999999999996
mb-06173,CaPrCd2,4,42.99999999999999,21.0
mb-06174,ScAlAg2,4,96.99999999999999,25.000000000000007
mb-06175,HoTe,2,64.99999999999999,18.999999999999996
mb-06176,Ta2OsW,4,272.0,133.0
mb-06177,YCdHg2,4,61.000000000000014,18.999999999999996
mb-06178,Sc2ZnRu,4,109.00000000000004,34.0
mb-06179,V3Mo,4,189.00000000000006,39.99999999999999
mb-06180,DySb,2,59.00000000000001,36.0
mb-06181,TaZnRu2,4,225.99999999999991,83.99999999999999
mb-06182,Sr5(SiN3)2,26,79.99999999999999,37.99999999999999
mb-06183,LiAl2Rh,4,118.99999999999996,57.00000000000001
mb-06184,LiPm2Ga,4,44.0,25.000000000000007
mb-06185,BeVOs2,4,280.0000000000001,111.99999999999997
mb-06186,ScSe,2,81.0,37.0
mb-06187,DyPaTc2,4,121.00000000000006,42.00000000000001
mb-06188,TbCd2,3,56.00000000000001,32.00000000000001
mb-06189,PmAlAg2,4,75.00000000000001,12.999999999999998
mb-06190,YbErPd2,4,77.99999999999999,21.999999999999996
mb-06191,PrMgZn2,4,50.999999999999986,30.999999999999996
mb-06192,TbAs,2,77.0,52.00000000000001
mb-06193,TaV2,6,201.00000000000009,38.99999999999999
mb-06194,Ac2SiAu,4,62.0,16.0
mb-06195,MnBe2Pt,4,168.0,45.00000000000001
mb-06196,GdC2,3,106.00000000000004,40.99999999999999
mb-06197,Na2O,3,46.0,29.999999999999996
mb-06198,PrMg3,4,36.0,29.0
mb-06199,V3Ru,4,225.0000000000001,92.00000000000001
mb-06200,CeCdNi4,6,141.99999999999994,54.000000000000014
mb-06201,Li2O,3,77.99999999999999,70.00000000000001
mb-06202,CeSb,2,48.99999999999999,27.000000000000004
mb-06203,LiPm2Rh,4,62.0,21.0
mb-06204,Sm2AgIr,4,88.00000000000001,26.0
mb-06205,LiPmHg2,4,52.999999999999986,11.000000000000002
mb-06206,PmCdPt2,4,108.00000000000004,15.000000000000004
mb-06207,TbPt2,6,156.99999999999994,72.00000000000001
mb-06208,Sc2TlCd,4,63.999999999999986,21.999999999999996
mb-06209,LiSnRh2,4,156.0,77.99999999999999
mb-06210,ErRh2,6,144.00000000000003,61.000000000000014
mb-06211,NdP,2,77.0,50.999999999999986
mb-06212,DyP,2,83.99999999999999,60.0
mb-06213,Sc2CdIn,4,67.0,30.999999999999996
mb-06214,Er2CdIn,4,57.00000000000001,28.0
mb-06215,Yb2AgPt,4,58.00000000000001,25.000000000000007
mb-06216,PrRh2,6,131.00000000000006,49.99999999999999
mb-06217,TiFe2Sn,4,181.00000000000003,106.00000000000004
mb-06218,TiBe2,6,124.00000000000003,106.00000000000004
mb-06219,Pr2HgPb,4,52.999999999999986,17.999999999999996
mb-06220,MgScRh2,4,127.99999999999999,58.00000000000001
mb-06221,RbCl,2,15.000000000000004,7.999999999999999
mb-06222,EuIr2,6,146.99999999999997,63.0
mb-06223,CaF2,3,77.0,37.99999999999999
mb-06224,Zn(CrSe2)2,14,68.99999999999999,30.999999999999996
mb-06225,PrBi,2,47.99999999999999,28.0
mb-06226,Ta2VOs,4,247.00000000000003,96.99999999999999
mb-06227,YbNdHg2,4,47.00000000000001,21.999999999999996
mb-06228,TiZnNi2,4,168.99999999999997,49.99999999999999
mb-06229,YS,2,126.99999999999999,44.0
mb-06230,Ac2HgGe,4,49.99999999999999,13.999999999999998
mb-06231,Sc2RuAu,4,99.0,29.999999999999996
mb-06232,Li3Bi,4,28.0,21.0
mb-06233,PmMgHg2,4,57.00000000000001,22.999999999999996
mb-06234,HfTc2Sb,4,204.0,92.00000000000001
mb-06235,LiSbRh2,4,162.99999999999994,45.00000000000001
mb-06236,YbPmAu2,4,68.00000000000001,23.999999999999993
mb-06237,Li2AgAu,4,55.00000000000001,15.000000000000004
mb-06238,ScCdAg2,4,78.99999999999999,25.000000000000007
mb-06239,Ac2CuSn,4,42.99999999999999,12.000000000000002
mb-06240,LiSc2Rh,4,84.99999999999999,29.0
mb-06241,PaAlAu2,4,124.00000000000003,21.999999999999996
mb-06242,VSiOs2,4,277.99999999999994,126.00000000000001
mb-06243,NdPbAu2,4,73.0,17.0
mb-06244,Sc2GaRu,4,112.99999999999994,37.99999999999999
mb-06245,Gd2MgIn,4,33.0,20.000000000000004
mb-06246,NbCr2,6,228.00000000000009,63.999999999999986
mb-06247,Hf2ReIr,4,215.9999999999999,105.00000000000004
mb-06248,Er2MgIn,4,58.00000000000001,28.0
mb-06249,Hf2FeIr,4,188.00000000000009,64.99999999999999
mb-06250,LiSiRh2,4,158.99999999999994,100.0
mb-06251,CeS,2,86.99999999999999,52.00000000000001
mb-06252,TiZnRh2,4,193.00000000000006,83.00000000000001
mb-06253,Pm2NiIr,4,115.00000000000003,30.999999999999996
mb-06254,YbSnAu2,4,70.99999999999999,11.000000000000002
mb-06255,ScAlNi2,4,133.0,56.00000000000001
mb-06256,LiF,2,70.00000000000001,50.999999999999986
mb-06257,Yb,1,15.000000000000004,9.0
mb-06258,Lu2CoRu,4,119.99999999999996,55.00000000000001
mb-06259,HoCu4Ag,6,111.00000000000004,29.0
mb-06260,TiMnRh2,4,182.99999999999991,72.00000000000001
mb-06261,Sc2ZnIr,4,118.99999999999996,44.0
mb-06262,SrPt2,6,118.00000000000003,49.99999999999999
mb-06263,YbIr2,6,165.99999999999997,55.00000000000001
mb-06264,ScN,2,200.00000000000003,156.0
mb-06265,MgInAg2,4,45.00000000000001,52.00000000000001
mb-06266,Ti2Rh,3,156.99999999999994,82.0
mb-06267,TiGeRu2,4,225.99999999999991,116.00000000000003
mb-06268,MnO,4,143.00000000000003,64.99999999999999
mb-06269,DyMgHg2,4,60.0,25.000000000000007
mb-06270,RbBr,2,13.999999999999998,6.0
mb-06271,PrInAu2,4,76.0,12.999999999999998
mb-06272,Pm2ZnHg,4,58.00000000000001,20.000000000000004
mb-06273,ZrBr3,8,5.000000000000001,4.0
mb-06274,VGaTc2,4,228.99999999999997,74.00000000000001
mb-06275,LiBePt2,4,165.0,81.0
mb-06276,La2Hf2O7,22,165.0,89.0
mb-06277,DyIr2,6,191.00000000000006,89.0
mb-06278,HfAlCo2,4,171.99999999999991,89.0
mb-06279,Be2NiPt,4,207.99999999999997,64.99999999999999
mb-06280,K2S,3,18.999999999999996,10.0
mb-06281,YBi,2,54.000000000000014,29.999999999999996
mb-06282,YSb,2,46.0,29.0
mb-06283,YbS,2,63.0,45.00000000000001
mb-06284,LiGa2Rh,4,124.99999999999994,28.0
mb-06285,BeGaRh2,4,203.00000000000003,99.0
mb-06286,YbPmPt2,4,93.99999999999997,32.00000000000001
mb-06287,LaP,2,82.0,44.0
mb-06288,MgTiRh2,4,162.99999999999994,77.0
mb-06289,VFe3,4,193.00000000000006,90.00000000000003
mb-06290,TmRh2,6,156.99999999999994,61.000000000000014
mb-06291,Sc2NiOs,4,140.99999999999991,63.999999999999986
mb-06292,SrCl2,3,34.0,12.999999999999998
mb-06293,AlFe2W,4,232.00000000000009,63.999999999999986
mb-06294,TmTaRu2,4,179.99999999999997,77.99999999999999
mb-06295,FeNiPt2,4,209.99999999999991,92.99999999999999
mb-06296,TmAs,2,79.99999999999999,55.00000000000001
mb-06297,BaPt2,6,102.99999999999996,37.99999999999999
mb-06298,Sm2TlCd,4,55.00000000000001,18.999999999999996
mb-06299,LiScAu2,4,82.0,7.0
mb-06300,YbMgTl2,4,37.99999999999999,21.0
mb-06301,YbSbPd2,4,91.00000000000001,27.000000000000004
mb-06302,AgCl,2,42.99999999999999,7.0
mb-06303,ScAlIr2,4,193.99999999999997,107.00000000000001
mb-06304,Dy2ZnGa,4,63.0,38.99999999999999
mb-06305,BeVRu2,4,237.99999999999994,85.99999999999999
mb-06306,TaTiTc2,4,228.99999999999997,101.00000000000001
mb-06307,Pm2IrAu,4,102.99999999999996,28.0
mb-06308,LiZnPd2,4,108.00000000000004,46.0
mb-06309,Ta3Sb,8,184.99999999999997,83.99999999999999
mb-06310,YPt2,6,161.99999999999994,73.0
mb-06311,SrTlHg2,4,102.99999999999996,12.000000000000002
mb-06312,TiAlFe2,4,184.99999999999997,105.00000000000004
mb-06313,Yb2BiAu,4,44.0,26.0
mb-06314,GaSb,2,45.00000000000001,29.999999999999996
mb-06315,BaPd2,6,70.99999999999999,25.000000000000007
mb-06316,SmDyHg2,4,60.0,15.000000000000004
mb-06317,CaPt2,6,132.00000000000006,59.00000000000001
mb-06318,YbPrAg2,4,46.0,21.0
mb-06319,Ca2BiAu,4,42.99999999999999,25.000000000000007
mb-06320,PaNi2Sn,4,140.99999999999991,38.99999999999999
mb-06321,Sn2Ir,3,109.99999999999997,36.0
mb-06322,PrP,2,74.00000000000001,48.99999999999999
mb-06323,LiRu2W,4,226.9999999999999,84.99999999999999
mb-06324,Ac2ZnGe,4,46.0,22.999999999999996
mb-06325,SrRh2,6,126.00000000000001,34.0
mb-06326,LiHf2Os,4,146.99999999999997,54.000000000000014
mb-06327,GdSb,2,40.99999999999999,33.0
mb-06328,Mg2AgPt,4,91.00000000000001,32.00000000000001
mb-06329,NaPrHg2,4,40.99999999999999,13.999999999999998
mb-06330,ErS,2,107.00000000000001,37.99999999999999
mb-06331,Ti2NiMo,4,170.99999999999991,78.99999999999999
mb-06332,Al2Cu,3,100.0,47.00000000000001
mb-06333,DyS,2,98.0,37.99999999999999
mb-06334,YbSmRh2,4,91.00000000000001,29.999999999999996
mb-06335,LiHf2Re,4,135.99999999999997,47.99999999999999
mb-06336,PrCd3,4,58.00000000000001,21.999999999999996
mb-06337,MgZrAu2,4,117.00000000000001,32.00000000000001
mb-06338,TiGaRu2,4,210.99999999999997,84.99999999999999
mb-06339,YP,2,100.0,59.00000000000001
mb-06340,Sc2OsPd,4,138.0,61.000000000000014
mb-06341,Mn2VSi,4,238.99999999999991,127.99999999999999
mb-06342,NdSmHg2,4,57.00000000000001,13.999999999999998
mb-06343,LiTaRh2,4,192.00000000000003,63.999999999999986
mb-06344,NaCaAs,3,35.0,22.999999999999996
mb-06345,YCdAu2,4,88.00000000000001,21.999999999999996
mb-06346,TiReTc2,4,273.0,123.00000000000003
mb-06347,LiCa2Tl,4,63.999999999999986,17.999999999999996
mb-06348,HfGaRu2,4,195.99999999999994,76.0
mb-06349,AcYbCd2,4,40.99999999999999,17.999999999999996
mb-06350,HgS,2,49.99999999999999,15.000000000000004
mb-06351,MnSnRh2,4,170.99999999999991,37.0
mb-06352,NaAcTe2,4,39.99999999999999,12.000000000000002
mb-06353,NbAlCo2,4,192.00000000000003,90.00000000000003
mb-06354,Dy2MgAl,4,50.999999999999986,35.0
mb-06355,Hf2CoTc,4,170.00000000000006,82.0
mb-06356,LaH3,4,92.00000000000001,27.000000000000004
mb-06357,TlI,2,12.000000000000002,5.000000000000001
mb-06358,SmYIn2,4,61.000000000000014,21.999999999999996
mb-06359,LiTiIr2,4,193.00000000000006,78.99999999999999
mb-06360,YbCdAg2,4,44.0,15.000000000000004
mb-06361,LiGa2Ni,4,86.99999999999999,26.0
mb-06362,NaAc2Sn,4,33.0,9.0
mb-06363,TbSnAu2,4,88.00000000000001,18.999999999999996
mb-06364,Zr2OsRu,4,193.00000000000006,85.99999999999999
mb-06365,NaHoTl2,4,35.0,23.999999999999993
mb-06366,LiScTl2,4,39.99999999999999,21.999999999999996
mb-06367,Ho2InAg,4,63.0,23.999999999999993
mb-06368,TiTc2Sb,4,211.9999999999999,92.99999999999999
mb-06369,LiPrHg2,4,48.99999999999999,7.0
mb-06370,CoSi2,3,177.00000000000009,63.999999999999986
mb-06371,ScNi2Sn,4,127.99999999999999,50.999999999999986
mb-06372,VNi3,4,212.99999999999994,101.00000000000001
mb-06373,Y2Pb2O7,22,140.99999999999991,70.99999999999999
mb-06374,AcH2,3,55.00000000000001,29.999999999999996
mb-06375,Ti2Cd,3,91.00000000000001,33.0
mb-06376,VSiTc2,4,257.00000000000006,101.99999999999999
mb-06377,BeSiNi2,4,197.99999999999991,61.000000000000014
mb-06378,ScAlCu2,4,108.00000000000004,45.00000000000001
mb-06379,NbCu3Se4,8,33.0,21.999999999999996
mb-06380,TlCdRh2,4,138.0,50.999999999999986
mb-06381,NaInTe2,8,28.0,12.999999999999998
mb-06382,DyCdHg2,4,63.999999999999986,18.999999999999996
mb-06383,PmSmHg2,4,57.00000000000001,15.000000000000004
mb-06384,Ti2ReRh,4,215.00000000000003,101.00000000000001
mb-06385,Sc2ZnOs,4,121.00000000000006,46.0
mb-06386,Pm2ZnSi,4,67.0,29.0
mb-06387,HoTaRu2,4,182.99999999999991,76.0
mb-06388,MnNbRu2,4,219.99999999999997,88.00000000000001
mb-06389,YbNdRh2,4,88.00000000000001,27.000000000000004
mb-06390,NaSmAu2,4,59.00000000000001,17.0
mb-06391,TiCr2,6,199.00000000000009,75.00000000000001
mb-06392,LiTaRu2,4,178.00000000000003,66.00000000000001
mb-06393,MgZrIr2,4,178.00000000000003,78.99999999999999
mb-06394,BeVFe2,4,222.0000000000001,109.99999999999997
mb-06395,SmTlAg2,4,59.00000000000001,15.000000000000004
mb-06396,PaN,2,226.9999999999999,93.99999999999997
mb-06397,Li3VS4,8,12.999999999999998,7.0
mb-06398,CaInCu4,6,86.99999999999999,37.0
mb-06399,CeSnAu2,4,79.99999999999999,33.0
mb-06400,Nb3Ru,4,201.00000000000009,93.99999999999997
mb-06401,Y(MnAl2)4,13,101.00000000000001,76.0
mb-06402,Li2AcTl,4,33.0,12.999999999999998
mb-06403,LiAl2Pd,4,103.99999999999997,47.00000000000001
mb-06404,Mg2Sn,3,40.99999999999999,26.0
mb-06405,BaHg2Pb,4,34.0,10.0
mb-06406,TaZnCo2,4,200.00000000000003,75.00000000000001
mb-06407,Yb2CdIn,4,34.0,12.999999999999998
mb-06408,PuZn2,6,44.0,33.0
mb-06409,AcMgCd2,4,42.00000000000001,15.000000000000004
mb-06410,TmBi,2,55.00000000000001,32.00000000000001
mb-06411,Ga2Au,3,73.0,12.000000000000002
mb-06412,Lu2IrRu,4,136.99999999999997,61.000000000000014
mb-06413,NaAcHg2,4,37.99999999999999,10.0
mb-06414,Nb3Ir,8,223.0,103.99999999999997
mb-06415,ZrGeRu2,4,212.99999999999994,89.0
mb-06416,PmDyHg2,4,56.00000000000001,7.999999999999999
mb-06417,LiPm2Si,4,56.00000000000001,30.999999999999996
mb-06418,V2TcRu,4,254.99999999999991,111.99999999999997
mb-06419,NaH,2,21.999999999999996,18.999999999999996
mb-06420,Ca2CdSn,4,28.0,27.000000000000004
mb-06421,ThSnRu2,4,135.99999999999997,52.00000000000001
mb-06422,Ta3Ru,4,266.00000000000006,84.99999999999999
mb-06423,Ac2CdSn,4,47.00000000000001,15.000000000000004
mb-06424,TmS,2,102.99999999999996,45.00000000000001
mb-06425,Ag3AuS2,6,39.99999999999999,2.0
mb-06426,Sr2CdSn,4,45.00000000000001,21.999999999999996
mb-06427,Re3N,4,360.99999999999983,197.99999999999991
mb-06428,CePmZn2,4,35.0,23.999999999999993
mb-06429,CeZn2,6,52.999999999999986,26.0
mb-06430,NaSmHg2,4,42.99999999999999,15.000000000000004
mb-06431,V2CrRu,4,242.99999999999997,106.00000000000004
mb-06432,PrS,2,82.0,32.00000000000001
mb-06433,HfFe2,6,161.99999999999994,82.0
mb-06434,Hf2MnIr,4,195.99999999999994,86.99999999999999
mb-06435,Pm2SiHg,4,64.99999999999999,21.0
mb-06436,LiCrO2,4,148.00000000000003,83.00000000000001
mb-06437,Sc(Al2Fe)4,13,126.00000000000001,84.99999999999999
mb-06438,NaMgTl2,4,23.999999999999993,12.999999999999998
mb-06439,YbSnRh2,4,127.99999999999999,56.00000000000001
mb-06440,Sm2IrRu,4,126.00000000000001,40.99999999999999
mb-06441,LiHfIr2,4,171.99999999999991,67.0
mb-06442,MnBe2Ir,4,219.99999999999997,108.00000000000004
mb-06443,Hf2CoRe,4,188.00000000000009,88.00000000000001
mb-06444,Mg2AgAu,4,73.0,30.999999999999996
mb-06445,Ac2SiPd,4,58.00000000000001,17.999999999999996
mb-06446,SF6,7,6.0,2.0
mb-06447,YbIn3,4,34.0,21.0
mb-06448,GdCd2,3,45.00000000000001,27.000000000000004
mb-06449,PrRu2,6,143.00000000000003,11.000000000000002
mb-06450,YbPt2,6,135.99999999999997,60.0
mb-06451,LiY2Rh,4,63.0,29.0
mb-06452,TaBeRu2,4,220.99999999999994,83.00000000000001
mb-06453,ZrCdRh2,4,154.0,58.00000000000001
mb-06454,LiH,2,37.0,42.99999999999999
mb-06455,NdMgHg2,4,55.00000000000001,21.999999999999996
mb-06456,YGa2,3,73.0,55.00000000000001
mb-06457,LiCd,4,35.0,15.000000000000004
mb-06458,LaTe,2,37.0,17.0
mb-06459,LiZrRh2,4,138.0,46.0
mb-06460,SrLi2Sn,4,32.00000000000001,21.0
mb-06461,Hf3Zn3N,112,134.00000000000003,83.00000000000001
mb-06462,MgS,2,74.00000000000001,52.00000000000001
mb-06463,ErMgHg2,4,63.0,25.000000000000007
mb-06464,MgZnAu2,4,99.0,20.000000000000004
mb-06465,Li2YbSn,4,34.0,29.999999999999996
mb-06466,TmInNi4,6,149.0,58.00000000000001
mb-06467,MnSiRh2,4,207.99999999999997,25.000000000000007
mb-06468,Yb2HgGe,4,33.0,34.0
mb-06469,LiMg2Pt,4,72.00000000000001,30.999999999999996
mb-06470,ScInRh2,4,148.00000000000003,73.0
mb-06471,Pm2MgAl,4,49.99999999999999,29.0
mb-06472,LiCo2Ge,4,152.00000000000003,93.99999999999997
mb-06473,PaPbAu2,4,48.99999999999999,17.0
mb-06474,CaPmHg2,4,48.99999999999999,18.999999999999996
mb-06475,Nd2MgAl,4,48.99999999999999,27.000000000000004
mb-06476,BeSiIr2,4,343.9999999999999,123.00000000000003
mb-06477,YMgAu2,4,83.99999999999999,18.999999999999996
mb-06478,Sc2AgOs,4,124.00000000000003,46.0
mb-06479,YbPbAu2,4,68.99999999999999,12.999999999999998
mb-06480,NaAg2,6,67.0,21.0
mb-06481,ScFe2,6,127.99999999999999,64.99999999999999
mb-06482,LiCa2Al,4,29.0,18.999999999999996
mb-06483,AlVOs2,4,273.0,140.00000000000006
mb-06484,TbTlAg2,4,66.00000000000001,11.000000000000002
mb-06485,TiSiRu2,4,242.99999999999997,130.00000000000006
mb-06486,LiZn2Rh,4,100.0,33.0
mb-06487,Ac2IrAu,4,79.99999999999999,11.000000000000002
mb-06488,ScVRu2,4,194.99999999999991,89.0
mb-06489,Sc2ZnPt,4,107.00000000000001,40.99999999999999
mb-06490,Pm2IrRu,4,124.99999999999994,37.99999999999999
mb-06491,AlFeCo2,4,188.00000000000009,98.0
mb-06492,Ho2CdIn,4,55.00000000000001,29.0
mb-06493,Cd2PtRh,4,136.99999999999997,42.99999999999999
mb-06494,MnAlCo2,4,192.00000000000003,103.99999999999997
mb-06495,Ac2IrPd,4,77.0,18.999999999999996
mb-06496,BeRu2W,4,270.00000000000006,118.99999999999996
mb-06497,ScTaOs2,4,235.0,122.00000000000004
mb-06498,MgScPd2,4,96.99999999999999,30.999999999999996
mb-06499,CaSi2,6,61.000000000000014,39.99999999999999
mb-06500,PmSnAu2,4,83.99999999999999,17.999999999999996
mb-06501,TbMgRh2,4,114.00000000000003,47.00000000000001
mb-06502,Hf2MnRh,4,167.0,77.99999999999999
mb-06503,LiGa2Ir,4,126.00000000000001,42.99999999999999
mb-06504,Yb2TlPb,4,30.999999999999996,11.000000000000002
mb-06505,NpAs,2,75.00000000000001,32.00000000000001
mb-06506,HfCo2Sn,4,164.00000000000003,77.99999999999999
mb-06507,Ti3AlC,5,153.00000000000003,101.00000000000001
mb-06508,Sr4As2O,7,49.99999999999999,34.0
mb-06509,Ho2TlCd,4,58.00000000000001,23.999999999999993
mb-06510,Pm2CdGe,4,60.0,18.999999999999996
mb-06511,LiZn2Ni,4,85.99999999999999,35.0
mb-06512,Y2Pd2Pb,10,82.0,29.0
mb-06513,ZrTc2W,4,197.99999999999991,109.00000000000004
mb-06514,HoSb,2,63.0,36.0
mb-06515,TmN,2,179.99999999999997,135.0
mb-06516,HfNbTc2,4,215.9999999999999,92.00000000000001
mb-06517,Zr3Au,8,118.00000000000003,52.00000000000001
mb-06518,YIr2,6,195.99999999999994,88.00000000000001
mb-06519,Sc2ZnAu,4,90.00000000000003,42.00000000000001
mb-06520,LiYb2Rh,4,42.00000000000001,18.999999999999996
mb-06521,LaYbCd2,4,37.99999999999999,20.000000000000004
mb-06522,SmMgHg2,4,56.00000000000001,22.999999999999996
mb-06523,HfAlPd2,4,162.99999999999994,26.0
mb-06524,MnCo2Sn,4,168.0,77.99999999999999
mb-06525,Mn2CrCo,4,154.0,96.99999999999999
mb-06526,LiBePd2,4,123.00000000000003,59.00000000000001
mb-06527,AcF3,4,119.99999999999996,33.0
mb-06528,CsCl,2,12.000000000000002,6.0
mb-06529,HfAlCu2,4,134.00000000000003,52.00000000000001
mb-06530,MgSc2Cd,4,59.00000000000001,32.00000000000001
mb-06531,MgAlAg2,4,77.99999999999999,22.999999999999996
mb-06532,Zr2TcPd,4,156.0,54.000000000000014
mb-06533,Ti2MoIr,4,209.99999999999991,89.0
mb-06534,Sc2AgRu,4,111.99999999999997,37.99999999999999
mb-06535,Sr2SnHg,4,42.00000000000001,23.999999999999993
mb-06536,LiGaRh2,4,150.00000000000003,64.99999999999999
mb-06537,TaTiMn2,4,217.00000000000003,89.0
mb-06538,Nb3Os,8,223.0,91.00000000000001
mb-06539,Yb2MgIn,4,30.999999999999996,17.0
mb-06540,CsAlO2,8,92.99999999999999,47.99999999999999
mb-06541,ErPaRu2,4,152.00000000000003,20.000000000000004
mb-06542,SmBi,2,52.00000000000001,29.0
mb-06543,TiSiTc2,4,228.99999999999997,85.99999999999999
mb-06544,NaPt2,6,124.00000000000003,68.00000000000001
mb-06545,Li2AgPd,4,56.00000000000001,15.000000000000004
mb-06546,HoAgHg2,4,68.99999999999999,13.999999999999998
mb-06547,TbYbHg2,4,49.99999999999999,23.999999999999993
mb-06548,TiMn2W,4,242.99999999999997,119.99999999999996
mb-06549,ScAlRh2,4,162.99999999999994,83.99999999999999
mb-06550,Pm2PdRu,4,99.0,27.000000000000004
mb-06551,Sc2CoRu,4,132.00000000000006,60.0
mb-06552,ZnGaRh2,4,193.99999999999997,81.0
mb-06553,NdH2,3,73.0,40.99999999999999
mb-06554,LiPm2Pt,4,68.00000000000001,17.999999999999996
mb-06555,Sm2MgAl,4,49.99999999999999,30.999999999999996
mb-06556,Nb2RuW,4,200.00000000000003,112.99999999999994
mb-06557,ScCdHg2,4,67.0,16.0
mb-06558,LiGaAu2,4,70.99999999999999,20.000000000000004
mb-06559,Ti2TcIr,4,225.99999999999991,116.00000000000003
mb-06560,CaMgHg2,4,39.99999999999999,16.0
mb-06561,AcTlTe2,4,39.99999999999999,18.999999999999996
mb-06562,ThGe,2,78.99999999999999,40.99999999999999
mb-06563,YbPrCd2,4,45.00000000000001,21.0
mb-06564,TiCuSi,12,148.00000000000003,77.0
mb-06565,Sc2InNi2,10,101.00000000000001,44.0
mb-06566,HoNbO4,12,149.0,59.00000000000001
mb-06567,MnV2Cr,4,231.00000000000009,99.0
mb-06568,Mn2AlCr,4,193.99999999999997,101.99999999999999
mb-06569,LiSm2Ir,4,76.0,28.0
mb-06570,BaMg2FeH8,12,54.000000000000014,38.99999999999999
mb-06571,La(CoAs)2,5,66.00000000000001,34.0
mb-06572,Ti2CrIr,4,189.99999999999994,78.99999999999999
mb-06573,Ti2MnFe,4,179.99999999999997,77.99999999999999
mb-06574,K2Zr(BO3)2,11,74.00000000000001,37.0
mb-06575,YNiSn,12,91.00000000000001,42.00000000000001
mb-06576,ZrCoSn,9,138.0,66.00000000000001
mb-06577,Ca3Al7Ag2,12,63.0,39.99999999999999
mb-06578,NaHgPd2,4,82.0,17.999999999999996
mb-06579,BaPAu,6,57.00000000000001,32.00000000000001
mb-06580,K2NaTlF6,10,35.0,29.0
mb-06581,Zr2SN2,10,158.99999999999994,68.00000000000001
mb-06582,HoSF,6,102.99999999999996,57.00000000000001
mb-06583,TiAlCo2,4,178.00000000000003,90.00000000000003
mb-06584,UB2Os3,48,296.99999999999994,135.99999999999997
mb-06585,Th(SiTc)2,5,143.00000000000003,35.0
mb-06586,LiY2Ir,4,77.0,34.0
mb-06587,Cs2LiInBr6,10,16.0,9.0
mb-06588,K(CoAs)2,5,44.0,29.0
mb-06589,Sm(PRu)2,5,138.99999999999997,95.00000000000001
mb-06590,Cs2TlInBr6,10,20.000000000000004,9.0
mb-06591,CsNaS,6,13.999999999999998,10.0
mb-06592,K2PdCl4,7,12.999999999999998,7.0
mb-06593,Zr2SbP,8,112.99999999999994,66.00000000000001
mb-06594,Y2Re2Si2C,7,149.0,70.99999999999999
mb-06595,MgPPt5,7,197.99999999999991,75.00000000000001
mb-06596,Ca(ZnSb)2,5,44.0,18.999999999999996
mb-06597,SrAl9Co2,12,83.00000000000001,60.0
mb-06598,TbMgCd2,4,52.999999999999986,25.000000000000007
mb-06599,LiBC,6,153.00000000000003,134.00000000000003
mb-06600,Cs2HfF6,9,20.000000000000004,9.0
mb-06601,CdSiAs2,8,59.00000000000001,30.999999999999996
mb-06602,Gd2ReO5,32,130.00000000000006,58.00000000000001
mb-06603,Ca(PRu)2,5,101.00000000000001,78.99999999999999
mb-06604,Ca2ZnN2,5,79.99999999999999,45.00000000000001
mb-06605,PrBPt3,5,156.0,60.0
mb-06606,K2MgCl4,7,21.999999999999996,11.000000000000002
mb-06607,LiZnPS4,7,29.999999999999996,16.0
mb-06608,Cd(SbO3)2,9,114.00000000000003,48.99999999999999
mb-06609,SrZnF4,12,61.000000000000014,21.0
mb-06610,Y(FeGe)2,5,126.00000000000001,57.00000000000001
mb-06611,ZrSnTe,6,82.0,54.000000000000014
mb-06612,ScGaNi2,4,130.00000000000006,48.99999999999999
mb-06613,Tm2TlCd,4,59.00000000000001,23.999999999999993
mb-06614,TiNCl,6,29.0,20.000000000000004
mb-06615,Ba(MgSb)2,5,36.0,23.999999999999993
mb-06616,LuAgO2,4,123.00000000000003,37.0
mb-06617,Na3(GePt)4,11,83.00000000000001,26.0
mb-06618,Sm2Ti2S2O5,11,134.00000000000003,58.00000000000001
mb-06619,TaNiGe,12,199.00000000000009,75.00000000000001
mb-06620,TbNbO4,12,135.99999999999997,54.000000000000014
mb-06621,ThCl4,10,25.000000000000007,10.0
mb-06622,YMgPd,9,70.00000000000001,20.000000000000004
mb-06623,YSF,6,106.00000000000004,54.000000000000014
mb-06624,Ba2MgUO6,10,107.00000000000001,56.00000000000001
mb-06625,Yb2CdSn,4,37.0,27.000000000000004
mb-06626,Ca(GePd)2,5,83.00000000000001,26.0
mb-06627,Na2Zr(CuS2)2,9,45.00000000000001,16.0
mb-06628,BaPr2NiO5,9,115.00000000000003,56.00000000000001
mb-06629,BaZnGe,6,39.99999999999999,29.0
mb-06630,Mg2Au,108,58.00000000000001,22.999999999999996
mb-06631,N2,8,1.0,1.0
mb-06632,N2,16,2.0,1.0
mb-06633,N2,4,276.0,240.99999999999997
mb-06634,NbSi2,9,175.0,140.00000000000006
mb-06635,TaSi2,9,184.99999999999997,141.99999999999994
mb-06636,VSi2,9,175.0,146.99999999999997
mb-06637,SrUO4,6,132.00000000000006,47.00000000000001
mb-06638,Ga2Te3,10,21.999999999999996,15.000000000000004
mb-06639,GaSe,8,13.999999999999998,9.0
mb-06640,SiC,32,214.00000000000006,187.00000000000003
mb-06641,ZrSi,4,141.99999999999994,92.00000000000001
mb-06642,SiC,8,214.00000000000006,187.00000000000003
mb-06643,Ba2AsAu,4,30.999999999999996,20.000000000000004
mb-06644,CaSiO3,30,92.99999999999999,47.00000000000001
mb-06645,WO3,32,61.000000000000014,54.000000000000014
mb-06646,GaCuO2,8,150.99999999999994,59.00000000000001
mb-06647,NbInO4,12,160.99999999999994,59.00000000000001
mb-06648,Pt3Rh,4,223.0,76.0
mb-06649,Y2Hf2O7,22,170.99999999999991,96.0
mb-06650,SrTaNO2,20,150.00000000000003,83.00000000000001
mb-06651,Ba2LaTaO6,20,121.00000000000006,47.99999999999999
mb-06652,MgSiAs2,8,60.0,28.0
mb-06653,MoSe2,9,27.000000000000004,13.999999999999998
mb-06654,WO3,16,59.00000000000001,85.99999999999999
mb-06655,WO3,16,56.00000000000001,59.00000000000001
mb-06656,LiHS,6,21.999999999999996,10.0
mb-06657,ScAgO2,4,132.00000000000006,39.99999999999999
mb-06658,SiC,20,212.99999999999994,187.00000000000003
mb-06659,SiC,54,212.99999999999994,187.00000000000003
mb-06660,FeP4,30,138.0,111.99999999999997
mb-06661,KNbO3,5,102.99999999999996,63.0
mb-06662,InAgO2,8,109.00000000000004,30.999999999999996
mb-06663,SiC,38,214.00000000000006,187.00000000000003
mb-06664,SiC,36,212.99999999999994,187.00000000000003
mb-06665,BaNiO3,10,84.99999999999999,23.999999999999993
mb-06666,CaCl2,6,18.999999999999996,11.000000000000002
mb-06667,Re,2,364.99999999999994,173.00000000000003
mb-06668,MoSe2,3,21.999999999999996,15.000000000000004
mb-06669,CsPbBr3,20,12.999999999999998,6.0
mb-06670,K2P3,10,9.0,11.000000000000002
mb-06671,WS2,3,27.000000000000004,20.000000000000004
mb-06672,FeAgO2,8,131.00000000000006,42.00000000000001
mb-06673,SiC,28,212.99999999999994,187.00000000000003
mb-06674,SiC,42,212.99999999999994,187.00000000000003
mb-06675,FePO4,6,17.0,12.999999999999998
mb-06676,AlFe3,4,174.00000000000009,74.00000000000001
mb-06677,TaAgS3,10,77.0,32.00000000000001
mb-06678,NdSe2,12,63.0,36.0
mb-06679,NbSe2,3,21.999999999999996,12.999999999999998
mb-06680,HoGa3,8,70.99999999999999,46.0
mb-06681,WO3,8,197.0,101.00000000000001
mb-06682,Sr2Co(ClO)2,7,63.0,37.0
mb-06683,KMnF3,10,59.00000000000001,27.000000000000004
mb-06684,WO3,32,193.99999999999997,82.0
mb-06685,KLiSO4,14,35.0,18.999999999999996
mb-06686,ZrI2,12,11.000000000000002,7.999999999999999
mb-06687,Li2ZnSi,16,46.0,42.00000000000001
mb-06688,VPd3,4,178.00000000000003,76.0
mb-06689,RbTiBr3,10,16.0,7.0
mb-06690,HfZn,2,105.00000000000004,45.00000000000001
mb-06691,TiH,8,127.99999999999999,32.00000000000001
mb-06692,NbSe2,12,21.999999999999996,12.999999999999998
mb-06693,KAuCl4,24,7.0,3.0
mb-06694,ScCrC2,8,209.0000000000001,133.0
mb-06695,Cs2NaSbCl6,10,20.000000000000004,11.000000000000002
mb-06696,Sc2IrRh,4,152.00000000000003,67.0
mb-06697,Li5Mg,6,17.0,7.999999999999999
mb-06698,Li2MnP2O7,96,62.0,35.0
mb-06699,SiC,16,214.00000000000006,187.00000000000003
mb-06700,LaAgO2,4,107.00000000000001,20.000000000000004
mb-06701,TaSe2,3,30.999999999999996,13.999999999999998
mb-06702,Li2HgAu,4,57.00000000000001,12.000000000000002
mb-06703,LiHS,12,26.0,10.0
mb-06704,CeCd3,4,68.99999999999999,27.000000000000004
mb-06705,Mg3Au,24,57.00000000000001,29.999999999999996
mb-06706,WSe2,12,17.999999999999996,12.999999999999998
mb-06707,Ag2MoO4,14,68.00000000000001,5.000000000000001
mb-06708,PrGe,8,63.0,47.00000000000001
mb-06709,SiTc2W,4,277.99999999999994,96.99999999999999
mb-06710,Sm2TlAg,4,47.99999999999999,12.000000000000002
mb-06711,RbAlF4,12,42.00000000000001,29.0
mb-06712,Na2Ti3O7,24,96.0,42.00000000000001
mb-06713,ZnCuAu2,4,124.99999999999994,23.999999999999993
mb-06714,HgI2,6,4.0,3.0
mb-06715,BaZrO3,10,143.00000000000003,88.00000000000001
mb-06716,ScCuO2,4,135.0,46.0
mb-06717,Fe2O3,10,192.00000000000003,85.99999999999999
mb-06718,YCuO2,8,114.00000000000003,35.0
mb-06719,LuZnPd2,4,105.00000000000004,11.000000000000002
mb-06720,Na4Br2O,7,26.0,17.0
mb-06721,MoS2,6,26.0,17.999999999999996
mb-06722,Er(Al2Mo)2,7,132.00000000000006,84.99999999999999
mb-06723,Zr3O,8,132.00000000000006,56.00000000000001
mb-06724,Ag3PO4,16,75.00000000000001,12.999999999999998
mb-06725,LiSiBO4,7,83.00000000000001,68.00000000000001
mb-06726,Li3In,4,25.000000000000007,12.000000000000002
mb-06727,MnP4,10,138.0,114.00000000000003
mb-06728,TbTmHg2,4,67.0,21.999999999999996
mb-06729,Ba(NiP2)2,7,100.0,39.99999999999999
mb-06730,Bi2WO6,36,67.0,48.99999999999999
mb-06731,SmTe2,6,54.000000000000014,21.999999999999996
mb-06732,KRb2CrF6,10,36.0,27.000000000000004
mb-06733,BaYMn2O5,9,138.99999999999997,66.00000000000001
mb-06734,SmAgO2,4,105.00000000000004,26.0
mb-06735,V2P,12,207.00000000000003,101.99999999999999
mb-06736,CuS,12,79.99999999999999,25.000000000000007
mb-06737,GaSe,4,13.999999999999998,9.0
mb-06738,AlCuO2,8,181.99999999999994,77.0
mb-06739,LiTm2Al,4,54.000000000000014,30.999999999999996
mb-06740,Cr3Se4,7,66.00000000000001,34.0
mb-06741,WO3,16,193.00000000000006,66.00000000000001
mb-06742,Ti2Sn,6,115.00000000000003,60.0
mb-06743,CaBr2,6,25.000000000000007,10.0
mb-06744,WO3,32,63.0,47.99999999999999
mb-06745,SmGa5Co,7,72.00000000000001,52.999999999999986
mb-06746,Ti3Pd5,8,161.99999999999994,44.0
mb-06747,NiTe,4,36.0,17.0
mb-06748,MgAu3,80,111.00000000000004,32.00000000000001
mb-06749,BaTiO3,5,96.99999999999999,55.00000000000001
mb-06750,BeF2,9,20.000000000000004,25.000000000000007
mb-06751,Ga3Pd7,10,149.0,48.99999999999999
mb-06752,K2Na4Ge2O7,60,46.0,22.999999999999996
mb-06753,SrMgIn3,5,36.0,21.999999999999996
mb-06754,Mn3PtN,5,173.00000000000003,77.0
mb-06755,Ca3Au,16,26.0,11.000000000000002
mb-06756,TaSe2,12,22.999999999999996,13.999999999999998
mb-06757,Mg5Rh2,28,70.99999999999999,32.00000000000001
mb-06758,ZnS,20,70.00000000000001,34.0
mb-06759,SrZrS3,20,70.00000000000001,36.0
mb-06760,CoAsS,6,134.00000000000003,95.00000000000001
mb-06761,CuSe,12,64.99999999999999,15.000000000000004
mb-06762,Li2FeSiO4,16,88.00000000000001,44.0
mb-06763,SrTiO3,10,168.0,101.99999999999999
mb-06764,BN,4,102.99999999999996,75.00000000000001
mb-06765,Ca3GeO,5,47.00000000000001,46.0
mb-06766,Li8ZrO6,15,93.99999999999997,63.999999999999986
mb-06767,CdSbAu,3,70.99999999999999,13.999999999999998
mb-06768,AlF3,4,126.00000000000001,77.0
mb-06769,Ta2TcW,4,249.99999999999994,118.99999999999996
mb-06770,Al4W,15,117.00000000000001,77.0
mb-06771,LaF3,24,101.00000000000001,37.99999999999999
mb-06772,DyAlZn,6,66.00000000000001,50.999999999999986
mb-06773,GeO2,12,22.999999999999996,25.000000000000007
mb-06774,ReO3,24,242.99999999999997,126.00000000000001
mb-06775,CrCuO2,8,154.0,58.00000000000001
mb-06776,HfPt3,16,232.99999999999994,106.00000000000004
mb-06777,ZrInNi4,6,160.99999999999994,64.99999999999999
mb-06778,ThGaAu2,4,108.00000000000004,7.0
mb-06779,NaN3,4,26.0,7.999999999999999
mb-06780,PbI2,3,4.0,2.0
mb-06781,SiC,2,210.99999999999997,187.00000000000003
mb-06782,MgH2,12,47.99999999999999,33.0
mb-06783,Sn(HgSe2)2,7,13.999999999999998,13.999999999999998
mb-06784,TaZn2,24,152.00000000000003,89.0
mb-06785,Li2CuGe,8,40.99999999999999,29.0
mb-06786,NaN3,4,29.999999999999996,13.999999999999998
mb-06787,MgPd5,6,141.99999999999994,45.00000000000001
mb-06788,Zn(InSe2)2,7,29.999999999999996,17.0
mb-06789,Li,3,12.000000000000002,6.0
mb-06790,SrTiO3,5,173.00000000000003,109.99999999999997
mb-06791,ZrNCl,6,25.000000000000007,12.000000000000002
mb-06792,PbI2,6,4.0,2.0
mb-06793,TiOF,3,188.00000000000009,96.0
mb-06794,ZnCl2,12,7.0,5.000000000000001
mb-06795,Ca5Sb3,16,36.0,26.0
mb-06796,CuI,4,9.0,6.0
mb-06797,Hf3(CuSi)4,11,153.00000000000003,83.00000000000001
mb-06798,ScNbTc2,4,186.00000000000009,66.00000000000001
mb-06799,Al(CoSi)2,5,175.0,96.0
mb-06800,ZnAg,2,91.00000000000001,22.999999999999996
mb-06801,NiF2,6,107.00000000000001,45.00000000000001
mb-06802,Hf2Tl,3,126.00000000000001,28.0
mb-06803,Pr2AgHg,4,54.000000000000014,17.999999999999996
mb-06804,Ti2VIr,4,179.00000000000006,75.00000000000001
mb-06805,ReO3,16,239.99999999999994,124.99999999999994
mb-06806,LiInSe2,16,29.999999999999996,13.999999999999998
mb-06807,NbS2,3,23.999999999999993,13.999999999999998
mb-06808,Ca3Al2(SiO4)3,80,154.0,96.99999999999999
mb-06809,MgTe,2,33.0,12.000000000000002
mb-06810,Ti2OsRu,4,231.00000000000009,122.00000000000004
mb-06811,LuPaOs2,4,161.99999999999994,32.00000000000001
mb-06812,TlCuF3,5,67.0,23.999999999999993
mb-06813,CdP2,12,54.000000000000014,28.0
mb-06814,BaSi,4,34.0,20.000000000000004
mb-06815,Li,1,13.999999999999998,5.000000000000001
mb-06816,BaNiF4,12,59.00000000000001,27.000000000000004
mb-06817,TaCo3,12,247.00000000000003,124.99999999999994
mb-06818,WO3,16,192.00000000000003,89.0
mb-06819,ZnS,12,70.00000000000001,33.0
mb-06820,Ce2MgCu2,10,47.99999999999999,21.0
mb-06821,LiMgN,12,96.0,78.99999999999999
mb-06822,MoS2,6,25.000000000000007,17.0
mb-06823,US2,9,90.00000000000003,39.99999999999999
mb-06824,HfNi3,12,181.00000000000003,83.00000000000001
mb-06825,Fe13Co3,16,183.99999999999997,92.00000000000001
mb-06826,Sc3RhC4,16,178.00000000000003,117.00000000000001
mb-06827,NaCaAu2,4,34.0,9.0
mb-06828,La3Te4,14,50.999999999999986,22.999999999999996
mb-06829,Cu3Pd,28,148.00000000000003,54.000000000000014
mb-06830,YErZn2,4,67.0,33.0
mb-06831,HoTmTl2,4,56.00000000000001,17.999999999999996
mb-06832,CoAuO2,4,148.00000000000003,47.00000000000001
mb-06833,LiMnO2,4,101.99999999999999,63.0
mb-06834,SmYZn2,4,56.00000000000001,22.999999999999996
mb-06835,AgI,4,25.000000000000007,6.0
mb-06836,Ba2ZrS4,7,56.00000000000001,28.0
mb-06837,YbCuGe,6,45.00000000000001,33.0
mb-06838,Ho,3,42.00000000000001,28.0
mb-06839,SnO,8,34.0,21.0
mb-06840,InAu3,8,108.00000000000004,16.0
mb-06841,Cr2B,6,288.99999999999994,184.99999999999997
mb-06842,RbAlF4,6,56.00000000000001,29.0
mb-06843,FeCuO2,8,144.00000000000003,49.99999999999999
mb-06844,Er2IrRu,4,131.00000000000006,59.00000000000001
mb-06845,Li15Si4,38,29.999999999999996,21.0
mb-06846,SrHg2,3,20.000000000000004,10.0
mb-06847,La5Si4,36,58.00000000000001,28.0
mb-06848,Si5Rh4,18,181.00000000000003,90.00000000000003
mb-06849,NbIr3,4,312.9999999999999,204.0
mb-06850,ZrCu5,6,136.99999999999997,56.00000000000001
mb-06851,NdMnSi2,8,109.99999999999997,74.00000000000001
mb-06852,Rb2TeBr6,9,17.0,5.000000000000001
mb-06853,LiErIn2,4,50.999999999999986,20.000000000000004
mb-06854,CdSe,4,44.0,15.000000000000004
mb-06855,TbYTl2,4,52.00000000000001,17.0
mb-06856,SiC,10,212.99999999999994,187.00000000000003
mb-06857,MoSe2,3,12.000000000000002,7.999999999999999
mb-06858,YbPrAu2,4,64.99999999999999,22.999999999999996
mb-06859,Mo(WSe3)2,9,16.0,12.000000000000002
mb-06860,TiNi,4,152.00000000000003,37.99999999999999
mb-06861,TlCu4S3,8,46.0,16.0
mb-06862,YCuO2,4,132.00000000000006,32.00000000000001
mb-06863,Fe2P,9,215.9999999999999,89.0
mb-06864,TlPd3,4,133.0,38.99999999999999
mb-06865,V2OF5,8,21.0,37.0
mb-06866,TlCuS2,8,57.00000000000001,22.999999999999996
mb-06867,Ce3Ga,4,46.0,27.000000000000004
mb-06868,LiScHg2,4,56.00000000000001,17.999999999999996
mb-06869,DyYCd2,4,60.0,23.999999999999993
mb-06870,Rb2NbCl6,9,10.0,4.0
mb-06871,Ti(SnO2)2,28,63.999999999999986,16.0
mb-06872,RbCu3S2,12,42.99999999999999,20.000000000000004
mb-06873,MgInNi2,4,103.99999999999997,40.99999999999999
mb-06874,BeSiN2,8,231.00000000000009,176.00000000000006
mb-06875,SmB2Ru3,6,214.00000000000006,100.0
mb-06876,AlTlF4,12,45.00000000000001,21.0
mb-06877,GaS,8,17.0,11.000000000000002
mb-06878,CdI2,9,6.0,3.0
mb-06879,LiC6,7,152.00000000000003,118.00000000000003
mb-06880,Na3As,8,21.999999999999996,13.999999999999998
mb-06881,Li2CaGe,4,37.99999999999999,28.0
mb-06882,CdS,2,52.999999999999986,17.0
mb-06883,TbCd3,8,54.000000000000014,22.999999999999996
mb-06884,Ce,2,39.99999999999999,37.99999999999999
mb-06885,CeSiHRu,8,101.00000000000001,61.000000000000014
mb-06886,C,4,122.00000000000004,96.0
mb-06887,LaAgSO,8,73.0,33.0
mb-06888,SrYSi4N7,26,170.99999999999991,101.99999999999999
mb-06889,Li7Sn3,20,30.999999999999996,22.999999999999996
mb-06890,CuO,4,146.00000000000003,25.000000000000007
mb-06891,Hf2CoIr,4,189.99999999999994,39.99999999999999
mb-06892,Y2CuIr,4,101.00000000000001,37.99999999999999
mb-06893,CrNi3,4,222.0000000000001,105.00000000000004
mb-06894,PNO,6,54.000000000000014,54.000000000000014
mb-06895,BaCuF4,12,54.000000000000014,18.999999999999996
mb-06896,EuTiO3,5,114.00000000000003,96.0
mb-06897,Be2CuRu,4,183.99999999999997,99.0
mb-06898,Si5Pt6,22,181.00000000000003,68.99999999999999
mb-06899,FeSO4,12,73.0,38.99999999999999
mb-06900,Na,1,7.999999999999999,3.0
mb-06901,RbNdTe4,12,22.999999999999996,13.999999999999998
mb-06902,YCdPt2,4,114.00000000000003,18.999999999999996
mb-06903,InSe,8,10.0,7.0
mb-06904,Mn(ReO4)2,11,20.000000000000004,11.000000000000002
mb-06905,ZnS,8,68.99999999999999,33.0
mb-06906,PrNdTl2,4,50.999999999999986,17.0
mb-06907,V2O3F,12,108.00000000000004,54.000000000000014
mb-06908,SiO2,12,26.0,33.0
mb-06909,SrSi2,12,58.00000000000001,30.999999999999996
mb-06910,NaTaO3,20,130.00000000000006,96.99999999999999
mb-06911,BaSb2,6,26.0,15.000000000000004
mb-06912,CrCl3,8,16.0,6.0
mb-06913,PdAu3,4,141.99999999999994,21.0
mb-06914,TbTe,2,62.0,20.000000000000004
mb-06915,WO3,16,199.00000000000009,101.00000000000001
mb-06916,SmAsS,12,79.99999999999999,52.999999999999986
mb-06917,CaAlSi,18,56.00000000000001,38.99999999999999
mb-06918,Sb2S2O,20,12.999999999999998,11.000000000000002
mb-06919,MnP4,40,136.99999999999997,115.00000000000003
mb-06920,LiCrN2,16,84.99999999999999,47.99999999999999
mb-06921,WO3,8,228.00000000000009,124.99999999999994
mb-06922,PrAl2Ni3,6,115.00000000000003,59.00000000000001
mb-06923,Al5Mo,12,121.00000000000006,93.99999999999997
mb-06924,Ni3Pt,4,205.99999999999994,92.00000000000001
mb-06925,CdI2,6,6.0,3.0
mb-06926,AlPt2,12,204.99999999999994,58.00000000000001
mb-06927,Ba2RuO4,7,70.99999999999999,47.00000000000001
mb-06928,Ag2HgI4,7,13.999999999999998,6.0
mb-06929,NaCrS2,4,60.0,37.0
mb-06930,CaSi2,3,63.0,47.00000000000001
mb-06931,BiPd2Pb,8,83.99999999999999,22.999999999999996
mb-06932,Ho(TiGa2)2,7,93.99999999999997,60.0
mb-06933,Rb4Br2O,7,17.999999999999996,7.999999999999999
mb-06934,Ba2YTaO6,10,138.0,81.0
mb-06935,MgCl2,3,10.0,6.0
mb-06936,InCl,4,9.0,5.000000000000001
mb-06937,ScCdCu2,4,109.00000000000004,36.0
mb-06938,LaPrHg2,4,49.99999999999999,15.000000000000004
mb-06939,ZnS,10,70.00000000000001,33.0
mb-06940,Na2FeO3,12,85.99999999999999,42.00000000000001
mb-06941,CuI,2,36.0,15.000000000000004
mb-06942,Sn7Ir5,12,135.0,58.00000000000001
mb-06943,VPt,4,242.99999999999997,140.99999999999991
mb-06944,VO2,6,232.99999999999994,118.00000000000003
mb-06945,UTeP,6,63.999999999999986,45.00000000000001
mb-06946,DyLuMg2,4,38.99999999999999,17.999999999999996
mb-06947,Fe3Sn2,10,105.00000000000004,57.00000000000001
mb-06948,Te2Pd3,10,96.99999999999999,23.999999999999993
mb-06949,AgI,2,28.0,6.0
mb-06950,RbMgF3,5,64.99999999999999,42.00000000000001
mb-06951,PtRh3,4,273.0,124.00000000000003
mb-06952,Rb2Pd3S4,9,20.000000000000004,7.0
mb-06953,MgSeO4,12,59.00000000000001,39.99999999999999
mb-06954,Ca3Cd2,20,29.0,15.000000000000004
mb-06955,Ge3N4,14,175.0,79.99999999999999
mb-06956,AlTlF4,6,59.00000000000001,25.000000000000007
mb-06957,ZnCuPt2,4,211.9999999999999,50.999999999999986
mb-06958,Fe2P2O7,11,76.0,36.0
mb-06959,InCl,4,10.0,5.000000000000001
mb-06960,DyYTl2,4,52.999999999999986,17.0
mb-06961,ZrNi5,6,183.99999999999997,85.99999999999999
mb-06962,YMn12,13,150.99999999999994,88.00000000000001
mb-06963,PrErIn2,4,56.00000000000001,21.999999999999996
mb-06964,LiSm2Ru,4,63.999999999999986,25.000000000000007
mb-06965,HfZnPt2,4,211.9999999999999,32.00000000000001
mb-06966,Te,3,21.999999999999996,15.000000000000004
mb-06967,Y2Si2Rh,10,106.00000000000004,63.0
mb-06968,MnSeO4,12,77.99999999999999,28.0
mb-06969,Sm2AgRu,4,86.99999999999999,27.000000000000004
mb-06970,AgClO3,20,32.00000000000001,7.0
mb-06971,SmYTl2,4,48.99999999999999,17.999999999999996
mb-06972,Li2NiO2,10,114.00000000000003,73.0
mb-06973,Nb3TeI7,11,12.000000000000002,7.999999999999999
mb-06974,YAl3,12,72.00000000000001,49.99999999999999
mb-06975,Zr(FeSi)2,5,182.99999999999991,88.00000000000001
mb-06976,LaTe2,6,48.99999999999999,21.999999999999996
mb-06977,Li2CuSb,4,52.999999999999986,34.0
mb-06978,NbPd3,4,200.00000000000003,83.99999999999999
mb-06979,SbO2,12,96.99999999999999,67.0
mb-06980,PmYMg2,4,40.99999999999999,20.000000000000004
mb-06981,Cu2GeSe3,12,60.0,26.0
mb-06982,Li,2,13.999999999999998,6.0
mb-06983,DySi,4,92.00000000000001,63.999999999999986
mb-06984,NbPt3,16,249.99999999999994,100.0
mb-06985,HoSi,4,92.00000000000001,66.00000000000001
mb-06986,ScAgSe2,4,62.0,18.999999999999996
mb-06987,ErSF,6,115.00000000000003,58.00000000000001
mb-06988,ScF3,4,91.00000000000001,40.99999999999999
mb-06989,BaTb2NiO5,9,130.00000000000006,68.00000000000001
mb-06990,Pr2TlAg,4,50.999999999999986,13.999999999999998
mb-06991,CaCO3,20,75.00000000000001,32.00000000000001
mb-06992,Ni3Sn,4,162.99999999999994,76.0
mb-06993,AlPd,8,148.00000000000003,64.99999999999999
mb-06994,KNbO3,5,105.00000000000004,68.00000000000001
mb-06995,SmCuSeO,8,77.0,37.0
mb-06996,LiCa2Ir,4,47.99999999999999,25.000000000000007
mb-06997,DyFe5,6,85.99999999999999,64.99999999999999
mb-06998,CaVO3,20,159.99999999999991,81.0
mb-06999,CaYHg2,4,72.00000000000001,33.0
mb-07000,Hg,3,7.999999999999999,4.0
mb-07001,KFeSe2,8,17.999999999999996,7.999999999999999
mb-07002,AlPO4,12,9.0,30.999999999999996
mb-07003,Rb2PbO3,12,37.0,16.0
mb-07004,Ni2Ge,12,168.0,44.0
mb-07005,ZrI3,8,3.0,3.0
mb-07006,Al2FeCo,4,181.00000000000003,117.00000000000001
mb-07007,HfAl,4,117.00000000000001,74.00000000000001
mb-07008,Cd2As3I,12,35.0,17.999999999999996
mb-07009,Sc3IrC4,16,189.99999999999994,122.00000000000004
mb-07010,MnCo,2,194.99999999999991,99.0
mb-07011,NiAs,4,134.00000000000003,46.0
mb-07012,PrYMg2,4,36.0,20.000000000000004
mb-07013,V2NiS4,7,101.00000000000001,59.00000000000001
mb-07014,Li6IrN4,22,82.0,59.00000000000001
mb-07015,LiHO,6,47.99999999999999,18.999999999999996
mb-07016,UGePt,6,128.99999999999994,48.99999999999999
mb-07017,CuBr,4,7.0,5.000000000000001
mb-07018,LiFeF4,12,37.99999999999999,25.000000000000007
mb-07019,CaAl2O4,56,74.00000000000001,42.99999999999999
mb-07020,AlGeRu2,4,219.00000000000009,92.99999999999999
mb-07021,ErAl3,4,78.99999999999999,63.999999999999986
mb-07022,BaTiO3,5,103.99999999999997,68.99999999999999
mb-07023,Ca3CoN3,14,78.99999999999999,45.00000000000001
mb-07024,La3GaO6,20,112.99999999999994,44.0
mb-07025,InGaO3,10,170.00000000000006,74.00000000000001
mb-07026,HoLuMg2,4,37.99999999999999,21.0
mb-07027,ZrS,4,118.99999999999996,44.0
mb-07028,PmHoMg2,4,38.99999999999999,20.000000000000004
mb-07029,NbFe2,12,195.99999999999994,86.99999999999999
mb-07030,Na3Tl,4,2.0,7.999999999999999
mb-07031,Si2NiP3,6,105.00000000000004,56.00000000000001
mb-07032,CuNiSb2,4,92.00000000000001,37.99999999999999
mb-07033,SnO2,6,171.99999999999991,85.99999999999999
mb-07034,PmDyMg2,4,35.0,21.999999999999996
mb-07035,MoC,2,350.0,239.99999999999994
mb-07036,CoSO4,12,73.0,39.99999999999999
mb-07037,Ba2Mn3(AsO)2,9,49.99999999999999,37.0
mb-07038,CeAgAs2,8,83.00000000000001,44.0
mb-07039,AlBPbO4,28,77.99999999999999,47.00000000000001
mb-07040,YMgCu,9,60.0,21.999999999999996
mb-07041,LiMnO2,16,101.99999999999999,66.00000000000001
mb-07042,CaNi5,6,124.99999999999994,64.99999999999999
mb-07043,ZnCu2GeSe4,8,47.00000000000001,27.000000000000004
mb-07044,Li3Pt,4,59.00000000000001,21.0
mb-07045,Li2CrFeO4,8,114.00000000000003,75.00000000000001
mb-07046,U(NiP)2,5,189.99999999999994,54.000000000000014
mb-07047,CaAl2(SiO4)2,52,83.00000000000001,40.99999999999999
mb-07048,Na2CoP2O7,48,42.00000000000001,25.000000000000007
mb-07049,SmLuIn2,4,57.00000000000001,17.0
mb-07050,BaFeF4,12,52.00000000000001,21.999999999999996
mb-07051,Co3Se4,14,95.00000000000001,38.99999999999999
mb-07052,ZnS,6,68.99999999999999,33.0
mb-07053,Ca2B4Rh5,11,144.00000000000003,81.0
mb-07054,NaS,12,26.0,12.000000000000002
mb-07055,Yb,3,15.000000000000004,10.0
mb-07056,Cu2GeTe3,12,47.99999999999999,21.999999999999996
mb-07057,RbScO2,4,95.00000000000001,58.00000000000001
mb-07058,Al7CoCu2,40,109.99999999999997,63.0
mb-07059,CuSbPbS3,24,21.0,12.999999999999998
mb-07060,LiCuF2,4,55.00000000000001,25.000000000000007
mb-07061,ScFeSi,12,138.99999999999997,62.0
mb-07062,TiCo2,6,168.0,93.99999999999997
mb-07063,ReO2,12,277.00000000000006,150.99999999999994
mb-07064,YHoCd2,4,62.0,17.0
mb-07065,SiC,14,212.99999999999994,187.00000000000003
mb-07066,Ti(GaO2)4,13,150.99999999999994,70.00000000000001
mb-07067,HoErTl2,4,52.999999999999986,18.999999999999996
mb-07068,ErTl,2,52.00000000000001,18.999999999999996
mb-07069,Fe3N,32,200.00000000000003,92.99999999999999
mb-07070,Ca3Ti2O7,24,130.00000000000006,66.00000000000001
mb-07071,PrYTl2,4,52.999999999999986,17.0
mb-07072,Sm2ZnGa,4,55.00000000000001,30.999999999999996
mb-07073,AlPO4,12,20.000000000000004,23.999999999999993
mb-07074,ErFeO3,20,178.00000000000003,83.99999999999999
mb-07075,Au,2,135.0,23.999999999999993
mb-07076,SrHfO3,10,167.0,92.99999999999999
mb-07077,Mg(AlSe2)2,7,15.000000000000004,9.0
mb-07078,LaSbPd,6,77.0,33.0
mb-07079,Li6PS5I,26,27.000000000000004,12.999999999999998
mb-07080,Sc3RuC4,8,179.99999999999997,111.00000000000004
mb-07081,Sc2GaAg,4,79.99999999999999,37.99999999999999
mb-07082,Cd(InSe2)2,7,25.000000000000007,13.999999999999998
mb-07083,KMgCl3,20,30.999999999999996,16.0
mb-07084,EuCl2,12,26.0,11.000000000000002
mb-07085,HfMgAu2,4,109.99999999999997,33.0
mb-07086,ZnS,10,68.99999999999999,33.0
mb-07087,PrNdHg2,4,55.00000000000001,16.0
mb-07088,SrTaNO2,20,170.00000000000006,92.99999999999999
mb-07089,Ca2PdAu,4,52.999999999999986,21.999999999999996
mb-07090,LiNd2Ga,4,36.0,23.999999999999993
mb-07091,MnCoGe,12,144.00000000000003,62.0
mb-07092,PmSmMg2,4,36.0,22.999999999999996
mb-07093,HoCu5,6,126.00000000000001,45.00000000000001
mb-07094,Li2YbGe,4,27.000000000000004,25.000000000000007
mb-07095,SmErMg2,4,35.0,18.999999999999996
mb-07096,YLuZn2,4,67.0,27.000000000000004
mb-07097,Rb2InGaF6,10,40.99999999999999,6.0
mb-07098,Nb3B2,10,239.99999999999994,168.0
mb-07099,Sn7Ir3,20,101.99999999999999,60.0
mb-07100,Pr2InAg,4,50.999999999999986,15.000000000000004
mb-07101,Mg9Sn5,28,42.99999999999999,25.000000000000007
mb-07102,CsSnI3,10,16.0,7.0
mb-07103,Bi2Pt,12,82.0,22.999999999999996
mb-07104,NaVSe2,4,47.00000000000001,11.000000000000002
mb-07105,SiO2,12,16.0,40.99999999999999
mb-07106,TiF3,8,101.99999999999999,42.00000000000001
mb-07107,InPd,2,111.00000000000004,28.0
mb-07108,Ca2SiH2O5,80,70.99999999999999,36.0
mb-07109,Cs2NaFeF6,10,79.99999999999999,21.0
mb-07110,Cs2KNiF6,10,57.00000000000001,15.000000000000004
mb-07111,Li2Ca,6,16.0,7.999999999999999
mb-07112,Zr6Al2Fe,9,105.00000000000004,47.99999999999999
mb-07113,RuF6,7,18.999999999999996,3.0
mb-07114,KFeS2,8,18.999999999999996,9.0
mb-07115,PrDyMg2,4,37.0,20.000000000000004
mb-07116,Na,4,9.0,2.0
mb-07117,NdDyMg2,4,36.0,21.0
mb-07118,MnFe2Ge,4,217.00000000000003,50.999999999999986
mb-07119,Rb2O,3,22.999999999999996,7.999999999999999
mb-07120,ZnS,4,68.99999999999999,33.0
mb-07121,YAuO2,8,124.00000000000003,28.0
mb-07122,HfCo,2,153.00000000000003,56.00000000000001
mb-07123,SmDyZn2,4,55.00000000000001,26.0
mb-07124,C,2,100.0,77.99999999999999
mb-07125,CaAlSi,3,57.00000000000001,39.99999999999999
mb-07126,AlPd5I2,8,20.000000000000004,12.999999999999998
mb-07127,Sc2AlAg,4,78.99999999999999,36.0
mb-07128,YLuMg2,4,39.99999999999999,21.999999999999996
mb-07129,La3Si2,10,58.00000000000001,28.0
mb-07130,TiPt3,4,237.00000000000006,112.99999999999994
mb-07131,LaTeCl,6,57.00000000000001,26.0
mb-07132,V2H,12,192.00000000000003,54.000000000000014
mb-07133,ZnTe,6,40.99999999999999,21.0
mb-07134,DyP5,12,64.99999999999999,42.99999999999999
mb-07135,Ti2Cu3,10,133.0,58.00000000000001
mb-07136,ZnCu2Ni,4,143.00000000000003,59.00000000000001
mb-07137,ScZn2Ag,4,81.0,35.0
mb-07138,Ni2P,9,193.99999999999997,42.00000000000001
mb-07139,CoSb2,12,99.0,64.99999999999999
mb-07140,LiCu2Sn,8,74.00000000000001,42.99999999999999
mb-07141,BaTe2,6,28.0,15.000000000000004
mb-07142,Sn4Ir,20,72.00000000000001,36.0
mb-07143,PrHoMg2,4,37.0,20.000000000000004
mb-07144,ZnCu2SnS4,8,67.0,29.0
mb-07145,Mg2In,9,39.99999999999999,12.000000000000002
mb-07146,TmLuMg2,4,42.99999999999999,25.000000000000007
mb-07147,Hg,3,9.0,2.0
mb-07148,CaYRh2,4,99.0,36.0
mb-07149,BaTiO3,30,101.99999999999999,63.0
mb-07150,SmFe5,6,109.00000000000004,63.0
mb-07151,SmHoMg2,4,35.0,21.0
mb-07152,Tb2Tl,6,49.99999999999999,21.999999999999996
mb-07153,Pr3Tl,4,39.99999999999999,9.0
mb-07154,YCo,4,70.00000000000001,29.999999999999996
mb-07155,NbBO4,12,252.00000000000006,140.99999999999991
mb-07156,SmTl,2,50.999999999999986,17.0
mb-07157,SmYMg2,4,37.99999999999999,21.0
mb-07158,Li2PmGe,4,54.000000000000014,27.000000000000004
mb-07159,Ho3Lu,8,42.99999999999999,29.0
mb-07160,SiO2,12,20.000000000000004,35.0
mb-07161,Y(AlSi)2,5,77.0,39.99999999999999
mb-07162,Zn2PdAu,4,136.99999999999997,28.0
mb-07163,Rb2CrCl4,7,18.999999999999996,10.0
mb-07164,YbInAu2,4,67.0,21.0
mb-07165,SrWN3,10,101.99999999999999,47.99999999999999
mb-07166,CoAsS,12,131.00000000000006,105.00000000000004
mb-07167,InBi,4,33.0,16.0
mb-07168,Li3Sb,8,28.0,23.999999999999993
mb-07169,YLuTl2,4,56.00000000000001,17.999999999999996
mb-07170,PrNdMg2,4,39.99999999999999,22.999999999999996
mb-07171,CaZrSi2O7,11,135.99999999999997,64.99999999999999
mb-07172,Mg(ScSe2)2,14,57.00000000000001,20.000000000000004
mb-07173,Fe8N,9,181.99999999999994,88.00000000000001
mb-07174,FeSiTc2,4,245.00000000000009,101.00000000000001
mb-07175,PbI2,6,4.0,2.0
mb-07176,CsSrF3,5,167.0,16.0
mb-07177,SmDyMg2,4,36.0,21.999999999999996
mb-07178,Ge2Pt,6,115.00000000000003,52.00000000000001
mb-07179,Cu2WS4,7,12.999999999999998,7.999999999999999
mb-07180,YZn5,6,78.99999999999999,47.99999999999999
mb-07181,Ca2CuO3,6,112.99999999999994,61.000000000000014
mb-07182,MnCo2Sb,4,150.00000000000003,73.0
mb-07183,Ca(Cu2As)2,7,77.0,28.0
mb-07184,NdTmTl2,4,52.999999999999986,17.999999999999996
mb-07185,Sc2S3,10,56.00000000000001,38.99999999999999
mb-07186,ZnCu2GeTe4,8,47.00000000000001,21.999999999999996
mb-07187,AsRh,8,156.0,61.000000000000014
mb-07188,C,12,118.99999999999996,92.99999999999999
mb-07189,SrY2O4,28,111.99999999999997,63.0
mb-07190,SiC,4,211.9999999999999,184.99999999999997
mb-07191,Sc2PdAu,4,124.99999999999994,21.999999999999996
mb-07192,YErTl2,4,58.00000000000001,18.999999999999996
mb-07193,Cs2Mn3S4,18,23.999999999999993,12.000000000000002
mb-07194,CrB4,5,277.00000000000006,257.99999999999994
mb-07195,SmDyTl2,4,52.999999999999986,18.999999999999996
mb-07196,NaSnPd2,4,46.0,47.00000000000001
mb-07197,BeCN2,8,316.00000000000006,292.00000000000006
mb-07198,Cu2P2O7,11,67.0,40.99999999999999
mb-07199,BaNbS3,10,47.99999999999999,12.999999999999998
mb-07200,TaNi3,8,217.9999999999999,82.0
mb-07201,Ba3Nb5O15,46,154.99999999999997,84.99999999999999
mb-07202,GeO2,6,205.99999999999994,123.00000000000003
mb-07203,Ca4VN4,18,86.99999999999999,44.0
mb-07204,VAsRh,12,182.99999999999991,76.0
mb-07205,Ti2ZnTc,4,156.99999999999994,48.99999999999999
mb-07206,BN,4,101.00000000000001,73.0
mb-07207,Mg3Fe2O5,10,154.0,89.0
mb-07208,Ce(SiAg)2,5,92.99999999999999,54.000000000000014
mb-07209,K2AlF5,8,26.0,13.999999999999998
mb-07210,BaZn2,6,27.000000000000004,9.0
mb-07211,Ho,4,44.0,27.000000000000004
mb-07212,Rb2Cr(BrCl)2,7,28.0,12.999999999999998
mb-07213,Cu,4,141.99999999999994,47.99999999999999
mb-07214,LiSn,12,36.0,16.0
mb-07215,BaMgF4,12,57.00000000000001,29.0
mb-07216,PrSmMg2,4,39.99999999999999,23.999999999999993
mb-07217,Rb2NaNiF6,10,40.99999999999999,26.0
mb-07218,Dy2AgOs,4,103.99999999999997,37.99999999999999
mb-07219,LiTmIn2,4,45.00000000000001,21.999999999999996
mb-07220,SnSe,2,49.99999999999999,29.0
mb-07221,Cu3AsS4,8,74.00000000000001,26.0
mb-07222,LiFeF5,14,37.0,12.999999999999998
mb-07223,NdLuIn2,4,57.00000000000001,21.999999999999996
mb-07224,Zr3GeO8,12,195.99999999999994,55.00000000000001
mb-07225,Mg5Hg3,16,42.99999999999999,21.999999999999996
mb-07226,Pr2CdPb,4,48.99999999999999,17.0
mb-07227,AcYbMg2,4,25.000000000000007,17.0
mb-07228,FeF3,12,103.99999999999997,48.99999999999999
mb-07229,SmHoTl2,4,50.999999999999986,18.999999999999996
mb-07230,ScGa5Fe,7,77.0,52.00000000000001
mb-07231,Zr2InNi2,10,132.00000000000006,57.00000000000001
mb-07232,CdAu3,4,117.00000000000001,15.000000000000004
mb-07233,GdIn,2,59.00000000000001,16.0
mb-07234,Sc2GaPt,4,101.00000000000001,42.00000000000001
mb-07235,LiMnO2,8,102.99999999999996,67.0
mb-07236,PrSmTl2,4,50.999999999999986,17.0
mb-07237,ErTaO4,12,158.0,72.00000000000001
mb-07238,BN,2,102.99999999999996,75.00000000000001
mb-07239,GaTe,8,38.99999999999999,21.999999999999996
mb-07240,Hf2Al3,10,114.00000000000003,67.0
mb-07241,Zr3Pd4,14,144.99999999999997,29.0
mb-07242,PrNiO3,10,144.00000000000003,72.00000000000001
mb-07243,MnSe,2,55.00000000000001,12.999999999999998
mb-07244,NaMnO2,8,92.00000000000001,61.000000000000014
mb-07245,NdErMg2,4,37.0,20.000000000000004
mb-07246,CdTe,4,35.0,12.999999999999998
mb-07247,LiHf2Ir,4,106.00000000000004,61.000000000000014
mb-07248,MgBe13,28,100.0,99.0
mb-07249,NbZn16,34,84.99999999999999,33.0
mb-07250,TiI3,8,3.0,2.0
mb-07251,Tl2Ni3S2,7,54.000000000000014,21.999999999999996
mb-07252,Li2MgSn,4,33.0,18.999999999999996
mb-07253,YbTaO4,12,102.99999999999996,42.00000000000001
mb-07254,CoMoO4,12,140.00000000000006,52.00000000000001
mb-07255,TiVO3,10,168.0,74.00000000000001
mb-07256,Hf2Ni,6,130.00000000000006,20.000000000000004
mb-07257,AlP,4,83.00000000000001,46.0
mb-07258,NiTe,4,101.00000000000001,34.0
mb-07259,MgMnRh2,4,133.0,59.00000000000001
mb-07260,CaH4(ClO)2,36,21.0,7.0
mb-07261,CsCu2I3,12,10.0,5.000000000000001
mb-07262,Sn3Pd,16,63.999999999999986,25.000000000000007
mb-07263,TaTiO4,12,210.99999999999997,96.0
mb-07264,Zr3O,8,134.00000000000003,55.00000000000001
mb-07265,HoTmMg2,4,38.99999999999999,20.000000000000004
mb-07266,Ag2Se,12,22.999999999999996,12.000000000000002
mb-07267,PrZn5,6,63.999999999999986,34.0
mb-07268,NdSmZn2,4,52.999999999999986,25.000000000000007
mb-07269,TbCl2F,8,54.000000000000014,17.0
mb-07270,Nd3Tl,4,42.00000000000001,12.000000000000002
mb-07271,TaGaNi2,4,187.00000000000003,39.99999999999999
mb-07272,WO3,24,150.00000000000003,73.0
mb-07273,NaClO4,6,15.000000000000004,13.999999999999998
mb-07274,Rb3TaO8,12,29.0,11.000000000000002
mb-07275,Na6Ti2O7,30,46.0,25.000000000000007
mb-07276,C,2,117.00000000000001,92.00000000000001
mb-07277,TaPt3,8,261.9999999999999,90.00000000000003
mb-07278,Sr2MgReO6,10,158.99999999999994,77.99999999999999
mb-07279,CaZnF4,12,68.00000000000001,21.999999999999996
mb-07280,K2PbO3,24,37.99999999999999,18.999999999999996
mb-07281,SrHfO3,20,154.99999999999997,85.99999999999999
mb-07282,SbIrS,12,143.00000000000003,86.99999999999999
mb-07283,UH3,8,107.00000000000001,58.00000000000001
mb-07284,InPd3,4,168.99999999999997,37.0
mb-07285,NaCd3,8,17.0,7.999999999999999
mb-07286,NdLuTl2,4,55.00000000000001,17.0
mb-07287,CoSn2,6,101.00000000000001,55.00000000000001
mb-07288,ReO3,8,237.99999999999994,124.00000000000003
mb-07289,Ce4B2N5,11,140.00000000000006,90.00000000000003
mb-07290,Nb6Co7,13,212.99999999999994,95.00000000000001
mb-07291,CrPtO2,4,191.00000000000006,79.99999999999999
mb-07292,HoFe5,6,100.0,68.00000000000001
mb-07293,NiB,4,259.00000000000006,111.00000000000004
mb-07294,DyHoMg2,4,36.0,17.0
mb-07295,Li5Sn2,7,30.999999999999996,22.999999999999996
mb-07296,CsCu4Se3,8,42.00000000000001,17.0
mb-07297,WO3,24,161.99999999999994,88.00000000000001
mb-07298,Sr4Fe4O11,19,127.99999999999999,68.99999999999999
mb-07299,Li3Zn,4,17.999999999999996,12.000000000000002
mb-07300,FePO4,12,37.99999999999999,28.0
mb-07301,CuCl,2,47.99999999999999,10.0
mb-07302,Sc2AlRu,4,111.00000000000004,37.0
mb-07303,SrDy2O4,28,114.00000000000003,63.999999999999986
mb-07304,ZnCl2,6,9.0,5.000000000000001
mb-07305,ZnCdTe2,8,37.99999999999999,17.999999999999996
mb-07306,Sn2S3,20,17.0,11.000000000000002
mb-07307,NdErTl2,4,49.99999999999999,18.999999999999996
mb-07308,HoAl3,4,77.0,60.0
mb-07309,BaNa2Mg(PO4)2,14,74.00000000000001,47.00000000000001
mb-07310,BaMgH4,12,35.0,28.0
mb-07311,LiVF4,12,61.000000000000014,33.0
mb-07312,Tc2P3,10,179.00000000000006,128.99999999999994
mb-07313,In2Si2O7,11,152.00000000000003,61.000000000000014
mb-07314,Y2AgIr,4,98.0,32.00000000000001
mb-07315,ZnSe,4,56.00000000000001,26.0
mb-07316,ScAlAu2,4,114.00000000000003,22.999999999999996
mb-07317,BaAg2(HgO2)2,18,46.0,17.0
mb-07318,KAgCl3,5,32.00000000000001,12.000000000000002
mb-07319,FeB,8,291.00000000000006,140.99999999999991
mb-07320,MnCoSi,12,160.99999999999994,85.99999999999999
mb-07321,CaAlSiH,4,52.00000000000001,39.99999999999999
mb-07322,ScIr2,6,219.99999999999997,100.0
mb-07323,V2CrSe4,7,73.0,48.99999999999999
mb-07324,U(SbO3)2,9,25.000000000000007,25.000000000000007
mb-07325,Mn(HO)2,5,52.999999999999986,30.999999999999996
mb-07326,SmHoZn2,4,58.00000000000001,22.999999999999996
mb-07327,K2PbO3,12,38.99999999999999,17.0
mb-07328,SiO2,24,25.000000000000007,30.999999999999996
mb-07329,TiAgF6,8,9.0,7.999999999999999
mb-07330,Ag2S,6,18.999999999999996,7.0
mb-07331,KP(HO2)2,16,27.000000000000004,17.0
mb-07332,Ta,30,194.99999999999991,59.00000000000001
mb-07333,BN,4,101.99999999999999,75.00000000000001
mb-07334,ZrAlRu2,4,202.00000000000006,68.00000000000001
mb-07335,SrAgO2,8,126.00000000000001,45.00000000000001
mb-07336,HfAlRu2,4,194.99999999999991,79.99999999999999
mb-07337,TiAl2,6,108.00000000000004,81.0
mb-07338,Cs3Sb2I9,14,7.999999999999999,4.0
mb-07339,CdAu,4,90.00000000000003,17.0
mb-07340,Li2MgSi,4,50.999999999999986,39.99999999999999
mb-07341,LiCuS,12,42.99999999999999,15.000000000000004
mb-07342,YTmMg2,4,45.00000000000001,21.0
mb-07343,K2CuF4,7,42.99999999999999,18.999999999999996
mb-07344,TbYHg2,4,63.0,23.999999999999993
mb-07345,DyYHg2,4,64.99999999999999,23.999999999999993
mb-07346,PrErMg2,4,36.0,21.0
mb-07347,MgSe,2,44.0,16.0
mb-07348,HoGa3,4,66.00000000000001,37.0
mb-07349,CuS2,12,77.0,35.0
mb-07350,TaFeO4,12,192.00000000000003,83.00000000000001
mb-07351,P2O5,28,37.99999999999999,32.00000000000001
mb-07352,GaS,4,15.000000000000004,10.0
mb-07353,CdTe,4,35.0,12.999999999999998
mb-07354,Ba2GeO4,28,63.999999999999986,29.999999999999996
mb-07355,BaMg(CO3)2,10,76.0,33.0
mb-07356,Y3Al2,20,58.00000000000001,33.0
mb-07357,CeTh3O8,12,183.99999999999997,82.0
mb-07358,VCoSb,3,140.99999999999991,56.00000000000001
mb-07359,CaAl9Co2,12,84.99999999999999,56.00000000000001
mb-07360,WO3,16,49.99999999999999,95.00000000000001
mb-07361,LiMg2Ga,4,42.00000000000001,21.0
mb-07362,BaNaScSi2O7,24,88.00000000000001,45.00000000000001
mb-07363,CeGaGe,6,67.0,37.99999999999999
mb-07364,GaN,2,177.00000000000009,103.99999999999997
mb-07365,WO3,16,47.99999999999999,90.00000000000003
mb-07366,NaCdHg2,4,33.0,5.000000000000001
mb-07367,NaSmTl2,4,37.0,16.0
mb-07368,AgAuO2,8,91.00000000000001,17.0
mb-07369,KCuF3,10,57.00000000000001,25.000000000000007
mb-07370,ScNi5,6,158.99999999999994,77.99999999999999
mb-07371,YErMg2,4,37.99999999999999,18.999999999999996
mb-07372,SmLuMg2,4,35.0,17.0
mb-07373,Li5NCl2,8,37.0,27.000000000000004
mb-07374,GaGeRu2,4,210.99999999999997,77.99999999999999
mb-07375,Tm2ZnGa,4,70.00000000000001,39.99999999999999
mb-07376,KCuF3,5,67.0,29.999999999999996
mb-07377,Li3SbS4,8,25.000000000000007,12.999999999999998
mb-07378,MgCuAs,6,74.00000000000001,32.00000000000001
mb-07379,BaCdSb2,8,33.0,22.999999999999996
mb-07380,CdCu2SnSe4,8,52.00000000000001,21.0
mb-07381,Ta,30,194.99999999999991,59.00000000000001
mb-07382,Ag2S,6,22.999999999999996,7.999999999999999
mb-07383,MnF3,8,46.0,35.0
mb-07384,GaNiRh2,4,200.00000000000003,57.00000000000001
mb-07385,Nb2Cd2O7,22,117.00000000000001,45.00000000000001
mb-07386,Yb,2,15.000000000000004,10.0
mb-07387,Ba(CrAs)2,5,57.00000000000001,34.0
mb-07388,Lu2AgPt,4,93.99999999999997,33.0
mb-07389,NaClO3,20,25.000000000000007,12.999999999999998
mb-07390,AlPS4,12,7.999999999999999,4.0
mb-07391,MnZnO3,10,159.99999999999991,49.99999999999999
mb-07392,Cs2PdI6,9,6.0,3.0
mb-07393,CuBr,2,47.99999999999999,13.999999999999998
mb-07394,PrDyTl2,4,52.00000000000001,18.999999999999996
mb-07395,KAg2SbS4,8,34.0,12.000000000000002
mb-07396,CsPbCl3,5,21.0,9.0
mb-07397,Sr,2,11.000000000000002,6.0
mb-07398,LiFeF4,12,52.00000000000001,29.0
mb-07399,Sm2MgTl,4,47.99999999999999,21.999999999999996
mb-07400,WO3,12,170.00000000000006,109.99999999999997
mb-07401,Lu2TlHg,4,67.0,16.0
mb-07402,Pr2MgTl,4,39.99999999999999,18.999999999999996
mb-07403,Tm(BC)2,10,187.00000000000003,124.00000000000003
mb-07404,SmErTl2,4,55.00000000000001,18.999999999999996
mb-07405,LuGaPd2,4,111.00000000000004,20.000000000000004
mb-07406,Zn2NiIr,4,207.00000000000003,58.00000000000001
mb-07407,PtO2,6,46.0,30.999999999999996
mb-07408,Dy,3,40.99999999999999,27.000000000000004
mb-07409,InCuO2,8,122.00000000000004,37.0
mb-07410,LiSmS2,8,48.99999999999999,30.999999999999996
mb-07411,Cs2AgF4,7,34.0,12.999999999999998
mb-07412,NaMgBO3,12,103.99999999999997,36.0
mb-07413,GaGeTe,6,13.999999999999998,11.000000000000002
mb-07414,Mg2ZnPd,4,68.99999999999999,35.0
mb-07415,YMg2,12,42.99999999999999,22.999999999999996
mb-07416,Ba2CoO4,28,59.00000000000001,21.0
mb-07417,Fe3Ge,8,168.99999999999997,68.00000000000001
mb-07418,Li2Sn5,14,42.00000000000001,11.000000000000002
mb-07419,Mg2Al2Se5,9,15.000000000000004,9.0
mb-07420,YNbRu2,4,179.00000000000006,58.00000000000001
mb-07421,BaI2,9,21.0,7.0
mb-07422,ZnF2,12,96.0,30.999999999999996
mb-07423,Na3PS4,8,21.999999999999996,5.000000000000001
mb-07424,YbErHg2,4,52.999999999999986,26.0
mb-07425,Ag2S,6,26.0,7.999999999999999
mb-07426,Li2NdAl,4,45.00000000000001,29.0
mb-07427,LiLuPd2,4,81.0,7.999999999999999
mb-07428,PbCl2,12,17.999999999999996,7.999999999999999
mb-07429,InCuO2,4,121.00000000000006,37.0
mb-07430,FeB,4,238.99999999999991,150.99999999999994
mb-07431,AgAu3,8,122.00000000000004,22.999999999999996
mb-07432,PtO2,3,47.99999999999999,32.00000000000001
mb-07433,Ag,4,85.99999999999999,26.0
mb-07434,In3Ni2,5,92.00000000000001,46.0
mb-07435,K2PtBr4,7,10.0,6.0
mb-07436,InP,4,58.00000000000001,30.999999999999996
mb-07437,MnPd,4,134.00000000000003,50.999999999999986
mb-07438,LiEr2Ga,4,57.00000000000001,30.999999999999996
mb-07439,CsFeCl3,10,13.999999999999998,5.000000000000001
mb-07440,ErZn5,6,78.99999999999999,47.00000000000001
mb-07441,LiNiO2,20,114.00000000000003,42.00000000000001
mb-07442,CoPO4,24,17.0,13.999999999999998
mb-07443,SmCd3,4,57.00000000000001,22.999999999999996
mb-07444,SrAl2O4,42,78.99999999999999,42.00000000000001
mb-07445,MgSiO3,40,96.0,67.0
mb-07446,Ca3AsN,5,52.00000000000001,48.99999999999999
mb-07447,Se,3,9.0,6.0
mb-07448,CaGe2O5,16,116.00000000000003,55.00000000000001
mb-07449,Pd3(PbS)2,7,57.00000000000001,20.000000000000004
mb-07450,LiInRh2,4,154.0,44.0
mb-07451,Sm2ZnIn,4,52.00000000000001,27.000000000000004
mb-07452,YTe,2,60.0,20.000000000000004
mb-07453,Fe15Co,16,183.99999999999997,77.0
mb-07454,Y(MnSn)6,13,109.99999999999997,70.99999999999999
mb-07455,Tm2CdHg,4,68.99999999999999,21.0
mb-07456,TiSi2,6,143.00000000000003,111.00000000000004
mb-07457,NbNi3,4,209.0000000000001,89.0
mb-07458,TiO2,6,179.00000000000006,55.00000000000001
mb-07459,ZnSeO4,12,58.00000000000001,30.999999999999996
mb-07460,SrHfO3,10,158.99999999999994,96.0
mb-07461,Te2Ru,12,124.00000000000003,77.99999999999999
mb-07462,Cu2HgI4,7,17.999999999999996,9.0
mb-07463,BaZr(PO4)2,12,72.00000000000001,38.99999999999999
mb-07464,Mg2P2O7,11,116.00000000000003,63.0
mb-07465,TmScHg2,4,72.00000000000001,22.999999999999996
mb-07466,LiAlSiO4,84,112.99999999999994,45.00000000000001
mb-07467,CO2,12,5.000000000000001,2.0
mb-07468,SiO2,12,18.999999999999996,29.999999999999996
mb-07469,C,8,117.00000000000001,99.0
mb-07470,Sc2OsAu,4,121.00000000000006,37.0
mb-07471,ZrPd2,3,144.99999999999997,29.0
mb-07472,Mg3Sc,8,42.99999999999999,21.999999999999996
mb-07473,Ca3W3N5,22,109.99999999999997,48.99999999999999
mb-07474,Y2CuRh,4,89.0,36.0
mb-07475,Ho2Ge2O7,11,135.0,48.99999999999999
mb-07476,Mg(GaO2)2,14,161.99999999999994,75.00000000000001
mb-07477,AlAs,4,67.0,38.99999999999999
mb-07478,LiFeF4,12,57.00000000000001,34.0
mb-07479,ZnTe,4,42.99999999999999,21.999999999999996
mb-07480,CoReB,12,350.0,131.00000000000006
mb-07481,TiBe,2,126.00000000000001,75.00000000000001
mb-07482,TiCr2,24,197.99999999999991,75.00000000000001
mb-07483,Tb,6,39.99999999999999,26.0
mb-07484,VOs,2,283.9999999999999,115.00000000000003
mb-07485,LiLu2Al,4,54.000000000000014,30.999999999999996
mb-07486,YNi2,6,121.00000000000006,47.00000000000001
mb-07487,Sr2MgH6,9,45.00000000000001,36.0
mb-07488,NdTmMg2,4,37.0,20.000000000000004
mb-07489,CoGe,8,156.99999999999994,76.0
mb-07490,Ge4Ir,15,109.00000000000004,57.00000000000001
mb-07491,Na2CoP2O7,24,50.999999999999986,17.999999999999996
mb-07492,Mg2NF,8,103.99999999999997,72.00000000000001
mb-07493,Be3Fe,4,154.99999999999997,82.0
mb-07494,As2Se3,20,7.999999999999999,4.0
mb-07495,YCuTe2,8,42.00000000000001,21.0
mb-07496,ZrPdF6,8,9.0,15.000000000000004
mb-07497,LiAl3,4,63.999999999999986,44.0
mb-07498,Tm,3,42.99999999999999,29.0
mb-07499,Cr2GeC,8,202.00000000000006,82.0
mb-07500,AcSe3,8,56.00000000000001,17.0
mb-07501,Li3Zn,4,20.000000000000004,7.0
mb-07502,Na3SbS4,8,20.000000000000004,3.0
mb-07503,CuPtO2,8,154.99999999999997,38.99999999999999
mb-07504,KLiMnO2,10,49.99999999999999,27.000000000000004
mb-07505,GaPO4,12,20.000000000000004,23.999999999999993
mb-07506,FeWN2,8,223.99999999999997,118.99999999999996
mb-07507,Sm2CuO4,7,144.99999999999997,59.00000000000001
mb-07508,CoO,4,130.00000000000006,33.0
mb-07509,MgNiH3,5,138.99999999999997,39.99999999999999
mb-07510,Gd2Zr2O7,22,160.99999999999994,84.99999999999999
mb-07511,NbRh3,4,249.0,146.00000000000003
mb-07512,LaAlO3,5,193.99999999999997,130.00000000000006
mb-07513,MgAu3,8,111.99999999999997,29.0
mb-07514,Si3Ru4,28,232.00000000000009,102.99999999999996
mb-07515,NdAl3Ni2,6,121.00000000000006,63.0
mb-07516,PrTmTl2,4,52.999999999999986,17.999999999999996
mb-07517,MgSc2Os,4,103.99999999999997,25.000000000000007
mb-07518,VCrO4,12,95.00000000000001,55.00000000000001
mb-07519,CaLaMn2O6,40,153.00000000000003,63.999999999999986
mb-07520,MgZn2,6,63.0,35.0
mb-07521,CsSnI3,5,13.999999999999998,7.0
mb-07522,SnPS3,20,16.0,11.000000000000002
mb-07523,HfAl5Ni2,8,130.00000000000006,79.99999999999999
mb-07524,GaAuO2,8,161.99999999999994,64.99999999999999
mb-07525,SmLu3,8,42.99999999999999,28.0
mb-07526,YErHg2,4,70.99999999999999,22.999999999999996
mb-07527,NaMnCl3,10,26.0,11.000000000000002
mb-07528,HfSO,12,136.99999999999997,57.00000000000001
mb-07529,LiDyS2,8,54.000000000000014,35.0
mb-07530,CaMgNi4,6,106.00000000000004,49.99999999999999
mb-07531,Yb2AgBi,4,36.0,25.000000000000007
mb-07532,LaCuTeO,8,67.0,23.999999999999993
mb-07533,KNdO2,8,66.00000000000001,37.0
mb-07534,Rb2NaTlCl6,10,17.0,10.0
mb-07535,ZnO,2,126.99999999999999,39.99999999999999
mb-07536,Mg(AlC)2,5,134.00000000000003,91.00000000000001
mb-07537,Zr2O,18,153.00000000000003,77.99999999999999
mb-07538,Sc2CoOs,4,140.00000000000006,63.0
mb-07539,ZnAu3,16,124.99999999999994,29.0
mb-07540,Cs2MgH4,7,12.999999999999998,11.000000000000002
mb-07541,RbAgO2,8,28.0,9.0
mb-07542,Dy2CoSi2,10,101.99999999999999,63.0
mb-07543,BaRuO3,20,117.00000000000001,52.999999999999986
mb-07544,Cu2WS4,7,16.0,9.0
mb-07545,Bi2Pb2Se5,9,15.000000000000004,11.000000000000002
mb-07546,Sc2Si2Ru,10,122.00000000000004,68.99999999999999
mb-07547,LiYAu2,4,49.99999999999999,7.0
mb-07548,Dy(TiGa2)2,7,92.00000000000001,59.00000000000001
mb-07549,FeS2,12,146.00000000000003,135.0
mb-07550,Al13(CrSi)4,21,112.99999999999994,64.99999999999999
mb-07551,Yb2GaHg,4,29.0,21.999999999999996
mb-07552,Ag3Pd,4,99.0,32.00000000000001
mb-07553,BeO,2,138.99999999999997,130.00000000000006
mb-07554,NaCuO2,4,63.0,30.999999999999996
mb-07555,Li2VO2F,6,95.00000000000001,63.999999999999986
mb-07556,Dy2Ge2O7,11,119.99999999999996,48.99999999999999
mb-07557,Pr,4,32.00000000000001,18.999999999999996
mb-07558,Sm2ZnAg,4,54.000000000000014,22.999999999999996
mb-07559,SmTmZn2,4,54.000000000000014,18.999999999999996
mb-07560,Li2FeP2O7,24,52.999999999999986,23.999999999999993
mb-07561,SbPt7,8,209.99999999999991,32.00000000000001
mb-07562,CuAu3,4,143.00000000000003,28.0
mb-07563,MgTe2,12,37.99999999999999,21.999999999999996
mb-07564,PrAl3Ni2,6,138.99999999999997,59.00000000000001
mb-07565,RbNpO3,5,109.00000000000004,59.00000000000001
mb-07566,CaO2,3,61.000000000000014,29.999999999999996
mb-07567,Sc2GaAu,4,62.0,33.0
mb-07568,Nd3Sm,4,34.0,21.999999999999996
mb-07569,CdO,4,92.99999999999999,18.999999999999996
mb-07570,Ti,2,112.99999999999994,47.00000000000001
mb-07571,Li3Ge,4,21.999999999999996,23.999999999999993
mb-07572,TiAlAu2,4,140.00000000000006,25.000000000000007
mb-07573,LiH6ClO7,30,18.999999999999996,11.000000000000002
mb-07574,LiB3O5,36,82.0,46.0
mb-07575,NaTiS2,4,54.000000000000014,36.0
mb-07576,Ca2AlFeO5,18,126.99999999999999,67.0
mb-07577,Fe2Si,6,237.00000000000006,118.99999999999996
mb-07578,Ag2S,6,23.999999999999993,9.0
mb-07579,TiPd3,4,178.00000000000003,88.00000000000001
mb-07580,LaDyMg2,4,37.99999999999999,20.000000000000004
mb-07581,CaCO3,15,75.00000000000001,29.0
mb-07582,K2SnCl6,9,12.000000000000002,6.0
mb-07583,VSnRh2,16,189.00000000000006,76.0
mb-07584,PrNdZn2,4,52.00000000000001,26.0
mb-07585,Lu3Al,8,55.00000000000001,30.999999999999996
mb-07586,Cs2RbZrOF5,10,21.999999999999996,17.999999999999996
mb-07587,Er2OsPd,4,118.00000000000003,48.99999999999999
mb-07588,NbCrN,12,280.0000000000001,156.99999999999994
mb-07589,U2CrN3,6,225.99999999999991,101.00000000000001
mb-07590,SrSi,8,49.99999999999999,30.999999999999996
mb-07591,Cu6Sn5,22,81.0,37.0
mb-07592,HfAl3,4,107.00000000000001,83.00000000000001
mb-07593,SmCo2,6,115.00000000000003,21.0
mb-07594,Ba(AlSi)2,5,42.00000000000001,22.999999999999996
mb-07595,Ba3ZnN2O,7,59.00000000000001,29.0
mb-07596,Ba3SrI8,12,18.999999999999996,6.0
mb-07597,CoSe,4,16.0,10.0
mb-07598,Hg,1,10.0,3.0
mb-07599,DyCoO3,20,154.99999999999997,63.0
mb-07600,CsCdCl3,5,35.0,15.000000000000004
mb-07601,Na3Tl,4,17.999999999999996,20.000000000000004
mb-07602,DyHg2,3,62.0,29.0
mb-07603,Nb4AlC3,16,215.9999999999999,144.99999999999997
mb-07604,Li3NbS4,8,10.0,7.0
mb-07605,Ta2O5,14,128.99999999999994,70.99999999999999
mb-07606,Mn2GaW,4,219.99999999999997,114.00000000000003
mb-07607,YB2Rh2C,6,202.00000000000006,48.99999999999999
mb-07608,BaSn5,6,36.0,15.000000000000004
mb-07609,ZrSb,12,95.00000000000001,58.00000000000001
mb-07610,ZrRh,8,161.99999999999994,52.999999999999986
mb-07611,CaCd2,12,39.99999999999999,22.999999999999996
mb-07612,VIr,8,261.9999999999999,136.99999999999997
mb-07613,CuBiO2,8,46.0,20.000000000000004
mb-07614,CaNdRh2,4,82.0,26.0
mb-07615,VRh3,4,250.99999999999991,156.99999999999994
mb-07616,NaTiO2,4,98.0,70.99999999999999
mb-07617,KZnAs,3,30.999999999999996,21.0
mb-07618,TiO2,6,181.99999999999994,56.00000000000001
mb-07619,Sm,3,36.0,21.999999999999996
mb-07620,MnNiP,9,176.00000000000006,78.99999999999999
mb-07621,CuSe2,12,64.99999999999999,26.0
mb-07622,NaPd3,4,92.99999999999999,40.99999999999999
mb-07623,Tm2AgPt,4,96.99999999999999,32.00000000000001
mb-07624,DyHO2,8,100.0,56.00000000000001
mb-07625,SnP3,8,42.99999999999999,25.000000000000007
mb-07626,LiBeAu2,4,59.00000000000001,46.0
mb-07627,Mn2SiRu,4,232.00000000000009,115.00000000000003
mb-07628,AlOs,2,236.00000000000009,118.00000000000003
mb-07629,Hf(FeSi)2,20,193.00000000000006,93.99999999999997
mb-07630,Rb2CdCl4,7,21.0,7.0
mb-07631,Mn5O8,13,135.99999999999997,52.999999999999986
mb-07632,Sc2CdAg,4,76.0,25.000000000000007
mb-07633,Li2MgCd,4,29.999999999999996,12.999999999999998
mb-07634,MnO2,12,102.99999999999996,67.0
mb-07635,ScCuSi,12,111.00000000000004,60.0
mb-07636,HgS,6,7.999999999999999,7.0
mb-07637,Y3Fe5O12,80,148.00000000000003,68.99999999999999
mb-07638,AgAsS,12,39.99999999999999,13.999999999999998
mb-07639,Tm2ZnAg,4,64.99999999999999,29.0
mb-07640,BaTiO3,30,140.00000000000006,76.0
mb-07641,MnTe,4,46.0,22.999999999999996
mb-07642,AlSb,4,48.99999999999999,28.0
mb-07643,FeCo2Si,4,202.00000000000006,90.00000000000003
mb-07644,CsNbN2,8,96.0,29.999999999999996
mb-07645,Li6MnS4,22,44.0,27.000000000000004
mb-07646,LaGe2,6,64.99999999999999,20.000000000000004
mb-07647,TmMg3,8,36.0,10.0
mb-07648,Ba2NF,4,46.0,23.999999999999993
mb-07649,YAl,4,60.0,35.0
mb-07650,Ba3In2Br2O5,12,36.0,23.999999999999993
mb-07651,ZnAg3,4,90.00000000000003,20.000000000000004
mb-07652,K2Sn2O3,7,75.00000000000001,37.99999999999999
mb-07653,CsTmO2,8,84.99999999999999,42.99999999999999
mb-07654,Li2ZnGe,4,47.99999999999999,38.99999999999999
mb-07655,KNa(BH4)2,12,13.999999999999998,7.0
mb-07656,BeFeRh2,4,209.99999999999991,89.0
mb-07657,CaZn,2,57.00000000000001,23.999999999999993
mb-07658,LiDy2Al,4,47.99999999999999,28.0
mb-07659,HgPPt5,7,182.99999999999991,55.00000000000001
mb-07660,TmZnPd2,4,109.00000000000004,11.000000000000002
mb-07661,AgF2,12,32.00000000000001,11.000000000000002
mb-07662,Li3Pd,4,25.000000000000007,15.000000000000004
mb-07663,TlSbS2,8,13.999999999999998,6.0
mb-07664,LiYS2,8,47.99999999999999,33.0
mb-07665,Ti2ReOs,4,238.99999999999991,108.00000000000004
mb-07666,Ti3Ni4,14,162.99999999999994,37.0
mb-07667,TmCoSi2,8,112.99999999999994,57.00000000000001
mb-07668,CaClF,6,57.00000000000001,27.000000000000004
mb-07669,Ge(Te2As)2,7,22.999999999999996,15.000000000000004
mb-07670,InTe,2,83.99999999999999,15.000000000000004
mb-07671,Li2PbAu,4,58.00000000000001,40.99999999999999
mb-07672,Na2CoO3,12,48.99999999999999,20.000000000000004
mb-07673,SrAgO2,8,79.99999999999999,37.99999999999999
mb-07674,Dy,2,38.99999999999999,23.999999999999993
mb-07675,Zn(GaS2)2,7,45.00000000000001,29.0
mb-07676,Li2HfO3,6,124.99999999999994,50.999999999999986
mb-07677,MgPd3,4,140.00000000000006,37.99999999999999
mb-07678,Sc2ZnTc,4,105.00000000000004,37.99999999999999
mb-07679,Cu2O3,10,92.99999999999999,45.00000000000001
mb-07680,Yb,1,15.000000000000004,9.0
mb-07681,ScSi3Ni2,12,138.99999999999997,73.0
mb-07682,TaSe2,12,22.999999999999996,16.0
mb-07683,Ta2Se3,10,81.0,44.0
mb-07684,BMo,4,309.0,191.00000000000006
mb-07685,NbSe2,12,13.999999999999998,9.0
mb-07686,RbFeF4,12,36.0,12.999999999999998
mb-07687,Sr,1,12.000000000000002,6.0
mb-07688,Re3Ru,8,350.99999999999983,188.00000000000009
mb-07689,Mg(As2Rh3)2,11,173.00000000000003,52.999999999999986
mb-07690,CsPbBr3,10,17.0,7.0
mb-07691,LiCuF3,10,76.0,15.000000000000004
mb-07692,LiVF4,12,59.00000000000001,32.00000000000001
mb-07693,SrAl2,6,47.99999999999999,37.0
mb-07694,CaAl2O4,42,76.0,42.00000000000001
mb-07695,LiVF4,12,59.00000000000001,32.00000000000001
mb-07696,MgCo,24,77.0,48.99999999999999
mb-07697,TbAlPd,9,89.0,36.0
mb-07698,GdAlO3,20,184.99999999999997,108.00000000000004
mb-07699,Y2Ti2O7,22,186.00000000000009,99.0
mb-07700,CuI,4,38.99999999999999,15.000000000000004
mb-07701,Li5NbO5,11,99.0,63.999999999999986
mb-07702,ZrPt3,4,228.00000000000009,102.99999999999996
mb-07703,AlPO4,18,29.0,34.0
mb-07704,Ga3Pt2,5,131.00000000000006,39.99999999999999
mb-07705,NiSe2,12,77.0,37.99999999999999
mb-07706,Er2ZnCu,4,75.00000000000001,33.0
mb-07707,Lu2AlZn,4,73.0,40.99999999999999
mb-07708,Cu2SiS3,12,78.99999999999999,36.0
mb-07709,LiMg2,6,29.999999999999996,17.0
mb-07710,Ba(AlTe2)2,7,21.0,12.999999999999998
mb-07711,LaMg3,4,37.0,25.000000000000007
mb-07712,Rb2CaH4,7,17.0,12.999999999999998
mb-07713,LaCrO3,10,170.99999999999991,92.99999999999999
mb-07714,TlSiPt5,7,170.00000000000006,54.000000000000014
mb-07715,Li2MnO2,5,103.99999999999997,60.0
mb-07716,MnFeCoGe,4,170.00000000000006,95.00000000000001
mb-07717,La2ZnGa,4,55.00000000000001,26.0
mb-07718,MgCdAu2,4,86.99999999999999,22.999999999999996
mb-07719,SrCaTl2,4,22.999999999999996,38.99999999999999
mb-07720,RbCuBr3,5,29.999999999999996,12.999999999999998
mb-07721,Li(Sn3Pd)2,18,62.0,21.0
mb-07722,TaCr2,12,242.99999999999997,86.99999999999999
mb-07723,Ba(AlGe)2,5,42.00000000000001,12.999999999999998
mb-07724,Sr2MgWO6,10,179.00000000000006,76.0
mb-07725,ZnCo3C,5,217.00000000000003,112.99999999999994
mb-07726,NdTeCl,6,58.00000000000001,29.0
mb-07727,Mg2Cu,6,56.00000000000001,29.0
mb-07728,Sc2ZnS4,14,63.999999999999986,32.00000000000001
mb-07729,Ti2VTe4,7,44.0,30.999999999999996
mb-07730,YOF,6,124.00000000000003,46.0
mb-07731,Sc2ZnCu,4,74.00000000000001,34.0
mb-07732,KCuCl3,5,39.99999999999999,17.0
mb-07733,FeO,4,119.99999999999996,42.00000000000001
mb-07734,Ca6Al2NF,10,40.99999999999999,18.999999999999996
mb-07735,Ga2CoRu,4,188.00000000000009,84.99999999999999
mb-07736,Yb2CdHg,4,34.0,18.999999999999996
mb-07737,Y2RuRh,4,108.00000000000004,47.00000000000001
mb-07738,Ca3Zn,8,21.999999999999996,9.0
mb-07739,DyAl3,4,77.0,62.0
mb-07740,Te2Rh3,10,146.99999999999997,48.99999999999999
mb-07741,CeNiC2,4,150.00000000000003,72.00000000000001
mb-07742,LaTaO4,12,119.99999999999996,63.999999999999986
mb-07743,LuTaO4,12,158.99999999999994,74.00000000000001
mb-07744,SmScSi,6,70.00000000000001,45.00000000000001
mb-07745,YbTmHg2,4,55.00000000000001,26.0
mb-07746,Ba3Zr2S7,12,60.0,29.999999999999996
mb-07747,CuI,8,37.99999999999999,15.000000000000004
mb-07748,YMg2Sc,4,46.0,26.0
mb-07749,YbSmPd2,4,70.00000000000001,25.000000000000007
mb-07750,CeMg3,4,40.99999999999999,28.0
mb-07751,LiAu3,4,95.00000000000001,25.000000000000007
mb-07752,MgGa2,6,49.99999999999999,9.0
mb-07753,MgInIr2,4,165.99999999999997,77.99999999999999
mb-07754,Mn2CrO4,14,153.00000000000003,55.00000000000001
mb-07755,PdSeO4,12,20.000000000000004,10.0
mb-07756,Sc2AlCd,4,83.99999999999999,30.999999999999996
mb-07757,BaHo2NiO5,9,138.99999999999997,70.99999999999999
mb-07758,Li3Mg,4,18.999999999999996,7.999999999999999
mb-07759,HfGaNi2,4,165.0,38.99999999999999
mb-07760,Al2O3,10,186.00000000000009,101.00000000000001
mb-07761,Ho2AgIr,4,101.00000000000001,33.0
mb-07762,MnCoSb,3,114.00000000000003,56.00000000000001
mb-07763,MnNi2Sn,4,146.00000000000003,35.0
mb-07764,Zn3Cu,8,96.0,39.99999999999999
mb-07765,Tc,4,301.99999999999994,140.99999999999991
mb-07766,ZrCuF6,8,92.99999999999999,7.0
mb-07767,Rb2GeF6,9,37.99999999999999,7.999999999999999
mb-07768,Li3Ag,8,21.0,6.0
mb-07769,Sm2AgSn,4,59.00000000000001,21.999999999999996
mb-07770,Ti3Zn,4,111.00000000000004,54.000000000000014
mb-07771,Y2MgSe4,14,52.00000000000001,18.999999999999996
mb-07772,Cd2Hg,3,37.0,12.999999999999998
mb-07773,HfO2,24,215.9999999999999,101.99999999999999
mb-07774,Li3Mg,4,20.000000000000004,7.999999999999999
mb-07775,SmTm3,8,42.00000000000001,26.0
mb-07776,BaCSNCl,10,25.000000000000007,12.000000000000002
mb-07777,Nb5Ga3,16,165.0,77.0
mb-07778,TbAlCu2,4,52.999999999999986,12.000000000000002
mb-07779,Ta2CS2,5,38.99999999999999,27.000000000000004
mb-07780,NdLuMg2,4,34.0,21.0
mb-07781,Sr2NiMoO6,10,170.00000000000006,70.00000000000001
mb-07782,TiGa5Co,7,83.99999999999999,46.0
mb-07783,Li3N,8,64.99999999999999,46.0
mb-07784,Ca2MnO4,28,133.0,68.99999999999999
mb-07785,HfSb,12,101.00000000000001,61.000000000000014
mb-07786,Fe3Ge,4,177.00000000000009,68.00000000000001
mb-07787,SrCuO2,4,109.99999999999997,63.0
mb-07788,KAlTe2,8,16.0,11.000000000000002
mb-07789,FePd,4,161.99999999999994,76.0
mb-07790,Ti3TlC,5,146.00000000000003,83.00000000000001
mb-07791,La2Ce2O7,22,130.00000000000006,60.0
mb-07792,Sr2NiWO6,10,188.00000000000009,70.99999999999999
mb-07793,Nd2ZnGa,4,54.000000000000014,27.000000000000004
mb-07794,LiRhO2,16,119.99999999999996,42.00000000000001
mb-07795,ZrO2,24,194.99999999999991,88.00000000000001
mb-07796,GaP,4,76.0,50.999999999999986
mb-07797,LiHo2Al,4,50.999999999999986,29.999999999999996
mb-07798,ZrCo3B2,6,243.9999999999999,130.00000000000006
mb-07799,Th(Al2Cr)4,13,115.00000000000003,86.99999999999999
mb-07800,Al2Fe3Si4,18,171.99999999999991,109.00000000000004
mb-07801,Rb2IN3,12,27.000000000000004,20.000000000000004
mb-07802,CrB,4,266.00000000000006,223.0
mb-07803,Ni2P2O7,11,131.00000000000006,60.0
mb-07804,CrFe(BiO3)2,10,116.00000000000003,61.000000000000014
mb-07805,MoO3,16,37.99999999999999,27.000000000000004
mb-07806,KPrTe4,12,23.999999999999993,13.999999999999998
mb-07807,Sc2TcAu,4,118.99999999999996,47.99999999999999
mb-07808,NaCuTe,6,36.0,13.999999999999998
mb-07809,MgSnP2,8,57.00000000000001,27.000000000000004
mb-07810,Er2ZnAu,4,78.99999999999999,34.0
mb-07811,KZnSb,3,23.999999999999993,16.0
mb-07812,GeSe,2,58.00000000000001,45.00000000000001
mb-07813,NiTePd,12,119.99999999999996,37.99999999999999
mb-07814,PrAg2,3,57.00000000000001,17.0
mb-07815,NdSn3,4,56.00000000000001,11.000000000000002
mb-07816,NbGaNi2,4,192.00000000000003,32.00000000000001
mb-07817,AlPO4,12,121.00000000000006,38.99999999999999
mb-07818,ZrCuF6,8,13.999999999999998,15.000000000000004
mb-07819,YCuSe2,4,62.0,28.0
mb-07820,CoSbS,6,112.99999999999994,75.00000000000001
mb-07821,K3P,8,17.0,7.999999999999999
mb-07822,YbErZn2,4,49.99999999999999,30.999999999999996
mb-07823,LaLuO3,20,146.00000000000003,70.99999999999999
mb-07824,HfZrZn2,4,111.00000000000004,52.999999999999986
mb-07825,TmMg2Sc,4,42.00000000000001,27.000000000000004
mb-07826,SmLuZn2,4,46.0,22.999999999999996
mb-07827,Ca2Fe2O5,36,124.00000000000003,55.00000000000001
mb-07828,Mo2SeS3,12,20.000000000000004,13.999999999999998
mb-07829,Cr3Ir,8,276.0,103.99999999999997
mb-07830,Mg,2,37.0,17.999999999999996
mb-07831,PrSm3,4,37.99999999999999,22.999999999999996
mb-07832,Ca(ZnGe)2,5,59.00000000000001,18.999999999999996
mb-07833,Na3SbSe4,8,20.000000000000004,6.0
mb-07834,Ca2CoN2,5,88.00000000000001,47.99999999999999
mb-07835,NiMoO4,12,146.99999999999997,57.00000000000001
mb-07836,SnSb,2,49.99999999999999,22.999999999999996
mb-07837,TlAsPt5,7,178.00000000000003,44.0
mb-07838,Pt3W,4,283.9999999999999,118.00000000000003
mb-07839,Dy(AlSi)2,5,77.99999999999999,40.99999999999999
mb-07840,Al6Tc,14,107.00000000000001,68.00000000000001
mb-07841,Mn3(CoO4)2,26,140.00000000000006,61.000000000000014
mb-07842,LiErS2,8,54.000000000000014,37.0
mb-07843,Cu2SiS3,12,78.99999999999999,36.0
mb-07844,RbCaCl3,5,21.0,12.000000000000002
mb-07845,SmCo3B2,6,217.9999999999999,109.99999999999997
mb-07846,Tb,2,37.99999999999999,22.999999999999996
mb-07847,LiFe(SiO3)2,10,109.99999999999997,39.99999999999999
mb-07848,Sc2Co,6,86.99999999999999,12.000000000000002
mb-07849,SbRh3,4,204.99999999999994,101.99999999999999
mb-07850,SrTcN3,10,99.0,46.0
mb-07851,Re,3,363.99999999999994,167.0
mb-07852,NaNbO3,10,102.99999999999996,46.0
mb-07853,BaSr3,8,12.000000000000002,5.000000000000001
mb-07854,LaMg2,6,36.0,18.999999999999996
mb-07855,SiO2,9,29.0,44.0
mb-07856,HoScRu2,4,133.0,47.99999999999999
mb-07857,Zn3N2,20,132.00000000000006,57.00000000000001
mb-07858,LiCoS2,4,74.00000000000001,47.00000000000001
mb-07859,CaZnSO,8,68.99999999999999,32.00000000000001
mb-07860,Sm,1,37.0,22.999999999999996
mb-07861,CsTiI3,10,10.0,3.0
mb-07862,PaNi2Sb,4,144.00000000000003,29.999999999999996
mb-07863,Lu,3,47.99999999999999,29.0
mb-07864,Nd,1,34.0,18.999999999999996
mb-07865,Tm2ZnPt,4,88.00000000000001,37.99999999999999
mb-07866,Si,4,89.0,62.0
mb-07867,MgPb2WO6,10,52.999999999999986,72.00000000000001
mb-07868,LaBiAu2,4,77.0,11.000000000000002
mb-07869,Na2MnO3,24,95.00000000000001,70.00000000000001
mb-07870,CdP4,10,55.00000000000001,28.0
mb-07871,VBr2O,4,21.999999999999996,17.0
mb-07872,ReGe2,6,156.99999999999994,99.0
mb-07873,Li2TiO3,12,123.00000000000003,88.00000000000001
mb-07874,ThCo5,6,131.00000000000006,40.99999999999999
mb-07875,LiHo2Ga,4,55.00000000000001,30.999999999999996
mb-07876,CaPtO3,10,146.00000000000003,68.00000000000001
mb-07877,Y(TiGa2)2,7,95.00000000000001,59.00000000000001
mb-07878,PmCd3,4,58.00000000000001,22.999999999999996
mb-07879,LiMg,6,26.0,16.0
mb-07880,BiOF,6,112.99999999999994,39.99999999999999
mb-07881,SiO2,9,27.000000000000004,44.0
mb-07882,SrFeO2,4,101.00000000000001,59.00000000000001
mb-07883,Sc3SnB,5,83.00000000000001,68.99999999999999
mb-07884,PrLuIn2,4,56.00000000000001,21.999999999999996
mb-07885,Cs2PdI6,9,10.0,4.0
mb-07886,AlAu2,3,128.99999999999994,27.000000000000004
mb-07887,TeO2,12,5.000000000000001,35.0
mb-07888,TeO2,12,29.999999999999996,28.0
mb-07889,YbPrMg2,4,34.0,17.999999999999996
mb-07890,TbB2Rh2C,6,199.00000000000009,42.00000000000001
mb-07891,K2NaYF6,10,54.000000000000014,21.0
mb-07892,Dy2IrAu,4,109.99999999999997,34.0
mb-07893,Ca(CuP)2,5,85.99999999999999,36.0
mb-07894,YCo4B,12,164.00000000000003,58.00000000000001
mb-07895,MnHO2,8,114.00000000000003,62.0
mb-07896,MnBe2Co,4,128.99999999999994,93.99999999999997
mb-07897,Li3Ga,4,26.0,13.999999999999998
mb-07898,NiP2,6,101.99999999999999,67.0
mb-07899,PmHo3,8,45.00000000000001,25.000000000000007
mb-07900,CrNi3,4,193.00000000000006,99.0
mb-07901,ZrGa3,4,96.99999999999999,72.00000000000001
mb-07902,Zn(InS2)2,14,66.00000000000001,28.0
mb-07903,NaBH4,6,12.999999999999998,12.000000000000002
mb-07904,Y4Al2O9,60,132.00000000000006,63.999999999999986
mb-07905,MnSn2,6,63.999999999999986,47.99999999999999
mb-07906,Mg2AgIr,4,100.0,29.0
mb-07907,MoW3(SeS3)2,12,20.000000000000004,13.999999999999998
mb-07908,BeCu,2,141.99999999999994,70.00000000000001
mb-07909,AlGa3N4,8,178.00000000000003,107.00000000000001
mb-07910,LiMgH3,10,39.99999999999999,32.00000000000001
mb-07911,AgCl,4,42.00000000000001,7.0
mb-07912,NaMnPO4,28,83.99999999999999,39.99999999999999
mb-07913,SrSnO3,10,111.99999999999997,66.00000000000001
mb-07914,Na(Cu3O4)2,15,118.99999999999996,36.0
mb-07915,CrSi2,9,181.00000000000003,154.0
mb-07916,CrSi2,9,195.99999999999994,156.0
mb-07917,ZnCuNi2,4,181.99999999999994,48.99999999999999
mb-07918,Co2NiSe4,7,85.99999999999999,39.99999999999999
mb-07919,SnSe,4,28.0,13.999999999999998
mb-07920,Dy2AgIr,4,102.99999999999996,33.0
mb-07921,TeO2,12,25.000000000000007,18.999999999999996
mb-07922,Cu3Si,8,140.99999999999991,49.99999999999999
mb-07923,HfVGe,6,154.99999999999997,70.00000000000001
mb-07924,H4BrN,6,4.0,7.999999999999999
mb-07925,Hf2CuOs,4,176.00000000000006,57.00000000000001
mb-07926,BP,4,170.00000000000006,158.0
mb-07927,K3BAs2,12,16.0,7.0
mb-07928,GdOF,6,109.99999999999997,49.99999999999999
mb-07929,Mo2N,6,300.0000000000001,88.00000000000001
mb-07930,ZrInAu2,4,121.00000000000006,23.999999999999993
mb-07931,La2In,6,72.00000000000001,13.999999999999998
mb-07932,V2O3,10,202.00000000000006,79.99999999999999
mb-07933,MnSe,4,58.00000000000001,26.0
mb-07934,Ca2ZnRh,4,48.99999999999999,17.999999999999996
mb-07935,Ti3Tl,4,109.99999999999997,58.00000000000001
mb-07936,ZnS,12,68.99999999999999,33.0
mb-07937,Na3HfF7,11,39.99999999999999,15.000000000000004
mb-07938,Ce(SiIr)2,5,165.0,105.00000000000004
mb-07939,TiPt3,8,234.00000000000006,92.00000000000001
mb-07940,Co2P2O7,11,127.99999999999999,48.99999999999999
mb-07941,Sm2AlZn,4,50.999999999999986,32.00000000000001
mb-07942,Ag,2,88.00000000000001,28.0
mb-07943,LaMnN3,10,130.00000000000006,47.99999999999999
mb-07944,NdNi2,6,108.00000000000004,37.99999999999999
mb-07945,Cs2PtF6,9,20.000000000000004,9.0
mb-07946,BW,4,340.9999999999999,186.00000000000009
mb-07947,BeO,8,170.99999999999991,138.99999999999997
mb-07948,VCo3,4,296.99999999999994,160.99999999999994
mb-07949,LaNdZn2,4,49.99999999999999,23.999999999999993
mb-07950,PrLuMg2,4,36.0,21.999999999999996
mb-07951,SrAl2O4,42,89.0,42.99999999999999
mb-07952,Sc2AgIr,4,122.00000000000004,36.0
mb-07953,Ga4Ni3,56,132.00000000000006,62.0
mb-07954,CaAgO2,8,98.0,30.999999999999996
mb-07955,Pr2ZnAg,4,50.999999999999986,21.999999999999996
mb-07956,Ga,2,48.99999999999999,15.000000000000004
mb-07957,Mg2Tl,9,34.0,11.000000000000002
mb-07958,MgGeIr2,4,183.99999999999997,79.99999999999999
mb-07959,CoSb2,6,98.0,63.0
mb-07960,SiOs,8,210.99999999999997,78.99999999999999
mb-07961,CsClO4,6,33.0,11.000000000000002
mb-07962,Zr2AlC,8,124.00000000000003,90.00000000000003
mb-07963,ErAgS2,8,52.00000000000001,20.000000000000004
mb-07964,ScAlPt2,4,150.00000000000003,28.0
mb-07965,CaAl4,5,57.00000000000001,28.0
mb-07966,NaNdAu2,4,52.00000000000001,17.0
mb-07967,Ti2ReTc,4,192.00000000000003,77.0
mb-07968,Ti2ReRu,4,179.00000000000006,89.0
mb-07969,TmAgSn,9,72.00000000000001,39.99999999999999
mb-07970,ErSnRu2,4,149.0,64.99999999999999
mb-07971,V2InC,8,154.0,102.99999999999996
mb-07972,PrYZn2,4,55.00000000000001,21.999999999999996
mb-07973,Lu2HgAu,4,83.99999999999999,28.0
mb-07974,Li3(CuO2)2,9,50.999999999999986,30.999999999999996
mb-07975,Pr2CdAg,4,48.99999999999999,18.999999999999996
mb-07976,LiPd,2,73.0,27.000000000000004
mb-07977,LiAg,2,61.000000000000014,15.000000000000004
mb-07978,NdRh3C,5,179.00000000000006,68.00000000000001
mb-07979,SiO2,6,134.00000000000003,54.000000000000014
mb-07980,LiFeF4,6,56.00000000000001,32.00000000000001
mb-07981,HfAlFe2,4,165.99999999999997,91.00000000000001
mb-07982,Na5CoSO2,9,35.0,21.0
mb-07983,HfPd3,4,194.99999999999991,85.99999999999999
mb-07984,Li3MnO3,28,76.0,34.0
mb-07985,Ta2MnOs,4,259.9999999999999,70.00000000000001
mb-07986,AlAuO2,8,171.99999999999991,72.00000000000001
mb-07987,AlB2,3,184.99999999999997,117.00000000000001
mb-07988,ScNiSn,12,100.0,37.0
mb-07989,Li2MnFeO4,8,124.99999999999994,85.99999999999999
mb-07990,WO2F,8,86.99999999999999,63.0
mb-07991,Cu2SnSe3,12,55.00000000000001,21.999999999999996
mb-07992,Fe2B4Mo,7,308.00000000000006,175.0
mb-07993,Hg,1,7.0,3.0
mb-07994,Lu2InHg,4,64.99999999999999,23.999999999999993
mb-07995,Lu2ZnGa,4,68.00000000000001,39.99999999999999
mb-07996,Sc2TcAg,4,109.00000000000004,42.99999999999999
mb-07997,Yb2InHg,4,35.0,18.999999999999996
mb-07998,TaAlNi2,4,192.00000000000003,54.000000000000014
mb-07999,MgCd,2,21.999999999999996,12.999999999999998
mb-08000,AlTlSe2,8,25.000000000000007,12.999999999999998
mb-08001,KNbO3,5,182.99999999999991,96.99999999999999
mb-08002,SrZnCl4,12,30.999999999999996,12.999999999999998
mb-08003,LiNi3O4,8,150.00000000000003,77.0
mb-08004,Nd2ZnAg,4,54.000000000000014,22.999999999999996
mb-08005,Fe(HO)2,5,44.0,27.000000000000004
mb-08006,NbRh,18,217.9999999999999,57.00000000000001
mb-08007,YAl,2,64.99999999999999,35.0
mb-08008,SrZrO3,10,144.00000000000003,86.99999999999999
mb-08009,Li,3,13.999999999999998,6.0
mb-08010,NaNbO3,20,85.99999999999999,50.999999999999986
mb-08011,Na3AlF6,10,49.99999999999999,27.000000000000004
mb-08012,TmCuSe2,4,66.00000000000001,29.0
mb-08013,GeRu,8,161.99999999999994,79.99999999999999
mb-08014,LaSmZn2,4,47.99999999999999,22.999999999999996
mb-08015,CaTmCd2,4,45.00000000000001,23.999999999999993
mb-08016,Ti3Ga,4,118.00000000000003,63.0
mb-08017,Mn2CrO4,28,154.0,49.99999999999999
mb-08018,CuS,2,77.0,17.0
mb-08019,Sr(GaTe2)2,7,33.0,15.000000000000004
mb-08020,Zr2SN2,5,156.99999999999994,76.0
mb-08021,MnO2,6,33.0,33.0
mb-08022,FeP4,10,138.99999999999997,118.00000000000003
mb-08023,YHg2,3,63.999999999999986,29.0
mb-08024,DyAlO3,20,193.00000000000006,112.99999999999994
mb-08025,ScTc2W,4,223.0,83.99999999999999
mb-08026,AcAgHg2,4,52.00000000000001,5.000000000000001
mb-08027,SrHfO3,10,156.0,98.0
mb-08028,TaTe4,10,12.000000000000002,22.999999999999996
mb-08029,EuI2,12,13.999999999999998,7.999999999999999
mb-08030,Hf3Tl,4,99.0,57.00000000000001
mb-08031,SrZrN2,4,150.00000000000003,109.00000000000004
mb-08032,CsGeBr3,5,11.000000000000002,20.000000000000004
mb-08033,LiFePd2,4,117.00000000000001,29.0
mb-08034,CdAu,2,88.00000000000001,12.999999999999998
mb-08035,TiAs,4,116.00000000000003,64.99999999999999
mb-08036,ThBi,2,75.00000000000001,21.999999999999996
mb-08037,GdScO3,20,161.99999999999994,79.99999999999999
mb-08038,LaN,2,122.00000000000004,67.0
mb-08039,SiP2,12,83.99999999999999,77.0
mb-08040,NaNbO3,40,101.00000000000001,59.00000000000001
mb-08041,Cr3Os,8,281.9999999999999,102.99999999999996
mb-08042,CeAlSi2,8,86.99999999999999,47.00000000000001
mb-08043,MgGeP2,8,63.999999999999986,30.999999999999996
mb-08044,CrHO2,8,168.99999999999997,101.00000000000001
mb-08045,Ni3Sb,4,170.99999999999991,48.99999999999999
mb-08046,Tm2ZnHg,4,68.00000000000001,23.999999999999993
mb-08047,Cs2TlSiH6,10,18.999999999999996,7.999999999999999
mb-08048,NbAlNi2,4,181.00000000000003,45.00000000000001
mb-08049,Zn7Mo,8,101.99999999999999,46.0
mb-08050,Zn(SbO2)2,28,44.0,13.999999999999998
mb-08051,KCu4Se3,8,39.99999999999999,13.999999999999998
mb-08052,Ti2CuTc,4,162.99999999999994,47.99999999999999
mb-08053,K,2,4.0,2.0
mb-08054,Sc3In,4,62.0,37.99999999999999
mb-08055,TiCuSn,6,102.99999999999996,52.00000000000001
mb-08056,RbCuF3,5,63.999999999999986,29.999999999999996
mb-08057,VPt3,4,240.99999999999997,109.99999999999997
mb-08058,NdErZn2,4,58.00000000000001,20.000000000000004
mb-08059,ScAuO2,8,134.00000000000003,42.99999999999999
mb-08060,Na(WO3)2,9,179.99999999999997,102.99999999999996
mb-08061,TiAl2O5,16,182.99999999999991,93.99999999999997
mb-08062,NaNbN2,4,131.00000000000006,91.00000000000001
mb-08063,KAlF4,12,46.0,17.999999999999996
mb-08064,BaCO3,10,47.99999999999999,20.000000000000004
mb-08065,NbGaO4,12,162.99999999999994,59.00000000000001
mb-08066,GaAs,4,60.0,39.99999999999999
mb-08067,V2NiSe4,7,83.99999999999999,42.99999999999999
mb-08068,Ti3Os,4,156.99999999999994,48.99999999999999
mb-08069,TlInS2,4,47.00000000000001,21.999999999999996
mb-08070,CoPO4,12,83.00000000000001,61.000000000000014
mb-08071,InTe,8,20.000000000000004,12.000000000000002
mb-08072,K3CrO4,8,37.99999999999999,12.999999999999998
mb-08073,YAlPd,9,92.99999999999999,21.999999999999996
mb-08074,Pr3Sn,4,46.0,25.000000000000007
mb-08075,CaSi2,6,60.0,37.99999999999999
mb-08076,Sc2TlC,8,79.99999999999999,50.999999999999986
mb-08077,LaSi,8,68.99999999999999,40.99999999999999
mb-08078,Sr2SnO4,7,135.99999999999997,68.99999999999999
mb-08079,SnAu5,6,114.00000000000003,17.999999999999996
mb-08080,Tl2SnTe5,16,17.999999999999996,7.999999999999999
mb-08081,Mg13Ir3,32,60.0,28.0
mb-08082,Y2H2C,5,95.00000000000001,66.00000000000001
mb-08083,KIn9Ni2,12,39.99999999999999,18.999999999999996
mb-08084,NbTe4,10,35.0,21.0
mb-08085,KLiO,12,25.000000000000007,17.999999999999996
mb-08086,TiSe,8,105.00000000000004,61.000000000000014
mb-08087,Tb,1,40.99999999999999,25.000000000000007
mb-08088,CuI,4,7.999999999999999,3.0
mb-08089,Y(Al2Cr)4,13,119.99999999999996,77.99999999999999
mb-08090,Si3Pt2,10,160.99999999999994,25.000000000000007
mb-08091,Zr2SeN2,5,146.99999999999997,75.00000000000001
mb-08092,Ba2CuF6,9,58.00000000000001,23.999999999999993
mb-08093,CsPbBr3,5,12.999999999999998,7.0
mb-08094,CaCO3,20,70.99999999999999,29.999999999999996
mb-08095,AlV4C3,16,219.00000000000009,165.99999999999997
mb-08096,Zr2Al,6,102.99999999999996,52.999999999999986
mb-08097,Ca3N2,10,72.00000000000001,37.99999999999999
mb-08098,TbGa2Co3,6,112.99999999999994,63.0
mb-08099,PuSi2,3,92.99999999999999,47.99999999999999
mb-08100,RbNa2Sb,4,15.000000000000004,12.000000000000002
mb-08101,HoHfRu2,4,168.0,72.00000000000001
mb-08102,Mg4H2O5,11,78.99999999999999,61.000000000000014
mb-08103,ZnCdSe2,4,50.999999999999986,18.999999999999996
mb-08104,Mg3Ag,8,47.99999999999999,22.999999999999996
mb-08105,Na3Bi,4,18.999999999999996,9.0
mb-08106,Sr2TlCuO5,9,81.0,54.000000000000014
mb-08107,LaGe,8,63.999999999999986,37.99999999999999
mb-08108,Zr3Sn,8,102.99999999999996,39.99999999999999
mb-08109,V3Te4,7,52.999999999999986,33.0
mb-08110,NdB2Ru3,6,210.99999999999997,96.0
mb-08111,NpGa5Co,7,101.99999999999999,78.99999999999999
mb-08112,CrAs,4,88.00000000000001,66.00000000000001
mb-08113,Mn5C2,14,219.99999999999997,111.99999999999997
mb-08114,Zn2GeSe4,7,34.0,21.0
mb-08115,KRb2NiF6,10,35.0,9.0
mb-08116,BaCu3O4,8,75.00000000000001,30.999999999999996
mb-08117,TiNiO3,10,170.99999999999991,72.00000000000001
mb-08118,Sm2AgRh,4,76.0,21.0
mb-08119,LiMg7,8,44.0,20.000000000000004
mb-08120,Na5OsN4,20,39.99999999999999,15.000000000000004
mb-08121,Li2MnBr4,7,22.999999999999996,10.0
mb-08122,HgPd3,4,135.0,30.999999999999996
mb-08123,Nd2Mg,6,35.0,16.0
mb-08124,CuTeO4,6,70.00000000000001,40.99999999999999
mb-08125,LiZr2Re,4,124.00000000000003,37.0
mb-08126,NbSe2,12,23.999999999999993,17.0
mb-08127,Na3Hg,4,21.999999999999996,7.999999999999999
mb-08128,BaZnBi2,8,32.00000000000001,18.999999999999996
mb-08129,Ti7Al2O15,24,197.0,85.99999999999999
mb-08130,LuNi2Sn,4,103.99999999999997,29.0
mb-08131,Sc3Cd,8,63.0,34.0
mb-08132,NaTi2BiO6,10,102.99999999999996,37.99999999999999
mb-08133,LiHf2Tc,4,95.00000000000001,32.00000000000001
mb-08134,K2SnBr6,9,7.999999999999999,5.000000000000001
mb-08135,Lu2ZnHg,4,72.00000000000001,26.0
mb-08136,CaSnO3,20,143.00000000000003,77.0
mb-08137,BaTiO3,5,162.99999999999994,107.00000000000001
mb-08138,Y4Al2O9,60,122.00000000000004,68.00000000000001
mb-08139,SiRu,2,248.00000000000009,105.00000000000004
mb-08140,Rb2LiTlCl6,10,20.000000000000004,10.0
mb-08141,RbN3,4,17.0,7.0
mb-08142,Hf2IrPd,4,178.00000000000003,33.0
mb-08143,V6Si5,22,182.99999999999991,118.99999999999996
mb-08144,Mg3H4O5,12,47.99999999999999,32.00000000000001
mb-08145,PaAlCu2,4,106.00000000000004,29.999999999999996
mb-08146,Ca2Si,3,35.0,23.999999999999993
mb-08147,Cs2NaAsCl6,10,21.0,9.0
mb-08148,TiCr2,12,197.0,72.00000000000001
mb-08149,NiAs2,12,112.99999999999994,54.000000000000014
mb-08150,Ba(AsPd)2,5,55.00000000000001,28.0
mb-08151,Dy2ZnHg,4,68.00000000000001,23.999999999999993
mb-08152,Ca(HoSe2)2,7,42.00000000000001,28.0
mb-08153,AgP2,12,62.0,26.0
mb-08154,NaTaO3,5,210.99999999999997,96.99999999999999
mb-08155,Ni2Mo,3,232.99999999999994,96.99999999999999
mb-08156,Sm2AlCd,4,57.00000000000001,29.0
mb-08157,TlBi2,3,40.99999999999999,11.000000000000002
mb-08158,BaSi2,12,50.999999999999986,34.0
mb-08159,Y6FeSb2,9,59.00000000000001,35.0
mb-08160,Mg3Sn,4,37.0,25.000000000000007
mb-08161,GaSb,4,35.0,33.0
mb-08162,Tm2CuAu,4,92.00000000000001,37.0
mb-08163,Li2MgBr4,7,21.0,12.000000000000002
mb-08164,Ba(Cu3As)2,9,67.0,23.999999999999993
mb-08165,Tb2AgIr,4,101.00000000000001,29.999999999999996
mb-08166,SrZnPb,6,102.99999999999996,30.999999999999996
mb-08167,MnCoGe,6,161.99999999999994,61.000000000000014
mb-08168,VFeO4,12,90.00000000000003,50.999999999999986
mb-08169,Ge2Te5As2,9,47.99999999999999,36.0
mb-08170,GeSe2,6,10.0,12.000000000000002
mb-08171,Mn(FeO2)2,14,158.0,59.00000000000001
mb-08172,Cu4Pd,20,146.00000000000003,48.99999999999999
mb-08173,SnAs,2,159.99999999999991,44.0
mb-08174,Y4Sb3,14,64.99999999999999,30.999999999999996
mb-08175,CeAlO3,5,191.00000000000006,98.0
mb-08176,TmAgTe2,4,48.99999999999999,17.999999999999996
mb-08177,ZrTiTe4,6,15.000000000000004,12.000000000000002
mb-08178,HoHg2,3,62.0,29.0
mb-08179,Ca3Tl,8,13.999999999999998,11.000000000000002
mb-08180,CaSiPt,12,60.0,34.0
mb-08181,Y4CuTe8,26,48.99999999999999,23.999999999999993
mb-08182,MnSiRh,12,154.0,68.99999999999999
mb-08183,Cu2SnTe3,6,46.0,20.000000000000004
mb-08184,SmSn3,4,57.00000000000001,10.0
mb-08185,LiCd3,4,35.0,10.0
mb-08186,PaAl3,4,92.00000000000001,55.00000000000001
mb-08187,Co7Mo6,13,264.0000000000001,126.00000000000001
mb-08188,VO2F,8,21.999999999999996,32.00000000000001
mb-08189,Li2TlPt,4,55.00000000000001,37.0
mb-08190,Zn2GeS4,7,42.00000000000001,25.000000000000007
mb-08191,SrNbO3,5,173.00000000000003,81.0
mb-08192,NaPd2Pb,4,35.0,12.999999999999998
mb-08193,LiFePO4,28,57.00000000000001,23.999999999999993
mb-08194,BaZnPb,6,29.999999999999996,20.000000000000004
mb-08195,Pr3Er,4,35.0,18.999999999999996
mb-08196,NdAgAu2,4,78.99999999999999,9.0
mb-08197,TlCuCl3,5,38.99999999999999,17.999999999999996
mb-08198,TlAuO2,4,98.0,17.999999999999996
mb-08199,LiAgF2,8,79.99999999999999,27.000000000000004
mb-08200,SrSbSe2F,10,44.0,16.0
mb-08201,Yb2Si2O7,11,92.00000000000001,30.999999999999996
mb-08202,Nd2Tl,6,44.0,17.0
mb-08203,NaCeAu2,4,5.000000000000001,17.999999999999996
mb-08204,YbPrPd2,4,72.00000000000001,21.999999999999996
mb-08205,LiAsH6(OF2)3,34,16.0,7.999999999999999
mb-08206,MgBiF6,8,18.999999999999996,21.999999999999996
mb-08207,LiVF4,12,66.00000000000001,33.0
mb-08208,PNO,24,50.999999999999986,55.00000000000001
mb-08209,GaHO2,8,174.00000000000009,91.00000000000001
mb-08210,VFeRu2,4,214.00000000000006,101.00000000000001
mb-08211,NiS,6,124.00000000000003,58.00000000000001
mb-08212,Ni(HO)2,5,55.00000000000001,36.0
mb-08213,MnSe,2,36.0,28.0
mb-08214,LiTbSe2,8,47.00000000000001,29.999999999999996
mb-08215,Mn2Au5,7,126.99999999999999,32.00000000000001
mb-08216,LiVF4,12,52.999999999999986,29.999999999999996
mb-08217,Cs2CaSnCl6,10,29.0,16.0
mb-08218,SiO2,12,36.0,18.999999999999996
mb-08219,P2W,6,189.00000000000006,112.99999999999994
mb-08220,Co2B4Mo,7,302.99999999999983,179.00000000000006
mb-08221,Li(Fe3P2)2,11,175.0,85.99999999999999
mb-08222,VSnO4,6,202.00000000000006,103.99999999999997
mb-08223,MgIn3,4,39.99999999999999,7.999999999999999
mb-08224,AlGaN2,4,183.99999999999997,111.99999999999997
mb-08225,TmLuCo2,4,85.99999999999999,45.00000000000001
mb-08226,ErHg2,3,63.0,29.0
mb-08227,Sr3PN,5,47.99999999999999,37.99999999999999
mb-08228,HfCr2,12,189.99999999999994,66.00000000000001
mb-08229,LiAlO2,4,141.99999999999994,103.99999999999997
mb-08230,Pr,8,32.00000000000001,17.0
mb-08231,C(ClF)2,10,2.0,1.0
mb-08232,Ho3In,8,52.999999999999986,25.000000000000007
mb-08233,CoF3,12,95.00000000000001,47.00000000000001
mb-08234,Ti2N,6,179.00000000000006,103.99999999999997
mb-08235,As2PdO6,9,141.99999999999994,72.00000000000001
mb-08236,Zr6Al2Ni,9,105.00000000000004,50.999999999999986
mb-08237,Zr3N2,10,195.99999999999994,116.00000000000003
mb-08238,Mg3Ir,8,77.0,28.0
mb-08239,Ba2CaCu2HgO6,12,78.99999999999999,34.0
mb-08240,MgS,2,55.00000000000001,18.999999999999996
mb-08241,Cs(MnP)2,5,47.00000000000001,28.0
mb-08242,UIn3,4,63.999999999999986,37.0
mb-08243,AgBiS2,4,61.000000000000014,15.000000000000004
mb-08244,Na(VS2)2,7,42.99999999999999,17.0
mb-08245,Al3Os2,5,204.0,114.00000000000003
mb-08246,NbCo2,6,231.00000000000009,111.00000000000004
mb-08247,HfNi5,6,168.99999999999997,85.99999999999999
mb-08248,MnV2O6,9,42.99999999999999,27.000000000000004
mb-08249,Er2MgTl,4,55.00000000000001,20.000000000000004
mb-08250,LiDySe2,8,45.00000000000001,29.999999999999996
mb-08251,Zn3CdS4,8,54.000000000000014,28.0
mb-08252,ZrO2,6,174.00000000000009,38.99999999999999
mb-08253,NbSe2,12,22.999999999999996,15.000000000000004
mb-08254,LiAl3,4,63.0,34.0
mb-08255,LiBiS2,8,48.99999999999999,32.00000000000001
mb-08256,Te2Mo,12,20.000000000000004,12.000000000000002
mb-08257,GeTe,8,38.99999999999999,37.0
mb-08258,CaSi2,3,60.0,35.0
mb-08259,MoSBr,12,56.00000000000001,29.0
mb-08260,Cu2SnTe3,12,46.0,20.000000000000004
mb-08261,LaAu3,4,100.0,2.0
mb-08262,VBiO4,12,127.99999999999999,45.00000000000001
mb-08263,YbSnPd,9,68.99999999999999,25.000000000000007
mb-08264,SmCoC2,4,161.99999999999994,90.00000000000003
mb-08265,PrLu3,8,40.99999999999999,23.999999999999993
mb-08266,RbFeF4,6,47.99999999999999,12.000000000000002
mb-08267,Hf2OsPd,4,178.00000000000003,46.0
mb-08268,EuMg,2,11.000000000000002,13.999999999999998
mb-08269,PdI2,6,6.0,3.0
mb-08270,Ba,2,7.999999999999999,4.0
mb-08271,Y2Mo2O7,22,177.00000000000009,64.99999999999999
mb-08272,HfCo3B2,6,254.99999999999991,158.99999999999994
mb-08273,Mg2ZnRh,4,88.00000000000001,28.0
mb-08274,SmCo5,6,144.00000000000003,40.99999999999999
mb-08275,MgSiO3,20,103.99999999999997,60.0
mb-08276,YbMgIn2,4,46.0,20.000000000000004
mb-08277,UMn2,6,135.0,38.99999999999999
mb-08278,DyCuSeO,8,92.00000000000001,38.99999999999999
mb-08279,Ga3PO7,11,150.00000000000003,60.0
mb-08280,CoTe2,6,84.99999999999999,46.0
mb-08281,VBiO4,12,127.99999999999999,45.00000000000001
mb-08282,In2Bi,6,40.99999999999999,7.999999999999999
mb-08283,Li,8,13.999999999999998,7.0
mb-08284,UTi2O6,9,150.99999999999994,58.00000000000001
mb-08285,VS2,3,20.000000000000004,16.0
mb-08286,Mo3Os,8,292.00000000000006,119.99999999999996
mb-08287,CaAl2SiO6,40,126.99999999999999,70.00000000000001
mb-08288,VO2,12,165.99999999999997,59.00000000000001
mb-08289,LiTiTe2,4,37.99999999999999,25.000000000000007
mb-08290,Sm2TlZn,4,56.00000000000001,22.999999999999996
mb-08291,La2ZnAg,4,52.00000000000001,16.0
mb-08292,Th2Ag,6,74.00000000000001,12.999999999999998
mb-08293,Pm2Mg,3,38.99999999999999,21.0
mb-08294,HoErAl2,4,67.0,36.0
mb-08295,SrCu2O3,12,95.00000000000001,42.99999999999999
mb-08296,LiHoSe2,8,47.00000000000001,30.999999999999996
mb-08297,Rb2MnBr4,7,21.0,7.0
mb-08298,Dy2AlGe2,10,77.99999999999999,44.0
mb-08299,Al2CoOs,4,200.00000000000003,109.00000000000004
mb-08300,ZnCu,2,114.00000000000003,32.00000000000001
mb-08301,MgSiO3,80,90.00000000000003,67.0
mb-08302,V2CdO6,9,84.99999999999999,42.00000000000001
mb-08303,AlCrFe2,4,238.99999999999991,96.99999999999999
mb-08304,Fe8N3,33,212.99999999999994,93.99999999999997
mb-08305,LiTiS2,4,54.000000000000014,38.99999999999999
mb-08306,Y2NiIr,4,106.00000000000004,39.99999999999999
mb-08307,MgCd,6,42.00000000000001,17.0
mb-08308,MgCuBi,3,57.00000000000001,25.000000000000007
mb-08309,SnS,4,28.0,16.0
mb-08310,LiNi4O5,10,158.0,82.0
mb-08311,Ba(SbPd)2,5,63.0,21.999999999999996
mb-08312,Al2O3,40,201.00000000000009,102.99999999999996
mb-08313,Mg2Pd,24,68.99999999999999,28.0
mb-08314,Tb2Mg,3,38.99999999999999,20.000000000000004
mb-08315,TmMnRh2,4,152.00000000000003,46.0
mb-08316,Li2ZnCl4,14,32.00000000000001,15.000000000000004
mb-08317,NiBiO3,10,122.00000000000004,55.00000000000001
mb-08318,MoF3,4,92.00000000000001,36.0
mb-08319,TlCu3Se2,12,38.99999999999999,13.999999999999998
mb-08320,Ba(CuS)2,5,66.00000000000001,29.0
mb-08321,H3N,16,7.999999999999999,5.000000000000001
mb-08322,Nb2C,3,219.00000000000009,86.99999999999999
mb-08323,Rb2PdI6,9,9.0,4.0
mb-08324,Nb2Se3,10,68.99999999999999,42.00000000000001
mb-08325,BaSi2,3,48.99999999999999,36.0
mb-08326,Ca2Ge,3,23.999999999999993,23.999999999999993
mb-08327,Re3Ir,4,371.00000000000017,205.99999999999994
mb-08328,Rb2CrF6,9,23.999999999999993,12.999999999999998
mb-08329,Ba2ZnReO6,10,130.00000000000006,49.99999999999999
mb-08330,Ti3AlN,5,162.99999999999994,45.00000000000001
mb-08331,BeGaCo2,4,201.00000000000009,99.0
mb-08332,SiSbPt5,7,193.00000000000006,27.000000000000004
mb-08333,LiNiO2,8,114.00000000000003,77.0
mb-08334,Zn3Rh,8,127.99999999999999,42.99999999999999
mb-08335,Sc2InC,8,82.0,54.000000000000014
mb-08336,Fe2CuGe2,10,128.99999999999994,62.0
mb-08337,Na3ZrF8,12,40.99999999999999,17.0
mb-08338,ZrB12,13,232.99999999999994,201.00000000000009
mb-08339,Hf2CuIr,4,167.0,45.00000000000001
mb-08340,Dy2ZnIr,4,100.0,37.0
mb-08341,Cs2MnCl4,7,13.999999999999998,9.0
mb-08342,NaTiS2,4,52.00000000000001,30.999999999999996
mb-08343,SmRu2,6,152.00000000000003,13.999999999999998
mb-08344,Zr2Fe,6,124.00000000000003,32.00000000000001
mb-08345,Nb2CS2,5,34.0,23.999999999999993
mb-08346,SrCu2O3,6,93.99999999999997,44.0
mb-08347,SmMg3,8,29.999999999999996,16.0
mb-08348,Cu3Sn,8,108.00000000000004,38.99999999999999
mb-08349,Ca3(AlSi)2,7,49.99999999999999,35.0
mb-08350,ZnRh3,4,207.99999999999997,90.00000000000003
mb-08351,FePO4,24,60.0,47.99999999999999
mb-08352,PrErZn2,4,49.99999999999999,22.999999999999996
mb-08353,SiRh,8,183.99999999999997,90.00000000000003
mb-08354,CaIn2Cu,8,47.99999999999999,30.999999999999996
mb-08355,Ta2CrFe,4,232.00000000000009,98.0
mb-08356,ScZn3,4,86.99999999999999,33.0
mb-08357,ScGa2,6,74.00000000000001,52.00000000000001
mb-08358,Gd2Ru2O7,22,167.0,81.0
mb-08359,NbCoSb,3,156.0,58.00000000000001
mb-08360,LaAl4,15,70.00000000000001,29.0
mb-08361,CdBiS2Br,10,29.0,16.0
mb-08362,Ti2VSe4,7,67.0,47.99999999999999
mb-08363,U2N3,5,202.00000000000006,93.99999999999997
mb-08364,CsTiCl3,10,16.0,9.0
mb-08365,Be22W,46,133.0,150.00000000000003
mb-08366,YThRu2,4,123.00000000000003,29.999999999999996
mb-08367,KAlF4,6,57.00000000000001,16.0
mb-08368,TaCo2,6,242.99999999999997,119.99999999999996
mb-08369,Na6WN4,22,55.00000000000001,37.0
mb-08370,PrC2,3,92.00000000000001,29.0
mb-08371,LiFeO2,8,126.99999999999999,85.99999999999999
mb-08372,MgSiO3,20,98.0,70.00000000000001
mb-08373,ZnCdS2,4,47.00000000000001,20.000000000000004
mb-08374,LiYSe2,8,47.00000000000001,29.0
mb-08375,SrCaHg2,4,29.999999999999996,9.0
mb-08376,Ce3Al,4,38.99999999999999,27.000000000000004
mb-08377,K,4,4.0,1.0
mb-08378,YGa3,4,54.000000000000014,37.0
mb-08379,Sn2Rh,6,108.00000000000004,46.0
mb-08380,ZrAl,4,108.00000000000004,68.00000000000001
mb-08381,FeGe2,6,119.99999999999996,77.0
mb-08382,DySe2,6,77.99999999999999,29.999999999999996
mb-08383,Sc2AlCu,4,57.00000000000001,34.0
mb-08384,Mg3Pb,4,68.99999999999999,16.0
mb-08385,MgSc2Tc,4,90.00000000000003,22.999999999999996
mb-08386,NdBiAu2,4,76.0,10.0
mb-08387,Nd5AgSe8,14,60.0,28.0
mb-08388,HoErPd2,4,99.0,34.0
mb-08389,Tl(Cu3S2)2,11,54.000000000000014,13.999999999999998
mb-08390,ScGaO3,10,179.00000000000006,83.00000000000001
mb-08391,Dy2IrRu,4,126.00000000000001,54.000000000000014
mb-08392,Mg3In,4,21.999999999999996,25.000000000000007
mb-08393,Ca2SnS4,7,42.99999999999999,29.999999999999996
mb-08394,TiBrO,6,15.000000000000004,15.000000000000004
mb-08395,HoPd,2,95.00000000000001,32.00000000000001
mb-08396,VCuRh2,4,215.00000000000003,32.00000000000001
mb-08397,CeOs2,6,197.99999999999991,12.999999999999998
mb-08398,NbS3,16,17.999999999999996,11.000000000000002
mb-08399,Sr4Fe4O11,38,123.00000000000003,70.99999999999999
mb-08400,Na2CoO3,12,70.99999999999999,37.99999999999999
mb-08401,HfBe2,3,127.99999999999999,102.99999999999996
mb-08402,PrAlO3,10,193.99999999999997,135.0
mb-08403,SiO2,12,133.0,54.000000000000014
mb-08404,AlPt3,4,225.0000000000001,91.00000000000001
mb-08405,CoSe2,12,99.0,66.00000000000001
mb-08406,Pr,6,32.00000000000001,17.0
mb-08407,YbHg2,3,38.99999999999999,13.999999999999998
mb-08408,CuPdO2,4,158.0,26.0
mb-08409,Th(NiP)2,10,153.00000000000003,70.99999999999999
mb-08410,Na8CoO6,30,47.00000000000001,25.000000000000007
mb-08411,CaAl2O4,14,144.00000000000003,86.99999999999999
mb-08412,Ni3Sb,8,140.00000000000006,59.00000000000001
mb-08413,Ca2H3Br,6,33.0,26.0
mb-08414,TbSe2,6,76.0,29.999999999999996
mb-08415,DyYAl2,4,67.0,36.0
mb-08416,SrEuO2,4,103.99999999999997,61.000000000000014
mb-08417,NpAl3,4,60.0,57.00000000000001
mb-08418,Er2AgIr,4,106.00000000000004,32.00000000000001
mb-08419,PrTm3,8,40.99999999999999,23.999999999999993
mb-08420,FeSn2,6,79.99999999999999,56.00000000000001
mb-08421,CeCdAsO,8,74.00000000000001,23.999999999999993
mb-08422,ZrCr2,12,179.00000000000006,52.999999999999986
mb-08423,TbTiGe,6,83.00000000000001,34.0
mb-08424,YHoAl2,4,64.99999999999999,37.0
mb-08425,Zr3Zn,4,93.99999999999997,37.99999999999999
mb-08426,CuAgF3,5,88.00000000000001,21.999999999999996
mb-08427,TbGa3,4,66.00000000000001,37.99999999999999
mb-08428,Ca2Cu(ClO)2,7,42.00000000000001,22.999999999999996
mb-08429,CrPO4,12,101.99999999999999,76.0
mb-08430,Y6CoBi2,9,57.00000000000001,21.0
mb-08431,PmYAl2,4,63.0,34.0
mb-08432,VPd3,4,179.99999999999997,82.0
mb-08433,DyB2Rh2C,6,204.99999999999994,40.99999999999999
mb-08434,Co,4,211.9999999999999,101.99999999999999
mb-08435,Cs2TlVF6,10,78.99999999999999,13.999999999999998
mb-08436,TbScO3,20,164.00000000000003,82.0
mb-08437,Sn2Mo,18,115.00000000000003,68.99999999999999
mb-08438,Nb5Te4,9,90.00000000000003,42.99999999999999
mb-08439,ZrTiF6,8,84.99999999999999,30.999999999999996
mb-08440,SrZn5,6,52.999999999999986,29.999999999999996
mb-08441,CaTiO3,10,171.99999999999991,106.00000000000004
mb-08442,CdCu2,12,100.0,30.999999999999996
mb-08443,Ca(MnAl2)4,13,90.00000000000003,70.00000000000001
mb-08444,MnB4,5,260.99999999999994,239.99999999999994
mb-08445,VOF,12,156.99999999999994,78.99999999999999
mb-08446,TlGaSe2,8,1.0,7.999999999999999
mb-08447,Sr2HfO4,7,123.00000000000003,72.00000000000001
mb-08448,SrTcN3,10,123.00000000000003,29.999999999999996
mb-08449,YAlO3,20,189.99999999999994,111.00000000000004
mb-08450,B2O3,20,195.99999999999994,153.00000000000003
mb-08451,Cr3B4,7,298.99999999999994,210.99999999999997
mb-08452,Sm2CuRu,4,73.0,32.00000000000001
mb-08453,Sr3CdO4,8,77.0,59.00000000000001
mb-08454,LiVF3,10,64.99999999999999,29.0
mb-08455,Ho2RuAu,4,109.00000000000004,34.0
mb-08456,LiTmRh2,4,101.00000000000001,37.0
mb-08457,AgPtO2,8,123.00000000000003,34.0
mb-08458,Mg3As2,5,54.000000000000014,22.999999999999996
mb-08459,MgSe,2,59.00000000000001,40.99999999999999
mb-08460,TePdI2,8,7.0,3.0
mb-08461,KTiF4,12,36.0,11.000000000000002
mb-08462,YCo5,6,148.00000000000003,46.0
mb-08463,Pr2Tl,6,42.99999999999999,16.0
mb-08464,Zr5Sb4,18,106.00000000000004,47.99999999999999
mb-08465,ZrGaNi2,4,152.00000000000003,30.999999999999996
mb-08466,Hf2ReOs,4,217.9999999999999,100.0
mb-08467,EuGe2,3,47.99999999999999,22.999999999999996
mb-08468,CeScO3,20,154.99999999999997,74.00000000000001
mb-08469,Na3VO4,8,47.00000000000001,20.000000000000004
mb-08470,PrSe2,6,70.00000000000001,28.0
mb-08471,HfFe2Sn,4,179.00000000000006,107.00000000000001
mb-08472,PrHo3,8,39.99999999999999,22.999999999999996
mb-08473,NaV2O4,28,75.00000000000001,33.0
mb-08474,CeBi2SeO4,8,98.0,28.0
mb-08475,Ta2FeOs,4,249.0,83.00000000000001
mb-08476,LiNiF3,10,81.0,38.99999999999999
mb-08477,LiMg2,6,28.0,12.999999999999998
mb-08478,Ga,22,47.00000000000001,7.0
mb-08479,NiS2,6,27.000000000000004,22.999999999999996
mb-08480,HfAlAu2,4,138.99999999999997,18.999999999999996
mb-08481,ScCoTe,3,92.99999999999999,55.00000000000001
mb-08482,VCo2Ge,4,200.00000000000003,74.00000000000001
mb-08483,SeO3,32,5.000000000000001,3.0
mb-08484,Cu2Sb,6,92.00000000000001,35.0
mb-08485,LaF3,8,168.0,37.0
mb-08486,NaP5,24,35.0,18.999999999999996
mb-08487,Cu3Sn,8,106.00000000000004,37.0
mb-08488,LiAl2Os,4,130.00000000000006,61.000000000000014
mb-08489,LuScRh2,4,107.00000000000001,37.0
mb-08490,LiPr2Ru,4,56.00000000000001,17.0
mb-08491,CaCuO2,4,121.00000000000006,63.0
mb-08492,YGe3,8,73.0,52.00000000000001
mb-08493,Sr2ZnWO6,10,144.00000000000003,59.00000000000001
mb-08494,V2CuO6,9,46.0,28.0
mb-08495,V2C,3,219.00000000000009,90.00000000000003
mb-08496,LiC,4,42.00000000000001,29.0
mb-08497,BMo2,6,293.00000000000006,140.99999999999991
mb-08498,YAl3,4,76.0,63.0
mb-08499,Ge,4,59.00000000000001,46.0
mb-08500,Y2NiRu,4,99.0,40.99999999999999
mb-08501,Li2CoCl4,7,25.000000000000007,15.000000000000004
mb-08502,SrZrO3,10,144.00000000000003,83.99999999999999
mb-08503,ZrAl3,4,100.0,63.999999999999986
mb-08504,TbInPt4,6,162.99999999999994,57.00000000000001
mb-08505,MnCoTe,3,111.99999999999997,67.0
mb-08506,NdCo5,6,118.00000000000003,32.00000000000001
mb-08507,AlCo3C,5,234.00000000000006,116.00000000000003
mb-08508,MgGeO3,10,164.00000000000003,92.99999999999999
mb-08509,MgGeAs2,8,52.00000000000001,25.000000000000007
mb-08510,NiHgO2,4,107.00000000000001,28.0
mb-08511,TiNbS4,6,18.999999999999996,13.999999999999998
mb-08512,AgH4WS4N,11,9.0,9.0
mb-08513,NdCo4B,12,150.00000000000003,63.999999999999986
mb-08514,Co3Ni,4,204.99999999999994,105.00000000000004
mb-08515,LiMnO2,4,101.00000000000001,39.99999999999999
mb-08516,Pa,1,95.00000000000001,44.0
mb-08517,LiFeO2,8,124.99999999999994,78.99999999999999
mb-08518,La2MgTiO6,10,150.99999999999994,85.99999999999999
mb-08519,HfBiO4,24,128.99999999999994,60.0
mb-08520,TiO2,24,191.00000000000006,77.99999999999999
mb-08521,PmGaAg2,4,68.00000000000001,11.000000000000002
mb-08522,Li2EuGe,4,38.99999999999999,23.999999999999993
mb-08523,Ba3In2O5F2,12,83.99999999999999,35.0
mb-08524,LiAlH4,12,26.0,17.0
mb-08525,CoAs2,6,144.99999999999997,86.99999999999999
mb-08526,Cu2As,6,108.00000000000004,25.000000000000007
mb-08527,Mn(Ni3O4)2,15,159.99999999999991,84.99999999999999
mb-08528,CdAuO2,8,118.99999999999996,32.00000000000001
mb-08529,Mn3HO6,10,132.00000000000006,64.99999999999999
mb-08530,Mg2H2O3,7,50.999999999999986,33.0
mb-08531,YCuO3,20,119.99999999999996,56.00000000000001
mb-08532,NdDy3,8,36.0,22.999999999999996
mb-08533,Dy,4,40.99999999999999,26.0
mb-08534,TlPd3,4,132.00000000000006,28.0
mb-08535,Ba(AsPd)2,5,63.999999999999986,33.0
mb-08536,BaEr2CoO5,9,126.99999999999999,67.0
mb-08537,MgCd,2,35.0,11.000000000000002
mb-08538,SmSb2,12,59.00000000000001,29.999999999999996
mb-08539,Er2PdAu,4,93.99999999999997,30.999999999999996
mb-08540,SmTlCd,6,50.999999999999986,27.000000000000004
mb-08541,TeO3,8,90.00000000000003,96.0
mb-08542,Nb2CS2,5,35.0,26.0
mb-08543,LiCl,2,32.00000000000001,21.0
mb-08544,SrZnBi2,8,32.00000000000001,17.0
mb-08545,ZrSnIr,9,159.99999999999991,64.99999999999999
mb-08546,LiCuO2,8,79.99999999999999,42.00000000000001
mb-08547,Fe11Si5,16,217.9999999999999,109.00000000000004
mb-08548,ZrCuSi2,8,128.99999999999994,86.99999999999999
mb-08549,Mn2CoSi,4,210.99999999999997,91.00000000000001
mb-08550,YbPO4,12,98.0,47.99999999999999
mb-08551,LiNdS2,8,45.00000000000001,29.0
mb-08552,VIr3,4,319.9999999999999,215.00000000000003
mb-08553,HgPtO2,4,42.00000000000001,16.0
mb-08554,Hg,6,6.0,3.0
mb-08555,NdC2,3,100.0,35.0
mb-08556,Ga,6,48.99999999999999,7.0
mb-08557,Ti2NiSe4,7,77.0,42.99999999999999
mb-08558,ZnPd3,4,152.00000000000003,42.00000000000001
mb-08559,Mg17Al12,29,49.99999999999999,23.999999999999993
mb-08560,Li2FeNiO4,8,109.99999999999997,70.00000000000001
mb-08561,TaCo2,12,222.0000000000001,93.99999999999997
mb-08562,KClO3,20,16.0,7.0
mb-08563,AgSbSe2,8,58.00000000000001,18.999999999999996
mb-08564,CoO2,3,66.00000000000001,36.0
mb-08565,GeS2,6,21.0,13.999999999999998
mb-08566,NaCaTl2,4,83.00000000000001,33.0
mb-08567,LiVF4,12,39.99999999999999,23.999999999999993
mb-08568,Mn2CoO4,28,138.0,54.000000000000014
mb-08569,VH2O3,12,75.00000000000001,50.999999999999986
mb-08570,NaV2O4,28,144.99999999999997,72.00000000000001
mb-08571,Tm2ZnIr,4,101.99999999999999,39.99999999999999
mb-08572,YTmAl2,4,66.00000000000001,35.0
mb-08573,YCu,2,70.00000000000001,35.0
mb-08574,Al4Mo,15,111.00000000000004,74.00000000000001
mb-08575,NaCdO2,4,70.99999999999999,29.999999999999996
mb-08576,Mg3Pt,8,70.99999999999999,23.999999999999993
mb-08577,GdAsO4,12,133.0,61.000000000000014
mb-08578,LiLa2Al,4,40.99999999999999,21.999999999999996
mb-08579,Hf2Ni2Sn,10,141.99999999999994,66.00000000000001
mb-08580,SmYAl2,4,63.0,34.0
mb-08581,Yb2AgPd,4,45.00000000000001,20.000000000000004
mb-08582,NdY3,4,42.00000000000001,21.0
mb-08583,Li2CoO2,5,108.00000000000004,42.00000000000001
mb-08584,LuGaO3,10,165.99999999999997,78.99999999999999
mb-08585,HoHO2,8,111.99999999999997,58.00000000000001
mb-08586,Ni(HO)2,5,50.999999999999986,34.0
mb-08587,TeRh,4,128.99999999999994,35.0
mb-08588,Sr3Hf2O7,12,135.99999999999997,79.99999999999999
mb-08589,Mn(CuCl2)2,7,47.00000000000001,12.999999999999998
mb-08590,ErCuSe2,4,64.99999999999999,29.0
mb-08591,CsInBr3,5,21.0,7.999999999999999
mb-08592,TbCo5,6,148.00000000000003,46.0
mb-08593,LiCa2Hg,4,12.999999999999998,9.0
mb-08594,PrRh3C,5,177.00000000000009,66.00000000000001
mb-08595,LiTiO2,4,133.0,83.00000000000001
mb-08596,Ba2UCoO6,10,126.00000000000001,165.0
mb-08597,ScZn2Au,4,102.99999999999996,39.99999999999999
mb-08598,Ca2Al2SiO7,24,101.99999999999999,52.999999999999986
mb-08599,La,4,25.000000000000007,16.0
mb-08600,NdCuTeO,8,68.99999999999999,17.0
mb-08601,LiLa2HO3,7,123.00000000000003,73.0
mb-08602,HfAl3,4,105.00000000000004,50.999999999999986
mb-08603,AlN,2,194.99999999999991,121.00000000000006
mb-08604,PrDy3,4,37.99999999999999,23.999999999999993
mb-08605,VOF,6,46.0,36.0
mb-08606,YErAl2,4,70.99999999999999,36.0
mb-08607,Ca3MnO4,8,106.00000000000004,70.00000000000001
mb-08608,Li2(NiO2)3,11,95.00000000000001,49.99999999999999
mb-08609,ScBiO3,10,98.0,46.0
mb-08610,ErZnGa,6,73.0,59.00000000000001
mb-08611,LiMnF3,10,70.99999999999999,38.99999999999999
mb-08612,Al2Cu,6,99.0,39.99999999999999
mb-08613,TbB6,7,175.0,67.0
mb-08614,Mg,4,35.0,17.999999999999996
mb-08615,NaMnP,6,47.00000000000001,33.0
mb-08616,Cr3GaN,5,236.00000000000009,112.99999999999994
mb-08617,FeGe,8,135.99999999999997,76.0
mb-08618,K3VO4,8,34.0,11.000000000000002
mb-08619,FeNi3,4,194.99999999999991,91.00000000000001
mb-08620,Sn7Os3,20,119.99999999999996,42.00000000000001
mb-08621,LiTePd2,4,96.0,17.999999999999996
mb-08622,Li2FeP2O7,48,59.00000000000001,21.0
mb-08623,V(CrS2)2,7,83.99999999999999,58.00000000000001
mb-08624,Li2VO3,12,107.00000000000001,70.99999999999999
mb-08625,Er5Si4,36,78.99999999999999,29.0
mb-08626,Si3Ru2,20,202.00000000000006,98.0
mb-08627,NiAgO2,8,124.00000000000003,36.0
mb-08628,Sc3Al,4,52.00000000000001,36.0
mb-08629,CoAsRh,12,194.99999999999991,63.0
mb-08630,TiCoSi,9,184.99999999999997,101.99999999999999
mb-08631,LuFeO3,20,179.00000000000006,84.99999999999999
mb-08632,CdGeO3,10,144.99999999999997,52.999999999999986
mb-08633,ScCl,4,13.999999999999998,6.0
mb-08634,Ba2NdCu3O7,13,109.00000000000004,54.000000000000014
mb-08635,PrNi2,6,149.0,37.0
mb-08636,BaCO3,5,45.00000000000001,21.999999999999996
mb-08637,Co3Se4,7,95.00000000000001,44.0
mb-08638,Cu3P,24,123.00000000000003,39.99999999999999
mb-08639,LiMg3,4,37.99999999999999,21.0
mb-08640,Yb2AgHg,4,38.99999999999999,16.0
mb-08641,BaSiO3,20,56.00000000000001,29.999999999999996
mb-08642,Ac,4,29.0,17.999999999999996
mb-08643,VRh,4,232.99999999999994,96.0
mb-08644,YbBi2BrO4,8,57.00000000000001,22.999999999999996
mb-08645,TmNi2Sn,4,159.99999999999991,27.000000000000004
mb-08646,Ge2Mo,3,154.99999999999997,135.0
mb-08647,HgI2,6,3.0,2.0
mb-08648,BaLiF3,5,68.99999999999999,42.00000000000001
mb-08649,PrBiAu2,4,74.00000000000001,10.0
mb-08650,TiS2,12,56.00000000000001,36.0
mb-08651,Na3CuO2,12,49.99999999999999,27.000000000000004
mb-08652,Ni3Se4,7,91.00000000000001,34.0
mb-08653,CaC2,6,56.00000000000001,18.999999999999996
mb-08654,LiAgO2,4,74.00000000000001,32.00000000000001
mb-08655,TaTiFe2,4,187.00000000000003,72.00000000000001
mb-08656,Na3HfF8,12,45.00000000000001,18.999999999999996
mb-08657,Li2MgHg,4,34.0,17.999999999999996
mb-08658,V3S4,7,98.0,70.00000000000001
mb-08659,AgPPt5,7,189.99999999999994,57.00000000000001
mb-08660,YCd3,4,55.00000000000001,18.999999999999996
mb-08661,ZrPd3,4,150.99999999999994,75.00000000000001
mb-08662,YTiGe,6,83.99999999999999,52.999999999999986
mb-08663,W3O8,11,225.99999999999991,126.00000000000001
mb-08664,TiNi,4,102.99999999999996,20.000000000000004
mb-08665,H3N,16,7.999999999999999,5.000000000000001
mb-08666,MnGeO3,10,146.99999999999997,68.99999999999999
mb-08667,Sm3Y,8,37.99999999999999,18.999999999999996
mb-08668,YFeO3,10,146.99999999999997,62.0
mb-08669,LuP5,12,66.00000000000001,47.00000000000001
mb-08670,NiAgO2,4,126.99999999999999,37.0
mb-08671,FeCuPt2,4,197.99999999999991,73.0
mb-08672,NbInS2,4,58.00000000000001,27.000000000000004
mb-08673,ThAl,4,72.00000000000001,35.0
mb-08674,Mn3PdN,5,158.0,74.00000000000001
mb-08675,CeMnNi4,6,130.00000000000006,58.00000000000001
mb-08676,PrSiAg,6,81.0,28.0
mb-08677,Nb5Se4,9,116.00000000000003,52.999999999999986
mb-08678,Nd2SnHg,4,57.00000000000001,17.0
mb-08679,Rb(CoSe)2,5,37.99999999999999,25.000000000000007
mb-08680,Sc2NiRh,4,100.0,37.0
mb-08681,Ca2MgSi2O7,24,84.99999999999999,33.0
mb-08682,YWN3,10,144.00000000000003,72.00000000000001
mb-08683,InPd3,4,68.99999999999999,30.999999999999996
mb-08684,ZrO2,12,189.99999999999994,92.00000000000001
mb-08685,LiNd2HO3,7,126.99999999999999,85.99999999999999
mb-08686,GaNi2,6,164.00000000000003,54.000000000000014
mb-08687,Sm2ZnRu,4,82.0,25.000000000000007
mb-08688,Sb6O13,38,118.99999999999996,70.99999999999999
mb-08689,Eu,2,12.999999999999998,10.0
mb-08690,Cs3Mg2Cl7,12,21.0,10.0
mb-08691,Bi2O3,20,21.0,23.999999999999993
mb-08692,Hg2Pt,3,83.00000000000001,27.000000000000004
mb-08693,BaGe2,6,36.0,21.999999999999996
mb-08694,HPd,2,174.00000000000009,37.99999999999999
mb-08695,AcMg3,4,33.0,20.000000000000004
mb-08696,TiAl3,4,106.00000000000004,68.99999999999999
mb-08697,Tl(NiSe)2,5,39.99999999999999,13.999999999999998
mb-08698,CaC2,6,52.999999999999986,15.000000000000004
mb-08699,Co(NiSe2)2,7,105.00000000000004,37.0
mb-08700,BaPuO3,5,114.00000000000003,56.00000000000001
mb-08701,Zr2AlN,8,141.99999999999994,93.99999999999997
mb-08702,Nb2ZnO6,36,140.99999999999991,57.00000000000001
mb-08703,CeSi2Ir3,6,178.00000000000003,114.00000000000003
mb-08704,CaSiO3,30,75.00000000000001,38.99999999999999
mb-08705,CaMnO2,8,111.00000000000004,63.999999999999986
mb-08706,Li2FeF6,9,37.0,18.999999999999996
mb-08707,Cu10Sn3,26,109.99999999999997,40.99999999999999
mb-08708,SrMg5,6,30.999999999999996,10.0
mb-08709,Ni2H,3,197.0,72.00000000000001
mb-08710,Pr2CdSn,4,49.99999999999999,17.999999999999996
mb-08711,NaBiS2,8,21.999999999999996,21.0
mb-08712,NaNbO3,20,123.00000000000003,85.99999999999999
mb-08713,Na3Au,4,25.000000000000007,7.0
mb-08714,LiVF4,12,60.0,34.0
mb-08715,Mn11Pd21,32,141.99999999999994,56.00000000000001
mb-08716,Li(FeP)2,5,133.0,64.99999999999999
mb-08717,ZnFe3C,5,212.99999999999994,105.00000000000004
mb-08718,Sr(FeO2)2,56,70.99999999999999,27.000000000000004
mb-08719,ZrO2,12,152.00000000000003,77.0
mb-08720,NdCo2,6,118.99999999999996,16.0
mb-08721,CO2,12,4.0,2.0
mb-08722,SiPt3,8,204.99999999999994,60.0
mb-08723,Cs2CrCl4,7,21.0,11.000000000000002
mb-08724,Na4Al3(SiO4)3,44,28.0,29.0
mb-08725,K3Bi,4,32.00000000000001,20.000000000000004
mb-08726,YZnRh2,4,126.00000000000001,40.99999999999999
mb-08727,TmTe,2,60.0,17.0
mb-08728,Y(SiIr)2,10,179.99999999999997,63.0
mb-08729,Sm3Er,8,37.99999999999999,20.000000000000004
mb-08730,As,4,18.999999999999996,10.0
mb-08731,LiMg,6,25.000000000000007,16.0
mb-08732,Cs(CoSe)2,5,40.99999999999999,26.0
mb-08733,AlP(H2O3)2,96,72.00000000000001,47.99999999999999
mb-08734,DyGa2Cu3,6,85.99999999999999,46.0
mb-08735,Pr2ZnHg,4,29.999999999999996,20.000000000000004
mb-08736,ThGeO4,12,165.99999999999997,64.99999999999999
mb-08737,SrCO3,10,63.0,21.999999999999996
mb-08738,Mg(P2Rh3)2,11,204.0,60.0
mb-08739,Sm3Ho,8,37.0,20.000000000000004
mb-08740,CaZn2,12,47.99999999999999,28.0
mb-08741,KCaF3,5,34.0,32.00000000000001
mb-08742,Nd3AlC,5,63.0,37.99999999999999
mb-08743,ZrCu2Hg,4,118.00000000000003,54.000000000000014
mb-08744,TbCl3,8,25.000000000000007,12.999999999999998
mb-08745,Zr2Ni2Sn,10,133.0,60.0
mb-08746,Yb(FeO2)2,7,146.00000000000003,49.99999999999999
mb-08747,V2CrTe4,7,58.00000000000001,33.0
mb-08748,TbCo2B2C,6,188.00000000000009,67.0
mb-08749,SmC2,3,102.99999999999996,36.0
mb-08750,TaMoN,6,290.0,162.99999999999994
mb-08751,Li2Mg,6,21.0,5.000000000000001
mb-08752,VIr,4,274.0,123.00000000000003
mb-08753,LiMn3O6,10,130.00000000000006,72.00000000000001
mb-08754,Nb4N5,9,270.00000000000006,156.99999999999994
mb-08755,Sm3GaC,5,64.99999999999999,47.00000000000001
mb-08756,Sr2Cu(OF)2,7,77.99999999999999,44.0
mb-08757,Gd2CuO4,7,143.00000000000003,57.00000000000001
mb-08758,La2O3,5,116.00000000000003,37.0
mb-08759,MgO2,12,128.99999999999994,84.99999999999999
mb-08760,CuAgS,6,46.0,15.000000000000004
mb-08761,NbCrSi,9,211.9999999999999,118.99999999999996
mb-08762,MnTlCl3,20,34.0,12.000000000000002
mb-08763,CuAgS,12,42.00000000000001,16.0
mb-08764,Li3Cu,4,11.000000000000002,9.0
mb-08765,CaCO3,20,68.99999999999999,33.0
mb-08766,RbNbO3,20,63.999999999999986,18.999999999999996
mb-08767,BiTePt,12,85.99999999999999,32.00000000000001
mb-08768,ZrTe,8,86.99999999999999,44.0
mb-08769,SmY3,4,42.00000000000001,21.999999999999996
mb-08770,Ca,2,17.0,10.0
mb-08771,AlCu3,4,131.00000000000006,46.0
mb-08772,Si(NiO2)2,14,199.00000000000009,101.00000000000001
mb-08773,ScCu3,4,106.00000000000004,36.0
mb-08774,TbY3,4,42.00000000000001,22.999999999999996
mb-08775,Li2Mg,6,21.0,10.0
mb-08776,Ti2MnRe,4,167.0,66.00000000000001
mb-08777,Ti6Sn5,22,101.99999999999999,56.00000000000001
mb-08778,Sr(SbPd)2,5,70.00000000000001,17.999999999999996
mb-08779,FeGe,8,154.0,83.99999999999999
mb-08780,LiCuS,12,26.0,16.0
mb-08781,V5Sb4,9,89.0,52.999999999999986
mb-08782,Al2FeNi,4,168.0,95.00000000000001
mb-08783,YSi2,6,84.99999999999999,26.0
mb-08784,MgTe(PbO3)2,10,77.99999999999999,68.00000000000001
mb-08785,HfO2,6,217.00000000000003,106.00000000000004
mb-08786,Co2B,6,247.00000000000003,103.99999999999997
mb-08787,YZrRu2,4,146.99999999999997,62.0
mb-08788,NaSmO2,4,70.00000000000001,45.00000000000001
mb-08789,Rh2O3,20,232.99999999999994,103.99999999999997
mb-08790,SiH,4,17.0,10.0
mb-08791,Sn3As4,7,38.99999999999999,21.0
mb-08792,La8MgAl7O24,40,183.99999999999997,99.0
mb-08793,Cr5O12,68,59.00000000000001,40.99999999999999
mb-08794,Fe7Mo6,13,250.99999999999991,111.99999999999997
mb-08795,V3NiS6,10,70.00000000000001,36.0
mb-08796,Sr2ZnMoO6,10,179.00000000000006,67.0
mb-08797,K2TaCl6,9,17.0,6.0
mb-08798,Ba2NiF6,9,59.00000000000001,29.0
mb-08799,La4PdO7,12,114.00000000000003,49.99999999999999
mb-08800,VSbRu,3,164.00000000000003,48.99999999999999
mb-08801,UInAu2,4,98.0,22.999999999999996
mb-08802,TiNi,18,150.99999999999994,38.99999999999999
mb-08803,RbGeI3,5,17.999999999999996,10.0
mb-08804,MgCd,8,36.0,13.999999999999998
mb-08805,CdPt3,4,192.00000000000003,48.99999999999999
mb-08806,LiCaUF8,11,42.99999999999999,12.999999999999998
mb-08807,LiVF6,8,27.000000000000004,16.0
mb-08808,AlNi2,6,184.99999999999997,39.99999999999999
mb-08809,LiBr,2,21.0,16.0
mb-08810,Er2SiO5,32,103.99999999999997,46.0
mb-08811,Sm3Al,4,44.0,25.000000000000007
mb-08812,Pr2O3,5,121.00000000000006,39.99999999999999
mb-08813,Li2Si,6,33.0,26.0
mb-08814,NiP3W2,12,204.99999999999994,102.99999999999996
mb-08815,Ce3GaBr3,7,66.00000000000001,22.999999999999996
mb-08816,Ga,1,48.99999999999999,6.0
mb-08817,Dy3Y,4,42.99999999999999,26.0
mb-08818,Sr2VO4,7,131.00000000000006,72.00000000000001
mb-08819,DyCo5,6,135.99999999999997,34.0
mb-08820,KCdF3,5,42.99999999999999,23.999999999999993
mb-08821,K(CoSe)2,5,39.99999999999999,23.999999999999993
mb-08822,BaBi3,4,38.99999999999999,15.000000000000004
mb-08823,MgHg2,3,40.99999999999999,12.000000000000002
mb-08824,TiGePd,9,148.00000000000003,59.00000000000001
mb-08825,TiFeCoGe,4,219.99999999999997,73.0
mb-08826,NiF3,8,44.0,39.99999999999999
mb-08827,VPbO3,5,54.000000000000014,37.99999999999999
mb-08828,LiCuO2,8,40.99999999999999,16.0
mb-08829,LiMnCoO4,14,121.00000000000006,49.99999999999999
mb-08830,Hf3SnO8,12,181.00000000000003,77.0
mb-08831,TaHgS2,4,23.999999999999993,12.999999999999998
mb-08832,Na6CoO4,22,52.999999999999986,25.000000000000007
mb-08833,DyScO3,20,165.0,82.0
mb-08834,B8O,54,204.99999999999994,179.99999999999997
mb-08835,LiEr2Tl,4,47.00000000000001,26.0
mb-08836,FeBiO3,10,109.00000000000004,48.99999999999999
mb-08837,In5Se5Br,22,27.000000000000004,13.999999999999998
mb-08838,Co2As2O7,11,111.00000000000004,38.99999999999999
mb-08839,BaO,4,67.0,28.0
mb-08840,ErInCu2,4,101.00000000000001,37.99999999999999
mb-08841,ZrPbO3,40,112.99999999999994,62.0
mb-08842,RbMnP,6,47.00000000000001,26.0
mb-08843,GaPt3,4,217.00000000000003,78.99999999999999
mb-08844,LiCuS,12,62.0,30.999999999999996
mb-08845,CoO2,24,143.00000000000003,77.99999999999999
mb-08846,NbCuTe2,8,67.0,37.0
mb-08847,B,105,195.99999999999994,173.00000000000003
mb-08848,HoSe2,6,75.00000000000001,29.999999999999996
mb-08849,Sr2GaSbO6,10,144.00000000000003,70.99999999999999
mb-08850,Fe3NiN,5,191.00000000000006,86.99999999999999
mb-08851,Li2HfO3,12,95.00000000000001,52.999999999999986
mb-08852,BiI,8,4.0,2.0
mb-08853,TiClO,6,21.0,12.999999999999998
mb-08854,NaAuO2,8,33.0,10.0
mb-08855,Ti2FeS4,7,61.000000000000014,56.00000000000001
mb-08856,Mn2Cd3O5,10,135.99999999999997,48.99999999999999
mb-08857,MnBiO3,20,105.00000000000004,50.999999999999986
mb-08858,NbO2,6,235.0,96.0
mb-08859,NaCa2In,4,7.0,10.0
mb-08860,La3Al,4,39.99999999999999,17.999999999999996
mb-08861,GeP3,8,47.00000000000001,33.0
mb-08862,Ga,20,48.99999999999999,12.999999999999998
mb-08863,Rb2HgAu,4,25.000000000000007,7.999999999999999
mb-08864,CeZn2Ag,4,74.00000000000001,27.000000000000004
mb-08865,CeMg,2,27.000000000000004,29.999999999999996
mb-08866,TeWO6,8,77.0,96.99999999999999
mb-08867,HoCo5,6,135.0,35.0
mb-08868,Li3(FeO2)4,15,102.99999999999996,42.99999999999999
mb-08869,Ba2ZnF6,9,57.00000000000001,23.999999999999993
mb-08870,LiNd2Ir,4,68.99999999999999,25.000000000000007
mb-08871,CeYZn2,4,29.999999999999996,26.0
mb-08872,MnCoO3,10,170.00000000000006,70.99999999999999
mb-08873,Ba2CuH6,18,35.0,22.999999999999996
mb-08874,ZrMnO3,10,159.99999999999991,67.0
mb-08875,NbCrO4,12,195.99999999999994,92.99999999999999
mb-08876,Cs2YbH4,7,15.000000000000004,11.000000000000002
mb-08877,Bi2Pd,3,55.00000000000001,13.999999999999998
mb-08878,NaMnAs,6,40.99999999999999,21.999999999999996
mb-08879,Si3Rh5,16,199.00000000000009,76.0
mb-08880,MgWO4,12,122.00000000000004,47.00000000000001
mb-08881,Zn2As2O7,11,103.99999999999997,26.0
mb-08882,KCrF3,5,33.0,28.0
mb-08883,ZrBiO4,24,96.99999999999999,40.99999999999999
mb-08884,RbFe2Se3,12,16.0,7.0
mb-08885,Ta4N5,9,292.00000000000006,171.99999999999991
mb-08886,Sn,46,32.00000000000001,17.0
mb-08887,GaBi,2,28.0,20.000000000000004
mb-08888,Li2CoSiO4,16,84.99999999999999,37.0
mb-08889,AlVFeCo,4,226.9999999999999,84.99999999999999
mb-08890,AlTlO2,8,100.0,34.0
mb-08891,Li2CdPb,4,102.99999999999996,42.99999999999999
mb-08892,TiFeCoSi,4,177.00000000000009,84.99999999999999
mb-08893,NaNbO3,10,133.0,99.0
mb-08894,NdAlO3,10,186.00000000000009,136.99999999999997
mb-08895,Rb2ZrO3,12,34.0,7.999999999999999
mb-08896,TaN,2,337.99999999999994,237.99999999999994
mb-08897,Sm,2,35.0,17.999999999999996
mb-08898,Pb,2,39.99999999999999,10.0
mb-08899,CuAuO2,4,143.00000000000003,21.999999999999996
mb-08900,Nb2CS,8,193.00000000000006,96.99999999999999
mb-08901,CaBi3,4,45.00000000000001,10.0
mb-08902,VAu2,6,126.00000000000001,29.999999999999996
mb-08903,Y,1,38.99999999999999,22.999999999999996
mb-08904,TiCl3,8,5.000000000000001,3.0
mb-08905,ZrSO,6,168.0,83.99999999999999
mb-08906,LiV3O4,8,131.00000000000006,77.99999999999999
mb-08907,USi2,3,128.99999999999994,63.999999999999986
mb-08908,Li2CoSnO4,8,127.99999999999999,74.00000000000001
mb-08909,SrMg,2,18.999999999999996,11.000000000000002
mb-08910,Be2Nb,6,158.99999999999994,102.99999999999996
mb-08911,SmTm3,4,40.99999999999999,25.000000000000007
mb-08912,Li7Br3O2,12,37.99999999999999,25.000000000000007
mb-08913,BaAgO2,8,68.00000000000001,28.0
mb-08914,NaMn3O4,8,128.99999999999994,61.000000000000014
mb-08915,MnCoO4,6,17.999999999999996,22.999999999999996
mb-08916,NiSnO3,10,156.0,73.0
mb-08917,Er,1,42.00000000000001,27.000000000000004
mb-08918,LiZr2Ir,4,146.00000000000003,35.0
mb-08919,HfO2,36,200.00000000000003,95.00000000000001
mb-08920,TiZnO3,10,170.99999999999991,50.999999999999986
mb-08921,NaH4ClO2,32,18.999999999999996,7.999999999999999
mb-08922,Ni2Ge,6,177.00000000000009,44.0
mb-08923,BaSrYb2,4,12.999999999999998,7.999999999999999
mb-08924,Sr(AlH)2,5,40.99999999999999,36.0
mb-08925,UIr2,6,545.0000000000001,96.0
mb-08926,SiRu2,12,257.00000000000006,101.99999999999999
mb-08927,ScAlO3,20,205.99999999999994,116.00000000000003
mb-08928,KAuO2,4,39.99999999999999,16.0
mb-08929,LiAgF2,8,48.99999999999999,7.999999999999999
mb-08930,PbAuO2,4,76.0,12.000000000000002
mb-08931,MnRh2Pb,4,107.00000000000001,47.00000000000001
mb-08932,ScZn2Pd,4,99.0,26.0
mb-08933,Mg3Ga,4,47.00000000000001,25.000000000000007
mb-08934,NdTm3,4,39.99999999999999,23.999999999999993
mb-08935,CaCdPd2,4,76.0,17.999999999999996
mb-08936,InNi3,8,149.0,52.999999999999986
mb-08937,KReO3,5,143.00000000000003,111.99999999999997
mb-08938,PtPb2,6,72.00000000000001,16.0
mb-08939,Nb2Se,12,122.00000000000004,57.00000000000001
mb-08940,SrCdO2,4,115.00000000000003,52.999999999999986
mb-08941,Sc2BeRu,4,111.00000000000004,47.00000000000001
mb-08942,UAl3,4,89.0,63.999999999999986
mb-08943,Li2TlAu,4,67.0,21.999999999999996
mb-08944,K3Sb,4,13.999999999999998,7.0
mb-08945,HfO2,12,209.99999999999991,106.00000000000004
mb-08946,Mn3CoO8,12,37.99999999999999,27.000000000000004
mb-08947,Li7Si2,36,33.0,28.0
mb-08948,NaNi2O3,6,123.00000000000003,52.00000000000001
mb-08949,NiHg4,5,50.999999999999986,27.000000000000004
mb-08950,LaInCu2,4,70.99999999999999,23.999999999999993
mb-08951,Si2Mo,9,207.00000000000003,149.0
mb-08952,MnFe2O3,12,152.00000000000003,61.000000000000014
mb-08953,TaFeO4,12,199.00000000000009,96.0
mb-08954,Pt(SCl3)2,9,3.0,2.0
mb-08955,InBi,2,30.999999999999996,13.999999999999998
mb-08956,LaSi2Rh3,6,170.99999999999991,88.00000000000001
mb-08957,C,8,112.99999999999994,88.00000000000001
mb-08958,Mg(AlS2)2,7,18.999999999999996,11.000000000000002
mb-08959,Nd(NiAs)2,5,90.00000000000003,52.00000000000001
mb-08960,LiAl2Tc,4,132.00000000000006,63.0
mb-08961,CaTiO3,10,135.0,59.00000000000001
mb-08962,LiLaTiO4,14,119.99999999999996,56.00000000000001
mb-08963,Ca3SiO5,18,95.00000000000001,45.00000000000001
mb-08964,CaZrRh2,4,119.99999999999996,39.99999999999999
mb-08965,Ba3Ti2O7,12,85.99999999999999,47.99999999999999
mb-08966,TiNi,18,152.00000000000003,37.99999999999999
mb-08967,LiFe3O4,8,86.99999999999999,33.0
mb-08968,LiDy2Tc,4,67.0,30.999999999999996
mb-08969,MnTlCl3,5,34.0,15.000000000000004
mb-08970,CdHg2,3,28.0,5.000000000000001
mb-08971,MnS2,6,115.00000000000003,107.00000000000001
mb-08972,InPd3,4,140.99999999999991,35.0
mb-08973,LiTiO2,8,141.99999999999994,92.00000000000001
mb-08974,SrCuBi,6,39.99999999999999,27.000000000000004
mb-08975,PdF3,12,42.00000000000001,21.0
mb-08976,EuGa2,3,34.0,33.0
mb-08977,SiPt3,16,197.99999999999991,42.00000000000001
mb-08978,Li7B18O,26,127.99999999999999,90.00000000000003
mb-08979,Be2Ag,6,128.99999999999994,83.99999999999999
mb-08980,V2FeSe4,7,60.0,37.99999999999999
mb-08981,CeZnSbO,8,83.00000000000001,26.0
mb-08982,CaYMg6,8,30.999999999999996,18.999999999999996
mb-08983,TiPN3,5,168.0,74.00000000000001
mb-08984,TiV3O8,12,168.0,59.00000000000001
mb-08985,MgSiN2,8,174.00000000000009,99.0
mb-08986,Cr2HO4,7,189.99999999999994,111.00000000000004
mb-08987,ZnIn2O4,14,135.99999999999997,59.00000000000001
mb-08988,Ca3Sn2O7,24,128.99999999999994,63.0
mb-08989,In2O3,10,150.99999999999994,60.0
mb-08990,SrHfO3,5,165.0,103.99999999999997
mb-08991,SbRhO4,6,188.00000000000009,91.00000000000001
mb-08992,ErCo5,6,140.00000000000006,36.0
mb-08993,TiFe2Sb,4,217.00000000000003,44.0
mb-08994,ZrMnO3,10,140.99999999999991,54.000000000000014
mb-08995,Li4WO5,10,58.00000000000001,52.00000000000001
mb-08996,Na6MoN4,22,52.999999999999986,37.0
mb-08997,NbTe2,3,17.999999999999996,13.999999999999998
mb-08998,Tm2CdOs,4,101.99999999999999,30.999999999999996
mb-08999,Sr2Sb,6,33.0,21.999999999999996
mb-09000,ZrIN,6,21.999999999999996,12.999999999999998
mb-09001,Al2O3,40,215.9999999999999,126.99999999999999
mb-09002,Li2FeBr4,7,20.000000000000004,12.999999999999998
mb-09003,Bi2Pt,9,30.999999999999996,9.0
mb-09004,FeHO2,8,135.99999999999997,85.99999999999999
mb-09005,ScGeAu,3,121.00000000000006,35.0
mb-09006,Eu2CuO4,7,123.00000000000003,57.00000000000001
mb-09007,MnWN2,8,288.0000000000001,109.99999999999997
mb-09008,SrCu2O3,12,92.00000000000001,42.99999999999999
mb-09009,In2S3,10,84.99999999999999,23.999999999999993
mb-09010,KCoN,12,45.00000000000001,21.0
mb-09011,C,4,112.99999999999994,89.0
mb-09012,Cr3C2,10,309.0,146.99999999999997
mb-09013,VO,4,162.99999999999994,92.00000000000001
mb-09014,YB6,7,171.99999999999991,79.99999999999999
mb-09015,HfInNi2,4,144.00000000000003,55.00000000000001
mb-09016,Li10Ge(PS6)2,50,25.000000000000007,9.0
mb-09017,TiVO4,12,223.0,109.00000000000004
mb-09018,Sc2GaIr,4,122.00000000000004,42.99999999999999
mb-09019,Li3ClO,5,52.00000000000001,37.99999999999999
mb-09020,Sr3N2,40,50.999999999999986,21.999999999999996
mb-09021,NbSe2,3,25.000000000000007,16.0
mb-09022,Si3W5,16,267.0000000000001,121.00000000000006
mb-09023,Ag2HgS2,10,46.0,11.000000000000002
mb-09024,Cu2OF2,10,26.0,11.000000000000002
mb-09025,BaAuO2,8,72.00000000000001,25.000000000000007
mb-09026,In,1,33.0,5.000000000000001
mb-09027,Rb3Bi,4,11.000000000000002,5.000000000000001
mb-09028,SiO2,9,83.00000000000001,37.99999999999999
mb-09029,Na2NiO3,12,72.00000000000001,57.00000000000001
mb-09030,Pt3Pb,4,171.99999999999991,46.0
mb-09031,ZrTi2,3,105.00000000000004,47.99999999999999
mb-09032,AlBO3,10,204.99999999999994,135.99999999999997
mb-09033,Mn2CoGe,4,183.99999999999997,83.99999999999999
mb-09034,Pr3Al,4,42.00000000000001,17.0
mb-09035,AcLa3,4,27.000000000000004,12.999999999999998
mb-09036,Ni,2,197.0,76.0
mb-09037,K2UF6,9,48.99999999999999,18.999999999999996
mb-09038,V2Zn2O7,11,111.00000000000004,21.999999999999996
mb-09039,YScO3,10,152.00000000000003,68.99999999999999
mb-09040,LaCo5,12,131.00000000000006,36.0
mb-09041,Ni2As2O7,11,115.00000000000003,45.00000000000001
mb-09042,CaAgO2,4,116.00000000000003,44.0
mb-09043,TbCoSi,12,102.99999999999996,62.0
mb-09044,NbV3O8,12,153.00000000000003,50.999999999999986
mb-09045,Cu(AsO2)2,28,20.000000000000004,11.000000000000002
mb-09046,VF5,12,6.0,3.0
mb-09047,MnSe,4,23.999999999999993,12.999999999999998
mb-09048,Sm(NiAs)2,5,124.00000000000003,50.999999999999986
mb-09049,YInCu2,4,81.0,30.999999999999996
mb-09050,LiVO2,8,134.00000000000003,92.99999999999999
mb-09051,Ba(NO2)2,28,29.0,12.000000000000002
mb-09052,TiInNi2,4,152.00000000000003,42.00000000000001
mb-09053,Mn3TeO6,10,123.00000000000003,48.99999999999999
mb-09054,Te2Ir,3,83.99999999999999,35.0
mb-09055,Sr2CrO4,7,91.00000000000001,70.00000000000001
mb-09056,SiC,16,214.00000000000006,187.00000000000003
mb-09057,MnAlPd2,4,140.99999999999991,34.0
mb-09058,KY2Ti2S2O5,12,74.00000000000001,30.999999999999996
mb-09059,La3Dy,4,28.0,12.999999999999998
mb-09060,TiO2,12,204.0,81.0
mb-09061,SrHfN2,4,156.0,116.00000000000003
mb-09062,TlCuO2,8,17.0,7.999999999999999
mb-09063,YbGa5Co,7,63.999999999999986,49.99999999999999
mb-09064,CsBiO3,5,59.00000000000001,58.00000000000001
mb-09065,TbTe2,6,59.00000000000001,21.999999999999996
mb-09066,CoAs,8,162.99999999999994,74.00000000000001
mb-09067,SiC,18,212.99999999999994,187.00000000000003
mb-09068,YAu,2,85.99999999999999,33.0
mb-09069,Cr2GaN,8,170.99999999999991,78.99999999999999
mb-09070,MoO3,16,30.999999999999996,26.0
mb-09071,V2P2O7,11,118.99999999999996,62.0
mb-09072,MnO2,6,175.0,111.99999999999997
mb-09073,CeAl2Pt3,6,143.00000000000003,76.0
mb-09074,Cr2NiSe4,7,75.00000000000001,35.0
mb-09075,NbNO,12,183.99999999999997,61.000000000000014
mb-09076,Ti(NbSe2)2,7,73.0,46.0
mb-09077,Yb3Si5,8,52.999999999999986,42.00000000000001
mb-09078,YbAg2,3,54.000000000000014,17.999999999999996
mb-09079,Li2WS4,7,7.0,4.0
mb-09080,Hf3Al2,20,115.00000000000003,63.999999999999986
mb-09081,Sc2AlIr,4,111.99999999999997,48.99999999999999
mb-09082,NbVO4,6,179.00000000000006,77.99999999999999
mb-09083,Mg3Cd,4,39.99999999999999,15.000000000000004
mb-09084,LiVF4,6,47.00000000000001,28.0
mb-09085,Mg9Si5,28,59.00000000000001,37.99999999999999
mb-09086,LiLu2Ga,4,58.00000000000001,29.999999999999996
mb-09087,Mn2FeO3,12,148.00000000000003,54.000000000000014
mb-09088,Mg3ZnO4,8,170.99999999999991,111.99999999999997
mb-09089,SiRh,8,220.99999999999994,83.00000000000001
mb-09090,Ca3N2,20,72.00000000000001,39.99999999999999
mb-09091,MnAs,4,57.00000000000001,50.999999999999986
mb-09092,SrAuO2,8,96.99999999999999,40.99999999999999
mb-09093,Li2CrFeO4,8,126.99999999999999,92.99999999999999
mb-09094,Cu3Si,4,138.99999999999997,50.999999999999986
mb-09095,Li3(CuO2)2,9,70.00000000000001,33.0
mb-09096,La3Er,4,26.0,16.0
mb-09097,CrO3,8,9.0,5.000000000000001
mb-09098,V2Zn2O7,11,111.00000000000004,21.999999999999996
mb-09099,BaFe12O19,64,161.99999999999994,72.00000000000001
mb-09100,Mn2AlCo,4,158.0,102.99999999999996
mb-09101,Sc2V2O7,11,138.99999999999997,50.999999999999986
mb-09102,MnNiGe,6,131.00000000000006,60.0
mb-09103,Mg3Hg,4,21.999999999999996,7.999999999999999
mb-09104,TiO2,12,68.00000000000001,23.999999999999993
mb-09105,Al2O3,40,197.0,111.00000000000004
mb-09106,CdAgO2,8,140.00000000000006,36.0
mb-09107,CsHgCl3,5,16.0,1.0
mb-09108,Mg23Al30,53,56.00000000000001,18.999999999999996
mb-09109,Nd2IrPd,4,101.00000000000001,28.0
mb-09110,Al2Ru,3,154.99999999999997,122.00000000000004
mb-09111,CrP2S7,10,7.999999999999999,5.000000000000001
mb-09112,KPdF3,5,68.00000000000001,21.0
mb-09113,InFeO3,10,165.99999999999997,67.0
mb-09114,PuBi,2,44.0,22.999999999999996
mb-09115,Li(CoO2)2,28,74.00000000000001,21.0
mb-09116,CsUO3,5,128.99999999999994,70.00000000000001
mb-09117,Sn4Bi2Se7,13,30.999999999999996,17.999999999999996
mb-09118,VOF,12,146.99999999999997,83.99999999999999
mb-09119,Mg3ZnO4,8,156.0,100.0
mb-09120,TiVO4,6,225.0000000000001,114.00000000000003
mb-09121,TmHfCo2,4,161.99999999999994,52.00000000000001
mb-09122,Cs2KNF6,10,11.000000000000002,22.999999999999996
mb-09123,Ac,1,23.999999999999993,13.999999999999998
mb-09124,LaCo5,6,133.0,26.0
mb-09125,AlPd,2,156.0,52.00000000000001
mb-09126,NdGaO3,20,161.99999999999994,76.0
mb-09127,CsCu5S3,18,46.0,15.000000000000004
mb-09128,KTi2F7,10,77.0,37.99999999999999
mb-09129,SmCl2,6,42.00000000000001,16.0
mb-09130,CeDyZn2,4,70.99999999999999,25.000000000000007
mb-09131,MnTePd,3,83.99999999999999,20.000000000000004
mb-09132,LuGaCu2,4,111.99999999999997,28.0
mb-09133,CeSiO4,12,144.00000000000003,55.00000000000001
mb-09134,GePt2,9,177.00000000000009,33.0
mb-09135,RbPbF3,5,40.99999999999999,15.000000000000004
mb-09136,CsLaNb2O7,11,84.99999999999999,47.99999999999999
mb-09137,ZrPbO3,5,118.99999999999996,46.0
mb-09138,AlHO2,8,154.99999999999997,133.0
mb-09139,MoCl3,8,12.000000000000002,6.0
mb-09140,YbPt3,4,160.99999999999994,63.999999999999986
mb-09141,Al2O3,80,197.0,111.00000000000004
mb-09142,VP2O7,10,116.00000000000003,72.00000000000001
mb-09143,BaLiP,3,37.99999999999999,23.999999999999993
mb-09144,LiNbO3,10,141.99999999999994,91.00000000000001
mb-09145,VSb2,6,98.0,47.00000000000001
mb-09146,KNbSe2,8,57.00000000000001,36.0
mb-09147,TiMnO3,10,144.99999999999997,62.0
mb-09148,ZrNi4Sn,6,165.0,62.0
mb-09149,MgCu,4,68.99999999999999,36.0
mb-09150,RbSn3,8,42.99999999999999,17.0
mb-09151,Fe5Si3,16,184.99999999999997,102.99999999999996
mb-09152,LiScF4,12,85.99999999999999,29.999999999999996
mb-09153,ZrBe2,3,118.99999999999996,93.99999999999997
mb-09154,MgNb2(PbO3)3,15,77.0,44.0
mb-09155,NdPt3,4,156.0,57.00000000000001
mb-09156,Yb(Al2Mo)2,7,118.99999999999996,78.99999999999999
mb-09157,LiVF4,12,47.99999999999999,20.000000000000004
mb-09158,SnP,2,59.00000000000001,59.00000000000001
mb-09159,LiNiO2,4,70.99999999999999,27.000000000000004
mb-09160,Mn2OF3,12,98.0,44.0
mb-09161,Al3Cu2,5,101.99999999999999,45.00000000000001
mb-09162,V2O3F,6,179.99999999999997,83.99999999999999
mb-09163,LuVO4,12,152.00000000000003,57.00000000000001
mb-09164,FeBiO3,20,161.99999999999994,70.00000000000001
mb-09165,Mg(AlH4)2,11,13.999999999999998,7.0
mb-09166,Rb3Sb,4,7.0,11.000000000000002
mb-09167,CuSeO3,20,30.999999999999996,29.0
mb-09168,HN,32,25.000000000000007,10.0
mb-09169,LiAuO2,8,54.000000000000014,27.000000000000004
mb-09170,La3AlC,5,61.000000000000014,33.0
mb-09171,Hf2ReTc,4,130.00000000000006,70.99999999999999
mb-09172,CaTe,8,33.0,18.999999999999996
mb-09173,Ca(BeGe)2,10,63.999999999999986,55.00000000000001
mb-09174,MgZn,4,50.999999999999986,13.999999999999998
mb-09175,Fe3Sn,8,128.99999999999994,52.999999999999986
mb-09176,Ba(ZnAs)2,5,47.99999999999999,22.999999999999996
mb-09177,Sm2PdRu,4,96.99999999999999,26.0
mb-09178,Li2(NiO2)3,11,95.00000000000001,48.99999999999999
mb-09179,Sr2ZrO4,7,136.99999999999997,70.99999999999999
mb-09180,Hf5Si3,16,140.99999999999991,88.00000000000001
mb-09181,P,4,21.0,12.999999999999998
mb-09182,CaCu2O3,12,74.00000000000001,29.999999999999996
mb-09183,ZnGeO3,10,161.99999999999994,47.99999999999999
mb-09184,ErTaOs2,4,220.99999999999994,92.99999999999999
mb-09185,LaBiO3,10,61.000000000000014,17.999999999999996
mb-09186,UTeAs,6,70.99999999999999,33.0
mb-09187,LuCo2Sn,4,140.00000000000006,67.0
mb-09188,AlInO3,10,183.99999999999997,88.00000000000001
mb-09189,ZrCu,2,117.00000000000001,30.999999999999996
mb-09190,H6PbCBr3N,12,16.0,6.0
mb-09191,Ti(CrTe2)2,7,40.99999999999999,35.0
mb-09192,Pm2O3,5,128.99999999999994,42.00000000000001
mb-09193,K3BiTe3,28,10.0,5.000000000000001
mb-09194,Zr2Al4C5,11,182.99999999999991,126.99999999999999
mb-09195,TmClO,6,25.000000000000007,13.999999999999998
mb-09196,BaNd2CoO5,9,114.00000000000003,54.000000000000014
mb-09197,NdSi2Rh3,6,165.0,96.99999999999999
mb-09198,Ca2SiO4,28,96.0,47.99999999999999
mb-09199,Cu,1,154.99999999999997,28.0
mb-09200,HfTiO4,24,181.00000000000003,72.00000000000001
mb-09201,BaNiS2,8,60.0,29.0
mb-09202,LiCe2HO3,7,109.99999999999997,75.00000000000001
mb-09203,Li(CuO2)2,14,109.99999999999997,44.0
mb-09204,Li2TiVO4,8,135.99999999999997,96.0
mb-09205,Cu3SbSe3,28,50.999999999999986,17.999999999999996
mb-09206,Ta5Si3,16,210.99999999999997,114.00000000000003
mb-09207,BaTaO3,5,165.99999999999997,89.0
mb-09208,Ag3Pt,4,119.99999999999996,34.0
mb-09209,TiNi2Sn,4,156.0,39.99999999999999
mb-09210,UNi2Sn,4,98.0,46.0
mb-09211,PuRh3,4,219.00000000000009,55.00000000000001
mb-09212,Na2UO4,7,57.00000000000001,29.999999999999996
mb-09213,La(NiAs)2,5,108.00000000000004,47.99999999999999
mb-09214,Ce2CdHg,4,25.000000000000007,9.0
mb-09215,MgZr3,8,79.99999999999999,35.0
mb-09216,ScH4Pd3,8,156.99999999999994,16.0
mb-09217,CaGa2,3,42.99999999999999,30.999999999999996
mb-09218,InSe,8,11.000000000000002,7.0
mb-09219,CoSnO3,10,152.00000000000003,57.00000000000001
mb-09220,Pd2Cl2O,10,45.00000000000001,12.000000000000002
mb-09221,ZnAgF3,5,81.0,25.000000000000007
mb-09222,Ba4Cu3PbO9,34,92.99999999999999,44.0
mb-09223,VOF2,8,35.0,46.0
mb-09224,VFe,2,195.99999999999994,61.000000000000014
mb-09225,Li(NiO2)2,7,92.99999999999999,54.000000000000014
mb-09226,MgCd2,6,42.99999999999999,17.0
mb-09227,SrVO3,5,194.99999999999991,44.0
mb-09228,Pr,2,30.999999999999996,13.999999999999998
mb-09229,CaYMg6,8,26.0,18.999999999999996
mb-09230,ZrO2,12,212.99999999999994,79.99999999999999
mb-09231,Ba(CuSe)2,5,54.000000000000014,21.0
mb-09232,K2HfF6,9,13.999999999999998,5.000000000000001
mb-09233,K3BN2,24,29.999999999999996,12.000000000000002
mb-09234,ZnPd3,8,150.99999999999994,16.0
mb-09235,NdFe5,6,108.00000000000004,59.00000000000001
mb-09236,Fe3Pt,4,179.99999999999997,39.99999999999999
mb-09237,CaZrS3,20,68.99999999999999,37.0
mb-09238,Fe3PO7,11,135.99999999999997,47.99999999999999
mb-09239,Ti3NO4,16,191.00000000000006,77.99999999999999
mb-09240,MgCd,2,38.99999999999999,12.000000000000002
mb-09241,Tl(FeSe)2,5,44.0,21.999999999999996
mb-09242,Pr2AgRu,4,83.00000000000001,21.0
mb-09243,Li2FeP2O7,48,58.00000000000001,26.0
mb-09244,LiI,4,20.000000000000004,11.000000000000002
mb-09245,CaSiPt,12,101.99999999999999,39.99999999999999
mb-09246,ZrSeO,12,122.00000000000004,47.00000000000001
mb-09247,AlFe2Mo,4,225.0000000000001,73.0
mb-09248,VOF,12,132.00000000000006,55.00000000000001
mb-09249,RbCuCl3,10,16.0,5.000000000000001
mb-09250,SmBiAu2,4,78.99999999999999,10.0
mb-09251,LiI,2,21.0,12.999999999999998
mb-09252,TaBe2,6,168.0,118.00000000000003
mb-09253,Ba2YCu3O7,13,109.00000000000004,55.00000000000001
mb-09254,CrCo2Si,4,203.00000000000003,91.00000000000001
mb-09255,HfGa5Ni,7,91.00000000000001,34.0
mb-09256,Ta2H,3,202.00000000000006,63.999999999999986
mb-09257,NaNi2O3,12,121.00000000000006,66.00000000000001
mb-09258,Cs2InBiF6,10,28.0,9.0
mb-09259,Mn2BeO4,28,148.00000000000003,28.0
mb-09260,MnTe,2,20.000000000000004,15.000000000000004
mb-09261,NbS2,3,22.999999999999996,13.999999999999998
mb-09262,Sm2Zr2O7,22,161.99999999999994,86.99999999999999
mb-09263,ZrInPt2,4,160.99999999999994,17.999999999999996
mb-09264,TiO2,6,209.0000000000001,109.99999999999997
mb-09265,CeZn,2,52.999999999999986,23.999999999999993
mb-09266,MgAlSi,12,68.00000000000001,32.00000000000001
mb-09267,V3CoO8,12,6.0,11.000000000000002
mb-09268,AgNO2,8,20.000000000000004,7.999999999999999
mb-09269,Al2Pd,3,111.99999999999997,29.999999999999996
mb-09270,Nd2CuRu,4,79.99999999999999,27.000000000000004
mb-09271,Ag2Te,6,38.99999999999999,12.999999999999998
mb-09272,LiMnO2,16,119.99999999999996,58.00000000000001
mb-09273,DyB6,7,174.00000000000009,62.0
mb-09274,LiY2Pt,4,72.00000000000001,29.999999999999996
mb-09275,Fe2SiO4,14,181.00000000000003,72.00000000000001
mb-09276,Be2Nb3,10,165.0,77.99999999999999
mb-09277,MnNi,4,150.00000000000003,44.0
mb-09278,NbS2,3,18.999999999999996,16.0
mb-09279,Fe2O3,40,162.99999999999994,57.00000000000001
mb-09280,AgBr,2,39.99999999999999,10.0
mb-09281,ScH3,4,95.00000000000001,44.0
mb-09282,LiMnO2,8,109.99999999999997,68.99999999999999
mb-09283,Hf2CuSb3,6,96.0,47.00000000000001
mb-09284,Sc3TlB,5,74.00000000000001,54.000000000000014
mb-09285,Sc2TlTc,4,68.99999999999999,38.99999999999999
mb-09286,GaNi,2,153.00000000000003,42.00000000000001
mb-09287,CuBiSCl2,10,33.0,17.999999999999996
mb-09288,CoSe2,12,37.0,13.999999999999998
mb-09289,ZrO2,6,168.99999999999997,47.99999999999999
mb-09290,Tl(NiS)2,5,45.00000000000001,16.0
mb-09291,LaTb3,8,32.00000000000001,18.999999999999996
mb-09292,LiMnF3,10,57.00000000000001,25.000000000000007
mb-09293,Fe3Pt,8,127.99999999999999,37.99999999999999
mb-09294,ErU2S3O2,8,91.00000000000001,45.00000000000001
mb-09295,CuMoO4,12,77.99999999999999,42.00000000000001
mb-09296,Li(CuO)3,14,83.99999999999999,39.99999999999999
mb-09297,TiMn2Ga,4,159.99999999999991,78.99999999999999
mb-09298,LaGaO3,10,179.00000000000006,78.99999999999999
mb-09299,B4C,15,226.9999999999999,178.00000000000003
mb-09300,NbRhO4,12,214.00000000000006,83.00000000000001
mb-09301,AgRhO2,4,136.99999999999997,38.99999999999999
mb-09302,BaMgO2,12,78.99999999999999,39.99999999999999
mb-09303,MgNiH2,4,84.99999999999999,55.00000000000001
mb-09304,AgAsSe2,4,64.99999999999999,22.999999999999996
mb-09305,Ta2B,6,243.9999999999999,178.00000000000003
mb-09306,SrRuO3,5,158.99999999999994,78.99999999999999
mb-09307,Yb2Mg,6,20.000000000000004,11.000000000000002
mb-09308,ThSbTe,6,68.99999999999999,32.00000000000001
mb-09309,TiMn2Ge,4,194.99999999999991,88.00000000000001
mb-09310,NdCrGe3,10,89.0,61.000000000000014
mb-09311,Li2VCrO4,8,123.00000000000003,93.99999999999997
mb-09312,LiIn2Ru,4,101.99999999999999,39.99999999999999
mb-09313,CuBiO2,8,70.99999999999999,21.0
mb-09314,DyTe2,6,59.00000000000001,25.000000000000007
mb-09315,ScUS2,8,91.00000000000001,37.0
mb-09316,ZnSO4,6,72.00000000000001,7.999999999999999
mb-09317,ScUS3,10,78.99999999999999,35.0
mb-09318,Mg3Bi,4,39.99999999999999,12.999999999999998
mb-09319,BaAl2,6,42.00000000000001,32.00000000000001
mb-09320,CrGaCo2,4,197.99999999999991,78.99999999999999
mb-09321,Ti3TlN,5,150.00000000000003,47.00000000000001
mb-09322,Mn5SiC,28,219.00000000000009,114.00000000000003
mb-09323,Ca3Ag8,22,49.99999999999999,21.0
mb-09324,Mg3Al,4,32.00000000000001,27.000000000000004
mb-09325,Lu(FeO2)2,7,158.0,58.00000000000001
mb-09326,InGaTe2,8,21.999999999999996,12.999999999999998
mb-09327,Li4CuF7,12,52.999999999999986,15.000000000000004
mb-09328,NaReO3,5,269.00000000000006,73.0
mb-09329,Sr2GaSbO6,10,174.00000000000009,92.99999999999999
mb-09330,LiAgF2,8,62.0,15.000000000000004
mb-09331,Sc2GaTc,4,109.99999999999997,44.0
mb-09332,Li3BrO,5,36.0,37.0
mb-09333,Mg(AlSi)2,5,63.999999999999986,33.0
mb-09334,ThSi2Ru3,6,182.99999999999991,92.00000000000001
mb-09335,VOF,12,162.99999999999994,83.00000000000001
mb-09336,VO2,12,42.00000000000001,21.999999999999996
mb-09337,Ti4O5,9,207.00000000000003,92.00000000000001
mb-09338,Sc2O3,10,174.00000000000009,81.0
mb-09339,Ca2Pb,3,39.99999999999999,17.0
mb-09340,MoO3,8,29.999999999999996,25.000000000000007
mb-09341,MgAl,2,58.00000000000001,33.0
mb-09342,MgNiH,3,131.00000000000006,50.999999999999986
mb-09343,Hf2Al4C5,11,192.00000000000003,133.0
mb-09344,Ni(SbO2)2,28,54.000000000000014,17.0
mb-09345,V2MoO8,11,62.0,33.0
mb-09346,Mg3Al2(SiO4)3,80,159.99999999999991,84.99999999999999
mb-09347,CeSe2,12,68.00000000000001,21.0
mb-09348,CrCuS2,4,93.99999999999997,40.99999999999999
mb-09349,LiBeSb,6,57.00000000000001,47.00000000000001
mb-09350,CsCd(NO2)3,11,29.999999999999996,12.999999999999998
mb-09351,Ce,2,42.00000000000001,34.0
mb-09352,Sb3O7F,11,165.99999999999997,107.00000000000001
mb-09353,V2FeS4,7,90.00000000000003,72.00000000000001
mb-09354,NbO2,6,181.00000000000003,89.0
mb-09355,ErSe2,6,79.99999999999999,29.999999999999996
mb-09356,Si2TcOs,4,226.9999999999999,90.00000000000003
mb-09357,DyInPt4,6,162.99999999999994,58.00000000000001
mb-09358,TiSe,4,83.99999999999999,52.00000000000001
mb-09359,HfTc2Sn,4,154.99999999999997,32.00000000000001
mb-09360,Nb5Si3,16,191.00000000000006,105.00000000000004
mb-09361,Ce2Y2O7,44,144.00000000000003,63.0
mb-09362,H6PbCI3N,48,15.000000000000004,7.0
mb-09363,CaMg3,8,25.000000000000007,7.999999999999999
mb-09364,MnP4,20,130.00000000000006,85.99999999999999
mb-09365,MgTaN2,8,243.9999999999999,175.0
mb-09366,PrCrGe3,10,86.99999999999999,61.000000000000014
mb-09367,BiAuO2,8,61.000000000000014,21.0
mb-09368,SiGe,4,74.00000000000001,56.00000000000001
mb-09369,HfZrO4,12,204.0,96.0
mb-09370,Hf2Al,6,112.99999999999994,56.00000000000001
mb-09371,SnClF,6,36.0,37.0
mb-09372,MnAlCu2,4,124.00000000000003,45.00000000000001
mb-09373,Yb(MnAs)2,5,61.000000000000014,35.0
mb-09374,NiGe2,12,109.00000000000004,45.00000000000001
mb-09375,Sn,2,46.0,21.0
mb-09376,NbC,2,300.0000000000001,197.0
mb-09377,MnGePd,9,126.99999999999999,34.0
mb-09378,ErB2Rh2C,6,200.00000000000003,38.99999999999999
mb-09379,PuB2,3,138.99999999999997,144.00000000000003
mb-09380,Na2NiO2,5,34.0,10.0
mb-09381,Li2CdSb,4,37.99999999999999,13.999999999999998
mb-09382,HfSbRu,3,146.99999999999997,47.99999999999999
mb-09383,NbN,4,314.99999999999994,189.00000000000006
mb-09384,V3FeO8,12,146.99999999999997,55.00000000000001
mb-09385,Co3W,4,272.0,149.0
mb-09386,Na2HfN2,5,37.99999999999999,21.999999999999996
mb-09387,Li4Fe(WO4)3,20,133.0,84.99999999999999
mb-09388,KClO4,6,46.0,7.999999999999999
mb-09389,GeRh,8,77.99999999999999,38.99999999999999
mb-09390,FeSb,4,93.99999999999997,54.000000000000014
mb-09391,DyClO,6,64.99999999999999,30.999999999999996
mb-09392,V3CrO8,12,149.0,63.0
mb-09393,Nb10C7,17,226.9999999999999,133.0
mb-09394,HfZrO4,6,204.99999999999994,96.99999999999999
mb-09395,ZrFeSb,3,143.00000000000003,68.99999999999999
mb-09396,TiPbO3,5,170.99999999999991,91.00000000000001
mb-09397,ThRu2,6,168.99999999999997,6.0
mb-09398,NbI3,8,4.0,2.0
mb-09399,Ba4Y2Cu6O13,25,93.99999999999997,47.00000000000001
mb-09400,TmMnGe,9,76.0,59.00000000000001
mb-09401,Na3CuO2,12,42.99999999999999,17.0
mb-09402,Mn3ZnC,5,192.00000000000003,70.99999999999999
mb-09403,SiO2,24,102.99999999999996,59.00000000000001
mb-09404,Cs2Pt,6,12.000000000000002,5.000000000000001
mb-09405,BaCeO3,5,111.99999999999997,52.999999999999986
mb-09406,MgH2,12,47.99999999999999,32.00000000000001
mb-09407,BaCuBi,6,37.0,23.999999999999993
mb-09408,CuPO4,6,32.00000000000001,29.0
mb-09409,HfPbO3,5,167.0,88.00000000000001
mb-09410,NaNbO3,5,181.00000000000003,100.0
mb-09411,VRhO4,12,215.9999999999999,83.00000000000001
mb-09412,LiCu2P,8,79.99999999999999,32.00000000000001
mb-09413,FeHO2,8,152.00000000000003,75.00000000000001
mb-09414,LiCeSn2,8,48.99999999999999,28.0
mb-09415,YSi2Rh3,6,174.00000000000009,99.0
mb-09416,V3CoO8,12,144.00000000000003,55.00000000000001
mb-09417,CsHgBr3,5,7.0,15.000000000000004
mb-09418,GeO2,12,207.99999999999997,121.00000000000006
mb-09419,SiAgPt5,7,197.99999999999991,55.00000000000001
mb-09420,S,28,1.0,1.0
mb-09421,LiNiOF,16,85.99999999999999,68.99999999999999
mb-09422,Cs2CoS2,10,17.0,7.999999999999999
mb-09423,ThAl2,6,81.0,42.99999999999999
mb-09424,SiOs,2,295.0,130.00000000000006
mb-09425,ScBr2,6,33.0,18.999999999999996
mb-09426,ZnSnO3,10,165.0,72.00000000000001
mb-09427,Cr5Si3,16,223.99999999999997,133.0
mb-09428,Ti3Sn,4,114.00000000000003,39.99999999999999
mb-09429,TiGeO3,10,28.0,17.0
mb-09430,LiMg6Cd,8,42.00000000000001,21.999999999999996
mb-09431,Zr,1,90.00000000000003,29.999999999999996
mb-09432,AgBr,4,37.99999999999999,9.0
mb-09433,Pr2IrPd,4,92.00000000000001,25.000000000000007
mb-09434,CuBr,4,29.0,10.0
mb-09435,VCo2Si,4,212.99999999999994,75.00000000000001
mb-09436,NaNi5O6,12,152.00000000000003,75.00000000000001
mb-09437,ScTaTc2,4,193.00000000000006,73.0
mb-09438,YSn3,4,62.0,13.999999999999998
mb-09439,RbPdF3,5,70.00000000000001,23.999999999999993
mb-09440,Cs,4,2.0,1.0
mb-09441,Cr2ReO6,18,203.00000000000003,105.00000000000004
mb-09442,Fe2O3,40,178.00000000000003,77.99999999999999
mb-09443,NaMgF3,5,70.00000000000001,42.99999999999999
mb-09444,Zn3Co,4,86.99999999999999,32.00000000000001
mb-09445,Rb2AlTlH6,10,54.000000000000014,16.0
mb-09446,Mg7Ga,8,25.000000000000007,9.0
mb-09447,LiCrO2,8,81.0,95.00000000000001
mb-09448,Hf4N3,7,225.0000000000001,101.99999999999999
mb-09449,LiNiP,6,64.99999999999999,33.0
mb-09450,In2Co,12,89.0,27.000000000000004
mb-09451,Ni15O16,31,168.99999999999997,81.0
mb-09452,Te,4,42.99999999999999,17.0
mb-09453,CaCeAg2,4,20.000000000000004,20.000000000000004
mb-09454,FeSiW,3,253.00000000000003,115.00000000000003
mb-09455,Mg7Sn,8,30.999999999999996,12.000000000000002
mb-09456,ZnWO4,12,36.0,22.999999999999996
mb-09457,LiHo2Pt,4,78.99999999999999,32.00000000000001
mb-09458,Cs,2,2.0,1.0
mb-09459,Ce2ZnHg,4,54.000000000000014,12.999999999999998
mb-09460,Ti(VTe2)2,7,49.99999999999999,30.999999999999996
mb-09461,ErPt2,6,173.00000000000003,72.00000000000001
mb-09462,Sc2TcPt,4,140.99999999999991,61.000000000000014
mb-09463,Ba2CoReO6,10,109.00000000000004,45.00000000000001
mb-09464,FeCu2SnS4,8,68.00000000000001,25.000000000000007
mb-09465,Te2Mo3W(Se2S)2,12,17.0,12.000000000000002
mb-09466,NdSc3,8,39.99999999999999,23.999999999999993
mb-09467,AgBiSe2,8,52.999999999999986,21.0
mb-09468,PrGe2,6,60.0,12.999999999999998
mb-09469,Tb2SeO2,10,83.99999999999999,25.000000000000007
mb-09470,LiMn2O4,14,118.99999999999996,52.999999999999986
mb-09471,CoCl2,3,10.0,4.0
mb-09472,TiO,10,194.99999999999991,106.00000000000004
mb-09473,Dy2SeO2,5,95.00000000000001,27.000000000000004
mb-09474,NaSnS2,4,42.00000000000001,20.000000000000004
mb-09475,Nb3Si,32,183.99999999999997,74.00000000000001
mb-09476,Mg3Hg,8,42.99999999999999,15.000000000000004
mb-09477,MgZn,96,52.00000000000001,12.000000000000002
mb-09478,RbIrO3,5,100.0,89.0
mb-09479,LuTh3,4,49.99999999999999,36.0
mb-09480,SrMnO3,5,193.00000000000006,67.0
mb-09481,Ni(RhSe2)2,7,86.99999999999999,32.00000000000001
mb-09482,Mn3GeC,5,241.9999999999999,121.00000000000006
mb-09483,LaOsN3,5,220.99999999999994,101.00000000000001
mb-09484,Li2ZnSn,4,37.99999999999999,20.000000000000004
mb-09485,LiMnO2,8,109.00000000000004,52.999999999999986
mb-09486,K(NiSe)2,5,39.99999999999999,17.999999999999996
mb-09487,H6PbCI3N,12,11.000000000000002,5.000000000000001
mb-09488,ScFeO3,30,170.99999999999991,72.00000000000001
mb-09489,Na3(CuO2)2,9,29.0,17.0
mb-09490,Li3CrS4,8,12.000000000000002,6.0
mb-09491,HoTh3,4,54.000000000000014,36.0
mb-09492,YScO2,4,115.00000000000003,52.999999999999986
mb-09493,PuNi,4,78.99999999999999,17.0
mb-09494,Na2PdC2,5,46.0,20.000000000000004
mb-09495,Sr3BiP,5,29.999999999999996,21.999999999999996
mb-09496,Mg3Hg,24,39.99999999999999,7.0
mb-09497,Te,2,52.00000000000001,9.0
mb-09498,SrNiO3,5,112.99999999999994,54.000000000000014
mb-09499,PrCo2,6,117.00000000000001,18.999999999999996
mb-09500,FeCo3,4,182.99999999999991,79.99999999999999
mb-09501,MnInNi2,4,133.0,29.999999999999996
mb-09502,H2C,12,17.999999999999996,10.0
mb-09503,CdCu2O3,12,73.0,25.000000000000007
mb-09504,SiO2,36,55.00000000000001,42.00000000000001
mb-09505,BaSr3O4,8,77.0,48.99999999999999
mb-09506,Sm5Mg,6,37.99999999999999,18.999999999999996
mb-09507,MgZn5,96,62.0,13.999999999999998
mb-09508,NdSmIr2,4,124.99999999999994,33.0
mb-09509,TbC2,3,106.00000000000004,37.0
mb-09510,ZnNi3C,5,189.99999999999994,60.0
mb-09511,Li4NiOF4,10,99.0,57.00000000000001
mb-09512,BiTePd,12,74.00000000000001,26.0
mb-09513,MgCuO2,8,134.00000000000003,64.99999999999999
mb-09514,NbCrGe,9,195.99999999999994,95.00000000000001
mb-09515,YMg5,6,22.999999999999996,16.0
mb-09516,TiOF,12,135.0,57.00000000000001
mb-09517,NaLaO2,4,90.00000000000003,35.0
mb-09518,GeS,4,27.000000000000004,15.000000000000004
mb-09519,CeCd2Ag,4,62.0,17.0
mb-09520,AgBiO2,8,86.99999999999999,18.999999999999996
mb-09521,PtCl2,6,7.999999999999999,4.0
mb-09522,AlVNi2,4,177.00000000000009,50.999999999999986
mb-09523,SiGeN2O,10,123.00000000000003,77.0
mb-09524,Zr3N4,14,194.99999999999991,111.00000000000004
mb-09525,Li(YSi)2,10,68.00000000000001,46.0
mb-09526,Mn5Si3,16,148.00000000000003,46.0
mb-09527,KSbO3,20,111.99999999999997,73.0
mb-09528,V(CoSe2)2,7,90.00000000000003,54.000000000000014
mb-09529,TlBr,2,28.0,9.0
mb-09530,LiVF3,10,57.00000000000001,15.000000000000004
mb-09531,Ti2Cu3,5,132.00000000000006,47.99999999999999
mb-09532,SnS,2,79.99999999999999,5.000000000000001
mb-09533,Sc2TcPd,4,122.00000000000004,50.999999999999986
mb-09534,Tm2SeO2,5,102.99999999999996,27.000000000000004
mb-09535,HfInAu2,4,126.99999999999999,25.000000000000007
mb-09536,Co2NiO6,9,45.00000000000001,25.000000000000007
mb-09537,Li2LaTa2O7,12,111.99999999999997,68.99999999999999
mb-09538,Na2ZrN2,5,36.0,20.000000000000004
mb-09539,Na3As,4,22.999999999999996,11.000000000000002
mb-09540,Y2C3,20,119.99999999999996,62.0
mb-09541,ZrV2,6,140.00000000000006,12.000000000000002
mb-09542,Cu2S,12,92.99999999999999,29.0
mb-09543,Ca2As,6,35.0,29.999999999999996
mb-09544,Li3(CuO)4,11,60.0,21.999999999999996
mb-09545,YAlO3,10,191.00000000000006,102.99999999999996
mb-09546,Al2CdSe4,14,63.0,25.000000000000007
mb-09547,Al2O3,10,95.00000000000001,46.0
mb-09548,Mn3CoO8,12,88.00000000000001,54.000000000000014
mb-09549,Al3Cu,8,92.99999999999999,48.99999999999999
mb-09550,NaLi3,8,16.0,1.0
mb-09551,Sc(BC)2,20,189.99999999999994,150.99999999999994
mb-09552,YWN3,10,170.00000000000006,47.99999999999999
mb-09553,Mn3B4,7,234.00000000000006,167.0
mb-09554,Nb2O5,7,138.99999999999997,48.99999999999999
mb-09555,AlCoF5,7,103.99999999999997,45.00000000000001
mb-09556,SrTaNO2,10,177.00000000000009,118.99999999999996
mb-09557,YbGa2Ir,4,92.99999999999999,25.000000000000007
mb-09558,ZrP,2,134.00000000000003,76.0
mb-09559,SnSe,4,6.0,10.0
mb-09560,VF4,5,13.999999999999998,7.999999999999999
mb-09561,LiPt2,6,135.99999999999997,70.00000000000001
mb-09562,YbPr3,4,27.000000000000004,13.999999999999998
mb-09563,K(NiS)2,5,29.999999999999996,21.0
mb-09564,TmTh3,4,50.999999999999986,36.0
mb-09565,CrFe3,4,117.00000000000001,93.99999999999997
mb-09566,VO2,12,133.0,64.99999999999999
mb-09567,BaYFe2O5,9,126.00000000000001,58.00000000000001
mb-09568,LiMn2O4,14,96.99999999999999,56.00000000000001
mb-09569,Li2Mn3O6,11,118.00000000000003,73.0
mb-09570,CrN,2,204.99999999999994,68.00000000000001
mb-09571,CeVO4,12,117.00000000000001,45.00000000000001
mb-09572,Mg3Ga,4,42.99999999999999,18.999999999999996
mb-09573,PbICl,12,7.0,4.0
mb-09574,ZrNi2,6,164.00000000000003,73.0
mb-09575,CeAl3Pt2,6,135.0,67.0
mb-09576,Pr2CuRu,4,77.99999999999999,25.000000000000007
mb-09577,ErSnAu,6,76.0,42.00000000000001
mb-09578,Li3Ni2O2F3,10,109.00000000000004,67.0
mb-09579,Si5Pt12,68,204.99999999999994,37.99999999999999
mb-09580,LiBH4,12,17.0,9.0
mb-09581,SrAlO3,5,150.00000000000003,61.000000000000014
mb-09582,Br2O,12,6.0,3.0
mb-09583,HfNi2Sn,4,152.00000000000003,40.99999999999999
mb-09584,Na2VO3,12,46.0,21.999999999999996
mb-09585,ErSi2Rh3,6,171.99999999999991,100.0
mb-09586,Tl(CoSe)2,5,47.00000000000001,21.0
mb-09587,HoCuSn,6,56.00000000000001,44.0
mb-09588,VCuO4,12,66.00000000000001,39.99999999999999
mb-09589,K3Co(NO2)6,22,21.999999999999996,11.000000000000002
mb-09590,SrSnO3,5,144.00000000000003,89.0
mb-09591,CaCuBi,6,42.99999999999999,27.000000000000004
mb-09592,ZrNi2Sn,4,144.00000000000003,38.99999999999999
mb-09593,CsCl,2,15.000000000000004,7.999999999999999
mb-09594,Al2O3,40,228.00000000000009,144.00000000000003
mb-09595,Mg7Zn,8,35.0,10.0
mb-09596,ScOF,12,103.99999999999997,45.00000000000001
mb-09597,LiVF6,8,17.999999999999996,15.000000000000004
mb-09598,W3O7F,11,228.00000000000009,99.0
mb-09599,SnS,4,12.000000000000002,7.0
mb-09600,AgPt3,4,204.99999999999994,63.0
mb-09601,Li2MgGe,4,44.0,16.0
mb-09602,Fe2CoO4,42,171.99999999999991,62.0
mb-09603,Ca3N2,15,68.00000000000001,29.999999999999996
mb-09604,ErCuSn,6,70.00000000000001,46.0
mb-09605,NiSe,4,118.99999999999996,25.000000000000007
mb-09606,MnSbRh2,4,162.99999999999994,64.99999999999999
mb-09607,ScReTc2,4,232.99999999999994,109.00000000000004
mb-09608,Nd2IrRh,4,103.99999999999997,21.0
mb-09609,RbAgO2,4,22.999999999999996,17.999999999999996
mb-09610,Ti2CrTe4,7,48.99999999999999,37.99999999999999
mb-09611,Er2O3,15,152.00000000000003,68.00000000000001
mb-09612,NbCrO4,6,202.00000000000006,99.0
mb-09613,HoTe2,6,59.00000000000001,25.000000000000007
mb-09614,Sb,1,56.00000000000001,25.000000000000007
mb-09615,BaBrCl,12,15.000000000000004,6.0
mb-09616,BaCO3,10,47.99999999999999,20.000000000000004
mb-09617,Zn3Co,4,116.00000000000003,37.99999999999999
mb-09618,TiS,4,138.0,88.00000000000001
mb-09619,BeZnO2,8,165.0,83.00000000000001
mb-09620,Hf5Al3,16,111.00000000000004,47.99999999999999
mb-09621,AlHO2,8,74.00000000000001,37.0
mb-09622,NbVO4,6,165.99999999999997,52.999999999999986
mb-09623,ZnNi2Ge,4,148.00000000000003,39.99999999999999
mb-09624,Nb4SiNi,12,191.00000000000006,99.0
mb-09625,Y3Al,4,48.99999999999999,32.00000000000001
mb-09626,TiNi,2,159.99999999999991,27.000000000000004
mb-09627,Yb3Mg,4,17.999999999999996,7.999999999999999
mb-09628,H5CNO2,18,15.000000000000004,5.000000000000001
mb-09629,ScZn2Pt,4,124.99999999999994,39.99999999999999
mb-09630,Be5Fe,6,132.00000000000006,112.99999999999994
mb-09631,ZnSeO4,12,68.99999999999999,21.999999999999996
mb-09632,Sc,1,50.999999999999986,21.999999999999996
mb-09633,OsN2,3,209.99999999999991,117.00000000000001
mb-09634,RbTaO3,15,106.00000000000004,56.00000000000001
mb-09635,LiScI3,10,16.0,11.000000000000002
mb-09636,Ti2CuSb3,6,92.99999999999999,49.99999999999999
mb-09637,RbPO3,10,10.0,13.999999999999998
mb-09638,Li2V3O6,11,88.00000000000001,47.00000000000001
mb-09639,Nd2AgIr,4,90.00000000000003,21.0
mb-09640,Mn,20,264.0000000000001,83.00000000000001
mb-09641,LiAg2F6,9,63.0,16.0
mb-09642,SiNi,4,189.00000000000006,76.0
mb-09643,CeMnGe,6,83.99999999999999,34.0
mb-09644,V3NiO8,12,144.99999999999997,60.0
mb-09645,NaBeSb,6,35.0,23.999999999999993
mb-09646,RbI,2,30.999999999999996,6.0
mb-09647,LaUO4,6,179.00000000000006,32.00000000000001
mb-09648,LiCuS,12,34.0,6.0
mb-09649,Ge3As4,7,47.00000000000001,29.0
mb-09650,EuRh3C,5,150.00000000000003,58.00000000000001
mb-09651,SrZn2,12,35.0,18.999999999999996
mb-09652,Zr5N5O2,12,222.0000000000001,117.00000000000001
mb-09653,Sc2BeTc,4,108.00000000000004,45.00000000000001
mb-09654,Ba2LiN,32,16.0,6.0
mb-09655,TiGa5Ni,7,107.00000000000001,27.000000000000004
mb-09656,BaCO3,10,52.999999999999986,13.999999999999998
mb-09657,Ba2CoF6,9,58.00000000000001,26.0
mb-09658,Mg6ZnCd,8,33.0,20.000000000000004
mb-09659,SnPb,2,42.99999999999999,10.0
mb-09660,Al2Mo3C,24,225.99999999999991,82.0
mb-09661,KCoO2,8,68.00000000000001,34.0
mb-09662,Li5SbS,7,28.0,28.0
mb-09663,ScVO3,20,181.00000000000003,73.0
mb-09664,FeOF,6,38.99999999999999,29.0
mb-09665,GaBiO3,10,96.99999999999999,42.99999999999999
mb-09666,Fe5C2,28,232.99999999999994,90.00000000000003
mb-09667,Ac3Pr,8,29.0,13.999999999999998
mb-09668,Li4CoOF4,10,96.0,54.000000000000014
mb-09669,Y2O3,10,138.0,62.0
mb-09670,LiMg6Ga,8,42.00000000000001,18.999999999999996
mb-09671,FeOF,12,128.99999999999994,57.00000000000001
mb-09672,Ho2CdOs,4,101.00000000000001,32.00000000000001
mb-09673,MgCoO3,10,146.00000000000003,67.0
mb-09674,PbWO4,12,66.00000000000001,21.999999999999996
mb-09675,Cs3YF6,10,29.0,13.999999999999998
mb-09676,Sc2TcNi,4,118.00000000000003,54.000000000000014
mb-09677,SiNi2,6,203.00000000000003,58.00000000000001
mb-09678,Fe3C,16,223.0,81.0
mb-09679,TiO2,9,13.999999999999998,13.999999999999998
mb-09680,Mg5Cd,6,39.99999999999999,13.999999999999998
mb-09681,Ba3SiO,5,37.0,26.0
mb-09682,NdAl4,5,72.00000000000001,17.0
mb-09683,Li3FeO4,8,92.99999999999999,52.00000000000001
mb-09684,SbRu,8,146.99999999999997,50.999999999999986
mb-09685,AlWO4,12,205.99999999999994,119.99999999999996
mb-09686,Tm2O3,15,156.0,70.99999999999999
mb-09687,CuNi2Sb,4,149.0,25.000000000000007
mb-09688,Li5SbS4,10,37.99999999999999,25.000000000000007
mb-09689,ZrSeO,6,143.00000000000003,75.00000000000001
mb-09690,HoB6,7,175.0,58.00000000000001
mb-09691,MnSnPt,3,108.00000000000004,26.0
mb-09692,Ni5O6,11,124.99999999999994,63.0
mb-09693,RuRh3,8,241.9999999999999,105.00000000000004
mb-09694,Li3Al,4,26.0,17.999999999999996
mb-09695,LiSbS2,4,64.99999999999999,33.0
mb-09696,Co2Ge,6,200.00000000000003,50.999999999999986
mb-09697,Na2FeO3,12,46.0,17.999999999999996
mb-09698,NiTeO4,6,38.99999999999999,26.0
mb-09699,CaFeO3,5,135.99999999999997,88.00000000000001
mb-09700,Y2O3,30,127.99999999999999,63.0
mb-09701,MgNi,2,149.0,47.99999999999999
mb-09702,SiS2,6,23.999999999999993,18.999999999999996
mb-09703,Zr2CuSb3,6,91.00000000000001,45.00000000000001
mb-09704,NdMnAsO,8,63.999999999999986,35.0
mb-09705,LiGaSi,3,29.999999999999996,46.0
mb-09706,Li2GaSb,4,17.0,29.999999999999996
mb-09707,HoCo3Cu2,6,143.00000000000003,58.00000000000001
mb-09708,Nb2Pb2O7,22,144.99999999999997,77.0
mb-09709,NbNi2Sn,4,178.00000000000003,29.999999999999996
mb-09710,CsH,2,26.0,11.000000000000002
mb-09711,V5Si3,16,183.99999999999997,57.00000000000001
mb-09712,CuAs,4,101.99999999999999,26.0
mb-09713,LiTiO2,8,128.99999999999994,39.99999999999999
mb-09714,NaWO3,5,191.00000000000006,77.0
mb-09715,Nb3O7F,11,214.00000000000006,101.00000000000001
mb-09716,Ho3Mg,8,37.99999999999999,25.000000000000007
mb-09717,Co3Mo,4,269.00000000000006,136.99999999999997
mb-09718,MnSbO4,6,121.00000000000006,52.999999999999986
mb-09719,Mn3O4,28,138.99999999999997,60.0
mb-09720,Ce,4,50.999999999999986,27.000000000000004
mb-09721,BiOF,12,47.00000000000001,27.000000000000004
mb-09722,NaTi2O3,6,141.99999999999994,76.0
mb-09723,Rb,3,3.0,1.0
mb-09724,ZrO2,6,193.99999999999997,91.00000000000001
mb-09725,InP3,8,50.999999999999986,22.999999999999996
mb-09726,YbMg3,8,25.000000000000007,7.0
mb-09727,Ho2CuO4,7,158.0,59.00000000000001
mb-09728,AlBiO3,10,127.99999999999999,70.99999999999999
mb-09729,LiFe5O8,14,158.99999999999994,63.999999999999986
mb-09730,ErPt5,6,188.00000000000009,72.00000000000001
mb-09731,ZrO2,12,158.99999999999994,46.0
mb-09732,MnCdO2,4,135.0,52.00000000000001
mb-09733,CoBiO4,12,85.99999999999999,52.00000000000001
mb-09734,TePd3,4,135.99999999999997,21.0
mb-09735,Mg6ZnCd,8,34.0,10.0
mb-09736,TbSc,2,45.00000000000001,28.0
mb-09737,Ac3Nd,8,28.0,13.999999999999998
mb-09738,Al2O3,10,130.00000000000006,52.00000000000001
mb-09739,Fe2N,12,243.9999999999999,89.0
mb-09740,CsCu4S3,8,54.000000000000014,21.999999999999996
mb-09741,USiSe,6,81.0,59.00000000000001
mb-09742,CuAgTe2,4,16.0,9.0
mb-09743,Fe3C,8,197.99999999999991,91.00000000000001
mb-09744,Ag2PdO2,5,83.99999999999999,13.999999999999998
mb-09745,Na(WO3)2,9,214.00000000000006,109.99999999999997
mb-09746,Sn2Ru,6,118.00000000000003,62.0
mb-09747,Sm5Mg,6,36.0,17.0
mb-09748,La3Ga,4,44.0,15.000000000000004
mb-09749,Y2CuO4,7,144.99999999999997,59.00000000000001
mb-09750,CeAlAg2,4,93.99999999999997,17.999999999999996
mb-09751,Nb2CrSe4,7,76.0,47.00000000000001
mb-09752,Sc2CdTc,4,101.00000000000001,29.0
mb-09753,CaThBr6,16,10.0,4.0
mb-09754,Nb3Au,8,183.99999999999997,62.0
mb-09755,Li(BH)5,66,16.0,9.0
mb-09756,Ta4FeP,12,219.00000000000009,101.00000000000001
mb-09757,Li3VF7,11,34.0,7.0
mb-09758,BaSrO2,4,75.00000000000001,44.0
mb-09759,ScHO2,8,156.99999999999994,52.999999999999986
mb-09760,Be2B,3,150.00000000000003,93.99999999999997
mb-09761,Li2HgGe,4,54.000000000000014,12.999999999999998
mb-09762,Rb,4,3.0,1.0
mb-09763,MnFeAs,6,109.99999999999997,38.99999999999999
mb-09764,InNi3,4,150.00000000000003,62.0
mb-09765,PbWO4,12,67.0,21.999999999999996
mb-09766,FeOF,6,133.0,56.00000000000001
mb-09767,Ga2NiS4,7,20.000000000000004,12.000000000000002
mb-09768,BMo2C,8,317.0000000000001,182.99999999999991
mb-09769,NaBi3,8,32.00000000000001,7.999999999999999
mb-09770,Ac3Yb,8,27.000000000000004,13.999999999999998
mb-09771,Sr2PtAu,4,47.00000000000001,21.999999999999996
mb-09772,CeC2,3,101.00000000000001,34.0
mb-09773,LiZrO2,8,154.99999999999997,100.0
mb-09774,LiVF4,12,72.00000000000001,22.999999999999996
mb-09775,AlNiF5,7,92.00000000000001,52.999999999999986
mb-09776,SrC2,6,46.0,15.000000000000004
mb-09777,NbFe3,4,207.00000000000003,76.0
mb-09778,MnTe,2,81.0,25.000000000000007
mb-09779,LiCuS,6,54.000000000000014,13.999999999999998
mb-09780,PbSe2,6,7.999999999999999,7.999999999999999
mb-09781,ZnSnO3,10,144.00000000000003,35.0
mb-09782,Sn,1,47.99999999999999,12.999999999999998
mb-09783,PrOF,3,122.00000000000004,56.00000000000001
mb-09784,MnP4,30,118.99999999999996,85.99999999999999
mb-09785,HfO2,6,207.00000000000003,60.0
mb-09786,MnV3O8,12,133.0,55.00000000000001
mb-09787,Pr3AlC,5,61.000000000000014,37.0
mb-09788,Li2AlRh,4,79.99999999999999,37.0
mb-09789,Mo2O5,14,111.00000000000004,38.99999999999999
mb-09790,SrZrO3,5,153.00000000000003,88.00000000000001
mb-09791,CaMnSi,6,45.00000000000001,35.0
mb-09792,KTiS2,4,58.00000000000001,35.0
mb-09793,LiCuS,12,37.0,15.000000000000004
mb-09794,CdAgSb,3,70.00000000000001,6.0
mb-09795,TiMnO4,6,165.0,67.0
mb-09796,Mg3Cd,4,39.99999999999999,15.000000000000004
mb-09797,Ba3WO6,10,95.00000000000001,27.000000000000004
mb-09798,Ti3O4,7,178.00000000000003,89.0
mb-09799,Co(ReO4)2,11,22.999999999999996,9.0
mb-09800,SbS2NCl6,10,6.0,3.0
mb-09801,Mg6AlCd,8,40.99999999999999,15.000000000000004
mb-09802,Mn3SnC,5,209.0000000000001,115.00000000000003
mb-09803,Tl(CoS)2,5,56.00000000000001,23.999999999999993
mb-09804,NdOF,3,126.00000000000001,59.00000000000001
mb-09805,ThH3,4,101.00000000000001,29.999999999999996
mb-09806,HoInPt4,6,170.00000000000006,58.00000000000001
mb-09807,KNaH2,4,17.999999999999996,12.999999999999998
mb-09808,Nb4CoP,12,197.0,98.0
mb-09809,CeSi2Ru3,6,186.00000000000009,95.00000000000001
mb-09810,Cr2NiS4,7,111.99999999999997,60.0
mb-09811,Yb2(NiB2)3,11,158.0,118.99999999999996
mb-09812,Li3MnF7,11,37.99999999999999,12.000000000000002
mb-09813,TaAlO4,12,215.9999999999999,116.00000000000003
mb-09814,Li2S,12,30.999999999999996,26.0
mb-09815,CuReO4,12,45.00000000000001,25.000000000000007
mb-09816,Li6SbS2,9,30.999999999999996,25.000000000000007
mb-09817,Sm2RuAu,4,98.0,27.000000000000004
mb-09818,Ti3Sb,16,109.99999999999997,56.00000000000001
mb-09819,MgRh5,6,197.99999999999991,84.99999999999999
mb-09820,Zn(InS2)2,7,34.0,15.000000000000004
mb-09821,DyC2,3,116.00000000000003,44.0
mb-09822,SmOF,3,131.00000000000006,61.000000000000014
mb-09823,NbNO,12,138.99999999999997,52.00000000000001
mb-09824,LiMg6Al,8,40.99999999999999,13.999999999999998
mb-09825,ZrO2,30,188.00000000000009,96.99999999999999
mb-09826,Nd2ZnIr,4,84.99999999999999,27.000000000000004
mb-09827,Li3NiOF3,8,114.00000000000003,63.0
mb-09828,K2S2O5,18,18.999999999999996,10.0
mb-09829,BaWO4,12,82.0,52.00000000000001
mb-09830,VOF,6,148.00000000000003,67.0
mb-09831,MnAlPt,6,123.00000000000003,40.99999999999999
mb-09832,SmAl4,5,73.0,12.999999999999998
mb-09833,PbWO4,12,81.0,29.999999999999996
mb-09834,SrMgF4,12,55.00000000000001,29.999999999999996
mb-09835,SbPd3,4,148.00000000000003,16.0
mb-09836,TiHg,4,103.99999999999997,48.99999999999999
mb-09837,BaFe2S3,12,50.999999999999986,28.0
mb-09838,Fe2OF3,12,115.00000000000003,40.99999999999999
mb-09839,YOF,3,141.99999999999994,64.99999999999999
mb-09840,SnO2,6,140.00000000000006,49.99999999999999
mb-09841,Fe2N,9,243.9999999999999,89.0
mb-09842,LiMg6Al,8,45.00000000000001,17.999999999999996
mb-09843,La2CuO4,14,118.99999999999996,52.999999999999986
mb-09844,Fe2C,6,220.99999999999994,101.00000000000001
mb-09845,Na2PtC2,5,52.00000000000001,23.999999999999993
mb-09846,EuZnGe,6,47.00000000000001,37.0
mb-09847,CuHgO2,4,44.0,16.0
mb-09848,MnV3O8,12,9.0,10.0
mb-09849,Na2CuO2,5,66.00000000000001,23.999999999999993
mb-09850,NiSe,4,21.999999999999996,7.999999999999999
mb-09851,Sc2GaC,8,85.99999999999999,50.999999999999986
mb-09852,CrS2,12,46.0,21.0
mb-09853,ThMg3,8,48.99999999999999,11.000000000000002
mb-09854,CsMgF3,5,63.999999999999986,36.0
mb-09855,WN2,12,121.00000000000006,26.0
mb-09856,Zr2Al,6,100.0,40.99999999999999
mb-09857,LiMg6Sn,8,34.0,18.999999999999996
mb-09858,KZrTl2OF5,10,42.00000000000001,13.999999999999998
mb-09859,NpB6,7,150.00000000000003,81.0
mb-09860,Li3FeO4,8,77.99999999999999,58.00000000000001
mb-09861,Ca2SiO4,28,99.0,44.0
mb-09862,WOF4,12,5.000000000000001,3.0
mb-09863,Mn3NiN,5,121.00000000000006,49.99999999999999
mb-09864,TePb,8,37.0,18.999999999999996
mb-09865,SmTh3,4,54.000000000000014,30.999999999999996
mb-09866,Zn(InS2)2,7,32.00000000000001,16.0
mb-09867,ZrTe,4,92.99999999999999,57.00000000000001
mb-09868,SrYMg6,8,30.999999999999996,17.999999999999996
mb-09869,Ca3Mn2O7,12,141.99999999999994,85.99999999999999
mb-09870,LiCoS2,4,70.99999999999999,17.999999999999996
mb-09871,MgAl3,8,61.000000000000014,25.000000000000007
mb-09872,AgAuO3,20,126.00000000000001,56.00000000000001
mb-09873,ScFeO3,10,174.00000000000009,74.00000000000001
mb-09874,CrCuSe2,4,77.0,30.999999999999996
mb-09875,Co3SnC,5,205.99999999999994,76.0
mb-09876,Li2NiO2,5,88.00000000000001,37.99999999999999
mb-09877,TmPt2,6,170.00000000000006,72.00000000000001
mb-09878,La2PdO4,7,138.99999999999997,37.99999999999999
mb-09879,Ba3BiN,5,36.0,26.0
mb-09880,TiNbO4,6,161.99999999999994,30.999999999999996
mb-09881,YTiO3,20,181.00000000000003,75.00000000000001
mb-09882,TiO2,9,154.99999999999997,64.99999999999999
mb-09883,Re,1,362.99999999999994,186.00000000000009
mb-09884,LiMg6Zn,8,30.999999999999996,23.999999999999993
mb-09885,V4O3F5,12,126.99999999999999,55.00000000000001
mb-09886,NaMnO2,4,93.99999999999997,50.999999999999986
mb-09887,La2IrAu,4,95.00000000000001,12.999999999999998
mb-09888,YbH2,3,48.99999999999999,34.0
mb-09889,TiO2,12,93.99999999999997,54.000000000000014
mb-09890,Eu(MnAs)2,5,52.999999999999986,34.0
mb-09891,CeSmO2,4,135.99999999999997,79.99999999999999
mb-09892,MgCu2O3,12,92.99999999999999,52.00000000000001
mb-09893,Ti2FeSe4,7,59.00000000000001,40.99999999999999
mb-09894,VCoO4,12,83.00000000000001,47.99999999999999
mb-09895,Nd2CuIr,4,84.99999999999999,29.0
mb-09896,LiSnS2,4,42.00000000000001,26.0
mb-09897,Ni(AgO)2,5,126.00000000000001,29.0
mb-09898,LiVF4,12,58.00000000000001,30.999999999999996
mb-09899,Pr2ZnIr,4,83.00000000000001,21.999999999999996
mb-09900,ScTc2Mo,4,209.99999999999991,75.00000000000001
mb-09901,LiFeF4,12,48.99999999999999,16.0
mb-09902,Cr3Te4,7,29.999999999999996,16.0
mb-09903,Na4WO4,9,42.00000000000001,22.999999999999996
mb-09904,VMoO5,7,81.0,46.0
mb-09905,HfOs2,12,274.0,91.00000000000001
mb-09906,Na4PtO4,9,55.00000000000001,29.999999999999996
mb-09907,PrCo2B2C,6,175.0,63.999999999999986
mb-09908,Y2MgRu,4,74.00000000000001,21.0
mb-09909,CoCu2SnS4,8,72.00000000000001,27.000000000000004
mb-09910,Nd2IrAu,4,85.99999999999999,26.0
mb-09911,FeSi2,3,182.99999999999991,124.00000000000003
mb-09912,NbFeO4,6,161.99999999999994,47.99999999999999
mb-09913,Nb4CoSi,12,191.00000000000006,96.99999999999999
mb-09914,CrFeCoNi,8,174.00000000000009,103.99999999999997
mb-09915,CaSbF6,8,29.999999999999996,18.999999999999996
mb-09916,WOF4,12,5.000000000000001,3.0
mb-09917,NbCo3,24,199.00000000000009,88.00000000000001
mb-09918,La2AgRu,4,90.00000000000003,11.000000000000002
mb-09919,MnS,4,56.00000000000001,38.99999999999999
mb-09920,Ni3C,8,194.99999999999991,66.00000000000001
mb-09921,K2HfF6,9,52.00000000000001,23.999999999999993
mb-09922,ScAgO3,10,132.00000000000006,47.00000000000001
mb-09923,MnFe3,4,170.00000000000006,84.99999999999999
mb-09924,UAlNi4,6,168.0,66.00000000000001
mb-09925,Sn,1,92.99999999999999,52.00000000000001
mb-09926,LiTcO3,5,223.0,90.00000000000003
mb-09927,NbPSe,6,128.99999999999994,76.0
mb-09928,CoCu2SnSe4,8,64.99999999999999,26.0
mb-09929,Na2UO4,7,70.00000000000001,32.00000000000001
mb-09930,BePO4,6,20.000000000000004,20.000000000000004
mb-09931,Bi,2,47.00000000000001,15.000000000000004
mb-09932,CoCu2GeS4,8,70.00000000000001,32.00000000000001
mb-09933,Li3SbS4,16,38.99999999999999,25.000000000000007
mb-09934,PrPt3,4,154.99999999999997,59.00000000000001
mb-09935,Li4Fe3O8,15,93.99999999999997,40.99999999999999
mb-09936,TiSiPt,3,165.0,68.00000000000001
mb-09937,UBi2,6,56.00000000000001,21.999999999999996
mb-09938,NbO2F,8,135.99999999999997,57.00000000000001
mb-09939,RbCl,2,26.0,12.000000000000002
mb-09940,Fe(CO3)2,9,18.999999999999996,12.000000000000002
mb-09941,TiSiRu,12,191.00000000000006,77.0
mb-09942,CuH,4,108.00000000000004,33.0
mb-09943,Ag2H3IO6,12,88.00000000000001,27.000000000000004
mb-09944,Sm3Cd,8,40.99999999999999,20.000000000000004
mb-09945,LiFeF4,12,55.00000000000001,32.00000000000001
mb-09946,MnCN2,4,96.0,33.0
mb-09947,Fe2As,6,140.00000000000006,44.0
mb-09948,RuRh3,4,242.99999999999997,154.99999999999997
mb-09949,Cr2FeSe4,7,48.99999999999999,33.0
mb-09950,NbNO,6,178.00000000000003,60.0
mb-09951,MnO,4,86.99999999999999,29.999999999999996
mb-09952,NbCrO4,6,165.0,60.0
mb-09953,Li2VF4,7,59.00000000000001,34.0
mb-09954,Sr2Mn3(AsO)2,9,67.0,40.99999999999999
mb-09955,CrFe3,4,183.99999999999997,88.00000000000001
mb-09956,MnCo3,4,70.00000000000001,101.99999999999999
mb-09957,Fe2CuO4,14,158.99999999999994,47.00000000000001
mb-09958,HoTaOs2,4,209.0000000000001,90.00000000000003
mb-09959,Fe3Ni,4,193.99999999999997,75.00000000000001
mb-09960,ZnP4,20,63.0,35.0
mb-09961,FeOF,12,93.99999999999997,44.0
mb-09962,BiRhO3,20,174.00000000000009,57.00000000000001
mb-09963,FeBiO3,5,86.99999999999999,20.000000000000004
mb-09964,LuSnAu,6,77.0,39.99999999999999
mb-09965,Y2O3,40,138.99999999999997,64.99999999999999
mb-09966,Ce3Zn,4,44.0,17.0
mb-09967,VOF2,4,36.0,21.999999999999996
mb-09968,Pb(CO2)2,14,20.000000000000004,11.000000000000002
mb-09969,Si,46,76.0,45.00000000000001
mb-09970,Mn3CuO8,12,39.99999999999999,17.0
mb-09971,HfBe,4,111.00000000000004,64.99999999999999
mb-09972,NiAgSe2,4,72.00000000000001,18.999999999999996
mb-09973,NaCu3O4,8,47.00000000000001,17.999999999999996
mb-09974,Pr2CuIr,4,82.0,23.999999999999993
mb-09975,Tb2Bi2O7,22,132.00000000000006,23.999999999999993
mb-09976,Yb3In,4,23.999999999999993,13.999999999999998
mb-09977,VCuO3,10,138.0,22.999999999999996
mb-09978,K3Hg,4,3.0,1.0
mb-09979,FeHO2,8,66.00000000000001,29.0
mb-09980,Li2Ti3O6,11,107.00000000000001,59.00000000000001
mb-09981,YbGa2,3,33.0,35.0
mb-09982,Li3(FeO3)2,11,79.99999999999999,47.99999999999999
mb-09983,Ti,1,107.00000000000001,29.999999999999996
mb-09984,FeOF,12,135.0,54.000000000000014
mb-09985,SrCoO3,5,134.00000000000003,70.99999999999999
mb-09986,Li2TiMnO4,8,81.0,72.00000000000001
mb-09987,SnBi,8,47.00000000000001,16.0
mb-09988,Al2CuO4,14,184.99999999999997,44.0
mb-09989,Ba2S3,10,32.00000000000001,12.999999999999998
mb-09990,Mg6AlZn,8,34.0,16.0
mb-09991,NdGa3,4,64.99999999999999,35.0
mb-09992,MgTe,2,54.000000000000014,32.00000000000001
mb-09993,CeIr5,6,108.00000000000004,70.00000000000001
mb-09994,ErTe2,6,61.000000000000014,21.999999999999996
mb-09995,Li2CePb,4,170.00000000000006,22.999999999999996
mb-09996,Pr2CuO4,14,127.99999999999999,52.999999999999986
mb-09997,Sr2AgPt,4,40.99999999999999,20.000000000000004
mb-09998,Cr3Pt,8,241.9999999999999,70.00000000000001
mb-09999,Ti2AlO4,14,207.99999999999997,73.0
mb-10000,B4C,70,219.00000000000009,186.00000000000009
mb-10001,CaTiO3,5,175.0,103.99999999999997
mb-10002,TmZr,2,70.00000000000001,39.99999999999999
mb-10003,CdO2,12,102.99999999999996,36.0
mb-10004,MgAl3,8,67.0,16.0
mb-10005,NbPS,6,135.99999999999997,73.0
mb-10006,MgFeO3,10,146.00000000000003,60.0
mb-10007,Li3TaO4,8,99.0,92.00000000000001
mb-10008,NaCo2O3,12,85.99999999999999,29.0
mb-10009,K3Cd,4,2.0,2.0
mb-10010,Ca(InTe2)2,7,20.000000000000004,10.0
mb-10011,CsKICl,4,3.0,4.0
mb-10012,Mg6CdBi,8,26.0,12.000000000000002
mb-10013,Lu2MgTc,4,82.0,28.0
mb-10014,NaAlO2,4,133.0,92.99999999999999
mb-10015,CaO,4,86.99999999999999,35.0
mb-10016,Na3CoO3,28,52.00000000000001,17.0
mb-10017,MnSbRh,3,111.00000000000004,29.999999999999996
mb-10018,LiGaO2,4,112.99999999999994,76.0
mb-10019,EuSi2,3,61.000000000000014,21.999999999999996
mb-10020,CrCo3,4,259.00000000000006,150.00000000000003
mb-10021,MnSbIr,3,132.00000000000006,39.99999999999999
mb-10022,TiO2,12,152.00000000000003,84.99999999999999
mb-10023,Ce2ZnPb,4,63.0,16.0
mb-10024,S,6,1.0,1.0
mb-10025,ErB6,7,175.0,56.00000000000001
mb-10026,Mo3Pt,8,266.00000000000006,84.99999999999999
mb-10027,Al2O3,10,189.99999999999994,126.00000000000001
mb-10028,CaAc3,8,22.999999999999996,13.999999999999998
mb-10029,LiTm2Au,4,68.00000000000001,36.0
mb-10030,NaFeO3,10,64.99999999999999,35.0
mb-10031,NbCoO4,12,149.0,52.00000000000001
mb-10032,ZrFeTe,3,112.99999999999994,76.0
mb-10033,MnCoO4,6,173.00000000000003,82.0
mb-10034,CrCoGe,6,175.0,70.99999999999999
mb-10035,VOF,6,146.00000000000003,76.0
mb-10036,Si2W,9,220.99999999999994,146.99999999999997
mb-10037,TiSnO4,6,165.0,47.00000000000001
mb-10038,VCrO4,12,126.00000000000001,74.00000000000001
mb-10039,CaZn3,8,37.99999999999999,12.999999999999998
mb-10040,HfCu3,4,133.0,22.999999999999996
mb-10041,LiNi4O4F,10,141.99999999999994,86.99999999999999
mb-10042,KTiS2,4,62.0,35.0
mb-10043,TmHfOs2,4,184.99999999999997,86.99999999999999
mb-10044,CrSbO4,6,162.99999999999994,63.0
mb-10045,MgF2,12,102.99999999999996,56.00000000000001
mb-10046,Fe2OF3,6,117.00000000000001,42.99999999999999
mb-10047,LiNpIr2,4,184.99999999999997,30.999999999999996
mb-10048,Bi,2,40.99999999999999,7.999999999999999
mb-10049,BaCO3,10,49.99999999999999,13.999999999999998
mb-10050,Li2CO3,12,76.0,40.99999999999999
mb-10051,LiSbAu,3,55.00000000000001,7.0
mb-10052,NdRhC2,4,136.99999999999997,70.00000000000001
mb-10053,ZrAs,2,116.00000000000003,59.00000000000001
mb-10054,Co(HO)2,5,40.99999999999999,20.000000000000004
mb-10055,KWO3,5,186.00000000000009,119.99999999999996
mb-10056,SnMo3,8,217.00000000000003,101.00000000000001
mb-10057,RbGe2N3,12,128.99999999999994,83.00000000000001
mb-10058,Ca2Fe2O5,18,96.0,37.99999999999999
mb-10059,VCo2Sn,4,175.0,70.00000000000001
mb-10060,Li3NbO4,8,108.00000000000004,91.00000000000001
mb-10061,PrRhC2,4,134.00000000000003,68.99999999999999
mb-10062,Mn(CO3)2,9,21.999999999999996,16.0
mb-10063,CoSnRh2,4,154.0,57.00000000000001
mb-10064,FeOF,12,89.0,39.99999999999999
mb-10065,SrYMg6,8,23.999999999999993,17.0
mb-10066,Ca(MnP)2,5,86.99999999999999,48.99999999999999
mb-10067,Rb2PdC2,5,30.999999999999996,13.999999999999998
mb-10068,Cr,8,249.99999999999994,115.00000000000003
mb-10069,LiInSn,3,56.00000000000001,52.999999999999986
mb-10070,Th3Mg,4,57.00000000000001,27.000000000000004
mb-10071,Na4FeO5,10,45.00000000000001,25.000000000000007
mb-10072,W(BrO)2,10,33.0,16.0
mb-10073,TaAlO4,6,211.9999999999999,121.00000000000006
mb-10074,B2AsP,4,150.99999999999994,140.00000000000006
mb-10075,Rb3Na,4,6.0,2.0
mb-10076,LiLuO2,4,105.00000000000004,50.999999999999986
mb-10077,Cs2PdC2,5,29.0,12.000000000000002
mb-10078,ScO,2,174.00000000000009,96.99999999999999
mb-10079,V3(O2F)2,9,109.00000000000004,50.999999999999986
mb-10080,CeAg,2,57.00000000000001,29.999999999999996
mb-10081,GdB2,3,144.99999999999997,126.00000000000001
mb-10082,ScSnAu,6,82.0,37.0
mb-10083,LaTiO3,5,187.00000000000003,67.0
mb-10084,TaPd3,40,200.00000000000003,76.0
mb-10085,WN2,9,102.99999999999996,26.0
mb-10086,CrSi,8,187.00000000000003,116.00000000000003
mb-10087,VS,8,146.99999999999997,79.99999999999999
mb-10088,Nb4FeSi,12,191.00000000000006,83.99999999999999
mb-10089,LiCuS2,8,44.0,20.000000000000004
mb-10090,Sc2TcHg,4,111.00000000000004,28.0
mb-10091,CeFeO3,20,141.99999999999994,44.0
mb-10092,ZnGeN2,16,149.0,74.00000000000001
mb-10093,NbF4,5,30.999999999999996,28.0
mb-10094,Cs2NaCaCl6,10,20.000000000000004,7.999999999999999
mb-10095,Ti3Hg,4,117.00000000000001,48.99999999999999
mb-10096,HfSnO3,10,26.0,17.0
mb-10097,Nb4N3,7,280.0000000000001,140.00000000000006
mb-10098,Na2VO3,12,92.00000000000001,60.0
mb-10099,BaRuO3,5,146.99999999999997,83.00000000000001
mb-10100,Tc,1,375.99999999999983,162.99999999999994
mb-10101,Zn3(InS3)2,11,52.999999999999986,20.000000000000004
mb-10102,Tm2HgOs,4,111.99999999999997,30.999999999999996
mb-10103,CaTi2O4,28,156.99999999999994,86.99999999999999
mb-10104,KBi2F7,10,49.99999999999999,17.999999999999996
mb-10105,Li(NiS)2,5,68.99999999999999,20.000000000000004
mb-10106,LiFeF4,12,52.00000000000001,29.0
mb-10107,Fe3SnC,5,140.00000000000006,59.00000000000001
mb-10108,CaMg6Zr,8,39.99999999999999,18.999999999999996
mb-10109,La2CuO4,7,144.00000000000003,52.999999999999986
mb-10110,KI,2,49.99999999999999,12.000000000000002
mb-10111,MnSiNi2,4,162.99999999999994,20.000000000000004
mb-10112,HfSb2,6,92.00000000000001,37.0
mb-10113,Bi2O3,5,117.00000000000001,29.999999999999996
mb-10114,LiSn2N3,12,83.99999999999999,48.99999999999999
mb-10115,Sm2O,6,84.99999999999999,42.99999999999999
mb-10116,YbNi2Sn,4,95.00000000000001,47.00000000000001
mb-10117,ZrO2,3,235.0,102.99999999999996
mb-10118,LiTmO2,4,108.00000000000004,44.0
mb-10119,Ta2InC,8,177.00000000000009,101.99999999999999
mb-10120,CrB2,3,252.00000000000006,182.99999999999991
mb-10121,Nb3Al,8,161.99999999999994,17.999999999999996
mb-10122,AlAgS2,4,76.0,28.0
mb-10123,LiVF4,6,55.00000000000001,32.00000000000001
mb-10124,Ti2O3,30,212.99999999999994,86.99999999999999
mb-10125,LiBiS2,4,62.0,36.0
mb-10126,Eu(MnP)2,5,92.00000000000001,52.999999999999986
mb-10127,V5P3N,18,209.99999999999991,92.99999999999999
mb-10128,GdBO3,10,114.00000000000003,28.0
mb-10129,BaCuO2,4,96.99999999999999,54.000000000000014
mb-10130,Pr2IrAu,4,91.00000000000001,22.999999999999996
mb-10131,Ti2RePt,4,209.0000000000001,77.99999999999999
mb-10132,YC2,3,112.99999999999994,39.99999999999999
mb-10133,Ba2Pd2O5,9,96.99999999999999,38.99999999999999
mb-10134,LiVF4,12,30.999999999999996,11.000000000000002
mb-10135,ZrRh,2,165.0,17.999999999999996
mb-10136,Cu2SnSe4,7,30.999999999999996,9.0
mb-10137,Pr2AlNO3,7,160.99999999999994,101.99999999999999
mb-10138,TaO2,6,246.0000000000001,117.00000000000001
mb-10139,AlCrCo2,4,203.00000000000003,92.99999999999999
mb-10140,NaLiO,6,52.999999999999986,36.0
mb-10141,NaCeO2,4,67.0,37.99999999999999
mb-10142,Li2ZrCuO4,8,111.00000000000004,63.999999999999986
mb-10143,PrSbTe,6,57.00000000000001,20.000000000000004
mb-10144,Rb3Na,4,25.000000000000007,5.000000000000001
mb-10145,Nb3Ge,8,171.99999999999991,44.0
mb-10146,Cr3Ru,8,264.0000000000001,96.0
mb-10147,Hf5N5O2,12,240.99999999999997,130.00000000000006
mb-10148,Mg14ZnCu,16,39.99999999999999,18.999999999999996
mb-10149,Hf,1,101.00000000000001,45.00000000000001
mb-10150,Y2O3,5,140.00000000000006,42.00000000000001
mb-10151,Na2FeO3,12,44.0,18.999999999999996
mb-10152,VO2,12,96.99999999999999,54.000000000000014
mb-10153,TiOF,6,37.0,29.0
mb-10154,MnAu,2,116.00000000000003,32.00000000000001
mb-10155,LiV3O5F,10,126.00000000000001,63.0
mb-10156,SmRhC2,4,144.00000000000003,70.99999999999999
mb-10157,Ag3Sb,4,64.99999999999999,17.0
mb-10158,Cd(CO2)2,14,44.0,22.999999999999996
mb-10159,VFeO4,12,131.00000000000006,70.99999999999999
mb-10160,LaAl2Ag3,6,84.99999999999999,23.999999999999993
mb-10161,Li3SbS4,8,11.000000000000002,6.0
mb-10162,Ta4AlC3,16,237.00000000000006,146.00000000000003
mb-10163,Si3As4,7,59.00000000000001,38.99999999999999
mb-10164,Mg2SiO4,14,186.00000000000009,121.00000000000006
mb-10165,Fe2NiSe4,7,72.00000000000001,30.999999999999996
mb-10166,Al2O3,20,189.00000000000006,124.99999999999994
mb-10167,Li2Fe2SiO6,11,99.0,32.00000000000001
mb-10168,Al2B2Ru3,7,230.00000000000009,102.99999999999996
mb-10169,LiBH4,12,6.0,4.0
mb-10170,TlFeS2,8,26.0,9.0
mb-10171,Sm(SiPt)2,5,135.0,35.0
mb-10172,MnNi3O4,8,171.99999999999991,86.99999999999999
mb-10173,LiNi3O3F,8,81.0,89.0
mb-10174,TiCrO4,6,181.00000000000003,60.0
mb-10175,V3O5F,9,118.99999999999996,52.00000000000001
mb-10176,DyHO2,8,134.00000000000003,37.0
mb-10177,HoGeAu,3,83.00000000000001,30.999999999999996
mb-10178,Te2Ir,12,121.00000000000006,47.99999999999999
mb-10179,Sr2CaMoO6,10,98.0,52.999999999999986
mb-10180,LiVF4,6,28.0,21.0
mb-10181,Hf3Bi,4,101.00000000000001,28.0
mb-10182,Mg3Cu,4,46.0,26.0
mb-10183,VZnF4,12,48.99999999999999,23.999999999999993
mb-10184,KBr,2,47.00000000000001,7.0
mb-10185,Li4MnOF5,11,60.0,37.99999999999999
mb-10186,CuWO4,12,86.99999999999999,46.0
mb-10187,MgNi2Sb,4,109.99999999999997,37.0
mb-10188,Lu3Mn3Ga2Si,9,85.99999999999999,55.00000000000001
mb-10189,Hf3N4,7,214.00000000000006,68.00000000000001
mb-10190,Mn3NiO8,12,83.00000000000001,56.00000000000001
mb-10191,Ti2MnO4,14,160.99999999999994,29.0
mb-10192,LiCuO2,4,122.00000000000004,64.99999999999999
mb-10193,FeOF,12,111.99999999999997,42.00000000000001
mb-10194,TiBO3,10,179.00000000000006,74.00000000000001
mb-10195,Mn3Sn2,20,75.00000000000001,55.00000000000001
mb-10196,ScInO3,10,152.00000000000003,60.0
mb-10197,W2C,12,334.00000000000006,167.0
mb-10198,LiCuS2,4,42.00000000000001,17.0
mb-10199,Ti3TeO8,12,6.0,12.999999999999998
mb-10200,MgO,4,111.99999999999997,47.00000000000001
mb-10201,NbS,4,179.99999999999997,96.99999999999999
mb-10202,RbTl3,4,13.999999999999998,13.999999999999998
mb-10203,TiPO4,12,100.0,63.0
mb-10204,LiVF4,12,46.0,16.0
mb-10205,Mn3CuO8,12,84.99999999999999,36.0
mb-10206,Zr(WO4)2,44,92.00000000000001,29.0
mb-10207,TiOF,12,154.99999999999997,66.00000000000001
mb-10208,FeOF,12,103.99999999999997,54.000000000000014
mb-10209,KNaICl,4,15.000000000000004,7.0
mb-10210,Mg7Cu,8,40.99999999999999,23.999999999999993
mb-10211,LiZnO2,8,96.99999999999999,50.999999999999986
mb-10212,ZrNiBi,3,103.99999999999997,37.99999999999999
mb-10213,CeCd,2,10.0,12.000000000000002
mb-10214,MnAu,2,117.00000000000001,29.999999999999996
mb-10215,TiMn3O8,12,42.00000000000001,30.999999999999996
mb-10216,Mn,1,280.0000000000001,131.00000000000006
mb-10217,LuB2Os3,6,259.9999999999999,130.00000000000006
mb-10218,FeOF,12,118.00000000000003,55.00000000000001
mb-10219,Fe2Ge,6,138.0,36.0
mb-10220,Ge2W,3,171.99999999999991,136.99999999999997
mb-10221,LiFeO2,16,144.99999999999997,93.99999999999997
mb-10222,LiYS2,4,66.00000000000001,39.99999999999999
mb-10223,Mn3Al,4,187.00000000000003,77.99999999999999
mb-10224,NbSbRh,3,153.00000000000003,40.99999999999999
mb-10225,MnNbO4,6,152.00000000000003,48.99999999999999
mb-10226,NaAg3,4,47.00000000000001,16.0
mb-10227,CaC2,6,58.00000000000001,23.999999999999993
mb-10228,VOF,12,170.99999999999991,54.000000000000014
mb-10229,Ti2MnAl,4,21.0,54.000000000000014
mb-10230,TiReN3,10,264.0000000000001,117.00000000000001
mb-10231,BN,2,408.00000000000006,374.0000000000001
mb-10232,Tb2B2C3,7,150.99999999999994,59.00000000000001
mb-10233,MnVO4,12,111.99999999999997,64.99999999999999
mb-10234,Nd2AlNO3,7,165.99999999999997,103.99999999999997
mb-10235,Nd(SiPt)2,5,135.0,36.0
mb-10236,Mg7Zr,8,45.00000000000001,12.000000000000002
mb-10237,HoC2,3,112.99999999999994,45.00000000000001
mb-10238,NaMg7,8,21.999999999999996,12.000000000000002
mb-10239,MnSnAu,3,79.99999999999999,20.000000000000004
mb-10240,Al2O3,20,107.00000000000001,58.00000000000001
mb-10241,Cr2As,6,165.0,70.00000000000001
mb-10242,NaZnN,6,67.0,33.0
mb-10243,MgCuO2,8,100.0,67.0
mb-10244,NiPO4,12,76.0,37.99999999999999
mb-10245,VCuO3,5,37.99999999999999,12.000000000000002
mb-10246,FeP2O7,10,75.00000000000001,45.00000000000001
mb-10247,Rb2AlInH6,10,61.000000000000014,22.999999999999996
mb-10248,Fe7C3,20,241.9999999999999,92.00000000000001
mb-10249,CuPO4,12,60.0,40.99999999999999
mb-10250,Li9(CoO4)2,19,70.99999999999999,42.00000000000001
mb-10251,Cr3PdN,5,225.0000000000001,135.0
mb-10252,CrC,2,341.9999999999999,243.9999999999999
mb-10253,TmB6,7,170.00000000000006,47.99999999999999
mb-10254,RuN,2,232.99999999999994,44.0
mb-10255,KO3,4,13.999999999999998,5.000000000000001
mb-10256,TiOF2,8,135.0,70.99999999999999
mb-10257,CdIn2O4,14,131.00000000000006,40.99999999999999
mb-10258,AcEr3,4,37.0,21.0
mb-10259,FeGe2,24,124.99999999999994,68.00000000000001
mb-10260,YTiO3,10,161.99999999999994,63.0
mb-10261,W2C,6,332.9999999999999,168.99999999999997
mb-10262,KCl,2,29.999999999999996,7.999999999999999
mb-10263,LiMn3O5F,10,124.00000000000003,61.000000000000014
mb-10264,Fe4O5F3,12,81.0,54.000000000000014
mb-10265,Cu3Sb,8,95.00000000000001,25.000000000000007
mb-10266,Sr2Si,6,30.999999999999996,12.000000000000002
mb-10267,MnGePd2,4,135.99999999999997,17.999999999999996
mb-10268,Tm2MgTc,4,83.99999999999999,28.0
mb-10269,Mg41Al67,108,56.00000000000001,22.999999999999996
mb-10270,NdSbTe,6,58.00000000000001,23.999999999999993
mb-10271,LaMnO3,5,165.99999999999997,83.99999999999999
mb-10272,LaPt3,4,100.0,44.0
mb-10273,Ba3AsN,5,39.99999999999999,27.000000000000004
mb-10274,GaCo2Ni,4,173.00000000000003,64.99999999999999
mb-10275,FeOF,12,161.99999999999994,72.00000000000001
mb-10276,MnFeO4,12,152.00000000000003,57.00000000000001
mb-10277,NaO3,4,18.999999999999996,15.000000000000004
mb-10278,Al2O3,25,165.99999999999997,74.00000000000001
mb-10279,LiCaMg6,8,25.000000000000007,9.0
mb-10280,LiYb2Pd,4,37.99999999999999,15.000000000000004
mb-10281,LiFeF4,12,45.00000000000001,16.0
mb-10282,SmGe2,6,66.00000000000001,22.999999999999996
mb-10283,P2Rh3,5,210.99999999999997,60.0
mb-10284,ZrBiO4,12,123.00000000000003,52.999999999999986
mb-10285,Mn2Ge,6,140.00000000000006,32.00000000000001
mb-10286,LiMn3(O2F)2,10,117.00000000000001,56.00000000000001
mb-10287,Ba2As,6,23.999999999999993,13.999999999999998
mb-10288,LaNi3Rh2,6,144.00000000000003,52.999999999999986
mb-10289,RbCoN,12,42.99999999999999,21.999999999999996
mb-10290,MnInCu2,4,107.00000000000001,34.0
mb-10291,BaLaMgTaO6,10,141.99999999999994,42.99999999999999
mb-10292,Na2O,9,47.00000000000001,25.000000000000007
mb-10293,Y2Zr2O7,22,132.00000000000006,85.99999999999999
mb-10294,Ca(MnAs)2,5,60.0,34.0
mb-10295,MnCO3,10,99.0,44.0
mb-10296,ZrSiO4,12,222.0000000000001,101.00000000000001
mb-10297,TiCuGe,6,132.00000000000006,70.00000000000001
mb-10298,PbAu3,4,83.99999999999999,7.0
mb-10299,FeOF,9,103.99999999999997,39.99999999999999
mb-10300,SrLiP,3,42.99999999999999,29.999999999999996
mb-10301,Sr2As,6,29.999999999999996,23.999999999999993
mb-10302,V3FeO8,12,7.0,12.000000000000002
mb-10303,V2FeTe4,7,54.000000000000014,35.0
mb-10304,Fe,2,294.0,184.99999999999997
mb-10305,Zn2Ni3O5,10,177.00000000000009,83.00000000000001
mb-10306,BAs,2,127.99999999999999,124.00000000000003
mb-10307,Ca5Mg,6,17.0,5.000000000000001
mb-10308,Na2Ti9O19,30,124.00000000000003,58.00000000000001
mb-10309,TiCu3O4,8,76.0,23.999999999999993
mb-10310,Ni3(PbSe)2,7,55.00000000000001,21.999999999999996
mb-10311,NaRuO3,5,250.99999999999991,86.99999999999999
mb-10312,Th(CrSi)2,5,146.00000000000003,39.99999999999999
mb-10313,Fe4O5F3,12,124.00000000000003,60.0
mb-10314,Li2CrO3,6,121.00000000000006,52.999999999999986
mb-10315,SrAc3,4,21.999999999999996,12.999999999999998
mb-10316,Li2CrNiO4,8,150.00000000000003,81.0
mb-10317,V(MoS2)2,7,95.00000000000001,70.00000000000001
mb-10318,MgSc2Ru,4,91.00000000000001,17.0
mb-10319,Fe3Se4,7,88.00000000000001,50.999999999999986
mb-10320,Mo3Ir,8,288.0000000000001,108.00000000000004
mb-10321,LiZnO2,4,103.99999999999997,47.99999999999999
mb-10322,Nb,1,174.00000000000009,20.000000000000004
mb-10323,Sr2CdWO6,10,107.00000000000001,44.0
mb-10324,USnAu2,4,95.00000000000001,16.0
mb-10325,Y2V2O7,11,124.99999999999994,37.99999999999999
mb-10326,Si,23,78.99999999999999,47.00000000000001
mb-10327,Li3V2O6,11,86.99999999999999,54.000000000000014
mb-10328,BaNiO2,8,77.99999999999999,27.000000000000004
mb-10329,ZrIr2,6,246.0000000000001,124.00000000000003
mb-10330,MgH2,12,61.000000000000014,27.000000000000004
mb-10331,TbRh5,6,188.00000000000009,73.0
mb-10332,LiCoS2,8,77.0,34.0
mb-10333,Be12Pd,13,124.00000000000003,77.99999999999999
mb-10334,Sr2Mn3(SbO)2,9,72.00000000000001,33.0
mb-10335,AlCrO4,6,189.00000000000006,103.99999999999997
mb-10336,Li2NbS3,12,52.999999999999986,28.0
mb-10337,Ti3As,8,126.00000000000001,47.00000000000001
mb-10338,TmNbOs2,4,204.0,88.00000000000001
mb-10339,LiCo3O4,8,141.99999999999994,72.00000000000001
mb-10340,Na2CoO3,12,33.0,17.0
mb-10341,Li4NbO4,9,73.0,37.99999999999999
mb-10342,Sr2ZnCu2(SO)2,9,68.99999999999999,39.99999999999999
mb-10343,Ca3In,4,25.000000000000007,12.999999999999998
mb-10344,Pr2CuO4,7,156.99999999999994,39.99999999999999
mb-10345,Eu2O3,15,106.00000000000004,44.0
mb-10346,Ca2Co2O5,18,109.99999999999997,46.0
mb-10347,Fe2O3F,12,109.99999999999997,63.999999999999986
mb-10348,Nb3O7F,11,189.00000000000006,70.99999999999999
mb-10349,Sr2YReO6,10,126.99999999999999,49.99999999999999
mb-10350,BaThO3,5,111.00000000000004,49.99999999999999
mb-10351,CrGaFe2,4,252.00000000000006,48.99999999999999
mb-10352,TiCu,54,127.99999999999999,44.0
mb-10353,YSnF5,7,49.99999999999999,17.0
mb-10354,Zr4CuP,12,119.99999999999996,47.99999999999999
mb-10355,LiVF4,12,22.999999999999996,10.0
mb-10356,USnPt,3,109.99999999999997,37.0
mb-10357,YAl3O6,20,50.999999999999986,35.0
mb-10358,Na2Sn2O3,14,32.00000000000001,13.999999999999998
mb-10359,MgCl2,3,4.0,3.0
mb-10360,Zn(HO)2,5,46.0,27.000000000000004
mb-10361,Mg2MnN2,10,92.00000000000001,63.0
mb-10362,Ca6Ge2O,9,42.00000000000001,39.99999999999999
mb-10363,RbOsO3,5,174.00000000000009,92.99999999999999
mb-10364,CsTlF3,5,44.0,17.0
mb-10365,FeTe,4,20.000000000000004,12.000000000000002
mb-10366,VS,4,164.00000000000003,122.00000000000004
mb-10367,Ni3SnN,5,102.99999999999996,46.0
mb-10368,LiMnOF2,10,78.99999999999999,47.99999999999999
mb-10369,TiMn2O6,9,42.00000000000001,32.00000000000001
mb-10370,GaCo2Ni,4,179.99999999999997,58.00000000000001
mb-10371,MgZn,12,52.00000000000001,12.000000000000002
mb-10372,Sc3InB,5,78.99999999999999,54.000000000000014
mb-10373,Tl2CS3,12,7.0,4.0
mb-10374,NpAs3,4,39.99999999999999,29.0
mb-10375,V(CrC)2,10,291.00000000000006,118.99999999999996
mb-10376,LaCrO3,5,111.00000000000004,98.0
mb-10377,LiB,8,42.00000000000001,33.0
mb-10378,FeO,8,124.00000000000003,32.00000000000001
mb-10379,FeO,4,140.00000000000006,46.0
mb-10380,Mg6ZnBi,8,36.0,11.000000000000002
mb-10381,CoCu2O3,12,102.99999999999996,37.0
mb-10382,ZrO2,12,109.00000000000004,49.99999999999999
mb-10383,NaRuN,6,92.99999999999999,35.0
mb-10384,FeO,4,124.99999999999994,26.0
mb-10385,Li2O,12,62.0,29.999999999999996
mb-10386,CrWN2,4,261.9999999999999,141.99999999999994
mb-10387,SmSbTe,6,58.00000000000001,28.0
mb-10388,TiCdHg2,4,73.0,28.0
mb-10389,TaO2F,8,182.99999999999991,92.00000000000001
mb-10390,CuAg3,8,91.00000000000001,15.000000000000004
mb-10391,Li2CuS2,5,40.99999999999999,15.000000000000004
mb-10392,TiBe12,13,122.00000000000004,59.00000000000001
mb-10393,Pa3Zn,4,92.00000000000001,29.0
mb-10394,Li3VF6,10,54.000000000000014,33.0
mb-10395,LaTmO2,4,126.99999999999999,91.00000000000001
mb-10396,Na3Mg,4,10.0,5.000000000000001
mb-10397,LaSi2Ru3,6,164.00000000000003,70.00000000000001
mb-10398,BaOsO3,5,168.0,73.0
mb-10399,MgO,12,115.00000000000003,48.99999999999999
mb-10400,FeNiO3,10,162.99999999999994,40.99999999999999
mb-10401,Mn3FeO8,12,83.00000000000001,52.999999999999986
mb-10402,SbIr,4,159.99999999999991,59.00000000000001
mb-10403,Nb3Ga,8,165.0,42.99999999999999
mb-10404,La2MgO4,7,133.0,75.00000000000001
mb-10405,Bi2PdO4,14,37.99999999999999,25.000000000000007
mb-10406,Ga2CoS4,7,44.0,28.0
mb-10407,NaCuO2,8,62.0,20.000000000000004
mb-10408,SrTa2H2O7,12,49.99999999999999,56.00000000000001
mb-10409,ZnBr2,3,7.999999999999999,4.0
mb-10410,Sc2O3,10,140.99999999999991,78.99999999999999
mb-10411,VCu3O4,8,116.00000000000003,7.0
mb-10412,KHCO2,10,18.999999999999996,9.0
mb-10413,FeAs2O7,10,52.00000000000001,32.00000000000001
mb-10414,Na3Ca,4,9.0,4.0
mb-10415,CuAs2,6,86.99999999999999,22.999999999999996
mb-10416,ZrO2,9,126.99999999999999,49.99999999999999
mb-10417,Nd2NiIr,4,103.99999999999997,28.0
mb-10418,NiPb,4,85.99999999999999,37.0
mb-10419,NaFe2O3,6,119.99999999999996,35.0
mb-10420,Li4Fe3O8,15,91.00000000000001,56.00000000000001
mb-10421,TiFeO4,6,146.00000000000003,54.000000000000014
mb-10422,LiCaAs,3,48.99999999999999,21.999999999999996
mb-10423,YbAl3,4,59.00000000000001,54.000000000000014
mb-10424,Mg6CdCu,8,38.99999999999999,23.999999999999993
mb-10425,Ti2H4Pd,7,136.99999999999997,63.999999999999986
mb-10426,Na2LiNF6,10,42.99999999999999,33.0
mb-10427,ZnCo3,4,178.00000000000003,61.000000000000014
mb-10428,Cr(FeSe2)2,7,68.99999999999999,36.0
mb-10429,SnBiO4,6,118.00000000000003,32.00000000000001
mb-10430,Mg6CdCu,8,46.0,29.0
mb-10431,V2NiSe4,7,22.999999999999996,12.000000000000002
mb-10432,DyRh5,6,188.00000000000009,73.0
mb-10433,GdYO2,8,90.00000000000003,47.00000000000001
mb-10434,Li3FeF6,10,52.999999999999986,32.00000000000001
mb-10435,LiFe2O3,6,127.99999999999999,63.999999999999986
mb-10436,VC,2,307.0,204.0
mb-10437,Fe2O3F,6,133.0,61.000000000000014
mb-10438,HfO2,3,248.00000000000009,115.00000000000003
mb-10439,NaTiO3,5,148.00000000000003,60.0
mb-10440,NiHO2,4,45.00000000000001,32.00000000000001
mb-10441,BeNi3,4,63.0,77.99999999999999
mb-10442,Al2O3,20,181.99999999999994,83.00000000000001
mb-10443,CrSb2,6,62.0,32.00000000000001
mb-10444,NiPd3,8,173.00000000000003,39.99999999999999
mb-10445,NaHCO2,10,22.999999999999996,11.000000000000002
mb-10446,KTiO3,5,55.00000000000001,23.999999999999993
mb-10447,RbFeO2,8,72.00000000000001,16.0
mb-10448,Na5Co2S5,12,34.0,13.999999999999998
mb-10449,LuTe2,6,61.000000000000014,21.0
mb-10450,Ho2OsAu,4,114.00000000000003,42.00000000000001
mb-10451,NdSi2Ru3,6,170.00000000000006,68.99999999999999
mb-10452,LiAlO2,48,154.0,123.00000000000003
mb-10453,Li2FeF4,7,27.000000000000004,10.0
mb-10454,NbS,2,179.99999999999997,96.0
mb-10455,Mn3RhN,5,199.00000000000009,74.00000000000001
mb-10456,ScAl3,4,93.99999999999997,63.999999999999986
mb-10457,LiV3O8,12,63.0,35.0
mb-10458,ZrS,2,131.00000000000006,50.999999999999986
mb-10459,Mg6AlBi,8,35.0,10.0
mb-10460,W2C,9,336.00000000000006,165.99999999999997
mb-10461,NiAu3,8,146.00000000000003,21.999999999999996
mb-10462,In2AgSe4,7,21.0,9.0
mb-10463,AlBi,2,37.0,21.999999999999996
mb-10464,NaVF3,5,68.99999999999999,27.000000000000004
mb-10465,NbTlO3,5,177.00000000000009,92.99999999999999
mb-10466,Na2Si3O7,24,100.0,67.0
mb-10467,Al6C3N2,11,165.0,105.00000000000004
mb-10468,ScSiPd2,4,138.99999999999997,15.000000000000004
mb-10469,PuTe,2,75.00000000000001,37.99999999999999
mb-10470,Ba(MnGe)2,5,40.99999999999999,30.999999999999996
mb-10471,BAs,4,131.00000000000006,126.00000000000001
mb-10472,Tm2InOs,4,109.00000000000004,30.999999999999996
mb-10473,LiTi3O4,8,193.99999999999997,88.00000000000001
mb-10474,Li5NiO3F2,11,72.00000000000001,49.99999999999999
mb-10475,Cr(CoO3)2,9,40.99999999999999,22.999999999999996
mb-10476,VCl2O,8,15.000000000000004,10.0
mb-10477,Li2FeO2F,12,95.00000000000001,61.000000000000014
mb-10478,NaLi2N,4,34.0,23.999999999999993
mb-10479,Sc3Sb,4,68.00000000000001,40.99999999999999
mb-10480,KFeO2,8,42.99999999999999,9.0
mb-10481,Al2O3,5,212.99999999999994,109.99999999999997
mb-10482,EuZrO3,5,171.99999999999991,90.00000000000003
mb-10483,MgO,8,115.00000000000003,47.99999999999999
mb-10484,UAl3Pd2,6,122.00000000000004,50.999999999999986
mb-10485,CoTe,4,109.99999999999997,50.999999999999986
mb-10486,Zr(NiP)2,5,177.00000000000009,57.00000000000001
mb-10487,Rb2Zr2O5,9,82.0,38.99999999999999
mb-10488,HfCrO3,20,132.00000000000006,68.99999999999999
mb-10489,P2O3,20,3.0,2.0
mb-10490,ZrCoO3,10,153.00000000000003,48.99999999999999
mb-10491,ZnCuAs,12,75.00000000000001,22.999999999999996
mb-10492,Li2VF4,7,40.99999999999999,21.0
mb-10493,CoTeO4,6,37.99999999999999,25.000000000000007
mb-10494,TlBiTe2,4,29.0,17.0
mb-10495,HfSn,8,101.99999999999999,16.0
mb-10496,AgI,2,32.00000000000001,11.000000000000002
mb-10497,Mg6SnBi,8,34.0,7.999999999999999
mb-10498,LiVF3,10,46.0,7.999999999999999
mb-10499,Mn2SnS4,7,18.999999999999996,35.0
mb-10500,TiFeH2,8,186.00000000000009,74.00000000000001
mb-10501,Sr(MnAs)2,5,54.000000000000014,30.999999999999996
mb-10502,FeBO3,10,158.99999999999994,44.0
mb-10503,V2O3F,12,170.00000000000006,79.99999999999999
mb-10504,Fe3Sn,4,118.99999999999996,59.00000000000001
mb-10505,PrMg2Ag,4,40.99999999999999,15.000000000000004
mb-10506,NaCoO2,8,101.00000000000001,36.0
mb-10507,NaSbO3,20,128.99999999999994,93.99999999999997
mb-10508,TiSbRu,3,140.99999999999991,32.00000000000001
mb-10509,MnN,2,131.00000000000006,121.00000000000006
mb-10510,Pr2NiIr,4,152.00000000000003,27.000000000000004
mb-10511,Ba(FeS2)2,7,40.99999999999999,18.999999999999996
mb-10512,Fe(BW)2,10,318.9999999999999,175.0
mb-10513,Zr2N2O,10,158.99999999999994,68.99999999999999
mb-10514,Lu2O3,5,158.0,46.0
mb-10515,YBPd3,5,192.00000000000003,13.999999999999998
mb-10516,Li2PrSb2,10,38.99999999999999,21.999999999999996
mb-10517,V2CoO6,9,58.00000000000001,23.999999999999993
mb-10518,HgPt3,4,103.99999999999997,21.999999999999996
mb-10519,NdMg2Ag,4,42.99999999999999,13.999999999999998
mb-10520,Li3MnF6,10,25.000000000000007,16.0
mb-10521,Sm2AlNO3,7,168.0,109.00000000000004
mb-10522,Al2O3,20,231.00000000000009,144.99999999999997
mb-10523,MnFe,2,239.99999999999994,160.99999999999994
mb-10524,BN,4,373.00000000000017,383.0000000000001
mb-10525,CuNi3O4,8,164.00000000000003,77.0
mb-10526,CrSb,4,72.00000000000001,47.00000000000001
mb-10527,CoP2O7,10,74.00000000000001,42.99999999999999
mb-10528,NaLiICl,4,21.0,12.999999999999998
mb-10529,NiAu3,4,146.99999999999997,21.0
mb-10530,LiNiS2,8,67.0,33.0
mb-10531,Li2CuS2,10,26.0,11.000000000000002
mb-10532,MnPO4,12,17.0,11.000000000000002
mb-10533,KRbO,6,34.0,7.0
mb-10534,Mg6ZnBi,8,37.0,12.999999999999998
mb-10535,HW,4,280.99999999999994,154.99999999999997
mb-10536,ThSb,2,89.0,30.999999999999996
mb-10537,TiTe,4,86.99999999999999,52.999999999999986
mb-10538,Na2CS3,12,13.999999999999998,6.0
mb-10539,Cu2S,3,96.99999999999999,21.999999999999996
mb-10540,Fe2O3F,12,135.99999999999997,61.000000000000014
mb-10541,Na2CoS2,10,38.99999999999999,17.999999999999996
mb-10542,TaCoSb,3,162.99999999999994,61.000000000000014
mb-10543,PrTe,2,58.00000000000001,36.0
mb-10544,PuO,2,117.00000000000001,48.99999999999999
mb-10545,Mn3VO8,12,42.00000000000001,28.0
mb-10546,TiMn3O8,12,92.00000000000001,61.000000000000014
mb-10547,Mo2S3,10,99.0,61.000000000000014
mb-10548,TiNbN2,8,292.00000000000006,149.0
mb-10549,Mg6GaCu,8,40.99999999999999,21.0
mb-10550,NaMnO2,8,83.99999999999999,52.999999999999986
mb-10551,Ti(MoS2)2,7,109.99999999999997,66.00000000000001
mb-10552,SmYO2,4,96.99999999999999,47.00000000000001
mb-10553,YTlO2,4,103.99999999999997,46.0
mb-10554,Nb5Si3,16,184.99999999999997,63.999999999999986
mb-10555,Hf2N2O,10,173.00000000000003,81.0
mb-10556,LaS2,6,89.0,33.0
mb-10557,Be,1,124.00000000000003,83.99999999999999
mb-10558,Sr3SbP,5,98.0,17.999999999999996
mb-10559,PrAl3,4,67.0,54.000000000000014
mb-10560,CoReO4,6,162.99999999999994,77.0
mb-10561,NaMg6Zn,8,28.0,17.999999999999996
mb-10562,YbAgS2,8,68.00000000000001,22.999999999999996
mb-10563,TiZnO3,10,63.999999999999986,23.999999999999993
mb-10564,CaMnGe,6,42.99999999999999,29.999999999999996
mb-10565,Ni(PS3)2,9,12.000000000000002,7.0
mb-10566,Ag3Ge,4,75.00000000000001,21.0
mb-10567,YRh5,6,178.00000000000003,76.0
mb-10568,KBiO3,5,84.99999999999999,64.99999999999999
mb-10569,Cr2FeS4,14,99.0,23.999999999999993
mb-10570,CoOF,6,101.00000000000001,55.00000000000001
mb-10571,PrSmO2,4,122.00000000000004,73.0
mb-10572,LiMg6Bi,8,34.0,13.999999999999998
mb-10573,Th(SiPt)2,5,158.0,57.00000000000001
mb-10574,RbSbO3,5,89.0,101.99999999999999
mb-10575,AlCoO3,10,77.0,37.99999999999999
mb-10576,GeAs,2,62.0,37.99999999999999
mb-10577,SmMnSbO,8,59.00000000000001,30.999999999999996
mb-10578,NaMg6Al,8,30.999999999999996,10.0
mb-10579,NbAgO3,5,189.99999999999994,78.99999999999999
mb-10580,CeMg3,4,20.000000000000004,10.0
mb-10581,VCl2O,4,29.0,17.999999999999996
mb-10582,LiV2O4,7,70.00000000000001,37.99999999999999
mb-10583,YbTiO3,5,179.00000000000006,109.99999999999997
mb-10584,NiO2,3,45.00000000000001,32.00000000000001
mb-10585,ZnCoO2,4,170.00000000000006,64.99999999999999
mb-10586,Ba(FeS2)2,7,42.00000000000001,18.999999999999996
mb-10587,NaMg6Al,8,33.0,11.000000000000002
mb-10588,Sr(MnP)2,5,77.99999999999999,46.0
mb-10589,Lu3Ga,8,47.00000000000001,25.000000000000007
mb-10590,NbAgO3,20,118.00000000000003,42.00000000000001
mb-10591,SbOF,12,40.99999999999999,21.999999999999996
mb-10592,Ga2FeS4,7,18.999999999999996,12.000000000000002
mb-10593,MgFe2O5,16,122.00000000000004,54.000000000000014
mb-10594,La(BiO2)2,7,68.00000000000001,21.999999999999996
mb-10595,Nb2O5,28,56.00000000000001,23.999999999999993
mb-10596,CsCoN,12,38.99999999999999,15.000000000000004
mb-10597,PrRe2,6,178.00000000000003,10.0
mb-10598,Ni,1,197.0,76.0
mb-10599,CeY3,4,39.99999999999999,20.000000000000004
mb-10600,FeOF,6,132.00000000000006,62.0
mb-10601,SmTlO2,4,77.0,35.0
mb-10602,USbRh,3,112.99999999999994,34.0
mb-10603,Nb3Te,8,167.0,84.99999999999999
mb-10604,YbHgPb,6,36.0,12.000000000000002
mb-10605,Cs2LiNF6,10,2.0,33.0
mb-10606,ErTlO2,4,91.00000000000001,38.99999999999999
mb-10607,Fe3Pd,4,162.99999999999994,22.999999999999996
mb-10608,MnB2,3,259.9999999999999,171.99999999999991
mb-10609,NaCu2O3,12,88.00000000000001,21.999999999999996
mb-10610,CuSiO3,10,27.000000000000004,21.0
mb-10611,P3N5,8,131.00000000000006,112.99999999999994
mb-10612,ZnCu2O3,12,92.00000000000001,34.0
mb-10613,TiO,2,237.00000000000006,170.99999999999991
mb-10614,BiTeBr,3,7.0,5.000000000000001
mb-10615,NbO2,12,165.99999999999997,50.999999999999986
mb-10616,KMnO2,8,57.00000000000001,25.000000000000007
mb-10617,CoOF,12,158.0,42.00000000000001
mb-10618,Si3N4,14,252.00000000000006,149.0
mb-10619,TlHCO2,20,7.999999999999999,4.0
mb-10620,TiNi2Sb,4,170.99999999999991,33.0
mb-10621,Mn3Ga,4,132.00000000000006,47.99999999999999
mb-10622,TiCdO3,10,150.00000000000003,47.99999999999999
mb-10623,Mg3Bi,8,40.99999999999999,7.999999999999999
mb-10624,SnO2,12,100.0,60.0
mb-10625,BiO2,3,138.0,45.00000000000001
mb-10626,Si,4,82.0,46.0
mb-10627,V3Au,4,179.99999999999997,40.99999999999999
mb-10628,MnCu2Sn,4,182.99999999999991,34.0
mb-10629,SrAgO3,5,111.99999999999997,47.00000000000001
mb-10630,HfH3,4,132.00000000000006,95.00000000000001
mb-10631,Mn3AgN,5,140.99999999999991,77.99999999999999
mb-10632,ThGe2,6,83.99999999999999,30.999999999999996
mb-10633,Fe2O3,20,188.00000000000009,89.0
mb-10634,LaBr,4,7.999999999999999,4.0
mb-10635,LiMg6Bi,8,29.999999999999996,16.0
mb-10636,CoAgO2,4,127.99999999999999,26.0
mb-10637,EuZnGe,6,45.00000000000001,26.0
mb-10638,LiRuO2,8,197.0,109.00000000000004
mb-10639,NbVO4,12,164.00000000000003,33.0
mb-10640,LiCoOF2,10,88.00000000000001,46.0
mb-10641,FeRe,2,321.99999999999994,154.0
mb-10642,SrOsO3,5,187.00000000000003,63.0
mb-10643,LaFeO3,5,171.99999999999991,92.99999999999999
mb-10644,HgH2NCl,10,35.0,11.000000000000002
mb-10645,YAlO3,10,201.00000000000009,74.00000000000001
mb-10646,Na2Cl,3,12.999999999999998,7.999999999999999
mb-10647,BiTeI,3,7.0,5.000000000000001
mb-10648,PrYO2,4,122.00000000000004,83.99999999999999
mb-10649,Nb3In,8,153.00000000000003,16.0
mb-10650,TcB,2,294.0,179.00000000000006
mb-10651,Cu(SbO2)2,28,21.0,6.0
mb-10652,Sc2AlC,8,85.99999999999999,55.00000000000001
mb-10653,Li2VO2,5,111.99999999999997,78.99999999999999
mb-10654,SrRhO3,5,101.00000000000001,57.00000000000001
mb-10655,SiPt2,9,186.00000000000009,35.0
mb-10656,Li2VO2F,6,103.99999999999997,74.00000000000001
mb-10657,SmMg2Ag,4,45.00000000000001,13.999999999999998
mb-10658,HoThTc2,4,119.99999999999996,23.999999999999993
mb-10659,KF,2,21.0,16.0
mb-10660,Mn2SiNi,4,204.99999999999994,89.0
mb-10661,NiS,4,135.99999999999997,17.999999999999996
mb-10662,ScTlO2,4,109.00000000000004,35.0
mb-10663,AlPt,2,186.00000000000009,32.00000000000001
mb-10664,KSr3,4,16.0,6.0
mb-10665,Zr3Ag,4,92.00000000000001,13.999999999999998
mb-10666,FeNiN,3,219.00000000000009,83.99999999999999
mb-10667,Nb3Bi,8,158.0,63.999999999999986
mb-10668,Ag3Ge,4,72.00000000000001,12.000000000000002
mb-10669,MgAl,2,49.99999999999999,26.0
mb-10670,Ta2CuO6,9,135.0,78.99999999999999
mb-10671,PrTiO3,5,178.00000000000003,66.00000000000001
mb-10672,Ti3Cu,4,126.99999999999999,15.000000000000004
mb-10673,Rb3Cd,4,13.999999999999998,10.0
mb-10674,Li2CuBiO4,8,98.0,54.000000000000014
mb-10675,AgBiS2,4,63.999999999999986,17.999999999999996
mb-10676,RbNaH2,4,1.0,12.000000000000002
mb-10677,ReO3,8,182.99999999999991,106.00000000000004
mb-10678,Tm2MgIr,4,93.99999999999997,28.0
mb-10679,Ni3Au,8,173.00000000000003,46.0
mb-10680,GaCo2Ni,4,189.00000000000006,58.00000000000001
mb-10681,PbO2,3,281.9999999999999,36.0
mb-10682,ErNbOs2,4,210.99999999999997,85.99999999999999
mb-10683,InNi2,6,135.99999999999997,21.999999999999996
mb-10684,SrMg6Zr,8,27.000000000000004,18.999999999999996
mb-10685,TaTlO3,5,220.99999999999994,103.99999999999997
mb-10686,NaLiO,12,37.99999999999999,18.999999999999996
mb-10687,Sc,4,52.00000000000001,13.999999999999998
mb-10688,Mg6AlSb,8,37.0,12.000000000000002
mb-10689,Li2NdSb2,10,37.0,21.999999999999996
mb-10690,HgPt,4,146.99999999999997,36.0
mb-10691,As,2,79.99999999999999,42.99999999999999
mb-10692,CdTe,6,33.0,16.0
mb-10693,B2S3,10,20.000000000000004,16.0
mb-10694,AlFe2,3,146.99999999999997,44.0
mb-10695,UAl3Ni2,6,132.00000000000006,89.0
mb-10696,Ti3Nb,4,122.00000000000004,25.000000000000007
mb-10697,TeMoWSeS2,12,17.999999999999996,12.999999999999998
mb-10698,RhN2,6,209.0000000000001,115.00000000000003
mb-10699,RhSe,4,135.99999999999997,29.0
mb-10700,CuAsSe2,4,37.99999999999999,12.999999999999998
mb-10701,Mn3NiO4,8,36.0,70.99999999999999
mb-10702,NaPdO2,4,90.00000000000003,45.00000000000001
mb-10703,RhN2,12,212.99999999999994,121.00000000000006
mb-10704,Mg2Mn3O6,11,101.00000000000001,57.00000000000001
mb-10705,HC,16,10.0,5.000000000000001
mb-10706,USiAu,3,101.99999999999999,37.99999999999999
mb-10707,Ti3Sn,4,149.0,55.00000000000001
mb-10708,MgH2,3,60.0,12.999999999999998
mb-10709,InNi,2,126.00000000000001,40.99999999999999
mb-10710,SmTe,2,60.0,37.0
mb-10711,BaMnO3,5,111.00000000000004,74.00000000000001
mb-10712,Mg7Ni,8,37.0,22.999999999999996
mb-10713,YbDy3,4,33.0,17.999999999999996
mb-10714,InFeCo2,4,232.00000000000009,45.00000000000001
mb-10715,Co2C,6,257.00000000000006,109.99999999999997
mb-10716,BaCuO2,16,78.99999999999999,26.0
mb-10717,FeCuS2,8,52.00000000000001,17.999999999999996
mb-10718,Mg6CdNi,8,40.99999999999999,25.000000000000007
mb-10719,Al2O3,40,146.00000000000003,89.0
mb-10720,MgF2,6,49.99999999999999,12.000000000000002
mb-10721,Mg6CdNi,8,40.99999999999999,22.999999999999996
mb-10722,Cu2Se,12,76.0,26.0
mb-10723,C3N4,21,68.00000000000001,52.999999999999986
mb-10724,Al3Fe,8,124.99999999999994,52.999999999999986
mb-10725,Sm2MgIr,4,73.0,17.999999999999996
mb-10726,Ta2N,3,272.0,121.00000000000006
mb-10727,CeMg,2,68.00000000000001,21.0
mb-10728,Ho3Mn3Ga2Si,9,66.00000000000001,44.0
mb-10729,IrO3,4,178.00000000000003,96.99999999999999
mb-10730,Mg6ZnSb,8,28.0,9.0
mb-10731,VCuO2,4,134.00000000000003,67.0
mb-10732,BaRhO3,5,131.00000000000006,54.000000000000014
mb-10733,Be12Ag,13,112.99999999999994,32.00000000000001
mb-10734,LiCuO2,4,105.00000000000004,30.999999999999996
mb-10735,Ca2Mg,6,20.000000000000004,6.0
mb-10736,Mg6ZnCu,8,42.99999999999999,22.999999999999996
mb-10737,TlAs,2,38.99999999999999,17.999999999999996
mb-10738,FeCuS2,8,56.00000000000001,18.999999999999996
mb-10739,Nd2NiO4,7,126.99999999999999,57.00000000000001
mb-10740,YGe2,6,58.00000000000001,26.0
mb-10741,VN,4,352.0000000000001,217.9999999999999
mb-10742,Mg6TiCd,8,40.99999999999999,21.0
mb-10743,TiO,6,207.00000000000003,50.999999999999986
mb-10744,AlSb,16,48.99999999999999,29.999999999999996
mb-10745,ZnBi,16,37.99999999999999,16.0
mb-10746,NaMg3,4,15.000000000000004,10.0
mb-10747,GdTe2ClO5,9,54.000000000000014,21.0
mb-10748,CeMnSbO,8,59.00000000000001,37.0
mb-10749,LiMg6Si,8,40.99999999999999,17.999999999999996
mb-10750,UO3,4,167.0,39.99999999999999
mb-10751,W,8,298.99999999999994,135.99999999999997
mb-10752,Li2VO2F,12,103.99999999999997,76.0
mb-10753,YZr,2,58.00000000000001,37.0
mb-10754,MgSiO3,10,191.00000000000006,118.00000000000003
mb-10755,AlN,4,204.99999999999994,123.00000000000003
mb-10756,RuN2,6,298.00000000000006,156.99999999999994
mb-10757,LiFeS2,4,90.00000000000003,29.999999999999996
mb-10758,VCo,2,207.00000000000003,70.99999999999999
mb-10759,Ta2Al,30,161.99999999999994,54.000000000000014
mb-10760,Ag2O,3,83.99999999999999,22.999999999999996
mb-10761,HoCl2,6,49.99999999999999,20.000000000000004
mb-10762,Ru,1,309.0,186.00000000000009
mb-10763,Li2NdAs2,5,42.99999999999999,17.0
mb-10764,SnPbO3,5,225.0000000000001,100.0
mb-10765,PrCrO3,5,168.0,109.00000000000004
mb-10766,Cs2TlGaH6,10,79.99999999999999,25.000000000000007
mb-10767,Mg6ZrZn,8,47.00000000000001,12.999999999999998
mb-10768,SbPt3,4,201.00000000000009,20.000000000000004
mb-10769,ScI2,6,37.99999999999999,20.000000000000004
mb-10770,Sr3BiAs,5,575.0000000000001,17.0
mb-10771,CaMnO3,5,47.00000000000001,96.99999999999999
mb-10772,TiAu,2,136.99999999999997,38.99999999999999
mb-10773,Mg6ZnNi,8,38.99999999999999,17.999999999999996
mb-10774,K3Sr,4,2.0,2.0
mb-10775,UHg2,3,77.0,37.0
mb-10776,CoS2,3,70.99999999999999,18.999999999999996
mb-10777,TeAs,2,70.99999999999999,13.999999999999998
mb-10778,RbGe3,8,4.0,10.0
mb-10779,SmBr,2,44.0,32.00000000000001
mb-10780,ScTc3,4,214.00000000000006,91.00000000000001
mb-10781,ZrH3,4,130.00000000000006,85.99999999999999
mb-10782,Mg7Ti,8,45.00000000000001,20.000000000000004
mb-10783,TbZr,2,63.999999999999986,32.00000000000001
mb-10784,NdGe3,4,22.999999999999996,21.999999999999996
mb-10785,PrN,2,92.99999999999999,23.999999999999993
mb-10786,Ti3Al,4,109.99999999999997,32.00000000000001
mb-10787,BaO2,3,28.0,17.0
mb-10788,Fe3C,16,179.99999999999997,68.99999999999999
mb-10789,CeO2,6,132.00000000000006,46.0
mb-10790,LaDyRu2,4,102.99999999999996,33.0
mb-10791,ZrTi2O,8,134.00000000000003,70.99999999999999
mb-10792,BaNaSb,3,23.999999999999993,11.000000000000002
mb-10793,Sr2LiPt,4,12.999999999999998,12.000000000000002
mb-10794,MnFeTe,3,85.99999999999999,68.00000000000001
mb-10795,NbCr3,4,167.0,75.00000000000001
mb-10796,AlBiO3,5,191.00000000000006,118.00000000000003
mb-10797,Be12Pt,13,133.0,76.0
mb-10798,Cr3Fe,4,37.99999999999999,83.00000000000001
mb-10799,Dy3Mn3Ga2Si,9,79.99999999999999,40.99999999999999
mb-10800,Ba(MnSb)2,5,34.0,17.999999999999996
mb-10801,AuO2F,8,17.0,9.0
mb-10802,AlCo3,4,187.00000000000003,46.0
mb-10803,Ti3Au,4,90.00000000000003,11.000000000000002
mb-10804,Mg6ZnNi,8,50.999999999999986,25.000000000000007
mb-10805,Zr3Pt,4,136.99999999999997,15.000000000000004
mb-10806,MnCuSb,3,68.99999999999999,29.0
mb-10807,LiMg6Sb,8,37.99999999999999,17.0
mb-10808,Mg6MnCd,8,37.99999999999999,23.999999999999993
mb-10809,Mn2Sb,6,85.99999999999999,26.0
mb-10810,V2CN,8,306.0000000000001,189.00000000000006
mb-10811,Li2FeS2,10,28.0,15.000000000000004
mb-10812,FeCuSe2,16,28.0,13.999999999999998
mb-10813,LiMnP,6,83.99999999999999,38.99999999999999
mb-10814,K3Sr,4,5.000000000000001,5.000000000000001
mb-10815,CeTe,2,9.0,20.000000000000004
mb-10816,MnNiO2,4,186.00000000000009,74.00000000000001
mb-10817,Ni3Au,4,176.00000000000006,57.00000000000001
mb-10818,Mg6MnGa,8,42.00000000000001,20.000000000000004
mb-10819,LiMg6Mn,8,29.0,20.000000000000004
mb-10820,KPtO3,5,158.0,38.99999999999999
mb-10821,Mg6TiBi,8,36.0,17.0
mb-10822,Mg6NiSn,8,37.99999999999999,18.999999999999996
mb-10823,WO3,56,96.0,48.99999999999999
mb-10824,Sr3In,4,68.00000000000001,10.0
mb-10825,Mg6ZrTi,8,47.99999999999999,21.999999999999996
mb-10826,MnAsRh,9,135.99999999999997,37.0
mb-10827,Al2O3,40,138.99999999999997,78.99999999999999
mb-10828,Mg6MnGa,8,37.0,20.000000000000004
mb-10829,NaBeH3,5,63.0,47.99999999999999
mb-10830,PrGe3,4,17.0,21.999999999999996
mb-10831,SmB2,3,135.99999999999997,109.00000000000004
mb-10832,Si2Ru,3,168.0,92.00000000000001
mb-10833,Cu2Se,3,85.99999999999999,7.999999999999999
mb-10834,CuS,2,105.00000000000004,39.99999999999999
mb-10835,Ti2AlCr,4,105.00000000000004,48.99999999999999
mb-10836,Mg6ZrSn,8,63.999999999999986,13.999999999999998
mb-10837,VNiSb,3,126.99999999999999,52.999999999999986
mb-10838,TaCuN2,4,203.00000000000003,63.0
mb-10839,Cu2S,6,101.00000000000001,22.999999999999996
mb-10840,MnPbO3,5,83.99999999999999,66.00000000000001
mb-10841,NaCuO2,4,68.99999999999999,58.00000000000001
mb-10842,CrSe,4,58.00000000000001,21.0
mb-10843,PrMnGe,6,66.00000000000001,32.00000000000001
mb-10844,LaMnGe,6,67.0,28.0
mb-10845,Ca2SiO4,28,86.99999999999999,42.00000000000001
mb-10846,Ca3SbAs,5,32.00000000000001,25.000000000000007
mb-10847,Ti3Ga,4,108.00000000000004,27.000000000000004
mb-10848,HoNbOs2,4,192.00000000000003,83.00000000000001
mb-10849,ReSi2,3,232.99999999999994,121.00000000000006
mb-10850,LiMg6Sb,8,29.999999999999996,18.999999999999996
mb-10851,Sr2Cu3(SO)2,9,58.00000000000001,42.99999999999999
mb-10852,NaZnAs,3,27.000000000000004,21.999999999999996
mb-10853,Ho2CdS4,7,64.99999999999999,30.999999999999996
mb-10854,CaVO3,5,158.99999999999994,74.00000000000001
mb-10855,NpBi,2,52.00000000000001,22.999999999999996
mb-10856,UNiSn,3,109.00000000000004,50.999999999999986
mb-10857,UBi,2,75.00000000000001,20.000000000000004
mb-10858,In2Si2O7,22,228.00000000000009,93.99999999999997
mb-10859,ReO2,6,317.0000000000001,130.00000000000006
mb-10860,BaSO4,6,46.0,18.999999999999996
mb-10861,Mg3Ge,24,22.999999999999996,3.0
mb-10862,TiS,6,127.99999999999999,77.0
mb-10863,Zr3Cu,4,99.0,22.999999999999996
mb-10864,LiZnP,3,66.00000000000001,34.0
mb-10865,NaTeO3,5,134.00000000000003,78.99999999999999
mb-10866,Re3W,4,334.99999999999994,130.00000000000006
mb-10867,TmAg3,4,74.00000000000001,7.0
mb-10868,CdS,2,73.0,34.0
mb-10869,TaO3,16,188.00000000000009,70.00000000000001
mb-10870,TiO,4,228.00000000000009,154.99999999999997
mb-10871,Mg6CdSi,8,40.99999999999999,16.0
mb-10872,KTmI3,10,21.0,7.999999999999999
mb-10873,LaTe,2,50.999999999999986,28.0
mb-10874,InSb,2,59.00000000000001,27.000000000000004
mb-10875,UAs,2,93.99999999999997,29.0
mb-10876,TcN,4,352.0000000000001,175.0
mb-10877,C,2,435.99999999999983,519.9999999999998
mb-10878,Mn2CoSb,4,168.99999999999997,77.99999999999999
mb-10879,MgAgAs,3,66.00000000000001,10.0
mb-10880,NpAs,2,60.0,25.000000000000007
mb-10881,UGa2,3,68.00000000000001,56.00000000000001
mb-10882,NaAs,2,42.99999999999999,25.000000000000007
mb-10883,HfGa4Co,6,78.99999999999999,57.00000000000001
mb-10884,Os,1,408.00000000000006,231.00000000000009
mb-10885,WN,2,375.0,150.99999999999994
mb-10886,Mg6ZnSi,8,44.0,17.0
mb-10887,Ti2AlV,4,118.99999999999996,37.0
mb-10888,Nb3Fe,4,173.00000000000003,54.000000000000014
mb-10889,CaMg3O4,8,96.0,100.0
mb-10890,LiCe2Ru,4,68.00000000000001,5.000000000000001
mb-10891,YMg6Bi,8,37.0,10.0
mb-10892,B13N2,15,242.99999999999997,160.99999999999994
mb-10893,Mg6ZrSb,8,44.0,17.999999999999996
mb-10894,WN,4,291.00000000000006,70.99999999999999
mb-10895,Bi2Te2Se,5,13.999999999999998,10.0
mb-10896,Mg6GaSi,8,47.00000000000001,12.000000000000002
mb-10897,Ta4C3,7,296.0000000000001,130.00000000000006
mb-10898,RbReO3,5,175.0,102.99999999999996
mb-10899,Na5NiSO2,9,44.0,20.000000000000004
mb-10900,Rb3Pb,4,7.0,5.000000000000001
mb-10901,CrCo2Sb,4,171.99999999999991,79.99999999999999
mb-10902,GeSb,2,36.0,23.999999999999993
mb-10903,TiAgHg2,4,77.99999999999999,30.999999999999996
mb-10904,CrSb2,6,84.99999999999999,33.0
mb-10905,Ba3PN,5,38.99999999999999,27.000000000000004
mb-10906,VSb,4,101.99999999999999,50.999999999999986
mb-10907,Mn2CoAs,4,241.9999999999999,76.0
mb-10908,MgScGa,3,59.00000000000001,38.99999999999999
mb-10909,HfO2,12,225.0000000000001,93.99999999999997
mb-10910,TiCdO3,20,148.00000000000003,66.00000000000001
mb-10911,KYbO2,4,61.000000000000014,18.999999999999996
mb-10912,P,24,1.0,1.0
mb-10913,CoSe,4,168.0,38.99999999999999
mb-10914,Pd2O,6,154.99999999999997,2.0
mb-10915,Mg6TiZn,8,44.0,17.999999999999996
mb-10916,C,16,435.99999999999983,521.9999999999999
mb-10917,AlFe2,6,117.00000000000001,60.0
mb-10918,GdO2,6,132.00000000000006,70.99999999999999
mb-10919,Li2PrP2,5,46.0,21.0
mb-10920,Al3V,4,126.00000000000001,56.00000000000001
mb-10921,PbC2(SN)2,14,25.000000000000007,12.000000000000002
mb-10922,CeGeAu,3,86.99999999999999,26.0
mb-10923,EuAsO3,5,115.00000000000003,72.00000000000001
mb-10924,U2W2C3,7,194.99999999999991,101.00000000000001
mb-10925,USbTe,6,64.99999999999999,37.0
mb-10926,DyMn2,6,116.00000000000003,77.99999999999999
mb-10927,LiMnO4,12,39.99999999999999,22.999999999999996
mb-10928,Ti3Ag,4,123.00000000000003,25.000000000000007
mb-10929,Mg5Si6,11,63.0,20.000000000000004
mb-10930,SiMo,2,199.00000000000009,102.99999999999996
mb-10931,ZnO2,12,144.00000000000003,62.0
mb-10932,NaMg6Cu,8,34.0,15.000000000000004
mb-10933,GaAs,16,56.00000000000001,40.99999999999999
mb-10934,Ge,12,52.999999999999986,42.00000000000001
mb-10935,NdCrO3,5,193.00000000000006,109.00000000000004
mb-10936,PtO,4,186.00000000000009,38.99999999999999
mb-10937,CaTa2O6,9,174.00000000000009,109.99999999999997
mb-10938,NaMg6Cu,8,30.999999999999996,11.000000000000002
mb-10939,NpCdPt2,4,63.0,32.00000000000001
mb-10940,KMnSb,6,29.999999999999996,17.0
mb-10941,BaLiSi,3,26.0,17.0
mb-10942,C,8,435.99999999999983,522.9999999999999
mb-10943,Y(BC)2,10,171.99999999999991,111.99999999999997
mb-10944,Ca(BC)2,10,124.99999999999994,82.0
mb-10945,CsNaICl,4,12.000000000000002,6.0
mb-10946,W2C,3,302.99999999999983,159.99999999999991
mb-10947,LiMnAs,3,42.00000000000001,33.0
mb-10948,CdSe,2,59.00000000000001,26.0
mb-10949,Dy(BC)2,10,179.99999999999997,115.00000000000003
mb-10950,Sr2UO4,7,92.00000000000001,39.99999999999999
mb-10951,Mg6ZrAl,8,49.99999999999999,12.999999999999998
mb-10952,AgCNO,8,10.0,3.0
mb-10953,Ca2Zn,6,16.0,5.000000000000001
mb-10954,ErSn2,6,60.0,35.0
mb-10955,TmTc2W,4,192.00000000000003,77.99999999999999
mb-10956,TiFeCoAs,4,146.99999999999997,52.00000000000001
mb-10957,Mg6CdCo,8,45.00000000000001,28.0
mb-10958,Nd3Zr,8,38.99999999999999,20.000000000000004
mb-10959,Pb(ClO2)2,14,12.999999999999998,7.0
mb-10960,RbTeO3,5,103.99999999999997,68.00000000000001
mb-10961,CrNiSb,3,84.99999999999999,49.99999999999999
mb-10962,ZnO,2,171.99999999999991,64.99999999999999
mb-10963,Ca2SnS4,7,47.99999999999999,22.999999999999996
mb-10964,ZrNi2Sb,4,136.99999999999997,37.0
mb-10965,Si3N4,14,293.00000000000006,249.0
mb-10966,BaCoS2,8,58.00000000000001,32.00000000000001
mb-10967,KCoF3,5,58.00000000000001,33.0
mb-10968,Ge,8,50.999999999999986,37.99999999999999
mb-10969,SrIrO3,5,73.0,50.999999999999986
mb-10970,Yb3Ru,4,39.99999999999999,6.0
mb-10971,ZnReO4,6,126.99999999999999,76.0
mb-10972,Ca3P2,5,39.99999999999999,27.000000000000004
mb-10973,InSb,2,49.99999999999999,12.999999999999998
mb-10974,HfMg6Sb,8,54.000000000000014,17.999999999999996
mb-10975,Mg6CdCo,8,39.99999999999999,23.999999999999993
mb-10976,ZrSiPt,3,165.0,66.00000000000001
mb-10977,BaC2,6,39.99999999999999,11.000000000000002
mb-10978,RbPdO3,5,160.99999999999994,60.0
mb-10979,Cr3Ni,4,215.9999999999999,78.99999999999999
mb-10980,RbPtO3,5,66.00000000000001,68.99999999999999
mb-10981,DyAl3,4,70.99999999999999,47.00000000000001
mb-10982,RhI2,6,60.0,26.0
mb-10983,Mg6CoSn,8,52.999999999999986,27.000000000000004
mb-10984,H4N2O3,72,21.999999999999996,10.0
mb-10985,SiSn,2,59.00000000000001,37.99999999999999
mb-10986,Al2Cu,3,90.00000000000003,49.99999999999999
